# Normalized Keypoints for sign: 39분
-1.129546,-0.943462,-0.564297,0.012592,-0.753326,1.442225,0.597822,-0.419653,-0.019162,2.974031,-0.031574,-1.606406,1.502743,-0.680068,-0.347833,0.281512,-1.682144,1.135954,-1.420882,-0.739275,0.299576,-1.621802,0.954572,1.354966,-0.392600,1.696293,0.672643,-2.755835,0.804131,-1.133202,0.391779,0.188955,-1.006877,0.391772,0.188854,0.000390,-1.217516,1.396093,1.690903,-0.310282,0.193004,-1.442688,-0.310282,0.000390,0.000390,-1.558083,-4.958500,2.458958,-0.874588,-1.262015,0.695139,-0.752107,-0.955122,0.585997,-0.865207,-1.151391,1.647700,-0.310282,0.000390,0.000390,-0.309518,0.000390,0.000390,-0.310282,0.000390,0.000390,0.391772,0.188853,0.000390,0.391772,0.188853,0.000390,0.391779,0.188853,0.000390,-2.171469,0.379144,-0.224495,-2.011095,-0.175302,-0.884600,-2.055081,0.130374,-1.128922,-1.943605,-0.031820,1.766787,-1.832163,0.267654,0.898500,-2.347105,1.282154,-0.632766,-2.253828,0.640798,1.129254,-2.120814,1.254102,0.981619,-2.003448,1.185935,-0.105695,-2.110680,0.609063,-0.199836,-2.139400,0.674206,-1.697254,-1.944690,0.637232,0.702798,-2.010105,1.020328,-0.282868,-1.728430,0.750917,-0.035717,-1.733461,-0.070023,-1.285319,-2.022570,0.300266,-1.881777,-1.798634,0.611388,-1.612143,-1.079682,-0.200786,-1.303045,-1.307475,-0.195919,-0.284323,-1.846516,0.074023,-2.450730,-1.490735,-0.267286,-0.777649,1.323425,-0.833528,1.109391,1.368879,-0.646720,0.121795,1.367652,-0.537052,0.726364,1.346650,-0.469353,-0.221339,1.277119,-0.411778,-0.681973,0.720319,-0.763530,-0.405742,0.189496,-0.759716,0.734425,0.104134,-0.738049,0.523661,0.158432,-0.707824,0.176544,0.403491,-0.835457,1.156723,-0.538833,-0.837757,0.740082,-0.566610,-0.853529,-0.753086,-0.561387,-0.854841,0.129933,0.279341,-0.877505,0.859902,0.016991,-0.878824,-0.602929,0.080039,-0.830092,1.139905,0.152027,-0.759184,1.107503,0.191341,-0.896014,0.914446,-0.024600,-0.874980,1.018992,0.031333,-0.817757,0.944492,-0.229452,-0.733093,0.085722,-1.678197,-2.159738,1.365841,-1.422976,-3.006914,0.885906,-1.712307,-2.811225,1.430114,-1.831792,-2.756994,0.500439,-1.969658,-2.742884,-0.385177,-2.395039,-1.925591,1.371902,-2.714687,-1.998347,0.014369,-2.401075,-2.082877,-0.230424,-2.250664,-1.815994,-0.968333,-1.386943,-1.860163,-2.824265,-1.586144,-0.984328,-1.740287,-1.032815,-0.127229,0.452585,-1.606014,-1.495546,-0.455348,-0.989381,-0.195985,-0.731902,-1.641921,0.264116,-0.912638,-1.996471,-0.168030,-1.096270,-2.118975,0.563526,0.191998,-1.500608,-0.548940,0.362589,-1.655826,-2.776476,0.226915,-1.748922,-2.350754,-0.585888,-1.644537,-2.895105,0.076194,-1.787946,-2.607954,0.297081,-1.541251,-2.291184,-0.732039,-1.351610,-2.695733,-0.614316,-1.492475,-2.838582,-0.579683,-1.194439,-1.106370,0.378946,-1.544590,-2.376659,0.711447,-1.581583,-1.875333,0.950144,-1.344074,-2.525104,0.912418,-1.537406,-2.494642,2.284825,-1.958530,-1.707924,3.369615,-1.942651,-2.276747,0.992723,-1.827093,-1.739337,0.040947,-2.109194,-1.667212,0.157265,-2.186113,-2.206440,0.201975,-2.248958,-1.484465,0.331725,-1.434026,-2.515727,1.357719,-1.519566,-1.313103,0.941997,-1.412942,-1.435473,-0.466288,-1.680423,-2.616201,1.621383,-1.763257,-2.662318,-1.905168,-1.474668,-1.933578,-0.628606,-1.251672,-1.229038,-0.797795,-1.670750,-1.283637,0.989930,-1.357526,-1.140169,-1.402534,-1.188710,-2.009974,-0.263841,-1.124867,0.597906,-0.726866,-2.000762,0.117334,1.604154,-1.702769,-2.125434,0.610512,-1.646862,-2.032228,0.600873,-2.158379,-2.266374,0.365337,-2.110966,-1.519949,0.138682,-2.042895,-1.753421,0.544389,-1.574875,-1.311339,-2.720067,-1.802365,-0.430446,3.141452,-1.600028,-1.109519,-1.073275,-2.054096,-1.517832,-0.292250,-2.233231,-1.832053,0.200001,-2.050439,-1.713573,1.519853,-1.563786,-1.823818,0.041100,-1.724171,-1.887143,1.897999,-2.188321,-1.977929,0.126553,-2.088609,-2.212660,0.581175,-2.073196,-2.091614,1.968660,-2.304172,0.384304,0.474268,-2.070875,-2.075687,0.291161,-2.131998,-1.505995,-1.347229,-2.068710,-1.411021,-0.429932,-1.466731,-0.843002,-0.526867,-1.269939,-0.696631,1.484575
-1.129546,-0.943462,-0.564297,0.012592,-0.753326,1.442225,0.597822,-0.419653,-0.019162,2.974031,-0.031574,-1.606406,1.502743,-0.680068,-0.347833,0.281512,-1.682144,1.135954,-1.420882,-0.739275,0.299576,-1.621802,0.954572,1.354966,-0.392600,1.696293,0.672643,-2.755835,0.804131,-1.133202,0.391779,0.188955,-1.006877,0.391772,0.188854,0.000390,-1.217516,1.396093,1.690903,-0.310282,0.193004,-1.442688,-0.310282,0.000390,0.000390,-1.558083,-4.958500,2.458958,-0.874588,-1.262015,0.695139,-0.752107,-0.955122,0.585997,-0.865207,-1.151391,1.647700,-0.310282,0.000390,0.000390,-0.309518,0.000390,0.000390,-0.310282,0.000390,0.000390,0.391772,0.188853,0.000390,0.391772,0.188853,0.000390,0.391779,0.188853,0.000390,-2.171469,0.379144,-0.224495,-2.011095,-0.175302,-0.884600,-2.055081,0.130374,-1.128922,-1.943605,-0.031820,1.766787,-1.832163,0.267654,0.898500,-2.347105,1.282154,-0.632766,-2.253828,0.640798,1.129254,-2.120814,1.254102,0.981619,-2.003448,1.185935,-0.105695,-2.110680,0.609063,-0.199836,-2.139400,0.674206,-1.697254,-1.944690,0.637232,0.702798,-2.010105,1.020328,-0.282868,-1.728430,0.750917,-0.035717,-1.733461,-0.070023,-1.285319,-2.022570,0.300266,-1.881777,-1.798634,0.611388,-1.612143,-1.079682,-0.200786,-1.303045,-1.307475,-0.195919,-0.284323,-1.846516,0.074023,-2.450730,-1.490735,-0.267286,-0.777649,1.323425,-0.833528,1.109391,1.368879,-0.646720,0.121795,1.367652,-0.537052,0.726364,1.346650,-0.469353,-0.221339,1.277119,-0.411778,-0.681973,0.720319,-0.763530,-0.405742,0.189496,-0.759716,0.734425,0.104134,-0.738049,0.523661,0.158432,-0.707824,0.176544,0.403491,-0.835457,1.156723,-0.538833,-0.837757,0.740082,-0.566610,-0.853529,-0.753086,-0.561387,-0.854841,0.129933,0.279341,-0.877505,0.859902,0.016991,-0.878824,-0.602929,0.080039,-0.830092,1.139905,0.152027,-0.759184,1.107503,0.191341,-0.896014,0.914446,-0.024600,-0.874980,1.018992,0.031333,-0.817757,0.944492,-0.229452,-0.733093,0.085722,-1.678197,-2.159738,1.365841,-1.422976,-3.006914,0.885906,-1.712307,-2.811225,1.430114,-1.831792,-2.756994,0.500439,-1.969658,-2.742884,-0.385177,-2.395039,-1.925591,1.371902,-2.714687,-1.998347,0.014369,-2.401075,-2.082877,-0.230424,-2.250664,-1.815994,-0.968333,-1.386943,-1.860163,-2.824265,-1.586144,-0.984328,-1.740287,-1.032815,-0.127229,0.452585,-1.606014,-1.495546,-0.455348,-0.989381,-0.195985,-0.731902,-1.641921,0.264116,-0.912638,-1.996471,-0.168030,-1.096270,-2.118975,0.563526,0.191998,-1.500608,-0.548940,0.362589,-1.655826,-2.776476,0.226915,-1.748922,-2.350754,-0.585888,-1.644537,-2.895105,0.076194,-1.787946,-2.607954,0.297081,-1.541251,-2.291184,-0.732039,-1.351610,-2.695733,-0.614316,-1.492475,-2.838582,-0.579683,-1.194439,-1.106370,0.378946,-1.544590,-2.376659,0.711447,-1.581583,-1.875333,0.950144,-1.344074,-2.525104,0.912418,-1.537406,-2.494642,2.284825,-1.958530,-1.707924,3.369615,-1.942651,-2.276747,0.992723,-1.827093,-1.739337,0.040947,-2.109194,-1.667212,0.157265,-2.186113,-2.206440,0.201975,-2.248958,-1.484465,0.331725,-1.434026,-2.515727,1.357719,-1.519566,-1.313103,0.941997,-1.412942,-1.435473,-0.466288,-1.680423,-2.616201,1.621383,-1.763257,-2.662318,-1.905168,-1.474668,-1.933578,-0.628606,-1.251672,-1.229038,-0.797795,-1.670750,-1.283637,0.989930,-1.357526,-1.140169,-1.402534,-1.188710,-2.009974,-0.263841,-1.124867,0.597906,-0.726866,-2.000762,0.117334,1.604154,-1.702769,-2.125434,0.610512,-1.646862,-2.032228,0.600873,-2.158379,-2.266374,0.365337,-2.110966,-1.519949,0.138682,-2.042895,-1.753421,0.544389,-1.574875,-1.311339,-2.720067,-1.802365,-0.430446,3.141452,-1.600028,-1.109519,-1.073275,-2.054096,-1.517832,-0.292250,-2.233231,-1.832053,0.200001,-2.050439,-1.713573,1.519853,-1.563786,-1.823818,0.041100,-1.724171,-1.887143,1.897999,-2.188321,-1.977929,0.126553,-2.088609,-2.212660,0.581175,-2.073196,-2.091614,1.968660,-2.304172,0.384304,0.474268,-2.070875,-2.075687,0.291161,-2.131998,-1.505995,-1.347229,-2.068710,-1.411021,-0.429932,-1.466731,-0.843002,-0.526867,-1.269939,-0.696631,1.484575
-1.129546,-0.943462,-0.564297,0.012592,-0.753326,1.442225,0.597822,-0.419653,-0.019162,2.974031,-0.031574,-1.606406,1.502743,-0.680068,-0.347833,0.281512,-1.682144,1.135954,-1.420882,-0.739275,0.299576,-1.621802,0.954572,1.354966,-0.392600,1.696293,0.672643,-2.755835,0.804131,-1.133202,0.391779,0.188955,-1.006877,0.391772,0.188854,0.000390,-1.217516,1.396093,1.690903,-0.310282,0.193004,-1.442688,-0.310282,0.000390,0.000390,-1.558083,-4.958500,2.458958,-0.874588,-1.262015,0.695139,-0.752107,-0.955122,0.585997,-0.865207,-1.151391,1.647700,-0.310282,0.000390,0.000390,-0.309518,0.000390,0.000390,-0.310282,0.000390,0.000390,0.391772,0.188853,0.000390,0.391772,0.188853,0.000390,0.391779,0.188853,0.000390,-2.171469,0.379144,-0.224495,-2.011095,-0.175302,-0.884600,-2.055081,0.130374,-1.128922,-1.943605,-0.031820,1.766787,-1.832163,0.267654,0.898500,-2.347105,1.282154,-0.632766,-2.253828,0.640798,1.129254,-2.120814,1.254102,0.981619,-2.003448,1.185935,-0.105695,-2.110680,0.609063,-0.199836,-2.139400,0.674206,-1.697254,-1.944690,0.637232,0.702798,-2.010105,1.020328,-0.282868,-1.728430,0.750917,-0.035717,-1.733461,-0.070023,-1.285319,-2.022570,0.300266,-1.881777,-1.798634,0.611388,-1.612143,-1.079682,-0.200786,-1.303045,-1.307475,-0.195919,-0.284323,-1.846516,0.074023,-2.450730,-1.490735,-0.267286,-0.777649,1.323425,-0.833528,1.109391,1.368879,-0.646720,0.121795,1.367652,-0.537052,0.726364,1.346650,-0.469353,-0.221339,1.277119,-0.411778,-0.681973,0.720319,-0.763530,-0.405742,0.189496,-0.759716,0.734425,0.104134,-0.738049,0.523661,0.158432,-0.707824,0.176544,0.403491,-0.835457,1.156723,-0.538833,-0.837757,0.740082,-0.566610,-0.853529,-0.753086,-0.561387,-0.854841,0.129933,0.279341,-0.877505,0.859902,0.016991,-0.878824,-0.602929,0.080039,-0.830092,1.139905,0.152027,-0.759184,1.107503,0.191341,-0.896014,0.914446,-0.024600,-0.874980,1.018992,0.031333,-0.817757,0.944492,-0.229452,-0.733093,0.085722,-1.678197,-2.159738,1.365841,-1.422976,-3.006914,0.885906,-1.712307,-2.811225,1.430114,-1.831792,-2.756994,0.500439,-1.969658,-2.742884,-0.385177,-2.395039,-1.925591,1.371902,-2.714687,-1.998347,0.014369,-2.401075,-2.082877,-0.230424,-2.250664,-1.815994,-0.968333,-1.386943,-1.860163,-2.824265,-1.586144,-0.984328,-1.740287,-1.032815,-0.127229,0.452585,-1.606014,-1.495546,-0.455348,-0.989381,-0.195985,-0.731902,-1.641921,0.264116,-0.912638,-1.996471,-0.168030,-1.096270,-2.118975,0.563526,0.191998,-1.500608,-0.548940,0.362589,-1.655826,-2.776476,0.226915,-1.748922,-2.350754,-0.585888,-1.644537,-2.895105,0.076194,-1.787946,-2.607954,0.297081,-1.541251,-2.291184,-0.732039,-1.351610,-2.695733,-0.614316,-1.492475,-2.838582,-0.579683,-1.194439,-1.106370,0.378946,-1.544590,-2.376659,0.711447,-1.581583,-1.875333,0.950144,-1.344074,-2.525104,0.912418,-1.537406,-2.494642,2.284825,-1.958530,-1.707924,3.369615,-1.942651,-2.276747,0.992723,-1.827093,-1.739337,0.040947,-2.109194,-1.667212,0.157265,-2.186113,-2.206440,0.201975,-2.248958,-1.484465,0.331725,-1.434026,-2.515727,1.357719,-1.519566,-1.313103,0.941997,-1.412942,-1.435473,-0.466288,-1.680423,-2.616201,1.621383,-1.763257,-2.662318,-1.905168,-1.474668,-1.933578,-0.628606,-1.251672,-1.229038,-0.797795,-1.670750,-1.283637,0.989930,-1.357526,-1.140169,-1.402534,-1.188710,-2.009974,-0.263841,-1.124867,0.597906,-0.726866,-2.000762,0.117334,1.604154,-1.702769,-2.125434,0.610512,-1.646862,-2.032228,0.600873,-2.158379,-2.266374,0.365337,-2.110966,-1.519949,0.138682,-2.042895,-1.753421,0.544389,-1.574875,-1.311339,-2.720067,-1.802365,-0.430446,3.141452,-1.600028,-1.109519,-1.073275,-2.054096,-1.517832,-0.292250,-2.233231,-1.832053,0.200001,-2.050439,-1.713573,1.519853,-1.563786,-1.823818,0.041100,-1.724171,-1.887143,1.897999,-2.188321,-1.977929,0.126553,-2.088609,-2.212660,0.581175,-2.073196,-2.091614,1.968660,-2.304172,0.384304,0.474268,-2.070875,-2.075687,0.291161,-2.131998,-1.505995,-1.347229,-2.068710,-1.411021,-0.429932,-1.466731,-0.843002,-0.526867,-1.269939,-0.696631,1.484575
-1.129546,-0.943462,-0.564297,0.012592,-0.753326,1.442225,0.597822,-0.419653,-0.019162,2.974031,-0.031574,-1.606406,1.502743,-0.680068,-0.347833,0.281512,-1.682144,1.135954,-1.420882,-0.739275,0.299576,-1.621802,0.954572,1.354966,-0.392600,1.696293,0.672643,-2.755835,0.804131,-1.133202,0.391779,0.188955,-1.006877,0.391772,0.188854,0.000390,-1.217516,1.396093,1.690903,-0.310282,0.193004,-1.442688,-0.310282,0.000390,0.000390,-1.558083,-4.958500,2.458958,-0.874588,-1.262015,0.695139,-0.752107,-0.955122,0.585997,-0.865207,-1.151391,1.647700,-0.310282,0.000390,0.000390,-0.309518,0.000390,0.000390,-0.310282,0.000390,0.000390,0.391772,0.188853,0.000390,0.391772,0.188853,0.000390,0.391779,0.188853,0.000390,-2.171469,0.379144,-0.224495,-2.011095,-0.175302,-0.884600,-2.055081,0.130374,-1.128922,-1.943605,-0.031820,1.766787,-1.832163,0.267654,0.898500,-2.347105,1.282154,-0.632766,-2.253828,0.640798,1.129254,-2.120814,1.254102,0.981619,-2.003448,1.185935,-0.105695,-2.110680,0.609063,-0.199836,-2.139400,0.674206,-1.697254,-1.944690,0.637232,0.702798,-2.010105,1.020328,-0.282868,-1.728430,0.750917,-0.035717,-1.733461,-0.070023,-1.285319,-2.022570,0.300266,-1.881777,-1.798634,0.611388,-1.612143,-1.079682,-0.200786,-1.303045,-1.307475,-0.195919,-0.284323,-1.846516,0.074023,-2.450730,-1.490735,-0.267286,-0.777649,1.323425,-0.833528,1.109391,1.368879,-0.646720,0.121795,1.367652,-0.537052,0.726364,1.346650,-0.469353,-0.221339,1.277119,-0.411778,-0.681973,0.720319,-0.763530,-0.405742,0.189496,-0.759716,0.734425,0.104134,-0.738049,0.523661,0.158432,-0.707824,0.176544,0.403491,-0.835457,1.156723,-0.538833,-0.837757,0.740082,-0.566610,-0.853529,-0.753086,-0.561387,-0.854841,0.129933,0.279341,-0.877505,0.859902,0.016991,-0.878824,-0.602929,0.080039,-0.830092,1.139905,0.152027,-0.759184,1.107503,0.191341,-0.896014,0.914446,-0.024600,-0.874980,1.018992,0.031333,-0.817757,0.944492,-0.229452,-0.733093,0.085722,-1.678197,-2.159738,1.365841,-1.422976,-3.006914,0.885906,-1.712307,-2.811225,1.430114,-1.831792,-2.756994,0.500439,-1.969658,-2.742884,-0.385177,-2.395039,-1.925591,1.371902,-2.714687,-1.998347,0.014369,-2.401075,-2.082877,-0.230424,-2.250664,-1.815994,-0.968333,-1.386943,-1.860163,-2.824265,-1.586144,-0.984328,-1.740287,-1.032815,-0.127229,0.452585,-1.606014,-1.495546,-0.455348,-0.989381,-0.195985,-0.731902,-1.641921,0.264116,-0.912638,-1.996471,-0.168030,-1.096270,-2.118975,0.563526,0.191998,-1.500608,-0.548940,0.362589,-1.655826,-2.776476,0.226915,-1.748922,-2.350754,-0.585888,-1.644537,-2.895105,0.076194,-1.787946,-2.607954,0.297081,-1.541251,-2.291184,-0.732039,-1.351610,-2.695733,-0.614316,-1.492475,-2.838582,-0.579683,-1.194439,-1.106370,0.378946,-1.544590,-2.376659,0.711447,-1.581583,-1.875333,0.950144,-1.344074,-2.525104,0.912418,-1.537406,-2.494642,2.284825,-1.958530,-1.707924,3.369615,-1.942651,-2.276747,0.992723,-1.827093,-1.739337,0.040947,-2.109194,-1.667212,0.157265,-2.186113,-2.206440,0.201975,-2.248958,-1.484465,0.331725,-1.434026,-2.515727,1.357719,-1.519566,-1.313103,0.941997,-1.412942,-1.435473,-0.466288,-1.680423,-2.616201,1.621383,-1.763257,-2.662318,-1.905168,-1.474668,-1.933578,-0.628606,-1.251672,-1.229038,-0.797795,-1.670750,-1.283637,0.989930,-1.357526,-1.140169,-1.402534,-1.188710,-2.009974,-0.263841,-1.124867,0.597906,-0.726866,-2.000762,0.117334,1.604154,-1.702769,-2.125434,0.610512,-1.646862,-2.032228,0.600873,-2.158379,-2.266374,0.365337,-2.110966,-1.519949,0.138682,-2.042895,-1.753421,0.544389,-1.574875,-1.311339,-2.720067,-1.802365,-0.430446,3.141452,-1.600028,-1.109519,-1.073275,-2.054096,-1.517832,-0.292250,-2.233231,-1.832053,0.200001,-2.050439,-1.713573,1.519853,-1.563786,-1.823818,0.041100,-1.724171,-1.887143,1.897999,-2.188321,-1.977929,0.126553,-2.088609,-2.212660,0.581175,-2.073196,-2.091614,1.968660,-2.304172,0.384304,0.474268,-2.070875,-2.075687,0.291161,-2.131998,-1.505995,-1.347229,-2.068710,-1.411021,-0.429932,-1.466731,-0.843002,-0.526867,-1.269939,-0.696631,1.484575
-1.129546,-0.943462,-0.564297,0.012592,-0.753326,1.442225,0.597822,-0.419653,-0.019162,2.974031,-0.031574,-1.606406,1.502743,-0.680068,-0.347833,0.281512,-1.682144,1.135954,-1.420882,-0.739275,0.299576,-1.621802,0.954572,1.354966,-0.392600,1.696293,0.672643,-2.755835,0.804131,-1.133202,0.391779,0.188955,-1.006877,0.391772,0.188854,0.000390,-1.217516,1.396093,1.690903,-0.310282,0.193004,-1.442688,-0.310282,0.000390,0.000390,-1.558083,-4.958500,2.458958,-0.874588,-1.262015,0.695139,-0.752107,-0.955122,0.585997,-0.865207,-1.151391,1.647700,-0.310282,0.000390,0.000390,-0.309518,0.000390,0.000390,-0.310282,0.000390,0.000390,0.391772,0.188853,0.000390,0.391772,0.188853,0.000390,0.391779,0.188853,0.000390,-2.171469,0.379144,-0.224495,-2.011095,-0.175302,-0.884600,-2.055081,0.130374,-1.128922,-1.943605,-0.031820,1.766787,-1.832163,0.267654,0.898500,-2.347105,1.282154,-0.632766,-2.253828,0.640798,1.129254,-2.120814,1.254102,0.981619,-2.003448,1.185935,-0.105695,-2.110680,0.609063,-0.199836,-2.139400,0.674206,-1.697254,-1.944690,0.637232,0.702798,-2.010105,1.020328,-0.282868,-1.728430,0.750917,-0.035717,-1.733461,-0.070023,-1.285319,-2.022570,0.300266,-1.881777,-1.798634,0.611388,-1.612143,-1.079682,-0.200786,-1.303045,-1.307475,-0.195919,-0.284323,-1.846516,0.074023,-2.450730,-1.490735,-0.267286,-0.777649,1.323425,-0.833528,1.109391,1.368879,-0.646720,0.121795,1.367652,-0.537052,0.726364,1.346650,-0.469353,-0.221339,1.277119,-0.411778,-0.681973,0.720319,-0.763530,-0.405742,0.189496,-0.759716,0.734425,0.104134,-0.738049,0.523661,0.158432,-0.707824,0.176544,0.403491,-0.835457,1.156723,-0.538833,-0.837757,0.740082,-0.566610,-0.853529,-0.753086,-0.561387,-0.854841,0.129933,0.279341,-0.877505,0.859902,0.016991,-0.878824,-0.602929,0.080039,-0.830092,1.139905,0.152027,-0.759184,1.107503,0.191341,-0.896014,0.914446,-0.024600,-0.874980,1.018992,0.031333,-0.817757,0.944492,-0.229452,-0.733093,0.085722,-1.678197,-2.159738,1.365841,-1.422976,-3.006914,0.885906,-1.712307,-2.811225,1.430114,-1.831792,-2.756994,0.500439,-1.969658,-2.742884,-0.385177,-2.395039,-1.925591,1.371902,-2.714687,-1.998347,0.014369,-2.401075,-2.082877,-0.230424,-2.250664,-1.815994,-0.968333,-1.386943,-1.860163,-2.824265,-1.586144,-0.984328,-1.740287,-1.032815,-0.127229,0.452585,-1.606014,-1.495546,-0.455348,-0.989381,-0.195985,-0.731902,-1.641921,0.264116,-0.912638,-1.996471,-0.168030,-1.096270,-2.118975,0.563526,0.191998,-1.500608,-0.548940,0.362589,-1.655826,-2.776476,0.226915,-1.748922,-2.350754,-0.585888,-1.644537,-2.895105,0.076194,-1.787946,-2.607954,0.297081,-1.541251,-2.291184,-0.732039,-1.351610,-2.695733,-0.614316,-1.492475,-2.838582,-0.579683,-1.194439,-1.106370,0.378946,-1.544590,-2.376659,0.711447,-1.581583,-1.875333,0.950144,-1.344074,-2.525104,0.912418,-1.537406,-2.494642,2.284825,-1.958530,-1.707924,3.369615,-1.942651,-2.276747,0.992723,-1.827093,-1.739337,0.040947,-2.109194,-1.667212,0.157265,-2.186113,-2.206440,0.201975,-2.248958,-1.484465,0.331725,-1.434026,-2.515727,1.357719,-1.519566,-1.313103,0.941997,-1.412942,-1.435473,-0.466288,-1.680423,-2.616201,1.621383,-1.763257,-2.662318,-1.905168,-1.474668,-1.933578,-0.628606,-1.251672,-1.229038,-0.797795,-1.670750,-1.283637,0.989930,-1.357526,-1.140169,-1.402534,-1.188710,-2.009974,-0.263841,-1.124867,0.597906,-0.726866,-2.000762,0.117334,1.604154,-1.702769,-2.125434,0.610512,-1.646862,-2.032228,0.600873,-2.158379,-2.266374,0.365337,-2.110966,-1.519949,0.138682,-2.042895,-1.753421,0.544389,-1.574875,-1.311339,-2.720067,-1.802365,-0.430446,3.141452,-1.600028,-1.109519,-1.073275,-2.054096,-1.517832,-0.292250,-2.233231,-1.832053,0.200001,-2.050439,-1.713573,1.519853,-1.563786,-1.823818,0.041100,-1.724171,-1.887143,1.897999,-2.188321,-1.977929,0.126553,-2.088609,-2.212660,0.581175,-2.073196,-2.091614,1.968660,-2.304172,0.384304,0.474268,-2.070875,-2.075687,0.291161,-2.131998,-1.505995,-1.347229,-2.068710,-1.411021,-0.429932,-1.466731,-0.843002,-0.526867,-1.269939,-0.696631,1.484575
-1.129546,-0.943462,-0.564297,0.012592,-0.753326,1.442225,0.597822,-0.419653,-0.019162,2.974031,-0.031574,-1.606406,1.502743,-0.680068,-0.347833,0.281512,-1.682144,1.135954,-1.420882,-0.739275,0.299576,-1.621802,0.954572,1.354966,-0.392600,1.696293,0.672643,-2.755835,0.804131,-1.133202,0.391779,0.188955,-1.006877,0.391772,0.188854,0.000390,-1.217516,1.396093,1.690903,-0.310282,0.193004,-1.442688,-0.310282,0.000390,0.000390,-1.558083,-4.958500,2.458958,-0.874588,-1.262015,0.695139,-0.752107,-0.955122,0.585997,-0.865207,-1.151391,1.647700,-0.310282,0.000390,0.000390,-0.309518,0.000390,0.000390,-0.310282,0.000390,0.000390,0.391772,0.188853,0.000390,0.391772,0.188853,0.000390,0.391779,0.188853,0.000390,-2.171469,0.379144,-0.224495,-2.011095,-0.175302,-0.884600,-2.055081,0.130374,-1.128922,-1.943605,-0.031820,1.766787,-1.832163,0.267654,0.898500,-2.347105,1.282154,-0.632766,-2.253828,0.640798,1.129254,-2.120814,1.254102,0.981619,-2.003448,1.185935,-0.105695,-2.110680,0.609063,-0.199836,-2.139400,0.674206,-1.697254,-1.944690,0.637232,0.702798,-2.010105,1.020328,-0.282868,-1.728430,0.750917,-0.035717,-1.733461,-0.070023,-1.285319,-2.022570,0.300266,-1.881777,-1.798634,0.611388,-1.612143,-1.079682,-0.200786,-1.303045,-1.307475,-0.195919,-0.284323,-1.846516,0.074023,-2.450730,-1.490735,-0.267286,-0.777649,1.323425,-0.833528,1.109391,1.368879,-0.646720,0.121795,1.367652,-0.537052,0.726364,1.346650,-0.469353,-0.221339,1.277119,-0.411778,-0.681973,0.720319,-0.763530,-0.405742,0.189496,-0.759716,0.734425,0.104134,-0.738049,0.523661,0.158432,-0.707824,0.176544,0.403491,-0.835457,1.156723,-0.538833,-0.837757,0.740082,-0.566610,-0.853529,-0.753086,-0.561387,-0.854841,0.129933,0.279341,-0.877505,0.859902,0.016991,-0.878824,-0.602929,0.080039,-0.830092,1.139905,0.152027,-0.759184,1.107503,0.191341,-0.896014,0.914446,-0.024600,-0.874980,1.018992,0.031333,-0.817757,0.944492,-0.229452,-0.733093,0.085722,-1.678197,-2.159738,1.365841,-1.422976,-3.006914,0.885906,-1.712307,-2.811225,1.430114,-1.831792,-2.756994,0.500439,-1.969658,-2.742884,-0.385177,-2.395039,-1.925591,1.371902,-2.714687,-1.998347,0.014369,-2.401075,-2.082877,-0.230424,-2.250664,-1.815994,-0.968333,-1.386943,-1.860163,-2.824265,-1.586144,-0.984328,-1.740287,-1.032815,-0.127229,0.452585,-1.606014,-1.495546,-0.455348,-0.989381,-0.195985,-0.731902,-1.641921,0.264116,-0.912638,-1.996471,-0.168030,-1.096270,-2.118975,0.563526,0.191998,-1.500608,-0.548940,0.362589,-1.655826,-2.776476,0.226915,-1.748922,-2.350754,-0.585888,-1.644537,-2.895105,0.076194,-1.787946,-2.607954,0.297081,-1.541251,-2.291184,-0.732039,-1.351610,-2.695733,-0.614316,-1.492475,-2.838582,-0.579683,-1.194439,-1.106370,0.378946,-1.544590,-2.376659,0.711447,-1.581583,-1.875333,0.950144,-1.344074,-2.525104,0.912418,-1.537406,-2.494642,2.284825,-1.958530,-1.707924,3.369615,-1.942651,-2.276747,0.992723,-1.827093,-1.739337,0.040947,-2.109194,-1.667212,0.157265,-2.186113,-2.206440,0.201975,-2.248958,-1.484465,0.331725,-1.434026,-2.515727,1.357719,-1.519566,-1.313103,0.941997,-1.412942,-1.435473,-0.466288,-1.680423,-2.616201,1.621383,-1.763257,-2.662318,-1.905168,-1.474668,-1.933578,-0.628606,-1.251672,-1.229038,-0.797795,-1.670750,-1.283637,0.989930,-1.357526,-1.140169,-1.402534,-1.188710,-2.009974,-0.263841,-1.124867,0.597906,-0.726866,-2.000762,0.117334,1.604154,-1.702769,-2.125434,0.610512,-1.646862,-2.032228,0.600873,-2.158379,-2.266374,0.365337,-2.110966,-1.519949,0.138682,-2.042895,-1.753421,0.544389,-1.574875,-1.311339,-2.720067,-1.802365,-0.430446,3.141452,-1.600028,-1.109519,-1.073275,-2.054096,-1.517832,-0.292250,-2.233231,-1.832053,0.200001,-2.050439,-1.713573,1.519853,-1.563786,-1.823818,0.041100,-1.724171,-1.887143,1.897999,-2.188321,-1.977929,0.126553,-2.088609,-2.212660,0.581175,-2.073196,-2.091614,1.968660,-2.304172,0.384304,0.474268,-2.070875,-2.075687,0.291161,-2.131998,-1.505995,-1.347229,-2.068710,-1.411021,-0.429932,-1.466731,-0.843002,-0.526867,-1.269939,-0.696631,1.484575
-2.085815,-0.905564,-1.137752,-0.086069,-0.753897,0.566546,0.596534,-0.417586,-0.066359,0.547270,-0.732522,1.113106,1.349690,-0.869479,0.058425,0.301575,-1.665166,0.427312,-1.407328,1.014950,1.239867,-1.618365,0.940138,1.156846,-0.174946,0.156982,1.348633,-2.732857,0.767383,-0.028564,0.424097,0.188787,0.115267,0.424090,0.188854,0.000390,0.825429,0.378975,1.204766,0.665244,0.193004,0.268299,0.665244,0.000390,0.000390,-1.557048,0.042866,1.875923,-0.896031,-0.959534,-0.064081,-0.698819,-2.489930,-0.405069,-0.859174,0.672884,1.272955,0.665244,0.000390,0.000390,0.666007,0.000390,0.000390,0.665244,0.000390,0.000390,0.424090,0.188853,0.000390,0.424090,0.188853,0.000390,0.424097,0.188853,0.000390,-2.137169,0.833594,0.234648,-1.522475,-0.594636,-1.494425,-1.858226,-0.979228,-0.068277,-1.785821,0.161138,0.425419,-1.974559,1.223289,1.085224,-2.357413,1.980206,-0.592243,-2.538355,1.429872,-0.202371,-2.366166,1.016974,-0.294889,-2.156146,0.876597,1.484196,-2.505565,1.276089,-1.416441,-2.542558,1.329427,-1.769474,-2.179238,1.180215,-0.017185,-2.169929,0.691800,0.074903,-2.246867,1.444926,-0.345723,-2.196214,0.540646,-0.441626,-2.343957,1.182918,-1.091689,-2.030897,0.700782,-0.715095,-1.674313,0.092444,-2.591926,-1.379456,-0.515387,0.019383,-2.195814,0.841761,-0.220752,-1.820199,0.273388,-0.375624,1.226653,-0.839663,1.109391,1.292734,-0.652362,0.121795,1.303177,-0.542043,0.726364,1.277403,-0.473841,-0.221339,1.210909,-0.415893,-0.681973,0.582577,-0.767770,-0.405742,0.067713,-0.763477,0.734425,-0.001657,-0.741647,0.523661,0.053864,-0.711292,0.176544,0.286232,-0.839584,1.156723,-0.625160,-0.841395,0.740082,-0.642545,-0.856922,-0.753086,-0.637180,-0.858063,0.129933,0.179078,-0.881677,0.859902,-0.062159,-0.882538,-0.602929,0.007649,-0.833649,1.139905,0.080876,-0.762670,1.107503,0.101931,-0.900230,0.914446,-0.104535,-0.878764,1.018992,-0.043798,-0.821472,0.944492,-0.300924,-0.736833,0.085722,-1.945512,-1.606445,0.669847,-1.690969,-1.772961,0.060438,-1.958159,-2.222779,0.577127,-1.674430,-2.189145,-0.008169,-1.803219,-1.580179,-1.336498,-2.225951,-1.476197,-1.230977,-1.388544,-2.215843,-1.873833,-1.615293,-2.262811,-1.790951,-1.830421,-1.525521,-1.360223,-1.654571,-0.680413,-1.219789,-1.864690,-0.413491,-1.389981,-1.319659,0.431521,0.916945,-1.936356,-0.823593,-0.141700,-1.296995,-0.656521,-0.270917,-2.003671,-0.282308,-1.178177,-1.866999,-0.688781,-1.391783,-1.998574,0.064943,-0.450286,-1.769165,0.353298,0.965003,-1.877376,-2.051491,0.170030,-1.987968,-2.682091,-0.100838,-1.879908,-2.254065,0.848183,-2.015386,-1.995849,0.924158,-1.155289,-1.668255,-0.611784,-1.261264,-1.964990,-1.071265,-1.057891,-1.230018,0.093224,-1.095697,-0.544523,1.247204,-1.443295,-1.686008,-0.592851,-1.467982,-1.164080,1.056763,-1.583617,-1.927370,0.357850,-1.757424,-1.906466,1.787328,-1.857155,-1.141492,2.283415,-1.833485,-1.615480,0.088031,-2.049266,-1.101568,-0.462811,-2.012020,-0.965468,-0.704998,-2.087411,-1.616724,-0.877769,-2.151725,-0.862748,-0.659981,-1.664903,-1.907946,1.045629,-1.720148,-1.002808,0.088127,-1.684901,-1.063042,-0.121978,-1.549921,-1.939711,0.855317,-1.627063,-1.835480,-1.233008,-1.678930,-1.140750,-1.060101,-1.513900,-1.553776,-0.966482,-1.565680,-0.941298,0.581992,-1.253789,-1.299842,-0.606328,-1.448904,-1.381552,-0.251771,-1.404637,0.244655,-0.657815,-1.894909,-0.265793,0.278388,-1.590619,-1.420070,0.204826,-1.521088,-1.347619,0.679966,-2.059610,-1.552583,-0.792677,-2.015117,-0.707379,0.104016,-1.943584,-0.980110,-0.824668,-1.468572,-0.698660,-1.559194,-2.043205,0.328304,2.397975,-1.490365,-1.572329,0.123546,-1.958904,-0.787965,-0.928793,-1.827339,-1.164611,-0.777209,-1.953495,-1.026922,0.319321,-1.813762,-1.219010,-0.201275,-1.601358,-1.102403,1.851256,-2.091411,-1.435256,-0.425355,-1.993227,-0.718369,0.206826,-1.974271,-1.493948,0.736212,-2.213798,1.176891,-0.391738,-1.973578,-1.439239,0.173873,-2.037276,-1.897861,-0.920194,-1.973895,-1.903116,-0.387750,-1.714107,-0.440282,-1.381189,-1.538332,-0.200926,1.484575
-2.085815,-0.905564,-1.137752,-0.086069,-0.753897,0.566546,0.596534,-0.417586,-0.066359,0.547270,-0.732522,1.113106,1.349690,-0.869479,0.058425,0.301575,-1.665166,0.427312,-1.407328,1.014950,1.239867,-1.618365,0.940138,1.156846,-0.174946,0.156982,1.348633,-2.732857,0.767383,-0.028564,0.424097,0.188787,0.115267,0.424090,0.188854,0.000390,0.825429,0.378975,1.204766,0.665244,0.193004,0.268299,0.665244,0.000390,0.000390,-1.557048,0.042866,1.875923,-0.896031,-0.959534,-0.064081,-0.698819,-2.489930,-0.405069,-0.859174,0.672884,1.272955,0.665244,0.000390,0.000390,0.666007,0.000390,0.000390,0.665244,0.000390,0.000390,0.424090,0.188853,0.000390,0.424090,0.188853,0.000390,0.424097,0.188853,0.000390,-2.137169,0.833594,0.234648,-1.522475,-0.594636,-1.494425,-1.858226,-0.979228,-0.068277,-1.785821,0.161138,0.425419,-1.974559,1.223289,1.085224,-2.357413,1.980206,-0.592243,-2.538355,1.429872,-0.202371,-2.366166,1.016974,-0.294889,-2.156146,0.876597,1.484196,-2.505565,1.276089,-1.416441,-2.542558,1.329427,-1.769474,-2.179238,1.180215,-0.017185,-2.169929,0.691800,0.074903,-2.246867,1.444926,-0.345723,-2.196214,0.540646,-0.441626,-2.343957,1.182918,-1.091689,-2.030897,0.700782,-0.715095,-1.674313,0.092444,-2.591926,-1.379456,-0.515387,0.019383,-2.195814,0.841761,-0.220752,-1.820199,0.273388,-0.375624,1.226653,-0.839663,1.109391,1.292734,-0.652362,0.121795,1.303177,-0.542043,0.726364,1.277403,-0.473841,-0.221339,1.210909,-0.415893,-0.681973,0.582577,-0.767770,-0.405742,0.067713,-0.763477,0.734425,-0.001657,-0.741647,0.523661,0.053864,-0.711292,0.176544,0.286232,-0.839584,1.156723,-0.625160,-0.841395,0.740082,-0.642545,-0.856922,-0.753086,-0.637180,-0.858063,0.129933,0.179078,-0.881677,0.859902,-0.062159,-0.882538,-0.602929,0.007649,-0.833649,1.139905,0.080876,-0.762670,1.107503,0.101931,-0.900230,0.914446,-0.104535,-0.878764,1.018992,-0.043798,-0.821472,0.944492,-0.300924,-0.736833,0.085722,-1.945512,-1.606445,0.669847,-1.690969,-1.772961,0.060438,-1.958159,-2.222779,0.577127,-1.674430,-2.189145,-0.008169,-1.803219,-1.580179,-1.336498,-2.225951,-1.476197,-1.230977,-1.388544,-2.215843,-1.873833,-1.615293,-2.262811,-1.790951,-1.830421,-1.525521,-1.360223,-1.654571,-0.680413,-1.219789,-1.864690,-0.413491,-1.389981,-1.319659,0.431521,0.916945,-1.936356,-0.823593,-0.141700,-1.296995,-0.656521,-0.270917,-2.003671,-0.282308,-1.178177,-1.866999,-0.688781,-1.391783,-1.998574,0.064943,-0.450286,-1.769165,0.353298,0.965003,-1.877376,-2.051491,0.170030,-1.987968,-2.682091,-0.100838,-1.879908,-2.254065,0.848183,-2.015386,-1.995849,0.924158,-1.155289,-1.668255,-0.611784,-1.261264,-1.964990,-1.071265,-1.057891,-1.230018,0.093224,-1.095697,-0.544523,1.247204,-1.443295,-1.686008,-0.592851,-1.467982,-1.164080,1.056763,-1.583617,-1.927370,0.357850,-1.757424,-1.906466,1.787328,-1.857155,-1.141492,2.283415,-1.833485,-1.615480,0.088031,-2.049266,-1.101568,-0.462811,-2.012020,-0.965468,-0.704998,-2.087411,-1.616724,-0.877769,-2.151725,-0.862748,-0.659981,-1.664903,-1.907946,1.045629,-1.720148,-1.002808,0.088127,-1.684901,-1.063042,-0.121978,-1.549921,-1.939711,0.855317,-1.627063,-1.835480,-1.233008,-1.678930,-1.140750,-1.060101,-1.513900,-1.553776,-0.966482,-1.565680,-0.941298,0.581992,-1.253789,-1.299842,-0.606328,-1.448904,-1.381552,-0.251771,-1.404637,0.244655,-0.657815,-1.894909,-0.265793,0.278388,-1.590619,-1.420070,0.204826,-1.521088,-1.347619,0.679966,-2.059610,-1.552583,-0.792677,-2.015117,-0.707379,0.104016,-1.943584,-0.980110,-0.824668,-1.468572,-0.698660,-1.559194,-2.043205,0.328304,2.397975,-1.490365,-1.572329,0.123546,-1.958904,-0.787965,-0.928793,-1.827339,-1.164611,-0.777209,-1.953495,-1.026922,0.319321,-1.813762,-1.219010,-0.201275,-1.601358,-1.102403,1.851256,-2.091411,-1.435256,-0.425355,-1.993227,-0.718369,0.206826,-1.974271,-1.493948,0.736212,-2.213798,1.176891,-0.391738,-1.973578,-1.439239,0.173873,-2.037276,-1.897861,-0.920194,-1.973895,-1.903116,-0.387750,-1.714107,-0.440282,-1.381189,-1.538332,-0.200926,1.484575
-2.085815,-0.905564,-1.137752,-0.086069,-0.753897,0.566546,0.596534,-0.417586,-0.066359,0.547270,-0.732522,1.113106,1.349690,-0.869479,0.058425,0.301575,-1.665166,0.427312,-1.407328,1.014950,1.239867,-1.618365,0.940138,1.156846,-0.174946,0.156982,1.348633,-2.732857,0.767383,-0.028564,0.424097,0.188787,0.115267,0.424090,0.188854,0.000390,0.825429,0.378975,1.204766,0.665244,0.193004,0.268299,0.665244,0.000390,0.000390,-1.557048,0.042866,1.875923,-0.896031,-0.959534,-0.064081,-0.698819,-2.489930,-0.405069,-0.859174,0.672884,1.272955,0.665244,0.000390,0.000390,0.666007,0.000390,0.000390,0.665244,0.000390,0.000390,0.424090,0.188853,0.000390,0.424090,0.188853,0.000390,0.424097,0.188853,0.000390,-2.137169,0.833594,0.234648,-1.522475,-0.594636,-1.494425,-1.858226,-0.979228,-0.068277,-1.785821,0.161138,0.425419,-1.974559,1.223289,1.085224,-2.357413,1.980206,-0.592243,-2.538355,1.429872,-0.202371,-2.366166,1.016974,-0.294889,-2.156146,0.876597,1.484196,-2.505565,1.276089,-1.416441,-2.542558,1.329427,-1.769474,-2.179238,1.180215,-0.017185,-2.169929,0.691800,0.074903,-2.246867,1.444926,-0.345723,-2.196214,0.540646,-0.441626,-2.343957,1.182918,-1.091689,-2.030897,0.700782,-0.715095,-1.674313,0.092444,-2.591926,-1.379456,-0.515387,0.019383,-2.195814,0.841761,-0.220752,-1.820199,0.273388,-0.375624,1.226653,-0.839663,1.109391,1.292734,-0.652362,0.121795,1.303177,-0.542043,0.726364,1.277403,-0.473841,-0.221339,1.210909,-0.415893,-0.681973,0.582577,-0.767770,-0.405742,0.067713,-0.763477,0.734425,-0.001657,-0.741647,0.523661,0.053864,-0.711292,0.176544,0.286232,-0.839584,1.156723,-0.625160,-0.841395,0.740082,-0.642545,-0.856922,-0.753086,-0.637180,-0.858063,0.129933,0.179078,-0.881677,0.859902,-0.062159,-0.882538,-0.602929,0.007649,-0.833649,1.139905,0.080876,-0.762670,1.107503,0.101931,-0.900230,0.914446,-0.104535,-0.878764,1.018992,-0.043798,-0.821472,0.944492,-0.300924,-0.736833,0.085722,-1.945512,-1.606445,0.669847,-1.690969,-1.772961,0.060438,-1.958159,-2.222779,0.577127,-1.674430,-2.189145,-0.008169,-1.803219,-1.580179,-1.336498,-2.225951,-1.476197,-1.230977,-1.388544,-2.215843,-1.873833,-1.615293,-2.262811,-1.790951,-1.830421,-1.525521,-1.360223,-1.654571,-0.680413,-1.219789,-1.864690,-0.413491,-1.389981,-1.319659,0.431521,0.916945,-1.936356,-0.823593,-0.141700,-1.296995,-0.656521,-0.270917,-2.003671,-0.282308,-1.178177,-1.866999,-0.688781,-1.391783,-1.998574,0.064943,-0.450286,-1.769165,0.353298,0.965003,-1.877376,-2.051491,0.170030,-1.987968,-2.682091,-0.100838,-1.879908,-2.254065,0.848183,-2.015386,-1.995849,0.924158,-1.155289,-1.668255,-0.611784,-1.261264,-1.964990,-1.071265,-1.057891,-1.230018,0.093224,-1.095697,-0.544523,1.247204,-1.443295,-1.686008,-0.592851,-1.467982,-1.164080,1.056763,-1.583617,-1.927370,0.357850,-1.757424,-1.906466,1.787328,-1.857155,-1.141492,2.283415,-1.833485,-1.615480,0.088031,-2.049266,-1.101568,-0.462811,-2.012020,-0.965468,-0.704998,-2.087411,-1.616724,-0.877769,-2.151725,-0.862748,-0.659981,-1.664903,-1.907946,1.045629,-1.720148,-1.002808,0.088127,-1.684901,-1.063042,-0.121978,-1.549921,-1.939711,0.855317,-1.627063,-1.835480,-1.233008,-1.678930,-1.140750,-1.060101,-1.513900,-1.553776,-0.966482,-1.565680,-0.941298,0.581992,-1.253789,-1.299842,-0.606328,-1.448904,-1.381552,-0.251771,-1.404637,0.244655,-0.657815,-1.894909,-0.265793,0.278388,-1.590619,-1.420070,0.204826,-1.521088,-1.347619,0.679966,-2.059610,-1.552583,-0.792677,-2.015117,-0.707379,0.104016,-1.943584,-0.980110,-0.824668,-1.468572,-0.698660,-1.559194,-2.043205,0.328304,2.397975,-1.490365,-1.572329,0.123546,-1.958904,-0.787965,-0.928793,-1.827339,-1.164611,-0.777209,-1.953495,-1.026922,0.319321,-1.813762,-1.219010,-0.201275,-1.601358,-1.102403,1.851256,-2.091411,-1.435256,-0.425355,-1.993227,-0.718369,0.206826,-1.974271,-1.493948,0.736212,-2.213798,1.176891,-0.391738,-1.973578,-1.439239,0.173873,-2.037276,-1.897861,-0.920194,-1.973895,-1.903116,-0.387750,-1.714107,-0.440282,-1.381189,-1.538332,-0.200926,1.484575
-2.085815,-0.905564,-1.137752,-0.086069,-0.753897,0.566546,0.596534,-0.417586,-0.066359,0.547270,-0.732522,1.113106,1.349690,-0.869479,0.058425,0.301575,-1.665166,0.427312,-1.407328,1.014950,1.239867,-1.618365,0.940138,1.156846,-0.174946,0.156982,1.348633,-2.732857,0.767383,-0.028564,0.424097,0.188787,0.115267,0.424090,0.188854,0.000390,0.825429,0.378975,1.204766,0.665244,0.193004,0.268299,0.665244,0.000390,0.000390,-1.557048,0.042866,1.875923,-0.896031,-0.959534,-0.064081,-0.698819,-2.489930,-0.405069,-0.859174,0.672884,1.272955,0.665244,0.000390,0.000390,0.666007,0.000390,0.000390,0.665244,0.000390,0.000390,0.424090,0.188853,0.000390,0.424090,0.188853,0.000390,0.424097,0.188853,0.000390,-2.137169,0.833594,0.234648,-1.522475,-0.594636,-1.494425,-1.858226,-0.979228,-0.068277,-1.785821,0.161138,0.425419,-1.974559,1.223289,1.085224,-2.357413,1.980206,-0.592243,-2.538355,1.429872,-0.202371,-2.366166,1.016974,-0.294889,-2.156146,0.876597,1.484196,-2.505565,1.276089,-1.416441,-2.542558,1.329427,-1.769474,-2.179238,1.180215,-0.017185,-2.169929,0.691800,0.074903,-2.246867,1.444926,-0.345723,-2.196214,0.540646,-0.441626,-2.343957,1.182918,-1.091689,-2.030897,0.700782,-0.715095,-1.674313,0.092444,-2.591926,-1.379456,-0.515387,0.019383,-2.195814,0.841761,-0.220752,-1.820199,0.273388,-0.375624,1.226653,-0.839663,1.109391,1.292734,-0.652362,0.121795,1.303177,-0.542043,0.726364,1.277403,-0.473841,-0.221339,1.210909,-0.415893,-0.681973,0.582577,-0.767770,-0.405742,0.067713,-0.763477,0.734425,-0.001657,-0.741647,0.523661,0.053864,-0.711292,0.176544,0.286232,-0.839584,1.156723,-0.625160,-0.841395,0.740082,-0.642545,-0.856922,-0.753086,-0.637180,-0.858063,0.129933,0.179078,-0.881677,0.859902,-0.062159,-0.882538,-0.602929,0.007649,-0.833649,1.139905,0.080876,-0.762670,1.107503,0.101931,-0.900230,0.914446,-0.104535,-0.878764,1.018992,-0.043798,-0.821472,0.944492,-0.300924,-0.736833,0.085722,-1.945512,-1.606445,0.669847,-1.690969,-1.772961,0.060438,-1.958159,-2.222779,0.577127,-1.674430,-2.189145,-0.008169,-1.803219,-1.580179,-1.336498,-2.225951,-1.476197,-1.230977,-1.388544,-2.215843,-1.873833,-1.615293,-2.262811,-1.790951,-1.830421,-1.525521,-1.360223,-1.654571,-0.680413,-1.219789,-1.864690,-0.413491,-1.389981,-1.319659,0.431521,0.916945,-1.936356,-0.823593,-0.141700,-1.296995,-0.656521,-0.270917,-2.003671,-0.282308,-1.178177,-1.866999,-0.688781,-1.391783,-1.998574,0.064943,-0.450286,-1.769165,0.353298,0.965003,-1.877376,-2.051491,0.170030,-1.987968,-2.682091,-0.100838,-1.879908,-2.254065,0.848183,-2.015386,-1.995849,0.924158,-1.155289,-1.668255,-0.611784,-1.261264,-1.964990,-1.071265,-1.057891,-1.230018,0.093224,-1.095697,-0.544523,1.247204,-1.443295,-1.686008,-0.592851,-1.467982,-1.164080,1.056763,-1.583617,-1.927370,0.357850,-1.757424,-1.906466,1.787328,-1.857155,-1.141492,2.283415,-1.833485,-1.615480,0.088031,-2.049266,-1.101568,-0.462811,-2.012020,-0.965468,-0.704998,-2.087411,-1.616724,-0.877769,-2.151725,-0.862748,-0.659981,-1.664903,-1.907946,1.045629,-1.720148,-1.002808,0.088127,-1.684901,-1.063042,-0.121978,-1.549921,-1.939711,0.855317,-1.627063,-1.835480,-1.233008,-1.678930,-1.140750,-1.060101,-1.513900,-1.553776,-0.966482,-1.565680,-0.941298,0.581992,-1.253789,-1.299842,-0.606328,-1.448904,-1.381552,-0.251771,-1.404637,0.244655,-0.657815,-1.894909,-0.265793,0.278388,-1.590619,-1.420070,0.204826,-1.521088,-1.347619,0.679966,-2.059610,-1.552583,-0.792677,-2.015117,-0.707379,0.104016,-1.943584,-0.980110,-0.824668,-1.468572,-0.698660,-1.559194,-2.043205,0.328304,2.397975,-1.490365,-1.572329,0.123546,-1.958904,-0.787965,-0.928793,-1.827339,-1.164611,-0.777209,-1.953495,-1.026922,0.319321,-1.813762,-1.219010,-0.201275,-1.601358,-1.102403,1.851256,-2.091411,-1.435256,-0.425355,-1.993227,-0.718369,0.206826,-1.974271,-1.493948,0.736212,-2.213798,1.176891,-0.391738,-1.973578,-1.439239,0.173873,-2.037276,-1.897861,-0.920194,-1.973895,-1.903116,-0.387750,-1.714107,-0.440282,-1.381189,-1.538332,-0.200926,1.484575
-2.085815,-0.905564,-1.137752,-0.086069,-0.753897,0.566546,0.596534,-0.417586,-0.066359,0.547270,-0.732522,1.113106,1.349690,-0.869479,0.058425,0.301575,-1.665166,0.427312,-1.407328,1.014950,1.239867,-1.618365,0.940138,1.156846,-0.174946,0.156982,1.348633,-2.732857,0.767383,-0.028564,0.424097,0.188787,0.115267,0.424090,0.188854,0.000390,0.825429,0.378975,1.204766,0.665244,0.193004,0.268299,0.665244,0.000390,0.000390,-1.557048,0.042866,1.875923,-0.896031,-0.959534,-0.064081,-0.698819,-2.489930,-0.405069,-0.859174,0.672884,1.272955,0.665244,0.000390,0.000390,0.666007,0.000390,0.000390,0.665244,0.000390,0.000390,0.424090,0.188853,0.000390,0.424090,0.188853,0.000390,0.424097,0.188853,0.000390,-2.137169,0.833594,0.234648,-1.522475,-0.594636,-1.494425,-1.858226,-0.979228,-0.068277,-1.785821,0.161138,0.425419,-1.974559,1.223289,1.085224,-2.357413,1.980206,-0.592243,-2.538355,1.429872,-0.202371,-2.366166,1.016974,-0.294889,-2.156146,0.876597,1.484196,-2.505565,1.276089,-1.416441,-2.542558,1.329427,-1.769474,-2.179238,1.180215,-0.017185,-2.169929,0.691800,0.074903,-2.246867,1.444926,-0.345723,-2.196214,0.540646,-0.441626,-2.343957,1.182918,-1.091689,-2.030897,0.700782,-0.715095,-1.674313,0.092444,-2.591926,-1.379456,-0.515387,0.019383,-2.195814,0.841761,-0.220752,-1.820199,0.273388,-0.375624,1.226653,-0.839663,1.109391,1.292734,-0.652362,0.121795,1.303177,-0.542043,0.726364,1.277403,-0.473841,-0.221339,1.210909,-0.415893,-0.681973,0.582577,-0.767770,-0.405742,0.067713,-0.763477,0.734425,-0.001657,-0.741647,0.523661,0.053864,-0.711292,0.176544,0.286232,-0.839584,1.156723,-0.625160,-0.841395,0.740082,-0.642545,-0.856922,-0.753086,-0.637180,-0.858063,0.129933,0.179078,-0.881677,0.859902,-0.062159,-0.882538,-0.602929,0.007649,-0.833649,1.139905,0.080876,-0.762670,1.107503,0.101931,-0.900230,0.914446,-0.104535,-0.878764,1.018992,-0.043798,-0.821472,0.944492,-0.300924,-0.736833,0.085722,-1.945512,-1.606445,0.669847,-1.690969,-1.772961,0.060438,-1.958159,-2.222779,0.577127,-1.674430,-2.189145,-0.008169,-1.803219,-1.580179,-1.336498,-2.225951,-1.476197,-1.230977,-1.388544,-2.215843,-1.873833,-1.615293,-2.262811,-1.790951,-1.830421,-1.525521,-1.360223,-1.654571,-0.680413,-1.219789,-1.864690,-0.413491,-1.389981,-1.319659,0.431521,0.916945,-1.936356,-0.823593,-0.141700,-1.296995,-0.656521,-0.270917,-2.003671,-0.282308,-1.178177,-1.866999,-0.688781,-1.391783,-1.998574,0.064943,-0.450286,-1.769165,0.353298,0.965003,-1.877376,-2.051491,0.170030,-1.987968,-2.682091,-0.100838,-1.879908,-2.254065,0.848183,-2.015386,-1.995849,0.924158,-1.155289,-1.668255,-0.611784,-1.261264,-1.964990,-1.071265,-1.057891,-1.230018,0.093224,-1.095697,-0.544523,1.247204,-1.443295,-1.686008,-0.592851,-1.467982,-1.164080,1.056763,-1.583617,-1.927370,0.357850,-1.757424,-1.906466,1.787328,-1.857155,-1.141492,2.283415,-1.833485,-1.615480,0.088031,-2.049266,-1.101568,-0.462811,-2.012020,-0.965468,-0.704998,-2.087411,-1.616724,-0.877769,-2.151725,-0.862748,-0.659981,-1.664903,-1.907946,1.045629,-1.720148,-1.002808,0.088127,-1.684901,-1.063042,-0.121978,-1.549921,-1.939711,0.855317,-1.627063,-1.835480,-1.233008,-1.678930,-1.140750,-1.060101,-1.513900,-1.553776,-0.966482,-1.565680,-0.941298,0.581992,-1.253789,-1.299842,-0.606328,-1.448904,-1.381552,-0.251771,-1.404637,0.244655,-0.657815,-1.894909,-0.265793,0.278388,-1.590619,-1.420070,0.204826,-1.521088,-1.347619,0.679966,-2.059610,-1.552583,-0.792677,-2.015117,-0.707379,0.104016,-1.943584,-0.980110,-0.824668,-1.468572,-0.698660,-1.559194,-2.043205,0.328304,2.397975,-1.490365,-1.572329,0.123546,-1.958904,-0.787965,-0.928793,-1.827339,-1.164611,-0.777209,-1.953495,-1.026922,0.319321,-1.813762,-1.219010,-0.201275,-1.601358,-1.102403,1.851256,-2.091411,-1.435256,-0.425355,-1.993227,-0.718369,0.206826,-1.974271,-1.493948,0.736212,-2.213798,1.176891,-0.391738,-1.973578,-1.439239,0.173873,-2.037276,-1.897861,-0.920194,-1.973895,-1.903116,-0.387750,-1.714107,-0.440282,-1.381189,-1.538332,-0.200926,1.484575
-2.085815,-0.905564,-1.137752,-0.086069,-0.753897,0.566546,0.596534,-0.417586,-0.066359,0.547270,-0.732522,1.113106,1.349690,-0.869479,0.058425,0.301575,-1.665166,0.427312,-1.407328,1.014950,1.239867,-1.618365,0.940138,1.156846,-0.174946,0.156982,1.348633,-2.732857,0.767383,-0.028564,0.424097,0.188787,0.115267,0.424090,0.188854,0.000390,0.825429,0.378975,1.204766,0.665244,0.193004,0.268299,0.665244,0.000390,0.000390,-1.557048,0.042866,1.875923,-0.896031,-0.959534,-0.064081,-0.698819,-2.489930,-0.405069,-0.859174,0.672884,1.272955,0.665244,0.000390,0.000390,0.666007,0.000390,0.000390,0.665244,0.000390,0.000390,0.424090,0.188853,0.000390,0.424090,0.188853,0.000390,0.424097,0.188853,0.000390,-2.137169,0.833594,0.234648,-1.522475,-0.594636,-1.494425,-1.858226,-0.979228,-0.068277,-1.785821,0.161138,0.425419,-1.974559,1.223289,1.085224,-2.357413,1.980206,-0.592243,-2.538355,1.429872,-0.202371,-2.366166,1.016974,-0.294889,-2.156146,0.876597,1.484196,-2.505565,1.276089,-1.416441,-2.542558,1.329427,-1.769474,-2.179238,1.180215,-0.017185,-2.169929,0.691800,0.074903,-2.246867,1.444926,-0.345723,-2.196214,0.540646,-0.441626,-2.343957,1.182918,-1.091689,-2.030897,0.700782,-0.715095,-1.674313,0.092444,-2.591926,-1.379456,-0.515387,0.019383,-2.195814,0.841761,-0.220752,-1.820199,0.273388,-0.375624,1.226653,-0.839663,1.109391,1.292734,-0.652362,0.121795,1.303177,-0.542043,0.726364,1.277403,-0.473841,-0.221339,1.210909,-0.415893,-0.681973,0.582577,-0.767770,-0.405742,0.067713,-0.763477,0.734425,-0.001657,-0.741647,0.523661,0.053864,-0.711292,0.176544,0.286232,-0.839584,1.156723,-0.625160,-0.841395,0.740082,-0.642545,-0.856922,-0.753086,-0.637180,-0.858063,0.129933,0.179078,-0.881677,0.859902,-0.062159,-0.882538,-0.602929,0.007649,-0.833649,1.139905,0.080876,-0.762670,1.107503,0.101931,-0.900230,0.914446,-0.104535,-0.878764,1.018992,-0.043798,-0.821472,0.944492,-0.300924,-0.736833,0.085722,-1.945512,-1.606445,0.669847,-1.690969,-1.772961,0.060438,-1.958159,-2.222779,0.577127,-1.674430,-2.189145,-0.008169,-1.803219,-1.580179,-1.336498,-2.225951,-1.476197,-1.230977,-1.388544,-2.215843,-1.873833,-1.615293,-2.262811,-1.790951,-1.830421,-1.525521,-1.360223,-1.654571,-0.680413,-1.219789,-1.864690,-0.413491,-1.389981,-1.319659,0.431521,0.916945,-1.936356,-0.823593,-0.141700,-1.296995,-0.656521,-0.270917,-2.003671,-0.282308,-1.178177,-1.866999,-0.688781,-1.391783,-1.998574,0.064943,-0.450286,-1.769165,0.353298,0.965003,-1.877376,-2.051491,0.170030,-1.987968,-2.682091,-0.100838,-1.879908,-2.254065,0.848183,-2.015386,-1.995849,0.924158,-1.155289,-1.668255,-0.611784,-1.261264,-1.964990,-1.071265,-1.057891,-1.230018,0.093224,-1.095697,-0.544523,1.247204,-1.443295,-1.686008,-0.592851,-1.467982,-1.164080,1.056763,-1.583617,-1.927370,0.357850,-1.757424,-1.906466,1.787328,-1.857155,-1.141492,2.283415,-1.833485,-1.615480,0.088031,-2.049266,-1.101568,-0.462811,-2.012020,-0.965468,-0.704998,-2.087411,-1.616724,-0.877769,-2.151725,-0.862748,-0.659981,-1.664903,-1.907946,1.045629,-1.720148,-1.002808,0.088127,-1.684901,-1.063042,-0.121978,-1.549921,-1.939711,0.855317,-1.627063,-1.835480,-1.233008,-1.678930,-1.140750,-1.060101,-1.513900,-1.553776,-0.966482,-1.565680,-0.941298,0.581992,-1.253789,-1.299842,-0.606328,-1.448904,-1.381552,-0.251771,-1.404637,0.244655,-0.657815,-1.894909,-0.265793,0.278388,-1.590619,-1.420070,0.204826,-1.521088,-1.347619,0.679966,-2.059610,-1.552583,-0.792677,-2.015117,-0.707379,0.104016,-1.943584,-0.980110,-0.824668,-1.468572,-0.698660,-1.559194,-2.043205,0.328304,2.397975,-1.490365,-1.572329,0.123546,-1.958904,-0.787965,-0.928793,-1.827339,-1.164611,-0.777209,-1.953495,-1.026922,0.319321,-1.813762,-1.219010,-0.201275,-1.601358,-1.102403,1.851256,-2.091411,-1.435256,-0.425355,-1.993227,-0.718369,0.206826,-1.974271,-1.493948,0.736212,-2.213798,1.176891,-0.391738,-1.973578,-1.439239,0.173873,-2.037276,-1.897861,-0.920194,-1.973895,-1.903116,-0.387750,-1.714107,-0.440282,-1.381189,-1.538332,-0.200926,1.484575
-2.086375,1.132299,-1.536770,-0.095418,-0.764795,0.804086,-1.051344,-0.419484,0.786225,0.507312,-1.406450,0.807639,1.344636,-0.917688,0.395321,0.317728,-0.406424,1.054335,-1.416364,0.994047,0.156450,-1.627709,0.974743,1.931696,-0.402132,0.913953,-0.071660,-2.746164,0.776143,-0.759943,0.386080,0.188955,-0.563383,0.386072,0.188854,0.000390,-1.227134,0.380937,0.924623,0.227097,-2.965852,-0.305222,0.227097,0.000390,0.000390,-1.559262,0.102679,1.581265,-0.910049,-1.022193,-0.938885,-1.298448,-2.466945,-1.370860,-0.871420,-1.142782,1.453025,0.227097,0.000390,0.000390,0.227860,0.000390,0.000390,0.227097,0.000390,0.000390,0.386072,0.188853,0.000390,0.386072,0.188853,0.000390,0.386080,0.188853,0.000390,-2.151142,0.371807,0.059396,-2.244008,-0.524798,-0.037248,-1.873506,0.654559,-0.802642,-1.798406,0.815598,0.118218,-1.987419,1.300458,-0.062489,-2.003528,1.048250,-1.486869,-1.676290,1.963791,-0.135196,-2.063863,1.082386,0.146602,-2.166171,0.942132,1.351259,-1.857671,0.413643,-1.017272,-1.837824,1.391857,0.238168,-1.905562,0.852135,-0.585733,-1.909100,0.760239,-0.529776,-1.844170,0.589999,-0.717602,-1.815014,-0.375328,-2.054456,-1.645035,1.240751,-1.253508,-2.042881,0.754412,-0.964234,-1.217941,-0.277955,0.936033,-0.983992,-0.463872,3.572926,-1.459930,0.337925,-0.261080,-1.025416,-0.000511,-0.946612,1.362129,-0.913273,1.109391,1.399333,-0.720063,0.121795,1.393439,-0.601940,0.726364,1.374346,-0.527701,-0.221339,1.303600,-0.465281,-0.681973,0.775409,-0.818644,-0.405742,0.238204,-0.808607,0.734425,0.146445,-0.784829,0.523661,0.200254,-0.752907,0.176544,0.450389,-0.889099,1.156723,-0.504306,-0.885050,0.740082,-0.536239,-0.897640,-0.753086,-0.531074,-0.896728,0.129933,0.319441,-0.931742,0.859902,0.048648,-0.927111,-0.602929,0.108992,-0.876332,1.139905,0.180484,-0.804511,1.107503,0.227101,-0.950824,0.914446,0.007370,-0.924166,1.018992,0.061382,-0.866054,0.944492,-0.200866,-0.781720,0.085722,-1.683931,0.311374,-0.490632,-1.861414,0.567193,-1.660389,-1.720673,-1.306268,-1.430805,-1.443908,-1.428041,-1.612968,-1.131191,-1.097945,-1.079991,-0.170803,-1.836940,-2.212252,-0.693229,-2.476769,-1.530593,-0.562290,-2.497461,-1.866122,-1.199832,-1.852155,-2.183634,-1.354527,-1.906430,-1.889318,-1.235704,0.036317,-1.211470,-1.503932,0.962806,1.633143,-1.737707,-0.033850,-1.498112,-1.537965,0.328126,-1.224398,-1.813814,1.166186,-1.947076,-1.661893,0.994410,-2.237815,-1.805398,1.984143,-1.351596,-1.560617,-0.340336,-0.788314,-1.380837,-1.455533,-0.348505,-1.498358,-2.030284,-0.195327,-1.445585,-1.688359,0.084323,-1.300574,-1.488189,-0.192083,-1.471353,-1.124236,-1.276886,-1.621709,-1.268617,-0.754451,-1.162038,-1.535438,-0.098512,-1.251618,-0.844752,0.600058,-1.634902,-1.124645,-0.984133,-1.466583,-0.723710,0.830407,-1.582264,-0.719901,-0.340868,-1.437775,-1.684462,1.106047,-1.537148,-1.008527,0.385572,-1.466330,-1.592409,0.816312,-1.708504,-2.101795,0.011905,-1.706712,-0.955735,-0.566362,-1.468541,-1.596150,-1.044204,-1.547137,-1.829505,-0.546788,-1.530187,-1.583617,0.839428,-1.314653,-0.817012,-0.076082,-1.591465,-0.840040,0.052414,-1.484657,-1.578716,0.816810,-1.535944,-1.409857,-0.931775,-1.268462,-1.935451,-0.979696,-1.572541,-1.171401,-1.065471,-1.645260,-0.713472,-0.576071,-1.370604,-1.078586,0.416985,-1.225229,-1.005270,0.868810,-1.526215,-0.410491,-0.235619,-1.613648,0.149198,-0.968293,-1.525938,-1.706508,-2.561470,-1.477843,-1.513721,0.667835,-1.737653,-1.669394,-1.405339,-1.713972,-0.876522,0.105942,-1.642347,-1.106661,-1.075993,-1.522844,-0.847310,-0.876850,-1.778544,0.020188,1.617531,-1.546353,1.502995,0.591300,-1.671597,0.083973,0.444047,-1.832406,-0.367249,0.388246,-1.637485,-0.206611,1.106733,-1.400526,0.532153,-0.284492,-1.542103,-1.412410,-1.110787,-1.775511,-1.605087,-0.235519,-1.693550,-0.899771,0.271584,-1.674209,-0.692880,0.331611,-1.351264,0.863784,0.390506,-1.678451,-0.592582,-1.973750,-1.739673,-1.116398,-2.501666,-1.664823,-0.921776,-2.343400,-1.610575,-0.816507,-0.613328,-1.263210,-0.636406,0.898070
-2.086375,1.132299,-1.536770,-0.095418,-0.764795,0.804086,-1.051344,-0.419484,0.786225,0.507312,-1.406450,0.807639,1.344636,-0.917688,0.395321,0.317728,-0.406424,1.054335,-1.416364,0.994047,0.156450,-1.627709,0.974743,1.931696,-0.402132,0.913953,-0.071660,-2.746164,0.776143,-0.759943,0.386080,0.188955,-0.563383,0.386072,0.188854,0.000390,-1.227134,0.380937,0.924623,0.227097,-2.965852,-0.305222,0.227097,0.000390,0.000390,-1.559262,0.102679,1.581265,-0.910049,-1.022193,-0.938885,-1.298448,-2.466945,-1.370860,-0.871420,-1.142782,1.453025,0.227097,0.000390,0.000390,0.227860,0.000390,0.000390,0.227097,0.000390,0.000390,0.386072,0.188853,0.000390,0.386072,0.188853,0.000390,0.386080,0.188853,0.000390,-2.151142,0.371807,0.059396,-2.244008,-0.524798,-0.037248,-1.873506,0.654559,-0.802642,-1.798406,0.815598,0.118218,-1.987419,1.300458,-0.062489,-2.003528,1.048250,-1.486869,-1.676290,1.963791,-0.135196,-2.063863,1.082386,0.146602,-2.166171,0.942132,1.351259,-1.857671,0.413643,-1.017272,-1.837824,1.391857,0.238168,-1.905562,0.852135,-0.585733,-1.909100,0.760239,-0.529776,-1.844170,0.589999,-0.717602,-1.815014,-0.375328,-2.054456,-1.645035,1.240751,-1.253508,-2.042881,0.754412,-0.964234,-1.217941,-0.277955,0.936033,-0.983992,-0.463872,3.572926,-1.459930,0.337925,-0.261080,-1.025416,-0.000511,-0.946612,1.362129,-0.913273,1.109391,1.399333,-0.720063,0.121795,1.393439,-0.601940,0.726364,1.374346,-0.527701,-0.221339,1.303600,-0.465281,-0.681973,0.775409,-0.818644,-0.405742,0.238204,-0.808607,0.734425,0.146445,-0.784829,0.523661,0.200254,-0.752907,0.176544,0.450389,-0.889099,1.156723,-0.504306,-0.885050,0.740082,-0.536239,-0.897640,-0.753086,-0.531074,-0.896728,0.129933,0.319441,-0.931742,0.859902,0.048648,-0.927111,-0.602929,0.108992,-0.876332,1.139905,0.180484,-0.804511,1.107503,0.227101,-0.950824,0.914446,0.007370,-0.924166,1.018992,0.061382,-0.866054,0.944492,-0.200866,-0.781720,0.085722,-1.683931,0.311374,-0.490632,-1.861414,0.567193,-1.660389,-1.720673,-1.306268,-1.430805,-1.443908,-1.428041,-1.612968,-1.131191,-1.097945,-1.079991,-0.170803,-1.836940,-2.212252,-0.693229,-2.476769,-1.530593,-0.562290,-2.497461,-1.866122,-1.199832,-1.852155,-2.183634,-1.354527,-1.906430,-1.889318,-1.235704,0.036317,-1.211470,-1.503932,0.962806,1.633143,-1.737707,-0.033850,-1.498112,-1.537965,0.328126,-1.224398,-1.813814,1.166186,-1.947076,-1.661893,0.994410,-2.237815,-1.805398,1.984143,-1.351596,-1.560617,-0.340336,-0.788314,-1.380837,-1.455533,-0.348505,-1.498358,-2.030284,-0.195327,-1.445585,-1.688359,0.084323,-1.300574,-1.488189,-0.192083,-1.471353,-1.124236,-1.276886,-1.621709,-1.268617,-0.754451,-1.162038,-1.535438,-0.098512,-1.251618,-0.844752,0.600058,-1.634902,-1.124645,-0.984133,-1.466583,-0.723710,0.830407,-1.582264,-0.719901,-0.340868,-1.437775,-1.684462,1.106047,-1.537148,-1.008527,0.385572,-1.466330,-1.592409,0.816312,-1.708504,-2.101795,0.011905,-1.706712,-0.955735,-0.566362,-1.468541,-1.596150,-1.044204,-1.547137,-1.829505,-0.546788,-1.530187,-1.583617,0.839428,-1.314653,-0.817012,-0.076082,-1.591465,-0.840040,0.052414,-1.484657,-1.578716,0.816810,-1.535944,-1.409857,-0.931775,-1.268462,-1.935451,-0.979696,-1.572541,-1.171401,-1.065471,-1.645260,-0.713472,-0.576071,-1.370604,-1.078586,0.416985,-1.225229,-1.005270,0.868810,-1.526215,-0.410491,-0.235619,-1.613648,0.149198,-0.968293,-1.525938,-1.706508,-2.561470,-1.477843,-1.513721,0.667835,-1.737653,-1.669394,-1.405339,-1.713972,-0.876522,0.105942,-1.642347,-1.106661,-1.075993,-1.522844,-0.847310,-0.876850,-1.778544,0.020188,1.617531,-1.546353,1.502995,0.591300,-1.671597,0.083973,0.444047,-1.832406,-0.367249,0.388246,-1.637485,-0.206611,1.106733,-1.400526,0.532153,-0.284492,-1.542103,-1.412410,-1.110787,-1.775511,-1.605087,-0.235519,-1.693550,-0.899771,0.271584,-1.674209,-0.692880,0.331611,-1.351264,0.863784,0.390506,-1.678451,-0.592582,-1.973750,-1.739673,-1.116398,-2.501666,-1.664823,-0.921776,-2.343400,-1.610575,-0.816507,-0.613328,-1.263210,-0.636406,0.898070
-2.086375,1.132299,-1.536770,-0.095418,-0.764795,0.804086,-1.051344,-0.419484,0.786225,0.507312,-1.406450,0.807639,1.344636,-0.917688,0.395321,0.317728,-0.406424,1.054335,-1.416364,0.994047,0.156450,-1.627709,0.974743,1.931696,-0.402132,0.913953,-0.071660,-2.746164,0.776143,-0.759943,0.386080,0.188955,-0.563383,0.386072,0.188854,0.000390,-1.227134,0.380937,0.924623,0.227097,-2.965852,-0.305222,0.227097,0.000390,0.000390,-1.559262,0.102679,1.581265,-0.910049,-1.022193,-0.938885,-1.298448,-2.466945,-1.370860,-0.871420,-1.142782,1.453025,0.227097,0.000390,0.000390,0.227860,0.000390,0.000390,0.227097,0.000390,0.000390,0.386072,0.188853,0.000390,0.386072,0.188853,0.000390,0.386080,0.188853,0.000390,-2.151142,0.371807,0.059396,-2.244008,-0.524798,-0.037248,-1.873506,0.654559,-0.802642,-1.798406,0.815598,0.118218,-1.987419,1.300458,-0.062489,-2.003528,1.048250,-1.486869,-1.676290,1.963791,-0.135196,-2.063863,1.082386,0.146602,-2.166171,0.942132,1.351259,-1.857671,0.413643,-1.017272,-1.837824,1.391857,0.238168,-1.905562,0.852135,-0.585733,-1.909100,0.760239,-0.529776,-1.844170,0.589999,-0.717602,-1.815014,-0.375328,-2.054456,-1.645035,1.240751,-1.253508,-2.042881,0.754412,-0.964234,-1.217941,-0.277955,0.936033,-0.983992,-0.463872,3.572926,-1.459930,0.337925,-0.261080,-1.025416,-0.000511,-0.946612,1.362129,-0.913273,1.109391,1.399333,-0.720063,0.121795,1.393439,-0.601940,0.726364,1.374346,-0.527701,-0.221339,1.303600,-0.465281,-0.681973,0.775409,-0.818644,-0.405742,0.238204,-0.808607,0.734425,0.146445,-0.784829,0.523661,0.200254,-0.752907,0.176544,0.450389,-0.889099,1.156723,-0.504306,-0.885050,0.740082,-0.536239,-0.897640,-0.753086,-0.531074,-0.896728,0.129933,0.319441,-0.931742,0.859902,0.048648,-0.927111,-0.602929,0.108992,-0.876332,1.139905,0.180484,-0.804511,1.107503,0.227101,-0.950824,0.914446,0.007370,-0.924166,1.018992,0.061382,-0.866054,0.944492,-0.200866,-0.781720,0.085722,-1.683931,0.311374,-0.490632,-1.861414,0.567193,-1.660389,-1.720673,-1.306268,-1.430805,-1.443908,-1.428041,-1.612968,-1.131191,-1.097945,-1.079991,-0.170803,-1.836940,-2.212252,-0.693229,-2.476769,-1.530593,-0.562290,-2.497461,-1.866122,-1.199832,-1.852155,-2.183634,-1.354527,-1.906430,-1.889318,-1.235704,0.036317,-1.211470,-1.503932,0.962806,1.633143,-1.737707,-0.033850,-1.498112,-1.537965,0.328126,-1.224398,-1.813814,1.166186,-1.947076,-1.661893,0.994410,-2.237815,-1.805398,1.984143,-1.351596,-1.560617,-0.340336,-0.788314,-1.380837,-1.455533,-0.348505,-1.498358,-2.030284,-0.195327,-1.445585,-1.688359,0.084323,-1.300574,-1.488189,-0.192083,-1.471353,-1.124236,-1.276886,-1.621709,-1.268617,-0.754451,-1.162038,-1.535438,-0.098512,-1.251618,-0.844752,0.600058,-1.634902,-1.124645,-0.984133,-1.466583,-0.723710,0.830407,-1.582264,-0.719901,-0.340868,-1.437775,-1.684462,1.106047,-1.537148,-1.008527,0.385572,-1.466330,-1.592409,0.816312,-1.708504,-2.101795,0.011905,-1.706712,-0.955735,-0.566362,-1.468541,-1.596150,-1.044204,-1.547137,-1.829505,-0.546788,-1.530187,-1.583617,0.839428,-1.314653,-0.817012,-0.076082,-1.591465,-0.840040,0.052414,-1.484657,-1.578716,0.816810,-1.535944,-1.409857,-0.931775,-1.268462,-1.935451,-0.979696,-1.572541,-1.171401,-1.065471,-1.645260,-0.713472,-0.576071,-1.370604,-1.078586,0.416985,-1.225229,-1.005270,0.868810,-1.526215,-0.410491,-0.235619,-1.613648,0.149198,-0.968293,-1.525938,-1.706508,-2.561470,-1.477843,-1.513721,0.667835,-1.737653,-1.669394,-1.405339,-1.713972,-0.876522,0.105942,-1.642347,-1.106661,-1.075993,-1.522844,-0.847310,-0.876850,-1.778544,0.020188,1.617531,-1.546353,1.502995,0.591300,-1.671597,0.083973,0.444047,-1.832406,-0.367249,0.388246,-1.637485,-0.206611,1.106733,-1.400526,0.532153,-0.284492,-1.542103,-1.412410,-1.110787,-1.775511,-1.605087,-0.235519,-1.693550,-0.899771,0.271584,-1.674209,-0.692880,0.331611,-1.351264,0.863784,0.390506,-1.678451,-0.592582,-1.973750,-1.739673,-1.116398,-2.501666,-1.664823,-0.921776,-2.343400,-1.610575,-0.816507,-0.613328,-1.263210,-0.636406,0.898070
-2.086375,1.132299,-1.536770,-0.095418,-0.764795,0.804086,-1.051344,-0.419484,0.786225,0.507312,-1.406450,0.807639,1.344636,-0.917688,0.395321,0.317728,-0.406424,1.054335,-1.416364,0.994047,0.156450,-1.627709,0.974743,1.931696,-0.402132,0.913953,-0.071660,-2.746164,0.776143,-0.759943,0.386080,0.188955,-0.563383,0.386072,0.188854,0.000390,-1.227134,0.380937,0.924623,0.227097,-2.965852,-0.305222,0.227097,0.000390,0.000390,-1.559262,0.102679,1.581265,-0.910049,-1.022193,-0.938885,-1.298448,-2.466945,-1.370860,-0.871420,-1.142782,1.453025,0.227097,0.000390,0.000390,0.227860,0.000390,0.000390,0.227097,0.000390,0.000390,0.386072,0.188853,0.000390,0.386072,0.188853,0.000390,0.386080,0.188853,0.000390,-2.151142,0.371807,0.059396,-2.244008,-0.524798,-0.037248,-1.873506,0.654559,-0.802642,-1.798406,0.815598,0.118218,-1.987419,1.300458,-0.062489,-2.003528,1.048250,-1.486869,-1.676290,1.963791,-0.135196,-2.063863,1.082386,0.146602,-2.166171,0.942132,1.351259,-1.857671,0.413643,-1.017272,-1.837824,1.391857,0.238168,-1.905562,0.852135,-0.585733,-1.909100,0.760239,-0.529776,-1.844170,0.589999,-0.717602,-1.815014,-0.375328,-2.054456,-1.645035,1.240751,-1.253508,-2.042881,0.754412,-0.964234,-1.217941,-0.277955,0.936033,-0.983992,-0.463872,3.572926,-1.459930,0.337925,-0.261080,-1.025416,-0.000511,-0.946612,1.362129,-0.913273,1.109391,1.399333,-0.720063,0.121795,1.393439,-0.601940,0.726364,1.374346,-0.527701,-0.221339,1.303600,-0.465281,-0.681973,0.775409,-0.818644,-0.405742,0.238204,-0.808607,0.734425,0.146445,-0.784829,0.523661,0.200254,-0.752907,0.176544,0.450389,-0.889099,1.156723,-0.504306,-0.885050,0.740082,-0.536239,-0.897640,-0.753086,-0.531074,-0.896728,0.129933,0.319441,-0.931742,0.859902,0.048648,-0.927111,-0.602929,0.108992,-0.876332,1.139905,0.180484,-0.804511,1.107503,0.227101,-0.950824,0.914446,0.007370,-0.924166,1.018992,0.061382,-0.866054,0.944492,-0.200866,-0.781720,0.085722,-1.683931,0.311374,-0.490632,-1.861414,0.567193,-1.660389,-1.720673,-1.306268,-1.430805,-1.443908,-1.428041,-1.612968,-1.131191,-1.097945,-1.079991,-0.170803,-1.836940,-2.212252,-0.693229,-2.476769,-1.530593,-0.562290,-2.497461,-1.866122,-1.199832,-1.852155,-2.183634,-1.354527,-1.906430,-1.889318,-1.235704,0.036317,-1.211470,-1.503932,0.962806,1.633143,-1.737707,-0.033850,-1.498112,-1.537965,0.328126,-1.224398,-1.813814,1.166186,-1.947076,-1.661893,0.994410,-2.237815,-1.805398,1.984143,-1.351596,-1.560617,-0.340336,-0.788314,-1.380837,-1.455533,-0.348505,-1.498358,-2.030284,-0.195327,-1.445585,-1.688359,0.084323,-1.300574,-1.488189,-0.192083,-1.471353,-1.124236,-1.276886,-1.621709,-1.268617,-0.754451,-1.162038,-1.535438,-0.098512,-1.251618,-0.844752,0.600058,-1.634902,-1.124645,-0.984133,-1.466583,-0.723710,0.830407,-1.582264,-0.719901,-0.340868,-1.437775,-1.684462,1.106047,-1.537148,-1.008527,0.385572,-1.466330,-1.592409,0.816312,-1.708504,-2.101795,0.011905,-1.706712,-0.955735,-0.566362,-1.468541,-1.596150,-1.044204,-1.547137,-1.829505,-0.546788,-1.530187,-1.583617,0.839428,-1.314653,-0.817012,-0.076082,-1.591465,-0.840040,0.052414,-1.484657,-1.578716,0.816810,-1.535944,-1.409857,-0.931775,-1.268462,-1.935451,-0.979696,-1.572541,-1.171401,-1.065471,-1.645260,-0.713472,-0.576071,-1.370604,-1.078586,0.416985,-1.225229,-1.005270,0.868810,-1.526215,-0.410491,-0.235619,-1.613648,0.149198,-0.968293,-1.525938,-1.706508,-2.561470,-1.477843,-1.513721,0.667835,-1.737653,-1.669394,-1.405339,-1.713972,-0.876522,0.105942,-1.642347,-1.106661,-1.075993,-1.522844,-0.847310,-0.876850,-1.778544,0.020188,1.617531,-1.546353,1.502995,0.591300,-1.671597,0.083973,0.444047,-1.832406,-0.367249,0.388246,-1.637485,-0.206611,1.106733,-1.400526,0.532153,-0.284492,-1.542103,-1.412410,-1.110787,-1.775511,-1.605087,-0.235519,-1.693550,-0.899771,0.271584,-1.674209,-0.692880,0.331611,-1.351264,0.863784,0.390506,-1.678451,-0.592582,-1.973750,-1.739673,-1.116398,-2.501666,-1.664823,-0.921776,-2.343400,-1.610575,-0.816507,-0.613328,-1.263210,-0.636406,0.898070
-2.086375,1.132299,-1.536770,-0.095418,-0.764795,0.804086,-1.051344,-0.419484,0.786225,0.507312,-1.406450,0.807639,1.344636,-0.917688,0.395321,0.317728,-0.406424,1.054335,-1.416364,0.994047,0.156450,-1.627709,0.974743,1.931696,-0.402132,0.913953,-0.071660,-2.746164,0.776143,-0.759943,0.386080,0.188955,-0.563383,0.386072,0.188854,0.000390,-1.227134,0.380937,0.924623,0.227097,-2.965852,-0.305222,0.227097,0.000390,0.000390,-1.559262,0.102679,1.581265,-0.910049,-1.022193,-0.938885,-1.298448,-2.466945,-1.370860,-0.871420,-1.142782,1.453025,0.227097,0.000390,0.000390,0.227860,0.000390,0.000390,0.227097,0.000390,0.000390,0.386072,0.188853,0.000390,0.386072,0.188853,0.000390,0.386080,0.188853,0.000390,-2.151142,0.371807,0.059396,-2.244008,-0.524798,-0.037248,-1.873506,0.654559,-0.802642,-1.798406,0.815598,0.118218,-1.987419,1.300458,-0.062489,-2.003528,1.048250,-1.486869,-1.676290,1.963791,-0.135196,-2.063863,1.082386,0.146602,-2.166171,0.942132,1.351259,-1.857671,0.413643,-1.017272,-1.837824,1.391857,0.238168,-1.905562,0.852135,-0.585733,-1.909100,0.760239,-0.529776,-1.844170,0.589999,-0.717602,-1.815014,-0.375328,-2.054456,-1.645035,1.240751,-1.253508,-2.042881,0.754412,-0.964234,-1.217941,-0.277955,0.936033,-0.983992,-0.463872,3.572926,-1.459930,0.337925,-0.261080,-1.025416,-0.000511,-0.946612,1.362129,-0.913273,1.109391,1.399333,-0.720063,0.121795,1.393439,-0.601940,0.726364,1.374346,-0.527701,-0.221339,1.303600,-0.465281,-0.681973,0.775409,-0.818644,-0.405742,0.238204,-0.808607,0.734425,0.146445,-0.784829,0.523661,0.200254,-0.752907,0.176544,0.450389,-0.889099,1.156723,-0.504306,-0.885050,0.740082,-0.536239,-0.897640,-0.753086,-0.531074,-0.896728,0.129933,0.319441,-0.931742,0.859902,0.048648,-0.927111,-0.602929,0.108992,-0.876332,1.139905,0.180484,-0.804511,1.107503,0.227101,-0.950824,0.914446,0.007370,-0.924166,1.018992,0.061382,-0.866054,0.944492,-0.200866,-0.781720,0.085722,-1.683931,0.311374,-0.490632,-1.861414,0.567193,-1.660389,-1.720673,-1.306268,-1.430805,-1.443908,-1.428041,-1.612968,-1.131191,-1.097945,-1.079991,-0.170803,-1.836940,-2.212252,-0.693229,-2.476769,-1.530593,-0.562290,-2.497461,-1.866122,-1.199832,-1.852155,-2.183634,-1.354527,-1.906430,-1.889318,-1.235704,0.036317,-1.211470,-1.503932,0.962806,1.633143,-1.737707,-0.033850,-1.498112,-1.537965,0.328126,-1.224398,-1.813814,1.166186,-1.947076,-1.661893,0.994410,-2.237815,-1.805398,1.984143,-1.351596,-1.560617,-0.340336,-0.788314,-1.380837,-1.455533,-0.348505,-1.498358,-2.030284,-0.195327,-1.445585,-1.688359,0.084323,-1.300574,-1.488189,-0.192083,-1.471353,-1.124236,-1.276886,-1.621709,-1.268617,-0.754451,-1.162038,-1.535438,-0.098512,-1.251618,-0.844752,0.600058,-1.634902,-1.124645,-0.984133,-1.466583,-0.723710,0.830407,-1.582264,-0.719901,-0.340868,-1.437775,-1.684462,1.106047,-1.537148,-1.008527,0.385572,-1.466330,-1.592409,0.816312,-1.708504,-2.101795,0.011905,-1.706712,-0.955735,-0.566362,-1.468541,-1.596150,-1.044204,-1.547137,-1.829505,-0.546788,-1.530187,-1.583617,0.839428,-1.314653,-0.817012,-0.076082,-1.591465,-0.840040,0.052414,-1.484657,-1.578716,0.816810,-1.535944,-1.409857,-0.931775,-1.268462,-1.935451,-0.979696,-1.572541,-1.171401,-1.065471,-1.645260,-0.713472,-0.576071,-1.370604,-1.078586,0.416985,-1.225229,-1.005270,0.868810,-1.526215,-0.410491,-0.235619,-1.613648,0.149198,-0.968293,-1.525938,-1.706508,-2.561470,-1.477843,-1.513721,0.667835,-1.737653,-1.669394,-1.405339,-1.713972,-0.876522,0.105942,-1.642347,-1.106661,-1.075993,-1.522844,-0.847310,-0.876850,-1.778544,0.020188,1.617531,-1.546353,1.502995,0.591300,-1.671597,0.083973,0.444047,-1.832406,-0.367249,0.388246,-1.637485,-0.206611,1.106733,-1.400526,0.532153,-0.284492,-1.542103,-1.412410,-1.110787,-1.775511,-1.605087,-0.235519,-1.693550,-0.899771,0.271584,-1.674209,-0.692880,0.331611,-1.351264,0.863784,0.390506,-1.678451,-0.592582,-1.973750,-1.739673,-1.116398,-2.501666,-1.664823,-0.921776,-2.343400,-1.610575,-0.816507,-0.613328,-1.263210,-0.636406,0.898070
-1.137987,1.148369,-1.555310,-0.092819,-1.706867,1.372521,0.560444,-0.419136,0.467173,0.510459,-1.396167,1.047802,1.201078,-0.917087,0.457698,0.269861,-1.711863,3.533787,-1.431173,-0.770694,-0.270085,-1.621175,0.963232,2.285164,-0.170180,0.139067,-0.014318,0.268594,-0.119957,0.336104,0.417680,0.188787,-0.093274,0.417673,0.188854,0.000390,-1.191036,0.353497,-0.223758,-0.347685,0.193004,1.485520,-0.347685,0.000390,0.000390,-1.551888,0.102679,1.596338,-0.897667,-0.991022,-0.859973,-1.933603,-0.976349,-0.546671,-1.744525,-1.158926,1.883550,-0.347685,0.000390,0.000390,-0.346921,0.000390,0.000390,-0.347685,0.000390,0.000390,0.417673,0.188853,0.000390,0.417673,0.188853,0.000390,0.417680,0.188853,0.000390,-1.613496,-0.119284,-2.341340,-2.011616,-0.844250,-0.789018,-1.690885,0.688982,-0.009272,-1.945128,0.589046,1.612419,-1.833719,1.329845,0.848136,-1.609462,0.299071,1.608625,-1.957447,0.677729,0.958978,-1.486831,1.286808,1.880257,-1.741000,1.220015,-0.868708,-1.443473,0.171095,0.045379,-1.052279,1.099686,-0.804393,-1.657414,1.075687,0.922396,-1.735411,1.055917,2.232633,-1.722458,0.311749,-0.675427,-1.728362,1.261665,-1.203491,-1.301395,1.376553,-1.411883,-1.451845,1.570085,0.772343,-1.542801,-0.179195,0.175565,-1.302472,0.187957,-0.177274,-1.844073,1.485541,-1.257680,-1.079934,0.752159,-0.440773,1.367805,-0.870732,1.109391,1.403800,-0.680938,0.121795,1.397220,-0.567325,0.726364,1.378408,-0.496575,-0.221339,1.307484,-0.436739,-0.681973,0.783488,-0.789243,-0.405742,0.245347,-0.782526,0.734425,0.152651,-0.759874,0.523661,0.206387,-0.728857,0.176544,0.457267,-0.860484,1.156723,-0.499243,-0.859821,0.740082,-0.531785,-0.874109,-0.753086,-0.526628,-0.874383,0.129933,0.325322,-0.902809,0.859902,0.053290,-0.901352,-0.602929,0.113238,-0.851665,1.139905,0.184657,-0.780331,1.107503,0.232345,-0.921585,0.914446,0.012058,-0.897927,1.018992,0.065789,-0.840289,0.944492,-0.196674,-0.755780,0.085722,-1.128397,-0.029764,-2.754088,-1.305185,0.752654,-2.316358,-1.215665,-0.414337,-1.172461,-1.361315,-0.843237,-2.606073,-1.091941,-0.147179,-0.387814,0.236956,-1.772286,-1.808025,-0.502386,-1.045003,-0.902869,-0.458150,-0.977276,-1.069242,-0.888782,-0.951561,-1.806692,-1.492466,-1.339979,0.074900,-1.121593,-0.090251,0.394705,-1.479419,0.084526,1.841985,-1.343946,-0.712920,-2.304899,-1.607800,-1.134282,-2.125362,-0.968994,-0.193097,-1.589386,-0.741956,-1.305510,-1.468398,-0.467634,0.133100,-1.380639,-1.529452,-0.290254,-1.286130,-1.398470,-0.203980,1.286634,-1.232273,-0.664083,0.832309,-1.266917,-1.411665,1.072060,-1.205481,-1.295309,-1.607145,-1.208591,-1.751408,0.030440,-0.808538,-0.839358,0.024942,-1.023700,-0.193864,0.812188,-1.187520,-0.569215,0.107877,-0.852904,-0.933824,-1.331701,-1.444296,-0.830075,-0.926491,-1.560719,-0.960381,-0.206427,-1.422518,-1.200240,0.230475,-1.209856,-0.705234,-0.000018,-1.385505,-1.507253,1.216079,-1.342299,-2.019552,0.248697,-1.396317,-1.999601,-0.572458,-1.186741,-1.520208,-0.655183,-1.299379,-1.736226,0.230220,-1.587770,-0.889703,1.366770,-1.402305,-0.876522,1.078910,-1.379550,-0.911467,-0.991607,-1.330896,-0.806355,0.664674,-1.329283,-1.725909,-0.845576,-1.362257,-1.059950,0.234861,-1.308305,-1.309459,0.065544,-1.432284,-0.729376,-0.785760,-1.588556,-0.610210,0.932764,-1.478750,-1.125793,0.869851,-1.373476,-0.602238,0.347732,-1.049684,-1.184310,-0.894249,-2.358421,-1.085509,-2.580336,-1.746251,-0.703664,-0.004106,-1.697228,-0.719158,-1.451941,-1.707768,-1.174266,0.708198,-1.671654,-1.318278,-1.288166,-1.614339,-1.114469,-0.829647,-1.247359,-0.563064,0.911477,-1.640739,0.893594,0.900209,-1.703911,-0.617809,0.638927,-1.826141,-1.009009,0.852183,-1.896006,-0.866842,2.330179,-1.659788,0.968408,2.020226,-1.764929,-0.703894,-0.400433,-1.735846,-1.032790,0.318981,-1.687376,-1.235627,0.878042,-1.703401,-1.050697,0.313485,-1.154208,0.274010,0.734095,-1.707163,-0.989020,-1.683063,-1.733541,-1.482309,-1.898470,-1.917669,-0.177329,-1.749489,-1.379943,-0.918713,-0.867253,-1.446712,-0.710533,-0.463491
-1.137987,1.148369,-1.555310,-0.092819,-1.706867,1.372521,0.560444,-0.419136,0.467173,0.510459,-1.396167,1.047802,1.201078,-0.917087,0.457698,0.269861,-1.711863,3.533787,-1.431173,-0.770694,-0.270085,-1.621175,0.963232,2.285164,-0.170180,0.139067,-0.014318,0.268594,-0.119957,0.336104,0.417680,0.188787,-0.093274,0.417673,0.188854,0.000390,-1.191036,0.353497,-0.223758,-0.347685,0.193004,1.485520,-0.347685,0.000390,0.000390,-1.551888,0.102679,1.596338,-0.897667,-0.991022,-0.859973,-1.933603,-0.976349,-0.546671,-1.744525,-1.158926,1.883550,-0.347685,0.000390,0.000390,-0.346921,0.000390,0.000390,-0.347685,0.000390,0.000390,0.417673,0.188853,0.000390,0.417673,0.188853,0.000390,0.417680,0.188853,0.000390,-1.613496,-0.119284,-2.341340,-2.011616,-0.844250,-0.789018,-1.690885,0.688982,-0.009272,-1.945128,0.589046,1.612419,-1.833719,1.329845,0.848136,-1.609462,0.299071,1.608625,-1.957447,0.677729,0.958978,-1.486831,1.286808,1.880257,-1.741000,1.220015,-0.868708,-1.443473,0.171095,0.045379,-1.052279,1.099686,-0.804393,-1.657414,1.075687,0.922396,-1.735411,1.055917,2.232633,-1.722458,0.311749,-0.675427,-1.728362,1.261665,-1.203491,-1.301395,1.376553,-1.411883,-1.451845,1.570085,0.772343,-1.542801,-0.179195,0.175565,-1.302472,0.187957,-0.177274,-1.844073,1.485541,-1.257680,-1.079934,0.752159,-0.440773,1.367805,-0.870732,1.109391,1.403800,-0.680938,0.121795,1.397220,-0.567325,0.726364,1.378408,-0.496575,-0.221339,1.307484,-0.436739,-0.681973,0.783488,-0.789243,-0.405742,0.245347,-0.782526,0.734425,0.152651,-0.759874,0.523661,0.206387,-0.728857,0.176544,0.457267,-0.860484,1.156723,-0.499243,-0.859821,0.740082,-0.531785,-0.874109,-0.753086,-0.526628,-0.874383,0.129933,0.325322,-0.902809,0.859902,0.053290,-0.901352,-0.602929,0.113238,-0.851665,1.139905,0.184657,-0.780331,1.107503,0.232345,-0.921585,0.914446,0.012058,-0.897927,1.018992,0.065789,-0.840289,0.944492,-0.196674,-0.755780,0.085722,-1.128397,-0.029764,-2.754088,-1.305185,0.752654,-2.316358,-1.215665,-0.414337,-1.172461,-1.361315,-0.843237,-2.606073,-1.091941,-0.147179,-0.387814,0.236956,-1.772286,-1.808025,-0.502386,-1.045003,-0.902869,-0.458150,-0.977276,-1.069242,-0.888782,-0.951561,-1.806692,-1.492466,-1.339979,0.074900,-1.121593,-0.090251,0.394705,-1.479419,0.084526,1.841985,-1.343946,-0.712920,-2.304899,-1.607800,-1.134282,-2.125362,-0.968994,-0.193097,-1.589386,-0.741956,-1.305510,-1.468398,-0.467634,0.133100,-1.380639,-1.529452,-0.290254,-1.286130,-1.398470,-0.203980,1.286634,-1.232273,-0.664083,0.832309,-1.266917,-1.411665,1.072060,-1.205481,-1.295309,-1.607145,-1.208591,-1.751408,0.030440,-0.808538,-0.839358,0.024942,-1.023700,-0.193864,0.812188,-1.187520,-0.569215,0.107877,-0.852904,-0.933824,-1.331701,-1.444296,-0.830075,-0.926491,-1.560719,-0.960381,-0.206427,-1.422518,-1.200240,0.230475,-1.209856,-0.705234,-0.000018,-1.385505,-1.507253,1.216079,-1.342299,-2.019552,0.248697,-1.396317,-1.999601,-0.572458,-1.186741,-1.520208,-0.655183,-1.299379,-1.736226,0.230220,-1.587770,-0.889703,1.366770,-1.402305,-0.876522,1.078910,-1.379550,-0.911467,-0.991607,-1.330896,-0.806355,0.664674,-1.329283,-1.725909,-0.845576,-1.362257,-1.059950,0.234861,-1.308305,-1.309459,0.065544,-1.432284,-0.729376,-0.785760,-1.588556,-0.610210,0.932764,-1.478750,-1.125793,0.869851,-1.373476,-0.602238,0.347732,-1.049684,-1.184310,-0.894249,-2.358421,-1.085509,-2.580336,-1.746251,-0.703664,-0.004106,-1.697228,-0.719158,-1.451941,-1.707768,-1.174266,0.708198,-1.671654,-1.318278,-1.288166,-1.614339,-1.114469,-0.829647,-1.247359,-0.563064,0.911477,-1.640739,0.893594,0.900209,-1.703911,-0.617809,0.638927,-1.826141,-1.009009,0.852183,-1.896006,-0.866842,2.330179,-1.659788,0.968408,2.020226,-1.764929,-0.703894,-0.400433,-1.735846,-1.032790,0.318981,-1.687376,-1.235627,0.878042,-1.703401,-1.050697,0.313485,-1.154208,0.274010,0.734095,-1.707163,-0.989020,-1.683063,-1.733541,-1.482309,-1.898470,-1.917669,-0.177329,-1.749489,-1.379943,-0.918713,-0.867253,-1.446712,-0.710533,-0.463491
-1.137987,1.148369,-1.555310,-0.092819,-1.706867,1.372521,0.560444,-0.419136,0.467173,0.510459,-1.396167,1.047802,1.201078,-0.917087,0.457698,0.269861,-1.711863,3.533787,-1.431173,-0.770694,-0.270085,-1.621175,0.963232,2.285164,-0.170180,0.139067,-0.014318,0.268594,-0.119957,0.336104,0.417680,0.188787,-0.093274,0.417673,0.188854,0.000390,-1.191036,0.353497,-0.223758,-0.347685,0.193004,1.485520,-0.347685,0.000390,0.000390,-1.551888,0.102679,1.596338,-0.897667,-0.991022,-0.859973,-1.933603,-0.976349,-0.546671,-1.744525,-1.158926,1.883550,-0.347685,0.000390,0.000390,-0.346921,0.000390,0.000390,-0.347685,0.000390,0.000390,0.417673,0.188853,0.000390,0.417673,0.188853,0.000390,0.417680,0.188853,0.000390,-1.613496,-0.119284,-2.341340,-2.011616,-0.844250,-0.789018,-1.690885,0.688982,-0.009272,-1.945128,0.589046,1.612419,-1.833719,1.329845,0.848136,-1.609462,0.299071,1.608625,-1.957447,0.677729,0.958978,-1.486831,1.286808,1.880257,-1.741000,1.220015,-0.868708,-1.443473,0.171095,0.045379,-1.052279,1.099686,-0.804393,-1.657414,1.075687,0.922396,-1.735411,1.055917,2.232633,-1.722458,0.311749,-0.675427,-1.728362,1.261665,-1.203491,-1.301395,1.376553,-1.411883,-1.451845,1.570085,0.772343,-1.542801,-0.179195,0.175565,-1.302472,0.187957,-0.177274,-1.844073,1.485541,-1.257680,-1.079934,0.752159,-0.440773,1.367805,-0.870732,1.109391,1.403800,-0.680938,0.121795,1.397220,-0.567325,0.726364,1.378408,-0.496575,-0.221339,1.307484,-0.436739,-0.681973,0.783488,-0.789243,-0.405742,0.245347,-0.782526,0.734425,0.152651,-0.759874,0.523661,0.206387,-0.728857,0.176544,0.457267,-0.860484,1.156723,-0.499243,-0.859821,0.740082,-0.531785,-0.874109,-0.753086,-0.526628,-0.874383,0.129933,0.325322,-0.902809,0.859902,0.053290,-0.901352,-0.602929,0.113238,-0.851665,1.139905,0.184657,-0.780331,1.107503,0.232345,-0.921585,0.914446,0.012058,-0.897927,1.018992,0.065789,-0.840289,0.944492,-0.196674,-0.755780,0.085722,-1.128397,-0.029764,-2.754088,-1.305185,0.752654,-2.316358,-1.215665,-0.414337,-1.172461,-1.361315,-0.843237,-2.606073,-1.091941,-0.147179,-0.387814,0.236956,-1.772286,-1.808025,-0.502386,-1.045003,-0.902869,-0.458150,-0.977276,-1.069242,-0.888782,-0.951561,-1.806692,-1.492466,-1.339979,0.074900,-1.121593,-0.090251,0.394705,-1.479419,0.084526,1.841985,-1.343946,-0.712920,-2.304899,-1.607800,-1.134282,-2.125362,-0.968994,-0.193097,-1.589386,-0.741956,-1.305510,-1.468398,-0.467634,0.133100,-1.380639,-1.529452,-0.290254,-1.286130,-1.398470,-0.203980,1.286634,-1.232273,-0.664083,0.832309,-1.266917,-1.411665,1.072060,-1.205481,-1.295309,-1.607145,-1.208591,-1.751408,0.030440,-0.808538,-0.839358,0.024942,-1.023700,-0.193864,0.812188,-1.187520,-0.569215,0.107877,-0.852904,-0.933824,-1.331701,-1.444296,-0.830075,-0.926491,-1.560719,-0.960381,-0.206427,-1.422518,-1.200240,0.230475,-1.209856,-0.705234,-0.000018,-1.385505,-1.507253,1.216079,-1.342299,-2.019552,0.248697,-1.396317,-1.999601,-0.572458,-1.186741,-1.520208,-0.655183,-1.299379,-1.736226,0.230220,-1.587770,-0.889703,1.366770,-1.402305,-0.876522,1.078910,-1.379550,-0.911467,-0.991607,-1.330896,-0.806355,0.664674,-1.329283,-1.725909,-0.845576,-1.362257,-1.059950,0.234861,-1.308305,-1.309459,0.065544,-1.432284,-0.729376,-0.785760,-1.588556,-0.610210,0.932764,-1.478750,-1.125793,0.869851,-1.373476,-0.602238,0.347732,-1.049684,-1.184310,-0.894249,-2.358421,-1.085509,-2.580336,-1.746251,-0.703664,-0.004106,-1.697228,-0.719158,-1.451941,-1.707768,-1.174266,0.708198,-1.671654,-1.318278,-1.288166,-1.614339,-1.114469,-0.829647,-1.247359,-0.563064,0.911477,-1.640739,0.893594,0.900209,-1.703911,-0.617809,0.638927,-1.826141,-1.009009,0.852183,-1.896006,-0.866842,2.330179,-1.659788,0.968408,2.020226,-1.764929,-0.703894,-0.400433,-1.735846,-1.032790,0.318981,-1.687376,-1.235627,0.878042,-1.703401,-1.050697,0.313485,-1.154208,0.274010,0.734095,-1.707163,-0.989020,-1.683063,-1.733541,-1.482309,-1.898470,-1.917669,-0.177329,-1.749489,-1.379943,-0.918713,-0.867253,-1.446712,-0.710533,-0.463491
-1.137987,1.148369,-1.555310,-0.092819,-1.706867,1.372521,0.560444,-0.419136,0.467173,0.510459,-1.396167,1.047802,1.201078,-0.917087,0.457698,0.269861,-1.711863,3.533787,-1.431173,-0.770694,-0.270085,-1.621175,0.963232,2.285164,-0.170180,0.139067,-0.014318,0.268594,-0.119957,0.336104,0.417680,0.188787,-0.093274,0.417673,0.188854,0.000390,-1.191036,0.353497,-0.223758,-0.347685,0.193004,1.485520,-0.347685,0.000390,0.000390,-1.551888,0.102679,1.596338,-0.897667,-0.991022,-0.859973,-1.933603,-0.976349,-0.546671,-1.744525,-1.158926,1.883550,-0.347685,0.000390,0.000390,-0.346921,0.000390,0.000390,-0.347685,0.000390,0.000390,0.417673,0.188853,0.000390,0.417673,0.188853,0.000390,0.417680,0.188853,0.000390,-1.613496,-0.119284,-2.341340,-2.011616,-0.844250,-0.789018,-1.690885,0.688982,-0.009272,-1.945128,0.589046,1.612419,-1.833719,1.329845,0.848136,-1.609462,0.299071,1.608625,-1.957447,0.677729,0.958978,-1.486831,1.286808,1.880257,-1.741000,1.220015,-0.868708,-1.443473,0.171095,0.045379,-1.052279,1.099686,-0.804393,-1.657414,1.075687,0.922396,-1.735411,1.055917,2.232633,-1.722458,0.311749,-0.675427,-1.728362,1.261665,-1.203491,-1.301395,1.376553,-1.411883,-1.451845,1.570085,0.772343,-1.542801,-0.179195,0.175565,-1.302472,0.187957,-0.177274,-1.844073,1.485541,-1.257680,-1.079934,0.752159,-0.440773,1.367805,-0.870732,1.109391,1.403800,-0.680938,0.121795,1.397220,-0.567325,0.726364,1.378408,-0.496575,-0.221339,1.307484,-0.436739,-0.681973,0.783488,-0.789243,-0.405742,0.245347,-0.782526,0.734425,0.152651,-0.759874,0.523661,0.206387,-0.728857,0.176544,0.457267,-0.860484,1.156723,-0.499243,-0.859821,0.740082,-0.531785,-0.874109,-0.753086,-0.526628,-0.874383,0.129933,0.325322,-0.902809,0.859902,0.053290,-0.901352,-0.602929,0.113238,-0.851665,1.139905,0.184657,-0.780331,1.107503,0.232345,-0.921585,0.914446,0.012058,-0.897927,1.018992,0.065789,-0.840289,0.944492,-0.196674,-0.755780,0.085722,-1.128397,-0.029764,-2.754088,-1.305185,0.752654,-2.316358,-1.215665,-0.414337,-1.172461,-1.361315,-0.843237,-2.606073,-1.091941,-0.147179,-0.387814,0.236956,-1.772286,-1.808025,-0.502386,-1.045003,-0.902869,-0.458150,-0.977276,-1.069242,-0.888782,-0.951561,-1.806692,-1.492466,-1.339979,0.074900,-1.121593,-0.090251,0.394705,-1.479419,0.084526,1.841985,-1.343946,-0.712920,-2.304899,-1.607800,-1.134282,-2.125362,-0.968994,-0.193097,-1.589386,-0.741956,-1.305510,-1.468398,-0.467634,0.133100,-1.380639,-1.529452,-0.290254,-1.286130,-1.398470,-0.203980,1.286634,-1.232273,-0.664083,0.832309,-1.266917,-1.411665,1.072060,-1.205481,-1.295309,-1.607145,-1.208591,-1.751408,0.030440,-0.808538,-0.839358,0.024942,-1.023700,-0.193864,0.812188,-1.187520,-0.569215,0.107877,-0.852904,-0.933824,-1.331701,-1.444296,-0.830075,-0.926491,-1.560719,-0.960381,-0.206427,-1.422518,-1.200240,0.230475,-1.209856,-0.705234,-0.000018,-1.385505,-1.507253,1.216079,-1.342299,-2.019552,0.248697,-1.396317,-1.999601,-0.572458,-1.186741,-1.520208,-0.655183,-1.299379,-1.736226,0.230220,-1.587770,-0.889703,1.366770,-1.402305,-0.876522,1.078910,-1.379550,-0.911467,-0.991607,-1.330896,-0.806355,0.664674,-1.329283,-1.725909,-0.845576,-1.362257,-1.059950,0.234861,-1.308305,-1.309459,0.065544,-1.432284,-0.729376,-0.785760,-1.588556,-0.610210,0.932764,-1.478750,-1.125793,0.869851,-1.373476,-0.602238,0.347732,-1.049684,-1.184310,-0.894249,-2.358421,-1.085509,-2.580336,-1.746251,-0.703664,-0.004106,-1.697228,-0.719158,-1.451941,-1.707768,-1.174266,0.708198,-1.671654,-1.318278,-1.288166,-1.614339,-1.114469,-0.829647,-1.247359,-0.563064,0.911477,-1.640739,0.893594,0.900209,-1.703911,-0.617809,0.638927,-1.826141,-1.009009,0.852183,-1.896006,-0.866842,2.330179,-1.659788,0.968408,2.020226,-1.764929,-0.703894,-0.400433,-1.735846,-1.032790,0.318981,-1.687376,-1.235627,0.878042,-1.703401,-1.050697,0.313485,-1.154208,0.274010,0.734095,-1.707163,-0.989020,-1.683063,-1.733541,-1.482309,-1.898470,-1.917669,-0.177329,-1.749489,-1.379943,-0.918713,-0.867253,-1.446712,-0.710533,-0.463491
-1.137987,1.148369,-1.555310,-0.092819,-1.706867,1.372521,0.560444,-0.419136,0.467173,0.510459,-1.396167,1.047802,1.201078,-0.917087,0.457698,0.269861,-1.711863,3.533787,-1.431173,-0.770694,-0.270085,-1.621175,0.963232,2.285164,-0.170180,0.139067,-0.014318,0.268594,-0.119957,0.336104,0.417680,0.188787,-0.093274,0.417673,0.188854,0.000390,-1.191036,0.353497,-0.223758,-0.347685,0.193004,1.485520,-0.347685,0.000390,0.000390,-1.551888,0.102679,1.596338,-0.897667,-0.991022,-0.859973,-1.933603,-0.976349,-0.546671,-1.744525,-1.158926,1.883550,-0.347685,0.000390,0.000390,-0.346921,0.000390,0.000390,-0.347685,0.000390,0.000390,0.417673,0.188853,0.000390,0.417673,0.188853,0.000390,0.417680,0.188853,0.000390,-1.613496,-0.119284,-2.341340,-2.011616,-0.844250,-0.789018,-1.690885,0.688982,-0.009272,-1.945128,0.589046,1.612419,-1.833719,1.329845,0.848136,-1.609462,0.299071,1.608625,-1.957447,0.677729,0.958978,-1.486831,1.286808,1.880257,-1.741000,1.220015,-0.868708,-1.443473,0.171095,0.045379,-1.052279,1.099686,-0.804393,-1.657414,1.075687,0.922396,-1.735411,1.055917,2.232633,-1.722458,0.311749,-0.675427,-1.728362,1.261665,-1.203491,-1.301395,1.376553,-1.411883,-1.451845,1.570085,0.772343,-1.542801,-0.179195,0.175565,-1.302472,0.187957,-0.177274,-1.844073,1.485541,-1.257680,-1.079934,0.752159,-0.440773,1.367805,-0.870732,1.109391,1.403800,-0.680938,0.121795,1.397220,-0.567325,0.726364,1.378408,-0.496575,-0.221339,1.307484,-0.436739,-0.681973,0.783488,-0.789243,-0.405742,0.245347,-0.782526,0.734425,0.152651,-0.759874,0.523661,0.206387,-0.728857,0.176544,0.457267,-0.860484,1.156723,-0.499243,-0.859821,0.740082,-0.531785,-0.874109,-0.753086,-0.526628,-0.874383,0.129933,0.325322,-0.902809,0.859902,0.053290,-0.901352,-0.602929,0.113238,-0.851665,1.139905,0.184657,-0.780331,1.107503,0.232345,-0.921585,0.914446,0.012058,-0.897927,1.018992,0.065789,-0.840289,0.944492,-0.196674,-0.755780,0.085722,-1.128397,-0.029764,-2.754088,-1.305185,0.752654,-2.316358,-1.215665,-0.414337,-1.172461,-1.361315,-0.843237,-2.606073,-1.091941,-0.147179,-0.387814,0.236956,-1.772286,-1.808025,-0.502386,-1.045003,-0.902869,-0.458150,-0.977276,-1.069242,-0.888782,-0.951561,-1.806692,-1.492466,-1.339979,0.074900,-1.121593,-0.090251,0.394705,-1.479419,0.084526,1.841985,-1.343946,-0.712920,-2.304899,-1.607800,-1.134282,-2.125362,-0.968994,-0.193097,-1.589386,-0.741956,-1.305510,-1.468398,-0.467634,0.133100,-1.380639,-1.529452,-0.290254,-1.286130,-1.398470,-0.203980,1.286634,-1.232273,-0.664083,0.832309,-1.266917,-1.411665,1.072060,-1.205481,-1.295309,-1.607145,-1.208591,-1.751408,0.030440,-0.808538,-0.839358,0.024942,-1.023700,-0.193864,0.812188,-1.187520,-0.569215,0.107877,-0.852904,-0.933824,-1.331701,-1.444296,-0.830075,-0.926491,-1.560719,-0.960381,-0.206427,-1.422518,-1.200240,0.230475,-1.209856,-0.705234,-0.000018,-1.385505,-1.507253,1.216079,-1.342299,-2.019552,0.248697,-1.396317,-1.999601,-0.572458,-1.186741,-1.520208,-0.655183,-1.299379,-1.736226,0.230220,-1.587770,-0.889703,1.366770,-1.402305,-0.876522,1.078910,-1.379550,-0.911467,-0.991607,-1.330896,-0.806355,0.664674,-1.329283,-1.725909,-0.845576,-1.362257,-1.059950,0.234861,-1.308305,-1.309459,0.065544,-1.432284,-0.729376,-0.785760,-1.588556,-0.610210,0.932764,-1.478750,-1.125793,0.869851,-1.373476,-0.602238,0.347732,-1.049684,-1.184310,-0.894249,-2.358421,-1.085509,-2.580336,-1.746251,-0.703664,-0.004106,-1.697228,-0.719158,-1.451941,-1.707768,-1.174266,0.708198,-1.671654,-1.318278,-1.288166,-1.614339,-1.114469,-0.829647,-1.247359,-0.563064,0.911477,-1.640739,0.893594,0.900209,-1.703911,-0.617809,0.638927,-1.826141,-1.009009,0.852183,-1.896006,-0.866842,2.330179,-1.659788,0.968408,2.020226,-1.764929,-0.703894,-0.400433,-1.735846,-1.032790,0.318981,-1.687376,-1.235627,0.878042,-1.703401,-1.050697,0.313485,-1.154208,0.274010,0.734095,-1.707163,-0.989020,-1.683063,-1.733541,-1.482309,-1.898470,-1.917669,-0.177329,-1.749489,-1.379943,-0.918713,-0.867253,-1.446712,-0.710533,-0.463491
-1.137987,1.148369,-1.555310,-0.092819,-1.706867,1.372521,0.560444,-0.419136,0.467173,0.510459,-1.396167,1.047802,1.201078,-0.917087,0.457698,0.269861,-1.711863,3.533787,-1.431173,-0.770694,-0.270085,-1.621175,0.963232,2.285164,-0.170180,0.139067,-0.014318,0.268594,-0.119957,0.336104,0.417680,0.188787,-0.093274,0.417673,0.188854,0.000390,-1.191036,0.353497,-0.223758,-0.347685,0.193004,1.485520,-0.347685,0.000390,0.000390,-1.551888,0.102679,1.596338,-0.897667,-0.991022,-0.859973,-1.933603,-0.976349,-0.546671,-1.744525,-1.158926,1.883550,-0.347685,0.000390,0.000390,-0.346921,0.000390,0.000390,-0.347685,0.000390,0.000390,0.417673,0.188853,0.000390,0.417673,0.188853,0.000390,0.417680,0.188853,0.000390,-1.613496,-0.119284,-2.341340,-2.011616,-0.844250,-0.789018,-1.690885,0.688982,-0.009272,-1.945128,0.589046,1.612419,-1.833719,1.329845,0.848136,-1.609462,0.299071,1.608625,-1.957447,0.677729,0.958978,-1.486831,1.286808,1.880257,-1.741000,1.220015,-0.868708,-1.443473,0.171095,0.045379,-1.052279,1.099686,-0.804393,-1.657414,1.075687,0.922396,-1.735411,1.055917,2.232633,-1.722458,0.311749,-0.675427,-1.728362,1.261665,-1.203491,-1.301395,1.376553,-1.411883,-1.451845,1.570085,0.772343,-1.542801,-0.179195,0.175565,-1.302472,0.187957,-0.177274,-1.844073,1.485541,-1.257680,-1.079934,0.752159,-0.440773,1.367805,-0.870732,1.109391,1.403800,-0.680938,0.121795,1.397220,-0.567325,0.726364,1.378408,-0.496575,-0.221339,1.307484,-0.436739,-0.681973,0.783488,-0.789243,-0.405742,0.245347,-0.782526,0.734425,0.152651,-0.759874,0.523661,0.206387,-0.728857,0.176544,0.457267,-0.860484,1.156723,-0.499243,-0.859821,0.740082,-0.531785,-0.874109,-0.753086,-0.526628,-0.874383,0.129933,0.325322,-0.902809,0.859902,0.053290,-0.901352,-0.602929,0.113238,-0.851665,1.139905,0.184657,-0.780331,1.107503,0.232345,-0.921585,0.914446,0.012058,-0.897927,1.018992,0.065789,-0.840289,0.944492,-0.196674,-0.755780,0.085722,-1.128397,-0.029764,-2.754088,-1.305185,0.752654,-2.316358,-1.215665,-0.414337,-1.172461,-1.361315,-0.843237,-2.606073,-1.091941,-0.147179,-0.387814,0.236956,-1.772286,-1.808025,-0.502386,-1.045003,-0.902869,-0.458150,-0.977276,-1.069242,-0.888782,-0.951561,-1.806692,-1.492466,-1.339979,0.074900,-1.121593,-0.090251,0.394705,-1.479419,0.084526,1.841985,-1.343946,-0.712920,-2.304899,-1.607800,-1.134282,-2.125362,-0.968994,-0.193097,-1.589386,-0.741956,-1.305510,-1.468398,-0.467634,0.133100,-1.380639,-1.529452,-0.290254,-1.286130,-1.398470,-0.203980,1.286634,-1.232273,-0.664083,0.832309,-1.266917,-1.411665,1.072060,-1.205481,-1.295309,-1.607145,-1.208591,-1.751408,0.030440,-0.808538,-0.839358,0.024942,-1.023700,-0.193864,0.812188,-1.187520,-0.569215,0.107877,-0.852904,-0.933824,-1.331701,-1.444296,-0.830075,-0.926491,-1.560719,-0.960381,-0.206427,-1.422518,-1.200240,0.230475,-1.209856,-0.705234,-0.000018,-1.385505,-1.507253,1.216079,-1.342299,-2.019552,0.248697,-1.396317,-1.999601,-0.572458,-1.186741,-1.520208,-0.655183,-1.299379,-1.736226,0.230220,-1.587770,-0.889703,1.366770,-1.402305,-0.876522,1.078910,-1.379550,-0.911467,-0.991607,-1.330896,-0.806355,0.664674,-1.329283,-1.725909,-0.845576,-1.362257,-1.059950,0.234861,-1.308305,-1.309459,0.065544,-1.432284,-0.729376,-0.785760,-1.588556,-0.610210,0.932764,-1.478750,-1.125793,0.869851,-1.373476,-0.602238,0.347732,-1.049684,-1.184310,-0.894249,-2.358421,-1.085509,-2.580336,-1.746251,-0.703664,-0.004106,-1.697228,-0.719158,-1.451941,-1.707768,-1.174266,0.708198,-1.671654,-1.318278,-1.288166,-1.614339,-1.114469,-0.829647,-1.247359,-0.563064,0.911477,-1.640739,0.893594,0.900209,-1.703911,-0.617809,0.638927,-1.826141,-1.009009,0.852183,-1.896006,-0.866842,2.330179,-1.659788,0.968408,2.020226,-1.764929,-0.703894,-0.400433,-1.735846,-1.032790,0.318981,-1.687376,-1.235627,0.878042,-1.703401,-1.050697,0.313485,-1.154208,0.274010,0.734095,-1.707163,-0.989020,-1.683063,-1.733541,-1.482309,-1.898470,-1.917669,-0.177329,-1.749489,-1.379943,-0.918713,-0.867253,-1.446712,-0.710533,-0.463491
-1.131422,1.168563,-1.548767,-2.743636,-0.743769,-0.563543,-1.070353,-0.391851,-0.000308,0.523042,-0.767250,0.980561,1.349632,-0.870290,0.182088,-2.904701,-0.408679,0.669829,-1.429943,-0.767203,-1.373108,-1.637661,0.931478,1.683766,-0.028206,0.146539,-0.198268,0.287345,-0.121709,-0.418803,0.384651,0.188955,-0.702063,0.384644,0.188854,0.000390,0.839061,0.367205,-0.517893,-0.835447,0.193004,-0.641181,-0.835447,0.000390,0.000390,-1.547173,0.251156,1.006889,-0.906325,-0.146874,-0.930875,-2.198431,-0.943780,-0.225519,-1.752633,0.668218,0.809026,-0.835447,0.000390,0.000390,-0.834683,0.000390,0.000390,-0.835447,0.000390,0.000390,0.384644,0.188853,0.000390,0.384644,0.188853,0.000390,0.384651,0.188853,0.000390,-1.641808,-0.669026,-0.319548,-0.948447,-0.909152,-0.471610,-1.705377,-1.491924,0.402103,-1.655379,0.517711,0.641883,-1.537623,0.752830,0.352849,-1.261917,-0.267419,1.409431,-0.797103,0.150573,0.641011,-1.185446,0.474579,-0.357944,-0.700693,0.438846,-1.628660,-0.468910,0.117182,-0.221793,-1.072541,0.654331,0.031283,-1.099140,1.017628,-0.599176,-0.921651,0.998406,0.410565,-1.332288,-0.673934,-2.160098,-1.750729,0.564127,-2.344401,-1.319510,0.629672,-0.863623,-1.120787,0.904120,1.326713,-1.100645,-1.083640,-1.112493,-1.325389,0.141569,-1.185363,-1.863133,1.169655,-1.858158,-1.918641,1.038008,-1.554869,1.453498,-0.860401,1.109391,1.471228,-0.671436,0.121795,1.454314,-0.558918,0.726364,1.439728,-0.489015,-0.221339,1.366115,-0.429808,-0.681973,0.905462,-0.782103,-0.405742,0.353189,-0.776192,0.734425,0.246331,-0.753813,0.523661,0.298985,-0.723016,0.176544,0.561103,-0.853534,1.156723,-0.422798,-0.853694,0.740082,-0.464542,-0.868394,-0.753086,-0.459511,-0.868956,0.129933,0.414107,-0.895782,0.859902,0.123380,-0.895096,-0.602929,0.177342,-0.845674,1.139905,0.247663,-0.774458,1.107503,0.311520,-0.914484,0.914446,0.082842,-0.891555,1.018992,0.132320,-0.834032,0.944492,-0.133383,-0.749480,0.085722,-1.668089,0.910316,-1.260325,-1.419268,0.965184,-1.959955,-1.317854,-0.014109,-2.276223,-1.453393,-0.309987,-1.675375,-1.168316,0.372880,-0.866112,0.661840,-0.356344,-1.577053,-0.490961,-0.602233,-1.590006,-0.396888,-0.593343,-0.616481,-0.782343,-0.958516,-0.863651,-1.307960,-0.610422,-1.269327,-1.254278,0.830907,-0.022493,-1.572004,0.870334,1.159194,-1.416008,0.046468,-1.200675,-1.661654,0.611544,-1.282624,-1.020314,0.340877,-0.997717,-0.794992,0.429577,-0.807233,-0.516796,0.231892,-0.856684,-1.599081,-0.392498,-0.155614,-1.435623,-0.358537,-0.164798,-1.598181,-0.866037,1.422564,-1.584522,-0.677903,1.051117,-1.473335,-0.556460,-0.399929,-1.099218,-0.147564,0.238200,-0.965215,-0.062713,0.493574,-1.158048,-0.432747,0.687848,-1.294639,-0.743404,0.023061,-0.550237,-0.085460,0.583239,-1.338037,-0.845019,-0.952797,-1.457991,-0.904543,-0.412452,-1.009757,-0.172369,-1.699812,-0.790249,-1.368623,-0.194855,-0.651227,-1.129535,1.221162,-0.935108,-0.646571,1.781378,-0.991193,-1.590743,2.158873,-1.065687,-0.252418,1.698780,-1.161483,-0.405867,1.405263,-1.255432,0.061764,-0.941004,-1.098423,-0.418544,-0.031271,-1.748786,-0.361779,-0.611776,-1.661128,-0.755267,-1.717296,-1.689363,-0.420613,1.032083,-1.050976,-0.985800,0.324566,-1.506905,-0.345927,-0.502282,-0.890245,-0.250264,-0.738540,-1.369150,-0.152105,0.436204,-1.600064,-0.198277,-0.438569,-1.524701,-1.606519,0.801758,-0.856558,-1.156874,0.907951,-1.007724,0.807131,-1.688575,-1.674189,-0.114418,0.247349,-1.004142,-0.162365,0.702379,-1.008209,-0.512056,1.508948,-0.915555,-0.722984,0.881067,-1.456825,-0.593502,0.114759,-1.072953,0.205626,0.214218,-1.478246,0.501438,-0.591558,-1.282063,0.190291,1.322653,-1.119832,0.845555,0.982115,-1.217627,1.041099,1.043272,-1.590182,1.636281,-1.221685,-1.346747,1.390772,-1.578970,-1.055798,-0.529578,1.252260,-0.991226,0.204768,1.505211,-0.950251,0.483880,1.573201,-1.005835,1.067654,0.259886,-0.966400,-0.390592,1.857872,-1.042210,0.034831,1.022959,-0.960668,-0.687653,-0.074394,-1.363473,-0.907815,0.295360,-1.611504,-1.451733,-1.673475
-1.131422,1.168563,-1.548767,-2.743636,-0.743769,-0.563543,-1.070353,-0.391851,-0.000308,0.523042,-0.767250,0.980561,1.349632,-0.870290,0.182088,-2.904701,-0.408679,0.669829,-1.429943,-0.767203,-1.373108,-1.637661,0.931478,1.683766,-0.028206,0.146539,-0.198268,0.287345,-0.121709,-0.418803,0.384651,0.188955,-0.702063,0.384644,0.188854,0.000390,0.839061,0.367205,-0.517893,-0.835447,0.193004,-0.641181,-0.835447,0.000390,0.000390,-1.547173,0.251156,1.006889,-0.906325,-0.146874,-0.930875,-2.198431,-0.943780,-0.225519,-1.752633,0.668218,0.809026,-0.835447,0.000390,0.000390,-0.834683,0.000390,0.000390,-0.835447,0.000390,0.000390,0.384644,0.188853,0.000390,0.384644,0.188853,0.000390,0.384651,0.188853,0.000390,-1.641808,-0.669026,-0.319548,-0.948447,-0.909152,-0.471610,-1.705377,-1.491924,0.402103,-1.655379,0.517711,0.641883,-1.537623,0.752830,0.352849,-1.261917,-0.267419,1.409431,-0.797103,0.150573,0.641011,-1.185446,0.474579,-0.357944,-0.700693,0.438846,-1.628660,-0.468910,0.117182,-0.221793,-1.072541,0.654331,0.031283,-1.099140,1.017628,-0.599176,-0.921651,0.998406,0.410565,-1.332288,-0.673934,-2.160098,-1.750729,0.564127,-2.344401,-1.319510,0.629672,-0.863623,-1.120787,0.904120,1.326713,-1.100645,-1.083640,-1.112493,-1.325389,0.141569,-1.185363,-1.863133,1.169655,-1.858158,-1.918641,1.038008,-1.554869,1.453498,-0.860401,1.109391,1.471228,-0.671436,0.121795,1.454314,-0.558918,0.726364,1.439728,-0.489015,-0.221339,1.366115,-0.429808,-0.681973,0.905462,-0.782103,-0.405742,0.353189,-0.776192,0.734425,0.246331,-0.753813,0.523661,0.298985,-0.723016,0.176544,0.561103,-0.853534,1.156723,-0.422798,-0.853694,0.740082,-0.464542,-0.868394,-0.753086,-0.459511,-0.868956,0.129933,0.414107,-0.895782,0.859902,0.123380,-0.895096,-0.602929,0.177342,-0.845674,1.139905,0.247663,-0.774458,1.107503,0.311520,-0.914484,0.914446,0.082842,-0.891555,1.018992,0.132320,-0.834032,0.944492,-0.133383,-0.749480,0.085722,-1.668089,0.910316,-1.260325,-1.419268,0.965184,-1.959955,-1.317854,-0.014109,-2.276223,-1.453393,-0.309987,-1.675375,-1.168316,0.372880,-0.866112,0.661840,-0.356344,-1.577053,-0.490961,-0.602233,-1.590006,-0.396888,-0.593343,-0.616481,-0.782343,-0.958516,-0.863651,-1.307960,-0.610422,-1.269327,-1.254278,0.830907,-0.022493,-1.572004,0.870334,1.159194,-1.416008,0.046468,-1.200675,-1.661654,0.611544,-1.282624,-1.020314,0.340877,-0.997717,-0.794992,0.429577,-0.807233,-0.516796,0.231892,-0.856684,-1.599081,-0.392498,-0.155614,-1.435623,-0.358537,-0.164798,-1.598181,-0.866037,1.422564,-1.584522,-0.677903,1.051117,-1.473335,-0.556460,-0.399929,-1.099218,-0.147564,0.238200,-0.965215,-0.062713,0.493574,-1.158048,-0.432747,0.687848,-1.294639,-0.743404,0.023061,-0.550237,-0.085460,0.583239,-1.338037,-0.845019,-0.952797,-1.457991,-0.904543,-0.412452,-1.009757,-0.172369,-1.699812,-0.790249,-1.368623,-0.194855,-0.651227,-1.129535,1.221162,-0.935108,-0.646571,1.781378,-0.991193,-1.590743,2.158873,-1.065687,-0.252418,1.698780,-1.161483,-0.405867,1.405263,-1.255432,0.061764,-0.941004,-1.098423,-0.418544,-0.031271,-1.748786,-0.361779,-0.611776,-1.661128,-0.755267,-1.717296,-1.689363,-0.420613,1.032083,-1.050976,-0.985800,0.324566,-1.506905,-0.345927,-0.502282,-0.890245,-0.250264,-0.738540,-1.369150,-0.152105,0.436204,-1.600064,-0.198277,-0.438569,-1.524701,-1.606519,0.801758,-0.856558,-1.156874,0.907951,-1.007724,0.807131,-1.688575,-1.674189,-0.114418,0.247349,-1.004142,-0.162365,0.702379,-1.008209,-0.512056,1.508948,-0.915555,-0.722984,0.881067,-1.456825,-0.593502,0.114759,-1.072953,0.205626,0.214218,-1.478246,0.501438,-0.591558,-1.282063,0.190291,1.322653,-1.119832,0.845555,0.982115,-1.217627,1.041099,1.043272,-1.590182,1.636281,-1.221685,-1.346747,1.390772,-1.578970,-1.055798,-0.529578,1.252260,-0.991226,0.204768,1.505211,-0.950251,0.483880,1.573201,-1.005835,1.067654,0.259886,-0.966400,-0.390592,1.857872,-1.042210,0.034831,1.022959,-0.960668,-0.687653,-0.074394,-1.363473,-0.907815,0.295360,-1.611504,-1.451733,-1.673475
-1.131422,1.168563,-1.548767,-2.743636,-0.743769,-0.563543,-1.070353,-0.391851,-0.000308,0.523042,-0.767250,0.980561,1.349632,-0.870290,0.182088,-2.904701,-0.408679,0.669829,-1.429943,-0.767203,-1.373108,-1.637661,0.931478,1.683766,-0.028206,0.146539,-0.198268,0.287345,-0.121709,-0.418803,0.384651,0.188955,-0.702063,0.384644,0.188854,0.000390,0.839061,0.367205,-0.517893,-0.835447,0.193004,-0.641181,-0.835447,0.000390,0.000390,-1.547173,0.251156,1.006889,-0.906325,-0.146874,-0.930875,-2.198431,-0.943780,-0.225519,-1.752633,0.668218,0.809026,-0.835447,0.000390,0.000390,-0.834683,0.000390,0.000390,-0.835447,0.000390,0.000390,0.384644,0.188853,0.000390,0.384644,0.188853,0.000390,0.384651,0.188853,0.000390,-1.641808,-0.669026,-0.319548,-0.948447,-0.909152,-0.471610,-1.705377,-1.491924,0.402103,-1.655379,0.517711,0.641883,-1.537623,0.752830,0.352849,-1.261917,-0.267419,1.409431,-0.797103,0.150573,0.641011,-1.185446,0.474579,-0.357944,-0.700693,0.438846,-1.628660,-0.468910,0.117182,-0.221793,-1.072541,0.654331,0.031283,-1.099140,1.017628,-0.599176,-0.921651,0.998406,0.410565,-1.332288,-0.673934,-2.160098,-1.750729,0.564127,-2.344401,-1.319510,0.629672,-0.863623,-1.120787,0.904120,1.326713,-1.100645,-1.083640,-1.112493,-1.325389,0.141569,-1.185363,-1.863133,1.169655,-1.858158,-1.918641,1.038008,-1.554869,1.453498,-0.860401,1.109391,1.471228,-0.671436,0.121795,1.454314,-0.558918,0.726364,1.439728,-0.489015,-0.221339,1.366115,-0.429808,-0.681973,0.905462,-0.782103,-0.405742,0.353189,-0.776192,0.734425,0.246331,-0.753813,0.523661,0.298985,-0.723016,0.176544,0.561103,-0.853534,1.156723,-0.422798,-0.853694,0.740082,-0.464542,-0.868394,-0.753086,-0.459511,-0.868956,0.129933,0.414107,-0.895782,0.859902,0.123380,-0.895096,-0.602929,0.177342,-0.845674,1.139905,0.247663,-0.774458,1.107503,0.311520,-0.914484,0.914446,0.082842,-0.891555,1.018992,0.132320,-0.834032,0.944492,-0.133383,-0.749480,0.085722,-1.668089,0.910316,-1.260325,-1.419268,0.965184,-1.959955,-1.317854,-0.014109,-2.276223,-1.453393,-0.309987,-1.675375,-1.168316,0.372880,-0.866112,0.661840,-0.356344,-1.577053,-0.490961,-0.602233,-1.590006,-0.396888,-0.593343,-0.616481,-0.782343,-0.958516,-0.863651,-1.307960,-0.610422,-1.269327,-1.254278,0.830907,-0.022493,-1.572004,0.870334,1.159194,-1.416008,0.046468,-1.200675,-1.661654,0.611544,-1.282624,-1.020314,0.340877,-0.997717,-0.794992,0.429577,-0.807233,-0.516796,0.231892,-0.856684,-1.599081,-0.392498,-0.155614,-1.435623,-0.358537,-0.164798,-1.598181,-0.866037,1.422564,-1.584522,-0.677903,1.051117,-1.473335,-0.556460,-0.399929,-1.099218,-0.147564,0.238200,-0.965215,-0.062713,0.493574,-1.158048,-0.432747,0.687848,-1.294639,-0.743404,0.023061,-0.550237,-0.085460,0.583239,-1.338037,-0.845019,-0.952797,-1.457991,-0.904543,-0.412452,-1.009757,-0.172369,-1.699812,-0.790249,-1.368623,-0.194855,-0.651227,-1.129535,1.221162,-0.935108,-0.646571,1.781378,-0.991193,-1.590743,2.158873,-1.065687,-0.252418,1.698780,-1.161483,-0.405867,1.405263,-1.255432,0.061764,-0.941004,-1.098423,-0.418544,-0.031271,-1.748786,-0.361779,-0.611776,-1.661128,-0.755267,-1.717296,-1.689363,-0.420613,1.032083,-1.050976,-0.985800,0.324566,-1.506905,-0.345927,-0.502282,-0.890245,-0.250264,-0.738540,-1.369150,-0.152105,0.436204,-1.600064,-0.198277,-0.438569,-1.524701,-1.606519,0.801758,-0.856558,-1.156874,0.907951,-1.007724,0.807131,-1.688575,-1.674189,-0.114418,0.247349,-1.004142,-0.162365,0.702379,-1.008209,-0.512056,1.508948,-0.915555,-0.722984,0.881067,-1.456825,-0.593502,0.114759,-1.072953,0.205626,0.214218,-1.478246,0.501438,-0.591558,-1.282063,0.190291,1.322653,-1.119832,0.845555,0.982115,-1.217627,1.041099,1.043272,-1.590182,1.636281,-1.221685,-1.346747,1.390772,-1.578970,-1.055798,-0.529578,1.252260,-0.991226,0.204768,1.505211,-0.950251,0.483880,1.573201,-1.005835,1.067654,0.259886,-0.966400,-0.390592,1.857872,-1.042210,0.034831,1.022959,-0.960668,-0.687653,-0.074394,-1.363473,-0.907815,0.295360,-1.611504,-1.451733,-1.673475
-1.131422,1.168563,-1.548767,-2.743636,-0.743769,-0.563543,-1.070353,-0.391851,-0.000308,0.523042,-0.767250,0.980561,1.349632,-0.870290,0.182088,-2.904701,-0.408679,0.669829,-1.429943,-0.767203,-1.373108,-1.637661,0.931478,1.683766,-0.028206,0.146539,-0.198268,0.287345,-0.121709,-0.418803,0.384651,0.188955,-0.702063,0.384644,0.188854,0.000390,0.839061,0.367205,-0.517893,-0.835447,0.193004,-0.641181,-0.835447,0.000390,0.000390,-1.547173,0.251156,1.006889,-0.906325,-0.146874,-0.930875,-2.198431,-0.943780,-0.225519,-1.752633,0.668218,0.809026,-0.835447,0.000390,0.000390,-0.834683,0.000390,0.000390,-0.835447,0.000390,0.000390,0.384644,0.188853,0.000390,0.384644,0.188853,0.000390,0.384651,0.188853,0.000390,-1.641808,-0.669026,-0.319548,-0.948447,-0.909152,-0.471610,-1.705377,-1.491924,0.402103,-1.655379,0.517711,0.641883,-1.537623,0.752830,0.352849,-1.261917,-0.267419,1.409431,-0.797103,0.150573,0.641011,-1.185446,0.474579,-0.357944,-0.700693,0.438846,-1.628660,-0.468910,0.117182,-0.221793,-1.072541,0.654331,0.031283,-1.099140,1.017628,-0.599176,-0.921651,0.998406,0.410565,-1.332288,-0.673934,-2.160098,-1.750729,0.564127,-2.344401,-1.319510,0.629672,-0.863623,-1.120787,0.904120,1.326713,-1.100645,-1.083640,-1.112493,-1.325389,0.141569,-1.185363,-1.863133,1.169655,-1.858158,-1.918641,1.038008,-1.554869,1.453498,-0.860401,1.109391,1.471228,-0.671436,0.121795,1.454314,-0.558918,0.726364,1.439728,-0.489015,-0.221339,1.366115,-0.429808,-0.681973,0.905462,-0.782103,-0.405742,0.353189,-0.776192,0.734425,0.246331,-0.753813,0.523661,0.298985,-0.723016,0.176544,0.561103,-0.853534,1.156723,-0.422798,-0.853694,0.740082,-0.464542,-0.868394,-0.753086,-0.459511,-0.868956,0.129933,0.414107,-0.895782,0.859902,0.123380,-0.895096,-0.602929,0.177342,-0.845674,1.139905,0.247663,-0.774458,1.107503,0.311520,-0.914484,0.914446,0.082842,-0.891555,1.018992,0.132320,-0.834032,0.944492,-0.133383,-0.749480,0.085722,-1.668089,0.910316,-1.260325,-1.419268,0.965184,-1.959955,-1.317854,-0.014109,-2.276223,-1.453393,-0.309987,-1.675375,-1.168316,0.372880,-0.866112,0.661840,-0.356344,-1.577053,-0.490961,-0.602233,-1.590006,-0.396888,-0.593343,-0.616481,-0.782343,-0.958516,-0.863651,-1.307960,-0.610422,-1.269327,-1.254278,0.830907,-0.022493,-1.572004,0.870334,1.159194,-1.416008,0.046468,-1.200675,-1.661654,0.611544,-1.282624,-1.020314,0.340877,-0.997717,-0.794992,0.429577,-0.807233,-0.516796,0.231892,-0.856684,-1.599081,-0.392498,-0.155614,-1.435623,-0.358537,-0.164798,-1.598181,-0.866037,1.422564,-1.584522,-0.677903,1.051117,-1.473335,-0.556460,-0.399929,-1.099218,-0.147564,0.238200,-0.965215,-0.062713,0.493574,-1.158048,-0.432747,0.687848,-1.294639,-0.743404,0.023061,-0.550237,-0.085460,0.583239,-1.338037,-0.845019,-0.952797,-1.457991,-0.904543,-0.412452,-1.009757,-0.172369,-1.699812,-0.790249,-1.368623,-0.194855,-0.651227,-1.129535,1.221162,-0.935108,-0.646571,1.781378,-0.991193,-1.590743,2.158873,-1.065687,-0.252418,1.698780,-1.161483,-0.405867,1.405263,-1.255432,0.061764,-0.941004,-1.098423,-0.418544,-0.031271,-1.748786,-0.361779,-0.611776,-1.661128,-0.755267,-1.717296,-1.689363,-0.420613,1.032083,-1.050976,-0.985800,0.324566,-1.506905,-0.345927,-0.502282,-0.890245,-0.250264,-0.738540,-1.369150,-0.152105,0.436204,-1.600064,-0.198277,-0.438569,-1.524701,-1.606519,0.801758,-0.856558,-1.156874,0.907951,-1.007724,0.807131,-1.688575,-1.674189,-0.114418,0.247349,-1.004142,-0.162365,0.702379,-1.008209,-0.512056,1.508948,-0.915555,-0.722984,0.881067,-1.456825,-0.593502,0.114759,-1.072953,0.205626,0.214218,-1.478246,0.501438,-0.591558,-1.282063,0.190291,1.322653,-1.119832,0.845555,0.982115,-1.217627,1.041099,1.043272,-1.590182,1.636281,-1.221685,-1.346747,1.390772,-1.578970,-1.055798,-0.529578,1.252260,-0.991226,0.204768,1.505211,-0.950251,0.483880,1.573201,-1.005835,1.067654,0.259886,-0.966400,-0.390592,1.857872,-1.042210,0.034831,1.022959,-0.960668,-0.687653,-0.074394,-1.363473,-0.907815,0.295360,-1.611504,-1.451733,-1.673475
-1.131422,1.168563,-1.548767,-2.743636,-0.743769,-0.563543,-1.070353,-0.391851,-0.000308,0.523042,-0.767250,0.980561,1.349632,-0.870290,0.182088,-2.904701,-0.408679,0.669829,-1.429943,-0.767203,-1.373108,-1.637661,0.931478,1.683766,-0.028206,0.146539,-0.198268,0.287345,-0.121709,-0.418803,0.384651,0.188955,-0.702063,0.384644,0.188854,0.000390,0.839061,0.367205,-0.517893,-0.835447,0.193004,-0.641181,-0.835447,0.000390,0.000390,-1.547173,0.251156,1.006889,-0.906325,-0.146874,-0.930875,-2.198431,-0.943780,-0.225519,-1.752633,0.668218,0.809026,-0.835447,0.000390,0.000390,-0.834683,0.000390,0.000390,-0.835447,0.000390,0.000390,0.384644,0.188853,0.000390,0.384644,0.188853,0.000390,0.384651,0.188853,0.000390,-1.641808,-0.669026,-0.319548,-0.948447,-0.909152,-0.471610,-1.705377,-1.491924,0.402103,-1.655379,0.517711,0.641883,-1.537623,0.752830,0.352849,-1.261917,-0.267419,1.409431,-0.797103,0.150573,0.641011,-1.185446,0.474579,-0.357944,-0.700693,0.438846,-1.628660,-0.468910,0.117182,-0.221793,-1.072541,0.654331,0.031283,-1.099140,1.017628,-0.599176,-0.921651,0.998406,0.410565,-1.332288,-0.673934,-2.160098,-1.750729,0.564127,-2.344401,-1.319510,0.629672,-0.863623,-1.120787,0.904120,1.326713,-1.100645,-1.083640,-1.112493,-1.325389,0.141569,-1.185363,-1.863133,1.169655,-1.858158,-1.918641,1.038008,-1.554869,1.453498,-0.860401,1.109391,1.471228,-0.671436,0.121795,1.454314,-0.558918,0.726364,1.439728,-0.489015,-0.221339,1.366115,-0.429808,-0.681973,0.905462,-0.782103,-0.405742,0.353189,-0.776192,0.734425,0.246331,-0.753813,0.523661,0.298985,-0.723016,0.176544,0.561103,-0.853534,1.156723,-0.422798,-0.853694,0.740082,-0.464542,-0.868394,-0.753086,-0.459511,-0.868956,0.129933,0.414107,-0.895782,0.859902,0.123380,-0.895096,-0.602929,0.177342,-0.845674,1.139905,0.247663,-0.774458,1.107503,0.311520,-0.914484,0.914446,0.082842,-0.891555,1.018992,0.132320,-0.834032,0.944492,-0.133383,-0.749480,0.085722,-1.668089,0.910316,-1.260325,-1.419268,0.965184,-1.959955,-1.317854,-0.014109,-2.276223,-1.453393,-0.309987,-1.675375,-1.168316,0.372880,-0.866112,0.661840,-0.356344,-1.577053,-0.490961,-0.602233,-1.590006,-0.396888,-0.593343,-0.616481,-0.782343,-0.958516,-0.863651,-1.307960,-0.610422,-1.269327,-1.254278,0.830907,-0.022493,-1.572004,0.870334,1.159194,-1.416008,0.046468,-1.200675,-1.661654,0.611544,-1.282624,-1.020314,0.340877,-0.997717,-0.794992,0.429577,-0.807233,-0.516796,0.231892,-0.856684,-1.599081,-0.392498,-0.155614,-1.435623,-0.358537,-0.164798,-1.598181,-0.866037,1.422564,-1.584522,-0.677903,1.051117,-1.473335,-0.556460,-0.399929,-1.099218,-0.147564,0.238200,-0.965215,-0.062713,0.493574,-1.158048,-0.432747,0.687848,-1.294639,-0.743404,0.023061,-0.550237,-0.085460,0.583239,-1.338037,-0.845019,-0.952797,-1.457991,-0.904543,-0.412452,-1.009757,-0.172369,-1.699812,-0.790249,-1.368623,-0.194855,-0.651227,-1.129535,1.221162,-0.935108,-0.646571,1.781378,-0.991193,-1.590743,2.158873,-1.065687,-0.252418,1.698780,-1.161483,-0.405867,1.405263,-1.255432,0.061764,-0.941004,-1.098423,-0.418544,-0.031271,-1.748786,-0.361779,-0.611776,-1.661128,-0.755267,-1.717296,-1.689363,-0.420613,1.032083,-1.050976,-0.985800,0.324566,-1.506905,-0.345927,-0.502282,-0.890245,-0.250264,-0.738540,-1.369150,-0.152105,0.436204,-1.600064,-0.198277,-0.438569,-1.524701,-1.606519,0.801758,-0.856558,-1.156874,0.907951,-1.007724,0.807131,-1.688575,-1.674189,-0.114418,0.247349,-1.004142,-0.162365,0.702379,-1.008209,-0.512056,1.508948,-0.915555,-0.722984,0.881067,-1.456825,-0.593502,0.114759,-1.072953,0.205626,0.214218,-1.478246,0.501438,-0.591558,-1.282063,0.190291,1.322653,-1.119832,0.845555,0.982115,-1.217627,1.041099,1.043272,-1.590182,1.636281,-1.221685,-1.346747,1.390772,-1.578970,-1.055798,-0.529578,1.252260,-0.991226,0.204768,1.505211,-0.950251,0.483880,1.573201,-1.005835,1.067654,0.259886,-0.966400,-0.390592,1.857872,-1.042210,0.034831,1.022959,-0.960668,-0.687653,-0.074394,-1.363473,-0.907815,0.295360,-1.611504,-1.451733,-1.673475
-1.121677,1.146307,-1.265794,-0.017009,-0.749498,1.187192,0.594597,-0.407908,-0.588691,0.486389,-0.760813,1.181074,1.199938,-0.634135,0.622460,0.331986,-1.674158,0.816219,-1.398267,-2.552846,-1.313251,-0.083689,0.896874,0.832426,0.144530,0.928879,2.054311,0.348434,0.774391,2.071057,0.387029,0.188955,0.045338,0.387022,0.188854,0.000390,0.853084,1.392170,1.297958,-0.660647,0.193004,1.809737,-0.660647,0.000390,0.000390,-0.818933,0.255277,0.806354,-0.881585,0.332770,0.245092,0.147876,-0.947561,-0.828238,-1.759193,0.722411,0.431238,-0.660647,0.000390,0.000390,-0.659883,0.000390,0.000390,-0.660647,0.000390,0.000390,0.387022,0.188853,0.000390,0.387022,0.188853,0.000390,0.387029,0.188853,0.000390,-0.153751,0.305818,-0.454190,-0.818524,-0.614625,0.720385,-0.531114,-0.462703,0.761058,-0.989948,0.232473,0.682508,-0.857616,-0.827602,1.685981,-0.230381,0.448925,1.521172,-0.572848,0.674368,-0.105107,-0.374463,-0.125044,0.609780,-0.872690,-0.053977,1.354859,-0.475823,0.770761,0.705880,-0.752780,0.313960,-0.294718,-0.933783,0.808573,0.770193,-0.826581,0.116917,-0.072899,-0.499130,0.402235,-0.253571,-0.197340,0.885889,1.780965,-0.724606,0.378205,0.327707,-0.979324,0.450496,0.258206,-0.633462,0.268374,-1.444137,-0.549167,0.780535,-0.750949,-0.469229,-0.215895,1.121358,-0.050548,-0.224428,-0.375344,1.314155,-0.772060,1.109391,1.361585,-0.590185,0.121795,1.361476,-0.487034,0.726364,1.340017,-0.424377,-0.221339,1.270777,-0.370536,-0.681973,0.707124,-0.721047,-0.405742,0.177831,-0.722030,0.734425,0.094000,-0.701990,0.523661,0.148415,-0.673073,0.176544,0.392259,-0.794109,1.156723,-0.547102,-0.801302,0.740082,-0.573884,-0.819527,-0.753086,-0.568647,-0.822553,0.129933,0.269737,-0.835698,0.859902,0.009410,-0.841603,-0.602929,0.073105,-0.794450,1.139905,0.145211,-0.724244,1.107503,0.182776,-0.853766,0.914446,-0.032257,-0.837066,1.018992,0.024137,-0.780529,0.944492,-0.236298,-0.695610,0.085722,-1.083230,-0.365576,-1.304528,-1.259961,-0.361236,-0.726997,-1.176042,-0.981170,1.123087,-1.330294,-0.574781,-1.810082,-1.073720,-0.010283,-1.349438,-0.228732,-0.909169,-2.124003,-0.235167,-0.528577,-1.852862,0.133027,-0.966518,-2.193695,-0.047309,-1.459786,-0.849996,-0.908005,-1.326318,-0.677801,-0.940681,-0.033689,0.160592,-1.324497,0.205303,0.173351,-0.758776,-0.465794,-1.528529,-1.473903,0.369892,-1.616477,-0.819577,0.406384,-1.142774,-0.580404,0.858855,-0.728981,-0.317884,1.030226,-0.808928,-1.099755,-0.638620,1.668756,-1.060032,0.601159,1.476932,-0.898285,0.181357,1.572266,-0.968207,0.231135,1.284612,-0.944506,0.261077,0.126238,-1.303854,-0.153184,0.297132,-1.230015,1.053952,0.217443,-1.183236,-0.329225,-1.134265,-1.387896,-1.497225,-0.302643,-0.702641,-0.165888,-0.748543,-1.190313,-1.153295,-0.257049,-1.315177,-0.397331,1.734688,-1.197977,0.191674,-1.048044,-1.301647,-1.123487,-0.557947,-1.130430,-0.026919,0.470042,-1.106115,-0.589859,-0.306706,-0.880462,-0.429007,-0.423137,-0.978012,-0.200051,-0.539939,-0.784944,-0.339812,0.534272,-1.251235,-0.310653,-0.053194,-1.124192,-0.114407,1.608286,-1.032811,0.003262,-2.121664,-1.014761,-0.161843,-0.556339,-0.991141,0.281007,0.076286,-1.386513,-0.312261,2.482341,-1.448546,0.279253,1.120765,-1.228942,-0.376311,-0.601395,-1.400544,-0.272625,0.137607,-1.311692,0.417674,-0.592521,-1.179312,-0.944866,1.283064,-0.848827,-0.450749,-0.123517,-0.776124,0.374325,0.116102,-1.073167,0.754804,-0.311676,-0.867617,0.821633,-1.475957,-0.898988,0.572079,0.150176,-1.142981,0.356907,-1.817316,-1.396690,0.194655,-0.650458,-1.058932,1.012246,0.267463,-1.055764,1.156804,-0.683143,-0.893971,0.867884,1.319074,-0.708157,0.349614,1.432201,-0.783519,0.530884,1.498218,-1.009638,1.198434,1.194512,-0.744769,0.923289,1.372531,-0.624934,0.107531,-0.092767,-0.882537,-0.056826,0.072238,-0.862378,0.205182,0.070985,-0.977069,0.624573,-0.772180,-0.879972,-0.687751,-0.023081,-0.639265,-0.250109,-0.747135,-0.829606,0.166088,-1.275235,-1.051093,-0.524041,2.028737,-1.245929,-1.659035,-0.606783
-1.121677,1.146307,-1.265794,-0.017009,-0.749498,1.187192,0.594597,-0.407908,-0.588691,0.486389,-0.760813,1.181074,1.199938,-0.634135,0.622460,0.331986,-1.674158,0.816219,-1.398267,-2.552846,-1.313251,-0.083689,0.896874,0.832426,0.144530,0.928879,2.054311,0.348434,0.774391,2.071057,0.387029,0.188955,0.045338,0.387022,0.188854,0.000390,0.853084,1.392170,1.297958,-0.660647,0.193004,1.809737,-0.660647,0.000390,0.000390,-0.818933,0.255277,0.806354,-0.881585,0.332770,0.245092,0.147876,-0.947561,-0.828238,-1.759193,0.722411,0.431238,-0.660647,0.000390,0.000390,-0.659883,0.000390,0.000390,-0.660647,0.000390,0.000390,0.387022,0.188853,0.000390,0.387022,0.188853,0.000390,0.387029,0.188853,0.000390,-0.153751,0.305818,-0.454190,-0.818524,-0.614625,0.720385,-0.531114,-0.462703,0.761058,-0.989948,0.232473,0.682508,-0.857616,-0.827602,1.685981,-0.230381,0.448925,1.521172,-0.572848,0.674368,-0.105107,-0.374463,-0.125044,0.609780,-0.872690,-0.053977,1.354859,-0.475823,0.770761,0.705880,-0.752780,0.313960,-0.294718,-0.933783,0.808573,0.770193,-0.826581,0.116917,-0.072899,-0.499130,0.402235,-0.253571,-0.197340,0.885889,1.780965,-0.724606,0.378205,0.327707,-0.979324,0.450496,0.258206,-0.633462,0.268374,-1.444137,-0.549167,0.780535,-0.750949,-0.469229,-0.215895,1.121358,-0.050548,-0.224428,-0.375344,1.314155,-0.772060,1.109391,1.361585,-0.590185,0.121795,1.361476,-0.487034,0.726364,1.340017,-0.424377,-0.221339,1.270777,-0.370536,-0.681973,0.707124,-0.721047,-0.405742,0.177831,-0.722030,0.734425,0.094000,-0.701990,0.523661,0.148415,-0.673073,0.176544,0.392259,-0.794109,1.156723,-0.547102,-0.801302,0.740082,-0.573884,-0.819527,-0.753086,-0.568647,-0.822553,0.129933,0.269737,-0.835698,0.859902,0.009410,-0.841603,-0.602929,0.073105,-0.794450,1.139905,0.145211,-0.724244,1.107503,0.182776,-0.853766,0.914446,-0.032257,-0.837066,1.018992,0.024137,-0.780529,0.944492,-0.236298,-0.695610,0.085722,-1.083230,-0.365576,-1.304528,-1.259961,-0.361236,-0.726997,-1.176042,-0.981170,1.123087,-1.330294,-0.574781,-1.810082,-1.073720,-0.010283,-1.349438,-0.228732,-0.909169,-2.124003,-0.235167,-0.528577,-1.852862,0.133027,-0.966518,-2.193695,-0.047309,-1.459786,-0.849996,-0.908005,-1.326318,-0.677801,-0.940681,-0.033689,0.160592,-1.324497,0.205303,0.173351,-0.758776,-0.465794,-1.528529,-1.473903,0.369892,-1.616477,-0.819577,0.406384,-1.142774,-0.580404,0.858855,-0.728981,-0.317884,1.030226,-0.808928,-1.099755,-0.638620,1.668756,-1.060032,0.601159,1.476932,-0.898285,0.181357,1.572266,-0.968207,0.231135,1.284612,-0.944506,0.261077,0.126238,-1.303854,-0.153184,0.297132,-1.230015,1.053952,0.217443,-1.183236,-0.329225,-1.134265,-1.387896,-1.497225,-0.302643,-0.702641,-0.165888,-0.748543,-1.190313,-1.153295,-0.257049,-1.315177,-0.397331,1.734688,-1.197977,0.191674,-1.048044,-1.301647,-1.123487,-0.557947,-1.130430,-0.026919,0.470042,-1.106115,-0.589859,-0.306706,-0.880462,-0.429007,-0.423137,-0.978012,-0.200051,-0.539939,-0.784944,-0.339812,0.534272,-1.251235,-0.310653,-0.053194,-1.124192,-0.114407,1.608286,-1.032811,0.003262,-2.121664,-1.014761,-0.161843,-0.556339,-0.991141,0.281007,0.076286,-1.386513,-0.312261,2.482341,-1.448546,0.279253,1.120765,-1.228942,-0.376311,-0.601395,-1.400544,-0.272625,0.137607,-1.311692,0.417674,-0.592521,-1.179312,-0.944866,1.283064,-0.848827,-0.450749,-0.123517,-0.776124,0.374325,0.116102,-1.073167,0.754804,-0.311676,-0.867617,0.821633,-1.475957,-0.898988,0.572079,0.150176,-1.142981,0.356907,-1.817316,-1.396690,0.194655,-0.650458,-1.058932,1.012246,0.267463,-1.055764,1.156804,-0.683143,-0.893971,0.867884,1.319074,-0.708157,0.349614,1.432201,-0.783519,0.530884,1.498218,-1.009638,1.198434,1.194512,-0.744769,0.923289,1.372531,-0.624934,0.107531,-0.092767,-0.882537,-0.056826,0.072238,-0.862378,0.205182,0.070985,-0.977069,0.624573,-0.772180,-0.879972,-0.687751,-0.023081,-0.639265,-0.250109,-0.747135,-0.829606,0.166088,-1.275235,-1.051093,-0.524041,2.028737,-1.245929,-1.659035,-0.606783
-1.121677,1.146307,-1.265794,-0.017009,-0.749498,1.187192,0.594597,-0.407908,-0.588691,0.486389,-0.760813,1.181074,1.199938,-0.634135,0.622460,0.331986,-1.674158,0.816219,-1.398267,-2.552846,-1.313251,-0.083689,0.896874,0.832426,0.144530,0.928879,2.054311,0.348434,0.774391,2.071057,0.387029,0.188955,0.045338,0.387022,0.188854,0.000390,0.853084,1.392170,1.297958,-0.660647,0.193004,1.809737,-0.660647,0.000390,0.000390,-0.818933,0.255277,0.806354,-0.881585,0.332770,0.245092,0.147876,-0.947561,-0.828238,-1.759193,0.722411,0.431238,-0.660647,0.000390,0.000390,-0.659883,0.000390,0.000390,-0.660647,0.000390,0.000390,0.387022,0.188853,0.000390,0.387022,0.188853,0.000390,0.387029,0.188853,0.000390,-0.153751,0.305818,-0.454190,-0.818524,-0.614625,0.720385,-0.531114,-0.462703,0.761058,-0.989948,0.232473,0.682508,-0.857616,-0.827602,1.685981,-0.230381,0.448925,1.521172,-0.572848,0.674368,-0.105107,-0.374463,-0.125044,0.609780,-0.872690,-0.053977,1.354859,-0.475823,0.770761,0.705880,-0.752780,0.313960,-0.294718,-0.933783,0.808573,0.770193,-0.826581,0.116917,-0.072899,-0.499130,0.402235,-0.253571,-0.197340,0.885889,1.780965,-0.724606,0.378205,0.327707,-0.979324,0.450496,0.258206,-0.633462,0.268374,-1.444137,-0.549167,0.780535,-0.750949,-0.469229,-0.215895,1.121358,-0.050548,-0.224428,-0.375344,1.314155,-0.772060,1.109391,1.361585,-0.590185,0.121795,1.361476,-0.487034,0.726364,1.340017,-0.424377,-0.221339,1.270777,-0.370536,-0.681973,0.707124,-0.721047,-0.405742,0.177831,-0.722030,0.734425,0.094000,-0.701990,0.523661,0.148415,-0.673073,0.176544,0.392259,-0.794109,1.156723,-0.547102,-0.801302,0.740082,-0.573884,-0.819527,-0.753086,-0.568647,-0.822553,0.129933,0.269737,-0.835698,0.859902,0.009410,-0.841603,-0.602929,0.073105,-0.794450,1.139905,0.145211,-0.724244,1.107503,0.182776,-0.853766,0.914446,-0.032257,-0.837066,1.018992,0.024137,-0.780529,0.944492,-0.236298,-0.695610,0.085722,-1.083230,-0.365576,-1.304528,-1.259961,-0.361236,-0.726997,-1.176042,-0.981170,1.123087,-1.330294,-0.574781,-1.810082,-1.073720,-0.010283,-1.349438,-0.228732,-0.909169,-2.124003,-0.235167,-0.528577,-1.852862,0.133027,-0.966518,-2.193695,-0.047309,-1.459786,-0.849996,-0.908005,-1.326318,-0.677801,-0.940681,-0.033689,0.160592,-1.324497,0.205303,0.173351,-0.758776,-0.465794,-1.528529,-1.473903,0.369892,-1.616477,-0.819577,0.406384,-1.142774,-0.580404,0.858855,-0.728981,-0.317884,1.030226,-0.808928,-1.099755,-0.638620,1.668756,-1.060032,0.601159,1.476932,-0.898285,0.181357,1.572266,-0.968207,0.231135,1.284612,-0.944506,0.261077,0.126238,-1.303854,-0.153184,0.297132,-1.230015,1.053952,0.217443,-1.183236,-0.329225,-1.134265,-1.387896,-1.497225,-0.302643,-0.702641,-0.165888,-0.748543,-1.190313,-1.153295,-0.257049,-1.315177,-0.397331,1.734688,-1.197977,0.191674,-1.048044,-1.301647,-1.123487,-0.557947,-1.130430,-0.026919,0.470042,-1.106115,-0.589859,-0.306706,-0.880462,-0.429007,-0.423137,-0.978012,-0.200051,-0.539939,-0.784944,-0.339812,0.534272,-1.251235,-0.310653,-0.053194,-1.124192,-0.114407,1.608286,-1.032811,0.003262,-2.121664,-1.014761,-0.161843,-0.556339,-0.991141,0.281007,0.076286,-1.386513,-0.312261,2.482341,-1.448546,0.279253,1.120765,-1.228942,-0.376311,-0.601395,-1.400544,-0.272625,0.137607,-1.311692,0.417674,-0.592521,-1.179312,-0.944866,1.283064,-0.848827,-0.450749,-0.123517,-0.776124,0.374325,0.116102,-1.073167,0.754804,-0.311676,-0.867617,0.821633,-1.475957,-0.898988,0.572079,0.150176,-1.142981,0.356907,-1.817316,-1.396690,0.194655,-0.650458,-1.058932,1.012246,0.267463,-1.055764,1.156804,-0.683143,-0.893971,0.867884,1.319074,-0.708157,0.349614,1.432201,-0.783519,0.530884,1.498218,-1.009638,1.198434,1.194512,-0.744769,0.923289,1.372531,-0.624934,0.107531,-0.092767,-0.882537,-0.056826,0.072238,-0.862378,0.205182,0.070985,-0.977069,0.624573,-0.772180,-0.879972,-0.687751,-0.023081,-0.639265,-0.250109,-0.747135,-0.829606,0.166088,-1.275235,-1.051093,-0.524041,2.028737,-1.245929,-1.659035,-0.606783
-1.121677,1.146307,-1.265794,-0.017009,-0.749498,1.187192,0.594597,-0.407908,-0.588691,0.486389,-0.760813,1.181074,1.199938,-0.634135,0.622460,0.331986,-1.674158,0.816219,-1.398267,-2.552846,-1.313251,-0.083689,0.896874,0.832426,0.144530,0.928879,2.054311,0.348434,0.774391,2.071057,0.387029,0.188955,0.045338,0.387022,0.188854,0.000390,0.853084,1.392170,1.297958,-0.660647,0.193004,1.809737,-0.660647,0.000390,0.000390,-0.818933,0.255277,0.806354,-0.881585,0.332770,0.245092,0.147876,-0.947561,-0.828238,-1.759193,0.722411,0.431238,-0.660647,0.000390,0.000390,-0.659883,0.000390,0.000390,-0.660647,0.000390,0.000390,0.387022,0.188853,0.000390,0.387022,0.188853,0.000390,0.387029,0.188853,0.000390,-0.153751,0.305818,-0.454190,-0.818524,-0.614625,0.720385,-0.531114,-0.462703,0.761058,-0.989948,0.232473,0.682508,-0.857616,-0.827602,1.685981,-0.230381,0.448925,1.521172,-0.572848,0.674368,-0.105107,-0.374463,-0.125044,0.609780,-0.872690,-0.053977,1.354859,-0.475823,0.770761,0.705880,-0.752780,0.313960,-0.294718,-0.933783,0.808573,0.770193,-0.826581,0.116917,-0.072899,-0.499130,0.402235,-0.253571,-0.197340,0.885889,1.780965,-0.724606,0.378205,0.327707,-0.979324,0.450496,0.258206,-0.633462,0.268374,-1.444137,-0.549167,0.780535,-0.750949,-0.469229,-0.215895,1.121358,-0.050548,-0.224428,-0.375344,1.314155,-0.772060,1.109391,1.361585,-0.590185,0.121795,1.361476,-0.487034,0.726364,1.340017,-0.424377,-0.221339,1.270777,-0.370536,-0.681973,0.707124,-0.721047,-0.405742,0.177831,-0.722030,0.734425,0.094000,-0.701990,0.523661,0.148415,-0.673073,0.176544,0.392259,-0.794109,1.156723,-0.547102,-0.801302,0.740082,-0.573884,-0.819527,-0.753086,-0.568647,-0.822553,0.129933,0.269737,-0.835698,0.859902,0.009410,-0.841603,-0.602929,0.073105,-0.794450,1.139905,0.145211,-0.724244,1.107503,0.182776,-0.853766,0.914446,-0.032257,-0.837066,1.018992,0.024137,-0.780529,0.944492,-0.236298,-0.695610,0.085722,-1.083230,-0.365576,-1.304528,-1.259961,-0.361236,-0.726997,-1.176042,-0.981170,1.123087,-1.330294,-0.574781,-1.810082,-1.073720,-0.010283,-1.349438,-0.228732,-0.909169,-2.124003,-0.235167,-0.528577,-1.852862,0.133027,-0.966518,-2.193695,-0.047309,-1.459786,-0.849996,-0.908005,-1.326318,-0.677801,-0.940681,-0.033689,0.160592,-1.324497,0.205303,0.173351,-0.758776,-0.465794,-1.528529,-1.473903,0.369892,-1.616477,-0.819577,0.406384,-1.142774,-0.580404,0.858855,-0.728981,-0.317884,1.030226,-0.808928,-1.099755,-0.638620,1.668756,-1.060032,0.601159,1.476932,-0.898285,0.181357,1.572266,-0.968207,0.231135,1.284612,-0.944506,0.261077,0.126238,-1.303854,-0.153184,0.297132,-1.230015,1.053952,0.217443,-1.183236,-0.329225,-1.134265,-1.387896,-1.497225,-0.302643,-0.702641,-0.165888,-0.748543,-1.190313,-1.153295,-0.257049,-1.315177,-0.397331,1.734688,-1.197977,0.191674,-1.048044,-1.301647,-1.123487,-0.557947,-1.130430,-0.026919,0.470042,-1.106115,-0.589859,-0.306706,-0.880462,-0.429007,-0.423137,-0.978012,-0.200051,-0.539939,-0.784944,-0.339812,0.534272,-1.251235,-0.310653,-0.053194,-1.124192,-0.114407,1.608286,-1.032811,0.003262,-2.121664,-1.014761,-0.161843,-0.556339,-0.991141,0.281007,0.076286,-1.386513,-0.312261,2.482341,-1.448546,0.279253,1.120765,-1.228942,-0.376311,-0.601395,-1.400544,-0.272625,0.137607,-1.311692,0.417674,-0.592521,-1.179312,-0.944866,1.283064,-0.848827,-0.450749,-0.123517,-0.776124,0.374325,0.116102,-1.073167,0.754804,-0.311676,-0.867617,0.821633,-1.475957,-0.898988,0.572079,0.150176,-1.142981,0.356907,-1.817316,-1.396690,0.194655,-0.650458,-1.058932,1.012246,0.267463,-1.055764,1.156804,-0.683143,-0.893971,0.867884,1.319074,-0.708157,0.349614,1.432201,-0.783519,0.530884,1.498218,-1.009638,1.198434,1.194512,-0.744769,0.923289,1.372531,-0.624934,0.107531,-0.092767,-0.882537,-0.056826,0.072238,-0.862378,0.205182,0.070985,-0.977069,0.624573,-0.772180,-0.879972,-0.687751,-0.023081,-0.639265,-0.250109,-0.747135,-0.829606,0.166088,-1.275235,-1.051093,-0.524041,2.028737,-1.245929,-1.659035,-0.606783
-1.121677,1.146307,-1.265794,-0.017009,-0.749498,1.187192,0.594597,-0.407908,-0.588691,0.486389,-0.760813,1.181074,1.199938,-0.634135,0.622460,0.331986,-1.674158,0.816219,-1.398267,-2.552846,-1.313251,-0.083689,0.896874,0.832426,0.144530,0.928879,2.054311,0.348434,0.774391,2.071057,0.387029,0.188955,0.045338,0.387022,0.188854,0.000390,0.853084,1.392170,1.297958,-0.660647,0.193004,1.809737,-0.660647,0.000390,0.000390,-0.818933,0.255277,0.806354,-0.881585,0.332770,0.245092,0.147876,-0.947561,-0.828238,-1.759193,0.722411,0.431238,-0.660647,0.000390,0.000390,-0.659883,0.000390,0.000390,-0.660647,0.000390,0.000390,0.387022,0.188853,0.000390,0.387022,0.188853,0.000390,0.387029,0.188853,0.000390,-0.153751,0.305818,-0.454190,-0.818524,-0.614625,0.720385,-0.531114,-0.462703,0.761058,-0.989948,0.232473,0.682508,-0.857616,-0.827602,1.685981,-0.230381,0.448925,1.521172,-0.572848,0.674368,-0.105107,-0.374463,-0.125044,0.609780,-0.872690,-0.053977,1.354859,-0.475823,0.770761,0.705880,-0.752780,0.313960,-0.294718,-0.933783,0.808573,0.770193,-0.826581,0.116917,-0.072899,-0.499130,0.402235,-0.253571,-0.197340,0.885889,1.780965,-0.724606,0.378205,0.327707,-0.979324,0.450496,0.258206,-0.633462,0.268374,-1.444137,-0.549167,0.780535,-0.750949,-0.469229,-0.215895,1.121358,-0.050548,-0.224428,-0.375344,1.314155,-0.772060,1.109391,1.361585,-0.590185,0.121795,1.361476,-0.487034,0.726364,1.340017,-0.424377,-0.221339,1.270777,-0.370536,-0.681973,0.707124,-0.721047,-0.405742,0.177831,-0.722030,0.734425,0.094000,-0.701990,0.523661,0.148415,-0.673073,0.176544,0.392259,-0.794109,1.156723,-0.547102,-0.801302,0.740082,-0.573884,-0.819527,-0.753086,-0.568647,-0.822553,0.129933,0.269737,-0.835698,0.859902,0.009410,-0.841603,-0.602929,0.073105,-0.794450,1.139905,0.145211,-0.724244,1.107503,0.182776,-0.853766,0.914446,-0.032257,-0.837066,1.018992,0.024137,-0.780529,0.944492,-0.236298,-0.695610,0.085722,-1.083230,-0.365576,-1.304528,-1.259961,-0.361236,-0.726997,-1.176042,-0.981170,1.123087,-1.330294,-0.574781,-1.810082,-1.073720,-0.010283,-1.349438,-0.228732,-0.909169,-2.124003,-0.235167,-0.528577,-1.852862,0.133027,-0.966518,-2.193695,-0.047309,-1.459786,-0.849996,-0.908005,-1.326318,-0.677801,-0.940681,-0.033689,0.160592,-1.324497,0.205303,0.173351,-0.758776,-0.465794,-1.528529,-1.473903,0.369892,-1.616477,-0.819577,0.406384,-1.142774,-0.580404,0.858855,-0.728981,-0.317884,1.030226,-0.808928,-1.099755,-0.638620,1.668756,-1.060032,0.601159,1.476932,-0.898285,0.181357,1.572266,-0.968207,0.231135,1.284612,-0.944506,0.261077,0.126238,-1.303854,-0.153184,0.297132,-1.230015,1.053952,0.217443,-1.183236,-0.329225,-1.134265,-1.387896,-1.497225,-0.302643,-0.702641,-0.165888,-0.748543,-1.190313,-1.153295,-0.257049,-1.315177,-0.397331,1.734688,-1.197977,0.191674,-1.048044,-1.301647,-1.123487,-0.557947,-1.130430,-0.026919,0.470042,-1.106115,-0.589859,-0.306706,-0.880462,-0.429007,-0.423137,-0.978012,-0.200051,-0.539939,-0.784944,-0.339812,0.534272,-1.251235,-0.310653,-0.053194,-1.124192,-0.114407,1.608286,-1.032811,0.003262,-2.121664,-1.014761,-0.161843,-0.556339,-0.991141,0.281007,0.076286,-1.386513,-0.312261,2.482341,-1.448546,0.279253,1.120765,-1.228942,-0.376311,-0.601395,-1.400544,-0.272625,0.137607,-1.311692,0.417674,-0.592521,-1.179312,-0.944866,1.283064,-0.848827,-0.450749,-0.123517,-0.776124,0.374325,0.116102,-1.073167,0.754804,-0.311676,-0.867617,0.821633,-1.475957,-0.898988,0.572079,0.150176,-1.142981,0.356907,-1.817316,-1.396690,0.194655,-0.650458,-1.058932,1.012246,0.267463,-1.055764,1.156804,-0.683143,-0.893971,0.867884,1.319074,-0.708157,0.349614,1.432201,-0.783519,0.530884,1.498218,-1.009638,1.198434,1.194512,-0.744769,0.923289,1.372531,-0.624934,0.107531,-0.092767,-0.882537,-0.056826,0.072238,-0.862378,0.205182,0.070985,-0.977069,0.624573,-0.772180,-0.879972,-0.687751,-0.023081,-0.639265,-0.250109,-0.747135,-0.829606,0.166088,-1.275235,-1.051093,-0.524041,2.028737,-1.245929,-1.659035,-0.606783
-1.121677,1.146307,-1.265794,-0.017009,-0.749498,1.187192,0.594597,-0.407908,-0.588691,0.486389,-0.760813,1.181074,1.199938,-0.634135,0.622460,0.331986,-1.674158,0.816219,-1.398267,-2.552846,-1.313251,-0.083689,0.896874,0.832426,0.144530,0.928879,2.054311,0.348434,0.774391,2.071057,0.387029,0.188955,0.045338,0.387022,0.188854,0.000390,0.853084,1.392170,1.297958,-0.660647,0.193004,1.809737,-0.660647,0.000390,0.000390,-0.818933,0.255277,0.806354,-0.881585,0.332770,0.245092,0.147876,-0.947561,-0.828238,-1.759193,0.722411,0.431238,-0.660647,0.000390,0.000390,-0.659883,0.000390,0.000390,-0.660647,0.000390,0.000390,0.387022,0.188853,0.000390,0.387022,0.188853,0.000390,0.387029,0.188853,0.000390,-0.153751,0.305818,-0.454190,-0.818524,-0.614625,0.720385,-0.531114,-0.462703,0.761058,-0.989948,0.232473,0.682508,-0.857616,-0.827602,1.685981,-0.230381,0.448925,1.521172,-0.572848,0.674368,-0.105107,-0.374463,-0.125044,0.609780,-0.872690,-0.053977,1.354859,-0.475823,0.770761,0.705880,-0.752780,0.313960,-0.294718,-0.933783,0.808573,0.770193,-0.826581,0.116917,-0.072899,-0.499130,0.402235,-0.253571,-0.197340,0.885889,1.780965,-0.724606,0.378205,0.327707,-0.979324,0.450496,0.258206,-0.633462,0.268374,-1.444137,-0.549167,0.780535,-0.750949,-0.469229,-0.215895,1.121358,-0.050548,-0.224428,-0.375344,1.314155,-0.772060,1.109391,1.361585,-0.590185,0.121795,1.361476,-0.487034,0.726364,1.340017,-0.424377,-0.221339,1.270777,-0.370536,-0.681973,0.707124,-0.721047,-0.405742,0.177831,-0.722030,0.734425,0.094000,-0.701990,0.523661,0.148415,-0.673073,0.176544,0.392259,-0.794109,1.156723,-0.547102,-0.801302,0.740082,-0.573884,-0.819527,-0.753086,-0.568647,-0.822553,0.129933,0.269737,-0.835698,0.859902,0.009410,-0.841603,-0.602929,0.073105,-0.794450,1.139905,0.145211,-0.724244,1.107503,0.182776,-0.853766,0.914446,-0.032257,-0.837066,1.018992,0.024137,-0.780529,0.944492,-0.236298,-0.695610,0.085722,-1.083230,-0.365576,-1.304528,-1.259961,-0.361236,-0.726997,-1.176042,-0.981170,1.123087,-1.330294,-0.574781,-1.810082,-1.073720,-0.010283,-1.349438,-0.228732,-0.909169,-2.124003,-0.235167,-0.528577,-1.852862,0.133027,-0.966518,-2.193695,-0.047309,-1.459786,-0.849996,-0.908005,-1.326318,-0.677801,-0.940681,-0.033689,0.160592,-1.324497,0.205303,0.173351,-0.758776,-0.465794,-1.528529,-1.473903,0.369892,-1.616477,-0.819577,0.406384,-1.142774,-0.580404,0.858855,-0.728981,-0.317884,1.030226,-0.808928,-1.099755,-0.638620,1.668756,-1.060032,0.601159,1.476932,-0.898285,0.181357,1.572266,-0.968207,0.231135,1.284612,-0.944506,0.261077,0.126238,-1.303854,-0.153184,0.297132,-1.230015,1.053952,0.217443,-1.183236,-0.329225,-1.134265,-1.387896,-1.497225,-0.302643,-0.702641,-0.165888,-0.748543,-1.190313,-1.153295,-0.257049,-1.315177,-0.397331,1.734688,-1.197977,0.191674,-1.048044,-1.301647,-1.123487,-0.557947,-1.130430,-0.026919,0.470042,-1.106115,-0.589859,-0.306706,-0.880462,-0.429007,-0.423137,-0.978012,-0.200051,-0.539939,-0.784944,-0.339812,0.534272,-1.251235,-0.310653,-0.053194,-1.124192,-0.114407,1.608286,-1.032811,0.003262,-2.121664,-1.014761,-0.161843,-0.556339,-0.991141,0.281007,0.076286,-1.386513,-0.312261,2.482341,-1.448546,0.279253,1.120765,-1.228942,-0.376311,-0.601395,-1.400544,-0.272625,0.137607,-1.311692,0.417674,-0.592521,-1.179312,-0.944866,1.283064,-0.848827,-0.450749,-0.123517,-0.776124,0.374325,0.116102,-1.073167,0.754804,-0.311676,-0.867617,0.821633,-1.475957,-0.898988,0.572079,0.150176,-1.142981,0.356907,-1.817316,-1.396690,0.194655,-0.650458,-1.058932,1.012246,0.267463,-1.055764,1.156804,-0.683143,-0.893971,0.867884,1.319074,-0.708157,0.349614,1.432201,-0.783519,0.530884,1.498218,-1.009638,1.198434,1.194512,-0.744769,0.923289,1.372531,-0.624934,0.107531,-0.092767,-0.882537,-0.056826,0.072238,-0.862378,0.205182,0.070985,-0.977069,0.624573,-0.772180,-0.879972,-0.687751,-0.023081,-0.639265,-0.250109,-0.747135,-0.829606,0.166088,-1.275235,-1.051093,-0.524041,2.028737,-1.245929,-1.659035,-0.606783
-1.114185,1.231609,-1.849595,-0.052822,-0.745870,0.572147,0.624245,-0.437449,-0.505542,-0.306801,-0.762100,0.875323,1.047178,-0.584971,0.862066,0.355919,0.898253,-0.881011,-1.366616,-0.795088,-0.994026,-0.055979,-0.559445,-0.732534,-0.132340,0.934857,1.244934,0.313959,0.795392,1.257130,-0.767261,0.188955,-0.613712,-0.767268,0.188854,0.000390,-1.211887,1.401978,1.616372,-0.372874,0.193004,-0.453260,-0.372874,0.000390,0.000390,-0.808910,0.326417,0.207324,-0.863439,0.436777,-0.399912,-0.981409,-0.945236,-1.245208,-1.743146,0.726354,-0.311819,-0.372874,0.000390,0.000390,-0.372110,0.000390,0.000390,-0.372874,0.000390,0.000390,-0.767268,0.188853,0.000390,-0.767268,0.188853,0.000390,-0.767261,0.188853,0.000390,-0.034883,0.401110,0.697348,-0.518068,0.888056,-0.456951,-0.116848,-0.355559,0.500552,-0.351633,-1.437168,0.183476,-0.205319,-0.669541,1.783489,0.123503,0.087073,-0.359588,0.315868,0.167337,-1.027078,0.080228,-0.749221,1.859961,-0.386034,-0.816810,0.885335,-0.591005,0.450695,-1.504437,0.253307,0.262888,0.347153,-0.531187,-0.701351,-0.810899,-0.588537,-1.076657,-0.707762,0.149358,0.623517,0.986728,0.077381,0.618141,1.031710,0.082486,-0.104592,0.571173,-0.037023,-0.134996,0.057877,-0.810593,1.444458,-0.458859,0.174191,-0.435536,-0.498714,-0.015113,-0.185900,0.057601,0.537657,-0.622192,-1.140796,1.146956,-0.666060,1.109391,1.230024,-0.492694,0.121795,1.250079,-0.400781,0.726364,1.220373,-0.346818,-0.221339,1.156380,-0.299417,-0.681973,0.469139,-0.647787,-0.405742,-0.032582,-0.657041,0.734425,-0.088781,-0.639807,0.523661,-0.032253,-0.613146,0.176544,0.189662,-0.722805,1.156723,-0.522233,-0.738438,0.740082,-0.705082,-0.760892,-0.753086,-0.459511,-0.799354,0.129933,0.096506,-0.763603,0.859902,-0.127343,-0.777417,-0.602929,-0.051969,-0.732985,1.139905,0.022279,-0.663993,1.107503,0.028297,-0.780910,0.914446,-0.170365,-0.771686,1.018992,-0.105672,-0.716331,0.944492,-0.359785,-0.630971,0.085722,-0.652089,-0.326572,-0.118570,-0.828280,-1.063577,-0.124987,-0.780026,-0.941032,1.235596,-0.913037,-0.537151,-0.851454,-1.063897,-0.698165,-2.211676,-1.584637,-0.880863,-0.647236,-1.418531,-0.511145,-1.909875,-1.504048,-0.952595,-2.076560,-0.666918,-1.442098,-0.921081,-0.903579,-1.300831,-0.471234,-0.936793,-0.992297,-0.907743,-1.321173,0.240419,-1.578090,-0.324985,-0.422040,-0.538371,-1.072887,-0.717359,-1.814106,-0.348865,-0.942702,0.150864,-0.577125,-0.487679,0.280339,-0.790746,-0.320015,-0.659404,-0.676345,0.729846,-0.998575,-1.052716,0.654034,0.968631,-0.891086,0.234775,1.713377,-0.961807,0.277496,1.113416,-0.938959,0.305649,-1.554175,-1.011569,-0.108081,0.740851,-0.926046,1.107188,0.659965,-1.179516,-0.280383,-0.875612,-1.384418,-2.246587,1.025460,-1.081847,-0.115456,-0.689174,-1.184968,-1.101769,-0.820017,-0.969358,-0.354905,0.417822,-0.880600,0.233383,-1.441004,-0.666938,-1.084011,-0.619698,-0.797403,0.018552,0.326051,-0.465060,-0.545944,-0.328917,-0.573212,-0.381559,0.060659,-0.659808,-0.159501,0.802124,-0.465222,-0.297061,1.571773,-0.894866,0.629369,-0.172805,-1.118166,-0.092271,1.138058,-1.025417,0.029830,-1.179179,-1.008030,0.884450,-0.567570,-0.983930,0.339694,0.414163,-1.074485,-0.255923,1.063683,-1.081205,0.325530,0.241745,-0.870977,0.144946,-0.862454,-1.033508,-0.249050,0.274871,-1.308344,0.462503,-1.071483,-1.175374,-0.895933,1.533578,-0.487164,-1.502844,1.037748,-0.770393,0.420638,0.490835,-0.691591,0.799879,-1.626673,-0.560406,0.869100,-0.404672,-0.595927,0.626392,1.562938,-0.507171,0.408332,-1.135303,-1.042813,0.235766,-0.800024,-0.724380,1.062065,0.148398,-1.051149,1.200936,-1.155125,-0.586268,0.915280,2.337241,-0.402173,0.392957,1.957080,-0.481982,0.575474,1.445193,-1.003549,1.237605,-0.469737,-0.738419,0.974747,0.680083,-0.620411,0.143493,0.665890,-0.580953,-0.019650,0.706990,-0.543459,0.244788,0.667045,-0.973236,1.975741,-1.171951,-0.566299,-0.645521,1.116235,-0.634777,-0.211162,1.121834,-0.534691,-0.983136,0.901979,-1.044031,-0.495659,0.627135,-1.241844,-0.899880,-1.382899
-1.114185,1.231609,-1.849595,-0.052822,-0.745870,0.572147,0.624245,-0.437449,-0.505542,-0.306801,-0.762100,0.875323,1.047178,-0.584971,0.862066,0.355919,0.898253,-0.881011,-1.366616,-0.795088,-0.994026,-0.055979,-0.559445,-0.732534,-0.132340,0.934857,1.244934,0.313959,0.795392,1.257130,-0.767261,0.188955,-0.613712,-0.767268,0.188854,0.000390,-1.211887,1.401978,1.616372,-0.372874,0.193004,-0.453260,-0.372874,0.000390,0.000390,-0.808910,0.326417,0.207324,-0.863439,0.436777,-0.399912,-0.981409,-0.945236,-1.245208,-1.743146,0.726354,-0.311819,-0.372874,0.000390,0.000390,-0.372110,0.000390,0.000390,-0.372874,0.000390,0.000390,-0.767268,0.188853,0.000390,-0.767268,0.188853,0.000390,-0.767261,0.188853,0.000390,-0.034883,0.401110,0.697348,-0.518068,0.888056,-0.456951,-0.116848,-0.355559,0.500552,-0.351633,-1.437168,0.183476,-0.205319,-0.669541,1.783489,0.123503,0.087073,-0.359588,0.315868,0.167337,-1.027078,0.080228,-0.749221,1.859961,-0.386034,-0.816810,0.885335,-0.591005,0.450695,-1.504437,0.253307,0.262888,0.347153,-0.531187,-0.701351,-0.810899,-0.588537,-1.076657,-0.707762,0.149358,0.623517,0.986728,0.077381,0.618141,1.031710,0.082486,-0.104592,0.571173,-0.037023,-0.134996,0.057877,-0.810593,1.444458,-0.458859,0.174191,-0.435536,-0.498714,-0.015113,-0.185900,0.057601,0.537657,-0.622192,-1.140796,1.146956,-0.666060,1.109391,1.230024,-0.492694,0.121795,1.250079,-0.400781,0.726364,1.220373,-0.346818,-0.221339,1.156380,-0.299417,-0.681973,0.469139,-0.647787,-0.405742,-0.032582,-0.657041,0.734425,-0.088781,-0.639807,0.523661,-0.032253,-0.613146,0.176544,0.189662,-0.722805,1.156723,-0.522233,-0.738438,0.740082,-0.705082,-0.760892,-0.753086,-0.459511,-0.799354,0.129933,0.096506,-0.763603,0.859902,-0.127343,-0.777417,-0.602929,-0.051969,-0.732985,1.139905,0.022279,-0.663993,1.107503,0.028297,-0.780910,0.914446,-0.170365,-0.771686,1.018992,-0.105672,-0.716331,0.944492,-0.359785,-0.630971,0.085722,-0.652089,-0.326572,-0.118570,-0.828280,-1.063577,-0.124987,-0.780026,-0.941032,1.235596,-0.913037,-0.537151,-0.851454,-1.063897,-0.698165,-2.211676,-1.584637,-0.880863,-0.647236,-1.418531,-0.511145,-1.909875,-1.504048,-0.952595,-2.076560,-0.666918,-1.442098,-0.921081,-0.903579,-1.300831,-0.471234,-0.936793,-0.992297,-0.907743,-1.321173,0.240419,-1.578090,-0.324985,-0.422040,-0.538371,-1.072887,-0.717359,-1.814106,-0.348865,-0.942702,0.150864,-0.577125,-0.487679,0.280339,-0.790746,-0.320015,-0.659404,-0.676345,0.729846,-0.998575,-1.052716,0.654034,0.968631,-0.891086,0.234775,1.713377,-0.961807,0.277496,1.113416,-0.938959,0.305649,-1.554175,-1.011569,-0.108081,0.740851,-0.926046,1.107188,0.659965,-1.179516,-0.280383,-0.875612,-1.384418,-2.246587,1.025460,-1.081847,-0.115456,-0.689174,-1.184968,-1.101769,-0.820017,-0.969358,-0.354905,0.417822,-0.880600,0.233383,-1.441004,-0.666938,-1.084011,-0.619698,-0.797403,0.018552,0.326051,-0.465060,-0.545944,-0.328917,-0.573212,-0.381559,0.060659,-0.659808,-0.159501,0.802124,-0.465222,-0.297061,1.571773,-0.894866,0.629369,-0.172805,-1.118166,-0.092271,1.138058,-1.025417,0.029830,-1.179179,-1.008030,0.884450,-0.567570,-0.983930,0.339694,0.414163,-1.074485,-0.255923,1.063683,-1.081205,0.325530,0.241745,-0.870977,0.144946,-0.862454,-1.033508,-0.249050,0.274871,-1.308344,0.462503,-1.071483,-1.175374,-0.895933,1.533578,-0.487164,-1.502844,1.037748,-0.770393,0.420638,0.490835,-0.691591,0.799879,-1.626673,-0.560406,0.869100,-0.404672,-0.595927,0.626392,1.562938,-0.507171,0.408332,-1.135303,-1.042813,0.235766,-0.800024,-0.724380,1.062065,0.148398,-1.051149,1.200936,-1.155125,-0.586268,0.915280,2.337241,-0.402173,0.392957,1.957080,-0.481982,0.575474,1.445193,-1.003549,1.237605,-0.469737,-0.738419,0.974747,0.680083,-0.620411,0.143493,0.665890,-0.580953,-0.019650,0.706990,-0.543459,0.244788,0.667045,-0.973236,1.975741,-1.171951,-0.566299,-0.645521,1.116235,-0.634777,-0.211162,1.121834,-0.534691,-0.983136,0.901979,-1.044031,-0.495659,0.627135,-1.241844,-0.899880,-1.382899
-1.114185,1.231609,-1.849595,-0.052822,-0.745870,0.572147,0.624245,-0.437449,-0.505542,-0.306801,-0.762100,0.875323,1.047178,-0.584971,0.862066,0.355919,0.898253,-0.881011,-1.366616,-0.795088,-0.994026,-0.055979,-0.559445,-0.732534,-0.132340,0.934857,1.244934,0.313959,0.795392,1.257130,-0.767261,0.188955,-0.613712,-0.767268,0.188854,0.000390,-1.211887,1.401978,1.616372,-0.372874,0.193004,-0.453260,-0.372874,0.000390,0.000390,-0.808910,0.326417,0.207324,-0.863439,0.436777,-0.399912,-0.981409,-0.945236,-1.245208,-1.743146,0.726354,-0.311819,-0.372874,0.000390,0.000390,-0.372110,0.000390,0.000390,-0.372874,0.000390,0.000390,-0.767268,0.188853,0.000390,-0.767268,0.188853,0.000390,-0.767261,0.188853,0.000390,-0.034883,0.401110,0.697348,-0.518068,0.888056,-0.456951,-0.116848,-0.355559,0.500552,-0.351633,-1.437168,0.183476,-0.205319,-0.669541,1.783489,0.123503,0.087073,-0.359588,0.315868,0.167337,-1.027078,0.080228,-0.749221,1.859961,-0.386034,-0.816810,0.885335,-0.591005,0.450695,-1.504437,0.253307,0.262888,0.347153,-0.531187,-0.701351,-0.810899,-0.588537,-1.076657,-0.707762,0.149358,0.623517,0.986728,0.077381,0.618141,1.031710,0.082486,-0.104592,0.571173,-0.037023,-0.134996,0.057877,-0.810593,1.444458,-0.458859,0.174191,-0.435536,-0.498714,-0.015113,-0.185900,0.057601,0.537657,-0.622192,-1.140796,1.146956,-0.666060,1.109391,1.230024,-0.492694,0.121795,1.250079,-0.400781,0.726364,1.220373,-0.346818,-0.221339,1.156380,-0.299417,-0.681973,0.469139,-0.647787,-0.405742,-0.032582,-0.657041,0.734425,-0.088781,-0.639807,0.523661,-0.032253,-0.613146,0.176544,0.189662,-0.722805,1.156723,-0.522233,-0.738438,0.740082,-0.705082,-0.760892,-0.753086,-0.459511,-0.799354,0.129933,0.096506,-0.763603,0.859902,-0.127343,-0.777417,-0.602929,-0.051969,-0.732985,1.139905,0.022279,-0.663993,1.107503,0.028297,-0.780910,0.914446,-0.170365,-0.771686,1.018992,-0.105672,-0.716331,0.944492,-0.359785,-0.630971,0.085722,-0.652089,-0.326572,-0.118570,-0.828280,-1.063577,-0.124987,-0.780026,-0.941032,1.235596,-0.913037,-0.537151,-0.851454,-1.063897,-0.698165,-2.211676,-1.584637,-0.880863,-0.647236,-1.418531,-0.511145,-1.909875,-1.504048,-0.952595,-2.076560,-0.666918,-1.442098,-0.921081,-0.903579,-1.300831,-0.471234,-0.936793,-0.992297,-0.907743,-1.321173,0.240419,-1.578090,-0.324985,-0.422040,-0.538371,-1.072887,-0.717359,-1.814106,-0.348865,-0.942702,0.150864,-0.577125,-0.487679,0.280339,-0.790746,-0.320015,-0.659404,-0.676345,0.729846,-0.998575,-1.052716,0.654034,0.968631,-0.891086,0.234775,1.713377,-0.961807,0.277496,1.113416,-0.938959,0.305649,-1.554175,-1.011569,-0.108081,0.740851,-0.926046,1.107188,0.659965,-1.179516,-0.280383,-0.875612,-1.384418,-2.246587,1.025460,-1.081847,-0.115456,-0.689174,-1.184968,-1.101769,-0.820017,-0.969358,-0.354905,0.417822,-0.880600,0.233383,-1.441004,-0.666938,-1.084011,-0.619698,-0.797403,0.018552,0.326051,-0.465060,-0.545944,-0.328917,-0.573212,-0.381559,0.060659,-0.659808,-0.159501,0.802124,-0.465222,-0.297061,1.571773,-0.894866,0.629369,-0.172805,-1.118166,-0.092271,1.138058,-1.025417,0.029830,-1.179179,-1.008030,0.884450,-0.567570,-0.983930,0.339694,0.414163,-1.074485,-0.255923,1.063683,-1.081205,0.325530,0.241745,-0.870977,0.144946,-0.862454,-1.033508,-0.249050,0.274871,-1.308344,0.462503,-1.071483,-1.175374,-0.895933,1.533578,-0.487164,-1.502844,1.037748,-0.770393,0.420638,0.490835,-0.691591,0.799879,-1.626673,-0.560406,0.869100,-0.404672,-0.595927,0.626392,1.562938,-0.507171,0.408332,-1.135303,-1.042813,0.235766,-0.800024,-0.724380,1.062065,0.148398,-1.051149,1.200936,-1.155125,-0.586268,0.915280,2.337241,-0.402173,0.392957,1.957080,-0.481982,0.575474,1.445193,-1.003549,1.237605,-0.469737,-0.738419,0.974747,0.680083,-0.620411,0.143493,0.665890,-0.580953,-0.019650,0.706990,-0.543459,0.244788,0.667045,-0.973236,1.975741,-1.171951,-0.566299,-0.645521,1.116235,-0.634777,-0.211162,1.121834,-0.534691,-0.983136,0.901979,-1.044031,-0.495659,0.627135,-1.241844,-0.899880,-1.382899
-1.114185,1.231609,-1.849595,-0.052822,-0.745870,0.572147,0.624245,-0.437449,-0.505542,-0.306801,-0.762100,0.875323,1.047178,-0.584971,0.862066,0.355919,0.898253,-0.881011,-1.366616,-0.795088,-0.994026,-0.055979,-0.559445,-0.732534,-0.132340,0.934857,1.244934,0.313959,0.795392,1.257130,-0.767261,0.188955,-0.613712,-0.767268,0.188854,0.000390,-1.211887,1.401978,1.616372,-0.372874,0.193004,-0.453260,-0.372874,0.000390,0.000390,-0.808910,0.326417,0.207324,-0.863439,0.436777,-0.399912,-0.981409,-0.945236,-1.245208,-1.743146,0.726354,-0.311819,-0.372874,0.000390,0.000390,-0.372110,0.000390,0.000390,-0.372874,0.000390,0.000390,-0.767268,0.188853,0.000390,-0.767268,0.188853,0.000390,-0.767261,0.188853,0.000390,-0.034883,0.401110,0.697348,-0.518068,0.888056,-0.456951,-0.116848,-0.355559,0.500552,-0.351633,-1.437168,0.183476,-0.205319,-0.669541,1.783489,0.123503,0.087073,-0.359588,0.315868,0.167337,-1.027078,0.080228,-0.749221,1.859961,-0.386034,-0.816810,0.885335,-0.591005,0.450695,-1.504437,0.253307,0.262888,0.347153,-0.531187,-0.701351,-0.810899,-0.588537,-1.076657,-0.707762,0.149358,0.623517,0.986728,0.077381,0.618141,1.031710,0.082486,-0.104592,0.571173,-0.037023,-0.134996,0.057877,-0.810593,1.444458,-0.458859,0.174191,-0.435536,-0.498714,-0.015113,-0.185900,0.057601,0.537657,-0.622192,-1.140796,1.146956,-0.666060,1.109391,1.230024,-0.492694,0.121795,1.250079,-0.400781,0.726364,1.220373,-0.346818,-0.221339,1.156380,-0.299417,-0.681973,0.469139,-0.647787,-0.405742,-0.032582,-0.657041,0.734425,-0.088781,-0.639807,0.523661,-0.032253,-0.613146,0.176544,0.189662,-0.722805,1.156723,-0.522233,-0.738438,0.740082,-0.705082,-0.760892,-0.753086,-0.459511,-0.799354,0.129933,0.096506,-0.763603,0.859902,-0.127343,-0.777417,-0.602929,-0.051969,-0.732985,1.139905,0.022279,-0.663993,1.107503,0.028297,-0.780910,0.914446,-0.170365,-0.771686,1.018992,-0.105672,-0.716331,0.944492,-0.359785,-0.630971,0.085722,-0.652089,-0.326572,-0.118570,-0.828280,-1.063577,-0.124987,-0.780026,-0.941032,1.235596,-0.913037,-0.537151,-0.851454,-1.063897,-0.698165,-2.211676,-1.584637,-0.880863,-0.647236,-1.418531,-0.511145,-1.909875,-1.504048,-0.952595,-2.076560,-0.666918,-1.442098,-0.921081,-0.903579,-1.300831,-0.471234,-0.936793,-0.992297,-0.907743,-1.321173,0.240419,-1.578090,-0.324985,-0.422040,-0.538371,-1.072887,-0.717359,-1.814106,-0.348865,-0.942702,0.150864,-0.577125,-0.487679,0.280339,-0.790746,-0.320015,-0.659404,-0.676345,0.729846,-0.998575,-1.052716,0.654034,0.968631,-0.891086,0.234775,1.713377,-0.961807,0.277496,1.113416,-0.938959,0.305649,-1.554175,-1.011569,-0.108081,0.740851,-0.926046,1.107188,0.659965,-1.179516,-0.280383,-0.875612,-1.384418,-2.246587,1.025460,-1.081847,-0.115456,-0.689174,-1.184968,-1.101769,-0.820017,-0.969358,-0.354905,0.417822,-0.880600,0.233383,-1.441004,-0.666938,-1.084011,-0.619698,-0.797403,0.018552,0.326051,-0.465060,-0.545944,-0.328917,-0.573212,-0.381559,0.060659,-0.659808,-0.159501,0.802124,-0.465222,-0.297061,1.571773,-0.894866,0.629369,-0.172805,-1.118166,-0.092271,1.138058,-1.025417,0.029830,-1.179179,-1.008030,0.884450,-0.567570,-0.983930,0.339694,0.414163,-1.074485,-0.255923,1.063683,-1.081205,0.325530,0.241745,-0.870977,0.144946,-0.862454,-1.033508,-0.249050,0.274871,-1.308344,0.462503,-1.071483,-1.175374,-0.895933,1.533578,-0.487164,-1.502844,1.037748,-0.770393,0.420638,0.490835,-0.691591,0.799879,-1.626673,-0.560406,0.869100,-0.404672,-0.595927,0.626392,1.562938,-0.507171,0.408332,-1.135303,-1.042813,0.235766,-0.800024,-0.724380,1.062065,0.148398,-1.051149,1.200936,-1.155125,-0.586268,0.915280,2.337241,-0.402173,0.392957,1.957080,-0.481982,0.575474,1.445193,-1.003549,1.237605,-0.469737,-0.738419,0.974747,0.680083,-0.620411,0.143493,0.665890,-0.580953,-0.019650,0.706990,-0.543459,0.244788,0.667045,-0.973236,1.975741,-1.171951,-0.566299,-0.645521,1.116235,-0.634777,-0.211162,1.121834,-0.534691,-0.983136,0.901979,-1.044031,-0.495659,0.627135,-1.241844,-0.899880,-1.382899
-1.114185,1.231609,-1.849595,-0.052822,-0.745870,0.572147,0.624245,-0.437449,-0.505542,-0.306801,-0.762100,0.875323,1.047178,-0.584971,0.862066,0.355919,0.898253,-0.881011,-1.366616,-0.795088,-0.994026,-0.055979,-0.559445,-0.732534,-0.132340,0.934857,1.244934,0.313959,0.795392,1.257130,-0.767261,0.188955,-0.613712,-0.767268,0.188854,0.000390,-1.211887,1.401978,1.616372,-0.372874,0.193004,-0.453260,-0.372874,0.000390,0.000390,-0.808910,0.326417,0.207324,-0.863439,0.436777,-0.399912,-0.981409,-0.945236,-1.245208,-1.743146,0.726354,-0.311819,-0.372874,0.000390,0.000390,-0.372110,0.000390,0.000390,-0.372874,0.000390,0.000390,-0.767268,0.188853,0.000390,-0.767268,0.188853,0.000390,-0.767261,0.188853,0.000390,-0.034883,0.401110,0.697348,-0.518068,0.888056,-0.456951,-0.116848,-0.355559,0.500552,-0.351633,-1.437168,0.183476,-0.205319,-0.669541,1.783489,0.123503,0.087073,-0.359588,0.315868,0.167337,-1.027078,0.080228,-0.749221,1.859961,-0.386034,-0.816810,0.885335,-0.591005,0.450695,-1.504437,0.253307,0.262888,0.347153,-0.531187,-0.701351,-0.810899,-0.588537,-1.076657,-0.707762,0.149358,0.623517,0.986728,0.077381,0.618141,1.031710,0.082486,-0.104592,0.571173,-0.037023,-0.134996,0.057877,-0.810593,1.444458,-0.458859,0.174191,-0.435536,-0.498714,-0.015113,-0.185900,0.057601,0.537657,-0.622192,-1.140796,1.146956,-0.666060,1.109391,1.230024,-0.492694,0.121795,1.250079,-0.400781,0.726364,1.220373,-0.346818,-0.221339,1.156380,-0.299417,-0.681973,0.469139,-0.647787,-0.405742,-0.032582,-0.657041,0.734425,-0.088781,-0.639807,0.523661,-0.032253,-0.613146,0.176544,0.189662,-0.722805,1.156723,-0.522233,-0.738438,0.740082,-0.705082,-0.760892,-0.753086,-0.459511,-0.799354,0.129933,0.096506,-0.763603,0.859902,-0.127343,-0.777417,-0.602929,-0.051969,-0.732985,1.139905,0.022279,-0.663993,1.107503,0.028297,-0.780910,0.914446,-0.170365,-0.771686,1.018992,-0.105672,-0.716331,0.944492,-0.359785,-0.630971,0.085722,-0.652089,-0.326572,-0.118570,-0.828280,-1.063577,-0.124987,-0.780026,-0.941032,1.235596,-0.913037,-0.537151,-0.851454,-1.063897,-0.698165,-2.211676,-1.584637,-0.880863,-0.647236,-1.418531,-0.511145,-1.909875,-1.504048,-0.952595,-2.076560,-0.666918,-1.442098,-0.921081,-0.903579,-1.300831,-0.471234,-0.936793,-0.992297,-0.907743,-1.321173,0.240419,-1.578090,-0.324985,-0.422040,-0.538371,-1.072887,-0.717359,-1.814106,-0.348865,-0.942702,0.150864,-0.577125,-0.487679,0.280339,-0.790746,-0.320015,-0.659404,-0.676345,0.729846,-0.998575,-1.052716,0.654034,0.968631,-0.891086,0.234775,1.713377,-0.961807,0.277496,1.113416,-0.938959,0.305649,-1.554175,-1.011569,-0.108081,0.740851,-0.926046,1.107188,0.659965,-1.179516,-0.280383,-0.875612,-1.384418,-2.246587,1.025460,-1.081847,-0.115456,-0.689174,-1.184968,-1.101769,-0.820017,-0.969358,-0.354905,0.417822,-0.880600,0.233383,-1.441004,-0.666938,-1.084011,-0.619698,-0.797403,0.018552,0.326051,-0.465060,-0.545944,-0.328917,-0.573212,-0.381559,0.060659,-0.659808,-0.159501,0.802124,-0.465222,-0.297061,1.571773,-0.894866,0.629369,-0.172805,-1.118166,-0.092271,1.138058,-1.025417,0.029830,-1.179179,-1.008030,0.884450,-0.567570,-0.983930,0.339694,0.414163,-1.074485,-0.255923,1.063683,-1.081205,0.325530,0.241745,-0.870977,0.144946,-0.862454,-1.033508,-0.249050,0.274871,-1.308344,0.462503,-1.071483,-1.175374,-0.895933,1.533578,-0.487164,-1.502844,1.037748,-0.770393,0.420638,0.490835,-0.691591,0.799879,-1.626673,-0.560406,0.869100,-0.404672,-0.595927,0.626392,1.562938,-0.507171,0.408332,-1.135303,-1.042813,0.235766,-0.800024,-0.724380,1.062065,0.148398,-1.051149,1.200936,-1.155125,-0.586268,0.915280,2.337241,-0.402173,0.392957,1.957080,-0.481982,0.575474,1.445193,-1.003549,1.237605,-0.469737,-0.738419,0.974747,0.680083,-0.620411,0.143493,0.665890,-0.580953,-0.019650,0.706990,-0.543459,0.244788,0.667045,-0.973236,1.975741,-1.171951,-0.566299,-0.645521,1.116235,-0.634777,-0.211162,1.121834,-0.534691,-0.983136,0.901979,-1.044031,-0.495659,0.627135,-1.241844,-0.899880,-1.382899
-1.100129,1.167331,-1.283897,-0.006107,-0.741669,0.856157,0.587192,-0.432262,-0.192518,-0.360917,-1.418021,-0.328068,1.040634,-0.583041,0.824486,0.338463,0.915231,-0.772837,0.694499,0.997538,-0.399007,-0.034517,0.925740,0.332720,0.023788,0.930374,0.643058,0.321821,0.772639,0.406177,-0.780095,0.188955,-0.809201,-0.780103,0.188854,0.000390,-1.190645,1.413724,1.590193,-1.398016,-2.965852,-1.361651,-1.398016,0.000390,0.000390,-0.808613,0.269688,0.575613,-0.849848,-0.313541,0.783146,-0.275741,0.538971,-1.451041,-0.858995,0.737110,-1.119592,-1.398016,0.000390,0.000390,-1.397251,0.000390,0.000390,-1.398016,0.000390,0.000390,-0.780103,0.188853,0.000390,-0.780103,0.188853,0.000390,-0.780095,0.188853,0.000390,0.436135,-1.695230,-0.378097,0.855920,-1.303562,0.711628,0.202811,-1.526346,-1.293990,0.802781,-1.013459,-0.888426,0.367123,-0.812886,-1.576915,0.432978,-1.042205,0.358076,0.563803,-0.886974,0.164598,0.662725,-1.237084,-1.554697,0.618519,-1.291296,-0.965121,0.664949,-1.051801,-0.717623,0.200051,-1.016357,1.377314,0.840510,-0.823282,-0.592746,0.734214,-0.447037,0.580392,0.494194,-1.327672,-0.685573,0.018471,-0.760508,0.125839,0.388080,-0.896720,0.839707,0.603167,-0.843407,0.268736,0.506755,-0.771872,-1.833873,0.113956,-0.530860,0.808381,0.305871,-0.811693,0.364589,0.484326,-0.393536,0.382192,1.007613,-0.635139,1.109391,1.120380,-0.464254,0.121795,1.157240,-0.375620,0.726364,1.120662,-0.324194,-0.221339,1.061042,-0.278671,-0.681973,0.270802,-0.626417,-0.405742,-0.207940,-0.638083,0.734425,-0.241112,-0.621668,0.523661,-0.182822,-0.595665,0.176544,0.020817,-0.702005,1.156723,-0.646537,-0.720100,0.740082,-0.814424,-0.743787,-0.753086,-0.568647,-0.783112,0.129933,-0.047865,-0.742573,0.859902,-0.241313,-0.758693,-0.602929,-0.156206,-0.715056,1.139905,-0.080173,-0.646417,1.107503,-0.100447,-0.759657,0.914446,-0.285465,-0.752614,1.018992,-0.213855,-0.697604,0.944492,-0.462700,-0.612116,0.085722,-0.674007,-0.914915,0.281165,-0.850226,-0.706789,0.535334,-0.796744,-0.306455,1.366923,-0.910420,-0.654424,-0.847500,-1.035881,-1.380313,-2.188342,-1.514297,-0.724502,-0.151632,-1.625554,0.127415,-1.461740,-1.670777,0.390808,-0.523825,-1.067907,-0.201328,-1.073017,-0.926282,-0.262827,0.245261,-0.888848,0.318998,-0.783383,-0.838557,0.418582,-0.322701,-0.593605,-0.416703,-0.088788,-0.906809,0.207336,0.145055,-0.609881,-0.072282,-0.291998,-0.345711,0.104274,-0.205262,-0.100337,-0.006587,-0.743194,-0.639878,-0.532260,1.131581,-0.658952,0.601159,1.424110,-0.788103,0.121284,1.449109,-0.816754,0.178997,1.396175,-1.089783,0.254107,-0.512152,-1.076848,-0.203907,0.874731,-1.256933,0.928578,1.079839,-1.495645,0.466601,-1.529426,-1.314552,-1.580840,-0.948421,-1.740781,-0.165888,1.248284,-0.944520,-0.983773,-0.244881,-0.734173,-0.159671,1.252690,-0.977216,0.538056,-0.813621,-1.076704,-0.700388,-0.517032,-0.936489,0.655806,-0.308791,-0.897187,0.069510,0.161078,-0.656800,-0.801868,0.318281,-0.725859,0.408801,-0.103916,-0.826100,0.293542,-0.841433,-0.814912,-0.083874,-0.670065,-1.029554,-0.025865,0.841692,-0.860715,0.109534,-1.156695,-0.822709,0.090574,-0.885869,-0.823312,0.609759,0.697359,-0.981666,0.003333,1.100609,-1.124486,0.472725,1.236725,-0.884022,-0.311500,-0.745482,-1.007943,-0.210656,0.018040,-0.909518,-0.328370,-0.851791,-1.148766,-0.728686,1.622988,-0.851971,-1.321452,-0.135251,-0.949039,0.349283,0.342822,-0.860293,-0.507513,-0.067129,-0.663775,-0.547563,-0.599426,-0.678376,0.352788,-0.819866,-0.573629,0.108713,-0.490316,-0.735104,0.053179,0.557182,-0.733921,0.976303,-0.484465,-1.097039,-1.055648,-0.075226,-0.647467,-0.305582,-0.078971,-0.483021,0.389396,-0.308512,-0.583442,0.571810,-0.645041,-0.804017,0.219818,-0.599322,-0.921639,0.886162,0.438477,-0.422800,0.031420,-0.467452,-0.663000,-0.135505,-0.326374,-0.609658,0.121358,-0.016204,-0.694663,-0.745302,-1.365790,-0.631409,0.265692,0.043909,-0.716255,-0.324211,0.497049,-0.633923,0.073032,0.291194,-0.914609,-0.398652,1.574230,-0.871577,-1.546690,-0.244858
-1.100129,1.167331,-1.283897,-0.006107,-0.741669,0.856157,0.587192,-0.432262,-0.192518,-0.360917,-1.418021,-0.328068,1.040634,-0.583041,0.824486,0.338463,0.915231,-0.772837,0.694499,0.997538,-0.399007,-0.034517,0.925740,0.332720,0.023788,0.930374,0.643058,0.321821,0.772639,0.406177,-0.780095,0.188955,-0.809201,-0.780103,0.188854,0.000390,-1.190645,1.413724,1.590193,-1.398016,-2.965852,-1.361651,-1.398016,0.000390,0.000390,-0.808613,0.269688,0.575613,-0.849848,-0.313541,0.783146,-0.275741,0.538971,-1.451041,-0.858995,0.737110,-1.119592,-1.398016,0.000390,0.000390,-1.397251,0.000390,0.000390,-1.398016,0.000390,0.000390,-0.780103,0.188853,0.000390,-0.780103,0.188853,0.000390,-0.780095,0.188853,0.000390,0.436135,-1.695230,-0.378097,0.855920,-1.303562,0.711628,0.202811,-1.526346,-1.293990,0.802781,-1.013459,-0.888426,0.367123,-0.812886,-1.576915,0.432978,-1.042205,0.358076,0.563803,-0.886974,0.164598,0.662725,-1.237084,-1.554697,0.618519,-1.291296,-0.965121,0.664949,-1.051801,-0.717623,0.200051,-1.016357,1.377314,0.840510,-0.823282,-0.592746,0.734214,-0.447037,0.580392,0.494194,-1.327672,-0.685573,0.018471,-0.760508,0.125839,0.388080,-0.896720,0.839707,0.603167,-0.843407,0.268736,0.506755,-0.771872,-1.833873,0.113956,-0.530860,0.808381,0.305871,-0.811693,0.364589,0.484326,-0.393536,0.382192,1.007613,-0.635139,1.109391,1.120380,-0.464254,0.121795,1.157240,-0.375620,0.726364,1.120662,-0.324194,-0.221339,1.061042,-0.278671,-0.681973,0.270802,-0.626417,-0.405742,-0.207940,-0.638083,0.734425,-0.241112,-0.621668,0.523661,-0.182822,-0.595665,0.176544,0.020817,-0.702005,1.156723,-0.646537,-0.720100,0.740082,-0.814424,-0.743787,-0.753086,-0.568647,-0.783112,0.129933,-0.047865,-0.742573,0.859902,-0.241313,-0.758693,-0.602929,-0.156206,-0.715056,1.139905,-0.080173,-0.646417,1.107503,-0.100447,-0.759657,0.914446,-0.285465,-0.752614,1.018992,-0.213855,-0.697604,0.944492,-0.462700,-0.612116,0.085722,-0.674007,-0.914915,0.281165,-0.850226,-0.706789,0.535334,-0.796744,-0.306455,1.366923,-0.910420,-0.654424,-0.847500,-1.035881,-1.380313,-2.188342,-1.514297,-0.724502,-0.151632,-1.625554,0.127415,-1.461740,-1.670777,0.390808,-0.523825,-1.067907,-0.201328,-1.073017,-0.926282,-0.262827,0.245261,-0.888848,0.318998,-0.783383,-0.838557,0.418582,-0.322701,-0.593605,-0.416703,-0.088788,-0.906809,0.207336,0.145055,-0.609881,-0.072282,-0.291998,-0.345711,0.104274,-0.205262,-0.100337,-0.006587,-0.743194,-0.639878,-0.532260,1.131581,-0.658952,0.601159,1.424110,-0.788103,0.121284,1.449109,-0.816754,0.178997,1.396175,-1.089783,0.254107,-0.512152,-1.076848,-0.203907,0.874731,-1.256933,0.928578,1.079839,-1.495645,0.466601,-1.529426,-1.314552,-1.580840,-0.948421,-1.740781,-0.165888,1.248284,-0.944520,-0.983773,-0.244881,-0.734173,-0.159671,1.252690,-0.977216,0.538056,-0.813621,-1.076704,-0.700388,-0.517032,-0.936489,0.655806,-0.308791,-0.897187,0.069510,0.161078,-0.656800,-0.801868,0.318281,-0.725859,0.408801,-0.103916,-0.826100,0.293542,-0.841433,-0.814912,-0.083874,-0.670065,-1.029554,-0.025865,0.841692,-0.860715,0.109534,-1.156695,-0.822709,0.090574,-0.885869,-0.823312,0.609759,0.697359,-0.981666,0.003333,1.100609,-1.124486,0.472725,1.236725,-0.884022,-0.311500,-0.745482,-1.007943,-0.210656,0.018040,-0.909518,-0.328370,-0.851791,-1.148766,-0.728686,1.622988,-0.851971,-1.321452,-0.135251,-0.949039,0.349283,0.342822,-0.860293,-0.507513,-0.067129,-0.663775,-0.547563,-0.599426,-0.678376,0.352788,-0.819866,-0.573629,0.108713,-0.490316,-0.735104,0.053179,0.557182,-0.733921,0.976303,-0.484465,-1.097039,-1.055648,-0.075226,-0.647467,-0.305582,-0.078971,-0.483021,0.389396,-0.308512,-0.583442,0.571810,-0.645041,-0.804017,0.219818,-0.599322,-0.921639,0.886162,0.438477,-0.422800,0.031420,-0.467452,-0.663000,-0.135505,-0.326374,-0.609658,0.121358,-0.016204,-0.694663,-0.745302,-1.365790,-0.631409,0.265692,0.043909,-0.716255,-0.324211,0.497049,-0.633923,0.073032,0.291194,-0.914609,-0.398652,1.574230,-0.871577,-1.546690,-0.244858
-1.100129,1.167331,-1.283897,-0.006107,-0.741669,0.856157,0.587192,-0.432262,-0.192518,-0.360917,-1.418021,-0.328068,1.040634,-0.583041,0.824486,0.338463,0.915231,-0.772837,0.694499,0.997538,-0.399007,-0.034517,0.925740,0.332720,0.023788,0.930374,0.643058,0.321821,0.772639,0.406177,-0.780095,0.188955,-0.809201,-0.780103,0.188854,0.000390,-1.190645,1.413724,1.590193,-1.398016,-2.965852,-1.361651,-1.398016,0.000390,0.000390,-0.808613,0.269688,0.575613,-0.849848,-0.313541,0.783146,-0.275741,0.538971,-1.451041,-0.858995,0.737110,-1.119592,-1.398016,0.000390,0.000390,-1.397251,0.000390,0.000390,-1.398016,0.000390,0.000390,-0.780103,0.188853,0.000390,-0.780103,0.188853,0.000390,-0.780095,0.188853,0.000390,0.436135,-1.695230,-0.378097,0.855920,-1.303562,0.711628,0.202811,-1.526346,-1.293990,0.802781,-1.013459,-0.888426,0.367123,-0.812886,-1.576915,0.432978,-1.042205,0.358076,0.563803,-0.886974,0.164598,0.662725,-1.237084,-1.554697,0.618519,-1.291296,-0.965121,0.664949,-1.051801,-0.717623,0.200051,-1.016357,1.377314,0.840510,-0.823282,-0.592746,0.734214,-0.447037,0.580392,0.494194,-1.327672,-0.685573,0.018471,-0.760508,0.125839,0.388080,-0.896720,0.839707,0.603167,-0.843407,0.268736,0.506755,-0.771872,-1.833873,0.113956,-0.530860,0.808381,0.305871,-0.811693,0.364589,0.484326,-0.393536,0.382192,1.007613,-0.635139,1.109391,1.120380,-0.464254,0.121795,1.157240,-0.375620,0.726364,1.120662,-0.324194,-0.221339,1.061042,-0.278671,-0.681973,0.270802,-0.626417,-0.405742,-0.207940,-0.638083,0.734425,-0.241112,-0.621668,0.523661,-0.182822,-0.595665,0.176544,0.020817,-0.702005,1.156723,-0.646537,-0.720100,0.740082,-0.814424,-0.743787,-0.753086,-0.568647,-0.783112,0.129933,-0.047865,-0.742573,0.859902,-0.241313,-0.758693,-0.602929,-0.156206,-0.715056,1.139905,-0.080173,-0.646417,1.107503,-0.100447,-0.759657,0.914446,-0.285465,-0.752614,1.018992,-0.213855,-0.697604,0.944492,-0.462700,-0.612116,0.085722,-0.674007,-0.914915,0.281165,-0.850226,-0.706789,0.535334,-0.796744,-0.306455,1.366923,-0.910420,-0.654424,-0.847500,-1.035881,-1.380313,-2.188342,-1.514297,-0.724502,-0.151632,-1.625554,0.127415,-1.461740,-1.670777,0.390808,-0.523825,-1.067907,-0.201328,-1.073017,-0.926282,-0.262827,0.245261,-0.888848,0.318998,-0.783383,-0.838557,0.418582,-0.322701,-0.593605,-0.416703,-0.088788,-0.906809,0.207336,0.145055,-0.609881,-0.072282,-0.291998,-0.345711,0.104274,-0.205262,-0.100337,-0.006587,-0.743194,-0.639878,-0.532260,1.131581,-0.658952,0.601159,1.424110,-0.788103,0.121284,1.449109,-0.816754,0.178997,1.396175,-1.089783,0.254107,-0.512152,-1.076848,-0.203907,0.874731,-1.256933,0.928578,1.079839,-1.495645,0.466601,-1.529426,-1.314552,-1.580840,-0.948421,-1.740781,-0.165888,1.248284,-0.944520,-0.983773,-0.244881,-0.734173,-0.159671,1.252690,-0.977216,0.538056,-0.813621,-1.076704,-0.700388,-0.517032,-0.936489,0.655806,-0.308791,-0.897187,0.069510,0.161078,-0.656800,-0.801868,0.318281,-0.725859,0.408801,-0.103916,-0.826100,0.293542,-0.841433,-0.814912,-0.083874,-0.670065,-1.029554,-0.025865,0.841692,-0.860715,0.109534,-1.156695,-0.822709,0.090574,-0.885869,-0.823312,0.609759,0.697359,-0.981666,0.003333,1.100609,-1.124486,0.472725,1.236725,-0.884022,-0.311500,-0.745482,-1.007943,-0.210656,0.018040,-0.909518,-0.328370,-0.851791,-1.148766,-0.728686,1.622988,-0.851971,-1.321452,-0.135251,-0.949039,0.349283,0.342822,-0.860293,-0.507513,-0.067129,-0.663775,-0.547563,-0.599426,-0.678376,0.352788,-0.819866,-0.573629,0.108713,-0.490316,-0.735104,0.053179,0.557182,-0.733921,0.976303,-0.484465,-1.097039,-1.055648,-0.075226,-0.647467,-0.305582,-0.078971,-0.483021,0.389396,-0.308512,-0.583442,0.571810,-0.645041,-0.804017,0.219818,-0.599322,-0.921639,0.886162,0.438477,-0.422800,0.031420,-0.467452,-0.663000,-0.135505,-0.326374,-0.609658,0.121358,-0.016204,-0.694663,-0.745302,-1.365790,-0.631409,0.265692,0.043909,-0.716255,-0.324211,0.497049,-0.633923,0.073032,0.291194,-0.914609,-0.398652,1.574230,-0.871577,-1.546690,-0.244858
-1.100129,1.167331,-1.283897,-0.006107,-0.741669,0.856157,0.587192,-0.432262,-0.192518,-0.360917,-1.418021,-0.328068,1.040634,-0.583041,0.824486,0.338463,0.915231,-0.772837,0.694499,0.997538,-0.399007,-0.034517,0.925740,0.332720,0.023788,0.930374,0.643058,0.321821,0.772639,0.406177,-0.780095,0.188955,-0.809201,-0.780103,0.188854,0.000390,-1.190645,1.413724,1.590193,-1.398016,-2.965852,-1.361651,-1.398016,0.000390,0.000390,-0.808613,0.269688,0.575613,-0.849848,-0.313541,0.783146,-0.275741,0.538971,-1.451041,-0.858995,0.737110,-1.119592,-1.398016,0.000390,0.000390,-1.397251,0.000390,0.000390,-1.398016,0.000390,0.000390,-0.780103,0.188853,0.000390,-0.780103,0.188853,0.000390,-0.780095,0.188853,0.000390,0.436135,-1.695230,-0.378097,0.855920,-1.303562,0.711628,0.202811,-1.526346,-1.293990,0.802781,-1.013459,-0.888426,0.367123,-0.812886,-1.576915,0.432978,-1.042205,0.358076,0.563803,-0.886974,0.164598,0.662725,-1.237084,-1.554697,0.618519,-1.291296,-0.965121,0.664949,-1.051801,-0.717623,0.200051,-1.016357,1.377314,0.840510,-0.823282,-0.592746,0.734214,-0.447037,0.580392,0.494194,-1.327672,-0.685573,0.018471,-0.760508,0.125839,0.388080,-0.896720,0.839707,0.603167,-0.843407,0.268736,0.506755,-0.771872,-1.833873,0.113956,-0.530860,0.808381,0.305871,-0.811693,0.364589,0.484326,-0.393536,0.382192,1.007613,-0.635139,1.109391,1.120380,-0.464254,0.121795,1.157240,-0.375620,0.726364,1.120662,-0.324194,-0.221339,1.061042,-0.278671,-0.681973,0.270802,-0.626417,-0.405742,-0.207940,-0.638083,0.734425,-0.241112,-0.621668,0.523661,-0.182822,-0.595665,0.176544,0.020817,-0.702005,1.156723,-0.646537,-0.720100,0.740082,-0.814424,-0.743787,-0.753086,-0.568647,-0.783112,0.129933,-0.047865,-0.742573,0.859902,-0.241313,-0.758693,-0.602929,-0.156206,-0.715056,1.139905,-0.080173,-0.646417,1.107503,-0.100447,-0.759657,0.914446,-0.285465,-0.752614,1.018992,-0.213855,-0.697604,0.944492,-0.462700,-0.612116,0.085722,-0.674007,-0.914915,0.281165,-0.850226,-0.706789,0.535334,-0.796744,-0.306455,1.366923,-0.910420,-0.654424,-0.847500,-1.035881,-1.380313,-2.188342,-1.514297,-0.724502,-0.151632,-1.625554,0.127415,-1.461740,-1.670777,0.390808,-0.523825,-1.067907,-0.201328,-1.073017,-0.926282,-0.262827,0.245261,-0.888848,0.318998,-0.783383,-0.838557,0.418582,-0.322701,-0.593605,-0.416703,-0.088788,-0.906809,0.207336,0.145055,-0.609881,-0.072282,-0.291998,-0.345711,0.104274,-0.205262,-0.100337,-0.006587,-0.743194,-0.639878,-0.532260,1.131581,-0.658952,0.601159,1.424110,-0.788103,0.121284,1.449109,-0.816754,0.178997,1.396175,-1.089783,0.254107,-0.512152,-1.076848,-0.203907,0.874731,-1.256933,0.928578,1.079839,-1.495645,0.466601,-1.529426,-1.314552,-1.580840,-0.948421,-1.740781,-0.165888,1.248284,-0.944520,-0.983773,-0.244881,-0.734173,-0.159671,1.252690,-0.977216,0.538056,-0.813621,-1.076704,-0.700388,-0.517032,-0.936489,0.655806,-0.308791,-0.897187,0.069510,0.161078,-0.656800,-0.801868,0.318281,-0.725859,0.408801,-0.103916,-0.826100,0.293542,-0.841433,-0.814912,-0.083874,-0.670065,-1.029554,-0.025865,0.841692,-0.860715,0.109534,-1.156695,-0.822709,0.090574,-0.885869,-0.823312,0.609759,0.697359,-0.981666,0.003333,1.100609,-1.124486,0.472725,1.236725,-0.884022,-0.311500,-0.745482,-1.007943,-0.210656,0.018040,-0.909518,-0.328370,-0.851791,-1.148766,-0.728686,1.622988,-0.851971,-1.321452,-0.135251,-0.949039,0.349283,0.342822,-0.860293,-0.507513,-0.067129,-0.663775,-0.547563,-0.599426,-0.678376,0.352788,-0.819866,-0.573629,0.108713,-0.490316,-0.735104,0.053179,0.557182,-0.733921,0.976303,-0.484465,-1.097039,-1.055648,-0.075226,-0.647467,-0.305582,-0.078971,-0.483021,0.389396,-0.308512,-0.583442,0.571810,-0.645041,-0.804017,0.219818,-0.599322,-0.921639,0.886162,0.438477,-0.422800,0.031420,-0.467452,-0.663000,-0.135505,-0.326374,-0.609658,0.121358,-0.016204,-0.694663,-0.745302,-1.365790,-0.631409,0.265692,0.043909,-0.716255,-0.324211,0.497049,-0.633923,0.073032,0.291194,-0.914609,-0.398652,1.574230,-0.871577,-1.546690,-0.244858
-1.100129,1.167331,-1.283897,-0.006107,-0.741669,0.856157,0.587192,-0.432262,-0.192518,-0.360917,-1.418021,-0.328068,1.040634,-0.583041,0.824486,0.338463,0.915231,-0.772837,0.694499,0.997538,-0.399007,-0.034517,0.925740,0.332720,0.023788,0.930374,0.643058,0.321821,0.772639,0.406177,-0.780095,0.188955,-0.809201,-0.780103,0.188854,0.000390,-1.190645,1.413724,1.590193,-1.398016,-2.965852,-1.361651,-1.398016,0.000390,0.000390,-0.808613,0.269688,0.575613,-0.849848,-0.313541,0.783146,-0.275741,0.538971,-1.451041,-0.858995,0.737110,-1.119592,-1.398016,0.000390,0.000390,-1.397251,0.000390,0.000390,-1.398016,0.000390,0.000390,-0.780103,0.188853,0.000390,-0.780103,0.188853,0.000390,-0.780095,0.188853,0.000390,0.436135,-1.695230,-0.378097,0.855920,-1.303562,0.711628,0.202811,-1.526346,-1.293990,0.802781,-1.013459,-0.888426,0.367123,-0.812886,-1.576915,0.432978,-1.042205,0.358076,0.563803,-0.886974,0.164598,0.662725,-1.237084,-1.554697,0.618519,-1.291296,-0.965121,0.664949,-1.051801,-0.717623,0.200051,-1.016357,1.377314,0.840510,-0.823282,-0.592746,0.734214,-0.447037,0.580392,0.494194,-1.327672,-0.685573,0.018471,-0.760508,0.125839,0.388080,-0.896720,0.839707,0.603167,-0.843407,0.268736,0.506755,-0.771872,-1.833873,0.113956,-0.530860,0.808381,0.305871,-0.811693,0.364589,0.484326,-0.393536,0.382192,1.007613,-0.635139,1.109391,1.120380,-0.464254,0.121795,1.157240,-0.375620,0.726364,1.120662,-0.324194,-0.221339,1.061042,-0.278671,-0.681973,0.270802,-0.626417,-0.405742,-0.207940,-0.638083,0.734425,-0.241112,-0.621668,0.523661,-0.182822,-0.595665,0.176544,0.020817,-0.702005,1.156723,-0.646537,-0.720100,0.740082,-0.814424,-0.743787,-0.753086,-0.568647,-0.783112,0.129933,-0.047865,-0.742573,0.859902,-0.241313,-0.758693,-0.602929,-0.156206,-0.715056,1.139905,-0.080173,-0.646417,1.107503,-0.100447,-0.759657,0.914446,-0.285465,-0.752614,1.018992,-0.213855,-0.697604,0.944492,-0.462700,-0.612116,0.085722,-0.674007,-0.914915,0.281165,-0.850226,-0.706789,0.535334,-0.796744,-0.306455,1.366923,-0.910420,-0.654424,-0.847500,-1.035881,-1.380313,-2.188342,-1.514297,-0.724502,-0.151632,-1.625554,0.127415,-1.461740,-1.670777,0.390808,-0.523825,-1.067907,-0.201328,-1.073017,-0.926282,-0.262827,0.245261,-0.888848,0.318998,-0.783383,-0.838557,0.418582,-0.322701,-0.593605,-0.416703,-0.088788,-0.906809,0.207336,0.145055,-0.609881,-0.072282,-0.291998,-0.345711,0.104274,-0.205262,-0.100337,-0.006587,-0.743194,-0.639878,-0.532260,1.131581,-0.658952,0.601159,1.424110,-0.788103,0.121284,1.449109,-0.816754,0.178997,1.396175,-1.089783,0.254107,-0.512152,-1.076848,-0.203907,0.874731,-1.256933,0.928578,1.079839,-1.495645,0.466601,-1.529426,-1.314552,-1.580840,-0.948421,-1.740781,-0.165888,1.248284,-0.944520,-0.983773,-0.244881,-0.734173,-0.159671,1.252690,-0.977216,0.538056,-0.813621,-1.076704,-0.700388,-0.517032,-0.936489,0.655806,-0.308791,-0.897187,0.069510,0.161078,-0.656800,-0.801868,0.318281,-0.725859,0.408801,-0.103916,-0.826100,0.293542,-0.841433,-0.814912,-0.083874,-0.670065,-1.029554,-0.025865,0.841692,-0.860715,0.109534,-1.156695,-0.822709,0.090574,-0.885869,-0.823312,0.609759,0.697359,-0.981666,0.003333,1.100609,-1.124486,0.472725,1.236725,-0.884022,-0.311500,-0.745482,-1.007943,-0.210656,0.018040,-0.909518,-0.328370,-0.851791,-1.148766,-0.728686,1.622988,-0.851971,-1.321452,-0.135251,-0.949039,0.349283,0.342822,-0.860293,-0.507513,-0.067129,-0.663775,-0.547563,-0.599426,-0.678376,0.352788,-0.819866,-0.573629,0.108713,-0.490316,-0.735104,0.053179,0.557182,-0.733921,0.976303,-0.484465,-1.097039,-1.055648,-0.075226,-0.647467,-0.305582,-0.078971,-0.483021,0.389396,-0.308512,-0.583442,0.571810,-0.645041,-0.804017,0.219818,-0.599322,-0.921639,0.886162,0.438477,-0.422800,0.031420,-0.467452,-0.663000,-0.135505,-0.326374,-0.609658,0.121358,-0.016204,-0.694663,-0.745302,-1.365790,-0.631409,0.265692,0.043909,-0.716255,-0.324211,0.497049,-0.633923,0.073032,0.291194,-0.914609,-0.398652,1.574230,-0.871577,-1.546690,-0.244858
-1.100129,1.167331,-1.283897,-0.006107,-0.741669,0.856157,0.587192,-0.432262,-0.192518,-0.360917,-1.418021,-0.328068,1.040634,-0.583041,0.824486,0.338463,0.915231,-0.772837,0.694499,0.997538,-0.399007,-0.034517,0.925740,0.332720,0.023788,0.930374,0.643058,0.321821,0.772639,0.406177,-0.780095,0.188955,-0.809201,-0.780103,0.188854,0.000390,-1.190645,1.413724,1.590193,-1.398016,-2.965852,-1.361651,-1.398016,0.000390,0.000390,-0.808613,0.269688,0.575613,-0.849848,-0.313541,0.783146,-0.275741,0.538971,-1.451041,-0.858995,0.737110,-1.119592,-1.398016,0.000390,0.000390,-1.397251,0.000390,0.000390,-1.398016,0.000390,0.000390,-0.780103,0.188853,0.000390,-0.780103,0.188853,0.000390,-0.780095,0.188853,0.000390,0.436135,-1.695230,-0.378097,0.855920,-1.303562,0.711628,0.202811,-1.526346,-1.293990,0.802781,-1.013459,-0.888426,0.367123,-0.812886,-1.576915,0.432978,-1.042205,0.358076,0.563803,-0.886974,0.164598,0.662725,-1.237084,-1.554697,0.618519,-1.291296,-0.965121,0.664949,-1.051801,-0.717623,0.200051,-1.016357,1.377314,0.840510,-0.823282,-0.592746,0.734214,-0.447037,0.580392,0.494194,-1.327672,-0.685573,0.018471,-0.760508,0.125839,0.388080,-0.896720,0.839707,0.603167,-0.843407,0.268736,0.506755,-0.771872,-1.833873,0.113956,-0.530860,0.808381,0.305871,-0.811693,0.364589,0.484326,-0.393536,0.382192,1.007613,-0.635139,1.109391,1.120380,-0.464254,0.121795,1.157240,-0.375620,0.726364,1.120662,-0.324194,-0.221339,1.061042,-0.278671,-0.681973,0.270802,-0.626417,-0.405742,-0.207940,-0.638083,0.734425,-0.241112,-0.621668,0.523661,-0.182822,-0.595665,0.176544,0.020817,-0.702005,1.156723,-0.646537,-0.720100,0.740082,-0.814424,-0.743787,-0.753086,-0.568647,-0.783112,0.129933,-0.047865,-0.742573,0.859902,-0.241313,-0.758693,-0.602929,-0.156206,-0.715056,1.139905,-0.080173,-0.646417,1.107503,-0.100447,-0.759657,0.914446,-0.285465,-0.752614,1.018992,-0.213855,-0.697604,0.944492,-0.462700,-0.612116,0.085722,-0.674007,-0.914915,0.281165,-0.850226,-0.706789,0.535334,-0.796744,-0.306455,1.366923,-0.910420,-0.654424,-0.847500,-1.035881,-1.380313,-2.188342,-1.514297,-0.724502,-0.151632,-1.625554,0.127415,-1.461740,-1.670777,0.390808,-0.523825,-1.067907,-0.201328,-1.073017,-0.926282,-0.262827,0.245261,-0.888848,0.318998,-0.783383,-0.838557,0.418582,-0.322701,-0.593605,-0.416703,-0.088788,-0.906809,0.207336,0.145055,-0.609881,-0.072282,-0.291998,-0.345711,0.104274,-0.205262,-0.100337,-0.006587,-0.743194,-0.639878,-0.532260,1.131581,-0.658952,0.601159,1.424110,-0.788103,0.121284,1.449109,-0.816754,0.178997,1.396175,-1.089783,0.254107,-0.512152,-1.076848,-0.203907,0.874731,-1.256933,0.928578,1.079839,-1.495645,0.466601,-1.529426,-1.314552,-1.580840,-0.948421,-1.740781,-0.165888,1.248284,-0.944520,-0.983773,-0.244881,-0.734173,-0.159671,1.252690,-0.977216,0.538056,-0.813621,-1.076704,-0.700388,-0.517032,-0.936489,0.655806,-0.308791,-0.897187,0.069510,0.161078,-0.656800,-0.801868,0.318281,-0.725859,0.408801,-0.103916,-0.826100,0.293542,-0.841433,-0.814912,-0.083874,-0.670065,-1.029554,-0.025865,0.841692,-0.860715,0.109534,-1.156695,-0.822709,0.090574,-0.885869,-0.823312,0.609759,0.697359,-0.981666,0.003333,1.100609,-1.124486,0.472725,1.236725,-0.884022,-0.311500,-0.745482,-1.007943,-0.210656,0.018040,-0.909518,-0.328370,-0.851791,-1.148766,-0.728686,1.622988,-0.851971,-1.321452,-0.135251,-0.949039,0.349283,0.342822,-0.860293,-0.507513,-0.067129,-0.663775,-0.547563,-0.599426,-0.678376,0.352788,-0.819866,-0.573629,0.108713,-0.490316,-0.735104,0.053179,0.557182,-0.733921,0.976303,-0.484465,-1.097039,-1.055648,-0.075226,-0.647467,-0.305582,-0.078971,-0.483021,0.389396,-0.308512,-0.583442,0.571810,-0.645041,-0.804017,0.219818,-0.599322,-0.921639,0.886162,0.438477,-0.422800,0.031420,-0.467452,-0.663000,-0.135505,-0.326374,-0.609658,0.121358,-0.016204,-0.694663,-0.745302,-1.365790,-0.631409,0.265692,0.043909,-0.716255,-0.324211,0.497049,-0.633923,0.073032,0.291194,-0.914609,-0.398652,1.574230,-0.871577,-1.546690,-0.244858
-1.104258,1.150833,-1.282370,-0.008706,-0.731915,0.854566,0.567859,-0.422594,0.125508,-1.163860,-1.412872,-1.169563,0.886326,-0.536935,0.294019,0.370809,0.908739,-0.442870,0.741786,0.997538,-0.228657,-0.028611,-0.599823,-0.499809,0.139764,0.915447,-0.745605,0.358714,0.765631,0.663434,-0.760133,0.188955,0.167911,-0.760140,0.188854,0.000390,0.863510,0.380937,-0.439646,-0.510272,0.193004,-1.779940,-0.510272,0.000390,0.000390,-0.805666,0.260406,0.527230,-0.861375,-0.886697,1.310250,0.253376,0.557287,-1.362476,-0.863828,0.678250,-0.457268,-0.510272,0.000390,0.000390,-0.509508,0.000390,0.000390,-0.510272,0.000390,0.000390,-0.760140,0.188853,0.000390,-0.760140,0.188853,0.000390,-0.760133,0.188853,0.000390,0.457290,-1.658589,1.068079,1.318397,-0.310103,-0.242065,0.747778,-1.032801,0.156124,1.232736,-0.816302,-1.679239,0.816242,-1.860361,-0.257470,0.395715,-1.798700,-1.818738,0.538625,-1.021294,-0.923263,0.397338,-1.828556,-0.306711,0.956645,-1.592731,1.329395,0.564322,-2.190475,-1.259264,0.479557,-1.135504,0.706692,0.582898,-1.081712,-2.026467,0.821354,-1.892447,-1.597475,0.763853,-1.512081,-1.228495,0.692783,-1.112804,-0.620425,0.750357,-1.050111,0.019798,0.696967,-1.060167,0.144286,0.819441,-1.713319,0.325492,0.430087,-1.198131,0.232422,0.681291,-0.865679,-0.429008,0.550913,-0.843724,-0.862902,0.979735,-0.564474,1.109391,1.098444,-0.399262,0.121795,1.138666,-0.318120,0.726364,1.100713,-0.272489,-0.221339,1.041968,-0.231259,-0.681973,0.231121,-0.577578,-0.405742,-0.243023,-0.594759,0.734425,-0.210661,-0.652763,0.523661,-0.092500,-0.580686,0.176544,-0.012963,-0.654471,1.156723,-0.547102,-0.672951,0.740082,-0.836299,-0.704699,-0.753086,-0.459511,-0.690313,0.129933,-0.076748,-0.694511,0.859902,-0.264114,-0.715904,-0.602929,-0.177060,-0.674081,1.139905,-0.100670,-0.606251,1.107503,-0.126204,-0.711089,0.914446,-0.308493,-0.709028,1.018992,-0.235499,-0.654806,0.944492,-0.483289,-0.569025,0.085722,-0.675022,-0.098519,0.695254,-0.851243,-0.721546,0.680364,-0.797677,-0.325828,1.208187,-0.911403,-0.674349,-0.483000,-1.037278,-2.117461,-1.823808,-1.515750,-0.741736,-0.336915,-1.626503,-1.348555,-0.812735,-2.003176,-0.813143,-0.444829,-2.327845,-0.730483,0.582322,-1.670485,-0.279432,-0.976890,-1.645449,1.299019,-1.514291,-1.221927,1.360313,0.260841,-1.030834,0.682692,-0.030621,-0.909364,0.183718,-0.030984,-0.612867,-0.101636,-0.273019,-0.349424,0.076005,-0.196705,-0.103779,-0.033803,-0.694132,-0.640863,0.756966,-0.492678,-1.001450,0.582154,1.389637,-0.789250,0.102063,1.234955,-0.817873,0.162316,1.331146,-0.758523,0.237417,-0.347913,-0.787548,-0.220136,0.875412,-0.955848,0.909743,0.346514,-1.163612,0.449568,-1.249725,-1.316585,-1.595403,-0.834574,-1.357615,-0.184014,0.941041,-0.945907,-1.003721,-0.395882,-1.078894,-0.176624,1.520528,-0.978713,0.520395,-1.321793,-0.760504,-1.589498,-0.341603,-0.607403,-0.406318,-0.464055,-0.577798,0.048755,0.586428,-0.658260,-0.824733,0.882911,-0.727116,0.389635,0.282623,-0.509656,0.274095,-0.288127,-0.816038,-0.101130,-0.798001,-1.030514,-0.034577,0.085228,-0.862322,0.099077,-1.209881,-0.824218,0.071367,-1.160916,-0.824879,0.586308,0.851754,-0.982643,-0.019179,0.845113,-0.760335,0.454511,0.815794,-0.885981,-0.321045,-0.898007,-1.009977,-0.219783,-0.189208,-0.911470,-0.345985,-1.030195,-1.150883,-1.776223,1.779068,-0.493451,-1.343559,0.197810,-0.293376,0.325221,0.111040,-0.861795,-0.530481,-0.465425,-0.360209,-0.571296,1.133605,-0.378680,-0.989398,-0.638023,-0.574894,-1.161990,0.733241,-0.736777,0.032623,1.248906,-0.735515,-0.305820,-0.722635,-0.735441,-1.078612,0.300255,-0.648919,-0.331700,-0.665258,-0.484229,-0.747370,-1.092136,-0.584873,-0.597673,-1.521068,-0.805468,-1.814261,-1.115537,-0.558949,-0.438179,-0.929079,-0.423979,0.012378,0.421981,-0.364765,-0.155190,-0.304353,-0.610918,0.100386,-0.261157,-0.696350,-2.082927,0.032190,-0.632648,0.243331,-0.183047,-0.420085,-0.344851,0.855280,-0.342506,0.047114,1.146233,-0.915782,-0.410475,1.047808,-0.873340,-1.560591,-0.073181
-1.104258,1.150833,-1.282370,-0.008706,-0.731915,0.854566,0.567859,-0.422594,0.125508,-1.163860,-1.412872,-1.169563,0.886326,-0.536935,0.294019,0.370809,0.908739,-0.442870,0.741786,0.997538,-0.228657,-0.028611,-0.599823,-0.499809,0.139764,0.915447,-0.745605,0.358714,0.765631,0.663434,-0.760133,0.188955,0.167911,-0.760140,0.188854,0.000390,0.863510,0.380937,-0.439646,-0.510272,0.193004,-1.779940,-0.510272,0.000390,0.000390,-0.805666,0.260406,0.527230,-0.861375,-0.886697,1.310250,0.253376,0.557287,-1.362476,-0.863828,0.678250,-0.457268,-0.510272,0.000390,0.000390,-0.509508,0.000390,0.000390,-0.510272,0.000390,0.000390,-0.760140,0.188853,0.000390,-0.760140,0.188853,0.000390,-0.760133,0.188853,0.000390,0.457290,-1.658589,1.068079,1.318397,-0.310103,-0.242065,0.747778,-1.032801,0.156124,1.232736,-0.816302,-1.679239,0.816242,-1.860361,-0.257470,0.395715,-1.798700,-1.818738,0.538625,-1.021294,-0.923263,0.397338,-1.828556,-0.306711,0.956645,-1.592731,1.329395,0.564322,-2.190475,-1.259264,0.479557,-1.135504,0.706692,0.582898,-1.081712,-2.026467,0.821354,-1.892447,-1.597475,0.763853,-1.512081,-1.228495,0.692783,-1.112804,-0.620425,0.750357,-1.050111,0.019798,0.696967,-1.060167,0.144286,0.819441,-1.713319,0.325492,0.430087,-1.198131,0.232422,0.681291,-0.865679,-0.429008,0.550913,-0.843724,-0.862902,0.979735,-0.564474,1.109391,1.098444,-0.399262,0.121795,1.138666,-0.318120,0.726364,1.100713,-0.272489,-0.221339,1.041968,-0.231259,-0.681973,0.231121,-0.577578,-0.405742,-0.243023,-0.594759,0.734425,-0.210661,-0.652763,0.523661,-0.092500,-0.580686,0.176544,-0.012963,-0.654471,1.156723,-0.547102,-0.672951,0.740082,-0.836299,-0.704699,-0.753086,-0.459511,-0.690313,0.129933,-0.076748,-0.694511,0.859902,-0.264114,-0.715904,-0.602929,-0.177060,-0.674081,1.139905,-0.100670,-0.606251,1.107503,-0.126204,-0.711089,0.914446,-0.308493,-0.709028,1.018992,-0.235499,-0.654806,0.944492,-0.483289,-0.569025,0.085722,-0.675022,-0.098519,0.695254,-0.851243,-0.721546,0.680364,-0.797677,-0.325828,1.208187,-0.911403,-0.674349,-0.483000,-1.037278,-2.117461,-1.823808,-1.515750,-0.741736,-0.336915,-1.626503,-1.348555,-0.812735,-2.003176,-0.813143,-0.444829,-2.327845,-0.730483,0.582322,-1.670485,-0.279432,-0.976890,-1.645449,1.299019,-1.514291,-1.221927,1.360313,0.260841,-1.030834,0.682692,-0.030621,-0.909364,0.183718,-0.030984,-0.612867,-0.101636,-0.273019,-0.349424,0.076005,-0.196705,-0.103779,-0.033803,-0.694132,-0.640863,0.756966,-0.492678,-1.001450,0.582154,1.389637,-0.789250,0.102063,1.234955,-0.817873,0.162316,1.331146,-0.758523,0.237417,-0.347913,-0.787548,-0.220136,0.875412,-0.955848,0.909743,0.346514,-1.163612,0.449568,-1.249725,-1.316585,-1.595403,-0.834574,-1.357615,-0.184014,0.941041,-0.945907,-1.003721,-0.395882,-1.078894,-0.176624,1.520528,-0.978713,0.520395,-1.321793,-0.760504,-1.589498,-0.341603,-0.607403,-0.406318,-0.464055,-0.577798,0.048755,0.586428,-0.658260,-0.824733,0.882911,-0.727116,0.389635,0.282623,-0.509656,0.274095,-0.288127,-0.816038,-0.101130,-0.798001,-1.030514,-0.034577,0.085228,-0.862322,0.099077,-1.209881,-0.824218,0.071367,-1.160916,-0.824879,0.586308,0.851754,-0.982643,-0.019179,0.845113,-0.760335,0.454511,0.815794,-0.885981,-0.321045,-0.898007,-1.009977,-0.219783,-0.189208,-0.911470,-0.345985,-1.030195,-1.150883,-1.776223,1.779068,-0.493451,-1.343559,0.197810,-0.293376,0.325221,0.111040,-0.861795,-0.530481,-0.465425,-0.360209,-0.571296,1.133605,-0.378680,-0.989398,-0.638023,-0.574894,-1.161990,0.733241,-0.736777,0.032623,1.248906,-0.735515,-0.305820,-0.722635,-0.735441,-1.078612,0.300255,-0.648919,-0.331700,-0.665258,-0.484229,-0.747370,-1.092136,-0.584873,-0.597673,-1.521068,-0.805468,-1.814261,-1.115537,-0.558949,-0.438179,-0.929079,-0.423979,0.012378,0.421981,-0.364765,-0.155190,-0.304353,-0.610918,0.100386,-0.261157,-0.696350,-2.082927,0.032190,-0.632648,0.243331,-0.183047,-0.420085,-0.344851,0.855280,-0.342506,0.047114,1.146233,-0.915782,-0.410475,1.047808,-0.873340,-1.560591,-0.073181
-1.104258,1.150833,-1.282370,-0.008706,-0.731915,0.854566,0.567859,-0.422594,0.125508,-1.163860,-1.412872,-1.169563,0.886326,-0.536935,0.294019,0.370809,0.908739,-0.442870,0.741786,0.997538,-0.228657,-0.028611,-0.599823,-0.499809,0.139764,0.915447,-0.745605,0.358714,0.765631,0.663434,-0.760133,0.188955,0.167911,-0.760140,0.188854,0.000390,0.863510,0.380937,-0.439646,-0.510272,0.193004,-1.779940,-0.510272,0.000390,0.000390,-0.805666,0.260406,0.527230,-0.861375,-0.886697,1.310250,0.253376,0.557287,-1.362476,-0.863828,0.678250,-0.457268,-0.510272,0.000390,0.000390,-0.509508,0.000390,0.000390,-0.510272,0.000390,0.000390,-0.760140,0.188853,0.000390,-0.760140,0.188853,0.000390,-0.760133,0.188853,0.000390,0.457290,-1.658589,1.068079,1.318397,-0.310103,-0.242065,0.747778,-1.032801,0.156124,1.232736,-0.816302,-1.679239,0.816242,-1.860361,-0.257470,0.395715,-1.798700,-1.818738,0.538625,-1.021294,-0.923263,0.397338,-1.828556,-0.306711,0.956645,-1.592731,1.329395,0.564322,-2.190475,-1.259264,0.479557,-1.135504,0.706692,0.582898,-1.081712,-2.026467,0.821354,-1.892447,-1.597475,0.763853,-1.512081,-1.228495,0.692783,-1.112804,-0.620425,0.750357,-1.050111,0.019798,0.696967,-1.060167,0.144286,0.819441,-1.713319,0.325492,0.430087,-1.198131,0.232422,0.681291,-0.865679,-0.429008,0.550913,-0.843724,-0.862902,0.979735,-0.564474,1.109391,1.098444,-0.399262,0.121795,1.138666,-0.318120,0.726364,1.100713,-0.272489,-0.221339,1.041968,-0.231259,-0.681973,0.231121,-0.577578,-0.405742,-0.243023,-0.594759,0.734425,-0.210661,-0.652763,0.523661,-0.092500,-0.580686,0.176544,-0.012963,-0.654471,1.156723,-0.547102,-0.672951,0.740082,-0.836299,-0.704699,-0.753086,-0.459511,-0.690313,0.129933,-0.076748,-0.694511,0.859902,-0.264114,-0.715904,-0.602929,-0.177060,-0.674081,1.139905,-0.100670,-0.606251,1.107503,-0.126204,-0.711089,0.914446,-0.308493,-0.709028,1.018992,-0.235499,-0.654806,0.944492,-0.483289,-0.569025,0.085722,-0.675022,-0.098519,0.695254,-0.851243,-0.721546,0.680364,-0.797677,-0.325828,1.208187,-0.911403,-0.674349,-0.483000,-1.037278,-2.117461,-1.823808,-1.515750,-0.741736,-0.336915,-1.626503,-1.348555,-0.812735,-2.003176,-0.813143,-0.444829,-2.327845,-0.730483,0.582322,-1.670485,-0.279432,-0.976890,-1.645449,1.299019,-1.514291,-1.221927,1.360313,0.260841,-1.030834,0.682692,-0.030621,-0.909364,0.183718,-0.030984,-0.612867,-0.101636,-0.273019,-0.349424,0.076005,-0.196705,-0.103779,-0.033803,-0.694132,-0.640863,0.756966,-0.492678,-1.001450,0.582154,1.389637,-0.789250,0.102063,1.234955,-0.817873,0.162316,1.331146,-0.758523,0.237417,-0.347913,-0.787548,-0.220136,0.875412,-0.955848,0.909743,0.346514,-1.163612,0.449568,-1.249725,-1.316585,-1.595403,-0.834574,-1.357615,-0.184014,0.941041,-0.945907,-1.003721,-0.395882,-1.078894,-0.176624,1.520528,-0.978713,0.520395,-1.321793,-0.760504,-1.589498,-0.341603,-0.607403,-0.406318,-0.464055,-0.577798,0.048755,0.586428,-0.658260,-0.824733,0.882911,-0.727116,0.389635,0.282623,-0.509656,0.274095,-0.288127,-0.816038,-0.101130,-0.798001,-1.030514,-0.034577,0.085228,-0.862322,0.099077,-1.209881,-0.824218,0.071367,-1.160916,-0.824879,0.586308,0.851754,-0.982643,-0.019179,0.845113,-0.760335,0.454511,0.815794,-0.885981,-0.321045,-0.898007,-1.009977,-0.219783,-0.189208,-0.911470,-0.345985,-1.030195,-1.150883,-1.776223,1.779068,-0.493451,-1.343559,0.197810,-0.293376,0.325221,0.111040,-0.861795,-0.530481,-0.465425,-0.360209,-0.571296,1.133605,-0.378680,-0.989398,-0.638023,-0.574894,-1.161990,0.733241,-0.736777,0.032623,1.248906,-0.735515,-0.305820,-0.722635,-0.735441,-1.078612,0.300255,-0.648919,-0.331700,-0.665258,-0.484229,-0.747370,-1.092136,-0.584873,-0.597673,-1.521068,-0.805468,-1.814261,-1.115537,-0.558949,-0.438179,-0.929079,-0.423979,0.012378,0.421981,-0.364765,-0.155190,-0.304353,-0.610918,0.100386,-0.261157,-0.696350,-2.082927,0.032190,-0.632648,0.243331,-0.183047,-0.420085,-0.344851,0.855280,-0.342506,0.047114,1.146233,-0.915782,-0.410475,1.047808,-0.873340,-1.560591,-0.073181
-1.104258,1.150833,-1.282370,-0.008706,-0.731915,0.854566,0.567859,-0.422594,0.125508,-1.163860,-1.412872,-1.169563,0.886326,-0.536935,0.294019,0.370809,0.908739,-0.442870,0.741786,0.997538,-0.228657,-0.028611,-0.599823,-0.499809,0.139764,0.915447,-0.745605,0.358714,0.765631,0.663434,-0.760133,0.188955,0.167911,-0.760140,0.188854,0.000390,0.863510,0.380937,-0.439646,-0.510272,0.193004,-1.779940,-0.510272,0.000390,0.000390,-0.805666,0.260406,0.527230,-0.861375,-0.886697,1.310250,0.253376,0.557287,-1.362476,-0.863828,0.678250,-0.457268,-0.510272,0.000390,0.000390,-0.509508,0.000390,0.000390,-0.510272,0.000390,0.000390,-0.760140,0.188853,0.000390,-0.760140,0.188853,0.000390,-0.760133,0.188853,0.000390,0.457290,-1.658589,1.068079,1.318397,-0.310103,-0.242065,0.747778,-1.032801,0.156124,1.232736,-0.816302,-1.679239,0.816242,-1.860361,-0.257470,0.395715,-1.798700,-1.818738,0.538625,-1.021294,-0.923263,0.397338,-1.828556,-0.306711,0.956645,-1.592731,1.329395,0.564322,-2.190475,-1.259264,0.479557,-1.135504,0.706692,0.582898,-1.081712,-2.026467,0.821354,-1.892447,-1.597475,0.763853,-1.512081,-1.228495,0.692783,-1.112804,-0.620425,0.750357,-1.050111,0.019798,0.696967,-1.060167,0.144286,0.819441,-1.713319,0.325492,0.430087,-1.198131,0.232422,0.681291,-0.865679,-0.429008,0.550913,-0.843724,-0.862902,0.979735,-0.564474,1.109391,1.098444,-0.399262,0.121795,1.138666,-0.318120,0.726364,1.100713,-0.272489,-0.221339,1.041968,-0.231259,-0.681973,0.231121,-0.577578,-0.405742,-0.243023,-0.594759,0.734425,-0.210661,-0.652763,0.523661,-0.092500,-0.580686,0.176544,-0.012963,-0.654471,1.156723,-0.547102,-0.672951,0.740082,-0.836299,-0.704699,-0.753086,-0.459511,-0.690313,0.129933,-0.076748,-0.694511,0.859902,-0.264114,-0.715904,-0.602929,-0.177060,-0.674081,1.139905,-0.100670,-0.606251,1.107503,-0.126204,-0.711089,0.914446,-0.308493,-0.709028,1.018992,-0.235499,-0.654806,0.944492,-0.483289,-0.569025,0.085722,-0.675022,-0.098519,0.695254,-0.851243,-0.721546,0.680364,-0.797677,-0.325828,1.208187,-0.911403,-0.674349,-0.483000,-1.037278,-2.117461,-1.823808,-1.515750,-0.741736,-0.336915,-1.626503,-1.348555,-0.812735,-2.003176,-0.813143,-0.444829,-2.327845,-0.730483,0.582322,-1.670485,-0.279432,-0.976890,-1.645449,1.299019,-1.514291,-1.221927,1.360313,0.260841,-1.030834,0.682692,-0.030621,-0.909364,0.183718,-0.030984,-0.612867,-0.101636,-0.273019,-0.349424,0.076005,-0.196705,-0.103779,-0.033803,-0.694132,-0.640863,0.756966,-0.492678,-1.001450,0.582154,1.389637,-0.789250,0.102063,1.234955,-0.817873,0.162316,1.331146,-0.758523,0.237417,-0.347913,-0.787548,-0.220136,0.875412,-0.955848,0.909743,0.346514,-1.163612,0.449568,-1.249725,-1.316585,-1.595403,-0.834574,-1.357615,-0.184014,0.941041,-0.945907,-1.003721,-0.395882,-1.078894,-0.176624,1.520528,-0.978713,0.520395,-1.321793,-0.760504,-1.589498,-0.341603,-0.607403,-0.406318,-0.464055,-0.577798,0.048755,0.586428,-0.658260,-0.824733,0.882911,-0.727116,0.389635,0.282623,-0.509656,0.274095,-0.288127,-0.816038,-0.101130,-0.798001,-1.030514,-0.034577,0.085228,-0.862322,0.099077,-1.209881,-0.824218,0.071367,-1.160916,-0.824879,0.586308,0.851754,-0.982643,-0.019179,0.845113,-0.760335,0.454511,0.815794,-0.885981,-0.321045,-0.898007,-1.009977,-0.219783,-0.189208,-0.911470,-0.345985,-1.030195,-1.150883,-1.776223,1.779068,-0.493451,-1.343559,0.197810,-0.293376,0.325221,0.111040,-0.861795,-0.530481,-0.465425,-0.360209,-0.571296,1.133605,-0.378680,-0.989398,-0.638023,-0.574894,-1.161990,0.733241,-0.736777,0.032623,1.248906,-0.735515,-0.305820,-0.722635,-0.735441,-1.078612,0.300255,-0.648919,-0.331700,-0.665258,-0.484229,-0.747370,-1.092136,-0.584873,-0.597673,-1.521068,-0.805468,-1.814261,-1.115537,-0.558949,-0.438179,-0.929079,-0.423979,0.012378,0.421981,-0.364765,-0.155190,-0.304353,-0.610918,0.100386,-0.261157,-0.696350,-2.082927,0.032190,-0.632648,0.243331,-0.183047,-0.420085,-0.344851,0.855280,-0.342506,0.047114,1.146233,-0.915782,-0.410475,1.047808,-0.873340,-1.560591,-0.073181
-1.104258,1.150833,-1.282370,-0.008706,-0.731915,0.854566,0.567859,-0.422594,0.125508,-1.163860,-1.412872,-1.169563,0.886326,-0.536935,0.294019,0.370809,0.908739,-0.442870,0.741786,0.997538,-0.228657,-0.028611,-0.599823,-0.499809,0.139764,0.915447,-0.745605,0.358714,0.765631,0.663434,-0.760133,0.188955,0.167911,-0.760140,0.188854,0.000390,0.863510,0.380937,-0.439646,-0.510272,0.193004,-1.779940,-0.510272,0.000390,0.000390,-0.805666,0.260406,0.527230,-0.861375,-0.886697,1.310250,0.253376,0.557287,-1.362476,-0.863828,0.678250,-0.457268,-0.510272,0.000390,0.000390,-0.509508,0.000390,0.000390,-0.510272,0.000390,0.000390,-0.760140,0.188853,0.000390,-0.760140,0.188853,0.000390,-0.760133,0.188853,0.000390,0.457290,-1.658589,1.068079,1.318397,-0.310103,-0.242065,0.747778,-1.032801,0.156124,1.232736,-0.816302,-1.679239,0.816242,-1.860361,-0.257470,0.395715,-1.798700,-1.818738,0.538625,-1.021294,-0.923263,0.397338,-1.828556,-0.306711,0.956645,-1.592731,1.329395,0.564322,-2.190475,-1.259264,0.479557,-1.135504,0.706692,0.582898,-1.081712,-2.026467,0.821354,-1.892447,-1.597475,0.763853,-1.512081,-1.228495,0.692783,-1.112804,-0.620425,0.750357,-1.050111,0.019798,0.696967,-1.060167,0.144286,0.819441,-1.713319,0.325492,0.430087,-1.198131,0.232422,0.681291,-0.865679,-0.429008,0.550913,-0.843724,-0.862902,0.979735,-0.564474,1.109391,1.098444,-0.399262,0.121795,1.138666,-0.318120,0.726364,1.100713,-0.272489,-0.221339,1.041968,-0.231259,-0.681973,0.231121,-0.577578,-0.405742,-0.243023,-0.594759,0.734425,-0.210661,-0.652763,0.523661,-0.092500,-0.580686,0.176544,-0.012963,-0.654471,1.156723,-0.547102,-0.672951,0.740082,-0.836299,-0.704699,-0.753086,-0.459511,-0.690313,0.129933,-0.076748,-0.694511,0.859902,-0.264114,-0.715904,-0.602929,-0.177060,-0.674081,1.139905,-0.100670,-0.606251,1.107503,-0.126204,-0.711089,0.914446,-0.308493,-0.709028,1.018992,-0.235499,-0.654806,0.944492,-0.483289,-0.569025,0.085722,-0.675022,-0.098519,0.695254,-0.851243,-0.721546,0.680364,-0.797677,-0.325828,1.208187,-0.911403,-0.674349,-0.483000,-1.037278,-2.117461,-1.823808,-1.515750,-0.741736,-0.336915,-1.626503,-1.348555,-0.812735,-2.003176,-0.813143,-0.444829,-2.327845,-0.730483,0.582322,-1.670485,-0.279432,-0.976890,-1.645449,1.299019,-1.514291,-1.221927,1.360313,0.260841,-1.030834,0.682692,-0.030621,-0.909364,0.183718,-0.030984,-0.612867,-0.101636,-0.273019,-0.349424,0.076005,-0.196705,-0.103779,-0.033803,-0.694132,-0.640863,0.756966,-0.492678,-1.001450,0.582154,1.389637,-0.789250,0.102063,1.234955,-0.817873,0.162316,1.331146,-0.758523,0.237417,-0.347913,-0.787548,-0.220136,0.875412,-0.955848,0.909743,0.346514,-1.163612,0.449568,-1.249725,-1.316585,-1.595403,-0.834574,-1.357615,-0.184014,0.941041,-0.945907,-1.003721,-0.395882,-1.078894,-0.176624,1.520528,-0.978713,0.520395,-1.321793,-0.760504,-1.589498,-0.341603,-0.607403,-0.406318,-0.464055,-0.577798,0.048755,0.586428,-0.658260,-0.824733,0.882911,-0.727116,0.389635,0.282623,-0.509656,0.274095,-0.288127,-0.816038,-0.101130,-0.798001,-1.030514,-0.034577,0.085228,-0.862322,0.099077,-1.209881,-0.824218,0.071367,-1.160916,-0.824879,0.586308,0.851754,-0.982643,-0.019179,0.845113,-0.760335,0.454511,0.815794,-0.885981,-0.321045,-0.898007,-1.009977,-0.219783,-0.189208,-0.911470,-0.345985,-1.030195,-1.150883,-1.776223,1.779068,-0.493451,-1.343559,0.197810,-0.293376,0.325221,0.111040,-0.861795,-0.530481,-0.465425,-0.360209,-0.571296,1.133605,-0.378680,-0.989398,-0.638023,-0.574894,-1.161990,0.733241,-0.736777,0.032623,1.248906,-0.735515,-0.305820,-0.722635,-0.735441,-1.078612,0.300255,-0.648919,-0.331700,-0.665258,-0.484229,-0.747370,-1.092136,-0.584873,-0.597673,-1.521068,-0.805468,-1.814261,-1.115537,-0.558949,-0.438179,-0.929079,-0.423979,0.012378,0.421981,-0.364765,-0.155190,-0.304353,-0.610918,0.100386,-0.261157,-0.696350,-2.082927,0.032190,-0.632648,0.243331,-0.183047,-0.420085,-0.344851,0.855280,-0.342506,0.047114,1.146233,-0.915782,-0.410475,1.047808,-0.873340,-1.560591,-0.073181
-0.159232,-0.884566,-0.568316,2.579835,-0.735544,1.037269,0.645515,-0.427950,-0.745803,-1.164647,-1.418021,-1.192554,0.887699,-0.583022,0.286279,0.372744,-0.366966,0.861955,0.706019,-0.732335,1.135951,1.535028,-0.594050,-0.626230,-0.058970,0.928879,1.155431,0.334519,0.776143,1.182564,0.389401,0.188955,-0.646166,0.389393,0.188854,0.000390,-1.181834,1.388246,0.928334,-0.685836,-2.965852,-0.996084,-0.685836,0.000390,0.000390,-0.795787,0.199587,0.305346,-0.843657,-1.053363,2.063453,-0.240215,0.503208,-1.545923,-0.845886,-1.133801,-1.579939,-0.685836,0.000390,0.000390,-0.685072,0.000390,0.000390,-0.685836,0.000390,0.000390,0.389393,0.188853,0.000390,0.389393,0.188853,0.000390,0.389401,0.188853,0.000390,0.378709,-1.152825,1.840196,0.465126,-0.564715,0.420949,1.247950,-0.960079,0.186495,0.772393,-2.116772,0.858920,0.639705,-1.779513,0.893142,1.118292,-2.504069,-1.206110,1.401956,-2.233454,-0.288814,0.942016,-1.583243,-0.036263,0.591841,-1.624218,-0.955205,0.303685,-2.399343,0.045823,1.228732,-2.542413,-0.269912,0.529354,-1.987652,-1.307991,0.706291,-1.919816,-0.714650,0.859020,-3.128011,0.143622,1.527679,-3.306423,-0.289566,1.413316,-2.594123,0.321535,1.592124,-2.043442,-0.428905,0.919839,-2.426385,-0.172567,2.081574,-2.620293,0.512297,1.384773,-2.707059,-1.123135,2.055636,-2.325279,-1.670524,1.136245,-0.657876,1.109391,1.221595,-0.485167,0.121795,1.242942,-0.394122,0.726364,1.212708,-0.340830,-0.221339,1.369732,-0.287062,-0.681973,0.453892,-0.642131,-0.405742,-0.046062,-0.652023,0.734425,-0.568468,-0.617591,0.523661,0.076618,-0.567019,0.176544,0.176682,-0.717300,1.156723,0.064391,-0.619804,0.740082,0.058475,-0.557293,-0.753086,0.143067,-0.495020,0.129933,0.202365,-0.650254,0.859902,0.067031,-0.590449,-0.602929,0.207836,-0.575880,1.139905,0.298990,-0.563449,1.107503,0.629319,-0.705015,0.914446,0.127177,-0.564842,1.018992,0.011218,-0.537996,0.944492,0.370793,-0.504406,0.085722,-0.413098,1.843779,-0.579815,-0.588990,1.142979,-0.419610,-0.554307,1.263945,0.147015,-0.220540,1.070581,-0.619964,-0.271338,0.805870,0.523519,-0.216722,0.178595,-1.079080,-0.131651,0.749662,0.606361,0.040465,0.528703,0.340386,-0.009582,1.550609,-1.681463,-0.347133,-0.004195,-0.408364,-0.612410,0.586518,-0.639977,-0.505113,0.553884,0.696951,-1.048064,-0.453303,-0.078099,-0.501655,-1.190611,0.507678,-1.073462,-0.645763,-0.470057,-1.372491,-0.738470,-0.507152,-1.052106,-1.122878,-0.880042,-0.747957,0.851910,-0.862117,-0.379096,-0.482585,0.226386,-0.448368,0.028610,-0.525815,-0.444414,0.098565,-0.780401,-0.361245,-0.666487,0.648068,-0.962182,-0.282157,-0.543591,-1.101937,-0.267525,0.481023,-1.277021,-0.627995,-0.749940,-1.024973,-0.080801,-0.929963,-1.014823,-1.199555,1.667868,-0.477421,0.201084,1.112583,-0.625978,-0.855007,0.800874,-0.559953,-0.949989,1.319071,-0.653825,-0.316793,0.244416,-0.868521,-0.812959,-0.493020,-0.811165,-0.335985,-1.207422,-0.550910,-0.131793,-1.302181,-0.595996,-0.901039,-1.059496,-0.355103,-1.095125,-0.160908,-0.504388,-0.803628,1.687288,-0.742770,-0.415266,0.655629,-0.433696,-0.357844,-0.183031,-0.777052,-0.710549,1.381628,-0.406881,-0.352092,-1.896511,-0.687775,0.271992,-0.703002,-0.573917,-1.297326,0.402434,-0.678686,-0.769935,1.689976,-0.759768,-0.648991,-0.139324,-0.646521,-1.124357,0.653286,-0.506365,-0.552442,-1.469578,-1.002183,-0.007423,-0.485732,-0.258165,-0.939028,0.768034,-0.410284,-0.745181,0.387679,-0.269921,-0.856991,-0.797123,-0.270412,-1.284975,-0.451647,-0.442965,-1.481406,-0.805737,-0.559981,-1.163493,0.326358,-0.539388,-0.419452,-0.316978,-0.553056,-1.143948,-0.017668,-0.211290,-0.364543,-0.127326,-0.374915,-0.777404,-0.030690,-0.498612,-0.628571,0.031242,-0.369341,0.163092,-0.227921,-0.508667,-0.555553,1.294380,-0.335390,-1.003911,-0.037600,-0.559063,-1.205774,0.226085,-0.479504,-1.018891,0.157652,-0.226027,0.408217,-1.120437,-0.503395,-0.942614,-0.983646,-0.313089,-0.469370,-1.497240,-0.550955,-0.109255,-1.604287,-0.543975,0.304082,-0.294045,-0.641819,0.008095,0.583269
-0.159232,-0.884566,-0.568316,2.579835,-0.735544,1.037269,0.645515,-0.427950,-0.745803,-1.164647,-1.418021,-1.192554,0.887699,-0.583022,0.286279,0.372744,-0.366966,0.861955,0.706019,-0.732335,1.135951,1.535028,-0.594050,-0.626230,-0.058970,0.928879,1.155431,0.334519,0.776143,1.182564,0.389401,0.188955,-0.646166,0.389393,0.188854,0.000390,-1.181834,1.388246,0.928334,-0.685836,-2.965852,-0.996084,-0.685836,0.000390,0.000390,-0.795787,0.199587,0.305346,-0.843657,-1.053363,2.063453,-0.240215,0.503208,-1.545923,-0.845886,-1.133801,-1.579939,-0.685836,0.000390,0.000390,-0.685072,0.000390,0.000390,-0.685836,0.000390,0.000390,0.389393,0.188853,0.000390,0.389393,0.188853,0.000390,0.389401,0.188853,0.000390,0.378709,-1.152825,1.840196,0.465126,-0.564715,0.420949,1.247950,-0.960079,0.186495,0.772393,-2.116772,0.858920,0.639705,-1.779513,0.893142,1.118292,-2.504069,-1.206110,1.401956,-2.233454,-0.288814,0.942016,-1.583243,-0.036263,0.591841,-1.624218,-0.955205,0.303685,-2.399343,0.045823,1.228732,-2.542413,-0.269912,0.529354,-1.987652,-1.307991,0.706291,-1.919816,-0.714650,0.859020,-3.128011,0.143622,1.527679,-3.306423,-0.289566,1.413316,-2.594123,0.321535,1.592124,-2.043442,-0.428905,0.919839,-2.426385,-0.172567,2.081574,-2.620293,0.512297,1.384773,-2.707059,-1.123135,2.055636,-2.325279,-1.670524,1.136245,-0.657876,1.109391,1.221595,-0.485167,0.121795,1.242942,-0.394122,0.726364,1.212708,-0.340830,-0.221339,1.369732,-0.287062,-0.681973,0.453892,-0.642131,-0.405742,-0.046062,-0.652023,0.734425,-0.568468,-0.617591,0.523661,0.076618,-0.567019,0.176544,0.176682,-0.717300,1.156723,0.064391,-0.619804,0.740082,0.058475,-0.557293,-0.753086,0.143067,-0.495020,0.129933,0.202365,-0.650254,0.859902,0.067031,-0.590449,-0.602929,0.207836,-0.575880,1.139905,0.298990,-0.563449,1.107503,0.629319,-0.705015,0.914446,0.127177,-0.564842,1.018992,0.011218,-0.537996,0.944492,0.370793,-0.504406,0.085722,-0.413098,1.843779,-0.579815,-0.588990,1.142979,-0.419610,-0.554307,1.263945,0.147015,-0.220540,1.070581,-0.619964,-0.271338,0.805870,0.523519,-0.216722,0.178595,-1.079080,-0.131651,0.749662,0.606361,0.040465,0.528703,0.340386,-0.009582,1.550609,-1.681463,-0.347133,-0.004195,-0.408364,-0.612410,0.586518,-0.639977,-0.505113,0.553884,0.696951,-1.048064,-0.453303,-0.078099,-0.501655,-1.190611,0.507678,-1.073462,-0.645763,-0.470057,-1.372491,-0.738470,-0.507152,-1.052106,-1.122878,-0.880042,-0.747957,0.851910,-0.862117,-0.379096,-0.482585,0.226386,-0.448368,0.028610,-0.525815,-0.444414,0.098565,-0.780401,-0.361245,-0.666487,0.648068,-0.962182,-0.282157,-0.543591,-1.101937,-0.267525,0.481023,-1.277021,-0.627995,-0.749940,-1.024973,-0.080801,-0.929963,-1.014823,-1.199555,1.667868,-0.477421,0.201084,1.112583,-0.625978,-0.855007,0.800874,-0.559953,-0.949989,1.319071,-0.653825,-0.316793,0.244416,-0.868521,-0.812959,-0.493020,-0.811165,-0.335985,-1.207422,-0.550910,-0.131793,-1.302181,-0.595996,-0.901039,-1.059496,-0.355103,-1.095125,-0.160908,-0.504388,-0.803628,1.687288,-0.742770,-0.415266,0.655629,-0.433696,-0.357844,-0.183031,-0.777052,-0.710549,1.381628,-0.406881,-0.352092,-1.896511,-0.687775,0.271992,-0.703002,-0.573917,-1.297326,0.402434,-0.678686,-0.769935,1.689976,-0.759768,-0.648991,-0.139324,-0.646521,-1.124357,0.653286,-0.506365,-0.552442,-1.469578,-1.002183,-0.007423,-0.485732,-0.258165,-0.939028,0.768034,-0.410284,-0.745181,0.387679,-0.269921,-0.856991,-0.797123,-0.270412,-1.284975,-0.451647,-0.442965,-1.481406,-0.805737,-0.559981,-1.163493,0.326358,-0.539388,-0.419452,-0.316978,-0.553056,-1.143948,-0.017668,-0.211290,-0.364543,-0.127326,-0.374915,-0.777404,-0.030690,-0.498612,-0.628571,0.031242,-0.369341,0.163092,-0.227921,-0.508667,-0.555553,1.294380,-0.335390,-1.003911,-0.037600,-0.559063,-1.205774,0.226085,-0.479504,-1.018891,0.157652,-0.226027,0.408217,-1.120437,-0.503395,-0.942614,-0.983646,-0.313089,-0.469370,-1.497240,-0.550955,-0.109255,-1.604287,-0.543975,0.304082,-0.294045,-0.641819,0.008095,0.583269
-0.159232,-0.884566,-0.568316,2.579835,-0.735544,1.037269,0.645515,-0.427950,-0.745803,-1.164647,-1.418021,-1.192554,0.887699,-0.583022,0.286279,0.372744,-0.366966,0.861955,0.706019,-0.732335,1.135951,1.535028,-0.594050,-0.626230,-0.058970,0.928879,1.155431,0.334519,0.776143,1.182564,0.389401,0.188955,-0.646166,0.389393,0.188854,0.000390,-1.181834,1.388246,0.928334,-0.685836,-2.965852,-0.996084,-0.685836,0.000390,0.000390,-0.795787,0.199587,0.305346,-0.843657,-1.053363,2.063453,-0.240215,0.503208,-1.545923,-0.845886,-1.133801,-1.579939,-0.685836,0.000390,0.000390,-0.685072,0.000390,0.000390,-0.685836,0.000390,0.000390,0.389393,0.188853,0.000390,0.389393,0.188853,0.000390,0.389401,0.188853,0.000390,0.378709,-1.152825,1.840196,0.465126,-0.564715,0.420949,1.247950,-0.960079,0.186495,0.772393,-2.116772,0.858920,0.639705,-1.779513,0.893142,1.118292,-2.504069,-1.206110,1.401956,-2.233454,-0.288814,0.942016,-1.583243,-0.036263,0.591841,-1.624218,-0.955205,0.303685,-2.399343,0.045823,1.228732,-2.542413,-0.269912,0.529354,-1.987652,-1.307991,0.706291,-1.919816,-0.714650,0.859020,-3.128011,0.143622,1.527679,-3.306423,-0.289566,1.413316,-2.594123,0.321535,1.592124,-2.043442,-0.428905,0.919839,-2.426385,-0.172567,2.081574,-2.620293,0.512297,1.384773,-2.707059,-1.123135,2.055636,-2.325279,-1.670524,1.136245,-0.657876,1.109391,1.221595,-0.485167,0.121795,1.242942,-0.394122,0.726364,1.212708,-0.340830,-0.221339,1.369732,-0.287062,-0.681973,0.453892,-0.642131,-0.405742,-0.046062,-0.652023,0.734425,-0.568468,-0.617591,0.523661,0.076618,-0.567019,0.176544,0.176682,-0.717300,1.156723,0.064391,-0.619804,0.740082,0.058475,-0.557293,-0.753086,0.143067,-0.495020,0.129933,0.202365,-0.650254,0.859902,0.067031,-0.590449,-0.602929,0.207836,-0.575880,1.139905,0.298990,-0.563449,1.107503,0.629319,-0.705015,0.914446,0.127177,-0.564842,1.018992,0.011218,-0.537996,0.944492,0.370793,-0.504406,0.085722,-0.413098,1.843779,-0.579815,-0.588990,1.142979,-0.419610,-0.554307,1.263945,0.147015,-0.220540,1.070581,-0.619964,-0.271338,0.805870,0.523519,-0.216722,0.178595,-1.079080,-0.131651,0.749662,0.606361,0.040465,0.528703,0.340386,-0.009582,1.550609,-1.681463,-0.347133,-0.004195,-0.408364,-0.612410,0.586518,-0.639977,-0.505113,0.553884,0.696951,-1.048064,-0.453303,-0.078099,-0.501655,-1.190611,0.507678,-1.073462,-0.645763,-0.470057,-1.372491,-0.738470,-0.507152,-1.052106,-1.122878,-0.880042,-0.747957,0.851910,-0.862117,-0.379096,-0.482585,0.226386,-0.448368,0.028610,-0.525815,-0.444414,0.098565,-0.780401,-0.361245,-0.666487,0.648068,-0.962182,-0.282157,-0.543591,-1.101937,-0.267525,0.481023,-1.277021,-0.627995,-0.749940,-1.024973,-0.080801,-0.929963,-1.014823,-1.199555,1.667868,-0.477421,0.201084,1.112583,-0.625978,-0.855007,0.800874,-0.559953,-0.949989,1.319071,-0.653825,-0.316793,0.244416,-0.868521,-0.812959,-0.493020,-0.811165,-0.335985,-1.207422,-0.550910,-0.131793,-1.302181,-0.595996,-0.901039,-1.059496,-0.355103,-1.095125,-0.160908,-0.504388,-0.803628,1.687288,-0.742770,-0.415266,0.655629,-0.433696,-0.357844,-0.183031,-0.777052,-0.710549,1.381628,-0.406881,-0.352092,-1.896511,-0.687775,0.271992,-0.703002,-0.573917,-1.297326,0.402434,-0.678686,-0.769935,1.689976,-0.759768,-0.648991,-0.139324,-0.646521,-1.124357,0.653286,-0.506365,-0.552442,-1.469578,-1.002183,-0.007423,-0.485732,-0.258165,-0.939028,0.768034,-0.410284,-0.745181,0.387679,-0.269921,-0.856991,-0.797123,-0.270412,-1.284975,-0.451647,-0.442965,-1.481406,-0.805737,-0.559981,-1.163493,0.326358,-0.539388,-0.419452,-0.316978,-0.553056,-1.143948,-0.017668,-0.211290,-0.364543,-0.127326,-0.374915,-0.777404,-0.030690,-0.498612,-0.628571,0.031242,-0.369341,0.163092,-0.227921,-0.508667,-0.555553,1.294380,-0.335390,-1.003911,-0.037600,-0.559063,-1.205774,0.226085,-0.479504,-1.018891,0.157652,-0.226027,0.408217,-1.120437,-0.503395,-0.942614,-0.983646,-0.313089,-0.469370,-1.497240,-0.550955,-0.109255,-1.604287,-0.543975,0.304082,-0.294045,-0.641819,0.008095,0.583269
-0.159232,-0.884566,-0.568316,2.579835,-0.735544,1.037269,0.645515,-0.427950,-0.745803,-1.164647,-1.418021,-1.192554,0.887699,-0.583022,0.286279,0.372744,-0.366966,0.861955,0.706019,-0.732335,1.135951,1.535028,-0.594050,-0.626230,-0.058970,0.928879,1.155431,0.334519,0.776143,1.182564,0.389401,0.188955,-0.646166,0.389393,0.188854,0.000390,-1.181834,1.388246,0.928334,-0.685836,-2.965852,-0.996084,-0.685836,0.000390,0.000390,-0.795787,0.199587,0.305346,-0.843657,-1.053363,2.063453,-0.240215,0.503208,-1.545923,-0.845886,-1.133801,-1.579939,-0.685836,0.000390,0.000390,-0.685072,0.000390,0.000390,-0.685836,0.000390,0.000390,0.389393,0.188853,0.000390,0.389393,0.188853,0.000390,0.389401,0.188853,0.000390,0.378709,-1.152825,1.840196,0.465126,-0.564715,0.420949,1.247950,-0.960079,0.186495,0.772393,-2.116772,0.858920,0.639705,-1.779513,0.893142,1.118292,-2.504069,-1.206110,1.401956,-2.233454,-0.288814,0.942016,-1.583243,-0.036263,0.591841,-1.624218,-0.955205,0.303685,-2.399343,0.045823,1.228732,-2.542413,-0.269912,0.529354,-1.987652,-1.307991,0.706291,-1.919816,-0.714650,0.859020,-3.128011,0.143622,1.527679,-3.306423,-0.289566,1.413316,-2.594123,0.321535,1.592124,-2.043442,-0.428905,0.919839,-2.426385,-0.172567,2.081574,-2.620293,0.512297,1.384773,-2.707059,-1.123135,2.055636,-2.325279,-1.670524,1.136245,-0.657876,1.109391,1.221595,-0.485167,0.121795,1.242942,-0.394122,0.726364,1.212708,-0.340830,-0.221339,1.369732,-0.287062,-0.681973,0.453892,-0.642131,-0.405742,-0.046062,-0.652023,0.734425,-0.568468,-0.617591,0.523661,0.076618,-0.567019,0.176544,0.176682,-0.717300,1.156723,0.064391,-0.619804,0.740082,0.058475,-0.557293,-0.753086,0.143067,-0.495020,0.129933,0.202365,-0.650254,0.859902,0.067031,-0.590449,-0.602929,0.207836,-0.575880,1.139905,0.298990,-0.563449,1.107503,0.629319,-0.705015,0.914446,0.127177,-0.564842,1.018992,0.011218,-0.537996,0.944492,0.370793,-0.504406,0.085722,-0.413098,1.843779,-0.579815,-0.588990,1.142979,-0.419610,-0.554307,1.263945,0.147015,-0.220540,1.070581,-0.619964,-0.271338,0.805870,0.523519,-0.216722,0.178595,-1.079080,-0.131651,0.749662,0.606361,0.040465,0.528703,0.340386,-0.009582,1.550609,-1.681463,-0.347133,-0.004195,-0.408364,-0.612410,0.586518,-0.639977,-0.505113,0.553884,0.696951,-1.048064,-0.453303,-0.078099,-0.501655,-1.190611,0.507678,-1.073462,-0.645763,-0.470057,-1.372491,-0.738470,-0.507152,-1.052106,-1.122878,-0.880042,-0.747957,0.851910,-0.862117,-0.379096,-0.482585,0.226386,-0.448368,0.028610,-0.525815,-0.444414,0.098565,-0.780401,-0.361245,-0.666487,0.648068,-0.962182,-0.282157,-0.543591,-1.101937,-0.267525,0.481023,-1.277021,-0.627995,-0.749940,-1.024973,-0.080801,-0.929963,-1.014823,-1.199555,1.667868,-0.477421,0.201084,1.112583,-0.625978,-0.855007,0.800874,-0.559953,-0.949989,1.319071,-0.653825,-0.316793,0.244416,-0.868521,-0.812959,-0.493020,-0.811165,-0.335985,-1.207422,-0.550910,-0.131793,-1.302181,-0.595996,-0.901039,-1.059496,-0.355103,-1.095125,-0.160908,-0.504388,-0.803628,1.687288,-0.742770,-0.415266,0.655629,-0.433696,-0.357844,-0.183031,-0.777052,-0.710549,1.381628,-0.406881,-0.352092,-1.896511,-0.687775,0.271992,-0.703002,-0.573917,-1.297326,0.402434,-0.678686,-0.769935,1.689976,-0.759768,-0.648991,-0.139324,-0.646521,-1.124357,0.653286,-0.506365,-0.552442,-1.469578,-1.002183,-0.007423,-0.485732,-0.258165,-0.939028,0.768034,-0.410284,-0.745181,0.387679,-0.269921,-0.856991,-0.797123,-0.270412,-1.284975,-0.451647,-0.442965,-1.481406,-0.805737,-0.559981,-1.163493,0.326358,-0.539388,-0.419452,-0.316978,-0.553056,-1.143948,-0.017668,-0.211290,-0.364543,-0.127326,-0.374915,-0.777404,-0.030690,-0.498612,-0.628571,0.031242,-0.369341,0.163092,-0.227921,-0.508667,-0.555553,1.294380,-0.335390,-1.003911,-0.037600,-0.559063,-1.205774,0.226085,-0.479504,-1.018891,0.157652,-0.226027,0.408217,-1.120437,-0.503395,-0.942614,-0.983646,-0.313089,-0.469370,-1.497240,-0.550955,-0.109255,-1.604287,-0.543975,0.304082,-0.294045,-0.641819,0.008095,0.583269
-0.159232,-0.884566,-0.568316,2.579835,-0.735544,1.037269,0.645515,-0.427950,-0.745803,-1.164647,-1.418021,-1.192554,0.887699,-0.583022,0.286279,0.372744,-0.366966,0.861955,0.706019,-0.732335,1.135951,1.535028,-0.594050,-0.626230,-0.058970,0.928879,1.155431,0.334519,0.776143,1.182564,0.389401,0.188955,-0.646166,0.389393,0.188854,0.000390,-1.181834,1.388246,0.928334,-0.685836,-2.965852,-0.996084,-0.685836,0.000390,0.000390,-0.795787,0.199587,0.305346,-0.843657,-1.053363,2.063453,-0.240215,0.503208,-1.545923,-0.845886,-1.133801,-1.579939,-0.685836,0.000390,0.000390,-0.685072,0.000390,0.000390,-0.685836,0.000390,0.000390,0.389393,0.188853,0.000390,0.389393,0.188853,0.000390,0.389401,0.188853,0.000390,0.378709,-1.152825,1.840196,0.465126,-0.564715,0.420949,1.247950,-0.960079,0.186495,0.772393,-2.116772,0.858920,0.639705,-1.779513,0.893142,1.118292,-2.504069,-1.206110,1.401956,-2.233454,-0.288814,0.942016,-1.583243,-0.036263,0.591841,-1.624218,-0.955205,0.303685,-2.399343,0.045823,1.228732,-2.542413,-0.269912,0.529354,-1.987652,-1.307991,0.706291,-1.919816,-0.714650,0.859020,-3.128011,0.143622,1.527679,-3.306423,-0.289566,1.413316,-2.594123,0.321535,1.592124,-2.043442,-0.428905,0.919839,-2.426385,-0.172567,2.081574,-2.620293,0.512297,1.384773,-2.707059,-1.123135,2.055636,-2.325279,-1.670524,1.136245,-0.657876,1.109391,1.221595,-0.485167,0.121795,1.242942,-0.394122,0.726364,1.212708,-0.340830,-0.221339,1.369732,-0.287062,-0.681973,0.453892,-0.642131,-0.405742,-0.046062,-0.652023,0.734425,-0.568468,-0.617591,0.523661,0.076618,-0.567019,0.176544,0.176682,-0.717300,1.156723,0.064391,-0.619804,0.740082,0.058475,-0.557293,-0.753086,0.143067,-0.495020,0.129933,0.202365,-0.650254,0.859902,0.067031,-0.590449,-0.602929,0.207836,-0.575880,1.139905,0.298990,-0.563449,1.107503,0.629319,-0.705015,0.914446,0.127177,-0.564842,1.018992,0.011218,-0.537996,0.944492,0.370793,-0.504406,0.085722,-0.413098,1.843779,-0.579815,-0.588990,1.142979,-0.419610,-0.554307,1.263945,0.147015,-0.220540,1.070581,-0.619964,-0.271338,0.805870,0.523519,-0.216722,0.178595,-1.079080,-0.131651,0.749662,0.606361,0.040465,0.528703,0.340386,-0.009582,1.550609,-1.681463,-0.347133,-0.004195,-0.408364,-0.612410,0.586518,-0.639977,-0.505113,0.553884,0.696951,-1.048064,-0.453303,-0.078099,-0.501655,-1.190611,0.507678,-1.073462,-0.645763,-0.470057,-1.372491,-0.738470,-0.507152,-1.052106,-1.122878,-0.880042,-0.747957,0.851910,-0.862117,-0.379096,-0.482585,0.226386,-0.448368,0.028610,-0.525815,-0.444414,0.098565,-0.780401,-0.361245,-0.666487,0.648068,-0.962182,-0.282157,-0.543591,-1.101937,-0.267525,0.481023,-1.277021,-0.627995,-0.749940,-1.024973,-0.080801,-0.929963,-1.014823,-1.199555,1.667868,-0.477421,0.201084,1.112583,-0.625978,-0.855007,0.800874,-0.559953,-0.949989,1.319071,-0.653825,-0.316793,0.244416,-0.868521,-0.812959,-0.493020,-0.811165,-0.335985,-1.207422,-0.550910,-0.131793,-1.302181,-0.595996,-0.901039,-1.059496,-0.355103,-1.095125,-0.160908,-0.504388,-0.803628,1.687288,-0.742770,-0.415266,0.655629,-0.433696,-0.357844,-0.183031,-0.777052,-0.710549,1.381628,-0.406881,-0.352092,-1.896511,-0.687775,0.271992,-0.703002,-0.573917,-1.297326,0.402434,-0.678686,-0.769935,1.689976,-0.759768,-0.648991,-0.139324,-0.646521,-1.124357,0.653286,-0.506365,-0.552442,-1.469578,-1.002183,-0.007423,-0.485732,-0.258165,-0.939028,0.768034,-0.410284,-0.745181,0.387679,-0.269921,-0.856991,-0.797123,-0.270412,-1.284975,-0.451647,-0.442965,-1.481406,-0.805737,-0.559981,-1.163493,0.326358,-0.539388,-0.419452,-0.316978,-0.553056,-1.143948,-0.017668,-0.211290,-0.364543,-0.127326,-0.374915,-0.777404,-0.030690,-0.498612,-0.628571,0.031242,-0.369341,0.163092,-0.227921,-0.508667,-0.555553,1.294380,-0.335390,-1.003911,-0.037600,-0.559063,-1.205774,0.226085,-0.479504,-1.018891,0.157652,-0.226027,0.408217,-1.120437,-0.503395,-0.942614,-0.983646,-0.313089,-0.469370,-1.497240,-0.550955,-0.109255,-1.604287,-0.543975,0.304082,-0.294045,-0.641819,0.008095,0.583269
-0.159232,-0.884566,-0.568316,2.579835,-0.735544,1.037269,0.645515,-0.427950,-0.745803,-1.164647,-1.418021,-1.192554,0.887699,-0.583022,0.286279,0.372744,-0.366966,0.861955,0.706019,-0.732335,1.135951,1.535028,-0.594050,-0.626230,-0.058970,0.928879,1.155431,0.334519,0.776143,1.182564,0.389401,0.188955,-0.646166,0.389393,0.188854,0.000390,-1.181834,1.388246,0.928334,-0.685836,-2.965852,-0.996084,-0.685836,0.000390,0.000390,-0.795787,0.199587,0.305346,-0.843657,-1.053363,2.063453,-0.240215,0.503208,-1.545923,-0.845886,-1.133801,-1.579939,-0.685836,0.000390,0.000390,-0.685072,0.000390,0.000390,-0.685836,0.000390,0.000390,0.389393,0.188853,0.000390,0.389393,0.188853,0.000390,0.389401,0.188853,0.000390,0.378709,-1.152825,1.840196,0.465126,-0.564715,0.420949,1.247950,-0.960079,0.186495,0.772393,-2.116772,0.858920,0.639705,-1.779513,0.893142,1.118292,-2.504069,-1.206110,1.401956,-2.233454,-0.288814,0.942016,-1.583243,-0.036263,0.591841,-1.624218,-0.955205,0.303685,-2.399343,0.045823,1.228732,-2.542413,-0.269912,0.529354,-1.987652,-1.307991,0.706291,-1.919816,-0.714650,0.859020,-3.128011,0.143622,1.527679,-3.306423,-0.289566,1.413316,-2.594123,0.321535,1.592124,-2.043442,-0.428905,0.919839,-2.426385,-0.172567,2.081574,-2.620293,0.512297,1.384773,-2.707059,-1.123135,2.055636,-2.325279,-1.670524,1.136245,-0.657876,1.109391,1.221595,-0.485167,0.121795,1.242942,-0.394122,0.726364,1.212708,-0.340830,-0.221339,1.369732,-0.287062,-0.681973,0.453892,-0.642131,-0.405742,-0.046062,-0.652023,0.734425,-0.568468,-0.617591,0.523661,0.076618,-0.567019,0.176544,0.176682,-0.717300,1.156723,0.064391,-0.619804,0.740082,0.058475,-0.557293,-0.753086,0.143067,-0.495020,0.129933,0.202365,-0.650254,0.859902,0.067031,-0.590449,-0.602929,0.207836,-0.575880,1.139905,0.298990,-0.563449,1.107503,0.629319,-0.705015,0.914446,0.127177,-0.564842,1.018992,0.011218,-0.537996,0.944492,0.370793,-0.504406,0.085722,-0.413098,1.843779,-0.579815,-0.588990,1.142979,-0.419610,-0.554307,1.263945,0.147015,-0.220540,1.070581,-0.619964,-0.271338,0.805870,0.523519,-0.216722,0.178595,-1.079080,-0.131651,0.749662,0.606361,0.040465,0.528703,0.340386,-0.009582,1.550609,-1.681463,-0.347133,-0.004195,-0.408364,-0.612410,0.586518,-0.639977,-0.505113,0.553884,0.696951,-1.048064,-0.453303,-0.078099,-0.501655,-1.190611,0.507678,-1.073462,-0.645763,-0.470057,-1.372491,-0.738470,-0.507152,-1.052106,-1.122878,-0.880042,-0.747957,0.851910,-0.862117,-0.379096,-0.482585,0.226386,-0.448368,0.028610,-0.525815,-0.444414,0.098565,-0.780401,-0.361245,-0.666487,0.648068,-0.962182,-0.282157,-0.543591,-1.101937,-0.267525,0.481023,-1.277021,-0.627995,-0.749940,-1.024973,-0.080801,-0.929963,-1.014823,-1.199555,1.667868,-0.477421,0.201084,1.112583,-0.625978,-0.855007,0.800874,-0.559953,-0.949989,1.319071,-0.653825,-0.316793,0.244416,-0.868521,-0.812959,-0.493020,-0.811165,-0.335985,-1.207422,-0.550910,-0.131793,-1.302181,-0.595996,-0.901039,-1.059496,-0.355103,-1.095125,-0.160908,-0.504388,-0.803628,1.687288,-0.742770,-0.415266,0.655629,-0.433696,-0.357844,-0.183031,-0.777052,-0.710549,1.381628,-0.406881,-0.352092,-1.896511,-0.687775,0.271992,-0.703002,-0.573917,-1.297326,0.402434,-0.678686,-0.769935,1.689976,-0.759768,-0.648991,-0.139324,-0.646521,-1.124357,0.653286,-0.506365,-0.552442,-1.469578,-1.002183,-0.007423,-0.485732,-0.258165,-0.939028,0.768034,-0.410284,-0.745181,0.387679,-0.269921,-0.856991,-0.797123,-0.270412,-1.284975,-0.451647,-0.442965,-1.481406,-0.805737,-0.559981,-1.163493,0.326358,-0.539388,-0.419452,-0.316978,-0.553056,-1.143948,-0.017668,-0.211290,-0.364543,-0.127326,-0.374915,-0.777404,-0.030690,-0.498612,-0.628571,0.031242,-0.369341,0.163092,-0.227921,-0.508667,-0.555553,1.294380,-0.335390,-1.003911,-0.037600,-0.559063,-1.205774,0.226085,-0.479504,-1.018891,0.157652,-0.226027,0.408217,-1.120437,-0.503395,-0.942614,-0.983646,-0.313089,-0.469370,-1.497240,-0.550955,-0.109255,-1.604287,-0.543975,0.304082,-0.294045,-0.641819,0.008095,0.583269
-0.131496,-0.924526,0.098746,0.007933,-0.724646,0.800211,0.605237,-0.408604,-0.103511,-1.130666,-0.738943,0.231557,0.431784,-0.584115,0.079526,0.352049,0.931721,-0.253602,0.683806,-0.742766,0.335600,-0.011480,-2.076349,-0.997029,-0.118186,-0.631317,-0.473876,0.320012,-0.144462,0.112191,0.415780,0.188955,0.054063,0.415773,0.188854,0.000390,0.831841,-0.657760,-0.675818,-1.936158,0.193004,-1.126520,-1.936158,0.000390,0.000390,-0.785322,0.154216,-0.162218,-0.818490,-1.595348,0.859743,0.976807,-0.964422,-2.387194,0.042751,-1.180459,0.784344,-1.936158,0.000390,0.000390,-1.935393,0.000390,0.000390,-1.936158,0.000390,0.000390,0.415773,0.188853,0.000390,0.415773,0.188853,0.000390,0.415780,0.188853,0.000390,0.505148,-1.072207,0.646070,1.352043,-1.533187,1.477785,0.783356,-1.461331,-1.623701,1.261813,-1.860877,0.492243,1.443469,-1.790550,-0.834911,0.782378,-1.721966,-0.074358,0.848124,-1.860743,-0.551017,0.732203,-1.779513,-0.611825,0.981244,-1.548187,-1.057604,0.911745,-1.664915,1.289504,0.508904,-1.847477,0.358001,0.885407,-1.813439,0.102812,1.113866,-1.476331,0.008834,0.796371,-1.441690,2.447777,0.724226,-1.385254,-0.931541,0.781408,-2.020771,-0.503885,0.728899,-1.924997,-1.648515,0.856621,-1.231800,1.990906,0.463280,-1.149164,-0.137570,1.080406,-1.905324,-0.277010,0.587462,-1.441592,-0.241966,-0.120393,-0.437527,-0.921050,-0.430149,-0.563711,-1.235983,-0.507788,-0.578803,-1.759125,-0.444069,-0.548735,0.021020,-0.018897,-0.546276,0.202297,0.278237,-0.397915,-2.268166,0.540177,-0.358013,-2.322627,0.583756,-0.386262,-2.797699,0.407338,-0.422323,-1.973631,0.379924,-0.391098,-1.694609,0.806132,-0.326436,-1.790022,0.939177,-0.292722,1.615545,0.927625,-0.305140,2.385612,0.575601,-0.342171,-1.306877,0.702256,-0.273038,0.280517,0.699646,-0.305156,0.119037,0.736347,-0.370551,1.068428,0.710625,-0.280678,-0.538078,0.751730,-0.270082,-0.208237,0.719871,-0.309152,0.270150,0.810585,-0.378057,1.112737,-0.647713,1.885419,1.389492,-0.392562,1.294255,0.062594,-0.371323,0.649437,-1.911840,-0.425914,-0.337294,0.217572,-0.470711,-0.181555,0.848097,-0.852921,-0.007275,0.237810,-0.506676,0.678720,0.142093,-0.322731,0.090699,0.741761,-0.301907,-1.101086,0.783602,-0.252810,-0.825707,0.674619,0.304725,-1.601328,-0.132570,-0.306029,-1.649918,-0.656427,-0.351180,-2.051452,0.355673,-0.246002,-1.841017,1.389620,-0.770147,-3.115902,0.021244,-1.039553,-1.996888,-0.361015,-1.230429,-1.168300,-0.133257,-0.510227,1.958592,2.628535,-0.161606,-0.746256,-2.497476,-0.181405,0.787252,-1.541085,-0.148756,0.756994,-1.713783,-0.044506,-0.894191,-0.954804,-0.044913,1.258979,-0.781407,-0.116003,-0.632880,-2.240277,-0.149517,-0.970400,0.421847,-0.121261,-0.336105,2.577726,-0.419849,1.571840,-0.970873,-0.461065,0.091440,2.545037,-0.262173,0.924723,-0.961701,-0.543687,-0.894128,0.310411,0.009368,-0.179686,0.426487,-0.214010,-0.517067,-2.476977,-0.158905,-0.043037,-2.369481,-0.219209,1.321862,-1.407611,-0.235094,-0.637164,-1.159809,-0.295758,-0.822337,0.433398,-0.618428,-0.844505,0.876201,-0.209412,-0.456997,-2.416608,-0.504975,-0.964621,0.987443,-0.432760,-0.756047,1.017083,-0.476392,0.859280,-1.513692,-0.456088,1.443327,-1.581902,-0.498414,-0.414956,-1.715389,-0.583260,-0.334570,-1.374128,-0.258474,-0.718556,-1.554114,-0.500661,-1.215482,-0.001017,-0.368739,0.416783,-0.098890,-0.537809,1.051729,0.431585,-0.303033,-1.484975,1.248858,-0.433982,-1.370552,-1.496471,0.047199,-0.390564,-0.065662,0.058702,-0.725143,1.009389,-0.079836,-0.985019,-0.919577,-0.131979,-1.729560,-0.296943,-0.109853,-1.015685,-0.617769,-0.111527,-0.513343,-0.762795,-0.168560,-0.876897,0.679111,-0.042626,-1.245937,0.830860,0.114400,-1.110589,0.315362,-0.392232,-0.266759,-1.034630,-0.548260,0.144709,0.746301,-0.024236,-0.566228,1.094096,0.070485,-0.753321,0.506266,-0.117791,-1.528848,0.245048,-0.151465,-0.222103,-1.151896,0.168782,-1.478943,0.501254,0.012154,-0.958247,0.444337,0.048597,-1.949137,0.445146,-0.626633,0.870509,0.832767,-0.528559,-0.068317,1.484575
-0.131496,-0.924526,0.098746,0.007933,-0.724646,0.800211,0.605237,-0.408604,-0.103511,-1.130666,-0.738943,0.231557,0.431784,-0.584115,0.079526,0.352049,0.931721,-0.253602,0.683806,-0.742766,0.335600,-0.011480,-2.076349,-0.997029,-0.118186,-0.631317,-0.473876,0.320012,-0.144462,0.112191,0.415780,0.188955,0.054063,0.415773,0.188854,0.000390,0.831841,-0.657760,-0.675818,-1.936158,0.193004,-1.126520,-1.936158,0.000390,0.000390,-0.785322,0.154216,-0.162218,-0.818490,-1.595348,0.859743,0.976807,-0.964422,-2.387194,0.042751,-1.180459,0.784344,-1.936158,0.000390,0.000390,-1.935393,0.000390,0.000390,-1.936158,0.000390,0.000390,0.415773,0.188853,0.000390,0.415773,0.188853,0.000390,0.415780,0.188853,0.000390,0.505148,-1.072207,0.646070,1.352043,-1.533187,1.477785,0.783356,-1.461331,-1.623701,1.261813,-1.860877,0.492243,1.443469,-1.790550,-0.834911,0.782378,-1.721966,-0.074358,0.848124,-1.860743,-0.551017,0.732203,-1.779513,-0.611825,0.981244,-1.548187,-1.057604,0.911745,-1.664915,1.289504,0.508904,-1.847477,0.358001,0.885407,-1.813439,0.102812,1.113866,-1.476331,0.008834,0.796371,-1.441690,2.447777,0.724226,-1.385254,-0.931541,0.781408,-2.020771,-0.503885,0.728899,-1.924997,-1.648515,0.856621,-1.231800,1.990906,0.463280,-1.149164,-0.137570,1.080406,-1.905324,-0.277010,0.587462,-1.441592,-0.241966,-0.120393,-0.437527,-0.921050,-0.430149,-0.563711,-1.235983,-0.507788,-0.578803,-1.759125,-0.444069,-0.548735,0.021020,-0.018897,-0.546276,0.202297,0.278237,-0.397915,-2.268166,0.540177,-0.358013,-2.322627,0.583756,-0.386262,-2.797699,0.407338,-0.422323,-1.973631,0.379924,-0.391098,-1.694609,0.806132,-0.326436,-1.790022,0.939177,-0.292722,1.615545,0.927625,-0.305140,2.385612,0.575601,-0.342171,-1.306877,0.702256,-0.273038,0.280517,0.699646,-0.305156,0.119037,0.736347,-0.370551,1.068428,0.710625,-0.280678,-0.538078,0.751730,-0.270082,-0.208237,0.719871,-0.309152,0.270150,0.810585,-0.378057,1.112737,-0.647713,1.885419,1.389492,-0.392562,1.294255,0.062594,-0.371323,0.649437,-1.911840,-0.425914,-0.337294,0.217572,-0.470711,-0.181555,0.848097,-0.852921,-0.007275,0.237810,-0.506676,0.678720,0.142093,-0.322731,0.090699,0.741761,-0.301907,-1.101086,0.783602,-0.252810,-0.825707,0.674619,0.304725,-1.601328,-0.132570,-0.306029,-1.649918,-0.656427,-0.351180,-2.051452,0.355673,-0.246002,-1.841017,1.389620,-0.770147,-3.115902,0.021244,-1.039553,-1.996888,-0.361015,-1.230429,-1.168300,-0.133257,-0.510227,1.958592,2.628535,-0.161606,-0.746256,-2.497476,-0.181405,0.787252,-1.541085,-0.148756,0.756994,-1.713783,-0.044506,-0.894191,-0.954804,-0.044913,1.258979,-0.781407,-0.116003,-0.632880,-2.240277,-0.149517,-0.970400,0.421847,-0.121261,-0.336105,2.577726,-0.419849,1.571840,-0.970873,-0.461065,0.091440,2.545037,-0.262173,0.924723,-0.961701,-0.543687,-0.894128,0.310411,0.009368,-0.179686,0.426487,-0.214010,-0.517067,-2.476977,-0.158905,-0.043037,-2.369481,-0.219209,1.321862,-1.407611,-0.235094,-0.637164,-1.159809,-0.295758,-0.822337,0.433398,-0.618428,-0.844505,0.876201,-0.209412,-0.456997,-2.416608,-0.504975,-0.964621,0.987443,-0.432760,-0.756047,1.017083,-0.476392,0.859280,-1.513692,-0.456088,1.443327,-1.581902,-0.498414,-0.414956,-1.715389,-0.583260,-0.334570,-1.374128,-0.258474,-0.718556,-1.554114,-0.500661,-1.215482,-0.001017,-0.368739,0.416783,-0.098890,-0.537809,1.051729,0.431585,-0.303033,-1.484975,1.248858,-0.433982,-1.370552,-1.496471,0.047199,-0.390564,-0.065662,0.058702,-0.725143,1.009389,-0.079836,-0.985019,-0.919577,-0.131979,-1.729560,-0.296943,-0.109853,-1.015685,-0.617769,-0.111527,-0.513343,-0.762795,-0.168560,-0.876897,0.679111,-0.042626,-1.245937,0.830860,0.114400,-1.110589,0.315362,-0.392232,-0.266759,-1.034630,-0.548260,0.144709,0.746301,-0.024236,-0.566228,1.094096,0.070485,-0.753321,0.506266,-0.117791,-1.528848,0.245048,-0.151465,-0.222103,-1.151896,0.168782,-1.478943,0.501254,0.012154,-0.958247,0.444337,0.048597,-1.949137,0.445146,-0.626633,0.870509,0.832767,-0.528559,-0.068317,1.484575
-0.131496,-0.924526,0.098746,0.007933,-0.724646,0.800211,0.605237,-0.408604,-0.103511,-1.130666,-0.738943,0.231557,0.431784,-0.584115,0.079526,0.352049,0.931721,-0.253602,0.683806,-0.742766,0.335600,-0.011480,-2.076349,-0.997029,-0.118186,-0.631317,-0.473876,0.320012,-0.144462,0.112191,0.415780,0.188955,0.054063,0.415773,0.188854,0.000390,0.831841,-0.657760,-0.675818,-1.936158,0.193004,-1.126520,-1.936158,0.000390,0.000390,-0.785322,0.154216,-0.162218,-0.818490,-1.595348,0.859743,0.976807,-0.964422,-2.387194,0.042751,-1.180459,0.784344,-1.936158,0.000390,0.000390,-1.935393,0.000390,0.000390,-1.936158,0.000390,0.000390,0.415773,0.188853,0.000390,0.415773,0.188853,0.000390,0.415780,0.188853,0.000390,0.505148,-1.072207,0.646070,1.352043,-1.533187,1.477785,0.783356,-1.461331,-1.623701,1.261813,-1.860877,0.492243,1.443469,-1.790550,-0.834911,0.782378,-1.721966,-0.074358,0.848124,-1.860743,-0.551017,0.732203,-1.779513,-0.611825,0.981244,-1.548187,-1.057604,0.911745,-1.664915,1.289504,0.508904,-1.847477,0.358001,0.885407,-1.813439,0.102812,1.113866,-1.476331,0.008834,0.796371,-1.441690,2.447777,0.724226,-1.385254,-0.931541,0.781408,-2.020771,-0.503885,0.728899,-1.924997,-1.648515,0.856621,-1.231800,1.990906,0.463280,-1.149164,-0.137570,1.080406,-1.905324,-0.277010,0.587462,-1.441592,-0.241966,-0.120393,-0.437527,-0.921050,-0.430149,-0.563711,-1.235983,-0.507788,-0.578803,-1.759125,-0.444069,-0.548735,0.021020,-0.018897,-0.546276,0.202297,0.278237,-0.397915,-2.268166,0.540177,-0.358013,-2.322627,0.583756,-0.386262,-2.797699,0.407338,-0.422323,-1.973631,0.379924,-0.391098,-1.694609,0.806132,-0.326436,-1.790022,0.939177,-0.292722,1.615545,0.927625,-0.305140,2.385612,0.575601,-0.342171,-1.306877,0.702256,-0.273038,0.280517,0.699646,-0.305156,0.119037,0.736347,-0.370551,1.068428,0.710625,-0.280678,-0.538078,0.751730,-0.270082,-0.208237,0.719871,-0.309152,0.270150,0.810585,-0.378057,1.112737,-0.647713,1.885419,1.389492,-0.392562,1.294255,0.062594,-0.371323,0.649437,-1.911840,-0.425914,-0.337294,0.217572,-0.470711,-0.181555,0.848097,-0.852921,-0.007275,0.237810,-0.506676,0.678720,0.142093,-0.322731,0.090699,0.741761,-0.301907,-1.101086,0.783602,-0.252810,-0.825707,0.674619,0.304725,-1.601328,-0.132570,-0.306029,-1.649918,-0.656427,-0.351180,-2.051452,0.355673,-0.246002,-1.841017,1.389620,-0.770147,-3.115902,0.021244,-1.039553,-1.996888,-0.361015,-1.230429,-1.168300,-0.133257,-0.510227,1.958592,2.628535,-0.161606,-0.746256,-2.497476,-0.181405,0.787252,-1.541085,-0.148756,0.756994,-1.713783,-0.044506,-0.894191,-0.954804,-0.044913,1.258979,-0.781407,-0.116003,-0.632880,-2.240277,-0.149517,-0.970400,0.421847,-0.121261,-0.336105,2.577726,-0.419849,1.571840,-0.970873,-0.461065,0.091440,2.545037,-0.262173,0.924723,-0.961701,-0.543687,-0.894128,0.310411,0.009368,-0.179686,0.426487,-0.214010,-0.517067,-2.476977,-0.158905,-0.043037,-2.369481,-0.219209,1.321862,-1.407611,-0.235094,-0.637164,-1.159809,-0.295758,-0.822337,0.433398,-0.618428,-0.844505,0.876201,-0.209412,-0.456997,-2.416608,-0.504975,-0.964621,0.987443,-0.432760,-0.756047,1.017083,-0.476392,0.859280,-1.513692,-0.456088,1.443327,-1.581902,-0.498414,-0.414956,-1.715389,-0.583260,-0.334570,-1.374128,-0.258474,-0.718556,-1.554114,-0.500661,-1.215482,-0.001017,-0.368739,0.416783,-0.098890,-0.537809,1.051729,0.431585,-0.303033,-1.484975,1.248858,-0.433982,-1.370552,-1.496471,0.047199,-0.390564,-0.065662,0.058702,-0.725143,1.009389,-0.079836,-0.985019,-0.919577,-0.131979,-1.729560,-0.296943,-0.109853,-1.015685,-0.617769,-0.111527,-0.513343,-0.762795,-0.168560,-0.876897,0.679111,-0.042626,-1.245937,0.830860,0.114400,-1.110589,0.315362,-0.392232,-0.266759,-1.034630,-0.548260,0.144709,0.746301,-0.024236,-0.566228,1.094096,0.070485,-0.753321,0.506266,-0.117791,-1.528848,0.245048,-0.151465,-0.222103,-1.151896,0.168782,-1.478943,0.501254,0.012154,-0.958247,0.444337,0.048597,-1.949137,0.445146,-0.626633,0.870509,0.832767,-0.528559,-0.068317,1.484575
-0.131496,-0.924526,0.098746,0.007933,-0.724646,0.800211,0.605237,-0.408604,-0.103511,-1.130666,-0.738943,0.231557,0.431784,-0.584115,0.079526,0.352049,0.931721,-0.253602,0.683806,-0.742766,0.335600,-0.011480,-2.076349,-0.997029,-0.118186,-0.631317,-0.473876,0.320012,-0.144462,0.112191,0.415780,0.188955,0.054063,0.415773,0.188854,0.000390,0.831841,-0.657760,-0.675818,-1.936158,0.193004,-1.126520,-1.936158,0.000390,0.000390,-0.785322,0.154216,-0.162218,-0.818490,-1.595348,0.859743,0.976807,-0.964422,-2.387194,0.042751,-1.180459,0.784344,-1.936158,0.000390,0.000390,-1.935393,0.000390,0.000390,-1.936158,0.000390,0.000390,0.415773,0.188853,0.000390,0.415773,0.188853,0.000390,0.415780,0.188853,0.000390,0.505148,-1.072207,0.646070,1.352043,-1.533187,1.477785,0.783356,-1.461331,-1.623701,1.261813,-1.860877,0.492243,1.443469,-1.790550,-0.834911,0.782378,-1.721966,-0.074358,0.848124,-1.860743,-0.551017,0.732203,-1.779513,-0.611825,0.981244,-1.548187,-1.057604,0.911745,-1.664915,1.289504,0.508904,-1.847477,0.358001,0.885407,-1.813439,0.102812,1.113866,-1.476331,0.008834,0.796371,-1.441690,2.447777,0.724226,-1.385254,-0.931541,0.781408,-2.020771,-0.503885,0.728899,-1.924997,-1.648515,0.856621,-1.231800,1.990906,0.463280,-1.149164,-0.137570,1.080406,-1.905324,-0.277010,0.587462,-1.441592,-0.241966,-0.120393,-0.437527,-0.921050,-0.430149,-0.563711,-1.235983,-0.507788,-0.578803,-1.759125,-0.444069,-0.548735,0.021020,-0.018897,-0.546276,0.202297,0.278237,-0.397915,-2.268166,0.540177,-0.358013,-2.322627,0.583756,-0.386262,-2.797699,0.407338,-0.422323,-1.973631,0.379924,-0.391098,-1.694609,0.806132,-0.326436,-1.790022,0.939177,-0.292722,1.615545,0.927625,-0.305140,2.385612,0.575601,-0.342171,-1.306877,0.702256,-0.273038,0.280517,0.699646,-0.305156,0.119037,0.736347,-0.370551,1.068428,0.710625,-0.280678,-0.538078,0.751730,-0.270082,-0.208237,0.719871,-0.309152,0.270150,0.810585,-0.378057,1.112737,-0.647713,1.885419,1.389492,-0.392562,1.294255,0.062594,-0.371323,0.649437,-1.911840,-0.425914,-0.337294,0.217572,-0.470711,-0.181555,0.848097,-0.852921,-0.007275,0.237810,-0.506676,0.678720,0.142093,-0.322731,0.090699,0.741761,-0.301907,-1.101086,0.783602,-0.252810,-0.825707,0.674619,0.304725,-1.601328,-0.132570,-0.306029,-1.649918,-0.656427,-0.351180,-2.051452,0.355673,-0.246002,-1.841017,1.389620,-0.770147,-3.115902,0.021244,-1.039553,-1.996888,-0.361015,-1.230429,-1.168300,-0.133257,-0.510227,1.958592,2.628535,-0.161606,-0.746256,-2.497476,-0.181405,0.787252,-1.541085,-0.148756,0.756994,-1.713783,-0.044506,-0.894191,-0.954804,-0.044913,1.258979,-0.781407,-0.116003,-0.632880,-2.240277,-0.149517,-0.970400,0.421847,-0.121261,-0.336105,2.577726,-0.419849,1.571840,-0.970873,-0.461065,0.091440,2.545037,-0.262173,0.924723,-0.961701,-0.543687,-0.894128,0.310411,0.009368,-0.179686,0.426487,-0.214010,-0.517067,-2.476977,-0.158905,-0.043037,-2.369481,-0.219209,1.321862,-1.407611,-0.235094,-0.637164,-1.159809,-0.295758,-0.822337,0.433398,-0.618428,-0.844505,0.876201,-0.209412,-0.456997,-2.416608,-0.504975,-0.964621,0.987443,-0.432760,-0.756047,1.017083,-0.476392,0.859280,-1.513692,-0.456088,1.443327,-1.581902,-0.498414,-0.414956,-1.715389,-0.583260,-0.334570,-1.374128,-0.258474,-0.718556,-1.554114,-0.500661,-1.215482,-0.001017,-0.368739,0.416783,-0.098890,-0.537809,1.051729,0.431585,-0.303033,-1.484975,1.248858,-0.433982,-1.370552,-1.496471,0.047199,-0.390564,-0.065662,0.058702,-0.725143,1.009389,-0.079836,-0.985019,-0.919577,-0.131979,-1.729560,-0.296943,-0.109853,-1.015685,-0.617769,-0.111527,-0.513343,-0.762795,-0.168560,-0.876897,0.679111,-0.042626,-1.245937,0.830860,0.114400,-1.110589,0.315362,-0.392232,-0.266759,-1.034630,-0.548260,0.144709,0.746301,-0.024236,-0.566228,1.094096,0.070485,-0.753321,0.506266,-0.117791,-1.528848,0.245048,-0.151465,-0.222103,-1.151896,0.168782,-1.478943,0.501254,0.012154,-0.958247,0.444337,0.048597,-1.949137,0.445146,-0.626633,0.870509,0.832767,-0.528559,-0.068317,1.484575
-0.131496,-0.924526,0.098746,0.007933,-0.724646,0.800211,0.605237,-0.408604,-0.103511,-1.130666,-0.738943,0.231557,0.431784,-0.584115,0.079526,0.352049,0.931721,-0.253602,0.683806,-0.742766,0.335600,-0.011480,-2.076349,-0.997029,-0.118186,-0.631317,-0.473876,0.320012,-0.144462,0.112191,0.415780,0.188955,0.054063,0.415773,0.188854,0.000390,0.831841,-0.657760,-0.675818,-1.936158,0.193004,-1.126520,-1.936158,0.000390,0.000390,-0.785322,0.154216,-0.162218,-0.818490,-1.595348,0.859743,0.976807,-0.964422,-2.387194,0.042751,-1.180459,0.784344,-1.936158,0.000390,0.000390,-1.935393,0.000390,0.000390,-1.936158,0.000390,0.000390,0.415773,0.188853,0.000390,0.415773,0.188853,0.000390,0.415780,0.188853,0.000390,0.505148,-1.072207,0.646070,1.352043,-1.533187,1.477785,0.783356,-1.461331,-1.623701,1.261813,-1.860877,0.492243,1.443469,-1.790550,-0.834911,0.782378,-1.721966,-0.074358,0.848124,-1.860743,-0.551017,0.732203,-1.779513,-0.611825,0.981244,-1.548187,-1.057604,0.911745,-1.664915,1.289504,0.508904,-1.847477,0.358001,0.885407,-1.813439,0.102812,1.113866,-1.476331,0.008834,0.796371,-1.441690,2.447777,0.724226,-1.385254,-0.931541,0.781408,-2.020771,-0.503885,0.728899,-1.924997,-1.648515,0.856621,-1.231800,1.990906,0.463280,-1.149164,-0.137570,1.080406,-1.905324,-0.277010,0.587462,-1.441592,-0.241966,-0.120393,-0.437527,-0.921050,-0.430149,-0.563711,-1.235983,-0.507788,-0.578803,-1.759125,-0.444069,-0.548735,0.021020,-0.018897,-0.546276,0.202297,0.278237,-0.397915,-2.268166,0.540177,-0.358013,-2.322627,0.583756,-0.386262,-2.797699,0.407338,-0.422323,-1.973631,0.379924,-0.391098,-1.694609,0.806132,-0.326436,-1.790022,0.939177,-0.292722,1.615545,0.927625,-0.305140,2.385612,0.575601,-0.342171,-1.306877,0.702256,-0.273038,0.280517,0.699646,-0.305156,0.119037,0.736347,-0.370551,1.068428,0.710625,-0.280678,-0.538078,0.751730,-0.270082,-0.208237,0.719871,-0.309152,0.270150,0.810585,-0.378057,1.112737,-0.647713,1.885419,1.389492,-0.392562,1.294255,0.062594,-0.371323,0.649437,-1.911840,-0.425914,-0.337294,0.217572,-0.470711,-0.181555,0.848097,-0.852921,-0.007275,0.237810,-0.506676,0.678720,0.142093,-0.322731,0.090699,0.741761,-0.301907,-1.101086,0.783602,-0.252810,-0.825707,0.674619,0.304725,-1.601328,-0.132570,-0.306029,-1.649918,-0.656427,-0.351180,-2.051452,0.355673,-0.246002,-1.841017,1.389620,-0.770147,-3.115902,0.021244,-1.039553,-1.996888,-0.361015,-1.230429,-1.168300,-0.133257,-0.510227,1.958592,2.628535,-0.161606,-0.746256,-2.497476,-0.181405,0.787252,-1.541085,-0.148756,0.756994,-1.713783,-0.044506,-0.894191,-0.954804,-0.044913,1.258979,-0.781407,-0.116003,-0.632880,-2.240277,-0.149517,-0.970400,0.421847,-0.121261,-0.336105,2.577726,-0.419849,1.571840,-0.970873,-0.461065,0.091440,2.545037,-0.262173,0.924723,-0.961701,-0.543687,-0.894128,0.310411,0.009368,-0.179686,0.426487,-0.214010,-0.517067,-2.476977,-0.158905,-0.043037,-2.369481,-0.219209,1.321862,-1.407611,-0.235094,-0.637164,-1.159809,-0.295758,-0.822337,0.433398,-0.618428,-0.844505,0.876201,-0.209412,-0.456997,-2.416608,-0.504975,-0.964621,0.987443,-0.432760,-0.756047,1.017083,-0.476392,0.859280,-1.513692,-0.456088,1.443327,-1.581902,-0.498414,-0.414956,-1.715389,-0.583260,-0.334570,-1.374128,-0.258474,-0.718556,-1.554114,-0.500661,-1.215482,-0.001017,-0.368739,0.416783,-0.098890,-0.537809,1.051729,0.431585,-0.303033,-1.484975,1.248858,-0.433982,-1.370552,-1.496471,0.047199,-0.390564,-0.065662,0.058702,-0.725143,1.009389,-0.079836,-0.985019,-0.919577,-0.131979,-1.729560,-0.296943,-0.109853,-1.015685,-0.617769,-0.111527,-0.513343,-0.762795,-0.168560,-0.876897,0.679111,-0.042626,-1.245937,0.830860,0.114400,-1.110589,0.315362,-0.392232,-0.266759,-1.034630,-0.548260,0.144709,0.746301,-0.024236,-0.566228,1.094096,0.070485,-0.753321,0.506266,-0.117791,-1.528848,0.245048,-0.151465,-0.222103,-1.151896,0.168782,-1.478943,0.501254,0.012154,-0.958247,0.444337,0.048597,-1.949137,0.445146,-0.626633,0.870509,0.832767,-0.528559,-0.068317,1.484575
-0.116318,-0.894851,0.052972,-0.047118,-0.756768,0.669653,-1.035876,-0.421561,0.896522,-0.308373,-0.072739,1.557369,0.123371,-0.582039,0.264789,-2.964891,-0.394689,-0.852379,0.708077,0.990556,0.958396,1.539074,-2.085009,-1.235141,0.068850,-0.631317,-0.082739,0.384110,-0.139228,0.445454,0.409363,0.188955,-0.353520,0.409356,0.188854,0.000390,0.837446,-0.657760,-0.268496,-0.072889,0.193004,0.110453,-0.072889,0.000390,0.000390,-0.033198,0.199587,-0.543063,-0.815193,-0.803363,0.579545,0.447690,0.512224,0.092393,0.041888,-1.122323,-1.059008,-0.072889,0.000390,0.000390,-0.072125,0.000390,0.000390,-0.072889,0.000390,0.000390,0.409356,0.188853,0.000390,0.409356,0.188853,0.000390,0.409363,0.188853,0.000390,0.485601,0.034615,-0.360003,0.688988,-1.528251,1.343170,1.550205,-1.071053,-0.425304,0.724214,-2.141967,0.508293,0.894094,-1.154716,1.529818,1.097419,-1.455183,-1.525390,0.819563,-2.213328,-0.993371,1.038607,-1.392463,0.730313,0.496471,-1.212642,0.415975,0.529028,-1.408878,-0.971620,1.498613,-1.768046,-1.627947,0.603900,-1.793129,0.516018,0.606470,-1.500993,0.951675,1.112567,-0.724231,-0.629652,1.038012,-0.349497,0.614097,1.112113,-0.962104,-0.487121,1.419233,-0.720487,-0.502109,1.218000,-0.540363,0.270328,1.975790,-1.705669,-0.236702,1.059170,-0.495783,-0.105526,1.777452,-1.386812,-0.628511,-0.207414,-0.271284,-0.921050,-0.498622,-0.410812,-1.235983,-0.565766,-0.443530,-1.759125,-0.655906,-0.448644,0.021020,-0.507458,-0.439673,0.202297,0.154373,-0.283019,-2.268166,0.489108,-0.247064,-2.322627,0.514021,-0.245554,-2.797699,0.363512,-0.286724,-1.973631,0.274479,-0.279271,-1.694609,0.728503,-0.227844,-1.790022,0.870892,-0.200764,1.615545,0.859468,-0.217817,2.385612,0.485440,-0.229103,-1.306877,0.631081,-0.172373,0.280517,0.634549,-0.208759,0.119037,0.672365,-0.276057,1.068428,0.630224,-0.166416,-0.538078,0.679849,-0.167544,-0.208237,0.652310,-0.208468,0.270150,0.746314,-0.276683,1.112737,0.054775,1.128470,0.129973,-0.120532,1.184158,-0.479281,0.265581,0.291647,-1.215518,0.219886,0.024067,-0.026368,-0.253816,-0.069269,0.786064,-0.219984,-0.034379,0.218381,-0.156874,0.589163,0.877614,-0.017127,0.383525,0.974874,0.221014,0.832842,-0.003291,-0.111057,-0.276488,0.903416,0.352963,0.260038,1.331925,0.060707,-0.665388,-0.320379,0.451889,-1.781088,0.319016,-0.335266,-2.435095,-0.279256,0.067160,-2.066006,-0.617944,-0.120468,-2.027455,-0.932027,-0.373542,-2.285700,-1.572045,0.105474,1.210717,-0.819598,0.305912,-0.149423,-0.496153,0.256713,0.389152,-0.939101,-0.136251,-0.504071,-0.794860,-0.089156,-0.382366,-0.095933,0.121431,0.022268,-0.675991,0.009190,-0.913896,-0.624990,-0.075313,-0.268556,0.302423,-0.105965,0.205509,0.231871,-0.057182,-0.881788,-0.639273,-0.208768,0.447049,0.114475,-0.021798,0.210304,-1.207492,-0.006260,0.066549,0.079351,0.221680,0.631235,-0.224215,0.063115,-0.803845,-0.990870,0.404289,-0.330463,-1.448766,0.287941,-0.130003,-1.227042,0.263714,-0.892911,0.412690,0.179031,-1.081939,1.409541,-0.162827,-0.623507,0.875960,-0.153554,-0.311470,-0.764499,-0.076349,-0.233263,0.502409,-0.060261,-0.510065,1.013036,-0.058394,-0.116268,-0.695665,-0.089697,0.494632,-1.212315,0.035602,-1.080330,-1.161536,-0.096441,-0.640717,-1.071216,-0.180881,-0.525438,1.207300,-0.103231,-0.911185,1.171514,-0.287982,-0.332146,0.245476,0.308277,0.227940,-0.802362,0.024544,-1.104969,0.759400,-0.101050,-0.843203,-1.406499,0.270416,0.227401,-0.238368,0.253484,-0.059787,1.476766,0.422049,-0.301683,-0.316067,0.028870,-1.247324,-0.256332,0.338217,-0.593977,-0.553719,0.054406,-1.315300,-1.017944,0.310356,-0.571475,0.880325,0.154036,-0.966637,0.746781,0.333494,-0.823251,0.031363,-0.070644,-0.003088,-0.809759,-0.200881,-0.735825,0.563727,0.194782,-0.211712,0.954286,0.264318,-0.386842,0.861953,0.382138,-1.128362,0.960111,0.270204,0.232449,-0.454587,0.344075,-1.062636,1.444258,0.204645,-0.583943,0.601894,0.262881,-1.466605,0.214778,-0.206280,0.429952,-1.266113,-0.048820,0.179511,0.783375
-0.116318,-0.894851,0.052972,-0.047118,-0.756768,0.669653,-1.035876,-0.421561,0.896522,-0.308373,-0.072739,1.557369,0.123371,-0.582039,0.264789,-2.964891,-0.394689,-0.852379,0.708077,0.990556,0.958396,1.539074,-2.085009,-1.235141,0.068850,-0.631317,-0.082739,0.384110,-0.139228,0.445454,0.409363,0.188955,-0.353520,0.409356,0.188854,0.000390,0.837446,-0.657760,-0.268496,-0.072889,0.193004,0.110453,-0.072889,0.000390,0.000390,-0.033198,0.199587,-0.543063,-0.815193,-0.803363,0.579545,0.447690,0.512224,0.092393,0.041888,-1.122323,-1.059008,-0.072889,0.000390,0.000390,-0.072125,0.000390,0.000390,-0.072889,0.000390,0.000390,0.409356,0.188853,0.000390,0.409356,0.188853,0.000390,0.409363,0.188853,0.000390,0.485601,0.034615,-0.360003,0.688988,-1.528251,1.343170,1.550205,-1.071053,-0.425304,0.724214,-2.141967,0.508293,0.894094,-1.154716,1.529818,1.097419,-1.455183,-1.525390,0.819563,-2.213328,-0.993371,1.038607,-1.392463,0.730313,0.496471,-1.212642,0.415975,0.529028,-1.408878,-0.971620,1.498613,-1.768046,-1.627947,0.603900,-1.793129,0.516018,0.606470,-1.500993,0.951675,1.112567,-0.724231,-0.629652,1.038012,-0.349497,0.614097,1.112113,-0.962104,-0.487121,1.419233,-0.720487,-0.502109,1.218000,-0.540363,0.270328,1.975790,-1.705669,-0.236702,1.059170,-0.495783,-0.105526,1.777452,-1.386812,-0.628511,-0.207414,-0.271284,-0.921050,-0.498622,-0.410812,-1.235983,-0.565766,-0.443530,-1.759125,-0.655906,-0.448644,0.021020,-0.507458,-0.439673,0.202297,0.154373,-0.283019,-2.268166,0.489108,-0.247064,-2.322627,0.514021,-0.245554,-2.797699,0.363512,-0.286724,-1.973631,0.274479,-0.279271,-1.694609,0.728503,-0.227844,-1.790022,0.870892,-0.200764,1.615545,0.859468,-0.217817,2.385612,0.485440,-0.229103,-1.306877,0.631081,-0.172373,0.280517,0.634549,-0.208759,0.119037,0.672365,-0.276057,1.068428,0.630224,-0.166416,-0.538078,0.679849,-0.167544,-0.208237,0.652310,-0.208468,0.270150,0.746314,-0.276683,1.112737,0.054775,1.128470,0.129973,-0.120532,1.184158,-0.479281,0.265581,0.291647,-1.215518,0.219886,0.024067,-0.026368,-0.253816,-0.069269,0.786064,-0.219984,-0.034379,0.218381,-0.156874,0.589163,0.877614,-0.017127,0.383525,0.974874,0.221014,0.832842,-0.003291,-0.111057,-0.276488,0.903416,0.352963,0.260038,1.331925,0.060707,-0.665388,-0.320379,0.451889,-1.781088,0.319016,-0.335266,-2.435095,-0.279256,0.067160,-2.066006,-0.617944,-0.120468,-2.027455,-0.932027,-0.373542,-2.285700,-1.572045,0.105474,1.210717,-0.819598,0.305912,-0.149423,-0.496153,0.256713,0.389152,-0.939101,-0.136251,-0.504071,-0.794860,-0.089156,-0.382366,-0.095933,0.121431,0.022268,-0.675991,0.009190,-0.913896,-0.624990,-0.075313,-0.268556,0.302423,-0.105965,0.205509,0.231871,-0.057182,-0.881788,-0.639273,-0.208768,0.447049,0.114475,-0.021798,0.210304,-1.207492,-0.006260,0.066549,0.079351,0.221680,0.631235,-0.224215,0.063115,-0.803845,-0.990870,0.404289,-0.330463,-1.448766,0.287941,-0.130003,-1.227042,0.263714,-0.892911,0.412690,0.179031,-1.081939,1.409541,-0.162827,-0.623507,0.875960,-0.153554,-0.311470,-0.764499,-0.076349,-0.233263,0.502409,-0.060261,-0.510065,1.013036,-0.058394,-0.116268,-0.695665,-0.089697,0.494632,-1.212315,0.035602,-1.080330,-1.161536,-0.096441,-0.640717,-1.071216,-0.180881,-0.525438,1.207300,-0.103231,-0.911185,1.171514,-0.287982,-0.332146,0.245476,0.308277,0.227940,-0.802362,0.024544,-1.104969,0.759400,-0.101050,-0.843203,-1.406499,0.270416,0.227401,-0.238368,0.253484,-0.059787,1.476766,0.422049,-0.301683,-0.316067,0.028870,-1.247324,-0.256332,0.338217,-0.593977,-0.553719,0.054406,-1.315300,-1.017944,0.310356,-0.571475,0.880325,0.154036,-0.966637,0.746781,0.333494,-0.823251,0.031363,-0.070644,-0.003088,-0.809759,-0.200881,-0.735825,0.563727,0.194782,-0.211712,0.954286,0.264318,-0.386842,0.861953,0.382138,-1.128362,0.960111,0.270204,0.232449,-0.454587,0.344075,-1.062636,1.444258,0.204645,-0.583943,0.601894,0.262881,-1.466605,0.214778,-0.206280,0.429952,-1.266113,-0.048820,0.179511,0.783375
-0.116318,-0.894851,0.052972,-0.047118,-0.756768,0.669653,-1.035876,-0.421561,0.896522,-0.308373,-0.072739,1.557369,0.123371,-0.582039,0.264789,-2.964891,-0.394689,-0.852379,0.708077,0.990556,0.958396,1.539074,-2.085009,-1.235141,0.068850,-0.631317,-0.082739,0.384110,-0.139228,0.445454,0.409363,0.188955,-0.353520,0.409356,0.188854,0.000390,0.837446,-0.657760,-0.268496,-0.072889,0.193004,0.110453,-0.072889,0.000390,0.000390,-0.033198,0.199587,-0.543063,-0.815193,-0.803363,0.579545,0.447690,0.512224,0.092393,0.041888,-1.122323,-1.059008,-0.072889,0.000390,0.000390,-0.072125,0.000390,0.000390,-0.072889,0.000390,0.000390,0.409356,0.188853,0.000390,0.409356,0.188853,0.000390,0.409363,0.188853,0.000390,0.485601,0.034615,-0.360003,0.688988,-1.528251,1.343170,1.550205,-1.071053,-0.425304,0.724214,-2.141967,0.508293,0.894094,-1.154716,1.529818,1.097419,-1.455183,-1.525390,0.819563,-2.213328,-0.993371,1.038607,-1.392463,0.730313,0.496471,-1.212642,0.415975,0.529028,-1.408878,-0.971620,1.498613,-1.768046,-1.627947,0.603900,-1.793129,0.516018,0.606470,-1.500993,0.951675,1.112567,-0.724231,-0.629652,1.038012,-0.349497,0.614097,1.112113,-0.962104,-0.487121,1.419233,-0.720487,-0.502109,1.218000,-0.540363,0.270328,1.975790,-1.705669,-0.236702,1.059170,-0.495783,-0.105526,1.777452,-1.386812,-0.628511,-0.207414,-0.271284,-0.921050,-0.498622,-0.410812,-1.235983,-0.565766,-0.443530,-1.759125,-0.655906,-0.448644,0.021020,-0.507458,-0.439673,0.202297,0.154373,-0.283019,-2.268166,0.489108,-0.247064,-2.322627,0.514021,-0.245554,-2.797699,0.363512,-0.286724,-1.973631,0.274479,-0.279271,-1.694609,0.728503,-0.227844,-1.790022,0.870892,-0.200764,1.615545,0.859468,-0.217817,2.385612,0.485440,-0.229103,-1.306877,0.631081,-0.172373,0.280517,0.634549,-0.208759,0.119037,0.672365,-0.276057,1.068428,0.630224,-0.166416,-0.538078,0.679849,-0.167544,-0.208237,0.652310,-0.208468,0.270150,0.746314,-0.276683,1.112737,0.054775,1.128470,0.129973,-0.120532,1.184158,-0.479281,0.265581,0.291647,-1.215518,0.219886,0.024067,-0.026368,-0.253816,-0.069269,0.786064,-0.219984,-0.034379,0.218381,-0.156874,0.589163,0.877614,-0.017127,0.383525,0.974874,0.221014,0.832842,-0.003291,-0.111057,-0.276488,0.903416,0.352963,0.260038,1.331925,0.060707,-0.665388,-0.320379,0.451889,-1.781088,0.319016,-0.335266,-2.435095,-0.279256,0.067160,-2.066006,-0.617944,-0.120468,-2.027455,-0.932027,-0.373542,-2.285700,-1.572045,0.105474,1.210717,-0.819598,0.305912,-0.149423,-0.496153,0.256713,0.389152,-0.939101,-0.136251,-0.504071,-0.794860,-0.089156,-0.382366,-0.095933,0.121431,0.022268,-0.675991,0.009190,-0.913896,-0.624990,-0.075313,-0.268556,0.302423,-0.105965,0.205509,0.231871,-0.057182,-0.881788,-0.639273,-0.208768,0.447049,0.114475,-0.021798,0.210304,-1.207492,-0.006260,0.066549,0.079351,0.221680,0.631235,-0.224215,0.063115,-0.803845,-0.990870,0.404289,-0.330463,-1.448766,0.287941,-0.130003,-1.227042,0.263714,-0.892911,0.412690,0.179031,-1.081939,1.409541,-0.162827,-0.623507,0.875960,-0.153554,-0.311470,-0.764499,-0.076349,-0.233263,0.502409,-0.060261,-0.510065,1.013036,-0.058394,-0.116268,-0.695665,-0.089697,0.494632,-1.212315,0.035602,-1.080330,-1.161536,-0.096441,-0.640717,-1.071216,-0.180881,-0.525438,1.207300,-0.103231,-0.911185,1.171514,-0.287982,-0.332146,0.245476,0.308277,0.227940,-0.802362,0.024544,-1.104969,0.759400,-0.101050,-0.843203,-1.406499,0.270416,0.227401,-0.238368,0.253484,-0.059787,1.476766,0.422049,-0.301683,-0.316067,0.028870,-1.247324,-0.256332,0.338217,-0.593977,-0.553719,0.054406,-1.315300,-1.017944,0.310356,-0.571475,0.880325,0.154036,-0.966637,0.746781,0.333494,-0.823251,0.031363,-0.070644,-0.003088,-0.809759,-0.200881,-0.735825,0.563727,0.194782,-0.211712,0.954286,0.264318,-0.386842,0.861953,0.382138,-1.128362,0.960111,0.270204,0.232449,-0.454587,0.344075,-1.062636,1.444258,0.204645,-0.583943,0.601894,0.262881,-1.466605,0.214778,-0.206280,0.429952,-1.266113,-0.048820,0.179511,0.783375
-0.116318,-0.894851,0.052972,-0.047118,-0.756768,0.669653,-1.035876,-0.421561,0.896522,-0.308373,-0.072739,1.557369,0.123371,-0.582039,0.264789,-2.964891,-0.394689,-0.852379,0.708077,0.990556,0.958396,1.539074,-2.085009,-1.235141,0.068850,-0.631317,-0.082739,0.384110,-0.139228,0.445454,0.409363,0.188955,-0.353520,0.409356,0.188854,0.000390,0.837446,-0.657760,-0.268496,-0.072889,0.193004,0.110453,-0.072889,0.000390,0.000390,-0.033198,0.199587,-0.543063,-0.815193,-0.803363,0.579545,0.447690,0.512224,0.092393,0.041888,-1.122323,-1.059008,-0.072889,0.000390,0.000390,-0.072125,0.000390,0.000390,-0.072889,0.000390,0.000390,0.409356,0.188853,0.000390,0.409356,0.188853,0.000390,0.409363,0.188853,0.000390,0.485601,0.034615,-0.360003,0.688988,-1.528251,1.343170,1.550205,-1.071053,-0.425304,0.724214,-2.141967,0.508293,0.894094,-1.154716,1.529818,1.097419,-1.455183,-1.525390,0.819563,-2.213328,-0.993371,1.038607,-1.392463,0.730313,0.496471,-1.212642,0.415975,0.529028,-1.408878,-0.971620,1.498613,-1.768046,-1.627947,0.603900,-1.793129,0.516018,0.606470,-1.500993,0.951675,1.112567,-0.724231,-0.629652,1.038012,-0.349497,0.614097,1.112113,-0.962104,-0.487121,1.419233,-0.720487,-0.502109,1.218000,-0.540363,0.270328,1.975790,-1.705669,-0.236702,1.059170,-0.495783,-0.105526,1.777452,-1.386812,-0.628511,-0.207414,-0.271284,-0.921050,-0.498622,-0.410812,-1.235983,-0.565766,-0.443530,-1.759125,-0.655906,-0.448644,0.021020,-0.507458,-0.439673,0.202297,0.154373,-0.283019,-2.268166,0.489108,-0.247064,-2.322627,0.514021,-0.245554,-2.797699,0.363512,-0.286724,-1.973631,0.274479,-0.279271,-1.694609,0.728503,-0.227844,-1.790022,0.870892,-0.200764,1.615545,0.859468,-0.217817,2.385612,0.485440,-0.229103,-1.306877,0.631081,-0.172373,0.280517,0.634549,-0.208759,0.119037,0.672365,-0.276057,1.068428,0.630224,-0.166416,-0.538078,0.679849,-0.167544,-0.208237,0.652310,-0.208468,0.270150,0.746314,-0.276683,1.112737,0.054775,1.128470,0.129973,-0.120532,1.184158,-0.479281,0.265581,0.291647,-1.215518,0.219886,0.024067,-0.026368,-0.253816,-0.069269,0.786064,-0.219984,-0.034379,0.218381,-0.156874,0.589163,0.877614,-0.017127,0.383525,0.974874,0.221014,0.832842,-0.003291,-0.111057,-0.276488,0.903416,0.352963,0.260038,1.331925,0.060707,-0.665388,-0.320379,0.451889,-1.781088,0.319016,-0.335266,-2.435095,-0.279256,0.067160,-2.066006,-0.617944,-0.120468,-2.027455,-0.932027,-0.373542,-2.285700,-1.572045,0.105474,1.210717,-0.819598,0.305912,-0.149423,-0.496153,0.256713,0.389152,-0.939101,-0.136251,-0.504071,-0.794860,-0.089156,-0.382366,-0.095933,0.121431,0.022268,-0.675991,0.009190,-0.913896,-0.624990,-0.075313,-0.268556,0.302423,-0.105965,0.205509,0.231871,-0.057182,-0.881788,-0.639273,-0.208768,0.447049,0.114475,-0.021798,0.210304,-1.207492,-0.006260,0.066549,0.079351,0.221680,0.631235,-0.224215,0.063115,-0.803845,-0.990870,0.404289,-0.330463,-1.448766,0.287941,-0.130003,-1.227042,0.263714,-0.892911,0.412690,0.179031,-1.081939,1.409541,-0.162827,-0.623507,0.875960,-0.153554,-0.311470,-0.764499,-0.076349,-0.233263,0.502409,-0.060261,-0.510065,1.013036,-0.058394,-0.116268,-0.695665,-0.089697,0.494632,-1.212315,0.035602,-1.080330,-1.161536,-0.096441,-0.640717,-1.071216,-0.180881,-0.525438,1.207300,-0.103231,-0.911185,1.171514,-0.287982,-0.332146,0.245476,0.308277,0.227940,-0.802362,0.024544,-1.104969,0.759400,-0.101050,-0.843203,-1.406499,0.270416,0.227401,-0.238368,0.253484,-0.059787,1.476766,0.422049,-0.301683,-0.316067,0.028870,-1.247324,-0.256332,0.338217,-0.593977,-0.553719,0.054406,-1.315300,-1.017944,0.310356,-0.571475,0.880325,0.154036,-0.966637,0.746781,0.333494,-0.823251,0.031363,-0.070644,-0.003088,-0.809759,-0.200881,-0.735825,0.563727,0.194782,-0.211712,0.954286,0.264318,-0.386842,0.861953,0.382138,-1.128362,0.960111,0.270204,0.232449,-0.454587,0.344075,-1.062636,1.444258,0.204645,-0.583943,0.601894,0.262881,-1.466605,0.214778,-0.206280,0.429952,-1.266113,-0.048820,0.179511,0.783375
-0.116318,-0.894851,0.052972,-0.047118,-0.756768,0.669653,-1.035876,-0.421561,0.896522,-0.308373,-0.072739,1.557369,0.123371,-0.582039,0.264789,-2.964891,-0.394689,-0.852379,0.708077,0.990556,0.958396,1.539074,-2.085009,-1.235141,0.068850,-0.631317,-0.082739,0.384110,-0.139228,0.445454,0.409363,0.188955,-0.353520,0.409356,0.188854,0.000390,0.837446,-0.657760,-0.268496,-0.072889,0.193004,0.110453,-0.072889,0.000390,0.000390,-0.033198,0.199587,-0.543063,-0.815193,-0.803363,0.579545,0.447690,0.512224,0.092393,0.041888,-1.122323,-1.059008,-0.072889,0.000390,0.000390,-0.072125,0.000390,0.000390,-0.072889,0.000390,0.000390,0.409356,0.188853,0.000390,0.409356,0.188853,0.000390,0.409363,0.188853,0.000390,0.485601,0.034615,-0.360003,0.688988,-1.528251,1.343170,1.550205,-1.071053,-0.425304,0.724214,-2.141967,0.508293,0.894094,-1.154716,1.529818,1.097419,-1.455183,-1.525390,0.819563,-2.213328,-0.993371,1.038607,-1.392463,0.730313,0.496471,-1.212642,0.415975,0.529028,-1.408878,-0.971620,1.498613,-1.768046,-1.627947,0.603900,-1.793129,0.516018,0.606470,-1.500993,0.951675,1.112567,-0.724231,-0.629652,1.038012,-0.349497,0.614097,1.112113,-0.962104,-0.487121,1.419233,-0.720487,-0.502109,1.218000,-0.540363,0.270328,1.975790,-1.705669,-0.236702,1.059170,-0.495783,-0.105526,1.777452,-1.386812,-0.628511,-0.207414,-0.271284,-0.921050,-0.498622,-0.410812,-1.235983,-0.565766,-0.443530,-1.759125,-0.655906,-0.448644,0.021020,-0.507458,-0.439673,0.202297,0.154373,-0.283019,-2.268166,0.489108,-0.247064,-2.322627,0.514021,-0.245554,-2.797699,0.363512,-0.286724,-1.973631,0.274479,-0.279271,-1.694609,0.728503,-0.227844,-1.790022,0.870892,-0.200764,1.615545,0.859468,-0.217817,2.385612,0.485440,-0.229103,-1.306877,0.631081,-0.172373,0.280517,0.634549,-0.208759,0.119037,0.672365,-0.276057,1.068428,0.630224,-0.166416,-0.538078,0.679849,-0.167544,-0.208237,0.652310,-0.208468,0.270150,0.746314,-0.276683,1.112737,0.054775,1.128470,0.129973,-0.120532,1.184158,-0.479281,0.265581,0.291647,-1.215518,0.219886,0.024067,-0.026368,-0.253816,-0.069269,0.786064,-0.219984,-0.034379,0.218381,-0.156874,0.589163,0.877614,-0.017127,0.383525,0.974874,0.221014,0.832842,-0.003291,-0.111057,-0.276488,0.903416,0.352963,0.260038,1.331925,0.060707,-0.665388,-0.320379,0.451889,-1.781088,0.319016,-0.335266,-2.435095,-0.279256,0.067160,-2.066006,-0.617944,-0.120468,-2.027455,-0.932027,-0.373542,-2.285700,-1.572045,0.105474,1.210717,-0.819598,0.305912,-0.149423,-0.496153,0.256713,0.389152,-0.939101,-0.136251,-0.504071,-0.794860,-0.089156,-0.382366,-0.095933,0.121431,0.022268,-0.675991,0.009190,-0.913896,-0.624990,-0.075313,-0.268556,0.302423,-0.105965,0.205509,0.231871,-0.057182,-0.881788,-0.639273,-0.208768,0.447049,0.114475,-0.021798,0.210304,-1.207492,-0.006260,0.066549,0.079351,0.221680,0.631235,-0.224215,0.063115,-0.803845,-0.990870,0.404289,-0.330463,-1.448766,0.287941,-0.130003,-1.227042,0.263714,-0.892911,0.412690,0.179031,-1.081939,1.409541,-0.162827,-0.623507,0.875960,-0.153554,-0.311470,-0.764499,-0.076349,-0.233263,0.502409,-0.060261,-0.510065,1.013036,-0.058394,-0.116268,-0.695665,-0.089697,0.494632,-1.212315,0.035602,-1.080330,-1.161536,-0.096441,-0.640717,-1.071216,-0.180881,-0.525438,1.207300,-0.103231,-0.911185,1.171514,-0.287982,-0.332146,0.245476,0.308277,0.227940,-0.802362,0.024544,-1.104969,0.759400,-0.101050,-0.843203,-1.406499,0.270416,0.227401,-0.238368,0.253484,-0.059787,1.476766,0.422049,-0.301683,-0.316067,0.028870,-1.247324,-0.256332,0.338217,-0.593977,-0.553719,0.054406,-1.315300,-1.017944,0.310356,-0.571475,0.880325,0.154036,-0.966637,0.746781,0.333494,-0.823251,0.031363,-0.070644,-0.003088,-0.809759,-0.200881,-0.735825,0.563727,0.194782,-0.211712,0.954286,0.264318,-0.386842,0.861953,0.382138,-1.128362,0.960111,0.270204,0.232449,-0.454587,0.344075,-1.062636,1.444258,0.204645,-0.583943,0.601894,0.262881,-1.466605,0.214778,-0.206280,0.429952,-1.266113,-0.048820,0.179511,0.783375
-0.116318,-0.894851,0.052972,-0.047118,-0.756768,0.669653,-1.035876,-0.421561,0.896522,-0.308373,-0.072739,1.557369,0.123371,-0.582039,0.264789,-2.964891,-0.394689,-0.852379,0.708077,0.990556,0.958396,1.539074,-2.085009,-1.235141,0.068850,-0.631317,-0.082739,0.384110,-0.139228,0.445454,0.409363,0.188955,-0.353520,0.409356,0.188854,0.000390,0.837446,-0.657760,-0.268496,-0.072889,0.193004,0.110453,-0.072889,0.000390,0.000390,-0.033198,0.199587,-0.543063,-0.815193,-0.803363,0.579545,0.447690,0.512224,0.092393,0.041888,-1.122323,-1.059008,-0.072889,0.000390,0.000390,-0.072125,0.000390,0.000390,-0.072889,0.000390,0.000390,0.409356,0.188853,0.000390,0.409356,0.188853,0.000390,0.409363,0.188853,0.000390,0.485601,0.034615,-0.360003,0.688988,-1.528251,1.343170,1.550205,-1.071053,-0.425304,0.724214,-2.141967,0.508293,0.894094,-1.154716,1.529818,1.097419,-1.455183,-1.525390,0.819563,-2.213328,-0.993371,1.038607,-1.392463,0.730313,0.496471,-1.212642,0.415975,0.529028,-1.408878,-0.971620,1.498613,-1.768046,-1.627947,0.603900,-1.793129,0.516018,0.606470,-1.500993,0.951675,1.112567,-0.724231,-0.629652,1.038012,-0.349497,0.614097,1.112113,-0.962104,-0.487121,1.419233,-0.720487,-0.502109,1.218000,-0.540363,0.270328,1.975790,-1.705669,-0.236702,1.059170,-0.495783,-0.105526,1.777452,-1.386812,-0.628511,-0.207414,-0.271284,-0.921050,-0.498622,-0.410812,-1.235983,-0.565766,-0.443530,-1.759125,-0.655906,-0.448644,0.021020,-0.507458,-0.439673,0.202297,0.154373,-0.283019,-2.268166,0.489108,-0.247064,-2.322627,0.514021,-0.245554,-2.797699,0.363512,-0.286724,-1.973631,0.274479,-0.279271,-1.694609,0.728503,-0.227844,-1.790022,0.870892,-0.200764,1.615545,0.859468,-0.217817,2.385612,0.485440,-0.229103,-1.306877,0.631081,-0.172373,0.280517,0.634549,-0.208759,0.119037,0.672365,-0.276057,1.068428,0.630224,-0.166416,-0.538078,0.679849,-0.167544,-0.208237,0.652310,-0.208468,0.270150,0.746314,-0.276683,1.112737,0.054775,1.128470,0.129973,-0.120532,1.184158,-0.479281,0.265581,0.291647,-1.215518,0.219886,0.024067,-0.026368,-0.253816,-0.069269,0.786064,-0.219984,-0.034379,0.218381,-0.156874,0.589163,0.877614,-0.017127,0.383525,0.974874,0.221014,0.832842,-0.003291,-0.111057,-0.276488,0.903416,0.352963,0.260038,1.331925,0.060707,-0.665388,-0.320379,0.451889,-1.781088,0.319016,-0.335266,-2.435095,-0.279256,0.067160,-2.066006,-0.617944,-0.120468,-2.027455,-0.932027,-0.373542,-2.285700,-1.572045,0.105474,1.210717,-0.819598,0.305912,-0.149423,-0.496153,0.256713,0.389152,-0.939101,-0.136251,-0.504071,-0.794860,-0.089156,-0.382366,-0.095933,0.121431,0.022268,-0.675991,0.009190,-0.913896,-0.624990,-0.075313,-0.268556,0.302423,-0.105965,0.205509,0.231871,-0.057182,-0.881788,-0.639273,-0.208768,0.447049,0.114475,-0.021798,0.210304,-1.207492,-0.006260,0.066549,0.079351,0.221680,0.631235,-0.224215,0.063115,-0.803845,-0.990870,0.404289,-0.330463,-1.448766,0.287941,-0.130003,-1.227042,0.263714,-0.892911,0.412690,0.179031,-1.081939,1.409541,-0.162827,-0.623507,0.875960,-0.153554,-0.311470,-0.764499,-0.076349,-0.233263,0.502409,-0.060261,-0.510065,1.013036,-0.058394,-0.116268,-0.695665,-0.089697,0.494632,-1.212315,0.035602,-1.080330,-1.161536,-0.096441,-0.640717,-1.071216,-0.180881,-0.525438,1.207300,-0.103231,-0.911185,1.171514,-0.287982,-0.332146,0.245476,0.308277,0.227940,-0.802362,0.024544,-1.104969,0.759400,-0.101050,-0.843203,-1.406499,0.270416,0.227401,-0.238368,0.253484,-0.059787,1.476766,0.422049,-0.301683,-0.316067,0.028870,-1.247324,-0.256332,0.338217,-0.593977,-0.553719,0.054406,-1.315300,-1.017944,0.310356,-0.571475,0.880325,0.154036,-0.966637,0.746781,0.333494,-0.823251,0.031363,-0.070644,-0.003088,-0.809759,-0.200881,-0.735825,0.563727,0.194782,-0.211712,0.954286,0.264318,-0.386842,0.861953,0.382138,-1.128362,0.960111,0.270204,0.232449,-0.454587,0.344075,-1.062636,1.444258,0.204645,-0.583943,0.601894,0.262881,-1.466605,0.214778,-0.206280,0.429952,-1.266113,-0.048820,0.179511,0.783375
0.816710,-0.877549,0.436626,-2.682374,0.247821,-2.187314,-1.066803,-0.401002,0.953553,-0.318914,-0.056019,0.607612,-0.183962,-0.249531,0.738949,-2.927332,0.923232,-0.494436,0.685463,0.976592,1.678182,-0.030472,-0.611370,-0.713898,0.189448,-0.640284,-0.583276,0.378666,-1.038810,0.002634,0.393440,0.188955,-0.211448,0.393432,0.188854,0.000390,0.891972,-0.665607,-1.107316,-1.160623,0.193004,-0.333284,-1.160623,0.000390,0.000390,0.727029,0.243919,-0.924042,-0.769840,-0.240386,0.664934,-0.381241,0.559045,1.418414,0.049132,-1.125565,-0.256510,-1.160623,0.000390,0.000390,-1.159858,0.000390,0.000390,-1.160623,0.000390,0.000390,0.393432,0.188853,0.000390,0.393432,0.188853,0.000390,0.393440,0.188853,0.000390,0.471238,-1.178460,1.289790,0.978593,0.348850,-0.409470,0.046279,-0.527718,-0.389479,0.655198,-0.262571,-2.269576,1.122315,-0.875384,-0.685843,0.405507,-0.333178,-0.384585,0.261289,-1.024655,-1.932031,1.019017,-1.834012,-1.750965,0.963078,-1.595355,-1.634997,0.894818,-0.836189,-0.798688,0.489434,-0.758258,0.725034,0.867697,-0.695538,-1.213096,0.828087,-0.419635,-0.973712,0.775488,-0.616925,-0.495325,0.322076,-1.117506,0.571112,0.759676,-0.715671,0.084733,0.705449,-0.762961,0.477049,1.287965,-0.475514,0.433198,0.441259,-0.162425,0.732107,0.691094,-0.599752,0.208016,0.163981,0.435372,-0.459756,-0.558250,-0.079870,-0.452206,-0.725992,-0.279853,-0.165427,-0.717064,-0.375538,-0.440681,-0.602244,-0.450292,1.128509,-0.694432,-0.437926,0.507335,0.293276,-0.155865,-1.881446,0.242007,-0.141829,-0.494103,0.257297,-0.150588,-1.984937,0.093052,-0.193768,-2.779348,0.411622,-0.064760,-0.910787,0.636280,-0.044538,-1.744011,0.644111,-0.056905,-1.389532,0.633114,-0.034858,-0.039977,0.282192,-0.025553,-1.346319,0.369415,-0.050524,-0.989618,0.372087,-0.063650,-0.942256,0.300646,-0.122663,-0.441064,0.334639,-0.001158,-0.287696,0.441145,-0.037383,-0.345845,0.451950,-0.092539,-0.216431,0.510013,-0.159959,0.421076,0.462324,-0.661738,-0.161783,0.713124,-0.463070,-0.528511,0.247313,0.024576,-0.760494,0.604834,-0.304885,0.041714,0.151588,0.350530,0.564240,0.185210,0.375612,0.357997,0.389959,0.826805,0.720252,0.564580,0.168165,1.027371,0.434378,0.546431,0.430818,0.112941,0.067583,1.131474,0.553631,-0.251871,1.615474,0.244081,-0.145580,-0.184343,1.080161,-1.100239,0.776573,0.240738,-0.514849,-0.396749,0.739722,-1.004809,-0.382028,1.136104,-0.865016,-0.669042,1.273225,-1.014982,-1.169683,0.485442,-0.174514,0.019951,0.264423,0.874752,0.210445,0.196876,0.390001,-0.387196,0.140514,0.412218,0.250896,0.158093,0.483228,0.650236,0.894050,-0.865602,2.640309,1.103500,0.150299,2.312905,0.445401,0.694380,2.130601,0.442883,0.214995,0.479955,0.897720,0.095063,-0.950966,0.393621,0.359820,-1.153930,0.559494,0.104181,-1.807661,0.526644,-0.076238,-0.686454,0.756780,1.327815,-0.248602,0.635734,-0.026919,0.996629,0.630014,0.415923,-0.049325,0.494871,0.688715,-0.030961,0.470419,-0.200051,1.545684,0.379293,-0.349140,1.503971,0.492067,0.182322,0.275984,0.402437,0.105501,-0.331637,0.244719,-0.282057,0.745370,0.235656,0.386864,0.075652,0.254713,-0.259124,0.109291,0.475065,0.353710,-0.568564,0.262985,-0.208610,-1.274562,0.829629,-0.171944,-1.201493,0.388995,-0.077219,0.741350,0.082791,-0.063759,0.266647,0.305131,-0.432534,0.371263,0.880228,0.115570,0.318716,0.608235,-0.369923,0.901769,0.558523,-0.096769,-1.795525,0.789438,-0.130386,0.887128,0.457592,-0.481754,0.882710,0.630030,-0.686366,0.602924,0.248761,-0.575359,-0.722924,1.201800,0.200636,-0.155862,0.281247,-0.624644,-1.549587,0.509496,0.169995,0.859837,0.664400,-0.288585,0.659719,0.543306,-0.125683,-0.001669,0.566456,-0.395360,-1.768575,0.441550,0.084953,-0.275100,0.704040,-0.523269,1.777782,0.467432,-0.708912,1.012829,0.589308,-0.489542,0.947154,0.452395,-0.246058,0.455997,0.547838,-0.384867,1.554212,0.704187,0.038654,0.881904,0.761131,-0.681017,1.079183,0.466442,-0.226877,-1.818223,0.163646,0.118721,-0.847939
0.816710,-0.877549,0.436626,-2.682374,0.247821,-2.187314,-1.066803,-0.401002,0.953553,-0.318914,-0.056019,0.607612,-0.183962,-0.249531,0.738949,-2.927332,0.923232,-0.494436,0.685463,0.976592,1.678182,-0.030472,-0.611370,-0.713898,0.189448,-0.640284,-0.583276,0.378666,-1.038810,0.002634,0.393440,0.188955,-0.211448,0.393432,0.188854,0.000390,0.891972,-0.665607,-1.107316,-1.160623,0.193004,-0.333284,-1.160623,0.000390,0.000390,0.727029,0.243919,-0.924042,-0.769840,-0.240386,0.664934,-0.381241,0.559045,1.418414,0.049132,-1.125565,-0.256510,-1.160623,0.000390,0.000390,-1.159858,0.000390,0.000390,-1.160623,0.000390,0.000390,0.393432,0.188853,0.000390,0.393432,0.188853,0.000390,0.393440,0.188853,0.000390,0.471238,-1.178460,1.289790,0.978593,0.348850,-0.409470,0.046279,-0.527718,-0.389479,0.655198,-0.262571,-2.269576,1.122315,-0.875384,-0.685843,0.405507,-0.333178,-0.384585,0.261289,-1.024655,-1.932031,1.019017,-1.834012,-1.750965,0.963078,-1.595355,-1.634997,0.894818,-0.836189,-0.798688,0.489434,-0.758258,0.725034,0.867697,-0.695538,-1.213096,0.828087,-0.419635,-0.973712,0.775488,-0.616925,-0.495325,0.322076,-1.117506,0.571112,0.759676,-0.715671,0.084733,0.705449,-0.762961,0.477049,1.287965,-0.475514,0.433198,0.441259,-0.162425,0.732107,0.691094,-0.599752,0.208016,0.163981,0.435372,-0.459756,-0.558250,-0.079870,-0.452206,-0.725992,-0.279853,-0.165427,-0.717064,-0.375538,-0.440681,-0.602244,-0.450292,1.128509,-0.694432,-0.437926,0.507335,0.293276,-0.155865,-1.881446,0.242007,-0.141829,-0.494103,0.257297,-0.150588,-1.984937,0.093052,-0.193768,-2.779348,0.411622,-0.064760,-0.910787,0.636280,-0.044538,-1.744011,0.644111,-0.056905,-1.389532,0.633114,-0.034858,-0.039977,0.282192,-0.025553,-1.346319,0.369415,-0.050524,-0.989618,0.372087,-0.063650,-0.942256,0.300646,-0.122663,-0.441064,0.334639,-0.001158,-0.287696,0.441145,-0.037383,-0.345845,0.451950,-0.092539,-0.216431,0.510013,-0.159959,0.421076,0.462324,-0.661738,-0.161783,0.713124,-0.463070,-0.528511,0.247313,0.024576,-0.760494,0.604834,-0.304885,0.041714,0.151588,0.350530,0.564240,0.185210,0.375612,0.357997,0.389959,0.826805,0.720252,0.564580,0.168165,1.027371,0.434378,0.546431,0.430818,0.112941,0.067583,1.131474,0.553631,-0.251871,1.615474,0.244081,-0.145580,-0.184343,1.080161,-1.100239,0.776573,0.240738,-0.514849,-0.396749,0.739722,-1.004809,-0.382028,1.136104,-0.865016,-0.669042,1.273225,-1.014982,-1.169683,0.485442,-0.174514,0.019951,0.264423,0.874752,0.210445,0.196876,0.390001,-0.387196,0.140514,0.412218,0.250896,0.158093,0.483228,0.650236,0.894050,-0.865602,2.640309,1.103500,0.150299,2.312905,0.445401,0.694380,2.130601,0.442883,0.214995,0.479955,0.897720,0.095063,-0.950966,0.393621,0.359820,-1.153930,0.559494,0.104181,-1.807661,0.526644,-0.076238,-0.686454,0.756780,1.327815,-0.248602,0.635734,-0.026919,0.996629,0.630014,0.415923,-0.049325,0.494871,0.688715,-0.030961,0.470419,-0.200051,1.545684,0.379293,-0.349140,1.503971,0.492067,0.182322,0.275984,0.402437,0.105501,-0.331637,0.244719,-0.282057,0.745370,0.235656,0.386864,0.075652,0.254713,-0.259124,0.109291,0.475065,0.353710,-0.568564,0.262985,-0.208610,-1.274562,0.829629,-0.171944,-1.201493,0.388995,-0.077219,0.741350,0.082791,-0.063759,0.266647,0.305131,-0.432534,0.371263,0.880228,0.115570,0.318716,0.608235,-0.369923,0.901769,0.558523,-0.096769,-1.795525,0.789438,-0.130386,0.887128,0.457592,-0.481754,0.882710,0.630030,-0.686366,0.602924,0.248761,-0.575359,-0.722924,1.201800,0.200636,-0.155862,0.281247,-0.624644,-1.549587,0.509496,0.169995,0.859837,0.664400,-0.288585,0.659719,0.543306,-0.125683,-0.001669,0.566456,-0.395360,-1.768575,0.441550,0.084953,-0.275100,0.704040,-0.523269,1.777782,0.467432,-0.708912,1.012829,0.589308,-0.489542,0.947154,0.452395,-0.246058,0.455997,0.547838,-0.384867,1.554212,0.704187,0.038654,0.881904,0.761131,-0.681017,1.079183,0.466442,-0.226877,-1.818223,0.163646,0.118721,-0.847939
0.816710,-0.877549,0.436626,-2.682374,0.247821,-2.187314,-1.066803,-0.401002,0.953553,-0.318914,-0.056019,0.607612,-0.183962,-0.249531,0.738949,-2.927332,0.923232,-0.494436,0.685463,0.976592,1.678182,-0.030472,-0.611370,-0.713898,0.189448,-0.640284,-0.583276,0.378666,-1.038810,0.002634,0.393440,0.188955,-0.211448,0.393432,0.188854,0.000390,0.891972,-0.665607,-1.107316,-1.160623,0.193004,-0.333284,-1.160623,0.000390,0.000390,0.727029,0.243919,-0.924042,-0.769840,-0.240386,0.664934,-0.381241,0.559045,1.418414,0.049132,-1.125565,-0.256510,-1.160623,0.000390,0.000390,-1.159858,0.000390,0.000390,-1.160623,0.000390,0.000390,0.393432,0.188853,0.000390,0.393432,0.188853,0.000390,0.393440,0.188853,0.000390,0.471238,-1.178460,1.289790,0.978593,0.348850,-0.409470,0.046279,-0.527718,-0.389479,0.655198,-0.262571,-2.269576,1.122315,-0.875384,-0.685843,0.405507,-0.333178,-0.384585,0.261289,-1.024655,-1.932031,1.019017,-1.834012,-1.750965,0.963078,-1.595355,-1.634997,0.894818,-0.836189,-0.798688,0.489434,-0.758258,0.725034,0.867697,-0.695538,-1.213096,0.828087,-0.419635,-0.973712,0.775488,-0.616925,-0.495325,0.322076,-1.117506,0.571112,0.759676,-0.715671,0.084733,0.705449,-0.762961,0.477049,1.287965,-0.475514,0.433198,0.441259,-0.162425,0.732107,0.691094,-0.599752,0.208016,0.163981,0.435372,-0.459756,-0.558250,-0.079870,-0.452206,-0.725992,-0.279853,-0.165427,-0.717064,-0.375538,-0.440681,-0.602244,-0.450292,1.128509,-0.694432,-0.437926,0.507335,0.293276,-0.155865,-1.881446,0.242007,-0.141829,-0.494103,0.257297,-0.150588,-1.984937,0.093052,-0.193768,-2.779348,0.411622,-0.064760,-0.910787,0.636280,-0.044538,-1.744011,0.644111,-0.056905,-1.389532,0.633114,-0.034858,-0.039977,0.282192,-0.025553,-1.346319,0.369415,-0.050524,-0.989618,0.372087,-0.063650,-0.942256,0.300646,-0.122663,-0.441064,0.334639,-0.001158,-0.287696,0.441145,-0.037383,-0.345845,0.451950,-0.092539,-0.216431,0.510013,-0.159959,0.421076,0.462324,-0.661738,-0.161783,0.713124,-0.463070,-0.528511,0.247313,0.024576,-0.760494,0.604834,-0.304885,0.041714,0.151588,0.350530,0.564240,0.185210,0.375612,0.357997,0.389959,0.826805,0.720252,0.564580,0.168165,1.027371,0.434378,0.546431,0.430818,0.112941,0.067583,1.131474,0.553631,-0.251871,1.615474,0.244081,-0.145580,-0.184343,1.080161,-1.100239,0.776573,0.240738,-0.514849,-0.396749,0.739722,-1.004809,-0.382028,1.136104,-0.865016,-0.669042,1.273225,-1.014982,-1.169683,0.485442,-0.174514,0.019951,0.264423,0.874752,0.210445,0.196876,0.390001,-0.387196,0.140514,0.412218,0.250896,0.158093,0.483228,0.650236,0.894050,-0.865602,2.640309,1.103500,0.150299,2.312905,0.445401,0.694380,2.130601,0.442883,0.214995,0.479955,0.897720,0.095063,-0.950966,0.393621,0.359820,-1.153930,0.559494,0.104181,-1.807661,0.526644,-0.076238,-0.686454,0.756780,1.327815,-0.248602,0.635734,-0.026919,0.996629,0.630014,0.415923,-0.049325,0.494871,0.688715,-0.030961,0.470419,-0.200051,1.545684,0.379293,-0.349140,1.503971,0.492067,0.182322,0.275984,0.402437,0.105501,-0.331637,0.244719,-0.282057,0.745370,0.235656,0.386864,0.075652,0.254713,-0.259124,0.109291,0.475065,0.353710,-0.568564,0.262985,-0.208610,-1.274562,0.829629,-0.171944,-1.201493,0.388995,-0.077219,0.741350,0.082791,-0.063759,0.266647,0.305131,-0.432534,0.371263,0.880228,0.115570,0.318716,0.608235,-0.369923,0.901769,0.558523,-0.096769,-1.795525,0.789438,-0.130386,0.887128,0.457592,-0.481754,0.882710,0.630030,-0.686366,0.602924,0.248761,-0.575359,-0.722924,1.201800,0.200636,-0.155862,0.281247,-0.624644,-1.549587,0.509496,0.169995,0.859837,0.664400,-0.288585,0.659719,0.543306,-0.125683,-0.001669,0.566456,-0.395360,-1.768575,0.441550,0.084953,-0.275100,0.704040,-0.523269,1.777782,0.467432,-0.708912,1.012829,0.589308,-0.489542,0.947154,0.452395,-0.246058,0.455997,0.547838,-0.384867,1.554212,0.704187,0.038654,0.881904,0.761131,-0.681017,1.079183,0.466442,-0.226877,-1.818223,0.163646,0.118721,-0.847939
0.816710,-0.877549,0.436626,-2.682374,0.247821,-2.187314,-1.066803,-0.401002,0.953553,-0.318914,-0.056019,0.607612,-0.183962,-0.249531,0.738949,-2.927332,0.923232,-0.494436,0.685463,0.976592,1.678182,-0.030472,-0.611370,-0.713898,0.189448,-0.640284,-0.583276,0.378666,-1.038810,0.002634,0.393440,0.188955,-0.211448,0.393432,0.188854,0.000390,0.891972,-0.665607,-1.107316,-1.160623,0.193004,-0.333284,-1.160623,0.000390,0.000390,0.727029,0.243919,-0.924042,-0.769840,-0.240386,0.664934,-0.381241,0.559045,1.418414,0.049132,-1.125565,-0.256510,-1.160623,0.000390,0.000390,-1.159858,0.000390,0.000390,-1.160623,0.000390,0.000390,0.393432,0.188853,0.000390,0.393432,0.188853,0.000390,0.393440,0.188853,0.000390,0.471238,-1.178460,1.289790,0.978593,0.348850,-0.409470,0.046279,-0.527718,-0.389479,0.655198,-0.262571,-2.269576,1.122315,-0.875384,-0.685843,0.405507,-0.333178,-0.384585,0.261289,-1.024655,-1.932031,1.019017,-1.834012,-1.750965,0.963078,-1.595355,-1.634997,0.894818,-0.836189,-0.798688,0.489434,-0.758258,0.725034,0.867697,-0.695538,-1.213096,0.828087,-0.419635,-0.973712,0.775488,-0.616925,-0.495325,0.322076,-1.117506,0.571112,0.759676,-0.715671,0.084733,0.705449,-0.762961,0.477049,1.287965,-0.475514,0.433198,0.441259,-0.162425,0.732107,0.691094,-0.599752,0.208016,0.163981,0.435372,-0.459756,-0.558250,-0.079870,-0.452206,-0.725992,-0.279853,-0.165427,-0.717064,-0.375538,-0.440681,-0.602244,-0.450292,1.128509,-0.694432,-0.437926,0.507335,0.293276,-0.155865,-1.881446,0.242007,-0.141829,-0.494103,0.257297,-0.150588,-1.984937,0.093052,-0.193768,-2.779348,0.411622,-0.064760,-0.910787,0.636280,-0.044538,-1.744011,0.644111,-0.056905,-1.389532,0.633114,-0.034858,-0.039977,0.282192,-0.025553,-1.346319,0.369415,-0.050524,-0.989618,0.372087,-0.063650,-0.942256,0.300646,-0.122663,-0.441064,0.334639,-0.001158,-0.287696,0.441145,-0.037383,-0.345845,0.451950,-0.092539,-0.216431,0.510013,-0.159959,0.421076,0.462324,-0.661738,-0.161783,0.713124,-0.463070,-0.528511,0.247313,0.024576,-0.760494,0.604834,-0.304885,0.041714,0.151588,0.350530,0.564240,0.185210,0.375612,0.357997,0.389959,0.826805,0.720252,0.564580,0.168165,1.027371,0.434378,0.546431,0.430818,0.112941,0.067583,1.131474,0.553631,-0.251871,1.615474,0.244081,-0.145580,-0.184343,1.080161,-1.100239,0.776573,0.240738,-0.514849,-0.396749,0.739722,-1.004809,-0.382028,1.136104,-0.865016,-0.669042,1.273225,-1.014982,-1.169683,0.485442,-0.174514,0.019951,0.264423,0.874752,0.210445,0.196876,0.390001,-0.387196,0.140514,0.412218,0.250896,0.158093,0.483228,0.650236,0.894050,-0.865602,2.640309,1.103500,0.150299,2.312905,0.445401,0.694380,2.130601,0.442883,0.214995,0.479955,0.897720,0.095063,-0.950966,0.393621,0.359820,-1.153930,0.559494,0.104181,-1.807661,0.526644,-0.076238,-0.686454,0.756780,1.327815,-0.248602,0.635734,-0.026919,0.996629,0.630014,0.415923,-0.049325,0.494871,0.688715,-0.030961,0.470419,-0.200051,1.545684,0.379293,-0.349140,1.503971,0.492067,0.182322,0.275984,0.402437,0.105501,-0.331637,0.244719,-0.282057,0.745370,0.235656,0.386864,0.075652,0.254713,-0.259124,0.109291,0.475065,0.353710,-0.568564,0.262985,-0.208610,-1.274562,0.829629,-0.171944,-1.201493,0.388995,-0.077219,0.741350,0.082791,-0.063759,0.266647,0.305131,-0.432534,0.371263,0.880228,0.115570,0.318716,0.608235,-0.369923,0.901769,0.558523,-0.096769,-1.795525,0.789438,-0.130386,0.887128,0.457592,-0.481754,0.882710,0.630030,-0.686366,0.602924,0.248761,-0.575359,-0.722924,1.201800,0.200636,-0.155862,0.281247,-0.624644,-1.549587,0.509496,0.169995,0.859837,0.664400,-0.288585,0.659719,0.543306,-0.125683,-0.001669,0.566456,-0.395360,-1.768575,0.441550,0.084953,-0.275100,0.704040,-0.523269,1.777782,0.467432,-0.708912,1.012829,0.589308,-0.489542,0.947154,0.452395,-0.246058,0.455997,0.547838,-0.384867,1.554212,0.704187,0.038654,0.881904,0.761131,-0.681017,1.079183,0.466442,-0.226877,-1.818223,0.163646,0.118721,-0.847939
0.816710,-0.877549,0.436626,-2.682374,0.247821,-2.187314,-1.066803,-0.401002,0.953553,-0.318914,-0.056019,0.607612,-0.183962,-0.249531,0.738949,-2.927332,0.923232,-0.494436,0.685463,0.976592,1.678182,-0.030472,-0.611370,-0.713898,0.189448,-0.640284,-0.583276,0.378666,-1.038810,0.002634,0.393440,0.188955,-0.211448,0.393432,0.188854,0.000390,0.891972,-0.665607,-1.107316,-1.160623,0.193004,-0.333284,-1.160623,0.000390,0.000390,0.727029,0.243919,-0.924042,-0.769840,-0.240386,0.664934,-0.381241,0.559045,1.418414,0.049132,-1.125565,-0.256510,-1.160623,0.000390,0.000390,-1.159858,0.000390,0.000390,-1.160623,0.000390,0.000390,0.393432,0.188853,0.000390,0.393432,0.188853,0.000390,0.393440,0.188853,0.000390,0.471238,-1.178460,1.289790,0.978593,0.348850,-0.409470,0.046279,-0.527718,-0.389479,0.655198,-0.262571,-2.269576,1.122315,-0.875384,-0.685843,0.405507,-0.333178,-0.384585,0.261289,-1.024655,-1.932031,1.019017,-1.834012,-1.750965,0.963078,-1.595355,-1.634997,0.894818,-0.836189,-0.798688,0.489434,-0.758258,0.725034,0.867697,-0.695538,-1.213096,0.828087,-0.419635,-0.973712,0.775488,-0.616925,-0.495325,0.322076,-1.117506,0.571112,0.759676,-0.715671,0.084733,0.705449,-0.762961,0.477049,1.287965,-0.475514,0.433198,0.441259,-0.162425,0.732107,0.691094,-0.599752,0.208016,0.163981,0.435372,-0.459756,-0.558250,-0.079870,-0.452206,-0.725992,-0.279853,-0.165427,-0.717064,-0.375538,-0.440681,-0.602244,-0.450292,1.128509,-0.694432,-0.437926,0.507335,0.293276,-0.155865,-1.881446,0.242007,-0.141829,-0.494103,0.257297,-0.150588,-1.984937,0.093052,-0.193768,-2.779348,0.411622,-0.064760,-0.910787,0.636280,-0.044538,-1.744011,0.644111,-0.056905,-1.389532,0.633114,-0.034858,-0.039977,0.282192,-0.025553,-1.346319,0.369415,-0.050524,-0.989618,0.372087,-0.063650,-0.942256,0.300646,-0.122663,-0.441064,0.334639,-0.001158,-0.287696,0.441145,-0.037383,-0.345845,0.451950,-0.092539,-0.216431,0.510013,-0.159959,0.421076,0.462324,-0.661738,-0.161783,0.713124,-0.463070,-0.528511,0.247313,0.024576,-0.760494,0.604834,-0.304885,0.041714,0.151588,0.350530,0.564240,0.185210,0.375612,0.357997,0.389959,0.826805,0.720252,0.564580,0.168165,1.027371,0.434378,0.546431,0.430818,0.112941,0.067583,1.131474,0.553631,-0.251871,1.615474,0.244081,-0.145580,-0.184343,1.080161,-1.100239,0.776573,0.240738,-0.514849,-0.396749,0.739722,-1.004809,-0.382028,1.136104,-0.865016,-0.669042,1.273225,-1.014982,-1.169683,0.485442,-0.174514,0.019951,0.264423,0.874752,0.210445,0.196876,0.390001,-0.387196,0.140514,0.412218,0.250896,0.158093,0.483228,0.650236,0.894050,-0.865602,2.640309,1.103500,0.150299,2.312905,0.445401,0.694380,2.130601,0.442883,0.214995,0.479955,0.897720,0.095063,-0.950966,0.393621,0.359820,-1.153930,0.559494,0.104181,-1.807661,0.526644,-0.076238,-0.686454,0.756780,1.327815,-0.248602,0.635734,-0.026919,0.996629,0.630014,0.415923,-0.049325,0.494871,0.688715,-0.030961,0.470419,-0.200051,1.545684,0.379293,-0.349140,1.503971,0.492067,0.182322,0.275984,0.402437,0.105501,-0.331637,0.244719,-0.282057,0.745370,0.235656,0.386864,0.075652,0.254713,-0.259124,0.109291,0.475065,0.353710,-0.568564,0.262985,-0.208610,-1.274562,0.829629,-0.171944,-1.201493,0.388995,-0.077219,0.741350,0.082791,-0.063759,0.266647,0.305131,-0.432534,0.371263,0.880228,0.115570,0.318716,0.608235,-0.369923,0.901769,0.558523,-0.096769,-1.795525,0.789438,-0.130386,0.887128,0.457592,-0.481754,0.882710,0.630030,-0.686366,0.602924,0.248761,-0.575359,-0.722924,1.201800,0.200636,-0.155862,0.281247,-0.624644,-1.549587,0.509496,0.169995,0.859837,0.664400,-0.288585,0.659719,0.543306,-0.125683,-0.001669,0.566456,-0.395360,-1.768575,0.441550,0.084953,-0.275100,0.704040,-0.523269,1.777782,0.467432,-0.708912,1.012829,0.589308,-0.489542,0.947154,0.452395,-0.246058,0.455997,0.547838,-0.384867,1.554212,0.704187,0.038654,0.881904,0.761131,-0.681017,1.079183,0.466442,-0.226877,-1.818223,0.163646,0.118721,-0.847939
0.830389,-0.877147,0.894287,-0.035676,0.247635,-1.309698,-1.064551,-0.398409,0.674473,-0.324579,-0.047007,0.606362,-0.487466,-0.058354,-0.227090,0.370177,0.900509,-0.533948,0.721631,0.997538,0.823792,-0.048211,0.882476,0.062072,-0.035283,-1.413657,-0.838545,0.338154,-1.056329,-0.939256,0.436925,0.188787,0.739658,0.436918,0.188854,0.000390,0.849486,-1.676840,-1.102271,-0.447680,0.193004,0.131789,-0.447680,0.000390,0.000390,0.743099,0.231554,-0.490055,-0.747164,1.145747,-0.177360,-1.069146,0.583165,0.548440,0.925175,0.740352,-0.975498,-0.447680,0.000390,0.000390,-0.446916,0.000390,0.000390,-0.447680,0.000390,0.000390,0.436918,0.188853,0.000390,0.436918,0.188853,0.000390,0.436925,0.188853,0.000390,0.405025,0.258172,0.744283,0.838576,-0.020573,0.417516,0.187257,1.546043,-0.280263,0.492420,-0.526865,-0.936429,0.960629,0.109638,-1.280519,0.411056,-0.614594,-0.116230,0.546243,-0.504222,0.678511,0.334227,0.188409,-0.656407,0.864694,0.436222,-0.192424,0.969219,-0.196099,0.460425,0.532813,0.081380,0.747006,0.824862,-0.100274,0.539459,0.720941,0.231907,-0.057193,0.874824,-0.476142,-0.418122,0.768408,-0.812172,-1.009320,0.367896,0.073940,-0.579526,0.244653,0.019186,0.795509,0.938099,-0.407614,1.131208,1.294161,-0.587533,0.001435,0.657063,0.235957,0.067711,0.866240,0.201947,1.449914,-0.611102,0.046564,-0.174885,-0.816248,-0.163649,-0.234368,-0.875889,-0.296736,-0.125033,-0.706311,-0.386651,0.933687,-0.825414,-0.400996,0.802756,-0.133703,-0.048252,-0.513978,0.370958,-0.074966,0.036050,0.420288,-0.102463,-0.308733,0.295896,-0.151565,0.581545,0.198198,0.020225,-0.399797,0.700173,0.024546,-0.744466,0.797585,-0.008759,-1.224164,0.762179,-0.061267,0.963552,0.324104,0.033715,-0.131714,0.503928,0.025968,-0.325362,0.472110,-0.035909,-0.482487,0.467299,-0.112205,-0.185388,0.457809,0.038535,-0.144795,0.576991,0.004269,0.028635,0.555724,-0.051655,0.091086,0.608802,-0.130763,0.680314,0.796712,-0.291549,-0.146864,0.622333,-0.021529,-0.086957,0.556637,-0.219429,0.358706,0.534955,0.523347,0.145502,0.537702,1.098586,0.484269,0.159336,0.485806,0.822241,0.714528,0.939631,0.323268,0.971158,0.681447,0.729784,0.870105,0.705051,0.771938,0.685602,0.282289,1.435544,0.812420,-1.044032,0.457971,0.546339,-1.002491,-0.176071,0.585350,0.008052,-0.048390,0.602233,-0.705569,1.046309,0.698154,-0.023773,0.153782,0.572153,-0.097977,0.276009,0.266960,-0.459656,-0.111704,0.858786,1.476660,-0.321028,0.589035,1.068191,0.169324,0.575449,0.539386,-0.232474,0.541482,0.541870,0.026026,0.573096,0.640632,1.127671,1.020488,0.149119,0.241008,0.960530,0.238804,-0.162079,0.993902,0.768350,0.771615,0.713137,0.308765,0.202531,0.825179,0.279564,0.034883,0.874243,0.692980,-0.540685,0.680762,0.455735,-0.507132,0.639780,0.352842,-0.079936,0.554790,0.952504,-0.501710,0.392202,0.691321,0.372545,0.733090,0.103811,-0.515963,0.610216,0.350994,-0.597958,0.606046,0.440473,0.293837,0.852058,0.319976,0.237693,0.492067,0.526739,0.220920,0.725101,0.259740,-0.060297,0.705456,-0.100423,0.867201,0.696989,0.770217,-0.113594,0.704028,0.219373,0.030091,0.494408,0.820547,-0.872697,0.813271,0.113843,-0.350929,0.672460,-0.028407,-0.559401,0.624069,0.060024,1.216877,0.679905,0.242722,0.909669,0.549789,0.962577,-0.058547,0.725732,0.512846,-1.261449,0.666124,0.722802,0.326068,0.651608,-0.274301,0.044604,0.583902,-0.365011,0.116676,0.571365,0.600298,-0.436982,0.766494,0.306488,0.183034,0.776635,0.261887,0.671787,0.723308,1.368153,-1.098850,0.825805,-0.683797,-0.248200,0.642595,0.136129,-0.498910,0.780959,-0.319554,-0.383615,0.641189,-0.157544,-0.785760,0.656370,-0.435312,-0.415032,0.514951,-0.015952,0.261219,0.803792,0.262564,0.125502,0.580650,0.103439,-0.114703,0.725240,0.375925,-0.418455,0.613975,-0.365663,-0.601397,0.681534,0.544600,-0.384359,0.818275,-0.066780,0.511091,0.563821,0.396307,0.469586,0.874719,-0.018191,-0.926995,0.753430,0.350904,0.215822
0.830389,-0.877147,0.894287,-0.035676,0.247635,-1.309698,-1.064551,-0.398409,0.674473,-0.324579,-0.047007,0.606362,-0.487466,-0.058354,-0.227090,0.370177,0.900509,-0.533948,0.721631,0.997538,0.823792,-0.048211,0.882476,0.062072,-0.035283,-1.413657,-0.838545,0.338154,-1.056329,-0.939256,0.436925,0.188787,0.739658,0.436918,0.188854,0.000390,0.849486,-1.676840,-1.102271,-0.447680,0.193004,0.131789,-0.447680,0.000390,0.000390,0.743099,0.231554,-0.490055,-0.747164,1.145747,-0.177360,-1.069146,0.583165,0.548440,0.925175,0.740352,-0.975498,-0.447680,0.000390,0.000390,-0.446916,0.000390,0.000390,-0.447680,0.000390,0.000390,0.436918,0.188853,0.000390,0.436918,0.188853,0.000390,0.436925,0.188853,0.000390,0.405025,0.258172,0.744283,0.838576,-0.020573,0.417516,0.187257,1.546043,-0.280263,0.492420,-0.526865,-0.936429,0.960629,0.109638,-1.280519,0.411056,-0.614594,-0.116230,0.546243,-0.504222,0.678511,0.334227,0.188409,-0.656407,0.864694,0.436222,-0.192424,0.969219,-0.196099,0.460425,0.532813,0.081380,0.747006,0.824862,-0.100274,0.539459,0.720941,0.231907,-0.057193,0.874824,-0.476142,-0.418122,0.768408,-0.812172,-1.009320,0.367896,0.073940,-0.579526,0.244653,0.019186,0.795509,0.938099,-0.407614,1.131208,1.294161,-0.587533,0.001435,0.657063,0.235957,0.067711,0.866240,0.201947,1.449914,-0.611102,0.046564,-0.174885,-0.816248,-0.163649,-0.234368,-0.875889,-0.296736,-0.125033,-0.706311,-0.386651,0.933687,-0.825414,-0.400996,0.802756,-0.133703,-0.048252,-0.513978,0.370958,-0.074966,0.036050,0.420288,-0.102463,-0.308733,0.295896,-0.151565,0.581545,0.198198,0.020225,-0.399797,0.700173,0.024546,-0.744466,0.797585,-0.008759,-1.224164,0.762179,-0.061267,0.963552,0.324104,0.033715,-0.131714,0.503928,0.025968,-0.325362,0.472110,-0.035909,-0.482487,0.467299,-0.112205,-0.185388,0.457809,0.038535,-0.144795,0.576991,0.004269,0.028635,0.555724,-0.051655,0.091086,0.608802,-0.130763,0.680314,0.796712,-0.291549,-0.146864,0.622333,-0.021529,-0.086957,0.556637,-0.219429,0.358706,0.534955,0.523347,0.145502,0.537702,1.098586,0.484269,0.159336,0.485806,0.822241,0.714528,0.939631,0.323268,0.971158,0.681447,0.729784,0.870105,0.705051,0.771938,0.685602,0.282289,1.435544,0.812420,-1.044032,0.457971,0.546339,-1.002491,-0.176071,0.585350,0.008052,-0.048390,0.602233,-0.705569,1.046309,0.698154,-0.023773,0.153782,0.572153,-0.097977,0.276009,0.266960,-0.459656,-0.111704,0.858786,1.476660,-0.321028,0.589035,1.068191,0.169324,0.575449,0.539386,-0.232474,0.541482,0.541870,0.026026,0.573096,0.640632,1.127671,1.020488,0.149119,0.241008,0.960530,0.238804,-0.162079,0.993902,0.768350,0.771615,0.713137,0.308765,0.202531,0.825179,0.279564,0.034883,0.874243,0.692980,-0.540685,0.680762,0.455735,-0.507132,0.639780,0.352842,-0.079936,0.554790,0.952504,-0.501710,0.392202,0.691321,0.372545,0.733090,0.103811,-0.515963,0.610216,0.350994,-0.597958,0.606046,0.440473,0.293837,0.852058,0.319976,0.237693,0.492067,0.526739,0.220920,0.725101,0.259740,-0.060297,0.705456,-0.100423,0.867201,0.696989,0.770217,-0.113594,0.704028,0.219373,0.030091,0.494408,0.820547,-0.872697,0.813271,0.113843,-0.350929,0.672460,-0.028407,-0.559401,0.624069,0.060024,1.216877,0.679905,0.242722,0.909669,0.549789,0.962577,-0.058547,0.725732,0.512846,-1.261449,0.666124,0.722802,0.326068,0.651608,-0.274301,0.044604,0.583902,-0.365011,0.116676,0.571365,0.600298,-0.436982,0.766494,0.306488,0.183034,0.776635,0.261887,0.671787,0.723308,1.368153,-1.098850,0.825805,-0.683797,-0.248200,0.642595,0.136129,-0.498910,0.780959,-0.319554,-0.383615,0.641189,-0.157544,-0.785760,0.656370,-0.435312,-0.415032,0.514951,-0.015952,0.261219,0.803792,0.262564,0.125502,0.580650,0.103439,-0.114703,0.725240,0.375925,-0.418455,0.613975,-0.365663,-0.601397,0.681534,0.544600,-0.384359,0.818275,-0.066780,0.511091,0.563821,0.396307,0.469586,0.874719,-0.018191,-0.926995,0.753430,0.350904,0.215822
0.830389,-0.877147,0.894287,-0.035676,0.247635,-1.309698,-1.064551,-0.398409,0.674473,-0.324579,-0.047007,0.606362,-0.487466,-0.058354,-0.227090,0.370177,0.900509,-0.533948,0.721631,0.997538,0.823792,-0.048211,0.882476,0.062072,-0.035283,-1.413657,-0.838545,0.338154,-1.056329,-0.939256,0.436925,0.188787,0.739658,0.436918,0.188854,0.000390,0.849486,-1.676840,-1.102271,-0.447680,0.193004,0.131789,-0.447680,0.000390,0.000390,0.743099,0.231554,-0.490055,-0.747164,1.145747,-0.177360,-1.069146,0.583165,0.548440,0.925175,0.740352,-0.975498,-0.447680,0.000390,0.000390,-0.446916,0.000390,0.000390,-0.447680,0.000390,0.000390,0.436918,0.188853,0.000390,0.436918,0.188853,0.000390,0.436925,0.188853,0.000390,0.405025,0.258172,0.744283,0.838576,-0.020573,0.417516,0.187257,1.546043,-0.280263,0.492420,-0.526865,-0.936429,0.960629,0.109638,-1.280519,0.411056,-0.614594,-0.116230,0.546243,-0.504222,0.678511,0.334227,0.188409,-0.656407,0.864694,0.436222,-0.192424,0.969219,-0.196099,0.460425,0.532813,0.081380,0.747006,0.824862,-0.100274,0.539459,0.720941,0.231907,-0.057193,0.874824,-0.476142,-0.418122,0.768408,-0.812172,-1.009320,0.367896,0.073940,-0.579526,0.244653,0.019186,0.795509,0.938099,-0.407614,1.131208,1.294161,-0.587533,0.001435,0.657063,0.235957,0.067711,0.866240,0.201947,1.449914,-0.611102,0.046564,-0.174885,-0.816248,-0.163649,-0.234368,-0.875889,-0.296736,-0.125033,-0.706311,-0.386651,0.933687,-0.825414,-0.400996,0.802756,-0.133703,-0.048252,-0.513978,0.370958,-0.074966,0.036050,0.420288,-0.102463,-0.308733,0.295896,-0.151565,0.581545,0.198198,0.020225,-0.399797,0.700173,0.024546,-0.744466,0.797585,-0.008759,-1.224164,0.762179,-0.061267,0.963552,0.324104,0.033715,-0.131714,0.503928,0.025968,-0.325362,0.472110,-0.035909,-0.482487,0.467299,-0.112205,-0.185388,0.457809,0.038535,-0.144795,0.576991,0.004269,0.028635,0.555724,-0.051655,0.091086,0.608802,-0.130763,0.680314,0.796712,-0.291549,-0.146864,0.622333,-0.021529,-0.086957,0.556637,-0.219429,0.358706,0.534955,0.523347,0.145502,0.537702,1.098586,0.484269,0.159336,0.485806,0.822241,0.714528,0.939631,0.323268,0.971158,0.681447,0.729784,0.870105,0.705051,0.771938,0.685602,0.282289,1.435544,0.812420,-1.044032,0.457971,0.546339,-1.002491,-0.176071,0.585350,0.008052,-0.048390,0.602233,-0.705569,1.046309,0.698154,-0.023773,0.153782,0.572153,-0.097977,0.276009,0.266960,-0.459656,-0.111704,0.858786,1.476660,-0.321028,0.589035,1.068191,0.169324,0.575449,0.539386,-0.232474,0.541482,0.541870,0.026026,0.573096,0.640632,1.127671,1.020488,0.149119,0.241008,0.960530,0.238804,-0.162079,0.993902,0.768350,0.771615,0.713137,0.308765,0.202531,0.825179,0.279564,0.034883,0.874243,0.692980,-0.540685,0.680762,0.455735,-0.507132,0.639780,0.352842,-0.079936,0.554790,0.952504,-0.501710,0.392202,0.691321,0.372545,0.733090,0.103811,-0.515963,0.610216,0.350994,-0.597958,0.606046,0.440473,0.293837,0.852058,0.319976,0.237693,0.492067,0.526739,0.220920,0.725101,0.259740,-0.060297,0.705456,-0.100423,0.867201,0.696989,0.770217,-0.113594,0.704028,0.219373,0.030091,0.494408,0.820547,-0.872697,0.813271,0.113843,-0.350929,0.672460,-0.028407,-0.559401,0.624069,0.060024,1.216877,0.679905,0.242722,0.909669,0.549789,0.962577,-0.058547,0.725732,0.512846,-1.261449,0.666124,0.722802,0.326068,0.651608,-0.274301,0.044604,0.583902,-0.365011,0.116676,0.571365,0.600298,-0.436982,0.766494,0.306488,0.183034,0.776635,0.261887,0.671787,0.723308,1.368153,-1.098850,0.825805,-0.683797,-0.248200,0.642595,0.136129,-0.498910,0.780959,-0.319554,-0.383615,0.641189,-0.157544,-0.785760,0.656370,-0.435312,-0.415032,0.514951,-0.015952,0.261219,0.803792,0.262564,0.125502,0.580650,0.103439,-0.114703,0.725240,0.375925,-0.418455,0.613975,-0.365663,-0.601397,0.681534,0.544600,-0.384359,0.818275,-0.066780,0.511091,0.563821,0.396307,0.469586,0.874719,-0.018191,-0.926995,0.753430,0.350904,0.215822
0.830389,-0.877147,0.894287,-0.035676,0.247635,-1.309698,-1.064551,-0.398409,0.674473,-0.324579,-0.047007,0.606362,-0.487466,-0.058354,-0.227090,0.370177,0.900509,-0.533948,0.721631,0.997538,0.823792,-0.048211,0.882476,0.062072,-0.035283,-1.413657,-0.838545,0.338154,-1.056329,-0.939256,0.436925,0.188787,0.739658,0.436918,0.188854,0.000390,0.849486,-1.676840,-1.102271,-0.447680,0.193004,0.131789,-0.447680,0.000390,0.000390,0.743099,0.231554,-0.490055,-0.747164,1.145747,-0.177360,-1.069146,0.583165,0.548440,0.925175,0.740352,-0.975498,-0.447680,0.000390,0.000390,-0.446916,0.000390,0.000390,-0.447680,0.000390,0.000390,0.436918,0.188853,0.000390,0.436918,0.188853,0.000390,0.436925,0.188853,0.000390,0.405025,0.258172,0.744283,0.838576,-0.020573,0.417516,0.187257,1.546043,-0.280263,0.492420,-0.526865,-0.936429,0.960629,0.109638,-1.280519,0.411056,-0.614594,-0.116230,0.546243,-0.504222,0.678511,0.334227,0.188409,-0.656407,0.864694,0.436222,-0.192424,0.969219,-0.196099,0.460425,0.532813,0.081380,0.747006,0.824862,-0.100274,0.539459,0.720941,0.231907,-0.057193,0.874824,-0.476142,-0.418122,0.768408,-0.812172,-1.009320,0.367896,0.073940,-0.579526,0.244653,0.019186,0.795509,0.938099,-0.407614,1.131208,1.294161,-0.587533,0.001435,0.657063,0.235957,0.067711,0.866240,0.201947,1.449914,-0.611102,0.046564,-0.174885,-0.816248,-0.163649,-0.234368,-0.875889,-0.296736,-0.125033,-0.706311,-0.386651,0.933687,-0.825414,-0.400996,0.802756,-0.133703,-0.048252,-0.513978,0.370958,-0.074966,0.036050,0.420288,-0.102463,-0.308733,0.295896,-0.151565,0.581545,0.198198,0.020225,-0.399797,0.700173,0.024546,-0.744466,0.797585,-0.008759,-1.224164,0.762179,-0.061267,0.963552,0.324104,0.033715,-0.131714,0.503928,0.025968,-0.325362,0.472110,-0.035909,-0.482487,0.467299,-0.112205,-0.185388,0.457809,0.038535,-0.144795,0.576991,0.004269,0.028635,0.555724,-0.051655,0.091086,0.608802,-0.130763,0.680314,0.796712,-0.291549,-0.146864,0.622333,-0.021529,-0.086957,0.556637,-0.219429,0.358706,0.534955,0.523347,0.145502,0.537702,1.098586,0.484269,0.159336,0.485806,0.822241,0.714528,0.939631,0.323268,0.971158,0.681447,0.729784,0.870105,0.705051,0.771938,0.685602,0.282289,1.435544,0.812420,-1.044032,0.457971,0.546339,-1.002491,-0.176071,0.585350,0.008052,-0.048390,0.602233,-0.705569,1.046309,0.698154,-0.023773,0.153782,0.572153,-0.097977,0.276009,0.266960,-0.459656,-0.111704,0.858786,1.476660,-0.321028,0.589035,1.068191,0.169324,0.575449,0.539386,-0.232474,0.541482,0.541870,0.026026,0.573096,0.640632,1.127671,1.020488,0.149119,0.241008,0.960530,0.238804,-0.162079,0.993902,0.768350,0.771615,0.713137,0.308765,0.202531,0.825179,0.279564,0.034883,0.874243,0.692980,-0.540685,0.680762,0.455735,-0.507132,0.639780,0.352842,-0.079936,0.554790,0.952504,-0.501710,0.392202,0.691321,0.372545,0.733090,0.103811,-0.515963,0.610216,0.350994,-0.597958,0.606046,0.440473,0.293837,0.852058,0.319976,0.237693,0.492067,0.526739,0.220920,0.725101,0.259740,-0.060297,0.705456,-0.100423,0.867201,0.696989,0.770217,-0.113594,0.704028,0.219373,0.030091,0.494408,0.820547,-0.872697,0.813271,0.113843,-0.350929,0.672460,-0.028407,-0.559401,0.624069,0.060024,1.216877,0.679905,0.242722,0.909669,0.549789,0.962577,-0.058547,0.725732,0.512846,-1.261449,0.666124,0.722802,0.326068,0.651608,-0.274301,0.044604,0.583902,-0.365011,0.116676,0.571365,0.600298,-0.436982,0.766494,0.306488,0.183034,0.776635,0.261887,0.671787,0.723308,1.368153,-1.098850,0.825805,-0.683797,-0.248200,0.642595,0.136129,-0.498910,0.780959,-0.319554,-0.383615,0.641189,-0.157544,-0.785760,0.656370,-0.435312,-0.415032,0.514951,-0.015952,0.261219,0.803792,0.262564,0.125502,0.580650,0.103439,-0.114703,0.725240,0.375925,-0.418455,0.613975,-0.365663,-0.601397,0.681534,0.544600,-0.384359,0.818275,-0.066780,0.511091,0.563821,0.396307,0.469586,0.874719,-0.018191,-0.926995,0.753430,0.350904,0.215822
0.830389,-0.877147,0.894287,-0.035676,0.247635,-1.309698,-1.064551,-0.398409,0.674473,-0.324579,-0.047007,0.606362,-0.487466,-0.058354,-0.227090,0.370177,0.900509,-0.533948,0.721631,0.997538,0.823792,-0.048211,0.882476,0.062072,-0.035283,-1.413657,-0.838545,0.338154,-1.056329,-0.939256,0.436925,0.188787,0.739658,0.436918,0.188854,0.000390,0.849486,-1.676840,-1.102271,-0.447680,0.193004,0.131789,-0.447680,0.000390,0.000390,0.743099,0.231554,-0.490055,-0.747164,1.145747,-0.177360,-1.069146,0.583165,0.548440,0.925175,0.740352,-0.975498,-0.447680,0.000390,0.000390,-0.446916,0.000390,0.000390,-0.447680,0.000390,0.000390,0.436918,0.188853,0.000390,0.436918,0.188853,0.000390,0.436925,0.188853,0.000390,0.405025,0.258172,0.744283,0.838576,-0.020573,0.417516,0.187257,1.546043,-0.280263,0.492420,-0.526865,-0.936429,0.960629,0.109638,-1.280519,0.411056,-0.614594,-0.116230,0.546243,-0.504222,0.678511,0.334227,0.188409,-0.656407,0.864694,0.436222,-0.192424,0.969219,-0.196099,0.460425,0.532813,0.081380,0.747006,0.824862,-0.100274,0.539459,0.720941,0.231907,-0.057193,0.874824,-0.476142,-0.418122,0.768408,-0.812172,-1.009320,0.367896,0.073940,-0.579526,0.244653,0.019186,0.795509,0.938099,-0.407614,1.131208,1.294161,-0.587533,0.001435,0.657063,0.235957,0.067711,0.866240,0.201947,1.449914,-0.611102,0.046564,-0.174885,-0.816248,-0.163649,-0.234368,-0.875889,-0.296736,-0.125033,-0.706311,-0.386651,0.933687,-0.825414,-0.400996,0.802756,-0.133703,-0.048252,-0.513978,0.370958,-0.074966,0.036050,0.420288,-0.102463,-0.308733,0.295896,-0.151565,0.581545,0.198198,0.020225,-0.399797,0.700173,0.024546,-0.744466,0.797585,-0.008759,-1.224164,0.762179,-0.061267,0.963552,0.324104,0.033715,-0.131714,0.503928,0.025968,-0.325362,0.472110,-0.035909,-0.482487,0.467299,-0.112205,-0.185388,0.457809,0.038535,-0.144795,0.576991,0.004269,0.028635,0.555724,-0.051655,0.091086,0.608802,-0.130763,0.680314,0.796712,-0.291549,-0.146864,0.622333,-0.021529,-0.086957,0.556637,-0.219429,0.358706,0.534955,0.523347,0.145502,0.537702,1.098586,0.484269,0.159336,0.485806,0.822241,0.714528,0.939631,0.323268,0.971158,0.681447,0.729784,0.870105,0.705051,0.771938,0.685602,0.282289,1.435544,0.812420,-1.044032,0.457971,0.546339,-1.002491,-0.176071,0.585350,0.008052,-0.048390,0.602233,-0.705569,1.046309,0.698154,-0.023773,0.153782,0.572153,-0.097977,0.276009,0.266960,-0.459656,-0.111704,0.858786,1.476660,-0.321028,0.589035,1.068191,0.169324,0.575449,0.539386,-0.232474,0.541482,0.541870,0.026026,0.573096,0.640632,1.127671,1.020488,0.149119,0.241008,0.960530,0.238804,-0.162079,0.993902,0.768350,0.771615,0.713137,0.308765,0.202531,0.825179,0.279564,0.034883,0.874243,0.692980,-0.540685,0.680762,0.455735,-0.507132,0.639780,0.352842,-0.079936,0.554790,0.952504,-0.501710,0.392202,0.691321,0.372545,0.733090,0.103811,-0.515963,0.610216,0.350994,-0.597958,0.606046,0.440473,0.293837,0.852058,0.319976,0.237693,0.492067,0.526739,0.220920,0.725101,0.259740,-0.060297,0.705456,-0.100423,0.867201,0.696989,0.770217,-0.113594,0.704028,0.219373,0.030091,0.494408,0.820547,-0.872697,0.813271,0.113843,-0.350929,0.672460,-0.028407,-0.559401,0.624069,0.060024,1.216877,0.679905,0.242722,0.909669,0.549789,0.962577,-0.058547,0.725732,0.512846,-1.261449,0.666124,0.722802,0.326068,0.651608,-0.274301,0.044604,0.583902,-0.365011,0.116676,0.571365,0.600298,-0.436982,0.766494,0.306488,0.183034,0.776635,0.261887,0.671787,0.723308,1.368153,-1.098850,0.825805,-0.683797,-0.248200,0.642595,0.136129,-0.498910,0.780959,-0.319554,-0.383615,0.641189,-0.157544,-0.785760,0.656370,-0.435312,-0.415032,0.514951,-0.015952,0.261219,0.803792,0.262564,0.125502,0.580650,0.103439,-0.114703,0.725240,0.375925,-0.418455,0.613975,-0.365663,-0.601397,0.681534,0.544600,-0.384359,0.818275,-0.066780,0.511091,0.563821,0.396307,0.469586,0.874719,-0.018191,-0.926995,0.753430,0.350904,0.215822
0.830389,-0.877147,0.894287,-0.035676,0.247635,-1.309698,-1.064551,-0.398409,0.674473,-0.324579,-0.047007,0.606362,-0.487466,-0.058354,-0.227090,0.370177,0.900509,-0.533948,0.721631,0.997538,0.823792,-0.048211,0.882476,0.062072,-0.035283,-1.413657,-0.838545,0.338154,-1.056329,-0.939256,0.436925,0.188787,0.739658,0.436918,0.188854,0.000390,0.849486,-1.676840,-1.102271,-0.447680,0.193004,0.131789,-0.447680,0.000390,0.000390,0.743099,0.231554,-0.490055,-0.747164,1.145747,-0.177360,-1.069146,0.583165,0.548440,0.925175,0.740352,-0.975498,-0.447680,0.000390,0.000390,-0.446916,0.000390,0.000390,-0.447680,0.000390,0.000390,0.436918,0.188853,0.000390,0.436918,0.188853,0.000390,0.436925,0.188853,0.000390,0.405025,0.258172,0.744283,0.838576,-0.020573,0.417516,0.187257,1.546043,-0.280263,0.492420,-0.526865,-0.936429,0.960629,0.109638,-1.280519,0.411056,-0.614594,-0.116230,0.546243,-0.504222,0.678511,0.334227,0.188409,-0.656407,0.864694,0.436222,-0.192424,0.969219,-0.196099,0.460425,0.532813,0.081380,0.747006,0.824862,-0.100274,0.539459,0.720941,0.231907,-0.057193,0.874824,-0.476142,-0.418122,0.768408,-0.812172,-1.009320,0.367896,0.073940,-0.579526,0.244653,0.019186,0.795509,0.938099,-0.407614,1.131208,1.294161,-0.587533,0.001435,0.657063,0.235957,0.067711,0.866240,0.201947,1.449914,-0.611102,0.046564,-0.174885,-0.816248,-0.163649,-0.234368,-0.875889,-0.296736,-0.125033,-0.706311,-0.386651,0.933687,-0.825414,-0.400996,0.802756,-0.133703,-0.048252,-0.513978,0.370958,-0.074966,0.036050,0.420288,-0.102463,-0.308733,0.295896,-0.151565,0.581545,0.198198,0.020225,-0.399797,0.700173,0.024546,-0.744466,0.797585,-0.008759,-1.224164,0.762179,-0.061267,0.963552,0.324104,0.033715,-0.131714,0.503928,0.025968,-0.325362,0.472110,-0.035909,-0.482487,0.467299,-0.112205,-0.185388,0.457809,0.038535,-0.144795,0.576991,0.004269,0.028635,0.555724,-0.051655,0.091086,0.608802,-0.130763,0.680314,0.796712,-0.291549,-0.146864,0.622333,-0.021529,-0.086957,0.556637,-0.219429,0.358706,0.534955,0.523347,0.145502,0.537702,1.098586,0.484269,0.159336,0.485806,0.822241,0.714528,0.939631,0.323268,0.971158,0.681447,0.729784,0.870105,0.705051,0.771938,0.685602,0.282289,1.435544,0.812420,-1.044032,0.457971,0.546339,-1.002491,-0.176071,0.585350,0.008052,-0.048390,0.602233,-0.705569,1.046309,0.698154,-0.023773,0.153782,0.572153,-0.097977,0.276009,0.266960,-0.459656,-0.111704,0.858786,1.476660,-0.321028,0.589035,1.068191,0.169324,0.575449,0.539386,-0.232474,0.541482,0.541870,0.026026,0.573096,0.640632,1.127671,1.020488,0.149119,0.241008,0.960530,0.238804,-0.162079,0.993902,0.768350,0.771615,0.713137,0.308765,0.202531,0.825179,0.279564,0.034883,0.874243,0.692980,-0.540685,0.680762,0.455735,-0.507132,0.639780,0.352842,-0.079936,0.554790,0.952504,-0.501710,0.392202,0.691321,0.372545,0.733090,0.103811,-0.515963,0.610216,0.350994,-0.597958,0.606046,0.440473,0.293837,0.852058,0.319976,0.237693,0.492067,0.526739,0.220920,0.725101,0.259740,-0.060297,0.705456,-0.100423,0.867201,0.696989,0.770217,-0.113594,0.704028,0.219373,0.030091,0.494408,0.820547,-0.872697,0.813271,0.113843,-0.350929,0.672460,-0.028407,-0.559401,0.624069,0.060024,1.216877,0.679905,0.242722,0.909669,0.549789,0.962577,-0.058547,0.725732,0.512846,-1.261449,0.666124,0.722802,0.326068,0.651608,-0.274301,0.044604,0.583902,-0.365011,0.116676,0.571365,0.600298,-0.436982,0.766494,0.306488,0.183034,0.776635,0.261887,0.671787,0.723308,1.368153,-1.098850,0.825805,-0.683797,-0.248200,0.642595,0.136129,-0.498910,0.780959,-0.319554,-0.383615,0.641189,-0.157544,-0.785760,0.656370,-0.435312,-0.415032,0.514951,-0.015952,0.261219,0.803792,0.262564,0.125502,0.580650,0.103439,-0.114703,0.725240,0.375925,-0.418455,0.613975,-0.365663,-0.601397,0.681534,0.544600,-0.384359,0.818275,-0.066780,0.511091,0.563821,0.396307,0.469586,0.874719,-0.018191,-0.926995,0.753430,0.350904,0.215822
0.832825,-0.887030,1.005002,-0.068415,1.232528,-1.880693,-1.081957,-0.394613,0.866426,-0.338264,0.610201,0.122689,-1.100904,0.177555,0.428090,0.346204,0.900509,-0.922987,0.736867,1.011459,1.894115,-0.023312,0.917080,0.247770,0.064084,-1.409192,-0.584891,0.385919,-1.045818,-0.095869,0.422908,0.188787,2.012356,0.422901,0.188854,0.000390,0.846672,-0.671468,-0.946061,0.177481,0.193004,0.719773,0.177481,0.000390,0.000390,0.743391,0.219189,-0.508564,1.213547,1.552236,-1.259624,-0.081426,0.577645,0.468143,0.916720,2.554572,-0.025996,0.177481,0.000390,0.000390,0.178244,0.000390,0.000390,0.177481,0.000390,0.000390,0.422901,0.188853,0.000390,0.422901,0.188853,0.000390,0.422908,0.188853,0.000390,0.442124,-0.203616,0.236702,0.507049,0.723271,-0.858834,0.209132,1.595785,0.433320,0.510648,0.685525,-1.798220,0.372443,0.671982,-0.399331,0.074610,0.437950,-0.798609,0.277145,0.006170,-1.290912,0.666590,0.234723,-0.521156,0.622307,0.480765,0.339300,0.666856,-0.148930,-0.249836,0.558260,0.903947,1.453441,0.843804,0.741795,-0.594746,0.467244,0.278424,-0.626644,0.496888,0.489405,-0.730750,0.409005,0.188350,-0.224075,0.391965,1.147709,0.156005,0.266611,0.973409,1.308659,0.972246,0.058494,1.641745,0.519104,0.510004,0.808212,0.309942,0.815769,1.417897,0.489614,0.892714,1.551419,-0.608145,-0.024645,-0.798696,-0.738291,-0.207454,1.445890,-0.723338,-0.291827,0.338860,-0.780739,-0.335043,1.319450,-0.853121,-0.382602,0.914047,0.309994,-0.084035,1.184303,0.711633,-0.090343,-0.082888,0.695830,-0.100751,0.391598,0.681359,-0.133791,0.984853,0.471379,-0.005826,-0.334833,0.948981,-0.029577,0.710193,0.905305,-0.027626,1.028522,0.902280,-0.017908,-1.214871,0.529446,0.015727,-0.005580,0.759350,-0.009989,1.560259,0.715203,-0.060093,-0.096632,0.576074,-0.125721,-1.084059,0.528472,0.008123,-0.015860,0.679582,-0.030594,-0.349906,0.659464,-0.092771,-0.011829,0.782081,-0.172954,0.727501,0.825365,0.222795,0.565811,0.651022,-0.020331,0.655516,0.989480,1.107692,-0.130785,0.612021,1.266746,1.148170,1.124943,0.479432,0.314760,0.855689,1.632713,0.231235,0.974146,0.277439,0.916055,1.048482,0.610287,0.003893,1.077217,0.638915,1.721903,1.087332,0.913954,-0.369205,1.368318,-1.426944,1.504677,1.218078,-1.632344,1.650398,0.986716,1.193138,-1.136759,1.014391,1.206509,0.185305,0.715007,0.339775,1.813905,0.590651,1.144719,1.758690,0.767620,0.205785,1.514609,0.579935,1.618544,-0.944656,0.763401,0.986355,-0.465448,0.852479,1.408191,-1.025838,0.545926,0.361495,-0.384152,0.667393,0.557042,1.240206,1.250958,-0.026362,0.596045,1.277963,-0.122517,-0.366027,1.104141,0.426637,0.740783,1.304443,1.731477,1.329972,0.734282,1.218623,0.605245,0.713856,0.984622,-0.143434,0.877258,0.885118,0.047305,0.825760,0.994031,-0.191412,0.747453,0.894347,-0.416107,0.841485,0.957482,-1.018132,0.889352,1.390587,0.966106,0.805749,0.653504,1.064080,0.851689,1.628663,0.047697,0.821764,1.556328,-0.832251,1.079871,0.931449,-0.940476,0.972635,-0.058160,-0.055197,0.703849,0.070772,0.884098,0.754251,1.220680,-0.981293,0.702461,0.792749,0.698166,1.062121,0.178999,0.275996,0.797296,0.427931,0.716072,0.711248,0.068615,0.662052,1.119840,0.152793,0.429487,0.849483,0.531587,0.770722,1.065775,1.353375,-0.889085,0.777518,0.936694,-0.885505,1.034653,0.599515,-0.750379,0.758778,1.603790,1.091792,0.737862,0.261163,1.835856,0.764231,0.059293,-0.862180,0.687655,0.984875,1.482764,0.755360,0.922786,1.367989,0.765383,-1.358650,-0.634011,0.803858,0.376015,1.703126,0.885206,-1.115689,-1.044916,0.669712,-0.323079,-1.384737,0.792305,-1.335242,-0.987941,0.759888,-0.473639,1.209298,0.947867,-1.525677,-1.302988,0.653434,1.867410,-1.078863,0.772577,1.762441,-1.329809,0.646709,1.141303,-1.622274,0.935673,-0.592346,2.133986,0.604294,1.378863,-0.621199,0.709386,1.688675,0.828837,1.011641,1.363284,1.157961,0.835305,-0.412381,-0.667462,0.830985,0.554153,0.140140
0.832825,-0.887030,1.005002,-0.068415,1.232528,-1.880693,-1.081957,-0.394613,0.866426,-0.338264,0.610201,0.122689,-1.100904,0.177555,0.428090,0.346204,0.900509,-0.922987,0.736867,1.011459,1.894115,-0.023312,0.917080,0.247770,0.064084,-1.409192,-0.584891,0.385919,-1.045818,-0.095869,0.422908,0.188787,2.012356,0.422901,0.188854,0.000390,0.846672,-0.671468,-0.946061,0.177481,0.193004,0.719773,0.177481,0.000390,0.000390,0.743391,0.219189,-0.508564,1.213547,1.552236,-1.259624,-0.081426,0.577645,0.468143,0.916720,2.554572,-0.025996,0.177481,0.000390,0.000390,0.178244,0.000390,0.000390,0.177481,0.000390,0.000390,0.422901,0.188853,0.000390,0.422901,0.188853,0.000390,0.422908,0.188853,0.000390,0.442124,-0.203616,0.236702,0.507049,0.723271,-0.858834,0.209132,1.595785,0.433320,0.510648,0.685525,-1.798220,0.372443,0.671982,-0.399331,0.074610,0.437950,-0.798609,0.277145,0.006170,-1.290912,0.666590,0.234723,-0.521156,0.622307,0.480765,0.339300,0.666856,-0.148930,-0.249836,0.558260,0.903947,1.453441,0.843804,0.741795,-0.594746,0.467244,0.278424,-0.626644,0.496888,0.489405,-0.730750,0.409005,0.188350,-0.224075,0.391965,1.147709,0.156005,0.266611,0.973409,1.308659,0.972246,0.058494,1.641745,0.519104,0.510004,0.808212,0.309942,0.815769,1.417897,0.489614,0.892714,1.551419,-0.608145,-0.024645,-0.798696,-0.738291,-0.207454,1.445890,-0.723338,-0.291827,0.338860,-0.780739,-0.335043,1.319450,-0.853121,-0.382602,0.914047,0.309994,-0.084035,1.184303,0.711633,-0.090343,-0.082888,0.695830,-0.100751,0.391598,0.681359,-0.133791,0.984853,0.471379,-0.005826,-0.334833,0.948981,-0.029577,0.710193,0.905305,-0.027626,1.028522,0.902280,-0.017908,-1.214871,0.529446,0.015727,-0.005580,0.759350,-0.009989,1.560259,0.715203,-0.060093,-0.096632,0.576074,-0.125721,-1.084059,0.528472,0.008123,-0.015860,0.679582,-0.030594,-0.349906,0.659464,-0.092771,-0.011829,0.782081,-0.172954,0.727501,0.825365,0.222795,0.565811,0.651022,-0.020331,0.655516,0.989480,1.107692,-0.130785,0.612021,1.266746,1.148170,1.124943,0.479432,0.314760,0.855689,1.632713,0.231235,0.974146,0.277439,0.916055,1.048482,0.610287,0.003893,1.077217,0.638915,1.721903,1.087332,0.913954,-0.369205,1.368318,-1.426944,1.504677,1.218078,-1.632344,1.650398,0.986716,1.193138,-1.136759,1.014391,1.206509,0.185305,0.715007,0.339775,1.813905,0.590651,1.144719,1.758690,0.767620,0.205785,1.514609,0.579935,1.618544,-0.944656,0.763401,0.986355,-0.465448,0.852479,1.408191,-1.025838,0.545926,0.361495,-0.384152,0.667393,0.557042,1.240206,1.250958,-0.026362,0.596045,1.277963,-0.122517,-0.366027,1.104141,0.426637,0.740783,1.304443,1.731477,1.329972,0.734282,1.218623,0.605245,0.713856,0.984622,-0.143434,0.877258,0.885118,0.047305,0.825760,0.994031,-0.191412,0.747453,0.894347,-0.416107,0.841485,0.957482,-1.018132,0.889352,1.390587,0.966106,0.805749,0.653504,1.064080,0.851689,1.628663,0.047697,0.821764,1.556328,-0.832251,1.079871,0.931449,-0.940476,0.972635,-0.058160,-0.055197,0.703849,0.070772,0.884098,0.754251,1.220680,-0.981293,0.702461,0.792749,0.698166,1.062121,0.178999,0.275996,0.797296,0.427931,0.716072,0.711248,0.068615,0.662052,1.119840,0.152793,0.429487,0.849483,0.531587,0.770722,1.065775,1.353375,-0.889085,0.777518,0.936694,-0.885505,1.034653,0.599515,-0.750379,0.758778,1.603790,1.091792,0.737862,0.261163,1.835856,0.764231,0.059293,-0.862180,0.687655,0.984875,1.482764,0.755360,0.922786,1.367989,0.765383,-1.358650,-0.634011,0.803858,0.376015,1.703126,0.885206,-1.115689,-1.044916,0.669712,-0.323079,-1.384737,0.792305,-1.335242,-0.987941,0.759888,-0.473639,1.209298,0.947867,-1.525677,-1.302988,0.653434,1.867410,-1.078863,0.772577,1.762441,-1.329809,0.646709,1.141303,-1.622274,0.935673,-0.592346,2.133986,0.604294,1.378863,-0.621199,0.709386,1.688675,0.828837,1.011641,1.363284,1.157961,0.835305,-0.412381,-0.667462,0.830985,0.554153,0.140140
0.832825,-0.887030,1.005002,-0.068415,1.232528,-1.880693,-1.081957,-0.394613,0.866426,-0.338264,0.610201,0.122689,-1.100904,0.177555,0.428090,0.346204,0.900509,-0.922987,0.736867,1.011459,1.894115,-0.023312,0.917080,0.247770,0.064084,-1.409192,-0.584891,0.385919,-1.045818,-0.095869,0.422908,0.188787,2.012356,0.422901,0.188854,0.000390,0.846672,-0.671468,-0.946061,0.177481,0.193004,0.719773,0.177481,0.000390,0.000390,0.743391,0.219189,-0.508564,1.213547,1.552236,-1.259624,-0.081426,0.577645,0.468143,0.916720,2.554572,-0.025996,0.177481,0.000390,0.000390,0.178244,0.000390,0.000390,0.177481,0.000390,0.000390,0.422901,0.188853,0.000390,0.422901,0.188853,0.000390,0.422908,0.188853,0.000390,0.442124,-0.203616,0.236702,0.507049,0.723271,-0.858834,0.209132,1.595785,0.433320,0.510648,0.685525,-1.798220,0.372443,0.671982,-0.399331,0.074610,0.437950,-0.798609,0.277145,0.006170,-1.290912,0.666590,0.234723,-0.521156,0.622307,0.480765,0.339300,0.666856,-0.148930,-0.249836,0.558260,0.903947,1.453441,0.843804,0.741795,-0.594746,0.467244,0.278424,-0.626644,0.496888,0.489405,-0.730750,0.409005,0.188350,-0.224075,0.391965,1.147709,0.156005,0.266611,0.973409,1.308659,0.972246,0.058494,1.641745,0.519104,0.510004,0.808212,0.309942,0.815769,1.417897,0.489614,0.892714,1.551419,-0.608145,-0.024645,-0.798696,-0.738291,-0.207454,1.445890,-0.723338,-0.291827,0.338860,-0.780739,-0.335043,1.319450,-0.853121,-0.382602,0.914047,0.309994,-0.084035,1.184303,0.711633,-0.090343,-0.082888,0.695830,-0.100751,0.391598,0.681359,-0.133791,0.984853,0.471379,-0.005826,-0.334833,0.948981,-0.029577,0.710193,0.905305,-0.027626,1.028522,0.902280,-0.017908,-1.214871,0.529446,0.015727,-0.005580,0.759350,-0.009989,1.560259,0.715203,-0.060093,-0.096632,0.576074,-0.125721,-1.084059,0.528472,0.008123,-0.015860,0.679582,-0.030594,-0.349906,0.659464,-0.092771,-0.011829,0.782081,-0.172954,0.727501,0.825365,0.222795,0.565811,0.651022,-0.020331,0.655516,0.989480,1.107692,-0.130785,0.612021,1.266746,1.148170,1.124943,0.479432,0.314760,0.855689,1.632713,0.231235,0.974146,0.277439,0.916055,1.048482,0.610287,0.003893,1.077217,0.638915,1.721903,1.087332,0.913954,-0.369205,1.368318,-1.426944,1.504677,1.218078,-1.632344,1.650398,0.986716,1.193138,-1.136759,1.014391,1.206509,0.185305,0.715007,0.339775,1.813905,0.590651,1.144719,1.758690,0.767620,0.205785,1.514609,0.579935,1.618544,-0.944656,0.763401,0.986355,-0.465448,0.852479,1.408191,-1.025838,0.545926,0.361495,-0.384152,0.667393,0.557042,1.240206,1.250958,-0.026362,0.596045,1.277963,-0.122517,-0.366027,1.104141,0.426637,0.740783,1.304443,1.731477,1.329972,0.734282,1.218623,0.605245,0.713856,0.984622,-0.143434,0.877258,0.885118,0.047305,0.825760,0.994031,-0.191412,0.747453,0.894347,-0.416107,0.841485,0.957482,-1.018132,0.889352,1.390587,0.966106,0.805749,0.653504,1.064080,0.851689,1.628663,0.047697,0.821764,1.556328,-0.832251,1.079871,0.931449,-0.940476,0.972635,-0.058160,-0.055197,0.703849,0.070772,0.884098,0.754251,1.220680,-0.981293,0.702461,0.792749,0.698166,1.062121,0.178999,0.275996,0.797296,0.427931,0.716072,0.711248,0.068615,0.662052,1.119840,0.152793,0.429487,0.849483,0.531587,0.770722,1.065775,1.353375,-0.889085,0.777518,0.936694,-0.885505,1.034653,0.599515,-0.750379,0.758778,1.603790,1.091792,0.737862,0.261163,1.835856,0.764231,0.059293,-0.862180,0.687655,0.984875,1.482764,0.755360,0.922786,1.367989,0.765383,-1.358650,-0.634011,0.803858,0.376015,1.703126,0.885206,-1.115689,-1.044916,0.669712,-0.323079,-1.384737,0.792305,-1.335242,-0.987941,0.759888,-0.473639,1.209298,0.947867,-1.525677,-1.302988,0.653434,1.867410,-1.078863,0.772577,1.762441,-1.329809,0.646709,1.141303,-1.622274,0.935673,-0.592346,2.133986,0.604294,1.378863,-0.621199,0.709386,1.688675,0.828837,1.011641,1.363284,1.157961,0.835305,-0.412381,-0.667462,0.830985,0.554153,0.140140
0.832825,-0.887030,1.005002,-0.068415,1.232528,-1.880693,-1.081957,-0.394613,0.866426,-0.338264,0.610201,0.122689,-1.100904,0.177555,0.428090,0.346204,0.900509,-0.922987,0.736867,1.011459,1.894115,-0.023312,0.917080,0.247770,0.064084,-1.409192,-0.584891,0.385919,-1.045818,-0.095869,0.422908,0.188787,2.012356,0.422901,0.188854,0.000390,0.846672,-0.671468,-0.946061,0.177481,0.193004,0.719773,0.177481,0.000390,0.000390,0.743391,0.219189,-0.508564,1.213547,1.552236,-1.259624,-0.081426,0.577645,0.468143,0.916720,2.554572,-0.025996,0.177481,0.000390,0.000390,0.178244,0.000390,0.000390,0.177481,0.000390,0.000390,0.422901,0.188853,0.000390,0.422901,0.188853,0.000390,0.422908,0.188853,0.000390,0.442124,-0.203616,0.236702,0.507049,0.723271,-0.858834,0.209132,1.595785,0.433320,0.510648,0.685525,-1.798220,0.372443,0.671982,-0.399331,0.074610,0.437950,-0.798609,0.277145,0.006170,-1.290912,0.666590,0.234723,-0.521156,0.622307,0.480765,0.339300,0.666856,-0.148930,-0.249836,0.558260,0.903947,1.453441,0.843804,0.741795,-0.594746,0.467244,0.278424,-0.626644,0.496888,0.489405,-0.730750,0.409005,0.188350,-0.224075,0.391965,1.147709,0.156005,0.266611,0.973409,1.308659,0.972246,0.058494,1.641745,0.519104,0.510004,0.808212,0.309942,0.815769,1.417897,0.489614,0.892714,1.551419,-0.608145,-0.024645,-0.798696,-0.738291,-0.207454,1.445890,-0.723338,-0.291827,0.338860,-0.780739,-0.335043,1.319450,-0.853121,-0.382602,0.914047,0.309994,-0.084035,1.184303,0.711633,-0.090343,-0.082888,0.695830,-0.100751,0.391598,0.681359,-0.133791,0.984853,0.471379,-0.005826,-0.334833,0.948981,-0.029577,0.710193,0.905305,-0.027626,1.028522,0.902280,-0.017908,-1.214871,0.529446,0.015727,-0.005580,0.759350,-0.009989,1.560259,0.715203,-0.060093,-0.096632,0.576074,-0.125721,-1.084059,0.528472,0.008123,-0.015860,0.679582,-0.030594,-0.349906,0.659464,-0.092771,-0.011829,0.782081,-0.172954,0.727501,0.825365,0.222795,0.565811,0.651022,-0.020331,0.655516,0.989480,1.107692,-0.130785,0.612021,1.266746,1.148170,1.124943,0.479432,0.314760,0.855689,1.632713,0.231235,0.974146,0.277439,0.916055,1.048482,0.610287,0.003893,1.077217,0.638915,1.721903,1.087332,0.913954,-0.369205,1.368318,-1.426944,1.504677,1.218078,-1.632344,1.650398,0.986716,1.193138,-1.136759,1.014391,1.206509,0.185305,0.715007,0.339775,1.813905,0.590651,1.144719,1.758690,0.767620,0.205785,1.514609,0.579935,1.618544,-0.944656,0.763401,0.986355,-0.465448,0.852479,1.408191,-1.025838,0.545926,0.361495,-0.384152,0.667393,0.557042,1.240206,1.250958,-0.026362,0.596045,1.277963,-0.122517,-0.366027,1.104141,0.426637,0.740783,1.304443,1.731477,1.329972,0.734282,1.218623,0.605245,0.713856,0.984622,-0.143434,0.877258,0.885118,0.047305,0.825760,0.994031,-0.191412,0.747453,0.894347,-0.416107,0.841485,0.957482,-1.018132,0.889352,1.390587,0.966106,0.805749,0.653504,1.064080,0.851689,1.628663,0.047697,0.821764,1.556328,-0.832251,1.079871,0.931449,-0.940476,0.972635,-0.058160,-0.055197,0.703849,0.070772,0.884098,0.754251,1.220680,-0.981293,0.702461,0.792749,0.698166,1.062121,0.178999,0.275996,0.797296,0.427931,0.716072,0.711248,0.068615,0.662052,1.119840,0.152793,0.429487,0.849483,0.531587,0.770722,1.065775,1.353375,-0.889085,0.777518,0.936694,-0.885505,1.034653,0.599515,-0.750379,0.758778,1.603790,1.091792,0.737862,0.261163,1.835856,0.764231,0.059293,-0.862180,0.687655,0.984875,1.482764,0.755360,0.922786,1.367989,0.765383,-1.358650,-0.634011,0.803858,0.376015,1.703126,0.885206,-1.115689,-1.044916,0.669712,-0.323079,-1.384737,0.792305,-1.335242,-0.987941,0.759888,-0.473639,1.209298,0.947867,-1.525677,-1.302988,0.653434,1.867410,-1.078863,0.772577,1.762441,-1.329809,0.646709,1.141303,-1.622274,0.935673,-0.592346,2.133986,0.604294,1.378863,-0.621199,0.709386,1.688675,0.828837,1.011641,1.363284,1.157961,0.835305,-0.412381,-0.667462,0.830985,0.554153,0.140140
0.832825,-0.887030,1.005002,-0.068415,1.232528,-1.880693,-1.081957,-0.394613,0.866426,-0.338264,0.610201,0.122689,-1.100904,0.177555,0.428090,0.346204,0.900509,-0.922987,0.736867,1.011459,1.894115,-0.023312,0.917080,0.247770,0.064084,-1.409192,-0.584891,0.385919,-1.045818,-0.095869,0.422908,0.188787,2.012356,0.422901,0.188854,0.000390,0.846672,-0.671468,-0.946061,0.177481,0.193004,0.719773,0.177481,0.000390,0.000390,0.743391,0.219189,-0.508564,1.213547,1.552236,-1.259624,-0.081426,0.577645,0.468143,0.916720,2.554572,-0.025996,0.177481,0.000390,0.000390,0.178244,0.000390,0.000390,0.177481,0.000390,0.000390,0.422901,0.188853,0.000390,0.422901,0.188853,0.000390,0.422908,0.188853,0.000390,0.442124,-0.203616,0.236702,0.507049,0.723271,-0.858834,0.209132,1.595785,0.433320,0.510648,0.685525,-1.798220,0.372443,0.671982,-0.399331,0.074610,0.437950,-0.798609,0.277145,0.006170,-1.290912,0.666590,0.234723,-0.521156,0.622307,0.480765,0.339300,0.666856,-0.148930,-0.249836,0.558260,0.903947,1.453441,0.843804,0.741795,-0.594746,0.467244,0.278424,-0.626644,0.496888,0.489405,-0.730750,0.409005,0.188350,-0.224075,0.391965,1.147709,0.156005,0.266611,0.973409,1.308659,0.972246,0.058494,1.641745,0.519104,0.510004,0.808212,0.309942,0.815769,1.417897,0.489614,0.892714,1.551419,-0.608145,-0.024645,-0.798696,-0.738291,-0.207454,1.445890,-0.723338,-0.291827,0.338860,-0.780739,-0.335043,1.319450,-0.853121,-0.382602,0.914047,0.309994,-0.084035,1.184303,0.711633,-0.090343,-0.082888,0.695830,-0.100751,0.391598,0.681359,-0.133791,0.984853,0.471379,-0.005826,-0.334833,0.948981,-0.029577,0.710193,0.905305,-0.027626,1.028522,0.902280,-0.017908,-1.214871,0.529446,0.015727,-0.005580,0.759350,-0.009989,1.560259,0.715203,-0.060093,-0.096632,0.576074,-0.125721,-1.084059,0.528472,0.008123,-0.015860,0.679582,-0.030594,-0.349906,0.659464,-0.092771,-0.011829,0.782081,-0.172954,0.727501,0.825365,0.222795,0.565811,0.651022,-0.020331,0.655516,0.989480,1.107692,-0.130785,0.612021,1.266746,1.148170,1.124943,0.479432,0.314760,0.855689,1.632713,0.231235,0.974146,0.277439,0.916055,1.048482,0.610287,0.003893,1.077217,0.638915,1.721903,1.087332,0.913954,-0.369205,1.368318,-1.426944,1.504677,1.218078,-1.632344,1.650398,0.986716,1.193138,-1.136759,1.014391,1.206509,0.185305,0.715007,0.339775,1.813905,0.590651,1.144719,1.758690,0.767620,0.205785,1.514609,0.579935,1.618544,-0.944656,0.763401,0.986355,-0.465448,0.852479,1.408191,-1.025838,0.545926,0.361495,-0.384152,0.667393,0.557042,1.240206,1.250958,-0.026362,0.596045,1.277963,-0.122517,-0.366027,1.104141,0.426637,0.740783,1.304443,1.731477,1.329972,0.734282,1.218623,0.605245,0.713856,0.984622,-0.143434,0.877258,0.885118,0.047305,0.825760,0.994031,-0.191412,0.747453,0.894347,-0.416107,0.841485,0.957482,-1.018132,0.889352,1.390587,0.966106,0.805749,0.653504,1.064080,0.851689,1.628663,0.047697,0.821764,1.556328,-0.832251,1.079871,0.931449,-0.940476,0.972635,-0.058160,-0.055197,0.703849,0.070772,0.884098,0.754251,1.220680,-0.981293,0.702461,0.792749,0.698166,1.062121,0.178999,0.275996,0.797296,0.427931,0.716072,0.711248,0.068615,0.662052,1.119840,0.152793,0.429487,0.849483,0.531587,0.770722,1.065775,1.353375,-0.889085,0.777518,0.936694,-0.885505,1.034653,0.599515,-0.750379,0.758778,1.603790,1.091792,0.737862,0.261163,1.835856,0.764231,0.059293,-0.862180,0.687655,0.984875,1.482764,0.755360,0.922786,1.367989,0.765383,-1.358650,-0.634011,0.803858,0.376015,1.703126,0.885206,-1.115689,-1.044916,0.669712,-0.323079,-1.384737,0.792305,-1.335242,-0.987941,0.759888,-0.473639,1.209298,0.947867,-1.525677,-1.302988,0.653434,1.867410,-1.078863,0.772577,1.762441,-1.329809,0.646709,1.141303,-1.622274,0.935673,-0.592346,2.133986,0.604294,1.378863,-0.621199,0.709386,1.688675,0.828837,1.011641,1.363284,1.157961,0.835305,-0.412381,-0.667462,0.830985,0.554153,0.140140
0.839379,-0.889092,0.940810,-0.082424,0.230238,-0.690924,-1.069704,-0.402215,1.098179,-0.331972,0.607626,0.275766,-1.247675,0.178165,0.473947,0.339766,-0.405921,-0.566982,0.698615,-0.763712,0.824415,-0.023312,0.922854,0.152291,-0.111109,0.142056,0.863691,0.352052,-0.135724,0.351651,0.441203,0.188787,0.997171,0.441196,0.188854,0.000390,-1.207898,0.361320,0.623821,-0.047699,0.193004,1.914055,-0.047699,0.000390,0.000390,0.750027,0.212990,-0.606515,-0.743440,1.124755,-0.633571,0.535966,0.574734,0.848649,0.054481,0.729947,-0.305463,-0.047699,0.000390,0.000390,-0.046935,0.000390,0.000390,-0.047699,0.000390,0.000390,0.441196,0.188853,0.000390,0.441196,0.188853,0.000390,0.441203,0.188853,0.000390,0.429368,-0.174267,0.265858,0.755773,-0.240204,0.789583,0.030725,1.676167,0.026410,0.678632,0.496766,-0.361118,0.231387,1.237960,-0.705722,0.477129,0.218680,1.248762,0.301058,0.593784,0.420931,-0.002237,1.215973,0.593077,0.545299,1.146608,0.365561,0.768444,0.565266,0.711723,0.275377,1.028772,1.004417,0.542526,1.000189,-0.112605,0.382484,0.979257,0.336599,0.629925,0.241317,-0.924055,0.112488,0.876485,0.505988,0.024002,0.964143,1.099719,0.175292,1.509744,1.476323,0.183917,-0.240916,0.368223,0.199153,0.842365,-0.318058,-0.071194,1.157647,1.438288,0.430977,1.023703,1.661119,-0.514301,-0.053730,0.150088,-0.689124,-0.206805,1.436911,-0.765235,-0.291277,0.684872,-0.848143,-0.327291,0.925627,-0.896113,-0.382174,1.175049,0.131383,-0.076692,1.096444,0.632733,-0.077745,0.429877,0.695909,-0.100362,0.750878,0.579878,-0.127801,0.588487,0.433324,0.001330,-0.176989,0.949023,-0.023281,0.662834,0.954612,-0.021757,0.646592,0.779640,-0.001897,-1.252555,0.529421,0.009451,0.349908,0.708128,-0.009566,1.443128,0.668391,-0.048169,0.249287,0.460945,-0.108391,-0.963454,0.470525,0.008618,-0.086742,0.705525,-0.030158,-0.131845,0.683883,-0.092348,-0.278718,0.782184,-0.166471,0.504126,0.816257,0.788677,-0.628309,1.066841,0.806217,-0.705953,0.961939,0.664329,-1.192932,0.943404,0.302845,0.541155,0.952901,0.802445,1.203521,1.012011,0.068426,0.105137,0.921793,1.113319,1.164729,1.143141,0.397783,1.350807,0.659729,0.842271,0.507960,0.367294,0.496995,1.211080,0.800733,1.341262,2.056623,0.485813,1.403081,0.041052,1.348782,0.738028,-0.060995,0.487156,0.244519,-1.319624,1.970244,-0.019225,-0.061801,1.968484,0.165317,0.237002,2.044796,0.062679,-0.040474,0.824640,0.850849,0.248766,0.879737,1.699770,-0.511328,0.842693,1.232080,-0.381615,0.757394,1.143062,-0.448653,0.738194,1.179603,-1.169832,1.098920,0.733998,2.031138,1.310875,0.988381,2.628228,1.001072,1.452468,2.732008,0.677328,0.858601,0.452140,1.526044,0.881959,0.844263,1.359946,2.208564,-2.368050,1.150322,0.774074,-2.955373,1.383964,1.467668,0.131913,1.302202,1.952460,1.883181,1.209676,0.694650,2.051725,1.183546,1.112840,0.913548,1.018496,1.454689,0.665203,1.010167,0.443442,2.790625,0.918750,0.330822,2.177141,1.122077,0.864002,-1.037224,1.245212,-0.003006,0.835764,0.958146,0.136971,0.863133,0.912025,1.145609,-1.401298,0.950452,0.669442,0.840066,1.023415,0.060627,0.571902,1.247667,0.520514,-2.573964,1.428317,0.214934,0.165543,0.631932,0.292696,0.555247,0.663734,0.643287,-1.141448,0.557973,0.349060,0.128623,1.484254,0.962365,2.249724,0.856507,0.383602,1.305164,0.839244,0.640859,-2.094257,1.010439,0.640901,1.398605,0.974077,1.712653,2.201909,1.173109,1.396277,0.937600,0.493262,0.085540,-1.550095,1.427294,1.013220,0.515123,0.533476,1.200936,-1.946077,0.725159,0.945252,1.644933,0.881583,0.420365,1.366846,1.059847,0.603671,0.924704,0.837613,1.254379,-1.912287,1.078782,0.924294,-0.805228,0.920883,0.058893,2.526760,0.981400,-0.107105,1.985198,1.130270,0.151615,1.604808,0.659274,0.603750,1.005882,1.079902,0.297146,2.156060,0.916765,0.667343,1.279391,0.973287,0.109489,1.662920,0.752359,-0.369307,-1.244388,0.780941,0.678091,-2.132797
0.839379,-0.889092,0.940810,-0.082424,0.230238,-0.690924,-1.069704,-0.402215,1.098179,-0.331972,0.607626,0.275766,-1.247675,0.178165,0.473947,0.339766,-0.405921,-0.566982,0.698615,-0.763712,0.824415,-0.023312,0.922854,0.152291,-0.111109,0.142056,0.863691,0.352052,-0.135724,0.351651,0.441203,0.188787,0.997171,0.441196,0.188854,0.000390,-1.207898,0.361320,0.623821,-0.047699,0.193004,1.914055,-0.047699,0.000390,0.000390,0.750027,0.212990,-0.606515,-0.743440,1.124755,-0.633571,0.535966,0.574734,0.848649,0.054481,0.729947,-0.305463,-0.047699,0.000390,0.000390,-0.046935,0.000390,0.000390,-0.047699,0.000390,0.000390,0.441196,0.188853,0.000390,0.441196,0.188853,0.000390,0.441203,0.188853,0.000390,0.429368,-0.174267,0.265858,0.755773,-0.240204,0.789583,0.030725,1.676167,0.026410,0.678632,0.496766,-0.361118,0.231387,1.237960,-0.705722,0.477129,0.218680,1.248762,0.301058,0.593784,0.420931,-0.002237,1.215973,0.593077,0.545299,1.146608,0.365561,0.768444,0.565266,0.711723,0.275377,1.028772,1.004417,0.542526,1.000189,-0.112605,0.382484,0.979257,0.336599,0.629925,0.241317,-0.924055,0.112488,0.876485,0.505988,0.024002,0.964143,1.099719,0.175292,1.509744,1.476323,0.183917,-0.240916,0.368223,0.199153,0.842365,-0.318058,-0.071194,1.157647,1.438288,0.430977,1.023703,1.661119,-0.514301,-0.053730,0.150088,-0.689124,-0.206805,1.436911,-0.765235,-0.291277,0.684872,-0.848143,-0.327291,0.925627,-0.896113,-0.382174,1.175049,0.131383,-0.076692,1.096444,0.632733,-0.077745,0.429877,0.695909,-0.100362,0.750878,0.579878,-0.127801,0.588487,0.433324,0.001330,-0.176989,0.949023,-0.023281,0.662834,0.954612,-0.021757,0.646592,0.779640,-0.001897,-1.252555,0.529421,0.009451,0.349908,0.708128,-0.009566,1.443128,0.668391,-0.048169,0.249287,0.460945,-0.108391,-0.963454,0.470525,0.008618,-0.086742,0.705525,-0.030158,-0.131845,0.683883,-0.092348,-0.278718,0.782184,-0.166471,0.504126,0.816257,0.788677,-0.628309,1.066841,0.806217,-0.705953,0.961939,0.664329,-1.192932,0.943404,0.302845,0.541155,0.952901,0.802445,1.203521,1.012011,0.068426,0.105137,0.921793,1.113319,1.164729,1.143141,0.397783,1.350807,0.659729,0.842271,0.507960,0.367294,0.496995,1.211080,0.800733,1.341262,2.056623,0.485813,1.403081,0.041052,1.348782,0.738028,-0.060995,0.487156,0.244519,-1.319624,1.970244,-0.019225,-0.061801,1.968484,0.165317,0.237002,2.044796,0.062679,-0.040474,0.824640,0.850849,0.248766,0.879737,1.699770,-0.511328,0.842693,1.232080,-0.381615,0.757394,1.143062,-0.448653,0.738194,1.179603,-1.169832,1.098920,0.733998,2.031138,1.310875,0.988381,2.628228,1.001072,1.452468,2.732008,0.677328,0.858601,0.452140,1.526044,0.881959,0.844263,1.359946,2.208564,-2.368050,1.150322,0.774074,-2.955373,1.383964,1.467668,0.131913,1.302202,1.952460,1.883181,1.209676,0.694650,2.051725,1.183546,1.112840,0.913548,1.018496,1.454689,0.665203,1.010167,0.443442,2.790625,0.918750,0.330822,2.177141,1.122077,0.864002,-1.037224,1.245212,-0.003006,0.835764,0.958146,0.136971,0.863133,0.912025,1.145609,-1.401298,0.950452,0.669442,0.840066,1.023415,0.060627,0.571902,1.247667,0.520514,-2.573964,1.428317,0.214934,0.165543,0.631932,0.292696,0.555247,0.663734,0.643287,-1.141448,0.557973,0.349060,0.128623,1.484254,0.962365,2.249724,0.856507,0.383602,1.305164,0.839244,0.640859,-2.094257,1.010439,0.640901,1.398605,0.974077,1.712653,2.201909,1.173109,1.396277,0.937600,0.493262,0.085540,-1.550095,1.427294,1.013220,0.515123,0.533476,1.200936,-1.946077,0.725159,0.945252,1.644933,0.881583,0.420365,1.366846,1.059847,0.603671,0.924704,0.837613,1.254379,-1.912287,1.078782,0.924294,-0.805228,0.920883,0.058893,2.526760,0.981400,-0.107105,1.985198,1.130270,0.151615,1.604808,0.659274,0.603750,1.005882,1.079902,0.297146,2.156060,0.916765,0.667343,1.279391,0.973287,0.109489,1.662920,0.752359,-0.369307,-1.244388,0.780941,0.678091,-2.132797
0.839379,-0.889092,0.940810,-0.082424,0.230238,-0.690924,-1.069704,-0.402215,1.098179,-0.331972,0.607626,0.275766,-1.247675,0.178165,0.473947,0.339766,-0.405921,-0.566982,0.698615,-0.763712,0.824415,-0.023312,0.922854,0.152291,-0.111109,0.142056,0.863691,0.352052,-0.135724,0.351651,0.441203,0.188787,0.997171,0.441196,0.188854,0.000390,-1.207898,0.361320,0.623821,-0.047699,0.193004,1.914055,-0.047699,0.000390,0.000390,0.750027,0.212990,-0.606515,-0.743440,1.124755,-0.633571,0.535966,0.574734,0.848649,0.054481,0.729947,-0.305463,-0.047699,0.000390,0.000390,-0.046935,0.000390,0.000390,-0.047699,0.000390,0.000390,0.441196,0.188853,0.000390,0.441196,0.188853,0.000390,0.441203,0.188853,0.000390,0.429368,-0.174267,0.265858,0.755773,-0.240204,0.789583,0.030725,1.676167,0.026410,0.678632,0.496766,-0.361118,0.231387,1.237960,-0.705722,0.477129,0.218680,1.248762,0.301058,0.593784,0.420931,-0.002237,1.215973,0.593077,0.545299,1.146608,0.365561,0.768444,0.565266,0.711723,0.275377,1.028772,1.004417,0.542526,1.000189,-0.112605,0.382484,0.979257,0.336599,0.629925,0.241317,-0.924055,0.112488,0.876485,0.505988,0.024002,0.964143,1.099719,0.175292,1.509744,1.476323,0.183917,-0.240916,0.368223,0.199153,0.842365,-0.318058,-0.071194,1.157647,1.438288,0.430977,1.023703,1.661119,-0.514301,-0.053730,0.150088,-0.689124,-0.206805,1.436911,-0.765235,-0.291277,0.684872,-0.848143,-0.327291,0.925627,-0.896113,-0.382174,1.175049,0.131383,-0.076692,1.096444,0.632733,-0.077745,0.429877,0.695909,-0.100362,0.750878,0.579878,-0.127801,0.588487,0.433324,0.001330,-0.176989,0.949023,-0.023281,0.662834,0.954612,-0.021757,0.646592,0.779640,-0.001897,-1.252555,0.529421,0.009451,0.349908,0.708128,-0.009566,1.443128,0.668391,-0.048169,0.249287,0.460945,-0.108391,-0.963454,0.470525,0.008618,-0.086742,0.705525,-0.030158,-0.131845,0.683883,-0.092348,-0.278718,0.782184,-0.166471,0.504126,0.816257,0.788677,-0.628309,1.066841,0.806217,-0.705953,0.961939,0.664329,-1.192932,0.943404,0.302845,0.541155,0.952901,0.802445,1.203521,1.012011,0.068426,0.105137,0.921793,1.113319,1.164729,1.143141,0.397783,1.350807,0.659729,0.842271,0.507960,0.367294,0.496995,1.211080,0.800733,1.341262,2.056623,0.485813,1.403081,0.041052,1.348782,0.738028,-0.060995,0.487156,0.244519,-1.319624,1.970244,-0.019225,-0.061801,1.968484,0.165317,0.237002,2.044796,0.062679,-0.040474,0.824640,0.850849,0.248766,0.879737,1.699770,-0.511328,0.842693,1.232080,-0.381615,0.757394,1.143062,-0.448653,0.738194,1.179603,-1.169832,1.098920,0.733998,2.031138,1.310875,0.988381,2.628228,1.001072,1.452468,2.732008,0.677328,0.858601,0.452140,1.526044,0.881959,0.844263,1.359946,2.208564,-2.368050,1.150322,0.774074,-2.955373,1.383964,1.467668,0.131913,1.302202,1.952460,1.883181,1.209676,0.694650,2.051725,1.183546,1.112840,0.913548,1.018496,1.454689,0.665203,1.010167,0.443442,2.790625,0.918750,0.330822,2.177141,1.122077,0.864002,-1.037224,1.245212,-0.003006,0.835764,0.958146,0.136971,0.863133,0.912025,1.145609,-1.401298,0.950452,0.669442,0.840066,1.023415,0.060627,0.571902,1.247667,0.520514,-2.573964,1.428317,0.214934,0.165543,0.631932,0.292696,0.555247,0.663734,0.643287,-1.141448,0.557973,0.349060,0.128623,1.484254,0.962365,2.249724,0.856507,0.383602,1.305164,0.839244,0.640859,-2.094257,1.010439,0.640901,1.398605,0.974077,1.712653,2.201909,1.173109,1.396277,0.937600,0.493262,0.085540,-1.550095,1.427294,1.013220,0.515123,0.533476,1.200936,-1.946077,0.725159,0.945252,1.644933,0.881583,0.420365,1.366846,1.059847,0.603671,0.924704,0.837613,1.254379,-1.912287,1.078782,0.924294,-0.805228,0.920883,0.058893,2.526760,0.981400,-0.107105,1.985198,1.130270,0.151615,1.604808,0.659274,0.603750,1.005882,1.079902,0.297146,2.156060,0.916765,0.667343,1.279391,0.973287,0.109489,1.662920,0.752359,-0.369307,-1.244388,0.780941,0.678091,-2.132797
0.839379,-0.889092,0.940810,-0.082424,0.230238,-0.690924,-1.069704,-0.402215,1.098179,-0.331972,0.607626,0.275766,-1.247675,0.178165,0.473947,0.339766,-0.405921,-0.566982,0.698615,-0.763712,0.824415,-0.023312,0.922854,0.152291,-0.111109,0.142056,0.863691,0.352052,-0.135724,0.351651,0.441203,0.188787,0.997171,0.441196,0.188854,0.000390,-1.207898,0.361320,0.623821,-0.047699,0.193004,1.914055,-0.047699,0.000390,0.000390,0.750027,0.212990,-0.606515,-0.743440,1.124755,-0.633571,0.535966,0.574734,0.848649,0.054481,0.729947,-0.305463,-0.047699,0.000390,0.000390,-0.046935,0.000390,0.000390,-0.047699,0.000390,0.000390,0.441196,0.188853,0.000390,0.441196,0.188853,0.000390,0.441203,0.188853,0.000390,0.429368,-0.174267,0.265858,0.755773,-0.240204,0.789583,0.030725,1.676167,0.026410,0.678632,0.496766,-0.361118,0.231387,1.237960,-0.705722,0.477129,0.218680,1.248762,0.301058,0.593784,0.420931,-0.002237,1.215973,0.593077,0.545299,1.146608,0.365561,0.768444,0.565266,0.711723,0.275377,1.028772,1.004417,0.542526,1.000189,-0.112605,0.382484,0.979257,0.336599,0.629925,0.241317,-0.924055,0.112488,0.876485,0.505988,0.024002,0.964143,1.099719,0.175292,1.509744,1.476323,0.183917,-0.240916,0.368223,0.199153,0.842365,-0.318058,-0.071194,1.157647,1.438288,0.430977,1.023703,1.661119,-0.514301,-0.053730,0.150088,-0.689124,-0.206805,1.436911,-0.765235,-0.291277,0.684872,-0.848143,-0.327291,0.925627,-0.896113,-0.382174,1.175049,0.131383,-0.076692,1.096444,0.632733,-0.077745,0.429877,0.695909,-0.100362,0.750878,0.579878,-0.127801,0.588487,0.433324,0.001330,-0.176989,0.949023,-0.023281,0.662834,0.954612,-0.021757,0.646592,0.779640,-0.001897,-1.252555,0.529421,0.009451,0.349908,0.708128,-0.009566,1.443128,0.668391,-0.048169,0.249287,0.460945,-0.108391,-0.963454,0.470525,0.008618,-0.086742,0.705525,-0.030158,-0.131845,0.683883,-0.092348,-0.278718,0.782184,-0.166471,0.504126,0.816257,0.788677,-0.628309,1.066841,0.806217,-0.705953,0.961939,0.664329,-1.192932,0.943404,0.302845,0.541155,0.952901,0.802445,1.203521,1.012011,0.068426,0.105137,0.921793,1.113319,1.164729,1.143141,0.397783,1.350807,0.659729,0.842271,0.507960,0.367294,0.496995,1.211080,0.800733,1.341262,2.056623,0.485813,1.403081,0.041052,1.348782,0.738028,-0.060995,0.487156,0.244519,-1.319624,1.970244,-0.019225,-0.061801,1.968484,0.165317,0.237002,2.044796,0.062679,-0.040474,0.824640,0.850849,0.248766,0.879737,1.699770,-0.511328,0.842693,1.232080,-0.381615,0.757394,1.143062,-0.448653,0.738194,1.179603,-1.169832,1.098920,0.733998,2.031138,1.310875,0.988381,2.628228,1.001072,1.452468,2.732008,0.677328,0.858601,0.452140,1.526044,0.881959,0.844263,1.359946,2.208564,-2.368050,1.150322,0.774074,-2.955373,1.383964,1.467668,0.131913,1.302202,1.952460,1.883181,1.209676,0.694650,2.051725,1.183546,1.112840,0.913548,1.018496,1.454689,0.665203,1.010167,0.443442,2.790625,0.918750,0.330822,2.177141,1.122077,0.864002,-1.037224,1.245212,-0.003006,0.835764,0.958146,0.136971,0.863133,0.912025,1.145609,-1.401298,0.950452,0.669442,0.840066,1.023415,0.060627,0.571902,1.247667,0.520514,-2.573964,1.428317,0.214934,0.165543,0.631932,0.292696,0.555247,0.663734,0.643287,-1.141448,0.557973,0.349060,0.128623,1.484254,0.962365,2.249724,0.856507,0.383602,1.305164,0.839244,0.640859,-2.094257,1.010439,0.640901,1.398605,0.974077,1.712653,2.201909,1.173109,1.396277,0.937600,0.493262,0.085540,-1.550095,1.427294,1.013220,0.515123,0.533476,1.200936,-1.946077,0.725159,0.945252,1.644933,0.881583,0.420365,1.366846,1.059847,0.603671,0.924704,0.837613,1.254379,-1.912287,1.078782,0.924294,-0.805228,0.920883,0.058893,2.526760,0.981400,-0.107105,1.985198,1.130270,0.151615,1.604808,0.659274,0.603750,1.005882,1.079902,0.297146,2.156060,0.916765,0.667343,1.279391,0.973287,0.109489,1.662920,0.752359,-0.369307,-1.244388,0.780941,0.678091,-2.132797
0.839379,-0.889092,0.940810,-0.082424,0.230238,-0.690924,-1.069704,-0.402215,1.098179,-0.331972,0.607626,0.275766,-1.247675,0.178165,0.473947,0.339766,-0.405921,-0.566982,0.698615,-0.763712,0.824415,-0.023312,0.922854,0.152291,-0.111109,0.142056,0.863691,0.352052,-0.135724,0.351651,0.441203,0.188787,0.997171,0.441196,0.188854,0.000390,-1.207898,0.361320,0.623821,-0.047699,0.193004,1.914055,-0.047699,0.000390,0.000390,0.750027,0.212990,-0.606515,-0.743440,1.124755,-0.633571,0.535966,0.574734,0.848649,0.054481,0.729947,-0.305463,-0.047699,0.000390,0.000390,-0.046935,0.000390,0.000390,-0.047699,0.000390,0.000390,0.441196,0.188853,0.000390,0.441196,0.188853,0.000390,0.441203,0.188853,0.000390,0.429368,-0.174267,0.265858,0.755773,-0.240204,0.789583,0.030725,1.676167,0.026410,0.678632,0.496766,-0.361118,0.231387,1.237960,-0.705722,0.477129,0.218680,1.248762,0.301058,0.593784,0.420931,-0.002237,1.215973,0.593077,0.545299,1.146608,0.365561,0.768444,0.565266,0.711723,0.275377,1.028772,1.004417,0.542526,1.000189,-0.112605,0.382484,0.979257,0.336599,0.629925,0.241317,-0.924055,0.112488,0.876485,0.505988,0.024002,0.964143,1.099719,0.175292,1.509744,1.476323,0.183917,-0.240916,0.368223,0.199153,0.842365,-0.318058,-0.071194,1.157647,1.438288,0.430977,1.023703,1.661119,-0.514301,-0.053730,0.150088,-0.689124,-0.206805,1.436911,-0.765235,-0.291277,0.684872,-0.848143,-0.327291,0.925627,-0.896113,-0.382174,1.175049,0.131383,-0.076692,1.096444,0.632733,-0.077745,0.429877,0.695909,-0.100362,0.750878,0.579878,-0.127801,0.588487,0.433324,0.001330,-0.176989,0.949023,-0.023281,0.662834,0.954612,-0.021757,0.646592,0.779640,-0.001897,-1.252555,0.529421,0.009451,0.349908,0.708128,-0.009566,1.443128,0.668391,-0.048169,0.249287,0.460945,-0.108391,-0.963454,0.470525,0.008618,-0.086742,0.705525,-0.030158,-0.131845,0.683883,-0.092348,-0.278718,0.782184,-0.166471,0.504126,0.816257,0.788677,-0.628309,1.066841,0.806217,-0.705953,0.961939,0.664329,-1.192932,0.943404,0.302845,0.541155,0.952901,0.802445,1.203521,1.012011,0.068426,0.105137,0.921793,1.113319,1.164729,1.143141,0.397783,1.350807,0.659729,0.842271,0.507960,0.367294,0.496995,1.211080,0.800733,1.341262,2.056623,0.485813,1.403081,0.041052,1.348782,0.738028,-0.060995,0.487156,0.244519,-1.319624,1.970244,-0.019225,-0.061801,1.968484,0.165317,0.237002,2.044796,0.062679,-0.040474,0.824640,0.850849,0.248766,0.879737,1.699770,-0.511328,0.842693,1.232080,-0.381615,0.757394,1.143062,-0.448653,0.738194,1.179603,-1.169832,1.098920,0.733998,2.031138,1.310875,0.988381,2.628228,1.001072,1.452468,2.732008,0.677328,0.858601,0.452140,1.526044,0.881959,0.844263,1.359946,2.208564,-2.368050,1.150322,0.774074,-2.955373,1.383964,1.467668,0.131913,1.302202,1.952460,1.883181,1.209676,0.694650,2.051725,1.183546,1.112840,0.913548,1.018496,1.454689,0.665203,1.010167,0.443442,2.790625,0.918750,0.330822,2.177141,1.122077,0.864002,-1.037224,1.245212,-0.003006,0.835764,0.958146,0.136971,0.863133,0.912025,1.145609,-1.401298,0.950452,0.669442,0.840066,1.023415,0.060627,0.571902,1.247667,0.520514,-2.573964,1.428317,0.214934,0.165543,0.631932,0.292696,0.555247,0.663734,0.643287,-1.141448,0.557973,0.349060,0.128623,1.484254,0.962365,2.249724,0.856507,0.383602,1.305164,0.839244,0.640859,-2.094257,1.010439,0.640901,1.398605,0.974077,1.712653,2.201909,1.173109,1.396277,0.937600,0.493262,0.085540,-1.550095,1.427294,1.013220,0.515123,0.533476,1.200936,-1.946077,0.725159,0.945252,1.644933,0.881583,0.420365,1.366846,1.059847,0.603671,0.924704,0.837613,1.254379,-1.912287,1.078782,0.924294,-0.805228,0.920883,0.058893,2.526760,0.981400,-0.107105,1.985198,1.130270,0.151615,1.604808,0.659274,0.603750,1.005882,1.079902,0.297146,2.156060,0.916765,0.667343,1.279391,0.973287,0.109489,1.662920,0.752359,-0.369307,-1.244388,0.780941,0.678091,-2.132797
0.839379,-0.889092,0.940810,-0.082424,0.230238,-0.690924,-1.069704,-0.402215,1.098179,-0.331972,0.607626,0.275766,-1.247675,0.178165,0.473947,0.339766,-0.405921,-0.566982,0.698615,-0.763712,0.824415,-0.023312,0.922854,0.152291,-0.111109,0.142056,0.863691,0.352052,-0.135724,0.351651,0.441203,0.188787,0.997171,0.441196,0.188854,0.000390,-1.207898,0.361320,0.623821,-0.047699,0.193004,1.914055,-0.047699,0.000390,0.000390,0.750027,0.212990,-0.606515,-0.743440,1.124755,-0.633571,0.535966,0.574734,0.848649,0.054481,0.729947,-0.305463,-0.047699,0.000390,0.000390,-0.046935,0.000390,0.000390,-0.047699,0.000390,0.000390,0.441196,0.188853,0.000390,0.441196,0.188853,0.000390,0.441203,0.188853,0.000390,0.429368,-0.174267,0.265858,0.755773,-0.240204,0.789583,0.030725,1.676167,0.026410,0.678632,0.496766,-0.361118,0.231387,1.237960,-0.705722,0.477129,0.218680,1.248762,0.301058,0.593784,0.420931,-0.002237,1.215973,0.593077,0.545299,1.146608,0.365561,0.768444,0.565266,0.711723,0.275377,1.028772,1.004417,0.542526,1.000189,-0.112605,0.382484,0.979257,0.336599,0.629925,0.241317,-0.924055,0.112488,0.876485,0.505988,0.024002,0.964143,1.099719,0.175292,1.509744,1.476323,0.183917,-0.240916,0.368223,0.199153,0.842365,-0.318058,-0.071194,1.157647,1.438288,0.430977,1.023703,1.661119,-0.514301,-0.053730,0.150088,-0.689124,-0.206805,1.436911,-0.765235,-0.291277,0.684872,-0.848143,-0.327291,0.925627,-0.896113,-0.382174,1.175049,0.131383,-0.076692,1.096444,0.632733,-0.077745,0.429877,0.695909,-0.100362,0.750878,0.579878,-0.127801,0.588487,0.433324,0.001330,-0.176989,0.949023,-0.023281,0.662834,0.954612,-0.021757,0.646592,0.779640,-0.001897,-1.252555,0.529421,0.009451,0.349908,0.708128,-0.009566,1.443128,0.668391,-0.048169,0.249287,0.460945,-0.108391,-0.963454,0.470525,0.008618,-0.086742,0.705525,-0.030158,-0.131845,0.683883,-0.092348,-0.278718,0.782184,-0.166471,0.504126,0.816257,0.788677,-0.628309,1.066841,0.806217,-0.705953,0.961939,0.664329,-1.192932,0.943404,0.302845,0.541155,0.952901,0.802445,1.203521,1.012011,0.068426,0.105137,0.921793,1.113319,1.164729,1.143141,0.397783,1.350807,0.659729,0.842271,0.507960,0.367294,0.496995,1.211080,0.800733,1.341262,2.056623,0.485813,1.403081,0.041052,1.348782,0.738028,-0.060995,0.487156,0.244519,-1.319624,1.970244,-0.019225,-0.061801,1.968484,0.165317,0.237002,2.044796,0.062679,-0.040474,0.824640,0.850849,0.248766,0.879737,1.699770,-0.511328,0.842693,1.232080,-0.381615,0.757394,1.143062,-0.448653,0.738194,1.179603,-1.169832,1.098920,0.733998,2.031138,1.310875,0.988381,2.628228,1.001072,1.452468,2.732008,0.677328,0.858601,0.452140,1.526044,0.881959,0.844263,1.359946,2.208564,-2.368050,1.150322,0.774074,-2.955373,1.383964,1.467668,0.131913,1.302202,1.952460,1.883181,1.209676,0.694650,2.051725,1.183546,1.112840,0.913548,1.018496,1.454689,0.665203,1.010167,0.443442,2.790625,0.918750,0.330822,2.177141,1.122077,0.864002,-1.037224,1.245212,-0.003006,0.835764,0.958146,0.136971,0.863133,0.912025,1.145609,-1.401298,0.950452,0.669442,0.840066,1.023415,0.060627,0.571902,1.247667,0.520514,-2.573964,1.428317,0.214934,0.165543,0.631932,0.292696,0.555247,0.663734,0.643287,-1.141448,0.557973,0.349060,0.128623,1.484254,0.962365,2.249724,0.856507,0.383602,1.305164,0.839244,0.640859,-2.094257,1.010439,0.640901,1.398605,0.974077,1.712653,2.201909,1.173109,1.396277,0.937600,0.493262,0.085540,-1.550095,1.427294,1.013220,0.515123,0.533476,1.200936,-1.946077,0.725159,0.945252,1.644933,0.881583,0.420365,1.366846,1.059847,0.603671,0.924704,0.837613,1.254379,-1.912287,1.078782,0.924294,-0.805228,0.920883,0.058893,2.526760,0.981400,-0.107105,1.985198,1.130270,0.151615,1.604808,0.659274,0.603750,1.005882,1.079902,0.297146,2.156060,0.916765,0.667343,1.279391,0.973287,0.109489,1.662920,0.752359,-0.369307,-1.244388,0.780941,0.678091,-2.132797
0.831510,1.119524,0.767868,-0.036215,0.244951,-0.524473,-1.056497,-0.409289,1.010540,-0.320174,-0.034149,0.975156,-1.248318,0.133079,0.637038,0.288621,-0.403437,-0.022481,0.691210,-0.805561,-0.200186,-0.032029,0.876702,-0.149119,0.021477,-0.635801,-0.538636,0.306705,-1.038810,-0.058226,0.414113,0.188787,0.803867,0.414105,0.188854,0.000390,0.854699,-0.655799,-1.040682,-0.047699,0.193004,0.558923,-0.047699,0.000390,0.000390,0.748408,0.204747,-0.567587,-0.745101,1.426918,-0.329938,1.276622,0.558459,0.760981,0.935178,0.724909,0.908153,-0.047699,0.000390,0.000390,-0.046935,0.000390,0.000390,-0.047699,0.000390,0.000390,0.414105,0.188853,0.000390,0.414105,0.188853,0.000390,0.414113,0.188853,0.000390,0.417001,0.276514,0.214736,0.029566,1.067770,-1.142107,0.023873,2.142951,0.649353,0.371529,1.004357,-0.992201,-0.390519,1.171828,-0.127303,0.468660,0.664537,-0.164278,0.294292,0.533367,-0.501750,-0.008842,1.164168,0.874733,0.539998,1.099409,0.979222,0.760090,0.507980,1.006941,0.266816,1.371982,1.496748,0.536355,0.945037,-0.041455,0.376936,0.929967,1.328924,0.619492,0.650364,-0.900976,0.102860,0.834226,-0.165763,0.016247,1.265891,0.227330,0.168318,1.467270,1.501682,0.641630,-0.293404,0.441054,0.189470,0.798556,-0.808430,-0.079635,1.397582,1.009351,0.422433,0.980844,1.186311,-0.479449,-0.074465,-0.540774,-0.663877,-0.248076,0.645186,-0.767405,-0.315699,0.550442,-0.833166,-0.353574,0.861445,-0.904324,-0.403657,1.193775,0.187128,-0.098227,0.806438,0.616570,-0.107329,0.414958,0.667955,-0.116196,0.510480,0.541054,-0.148180,0.351050,0.434119,-0.028345,-0.263481,0.929746,-0.047425,0.218537,0.927043,-0.043369,1.461764,0.976607,-0.055532,-1.531013,0.461842,-0.001994,0.174504,0.689149,-0.029652,1.366286,0.641829,-0.077833,-0.149137,0.406800,-0.131030,-1.226895,0.380550,0.002501,-0.135936,0.661772,-0.052328,-0.091155,0.659701,-0.107254,-0.304521,0.730739,-0.186771,0.285551,1.093022,0.483261,0.080210,0.919015,0.541274,-0.228942,0.826326,1.273631,-0.064296,0.801705,0.914957,0.458490,0.801888,1.283584,0.806854,0.856416,0.589863,0.794578,0.822808,0.956321,0.494018,0.705007,0.669094,0.701721,0.875595,0.677934,0.216614,0.625183,1.006536,0.853140,0.688997,2.021173,1.066520,0.375375,1.087439,-0.419479,1.224651,0.360549,0.361594,0.373040,0.994906,0.148414,1.365474,0.901955,-0.258531,1.304647,1.073518,-0.096290,0.949369,0.963225,-0.636315,1.099497,1.667565,-0.399407,0.763942,1.302128,-0.332035,0.721871,0.828139,1.346390,0.642903,0.792480,0.825070,0.631203,1.721378,0.356864,1.008716,0.392929,1.137819,1.218603,1.620851,0.675933,0.901432,2.023405,0.778682,0.570796,1.348871,0.144636,1.029016,1.496128,-0.494430,0.892848,0.771080,-0.669602,0.698748,1.335714,-0.311734,0.969696,1.143204,-0.725038,0.884884,0.766933,-0.787658,1.104195,1.369068,0.990000,1.081991,0.758372,0.761555,0.922780,1.064223,1.163662,0.911965,1.044885,1.834453,0.821003,0.964144,1.107768,1.004125,0.528899,-1.173296,0.841402,0.283692,0.025532,0.825530,0.481079,-0.112115,0.786733,0.772622,-1.190702,0.821124,1.445397,1.240321,0.921050,0.805526,0.610270,0.769694,1.119886,-0.479093,0.963577,0.527844,-1.054904,0.522661,0.591886,0.540875,0.559976,1.223919,0.097801,0.825338,-0.033570,1.011186,1.375245,0.547375,0.155775,1.078206,1.155684,0.707720,0.717647,0.258404,-1.026526,0.913857,0.242926,0.584034,0.879667,1.258302,0.549654,1.074301,0.965117,0.808638,0.737171,0.738622,-0.266613,1.326463,0.587496,-0.476980,0.785094,0.825599,-1.302958,0.936206,1.753353,0.891472,0.786262,1.159349,0.645752,0.965049,1.363924,0.045480,0.720159,0.915680,-0.897855,0.960861,1.781152,-0.265863,0.826118,0.643178,1.168612,0.887450,0.496896,0.974845,1.031847,0.795109,0.834420,0.869031,0.158595,0.891451,0.983098,0.984076,1.394769,0.823465,1.301347,0.407535,0.880571,0.905694,0.502959,1.000622,0.004530,0.803449,0.669706,-0.324299,-1.350137
0.831510,1.119524,0.767868,-0.036215,0.244951,-0.524473,-1.056497,-0.409289,1.010540,-0.320174,-0.034149,0.975156,-1.248318,0.133079,0.637038,0.288621,-0.403437,-0.022481,0.691210,-0.805561,-0.200186,-0.032029,0.876702,-0.149119,0.021477,-0.635801,-0.538636,0.306705,-1.038810,-0.058226,0.414113,0.188787,0.803867,0.414105,0.188854,0.000390,0.854699,-0.655799,-1.040682,-0.047699,0.193004,0.558923,-0.047699,0.000390,0.000390,0.748408,0.204747,-0.567587,-0.745101,1.426918,-0.329938,1.276622,0.558459,0.760981,0.935178,0.724909,0.908153,-0.047699,0.000390,0.000390,-0.046935,0.000390,0.000390,-0.047699,0.000390,0.000390,0.414105,0.188853,0.000390,0.414105,0.188853,0.000390,0.414113,0.188853,0.000390,0.417001,0.276514,0.214736,0.029566,1.067770,-1.142107,0.023873,2.142951,0.649353,0.371529,1.004357,-0.992201,-0.390519,1.171828,-0.127303,0.468660,0.664537,-0.164278,0.294292,0.533367,-0.501750,-0.008842,1.164168,0.874733,0.539998,1.099409,0.979222,0.760090,0.507980,1.006941,0.266816,1.371982,1.496748,0.536355,0.945037,-0.041455,0.376936,0.929967,1.328924,0.619492,0.650364,-0.900976,0.102860,0.834226,-0.165763,0.016247,1.265891,0.227330,0.168318,1.467270,1.501682,0.641630,-0.293404,0.441054,0.189470,0.798556,-0.808430,-0.079635,1.397582,1.009351,0.422433,0.980844,1.186311,-0.479449,-0.074465,-0.540774,-0.663877,-0.248076,0.645186,-0.767405,-0.315699,0.550442,-0.833166,-0.353574,0.861445,-0.904324,-0.403657,1.193775,0.187128,-0.098227,0.806438,0.616570,-0.107329,0.414958,0.667955,-0.116196,0.510480,0.541054,-0.148180,0.351050,0.434119,-0.028345,-0.263481,0.929746,-0.047425,0.218537,0.927043,-0.043369,1.461764,0.976607,-0.055532,-1.531013,0.461842,-0.001994,0.174504,0.689149,-0.029652,1.366286,0.641829,-0.077833,-0.149137,0.406800,-0.131030,-1.226895,0.380550,0.002501,-0.135936,0.661772,-0.052328,-0.091155,0.659701,-0.107254,-0.304521,0.730739,-0.186771,0.285551,1.093022,0.483261,0.080210,0.919015,0.541274,-0.228942,0.826326,1.273631,-0.064296,0.801705,0.914957,0.458490,0.801888,1.283584,0.806854,0.856416,0.589863,0.794578,0.822808,0.956321,0.494018,0.705007,0.669094,0.701721,0.875595,0.677934,0.216614,0.625183,1.006536,0.853140,0.688997,2.021173,1.066520,0.375375,1.087439,-0.419479,1.224651,0.360549,0.361594,0.373040,0.994906,0.148414,1.365474,0.901955,-0.258531,1.304647,1.073518,-0.096290,0.949369,0.963225,-0.636315,1.099497,1.667565,-0.399407,0.763942,1.302128,-0.332035,0.721871,0.828139,1.346390,0.642903,0.792480,0.825070,0.631203,1.721378,0.356864,1.008716,0.392929,1.137819,1.218603,1.620851,0.675933,0.901432,2.023405,0.778682,0.570796,1.348871,0.144636,1.029016,1.496128,-0.494430,0.892848,0.771080,-0.669602,0.698748,1.335714,-0.311734,0.969696,1.143204,-0.725038,0.884884,0.766933,-0.787658,1.104195,1.369068,0.990000,1.081991,0.758372,0.761555,0.922780,1.064223,1.163662,0.911965,1.044885,1.834453,0.821003,0.964144,1.107768,1.004125,0.528899,-1.173296,0.841402,0.283692,0.025532,0.825530,0.481079,-0.112115,0.786733,0.772622,-1.190702,0.821124,1.445397,1.240321,0.921050,0.805526,0.610270,0.769694,1.119886,-0.479093,0.963577,0.527844,-1.054904,0.522661,0.591886,0.540875,0.559976,1.223919,0.097801,0.825338,-0.033570,1.011186,1.375245,0.547375,0.155775,1.078206,1.155684,0.707720,0.717647,0.258404,-1.026526,0.913857,0.242926,0.584034,0.879667,1.258302,0.549654,1.074301,0.965117,0.808638,0.737171,0.738622,-0.266613,1.326463,0.587496,-0.476980,0.785094,0.825599,-1.302958,0.936206,1.753353,0.891472,0.786262,1.159349,0.645752,0.965049,1.363924,0.045480,0.720159,0.915680,-0.897855,0.960861,1.781152,-0.265863,0.826118,0.643178,1.168612,0.887450,0.496896,0.974845,1.031847,0.795109,0.834420,0.869031,0.158595,0.891451,0.983098,0.984076,1.394769,0.823465,1.301347,0.407535,0.880571,0.905694,0.502959,1.000622,0.004530,0.803449,0.669706,-0.324299,-1.350137
0.831510,1.119524,0.767868,-0.036215,0.244951,-0.524473,-1.056497,-0.409289,1.010540,-0.320174,-0.034149,0.975156,-1.248318,0.133079,0.637038,0.288621,-0.403437,-0.022481,0.691210,-0.805561,-0.200186,-0.032029,0.876702,-0.149119,0.021477,-0.635801,-0.538636,0.306705,-1.038810,-0.058226,0.414113,0.188787,0.803867,0.414105,0.188854,0.000390,0.854699,-0.655799,-1.040682,-0.047699,0.193004,0.558923,-0.047699,0.000390,0.000390,0.748408,0.204747,-0.567587,-0.745101,1.426918,-0.329938,1.276622,0.558459,0.760981,0.935178,0.724909,0.908153,-0.047699,0.000390,0.000390,-0.046935,0.000390,0.000390,-0.047699,0.000390,0.000390,0.414105,0.188853,0.000390,0.414105,0.188853,0.000390,0.414113,0.188853,0.000390,0.417001,0.276514,0.214736,0.029566,1.067770,-1.142107,0.023873,2.142951,0.649353,0.371529,1.004357,-0.992201,-0.390519,1.171828,-0.127303,0.468660,0.664537,-0.164278,0.294292,0.533367,-0.501750,-0.008842,1.164168,0.874733,0.539998,1.099409,0.979222,0.760090,0.507980,1.006941,0.266816,1.371982,1.496748,0.536355,0.945037,-0.041455,0.376936,0.929967,1.328924,0.619492,0.650364,-0.900976,0.102860,0.834226,-0.165763,0.016247,1.265891,0.227330,0.168318,1.467270,1.501682,0.641630,-0.293404,0.441054,0.189470,0.798556,-0.808430,-0.079635,1.397582,1.009351,0.422433,0.980844,1.186311,-0.479449,-0.074465,-0.540774,-0.663877,-0.248076,0.645186,-0.767405,-0.315699,0.550442,-0.833166,-0.353574,0.861445,-0.904324,-0.403657,1.193775,0.187128,-0.098227,0.806438,0.616570,-0.107329,0.414958,0.667955,-0.116196,0.510480,0.541054,-0.148180,0.351050,0.434119,-0.028345,-0.263481,0.929746,-0.047425,0.218537,0.927043,-0.043369,1.461764,0.976607,-0.055532,-1.531013,0.461842,-0.001994,0.174504,0.689149,-0.029652,1.366286,0.641829,-0.077833,-0.149137,0.406800,-0.131030,-1.226895,0.380550,0.002501,-0.135936,0.661772,-0.052328,-0.091155,0.659701,-0.107254,-0.304521,0.730739,-0.186771,0.285551,1.093022,0.483261,0.080210,0.919015,0.541274,-0.228942,0.826326,1.273631,-0.064296,0.801705,0.914957,0.458490,0.801888,1.283584,0.806854,0.856416,0.589863,0.794578,0.822808,0.956321,0.494018,0.705007,0.669094,0.701721,0.875595,0.677934,0.216614,0.625183,1.006536,0.853140,0.688997,2.021173,1.066520,0.375375,1.087439,-0.419479,1.224651,0.360549,0.361594,0.373040,0.994906,0.148414,1.365474,0.901955,-0.258531,1.304647,1.073518,-0.096290,0.949369,0.963225,-0.636315,1.099497,1.667565,-0.399407,0.763942,1.302128,-0.332035,0.721871,0.828139,1.346390,0.642903,0.792480,0.825070,0.631203,1.721378,0.356864,1.008716,0.392929,1.137819,1.218603,1.620851,0.675933,0.901432,2.023405,0.778682,0.570796,1.348871,0.144636,1.029016,1.496128,-0.494430,0.892848,0.771080,-0.669602,0.698748,1.335714,-0.311734,0.969696,1.143204,-0.725038,0.884884,0.766933,-0.787658,1.104195,1.369068,0.990000,1.081991,0.758372,0.761555,0.922780,1.064223,1.163662,0.911965,1.044885,1.834453,0.821003,0.964144,1.107768,1.004125,0.528899,-1.173296,0.841402,0.283692,0.025532,0.825530,0.481079,-0.112115,0.786733,0.772622,-1.190702,0.821124,1.445397,1.240321,0.921050,0.805526,0.610270,0.769694,1.119886,-0.479093,0.963577,0.527844,-1.054904,0.522661,0.591886,0.540875,0.559976,1.223919,0.097801,0.825338,-0.033570,1.011186,1.375245,0.547375,0.155775,1.078206,1.155684,0.707720,0.717647,0.258404,-1.026526,0.913857,0.242926,0.584034,0.879667,1.258302,0.549654,1.074301,0.965117,0.808638,0.737171,0.738622,-0.266613,1.326463,0.587496,-0.476980,0.785094,0.825599,-1.302958,0.936206,1.753353,0.891472,0.786262,1.159349,0.645752,0.965049,1.363924,0.045480,0.720159,0.915680,-0.897855,0.960861,1.781152,-0.265863,0.826118,0.643178,1.168612,0.887450,0.496896,0.974845,1.031847,0.795109,0.834420,0.869031,0.158595,0.891451,0.983098,0.984076,1.394769,0.823465,1.301347,0.407535,0.880571,0.905694,0.502959,1.000622,0.004530,0.803449,0.669706,-0.324299,-1.350137
0.831510,1.119524,0.767868,-0.036215,0.244951,-0.524473,-1.056497,-0.409289,1.010540,-0.320174,-0.034149,0.975156,-1.248318,0.133079,0.637038,0.288621,-0.403437,-0.022481,0.691210,-0.805561,-0.200186,-0.032029,0.876702,-0.149119,0.021477,-0.635801,-0.538636,0.306705,-1.038810,-0.058226,0.414113,0.188787,0.803867,0.414105,0.188854,0.000390,0.854699,-0.655799,-1.040682,-0.047699,0.193004,0.558923,-0.047699,0.000390,0.000390,0.748408,0.204747,-0.567587,-0.745101,1.426918,-0.329938,1.276622,0.558459,0.760981,0.935178,0.724909,0.908153,-0.047699,0.000390,0.000390,-0.046935,0.000390,0.000390,-0.047699,0.000390,0.000390,0.414105,0.188853,0.000390,0.414105,0.188853,0.000390,0.414113,0.188853,0.000390,0.417001,0.276514,0.214736,0.029566,1.067770,-1.142107,0.023873,2.142951,0.649353,0.371529,1.004357,-0.992201,-0.390519,1.171828,-0.127303,0.468660,0.664537,-0.164278,0.294292,0.533367,-0.501750,-0.008842,1.164168,0.874733,0.539998,1.099409,0.979222,0.760090,0.507980,1.006941,0.266816,1.371982,1.496748,0.536355,0.945037,-0.041455,0.376936,0.929967,1.328924,0.619492,0.650364,-0.900976,0.102860,0.834226,-0.165763,0.016247,1.265891,0.227330,0.168318,1.467270,1.501682,0.641630,-0.293404,0.441054,0.189470,0.798556,-0.808430,-0.079635,1.397582,1.009351,0.422433,0.980844,1.186311,-0.479449,-0.074465,-0.540774,-0.663877,-0.248076,0.645186,-0.767405,-0.315699,0.550442,-0.833166,-0.353574,0.861445,-0.904324,-0.403657,1.193775,0.187128,-0.098227,0.806438,0.616570,-0.107329,0.414958,0.667955,-0.116196,0.510480,0.541054,-0.148180,0.351050,0.434119,-0.028345,-0.263481,0.929746,-0.047425,0.218537,0.927043,-0.043369,1.461764,0.976607,-0.055532,-1.531013,0.461842,-0.001994,0.174504,0.689149,-0.029652,1.366286,0.641829,-0.077833,-0.149137,0.406800,-0.131030,-1.226895,0.380550,0.002501,-0.135936,0.661772,-0.052328,-0.091155,0.659701,-0.107254,-0.304521,0.730739,-0.186771,0.285551,1.093022,0.483261,0.080210,0.919015,0.541274,-0.228942,0.826326,1.273631,-0.064296,0.801705,0.914957,0.458490,0.801888,1.283584,0.806854,0.856416,0.589863,0.794578,0.822808,0.956321,0.494018,0.705007,0.669094,0.701721,0.875595,0.677934,0.216614,0.625183,1.006536,0.853140,0.688997,2.021173,1.066520,0.375375,1.087439,-0.419479,1.224651,0.360549,0.361594,0.373040,0.994906,0.148414,1.365474,0.901955,-0.258531,1.304647,1.073518,-0.096290,0.949369,0.963225,-0.636315,1.099497,1.667565,-0.399407,0.763942,1.302128,-0.332035,0.721871,0.828139,1.346390,0.642903,0.792480,0.825070,0.631203,1.721378,0.356864,1.008716,0.392929,1.137819,1.218603,1.620851,0.675933,0.901432,2.023405,0.778682,0.570796,1.348871,0.144636,1.029016,1.496128,-0.494430,0.892848,0.771080,-0.669602,0.698748,1.335714,-0.311734,0.969696,1.143204,-0.725038,0.884884,0.766933,-0.787658,1.104195,1.369068,0.990000,1.081991,0.758372,0.761555,0.922780,1.064223,1.163662,0.911965,1.044885,1.834453,0.821003,0.964144,1.107768,1.004125,0.528899,-1.173296,0.841402,0.283692,0.025532,0.825530,0.481079,-0.112115,0.786733,0.772622,-1.190702,0.821124,1.445397,1.240321,0.921050,0.805526,0.610270,0.769694,1.119886,-0.479093,0.963577,0.527844,-1.054904,0.522661,0.591886,0.540875,0.559976,1.223919,0.097801,0.825338,-0.033570,1.011186,1.375245,0.547375,0.155775,1.078206,1.155684,0.707720,0.717647,0.258404,-1.026526,0.913857,0.242926,0.584034,0.879667,1.258302,0.549654,1.074301,0.965117,0.808638,0.737171,0.738622,-0.266613,1.326463,0.587496,-0.476980,0.785094,0.825599,-1.302958,0.936206,1.753353,0.891472,0.786262,1.159349,0.645752,0.965049,1.363924,0.045480,0.720159,0.915680,-0.897855,0.960861,1.781152,-0.265863,0.826118,0.643178,1.168612,0.887450,0.496896,0.974845,1.031847,0.795109,0.834420,0.869031,0.158595,0.891451,0.983098,0.984076,1.394769,0.823465,1.301347,0.407535,0.880571,0.905694,0.502959,1.000622,0.004530,0.803449,0.669706,-0.324299,-1.350137
0.831510,1.119524,0.767868,-0.036215,0.244951,-0.524473,-1.056497,-0.409289,1.010540,-0.320174,-0.034149,0.975156,-1.248318,0.133079,0.637038,0.288621,-0.403437,-0.022481,0.691210,-0.805561,-0.200186,-0.032029,0.876702,-0.149119,0.021477,-0.635801,-0.538636,0.306705,-1.038810,-0.058226,0.414113,0.188787,0.803867,0.414105,0.188854,0.000390,0.854699,-0.655799,-1.040682,-0.047699,0.193004,0.558923,-0.047699,0.000390,0.000390,0.748408,0.204747,-0.567587,-0.745101,1.426918,-0.329938,1.276622,0.558459,0.760981,0.935178,0.724909,0.908153,-0.047699,0.000390,0.000390,-0.046935,0.000390,0.000390,-0.047699,0.000390,0.000390,0.414105,0.188853,0.000390,0.414105,0.188853,0.000390,0.414113,0.188853,0.000390,0.417001,0.276514,0.214736,0.029566,1.067770,-1.142107,0.023873,2.142951,0.649353,0.371529,1.004357,-0.992201,-0.390519,1.171828,-0.127303,0.468660,0.664537,-0.164278,0.294292,0.533367,-0.501750,-0.008842,1.164168,0.874733,0.539998,1.099409,0.979222,0.760090,0.507980,1.006941,0.266816,1.371982,1.496748,0.536355,0.945037,-0.041455,0.376936,0.929967,1.328924,0.619492,0.650364,-0.900976,0.102860,0.834226,-0.165763,0.016247,1.265891,0.227330,0.168318,1.467270,1.501682,0.641630,-0.293404,0.441054,0.189470,0.798556,-0.808430,-0.079635,1.397582,1.009351,0.422433,0.980844,1.186311,-0.479449,-0.074465,-0.540774,-0.663877,-0.248076,0.645186,-0.767405,-0.315699,0.550442,-0.833166,-0.353574,0.861445,-0.904324,-0.403657,1.193775,0.187128,-0.098227,0.806438,0.616570,-0.107329,0.414958,0.667955,-0.116196,0.510480,0.541054,-0.148180,0.351050,0.434119,-0.028345,-0.263481,0.929746,-0.047425,0.218537,0.927043,-0.043369,1.461764,0.976607,-0.055532,-1.531013,0.461842,-0.001994,0.174504,0.689149,-0.029652,1.366286,0.641829,-0.077833,-0.149137,0.406800,-0.131030,-1.226895,0.380550,0.002501,-0.135936,0.661772,-0.052328,-0.091155,0.659701,-0.107254,-0.304521,0.730739,-0.186771,0.285551,1.093022,0.483261,0.080210,0.919015,0.541274,-0.228942,0.826326,1.273631,-0.064296,0.801705,0.914957,0.458490,0.801888,1.283584,0.806854,0.856416,0.589863,0.794578,0.822808,0.956321,0.494018,0.705007,0.669094,0.701721,0.875595,0.677934,0.216614,0.625183,1.006536,0.853140,0.688997,2.021173,1.066520,0.375375,1.087439,-0.419479,1.224651,0.360549,0.361594,0.373040,0.994906,0.148414,1.365474,0.901955,-0.258531,1.304647,1.073518,-0.096290,0.949369,0.963225,-0.636315,1.099497,1.667565,-0.399407,0.763942,1.302128,-0.332035,0.721871,0.828139,1.346390,0.642903,0.792480,0.825070,0.631203,1.721378,0.356864,1.008716,0.392929,1.137819,1.218603,1.620851,0.675933,0.901432,2.023405,0.778682,0.570796,1.348871,0.144636,1.029016,1.496128,-0.494430,0.892848,0.771080,-0.669602,0.698748,1.335714,-0.311734,0.969696,1.143204,-0.725038,0.884884,0.766933,-0.787658,1.104195,1.369068,0.990000,1.081991,0.758372,0.761555,0.922780,1.064223,1.163662,0.911965,1.044885,1.834453,0.821003,0.964144,1.107768,1.004125,0.528899,-1.173296,0.841402,0.283692,0.025532,0.825530,0.481079,-0.112115,0.786733,0.772622,-1.190702,0.821124,1.445397,1.240321,0.921050,0.805526,0.610270,0.769694,1.119886,-0.479093,0.963577,0.527844,-1.054904,0.522661,0.591886,0.540875,0.559976,1.223919,0.097801,0.825338,-0.033570,1.011186,1.375245,0.547375,0.155775,1.078206,1.155684,0.707720,0.717647,0.258404,-1.026526,0.913857,0.242926,0.584034,0.879667,1.258302,0.549654,1.074301,0.965117,0.808638,0.737171,0.738622,-0.266613,1.326463,0.587496,-0.476980,0.785094,0.825599,-1.302958,0.936206,1.753353,0.891472,0.786262,1.159349,0.645752,0.965049,1.363924,0.045480,0.720159,0.915680,-0.897855,0.960861,1.781152,-0.265863,0.826118,0.643178,1.168612,0.887450,0.496896,0.974845,1.031847,0.795109,0.834420,0.869031,0.158595,0.891451,0.983098,0.984076,1.394769,0.823465,1.301347,0.407535,0.880571,0.905694,0.502959,1.000622,0.004530,0.803449,0.669706,-0.324299,-1.350137
0.831133,1.116657,0.893134,-0.044012,0.237309,-0.567208,-1.031038,-0.400823,0.584054,-0.331814,0.602477,0.188882,-1.101459,0.084524,0.129216,0.316464,-0.404183,-0.180924,0.719172,-0.735784,0.295075,-0.031707,-0.591163,-0.979695,-0.054204,-0.626852,-0.274865,0.376857,-0.132220,-0.097918,0.413402,0.188787,1.678103,0.413395,0.188854,0.000390,0.819801,-0.649914,-0.435555,-0.572865,0.193004,0.801656,-0.572865,0.000390,0.000390,0.747670,0.205785,-0.569104,1.214780,1.239577,-0.409163,1.329372,0.526760,0.555109,0.922417,0.691897,-0.486480,-0.572865,0.000390,0.000390,-0.572101,0.000390,0.000390,-0.572865,0.000390,0.000390,0.413395,0.188853,0.000390,0.413395,0.188853,0.000390,0.413402,0.188853,0.000390,0.979769,0.888577,-2.136300,0.860059,1.512090,-0.242606,0.211239,0.620137,-1.209081,0.215043,1.318989,-1.203154,0.373770,1.723135,-0.728242,0.067464,0.492779,-0.617002,0.560833,0.963133,0.126149,0.351774,1.376775,-1.393896,0.621544,1.576520,-0.440832,0.657556,1.286206,0.416587,0.549429,0.546541,1.704510,0.840096,1.165718,1.431361,0.737381,1.422742,1.820460,0.484653,1.002361,-0.532479,0.398824,0.860057,0.554267,0.386785,1.172850,2.157521,0.606410,1.299667,1.526472,0.496273,1.376558,0.914459,0.509115,1.249421,2.149343,0.676671,1.111666,1.177447,0.888939,1.242851,1.724656,-0.577770,-0.085690,0.127832,-0.689714,-0.272756,0.762128,-0.744857,-0.325360,0.054171,-0.803833,-0.379753,1.072982,-0.918082,-0.410276,1.209308,0.219521,-0.112516,1.046938,0.552831,-0.115614,0.746270,0.626473,-0.130765,0.478272,0.612877,-0.151481,0.756409,0.394388,-0.026851,-0.105795,0.892384,-0.065803,0.252937,0.904772,-0.039432,0.898462,0.919943,-0.039171,-1.166767,0.431148,-0.019047,0.601681,0.604899,-0.028918,1.494465,0.573977,-0.078225,-0.999239,0.575591,-0.149146,-1.233770,0.382888,-0.020181,0.012089,0.627176,-0.062129,-0.437046,0.610225,-0.117720,0.042965,0.735273,-0.192017,0.839631,0.956162,0.092548,0.882913,0.781983,0.372917,0.477315,1.098484,0.341441,0.597259,1.113506,1.145032,0.945645,1.167700,0.900956,0.813753,0.829089,1.095269,0.938863,0.868248,0.850058,0.618278,0.828880,1.021088,0.635928,1.075967,0.628215,0.696416,0.955293,0.919312,0.949775,0.730947,0.789506,-0.517751,0.867976,-0.259482,-0.827378,0.527066,0.809414,0.413840,0.961159,0.030218,1.313675,0.169388,0.794738,0.991365,0.514617,0.621670,1.040756,0.212465,0.162673,1.027034,1.036493,-0.686623,0.856418,1.433766,0.372166,-1.670521,1.487364,0.877413,-1.156504,1.438734,0.835245,-1.038188,1.105096,0.937957,-0.956917,0.336440,1.330863,-0.929178,0.261513,0.543522,0.146224,0.240557,1.040517,-0.649991,0.644128,0.555794,-1.510800,0.374677,0.619404,1.841420,0.742313,1.115093,-0.144749,0.900145,0.846203,0.227347,0.842290,0.779822,0.101230,0.759797,0.525263,-0.608983,0.589817,1.290571,0.069390,0.609406,0.682561,0.411469,0.808648,0.992085,0.249137,0.819282,0.974882,0.062045,0.753581,0.880256,-0.683021,0.659493,0.917843,-0.161062,0.571960,-0.013904,0.440403,0.923773,0.123890,0.507513,0.915390,1.205536,-0.085205,0.916932,0.755602,0.384919,0.650179,0.143339,0.013647,0.703195,0.507610,0.596450,0.574477,0.166415,0.678933,0.907126,0.246304,1.172772,0.960754,0.621216,1.005302,0.844389,0.357227,-0.118610,0.629017,0.981844,-1.220488,0.849216,0.348340,-0.012171,0.874352,0.443880,0.625891,0.775391,1.515367,-0.491318,0.767090,1.437943,-0.969405,0.659604,1.084788,-0.309670,1.025586,0.904611,0.709611,0.969436,-0.306793,-1.067173,1.082625,0.089876,-0.000949,0.849512,0.997448,-0.494509,0.672599,1.592488,-0.522603,0.829141,0.652776,-0.898645,0.871525,0.270140,0.001421,0.722160,0.870741,0.049016,0.690257,0.854620,-0.445856,0.775422,0.715474,-0.320111,0.938955,1.027979,-0.443946,0.832589,-0.800407,0.492485,0.891734,1.242272,-0.321093,0.712212,0.577170,0.067968,0.747647,1.204964,-0.107515,0.693819,0.231201,0.348784,0.658606,0.645080,-0.280298
0.831133,1.116657,0.893134,-0.044012,0.237309,-0.567208,-1.031038,-0.400823,0.584054,-0.331814,0.602477,0.188882,-1.101459,0.084524,0.129216,0.316464,-0.404183,-0.180924,0.719172,-0.735784,0.295075,-0.031707,-0.591163,-0.979695,-0.054204,-0.626852,-0.274865,0.376857,-0.132220,-0.097918,0.413402,0.188787,1.678103,0.413395,0.188854,0.000390,0.819801,-0.649914,-0.435555,-0.572865,0.193004,0.801656,-0.572865,0.000390,0.000390,0.747670,0.205785,-0.569104,1.214780,1.239577,-0.409163,1.329372,0.526760,0.555109,0.922417,0.691897,-0.486480,-0.572865,0.000390,0.000390,-0.572101,0.000390,0.000390,-0.572865,0.000390,0.000390,0.413395,0.188853,0.000390,0.413395,0.188853,0.000390,0.413402,0.188853,0.000390,0.979769,0.888577,-2.136300,0.860059,1.512090,-0.242606,0.211239,0.620137,-1.209081,0.215043,1.318989,-1.203154,0.373770,1.723135,-0.728242,0.067464,0.492779,-0.617002,0.560833,0.963133,0.126149,0.351774,1.376775,-1.393896,0.621544,1.576520,-0.440832,0.657556,1.286206,0.416587,0.549429,0.546541,1.704510,0.840096,1.165718,1.431361,0.737381,1.422742,1.820460,0.484653,1.002361,-0.532479,0.398824,0.860057,0.554267,0.386785,1.172850,2.157521,0.606410,1.299667,1.526472,0.496273,1.376558,0.914459,0.509115,1.249421,2.149343,0.676671,1.111666,1.177447,0.888939,1.242851,1.724656,-0.577770,-0.085690,0.127832,-0.689714,-0.272756,0.762128,-0.744857,-0.325360,0.054171,-0.803833,-0.379753,1.072982,-0.918082,-0.410276,1.209308,0.219521,-0.112516,1.046938,0.552831,-0.115614,0.746270,0.626473,-0.130765,0.478272,0.612877,-0.151481,0.756409,0.394388,-0.026851,-0.105795,0.892384,-0.065803,0.252937,0.904772,-0.039432,0.898462,0.919943,-0.039171,-1.166767,0.431148,-0.019047,0.601681,0.604899,-0.028918,1.494465,0.573977,-0.078225,-0.999239,0.575591,-0.149146,-1.233770,0.382888,-0.020181,0.012089,0.627176,-0.062129,-0.437046,0.610225,-0.117720,0.042965,0.735273,-0.192017,0.839631,0.956162,0.092548,0.882913,0.781983,0.372917,0.477315,1.098484,0.341441,0.597259,1.113506,1.145032,0.945645,1.167700,0.900956,0.813753,0.829089,1.095269,0.938863,0.868248,0.850058,0.618278,0.828880,1.021088,0.635928,1.075967,0.628215,0.696416,0.955293,0.919312,0.949775,0.730947,0.789506,-0.517751,0.867976,-0.259482,-0.827378,0.527066,0.809414,0.413840,0.961159,0.030218,1.313675,0.169388,0.794738,0.991365,0.514617,0.621670,1.040756,0.212465,0.162673,1.027034,1.036493,-0.686623,0.856418,1.433766,0.372166,-1.670521,1.487364,0.877413,-1.156504,1.438734,0.835245,-1.038188,1.105096,0.937957,-0.956917,0.336440,1.330863,-0.929178,0.261513,0.543522,0.146224,0.240557,1.040517,-0.649991,0.644128,0.555794,-1.510800,0.374677,0.619404,1.841420,0.742313,1.115093,-0.144749,0.900145,0.846203,0.227347,0.842290,0.779822,0.101230,0.759797,0.525263,-0.608983,0.589817,1.290571,0.069390,0.609406,0.682561,0.411469,0.808648,0.992085,0.249137,0.819282,0.974882,0.062045,0.753581,0.880256,-0.683021,0.659493,0.917843,-0.161062,0.571960,-0.013904,0.440403,0.923773,0.123890,0.507513,0.915390,1.205536,-0.085205,0.916932,0.755602,0.384919,0.650179,0.143339,0.013647,0.703195,0.507610,0.596450,0.574477,0.166415,0.678933,0.907126,0.246304,1.172772,0.960754,0.621216,1.005302,0.844389,0.357227,-0.118610,0.629017,0.981844,-1.220488,0.849216,0.348340,-0.012171,0.874352,0.443880,0.625891,0.775391,1.515367,-0.491318,0.767090,1.437943,-0.969405,0.659604,1.084788,-0.309670,1.025586,0.904611,0.709611,0.969436,-0.306793,-1.067173,1.082625,0.089876,-0.000949,0.849512,0.997448,-0.494509,0.672599,1.592488,-0.522603,0.829141,0.652776,-0.898645,0.871525,0.270140,0.001421,0.722160,0.870741,0.049016,0.690257,0.854620,-0.445856,0.775422,0.715474,-0.320111,0.938955,1.027979,-0.443946,0.832589,-0.800407,0.492485,0.891734,1.242272,-0.321093,0.712212,0.577170,0.067968,0.747647,1.204964,-0.107515,0.693819,0.231201,0.348784,0.658606,0.645080,-0.280298
0.831133,1.116657,0.893134,-0.044012,0.237309,-0.567208,-1.031038,-0.400823,0.584054,-0.331814,0.602477,0.188882,-1.101459,0.084524,0.129216,0.316464,-0.404183,-0.180924,0.719172,-0.735784,0.295075,-0.031707,-0.591163,-0.979695,-0.054204,-0.626852,-0.274865,0.376857,-0.132220,-0.097918,0.413402,0.188787,1.678103,0.413395,0.188854,0.000390,0.819801,-0.649914,-0.435555,-0.572865,0.193004,0.801656,-0.572865,0.000390,0.000390,0.747670,0.205785,-0.569104,1.214780,1.239577,-0.409163,1.329372,0.526760,0.555109,0.922417,0.691897,-0.486480,-0.572865,0.000390,0.000390,-0.572101,0.000390,0.000390,-0.572865,0.000390,0.000390,0.413395,0.188853,0.000390,0.413395,0.188853,0.000390,0.413402,0.188853,0.000390,0.979769,0.888577,-2.136300,0.860059,1.512090,-0.242606,0.211239,0.620137,-1.209081,0.215043,1.318989,-1.203154,0.373770,1.723135,-0.728242,0.067464,0.492779,-0.617002,0.560833,0.963133,0.126149,0.351774,1.376775,-1.393896,0.621544,1.576520,-0.440832,0.657556,1.286206,0.416587,0.549429,0.546541,1.704510,0.840096,1.165718,1.431361,0.737381,1.422742,1.820460,0.484653,1.002361,-0.532479,0.398824,0.860057,0.554267,0.386785,1.172850,2.157521,0.606410,1.299667,1.526472,0.496273,1.376558,0.914459,0.509115,1.249421,2.149343,0.676671,1.111666,1.177447,0.888939,1.242851,1.724656,-0.577770,-0.085690,0.127832,-0.689714,-0.272756,0.762128,-0.744857,-0.325360,0.054171,-0.803833,-0.379753,1.072982,-0.918082,-0.410276,1.209308,0.219521,-0.112516,1.046938,0.552831,-0.115614,0.746270,0.626473,-0.130765,0.478272,0.612877,-0.151481,0.756409,0.394388,-0.026851,-0.105795,0.892384,-0.065803,0.252937,0.904772,-0.039432,0.898462,0.919943,-0.039171,-1.166767,0.431148,-0.019047,0.601681,0.604899,-0.028918,1.494465,0.573977,-0.078225,-0.999239,0.575591,-0.149146,-1.233770,0.382888,-0.020181,0.012089,0.627176,-0.062129,-0.437046,0.610225,-0.117720,0.042965,0.735273,-0.192017,0.839631,0.956162,0.092548,0.882913,0.781983,0.372917,0.477315,1.098484,0.341441,0.597259,1.113506,1.145032,0.945645,1.167700,0.900956,0.813753,0.829089,1.095269,0.938863,0.868248,0.850058,0.618278,0.828880,1.021088,0.635928,1.075967,0.628215,0.696416,0.955293,0.919312,0.949775,0.730947,0.789506,-0.517751,0.867976,-0.259482,-0.827378,0.527066,0.809414,0.413840,0.961159,0.030218,1.313675,0.169388,0.794738,0.991365,0.514617,0.621670,1.040756,0.212465,0.162673,1.027034,1.036493,-0.686623,0.856418,1.433766,0.372166,-1.670521,1.487364,0.877413,-1.156504,1.438734,0.835245,-1.038188,1.105096,0.937957,-0.956917,0.336440,1.330863,-0.929178,0.261513,0.543522,0.146224,0.240557,1.040517,-0.649991,0.644128,0.555794,-1.510800,0.374677,0.619404,1.841420,0.742313,1.115093,-0.144749,0.900145,0.846203,0.227347,0.842290,0.779822,0.101230,0.759797,0.525263,-0.608983,0.589817,1.290571,0.069390,0.609406,0.682561,0.411469,0.808648,0.992085,0.249137,0.819282,0.974882,0.062045,0.753581,0.880256,-0.683021,0.659493,0.917843,-0.161062,0.571960,-0.013904,0.440403,0.923773,0.123890,0.507513,0.915390,1.205536,-0.085205,0.916932,0.755602,0.384919,0.650179,0.143339,0.013647,0.703195,0.507610,0.596450,0.574477,0.166415,0.678933,0.907126,0.246304,1.172772,0.960754,0.621216,1.005302,0.844389,0.357227,-0.118610,0.629017,0.981844,-1.220488,0.849216,0.348340,-0.012171,0.874352,0.443880,0.625891,0.775391,1.515367,-0.491318,0.767090,1.437943,-0.969405,0.659604,1.084788,-0.309670,1.025586,0.904611,0.709611,0.969436,-0.306793,-1.067173,1.082625,0.089876,-0.000949,0.849512,0.997448,-0.494509,0.672599,1.592488,-0.522603,0.829141,0.652776,-0.898645,0.871525,0.270140,0.001421,0.722160,0.870741,0.049016,0.690257,0.854620,-0.445856,0.775422,0.715474,-0.320111,0.938955,1.027979,-0.443946,0.832589,-0.800407,0.492485,0.891734,1.242272,-0.321093,0.712212,0.577170,0.067968,0.747647,1.204964,-0.107515,0.693819,0.231201,0.348784,0.658606,0.645080,-0.280298
0.831133,1.116657,0.893134,-0.044012,0.237309,-0.567208,-1.031038,-0.400823,0.584054,-0.331814,0.602477,0.188882,-1.101459,0.084524,0.129216,0.316464,-0.404183,-0.180924,0.719172,-0.735784,0.295075,-0.031707,-0.591163,-0.979695,-0.054204,-0.626852,-0.274865,0.376857,-0.132220,-0.097918,0.413402,0.188787,1.678103,0.413395,0.188854,0.000390,0.819801,-0.649914,-0.435555,-0.572865,0.193004,0.801656,-0.572865,0.000390,0.000390,0.747670,0.205785,-0.569104,1.214780,1.239577,-0.409163,1.329372,0.526760,0.555109,0.922417,0.691897,-0.486480,-0.572865,0.000390,0.000390,-0.572101,0.000390,0.000390,-0.572865,0.000390,0.000390,0.413395,0.188853,0.000390,0.413395,0.188853,0.000390,0.413402,0.188853,0.000390,0.979769,0.888577,-2.136300,0.860059,1.512090,-0.242606,0.211239,0.620137,-1.209081,0.215043,1.318989,-1.203154,0.373770,1.723135,-0.728242,0.067464,0.492779,-0.617002,0.560833,0.963133,0.126149,0.351774,1.376775,-1.393896,0.621544,1.576520,-0.440832,0.657556,1.286206,0.416587,0.549429,0.546541,1.704510,0.840096,1.165718,1.431361,0.737381,1.422742,1.820460,0.484653,1.002361,-0.532479,0.398824,0.860057,0.554267,0.386785,1.172850,2.157521,0.606410,1.299667,1.526472,0.496273,1.376558,0.914459,0.509115,1.249421,2.149343,0.676671,1.111666,1.177447,0.888939,1.242851,1.724656,-0.577770,-0.085690,0.127832,-0.689714,-0.272756,0.762128,-0.744857,-0.325360,0.054171,-0.803833,-0.379753,1.072982,-0.918082,-0.410276,1.209308,0.219521,-0.112516,1.046938,0.552831,-0.115614,0.746270,0.626473,-0.130765,0.478272,0.612877,-0.151481,0.756409,0.394388,-0.026851,-0.105795,0.892384,-0.065803,0.252937,0.904772,-0.039432,0.898462,0.919943,-0.039171,-1.166767,0.431148,-0.019047,0.601681,0.604899,-0.028918,1.494465,0.573977,-0.078225,-0.999239,0.575591,-0.149146,-1.233770,0.382888,-0.020181,0.012089,0.627176,-0.062129,-0.437046,0.610225,-0.117720,0.042965,0.735273,-0.192017,0.839631,0.956162,0.092548,0.882913,0.781983,0.372917,0.477315,1.098484,0.341441,0.597259,1.113506,1.145032,0.945645,1.167700,0.900956,0.813753,0.829089,1.095269,0.938863,0.868248,0.850058,0.618278,0.828880,1.021088,0.635928,1.075967,0.628215,0.696416,0.955293,0.919312,0.949775,0.730947,0.789506,-0.517751,0.867976,-0.259482,-0.827378,0.527066,0.809414,0.413840,0.961159,0.030218,1.313675,0.169388,0.794738,0.991365,0.514617,0.621670,1.040756,0.212465,0.162673,1.027034,1.036493,-0.686623,0.856418,1.433766,0.372166,-1.670521,1.487364,0.877413,-1.156504,1.438734,0.835245,-1.038188,1.105096,0.937957,-0.956917,0.336440,1.330863,-0.929178,0.261513,0.543522,0.146224,0.240557,1.040517,-0.649991,0.644128,0.555794,-1.510800,0.374677,0.619404,1.841420,0.742313,1.115093,-0.144749,0.900145,0.846203,0.227347,0.842290,0.779822,0.101230,0.759797,0.525263,-0.608983,0.589817,1.290571,0.069390,0.609406,0.682561,0.411469,0.808648,0.992085,0.249137,0.819282,0.974882,0.062045,0.753581,0.880256,-0.683021,0.659493,0.917843,-0.161062,0.571960,-0.013904,0.440403,0.923773,0.123890,0.507513,0.915390,1.205536,-0.085205,0.916932,0.755602,0.384919,0.650179,0.143339,0.013647,0.703195,0.507610,0.596450,0.574477,0.166415,0.678933,0.907126,0.246304,1.172772,0.960754,0.621216,1.005302,0.844389,0.357227,-0.118610,0.629017,0.981844,-1.220488,0.849216,0.348340,-0.012171,0.874352,0.443880,0.625891,0.775391,1.515367,-0.491318,0.767090,1.437943,-0.969405,0.659604,1.084788,-0.309670,1.025586,0.904611,0.709611,0.969436,-0.306793,-1.067173,1.082625,0.089876,-0.000949,0.849512,0.997448,-0.494509,0.672599,1.592488,-0.522603,0.829141,0.652776,-0.898645,0.871525,0.270140,0.001421,0.722160,0.870741,0.049016,0.690257,0.854620,-0.445856,0.775422,0.715474,-0.320111,0.938955,1.027979,-0.443946,0.832589,-0.800407,0.492485,0.891734,1.242272,-0.321093,0.712212,0.577170,0.067968,0.747647,1.204964,-0.107515,0.693819,0.231201,0.348784,0.658606,0.645080,-0.280298
0.831133,1.116657,0.893134,-0.044012,0.237309,-0.567208,-1.031038,-0.400823,0.584054,-0.331814,0.602477,0.188882,-1.101459,0.084524,0.129216,0.316464,-0.404183,-0.180924,0.719172,-0.735784,0.295075,-0.031707,-0.591163,-0.979695,-0.054204,-0.626852,-0.274865,0.376857,-0.132220,-0.097918,0.413402,0.188787,1.678103,0.413395,0.188854,0.000390,0.819801,-0.649914,-0.435555,-0.572865,0.193004,0.801656,-0.572865,0.000390,0.000390,0.747670,0.205785,-0.569104,1.214780,1.239577,-0.409163,1.329372,0.526760,0.555109,0.922417,0.691897,-0.486480,-0.572865,0.000390,0.000390,-0.572101,0.000390,0.000390,-0.572865,0.000390,0.000390,0.413395,0.188853,0.000390,0.413395,0.188853,0.000390,0.413402,0.188853,0.000390,0.979769,0.888577,-2.136300,0.860059,1.512090,-0.242606,0.211239,0.620137,-1.209081,0.215043,1.318989,-1.203154,0.373770,1.723135,-0.728242,0.067464,0.492779,-0.617002,0.560833,0.963133,0.126149,0.351774,1.376775,-1.393896,0.621544,1.576520,-0.440832,0.657556,1.286206,0.416587,0.549429,0.546541,1.704510,0.840096,1.165718,1.431361,0.737381,1.422742,1.820460,0.484653,1.002361,-0.532479,0.398824,0.860057,0.554267,0.386785,1.172850,2.157521,0.606410,1.299667,1.526472,0.496273,1.376558,0.914459,0.509115,1.249421,2.149343,0.676671,1.111666,1.177447,0.888939,1.242851,1.724656,-0.577770,-0.085690,0.127832,-0.689714,-0.272756,0.762128,-0.744857,-0.325360,0.054171,-0.803833,-0.379753,1.072982,-0.918082,-0.410276,1.209308,0.219521,-0.112516,1.046938,0.552831,-0.115614,0.746270,0.626473,-0.130765,0.478272,0.612877,-0.151481,0.756409,0.394388,-0.026851,-0.105795,0.892384,-0.065803,0.252937,0.904772,-0.039432,0.898462,0.919943,-0.039171,-1.166767,0.431148,-0.019047,0.601681,0.604899,-0.028918,1.494465,0.573977,-0.078225,-0.999239,0.575591,-0.149146,-1.233770,0.382888,-0.020181,0.012089,0.627176,-0.062129,-0.437046,0.610225,-0.117720,0.042965,0.735273,-0.192017,0.839631,0.956162,0.092548,0.882913,0.781983,0.372917,0.477315,1.098484,0.341441,0.597259,1.113506,1.145032,0.945645,1.167700,0.900956,0.813753,0.829089,1.095269,0.938863,0.868248,0.850058,0.618278,0.828880,1.021088,0.635928,1.075967,0.628215,0.696416,0.955293,0.919312,0.949775,0.730947,0.789506,-0.517751,0.867976,-0.259482,-0.827378,0.527066,0.809414,0.413840,0.961159,0.030218,1.313675,0.169388,0.794738,0.991365,0.514617,0.621670,1.040756,0.212465,0.162673,1.027034,1.036493,-0.686623,0.856418,1.433766,0.372166,-1.670521,1.487364,0.877413,-1.156504,1.438734,0.835245,-1.038188,1.105096,0.937957,-0.956917,0.336440,1.330863,-0.929178,0.261513,0.543522,0.146224,0.240557,1.040517,-0.649991,0.644128,0.555794,-1.510800,0.374677,0.619404,1.841420,0.742313,1.115093,-0.144749,0.900145,0.846203,0.227347,0.842290,0.779822,0.101230,0.759797,0.525263,-0.608983,0.589817,1.290571,0.069390,0.609406,0.682561,0.411469,0.808648,0.992085,0.249137,0.819282,0.974882,0.062045,0.753581,0.880256,-0.683021,0.659493,0.917843,-0.161062,0.571960,-0.013904,0.440403,0.923773,0.123890,0.507513,0.915390,1.205536,-0.085205,0.916932,0.755602,0.384919,0.650179,0.143339,0.013647,0.703195,0.507610,0.596450,0.574477,0.166415,0.678933,0.907126,0.246304,1.172772,0.960754,0.621216,1.005302,0.844389,0.357227,-0.118610,0.629017,0.981844,-1.220488,0.849216,0.348340,-0.012171,0.874352,0.443880,0.625891,0.775391,1.515367,-0.491318,0.767090,1.437943,-0.969405,0.659604,1.084788,-0.309670,1.025586,0.904611,0.709611,0.969436,-0.306793,-1.067173,1.082625,0.089876,-0.000949,0.849512,0.997448,-0.494509,0.672599,1.592488,-0.522603,0.829141,0.652776,-0.898645,0.871525,0.270140,0.001421,0.722160,0.870741,0.049016,0.690257,0.854620,-0.445856,0.775422,0.715474,-0.320111,0.938955,1.027979,-0.443946,0.832589,-0.800407,0.492485,0.891734,1.242272,-0.321093,0.712212,0.577170,0.067968,0.747647,1.204964,-0.107515,0.693819,0.231201,0.348784,0.658606,0.645080,-0.280298
0.831133,1.116657,0.893134,-0.044012,0.237309,-0.567208,-1.031038,-0.400823,0.584054,-0.331814,0.602477,0.188882,-1.101459,0.084524,0.129216,0.316464,-0.404183,-0.180924,0.719172,-0.735784,0.295075,-0.031707,-0.591163,-0.979695,-0.054204,-0.626852,-0.274865,0.376857,-0.132220,-0.097918,0.413402,0.188787,1.678103,0.413395,0.188854,0.000390,0.819801,-0.649914,-0.435555,-0.572865,0.193004,0.801656,-0.572865,0.000390,0.000390,0.747670,0.205785,-0.569104,1.214780,1.239577,-0.409163,1.329372,0.526760,0.555109,0.922417,0.691897,-0.486480,-0.572865,0.000390,0.000390,-0.572101,0.000390,0.000390,-0.572865,0.000390,0.000390,0.413395,0.188853,0.000390,0.413395,0.188853,0.000390,0.413402,0.188853,0.000390,0.979769,0.888577,-2.136300,0.860059,1.512090,-0.242606,0.211239,0.620137,-1.209081,0.215043,1.318989,-1.203154,0.373770,1.723135,-0.728242,0.067464,0.492779,-0.617002,0.560833,0.963133,0.126149,0.351774,1.376775,-1.393896,0.621544,1.576520,-0.440832,0.657556,1.286206,0.416587,0.549429,0.546541,1.704510,0.840096,1.165718,1.431361,0.737381,1.422742,1.820460,0.484653,1.002361,-0.532479,0.398824,0.860057,0.554267,0.386785,1.172850,2.157521,0.606410,1.299667,1.526472,0.496273,1.376558,0.914459,0.509115,1.249421,2.149343,0.676671,1.111666,1.177447,0.888939,1.242851,1.724656,-0.577770,-0.085690,0.127832,-0.689714,-0.272756,0.762128,-0.744857,-0.325360,0.054171,-0.803833,-0.379753,1.072982,-0.918082,-0.410276,1.209308,0.219521,-0.112516,1.046938,0.552831,-0.115614,0.746270,0.626473,-0.130765,0.478272,0.612877,-0.151481,0.756409,0.394388,-0.026851,-0.105795,0.892384,-0.065803,0.252937,0.904772,-0.039432,0.898462,0.919943,-0.039171,-1.166767,0.431148,-0.019047,0.601681,0.604899,-0.028918,1.494465,0.573977,-0.078225,-0.999239,0.575591,-0.149146,-1.233770,0.382888,-0.020181,0.012089,0.627176,-0.062129,-0.437046,0.610225,-0.117720,0.042965,0.735273,-0.192017,0.839631,0.956162,0.092548,0.882913,0.781983,0.372917,0.477315,1.098484,0.341441,0.597259,1.113506,1.145032,0.945645,1.167700,0.900956,0.813753,0.829089,1.095269,0.938863,0.868248,0.850058,0.618278,0.828880,1.021088,0.635928,1.075967,0.628215,0.696416,0.955293,0.919312,0.949775,0.730947,0.789506,-0.517751,0.867976,-0.259482,-0.827378,0.527066,0.809414,0.413840,0.961159,0.030218,1.313675,0.169388,0.794738,0.991365,0.514617,0.621670,1.040756,0.212465,0.162673,1.027034,1.036493,-0.686623,0.856418,1.433766,0.372166,-1.670521,1.487364,0.877413,-1.156504,1.438734,0.835245,-1.038188,1.105096,0.937957,-0.956917,0.336440,1.330863,-0.929178,0.261513,0.543522,0.146224,0.240557,1.040517,-0.649991,0.644128,0.555794,-1.510800,0.374677,0.619404,1.841420,0.742313,1.115093,-0.144749,0.900145,0.846203,0.227347,0.842290,0.779822,0.101230,0.759797,0.525263,-0.608983,0.589817,1.290571,0.069390,0.609406,0.682561,0.411469,0.808648,0.992085,0.249137,0.819282,0.974882,0.062045,0.753581,0.880256,-0.683021,0.659493,0.917843,-0.161062,0.571960,-0.013904,0.440403,0.923773,0.123890,0.507513,0.915390,1.205536,-0.085205,0.916932,0.755602,0.384919,0.650179,0.143339,0.013647,0.703195,0.507610,0.596450,0.574477,0.166415,0.678933,0.907126,0.246304,1.172772,0.960754,0.621216,1.005302,0.844389,0.357227,-0.118610,0.629017,0.981844,-1.220488,0.849216,0.348340,-0.012171,0.874352,0.443880,0.625891,0.775391,1.515367,-0.491318,0.767090,1.437943,-0.969405,0.659604,1.084788,-0.309670,1.025586,0.904611,0.709611,0.969436,-0.306793,-1.067173,1.082625,0.089876,-0.000949,0.849512,0.997448,-0.494509,0.672599,1.592488,-0.522603,0.829141,0.652776,-0.898645,0.871525,0.270140,0.001421,0.722160,0.870741,0.049016,0.690257,0.854620,-0.445856,0.775422,0.715474,-0.320111,0.938955,1.027979,-0.443946,0.832589,-0.800407,0.492485,0.891734,1.242272,-0.321093,0.712212,0.577170,0.067968,0.747647,1.204964,-0.107515,0.693819,0.231201,0.348784,0.658606,0.645080,-0.280298
0.829451,1.113338,0.740414,0.022988,-0.716816,0.441103,0.581715,-0.418272,0.766773,-0.322689,0.610201,0.241318,-1.247149,0.130594,0.332513,0.405090,-0.400678,0.142818,0.754537,-0.753239,0.021086,1.533794,-2.108067,-1.681427,-0.406899,-1.412181,0.473522,0.288563,-1.042314,0.474707,0.411502,0.188787,1.475425,0.411495,0.188854,0.000390,-1.215901,-0.671468,-0.169880,-0.547675,0.193004,1.115783,-0.547675,0.000390,0.000390,0.749730,0.221234,-0.611936,1.209847,0.968584,-0.248408,1.065083,0.517460,-0.087661,0.930693,0.682566,0.033303,-0.547675,0.000390,0.000390,-0.546911,0.000390,0.000390,-0.547675,0.000390,0.000390,0.411495,0.188853,0.000390,0.411495,0.188853,0.000390,0.411502,0.188853,0.000390,1.503832,2.314203,-0.465723,0.253175,2.420658,1.072856,1.082443,1.060157,1.668155,0.631327,1.482604,0.190162,0.500409,0.653587,1.436801,0.733743,1.187129,-1.224635,0.524034,0.825493,-2.042071,0.994865,0.403710,-1.731421,0.432709,0.910677,-1.203192,0.227625,1.474840,0.474487,0.812573,0.804675,-0.638902,0.290884,1.296368,1.557480,0.539734,1.458331,0.571441,0.342968,1.679591,1.847842,0.674097,1.442515,0.965759,1.080794,1.009390,0.933258,0.678512,1.071723,0.628809,0.342127,2.472345,0.067448,-0.776855,2.298021,-0.103664,0.662231,1.041695,0.692534,-0.661758,2.069374,1.540350,-0.547886,-0.083877,-0.511424,-0.689806,-0.254970,1.088385,-0.785582,-0.327488,0.800174,-0.822852,-0.375687,0.947882,-0.892922,-0.427657,1.487353,0.279069,-0.120932,1.050670,0.615862,-0.117641,0.151713,0.618222,-0.133084,0.430573,0.575927,-0.165165,0.907719,0.486545,-0.040834,-0.248158,0.884125,-0.055378,-0.838642,0.902014,-0.046550,-0.718314,0.803705,-0.041353,-1.766253,0.511355,-0.032563,0.249622,0.674964,-0.041762,1.233004,0.641951,-0.085195,-1.258486,0.790875,-0.145350,-1.354589,0.425743,-0.033288,0.189184,0.619528,-0.056067,-0.408745,0.557128,-0.112118,-0.187162,0.733785,-0.198858,0.426717,1.246726,0.624698,-1.079424,1.072911,0.719644,-0.735111,0.968440,0.626401,0.185375,0.958748,0.336785,0.219963,0.979548,0.883804,0.988261,1.057930,0.198935,0.591913,0.972946,0.730290,0.797674,1.224671,0.495477,0.980789,1.077960,0.457291,0.505145,0.891324,-0.066512,0.732412,0.985227,0.551466,0.500603,0.693688,0.593634,-0.485275,0.732926,-0.289109,0.326856,0.728775,0.255460,1.066017,0.369363,-0.118587,-0.152938,0.211249,-0.048242,0.297421,0.415935,-0.265490,-0.235795,1.271578,0.452401,0.393959,0.913911,0.305231,0.092501,0.897065,-0.200035,0.561132,1.179755,0.815675,-0.271842,1.157141,0.881569,-0.033557,0.619516,1.305487,-1.105252,0.523908,0.586958,-0.665387,0.821674,1.087102,-0.108105,0.865874,1.361552,-0.162347,0.582487,0.548439,-0.597866,0.759794,0.884072,-0.107074,0.914317,0.572478,-0.307797,0.536911,0.417907,0.317082,0.768364,0.964310,-0.457400,0.636801,0.621905,0.312640,0.636631,0.036769,-0.767547,0.812779,0.272772,-1.192979,0.805465,0.378568,-0.499492,0.721510,0.259329,-0.085235,0.814613,0.653048,0.562377,0.686341,0.337044,0.286259,1.039039,-0.005458,0.320495,1.000547,0.910806,0.167728,1.029340,0.386676,-0.207433,0.454985,0.975573,-0.374971,0.658484,0.275456,0.256572,0.507917,0.073388,0.254757,0.802502,0.157356,0.827620,0.837772,0.402960,1.127281,0.735498,1.123318,-0.129451,0.556635,0.687181,-1.160603,0.599087,0.453109,0.644823,0.936214,0.655884,0.078138,0.796944,1.782788,-1.176925,0.771165,1.715755,0.280834,0.967143,1.383441,-1.194161,0.982514,0.095062,0.028364,0.568212,1.084053,-0.659204,0.673704,1.282192,-0.306448,0.834215,1.045788,0.269812,0.981716,1.629609,0.683671,0.850296,1.847718,0.058675,0.931279,1.334316,0.195318,0.799618,0.997459,1.105530,0.711404,0.087801,-0.335772,0.779477,-0.077222,0.180781,0.925107,0.183452,0.073335,0.782725,0.669266,-0.877721,0.878114,0.335234,-0.226662,0.716239,0.704767,-0.601922,0.768337,0.153636,-0.986063,0.817663,0.077892,-0.355766,0.574013,0.484078,0.086471
0.829451,1.113338,0.740414,0.022988,-0.716816,0.441103,0.581715,-0.418272,0.766773,-0.322689,0.610201,0.241318,-1.247149,0.130594,0.332513,0.405090,-0.400678,0.142818,0.754537,-0.753239,0.021086,1.533794,-2.108067,-1.681427,-0.406899,-1.412181,0.473522,0.288563,-1.042314,0.474707,0.411502,0.188787,1.475425,0.411495,0.188854,0.000390,-1.215901,-0.671468,-0.169880,-0.547675,0.193004,1.115783,-0.547675,0.000390,0.000390,0.749730,0.221234,-0.611936,1.209847,0.968584,-0.248408,1.065083,0.517460,-0.087661,0.930693,0.682566,0.033303,-0.547675,0.000390,0.000390,-0.546911,0.000390,0.000390,-0.547675,0.000390,0.000390,0.411495,0.188853,0.000390,0.411495,0.188853,0.000390,0.411502,0.188853,0.000390,1.503832,2.314203,-0.465723,0.253175,2.420658,1.072856,1.082443,1.060157,1.668155,0.631327,1.482604,0.190162,0.500409,0.653587,1.436801,0.733743,1.187129,-1.224635,0.524034,0.825493,-2.042071,0.994865,0.403710,-1.731421,0.432709,0.910677,-1.203192,0.227625,1.474840,0.474487,0.812573,0.804675,-0.638902,0.290884,1.296368,1.557480,0.539734,1.458331,0.571441,0.342968,1.679591,1.847842,0.674097,1.442515,0.965759,1.080794,1.009390,0.933258,0.678512,1.071723,0.628809,0.342127,2.472345,0.067448,-0.776855,2.298021,-0.103664,0.662231,1.041695,0.692534,-0.661758,2.069374,1.540350,-0.547886,-0.083877,-0.511424,-0.689806,-0.254970,1.088385,-0.785582,-0.327488,0.800174,-0.822852,-0.375687,0.947882,-0.892922,-0.427657,1.487353,0.279069,-0.120932,1.050670,0.615862,-0.117641,0.151713,0.618222,-0.133084,0.430573,0.575927,-0.165165,0.907719,0.486545,-0.040834,-0.248158,0.884125,-0.055378,-0.838642,0.902014,-0.046550,-0.718314,0.803705,-0.041353,-1.766253,0.511355,-0.032563,0.249622,0.674964,-0.041762,1.233004,0.641951,-0.085195,-1.258486,0.790875,-0.145350,-1.354589,0.425743,-0.033288,0.189184,0.619528,-0.056067,-0.408745,0.557128,-0.112118,-0.187162,0.733785,-0.198858,0.426717,1.246726,0.624698,-1.079424,1.072911,0.719644,-0.735111,0.968440,0.626401,0.185375,0.958748,0.336785,0.219963,0.979548,0.883804,0.988261,1.057930,0.198935,0.591913,0.972946,0.730290,0.797674,1.224671,0.495477,0.980789,1.077960,0.457291,0.505145,0.891324,-0.066512,0.732412,0.985227,0.551466,0.500603,0.693688,0.593634,-0.485275,0.732926,-0.289109,0.326856,0.728775,0.255460,1.066017,0.369363,-0.118587,-0.152938,0.211249,-0.048242,0.297421,0.415935,-0.265490,-0.235795,1.271578,0.452401,0.393959,0.913911,0.305231,0.092501,0.897065,-0.200035,0.561132,1.179755,0.815675,-0.271842,1.157141,0.881569,-0.033557,0.619516,1.305487,-1.105252,0.523908,0.586958,-0.665387,0.821674,1.087102,-0.108105,0.865874,1.361552,-0.162347,0.582487,0.548439,-0.597866,0.759794,0.884072,-0.107074,0.914317,0.572478,-0.307797,0.536911,0.417907,0.317082,0.768364,0.964310,-0.457400,0.636801,0.621905,0.312640,0.636631,0.036769,-0.767547,0.812779,0.272772,-1.192979,0.805465,0.378568,-0.499492,0.721510,0.259329,-0.085235,0.814613,0.653048,0.562377,0.686341,0.337044,0.286259,1.039039,-0.005458,0.320495,1.000547,0.910806,0.167728,1.029340,0.386676,-0.207433,0.454985,0.975573,-0.374971,0.658484,0.275456,0.256572,0.507917,0.073388,0.254757,0.802502,0.157356,0.827620,0.837772,0.402960,1.127281,0.735498,1.123318,-0.129451,0.556635,0.687181,-1.160603,0.599087,0.453109,0.644823,0.936214,0.655884,0.078138,0.796944,1.782788,-1.176925,0.771165,1.715755,0.280834,0.967143,1.383441,-1.194161,0.982514,0.095062,0.028364,0.568212,1.084053,-0.659204,0.673704,1.282192,-0.306448,0.834215,1.045788,0.269812,0.981716,1.629609,0.683671,0.850296,1.847718,0.058675,0.931279,1.334316,0.195318,0.799618,0.997459,1.105530,0.711404,0.087801,-0.335772,0.779477,-0.077222,0.180781,0.925107,0.183452,0.073335,0.782725,0.669266,-0.877721,0.878114,0.335234,-0.226662,0.716239,0.704767,-0.601922,0.768337,0.153636,-0.986063,0.817663,0.077892,-0.355766,0.574013,0.484078,0.086471
0.829451,1.113338,0.740414,0.022988,-0.716816,0.441103,0.581715,-0.418272,0.766773,-0.322689,0.610201,0.241318,-1.247149,0.130594,0.332513,0.405090,-0.400678,0.142818,0.754537,-0.753239,0.021086,1.533794,-2.108067,-1.681427,-0.406899,-1.412181,0.473522,0.288563,-1.042314,0.474707,0.411502,0.188787,1.475425,0.411495,0.188854,0.000390,-1.215901,-0.671468,-0.169880,-0.547675,0.193004,1.115783,-0.547675,0.000390,0.000390,0.749730,0.221234,-0.611936,1.209847,0.968584,-0.248408,1.065083,0.517460,-0.087661,0.930693,0.682566,0.033303,-0.547675,0.000390,0.000390,-0.546911,0.000390,0.000390,-0.547675,0.000390,0.000390,0.411495,0.188853,0.000390,0.411495,0.188853,0.000390,0.411502,0.188853,0.000390,1.503832,2.314203,-0.465723,0.253175,2.420658,1.072856,1.082443,1.060157,1.668155,0.631327,1.482604,0.190162,0.500409,0.653587,1.436801,0.733743,1.187129,-1.224635,0.524034,0.825493,-2.042071,0.994865,0.403710,-1.731421,0.432709,0.910677,-1.203192,0.227625,1.474840,0.474487,0.812573,0.804675,-0.638902,0.290884,1.296368,1.557480,0.539734,1.458331,0.571441,0.342968,1.679591,1.847842,0.674097,1.442515,0.965759,1.080794,1.009390,0.933258,0.678512,1.071723,0.628809,0.342127,2.472345,0.067448,-0.776855,2.298021,-0.103664,0.662231,1.041695,0.692534,-0.661758,2.069374,1.540350,-0.547886,-0.083877,-0.511424,-0.689806,-0.254970,1.088385,-0.785582,-0.327488,0.800174,-0.822852,-0.375687,0.947882,-0.892922,-0.427657,1.487353,0.279069,-0.120932,1.050670,0.615862,-0.117641,0.151713,0.618222,-0.133084,0.430573,0.575927,-0.165165,0.907719,0.486545,-0.040834,-0.248158,0.884125,-0.055378,-0.838642,0.902014,-0.046550,-0.718314,0.803705,-0.041353,-1.766253,0.511355,-0.032563,0.249622,0.674964,-0.041762,1.233004,0.641951,-0.085195,-1.258486,0.790875,-0.145350,-1.354589,0.425743,-0.033288,0.189184,0.619528,-0.056067,-0.408745,0.557128,-0.112118,-0.187162,0.733785,-0.198858,0.426717,1.246726,0.624698,-1.079424,1.072911,0.719644,-0.735111,0.968440,0.626401,0.185375,0.958748,0.336785,0.219963,0.979548,0.883804,0.988261,1.057930,0.198935,0.591913,0.972946,0.730290,0.797674,1.224671,0.495477,0.980789,1.077960,0.457291,0.505145,0.891324,-0.066512,0.732412,0.985227,0.551466,0.500603,0.693688,0.593634,-0.485275,0.732926,-0.289109,0.326856,0.728775,0.255460,1.066017,0.369363,-0.118587,-0.152938,0.211249,-0.048242,0.297421,0.415935,-0.265490,-0.235795,1.271578,0.452401,0.393959,0.913911,0.305231,0.092501,0.897065,-0.200035,0.561132,1.179755,0.815675,-0.271842,1.157141,0.881569,-0.033557,0.619516,1.305487,-1.105252,0.523908,0.586958,-0.665387,0.821674,1.087102,-0.108105,0.865874,1.361552,-0.162347,0.582487,0.548439,-0.597866,0.759794,0.884072,-0.107074,0.914317,0.572478,-0.307797,0.536911,0.417907,0.317082,0.768364,0.964310,-0.457400,0.636801,0.621905,0.312640,0.636631,0.036769,-0.767547,0.812779,0.272772,-1.192979,0.805465,0.378568,-0.499492,0.721510,0.259329,-0.085235,0.814613,0.653048,0.562377,0.686341,0.337044,0.286259,1.039039,-0.005458,0.320495,1.000547,0.910806,0.167728,1.029340,0.386676,-0.207433,0.454985,0.975573,-0.374971,0.658484,0.275456,0.256572,0.507917,0.073388,0.254757,0.802502,0.157356,0.827620,0.837772,0.402960,1.127281,0.735498,1.123318,-0.129451,0.556635,0.687181,-1.160603,0.599087,0.453109,0.644823,0.936214,0.655884,0.078138,0.796944,1.782788,-1.176925,0.771165,1.715755,0.280834,0.967143,1.383441,-1.194161,0.982514,0.095062,0.028364,0.568212,1.084053,-0.659204,0.673704,1.282192,-0.306448,0.834215,1.045788,0.269812,0.981716,1.629609,0.683671,0.850296,1.847718,0.058675,0.931279,1.334316,0.195318,0.799618,0.997459,1.105530,0.711404,0.087801,-0.335772,0.779477,-0.077222,0.180781,0.925107,0.183452,0.073335,0.782725,0.669266,-0.877721,0.878114,0.335234,-0.226662,0.716239,0.704767,-0.601922,0.768337,0.153636,-0.986063,0.817663,0.077892,-0.355766,0.574013,0.484078,0.086471
0.829451,1.113338,0.740414,0.022988,-0.716816,0.441103,0.581715,-0.418272,0.766773,-0.322689,0.610201,0.241318,-1.247149,0.130594,0.332513,0.405090,-0.400678,0.142818,0.754537,-0.753239,0.021086,1.533794,-2.108067,-1.681427,-0.406899,-1.412181,0.473522,0.288563,-1.042314,0.474707,0.411502,0.188787,1.475425,0.411495,0.188854,0.000390,-1.215901,-0.671468,-0.169880,-0.547675,0.193004,1.115783,-0.547675,0.000390,0.000390,0.749730,0.221234,-0.611936,1.209847,0.968584,-0.248408,1.065083,0.517460,-0.087661,0.930693,0.682566,0.033303,-0.547675,0.000390,0.000390,-0.546911,0.000390,0.000390,-0.547675,0.000390,0.000390,0.411495,0.188853,0.000390,0.411495,0.188853,0.000390,0.411502,0.188853,0.000390,1.503832,2.314203,-0.465723,0.253175,2.420658,1.072856,1.082443,1.060157,1.668155,0.631327,1.482604,0.190162,0.500409,0.653587,1.436801,0.733743,1.187129,-1.224635,0.524034,0.825493,-2.042071,0.994865,0.403710,-1.731421,0.432709,0.910677,-1.203192,0.227625,1.474840,0.474487,0.812573,0.804675,-0.638902,0.290884,1.296368,1.557480,0.539734,1.458331,0.571441,0.342968,1.679591,1.847842,0.674097,1.442515,0.965759,1.080794,1.009390,0.933258,0.678512,1.071723,0.628809,0.342127,2.472345,0.067448,-0.776855,2.298021,-0.103664,0.662231,1.041695,0.692534,-0.661758,2.069374,1.540350,-0.547886,-0.083877,-0.511424,-0.689806,-0.254970,1.088385,-0.785582,-0.327488,0.800174,-0.822852,-0.375687,0.947882,-0.892922,-0.427657,1.487353,0.279069,-0.120932,1.050670,0.615862,-0.117641,0.151713,0.618222,-0.133084,0.430573,0.575927,-0.165165,0.907719,0.486545,-0.040834,-0.248158,0.884125,-0.055378,-0.838642,0.902014,-0.046550,-0.718314,0.803705,-0.041353,-1.766253,0.511355,-0.032563,0.249622,0.674964,-0.041762,1.233004,0.641951,-0.085195,-1.258486,0.790875,-0.145350,-1.354589,0.425743,-0.033288,0.189184,0.619528,-0.056067,-0.408745,0.557128,-0.112118,-0.187162,0.733785,-0.198858,0.426717,1.246726,0.624698,-1.079424,1.072911,0.719644,-0.735111,0.968440,0.626401,0.185375,0.958748,0.336785,0.219963,0.979548,0.883804,0.988261,1.057930,0.198935,0.591913,0.972946,0.730290,0.797674,1.224671,0.495477,0.980789,1.077960,0.457291,0.505145,0.891324,-0.066512,0.732412,0.985227,0.551466,0.500603,0.693688,0.593634,-0.485275,0.732926,-0.289109,0.326856,0.728775,0.255460,1.066017,0.369363,-0.118587,-0.152938,0.211249,-0.048242,0.297421,0.415935,-0.265490,-0.235795,1.271578,0.452401,0.393959,0.913911,0.305231,0.092501,0.897065,-0.200035,0.561132,1.179755,0.815675,-0.271842,1.157141,0.881569,-0.033557,0.619516,1.305487,-1.105252,0.523908,0.586958,-0.665387,0.821674,1.087102,-0.108105,0.865874,1.361552,-0.162347,0.582487,0.548439,-0.597866,0.759794,0.884072,-0.107074,0.914317,0.572478,-0.307797,0.536911,0.417907,0.317082,0.768364,0.964310,-0.457400,0.636801,0.621905,0.312640,0.636631,0.036769,-0.767547,0.812779,0.272772,-1.192979,0.805465,0.378568,-0.499492,0.721510,0.259329,-0.085235,0.814613,0.653048,0.562377,0.686341,0.337044,0.286259,1.039039,-0.005458,0.320495,1.000547,0.910806,0.167728,1.029340,0.386676,-0.207433,0.454985,0.975573,-0.374971,0.658484,0.275456,0.256572,0.507917,0.073388,0.254757,0.802502,0.157356,0.827620,0.837772,0.402960,1.127281,0.735498,1.123318,-0.129451,0.556635,0.687181,-1.160603,0.599087,0.453109,0.644823,0.936214,0.655884,0.078138,0.796944,1.782788,-1.176925,0.771165,1.715755,0.280834,0.967143,1.383441,-1.194161,0.982514,0.095062,0.028364,0.568212,1.084053,-0.659204,0.673704,1.282192,-0.306448,0.834215,1.045788,0.269812,0.981716,1.629609,0.683671,0.850296,1.847718,0.058675,0.931279,1.334316,0.195318,0.799618,0.997459,1.105530,0.711404,0.087801,-0.335772,0.779477,-0.077222,0.180781,0.925107,0.183452,0.073335,0.782725,0.669266,-0.877721,0.878114,0.335234,-0.226662,0.716239,0.704767,-0.601922,0.768337,0.153636,-0.986063,0.817663,0.077892,-0.355766,0.574013,0.484078,0.086471
0.829451,1.113338,0.740414,0.022988,-0.716816,0.441103,0.581715,-0.418272,0.766773,-0.322689,0.610201,0.241318,-1.247149,0.130594,0.332513,0.405090,-0.400678,0.142818,0.754537,-0.753239,0.021086,1.533794,-2.108067,-1.681427,-0.406899,-1.412181,0.473522,0.288563,-1.042314,0.474707,0.411502,0.188787,1.475425,0.411495,0.188854,0.000390,-1.215901,-0.671468,-0.169880,-0.547675,0.193004,1.115783,-0.547675,0.000390,0.000390,0.749730,0.221234,-0.611936,1.209847,0.968584,-0.248408,1.065083,0.517460,-0.087661,0.930693,0.682566,0.033303,-0.547675,0.000390,0.000390,-0.546911,0.000390,0.000390,-0.547675,0.000390,0.000390,0.411495,0.188853,0.000390,0.411495,0.188853,0.000390,0.411502,0.188853,0.000390,1.503832,2.314203,-0.465723,0.253175,2.420658,1.072856,1.082443,1.060157,1.668155,0.631327,1.482604,0.190162,0.500409,0.653587,1.436801,0.733743,1.187129,-1.224635,0.524034,0.825493,-2.042071,0.994865,0.403710,-1.731421,0.432709,0.910677,-1.203192,0.227625,1.474840,0.474487,0.812573,0.804675,-0.638902,0.290884,1.296368,1.557480,0.539734,1.458331,0.571441,0.342968,1.679591,1.847842,0.674097,1.442515,0.965759,1.080794,1.009390,0.933258,0.678512,1.071723,0.628809,0.342127,2.472345,0.067448,-0.776855,2.298021,-0.103664,0.662231,1.041695,0.692534,-0.661758,2.069374,1.540350,-0.547886,-0.083877,-0.511424,-0.689806,-0.254970,1.088385,-0.785582,-0.327488,0.800174,-0.822852,-0.375687,0.947882,-0.892922,-0.427657,1.487353,0.279069,-0.120932,1.050670,0.615862,-0.117641,0.151713,0.618222,-0.133084,0.430573,0.575927,-0.165165,0.907719,0.486545,-0.040834,-0.248158,0.884125,-0.055378,-0.838642,0.902014,-0.046550,-0.718314,0.803705,-0.041353,-1.766253,0.511355,-0.032563,0.249622,0.674964,-0.041762,1.233004,0.641951,-0.085195,-1.258486,0.790875,-0.145350,-1.354589,0.425743,-0.033288,0.189184,0.619528,-0.056067,-0.408745,0.557128,-0.112118,-0.187162,0.733785,-0.198858,0.426717,1.246726,0.624698,-1.079424,1.072911,0.719644,-0.735111,0.968440,0.626401,0.185375,0.958748,0.336785,0.219963,0.979548,0.883804,0.988261,1.057930,0.198935,0.591913,0.972946,0.730290,0.797674,1.224671,0.495477,0.980789,1.077960,0.457291,0.505145,0.891324,-0.066512,0.732412,0.985227,0.551466,0.500603,0.693688,0.593634,-0.485275,0.732926,-0.289109,0.326856,0.728775,0.255460,1.066017,0.369363,-0.118587,-0.152938,0.211249,-0.048242,0.297421,0.415935,-0.265490,-0.235795,1.271578,0.452401,0.393959,0.913911,0.305231,0.092501,0.897065,-0.200035,0.561132,1.179755,0.815675,-0.271842,1.157141,0.881569,-0.033557,0.619516,1.305487,-1.105252,0.523908,0.586958,-0.665387,0.821674,1.087102,-0.108105,0.865874,1.361552,-0.162347,0.582487,0.548439,-0.597866,0.759794,0.884072,-0.107074,0.914317,0.572478,-0.307797,0.536911,0.417907,0.317082,0.768364,0.964310,-0.457400,0.636801,0.621905,0.312640,0.636631,0.036769,-0.767547,0.812779,0.272772,-1.192979,0.805465,0.378568,-0.499492,0.721510,0.259329,-0.085235,0.814613,0.653048,0.562377,0.686341,0.337044,0.286259,1.039039,-0.005458,0.320495,1.000547,0.910806,0.167728,1.029340,0.386676,-0.207433,0.454985,0.975573,-0.374971,0.658484,0.275456,0.256572,0.507917,0.073388,0.254757,0.802502,0.157356,0.827620,0.837772,0.402960,1.127281,0.735498,1.123318,-0.129451,0.556635,0.687181,-1.160603,0.599087,0.453109,0.644823,0.936214,0.655884,0.078138,0.796944,1.782788,-1.176925,0.771165,1.715755,0.280834,0.967143,1.383441,-1.194161,0.982514,0.095062,0.028364,0.568212,1.084053,-0.659204,0.673704,1.282192,-0.306448,0.834215,1.045788,0.269812,0.981716,1.629609,0.683671,0.850296,1.847718,0.058675,0.931279,1.334316,0.195318,0.799618,0.997459,1.105530,0.711404,0.087801,-0.335772,0.779477,-0.077222,0.180781,0.925107,0.183452,0.073335,0.782725,0.669266,-0.877721,0.878114,0.335234,-0.226662,0.716239,0.704767,-0.601922,0.768337,0.153636,-0.986063,0.817663,0.077892,-0.355766,0.574013,0.484078,0.086471
0.810522,1.115400,0.556315,0.005335,1.233870,-0.541137,0.557543,-0.406179,0.569563,-0.325364,0.610201,0.370113,-1.099648,0.083022,-0.051951,0.374047,0.897750,-0.084279,0.729463,-0.777676,-0.711791,1.542492,-0.588277,-1.283234,-0.584257,-0.638790,0.207173,0.249252,-0.137476,-0.585331,0.400567,0.188787,0.588123,0.400560,0.188854,0.000390,-1.261617,-0.657760,0.830478,-0.072889,0.193004,1.009347,-0.072889,0.000390,0.000390,0.723345,0.340827,-1.733192,1.229629,1.531244,-2.362226,1.699700,0.506988,-0.374297,0.941559,0.675030,1.244017,-0.072889,0.000390,0.000390,-0.072125,0.000390,0.000390,-0.072889,0.000390,0.000390,0.400560,0.188853,0.000390,0.400560,0.188853,0.000390,0.400567,0.188853,0.000390,0.928308,2.365517,-0.574999,0.110315,1.507093,2.500331,1.246100,0.635410,0.771121,0.473755,1.360930,0.767070,0.638149,0.267654,0.795816,0.760182,1.026345,0.554854,0.536081,0.560214,-0.629636,0.943378,0.313777,-1.015595,0.332431,0.918549,-1.335356,0.308692,1.316514,1.611031,0.878037,0.594774,0.027734,0.530787,0.828883,1.077400,0.434776,1.110655,0.311942,0.865575,1.025852,1.217133,1.145926,1.217055,1.655000,1.061652,0.531627,1.516745,0.909526,0.428127,0.399238,0.927287,1.395059,0.747894,1.283007,0.929953,0.264633,1.015069,0.595847,1.014377,0.040213,1.285709,0.555848,-0.579363,-0.095615,-0.059836,-0.689825,-0.274854,1.005277,-0.743654,-0.320626,0.295583,-0.800479,-0.376763,1.083432,-0.893098,-0.421895,1.012362,0.233533,-0.101307,1.147106,0.575129,-0.118574,0.886300,0.617018,-0.128098,0.618106,0.574535,-0.154703,0.731262,0.409411,-0.028490,-0.084195,0.883226,-0.062229,-0.147794,0.901001,-0.041878,0.589623,0.962352,-0.057067,-1.092037,0.445329,-0.020113,0.551453,0.622554,-0.030637,1.322242,0.570278,-0.080314,-1.155874,0.598321,-0.157279,-1.214004,0.395990,-0.020732,0.160945,0.618695,-0.050930,-0.087248,0.556200,-0.113112,-0.107270,0.732798,-0.193748,0.875652,0.636932,0.382765,-0.587837,0.895380,0.019674,1.214082,0.811460,1.023663,0.493253,0.830760,1.055097,1.408551,0.889143,0.958800,0.526339,1.047714,1.270117,0.422496,0.756647,0.016907,0.925340,0.764182,0.779476,-0.176053,0.760169,0.849259,0.918607,1.035452,1.226552,0.065359,1.263493,-0.929353,0.502510,1.073438,-2.042044,0.512727,0.796023,0.836138,-0.793137,0.823462,1.001189,0.550596,0.488077,0.288968,1.199506,0.868931,-0.158974,0.707158,1.025570,-0.899185,1.040096,0.779875,-0.567699,-0.462558,0.558381,0.382930,-0.720335,0.602489,-0.234266,-0.053696,0.985800,0.799730,-0.624472,1.053589,0.947024,-0.691292,0.352370,0.399982,-0.022195,0.314606,0.428049,0.715894,0.687574,0.929591,-0.107104,0.813606,-0.313294,-2.647653,0.585538,-0.374033,-0.635690,0.730201,0.245138,-0.686218,0.891141,1.098744,0.743270,0.515624,1.133280,0.619058,0.433254,0.962929,-0.909347,0.880600,0.920286,-1.271771,0.585486,1.349076,1.013083,0.499958,0.607774,1.007488,0.519648,1.590332,-0.719362,0.796505,1.521356,-1.232049,0.849836,2.080293,0.295237,0.757855,3.802817,-1.704544,0.802419,3.587666,-1.972234,0.827766,1.474657,-0.278498,0.798587,1.096099,1.565783,1.155916,1.674415,1.324705,0.761565,1.682088,0.867061,1.383848,3.809663,0.978911,1.033532,3.729812,0.392744,1.107737,2.694623,-1.259200,0.975948,0.590537,-0.129556,0.718571,0.109341,-0.857414,0.431924,1.480024,-1.123436,0.812821,1.397932,1.858214,0.447131,1.273463,0.414194,0.462610,-0.146484,-1.519725,0.355344,0.813819,1.424296,0.723193,1.758424,0.732682,0.373421,-1.666726,-0.478872,0.770674,0.062491,1.570634,0.562206,-1.472362,-1.431575,0.365180,-0.657196,-1.756855,0.506944,-0.504903,-1.105749,0.812090,-0.762828,1.722748,0.642115,-0.523622,-0.837336,0.368172,1.665145,-1.836323,0.472426,1.553350,-2.168057,0.315693,0.924731,-1.810029,0.895407,-0.906469,1.944493,0.278723,1.141344,-0.467574,0.411312,1.463321,-0.055187,0.432523,1.087980,0.186990,0.939137,3.401245,0.931878,1.137440,3.009985,-0.910490
0.810522,1.115400,0.556315,0.005335,1.233870,-0.541137,0.557543,-0.406179,0.569563,-0.325364,0.610201,0.370113,-1.099648,0.083022,-0.051951,0.374047,0.897750,-0.084279,0.729463,-0.777676,-0.711791,1.542492,-0.588277,-1.283234,-0.584257,-0.638790,0.207173,0.249252,-0.137476,-0.585331,0.400567,0.188787,0.588123,0.400560,0.188854,0.000390,-1.261617,-0.657760,0.830478,-0.072889,0.193004,1.009347,-0.072889,0.000390,0.000390,0.723345,0.340827,-1.733192,1.229629,1.531244,-2.362226,1.699700,0.506988,-0.374297,0.941559,0.675030,1.244017,-0.072889,0.000390,0.000390,-0.072125,0.000390,0.000390,-0.072889,0.000390,0.000390,0.400560,0.188853,0.000390,0.400560,0.188853,0.000390,0.400567,0.188853,0.000390,0.928308,2.365517,-0.574999,0.110315,1.507093,2.500331,1.246100,0.635410,0.771121,0.473755,1.360930,0.767070,0.638149,0.267654,0.795816,0.760182,1.026345,0.554854,0.536081,0.560214,-0.629636,0.943378,0.313777,-1.015595,0.332431,0.918549,-1.335356,0.308692,1.316514,1.611031,0.878037,0.594774,0.027734,0.530787,0.828883,1.077400,0.434776,1.110655,0.311942,0.865575,1.025852,1.217133,1.145926,1.217055,1.655000,1.061652,0.531627,1.516745,0.909526,0.428127,0.399238,0.927287,1.395059,0.747894,1.283007,0.929953,0.264633,1.015069,0.595847,1.014377,0.040213,1.285709,0.555848,-0.579363,-0.095615,-0.059836,-0.689825,-0.274854,1.005277,-0.743654,-0.320626,0.295583,-0.800479,-0.376763,1.083432,-0.893098,-0.421895,1.012362,0.233533,-0.101307,1.147106,0.575129,-0.118574,0.886300,0.617018,-0.128098,0.618106,0.574535,-0.154703,0.731262,0.409411,-0.028490,-0.084195,0.883226,-0.062229,-0.147794,0.901001,-0.041878,0.589623,0.962352,-0.057067,-1.092037,0.445329,-0.020113,0.551453,0.622554,-0.030637,1.322242,0.570278,-0.080314,-1.155874,0.598321,-0.157279,-1.214004,0.395990,-0.020732,0.160945,0.618695,-0.050930,-0.087248,0.556200,-0.113112,-0.107270,0.732798,-0.193748,0.875652,0.636932,0.382765,-0.587837,0.895380,0.019674,1.214082,0.811460,1.023663,0.493253,0.830760,1.055097,1.408551,0.889143,0.958800,0.526339,1.047714,1.270117,0.422496,0.756647,0.016907,0.925340,0.764182,0.779476,-0.176053,0.760169,0.849259,0.918607,1.035452,1.226552,0.065359,1.263493,-0.929353,0.502510,1.073438,-2.042044,0.512727,0.796023,0.836138,-0.793137,0.823462,1.001189,0.550596,0.488077,0.288968,1.199506,0.868931,-0.158974,0.707158,1.025570,-0.899185,1.040096,0.779875,-0.567699,-0.462558,0.558381,0.382930,-0.720335,0.602489,-0.234266,-0.053696,0.985800,0.799730,-0.624472,1.053589,0.947024,-0.691292,0.352370,0.399982,-0.022195,0.314606,0.428049,0.715894,0.687574,0.929591,-0.107104,0.813606,-0.313294,-2.647653,0.585538,-0.374033,-0.635690,0.730201,0.245138,-0.686218,0.891141,1.098744,0.743270,0.515624,1.133280,0.619058,0.433254,0.962929,-0.909347,0.880600,0.920286,-1.271771,0.585486,1.349076,1.013083,0.499958,0.607774,1.007488,0.519648,1.590332,-0.719362,0.796505,1.521356,-1.232049,0.849836,2.080293,0.295237,0.757855,3.802817,-1.704544,0.802419,3.587666,-1.972234,0.827766,1.474657,-0.278498,0.798587,1.096099,1.565783,1.155916,1.674415,1.324705,0.761565,1.682088,0.867061,1.383848,3.809663,0.978911,1.033532,3.729812,0.392744,1.107737,2.694623,-1.259200,0.975948,0.590537,-0.129556,0.718571,0.109341,-0.857414,0.431924,1.480024,-1.123436,0.812821,1.397932,1.858214,0.447131,1.273463,0.414194,0.462610,-0.146484,-1.519725,0.355344,0.813819,1.424296,0.723193,1.758424,0.732682,0.373421,-1.666726,-0.478872,0.770674,0.062491,1.570634,0.562206,-1.472362,-1.431575,0.365180,-0.657196,-1.756855,0.506944,-0.504903,-1.105749,0.812090,-0.762828,1.722748,0.642115,-0.523622,-0.837336,0.368172,1.665145,-1.836323,0.472426,1.553350,-2.168057,0.315693,0.924731,-1.810029,0.895407,-0.906469,1.944493,0.278723,1.141344,-0.467574,0.411312,1.463321,-0.055187,0.432523,1.087980,0.186990,0.939137,3.401245,0.931878,1.137440,3.009985,-0.910490
0.810522,1.115400,0.556315,0.005335,1.233870,-0.541137,0.557543,-0.406179,0.569563,-0.325364,0.610201,0.370113,-1.099648,0.083022,-0.051951,0.374047,0.897750,-0.084279,0.729463,-0.777676,-0.711791,1.542492,-0.588277,-1.283234,-0.584257,-0.638790,0.207173,0.249252,-0.137476,-0.585331,0.400567,0.188787,0.588123,0.400560,0.188854,0.000390,-1.261617,-0.657760,0.830478,-0.072889,0.193004,1.009347,-0.072889,0.000390,0.000390,0.723345,0.340827,-1.733192,1.229629,1.531244,-2.362226,1.699700,0.506988,-0.374297,0.941559,0.675030,1.244017,-0.072889,0.000390,0.000390,-0.072125,0.000390,0.000390,-0.072889,0.000390,0.000390,0.400560,0.188853,0.000390,0.400560,0.188853,0.000390,0.400567,0.188853,0.000390,0.928308,2.365517,-0.574999,0.110315,1.507093,2.500331,1.246100,0.635410,0.771121,0.473755,1.360930,0.767070,0.638149,0.267654,0.795816,0.760182,1.026345,0.554854,0.536081,0.560214,-0.629636,0.943378,0.313777,-1.015595,0.332431,0.918549,-1.335356,0.308692,1.316514,1.611031,0.878037,0.594774,0.027734,0.530787,0.828883,1.077400,0.434776,1.110655,0.311942,0.865575,1.025852,1.217133,1.145926,1.217055,1.655000,1.061652,0.531627,1.516745,0.909526,0.428127,0.399238,0.927287,1.395059,0.747894,1.283007,0.929953,0.264633,1.015069,0.595847,1.014377,0.040213,1.285709,0.555848,-0.579363,-0.095615,-0.059836,-0.689825,-0.274854,1.005277,-0.743654,-0.320626,0.295583,-0.800479,-0.376763,1.083432,-0.893098,-0.421895,1.012362,0.233533,-0.101307,1.147106,0.575129,-0.118574,0.886300,0.617018,-0.128098,0.618106,0.574535,-0.154703,0.731262,0.409411,-0.028490,-0.084195,0.883226,-0.062229,-0.147794,0.901001,-0.041878,0.589623,0.962352,-0.057067,-1.092037,0.445329,-0.020113,0.551453,0.622554,-0.030637,1.322242,0.570278,-0.080314,-1.155874,0.598321,-0.157279,-1.214004,0.395990,-0.020732,0.160945,0.618695,-0.050930,-0.087248,0.556200,-0.113112,-0.107270,0.732798,-0.193748,0.875652,0.636932,0.382765,-0.587837,0.895380,0.019674,1.214082,0.811460,1.023663,0.493253,0.830760,1.055097,1.408551,0.889143,0.958800,0.526339,1.047714,1.270117,0.422496,0.756647,0.016907,0.925340,0.764182,0.779476,-0.176053,0.760169,0.849259,0.918607,1.035452,1.226552,0.065359,1.263493,-0.929353,0.502510,1.073438,-2.042044,0.512727,0.796023,0.836138,-0.793137,0.823462,1.001189,0.550596,0.488077,0.288968,1.199506,0.868931,-0.158974,0.707158,1.025570,-0.899185,1.040096,0.779875,-0.567699,-0.462558,0.558381,0.382930,-0.720335,0.602489,-0.234266,-0.053696,0.985800,0.799730,-0.624472,1.053589,0.947024,-0.691292,0.352370,0.399982,-0.022195,0.314606,0.428049,0.715894,0.687574,0.929591,-0.107104,0.813606,-0.313294,-2.647653,0.585538,-0.374033,-0.635690,0.730201,0.245138,-0.686218,0.891141,1.098744,0.743270,0.515624,1.133280,0.619058,0.433254,0.962929,-0.909347,0.880600,0.920286,-1.271771,0.585486,1.349076,1.013083,0.499958,0.607774,1.007488,0.519648,1.590332,-0.719362,0.796505,1.521356,-1.232049,0.849836,2.080293,0.295237,0.757855,3.802817,-1.704544,0.802419,3.587666,-1.972234,0.827766,1.474657,-0.278498,0.798587,1.096099,1.565783,1.155916,1.674415,1.324705,0.761565,1.682088,0.867061,1.383848,3.809663,0.978911,1.033532,3.729812,0.392744,1.107737,2.694623,-1.259200,0.975948,0.590537,-0.129556,0.718571,0.109341,-0.857414,0.431924,1.480024,-1.123436,0.812821,1.397932,1.858214,0.447131,1.273463,0.414194,0.462610,-0.146484,-1.519725,0.355344,0.813819,1.424296,0.723193,1.758424,0.732682,0.373421,-1.666726,-0.478872,0.770674,0.062491,1.570634,0.562206,-1.472362,-1.431575,0.365180,-0.657196,-1.756855,0.506944,-0.504903,-1.105749,0.812090,-0.762828,1.722748,0.642115,-0.523622,-0.837336,0.368172,1.665145,-1.836323,0.472426,1.553350,-2.168057,0.315693,0.924731,-1.810029,0.895407,-0.906469,1.944493,0.278723,1.141344,-0.467574,0.411312,1.463321,-0.055187,0.432523,1.087980,0.186990,0.939137,3.401245,0.931878,1.137440,3.009985,-0.910490
0.810522,1.115400,0.556315,0.005335,1.233870,-0.541137,0.557543,-0.406179,0.569563,-0.325364,0.610201,0.370113,-1.099648,0.083022,-0.051951,0.374047,0.897750,-0.084279,0.729463,-0.777676,-0.711791,1.542492,-0.588277,-1.283234,-0.584257,-0.638790,0.207173,0.249252,-0.137476,-0.585331,0.400567,0.188787,0.588123,0.400560,0.188854,0.000390,-1.261617,-0.657760,0.830478,-0.072889,0.193004,1.009347,-0.072889,0.000390,0.000390,0.723345,0.340827,-1.733192,1.229629,1.531244,-2.362226,1.699700,0.506988,-0.374297,0.941559,0.675030,1.244017,-0.072889,0.000390,0.000390,-0.072125,0.000390,0.000390,-0.072889,0.000390,0.000390,0.400560,0.188853,0.000390,0.400560,0.188853,0.000390,0.400567,0.188853,0.000390,0.928308,2.365517,-0.574999,0.110315,1.507093,2.500331,1.246100,0.635410,0.771121,0.473755,1.360930,0.767070,0.638149,0.267654,0.795816,0.760182,1.026345,0.554854,0.536081,0.560214,-0.629636,0.943378,0.313777,-1.015595,0.332431,0.918549,-1.335356,0.308692,1.316514,1.611031,0.878037,0.594774,0.027734,0.530787,0.828883,1.077400,0.434776,1.110655,0.311942,0.865575,1.025852,1.217133,1.145926,1.217055,1.655000,1.061652,0.531627,1.516745,0.909526,0.428127,0.399238,0.927287,1.395059,0.747894,1.283007,0.929953,0.264633,1.015069,0.595847,1.014377,0.040213,1.285709,0.555848,-0.579363,-0.095615,-0.059836,-0.689825,-0.274854,1.005277,-0.743654,-0.320626,0.295583,-0.800479,-0.376763,1.083432,-0.893098,-0.421895,1.012362,0.233533,-0.101307,1.147106,0.575129,-0.118574,0.886300,0.617018,-0.128098,0.618106,0.574535,-0.154703,0.731262,0.409411,-0.028490,-0.084195,0.883226,-0.062229,-0.147794,0.901001,-0.041878,0.589623,0.962352,-0.057067,-1.092037,0.445329,-0.020113,0.551453,0.622554,-0.030637,1.322242,0.570278,-0.080314,-1.155874,0.598321,-0.157279,-1.214004,0.395990,-0.020732,0.160945,0.618695,-0.050930,-0.087248,0.556200,-0.113112,-0.107270,0.732798,-0.193748,0.875652,0.636932,0.382765,-0.587837,0.895380,0.019674,1.214082,0.811460,1.023663,0.493253,0.830760,1.055097,1.408551,0.889143,0.958800,0.526339,1.047714,1.270117,0.422496,0.756647,0.016907,0.925340,0.764182,0.779476,-0.176053,0.760169,0.849259,0.918607,1.035452,1.226552,0.065359,1.263493,-0.929353,0.502510,1.073438,-2.042044,0.512727,0.796023,0.836138,-0.793137,0.823462,1.001189,0.550596,0.488077,0.288968,1.199506,0.868931,-0.158974,0.707158,1.025570,-0.899185,1.040096,0.779875,-0.567699,-0.462558,0.558381,0.382930,-0.720335,0.602489,-0.234266,-0.053696,0.985800,0.799730,-0.624472,1.053589,0.947024,-0.691292,0.352370,0.399982,-0.022195,0.314606,0.428049,0.715894,0.687574,0.929591,-0.107104,0.813606,-0.313294,-2.647653,0.585538,-0.374033,-0.635690,0.730201,0.245138,-0.686218,0.891141,1.098744,0.743270,0.515624,1.133280,0.619058,0.433254,0.962929,-0.909347,0.880600,0.920286,-1.271771,0.585486,1.349076,1.013083,0.499958,0.607774,1.007488,0.519648,1.590332,-0.719362,0.796505,1.521356,-1.232049,0.849836,2.080293,0.295237,0.757855,3.802817,-1.704544,0.802419,3.587666,-1.972234,0.827766,1.474657,-0.278498,0.798587,1.096099,1.565783,1.155916,1.674415,1.324705,0.761565,1.682088,0.867061,1.383848,3.809663,0.978911,1.033532,3.729812,0.392744,1.107737,2.694623,-1.259200,0.975948,0.590537,-0.129556,0.718571,0.109341,-0.857414,0.431924,1.480024,-1.123436,0.812821,1.397932,1.858214,0.447131,1.273463,0.414194,0.462610,-0.146484,-1.519725,0.355344,0.813819,1.424296,0.723193,1.758424,0.732682,0.373421,-1.666726,-0.478872,0.770674,0.062491,1.570634,0.562206,-1.472362,-1.431575,0.365180,-0.657196,-1.756855,0.506944,-0.504903,-1.105749,0.812090,-0.762828,1.722748,0.642115,-0.523622,-0.837336,0.368172,1.665145,-1.836323,0.472426,1.553350,-2.168057,0.315693,0.924731,-1.810029,0.895407,-0.906469,1.944493,0.278723,1.141344,-0.467574,0.411312,1.463321,-0.055187,0.432523,1.087980,0.186990,0.939137,3.401245,0.931878,1.137440,3.009985,-0.910490
0.810522,1.115400,0.556315,0.005335,1.233870,-0.541137,0.557543,-0.406179,0.569563,-0.325364,0.610201,0.370113,-1.099648,0.083022,-0.051951,0.374047,0.897750,-0.084279,0.729463,-0.777676,-0.711791,1.542492,-0.588277,-1.283234,-0.584257,-0.638790,0.207173,0.249252,-0.137476,-0.585331,0.400567,0.188787,0.588123,0.400560,0.188854,0.000390,-1.261617,-0.657760,0.830478,-0.072889,0.193004,1.009347,-0.072889,0.000390,0.000390,0.723345,0.340827,-1.733192,1.229629,1.531244,-2.362226,1.699700,0.506988,-0.374297,0.941559,0.675030,1.244017,-0.072889,0.000390,0.000390,-0.072125,0.000390,0.000390,-0.072889,0.000390,0.000390,0.400560,0.188853,0.000390,0.400560,0.188853,0.000390,0.400567,0.188853,0.000390,0.928308,2.365517,-0.574999,0.110315,1.507093,2.500331,1.246100,0.635410,0.771121,0.473755,1.360930,0.767070,0.638149,0.267654,0.795816,0.760182,1.026345,0.554854,0.536081,0.560214,-0.629636,0.943378,0.313777,-1.015595,0.332431,0.918549,-1.335356,0.308692,1.316514,1.611031,0.878037,0.594774,0.027734,0.530787,0.828883,1.077400,0.434776,1.110655,0.311942,0.865575,1.025852,1.217133,1.145926,1.217055,1.655000,1.061652,0.531627,1.516745,0.909526,0.428127,0.399238,0.927287,1.395059,0.747894,1.283007,0.929953,0.264633,1.015069,0.595847,1.014377,0.040213,1.285709,0.555848,-0.579363,-0.095615,-0.059836,-0.689825,-0.274854,1.005277,-0.743654,-0.320626,0.295583,-0.800479,-0.376763,1.083432,-0.893098,-0.421895,1.012362,0.233533,-0.101307,1.147106,0.575129,-0.118574,0.886300,0.617018,-0.128098,0.618106,0.574535,-0.154703,0.731262,0.409411,-0.028490,-0.084195,0.883226,-0.062229,-0.147794,0.901001,-0.041878,0.589623,0.962352,-0.057067,-1.092037,0.445329,-0.020113,0.551453,0.622554,-0.030637,1.322242,0.570278,-0.080314,-1.155874,0.598321,-0.157279,-1.214004,0.395990,-0.020732,0.160945,0.618695,-0.050930,-0.087248,0.556200,-0.113112,-0.107270,0.732798,-0.193748,0.875652,0.636932,0.382765,-0.587837,0.895380,0.019674,1.214082,0.811460,1.023663,0.493253,0.830760,1.055097,1.408551,0.889143,0.958800,0.526339,1.047714,1.270117,0.422496,0.756647,0.016907,0.925340,0.764182,0.779476,-0.176053,0.760169,0.849259,0.918607,1.035452,1.226552,0.065359,1.263493,-0.929353,0.502510,1.073438,-2.042044,0.512727,0.796023,0.836138,-0.793137,0.823462,1.001189,0.550596,0.488077,0.288968,1.199506,0.868931,-0.158974,0.707158,1.025570,-0.899185,1.040096,0.779875,-0.567699,-0.462558,0.558381,0.382930,-0.720335,0.602489,-0.234266,-0.053696,0.985800,0.799730,-0.624472,1.053589,0.947024,-0.691292,0.352370,0.399982,-0.022195,0.314606,0.428049,0.715894,0.687574,0.929591,-0.107104,0.813606,-0.313294,-2.647653,0.585538,-0.374033,-0.635690,0.730201,0.245138,-0.686218,0.891141,1.098744,0.743270,0.515624,1.133280,0.619058,0.433254,0.962929,-0.909347,0.880600,0.920286,-1.271771,0.585486,1.349076,1.013083,0.499958,0.607774,1.007488,0.519648,1.590332,-0.719362,0.796505,1.521356,-1.232049,0.849836,2.080293,0.295237,0.757855,3.802817,-1.704544,0.802419,3.587666,-1.972234,0.827766,1.474657,-0.278498,0.798587,1.096099,1.565783,1.155916,1.674415,1.324705,0.761565,1.682088,0.867061,1.383848,3.809663,0.978911,1.033532,3.729812,0.392744,1.107737,2.694623,-1.259200,0.975948,0.590537,-0.129556,0.718571,0.109341,-0.857414,0.431924,1.480024,-1.123436,0.812821,1.397932,1.858214,0.447131,1.273463,0.414194,0.462610,-0.146484,-1.519725,0.355344,0.813819,1.424296,0.723193,1.758424,0.732682,0.373421,-1.666726,-0.478872,0.770674,0.062491,1.570634,0.562206,-1.472362,-1.431575,0.365180,-0.657196,-1.756855,0.506944,-0.504903,-1.105749,0.812090,-0.762828,1.722748,0.642115,-0.523622,-0.837336,0.368172,1.665145,-1.836323,0.472426,1.553350,-2.168057,0.315693,0.924731,-1.810029,0.895407,-0.906469,1.944493,0.278723,1.141344,-0.467574,0.411312,1.463321,-0.055187,0.432523,1.087980,0.186990,0.939137,3.401245,0.931878,1.137440,3.009985,-0.910490
0.810522,1.115400,0.556315,0.005335,1.233870,-0.541137,0.557543,-0.406179,0.569563,-0.325364,0.610201,0.370113,-1.099648,0.083022,-0.051951,0.374047,0.897750,-0.084279,0.729463,-0.777676,-0.711791,1.542492,-0.588277,-1.283234,-0.584257,-0.638790,0.207173,0.249252,-0.137476,-0.585331,0.400567,0.188787,0.588123,0.400560,0.188854,0.000390,-1.261617,-0.657760,0.830478,-0.072889,0.193004,1.009347,-0.072889,0.000390,0.000390,0.723345,0.340827,-1.733192,1.229629,1.531244,-2.362226,1.699700,0.506988,-0.374297,0.941559,0.675030,1.244017,-0.072889,0.000390,0.000390,-0.072125,0.000390,0.000390,-0.072889,0.000390,0.000390,0.400560,0.188853,0.000390,0.400560,0.188853,0.000390,0.400567,0.188853,0.000390,0.928308,2.365517,-0.574999,0.110315,1.507093,2.500331,1.246100,0.635410,0.771121,0.473755,1.360930,0.767070,0.638149,0.267654,0.795816,0.760182,1.026345,0.554854,0.536081,0.560214,-0.629636,0.943378,0.313777,-1.015595,0.332431,0.918549,-1.335356,0.308692,1.316514,1.611031,0.878037,0.594774,0.027734,0.530787,0.828883,1.077400,0.434776,1.110655,0.311942,0.865575,1.025852,1.217133,1.145926,1.217055,1.655000,1.061652,0.531627,1.516745,0.909526,0.428127,0.399238,0.927287,1.395059,0.747894,1.283007,0.929953,0.264633,1.015069,0.595847,1.014377,0.040213,1.285709,0.555848,-0.579363,-0.095615,-0.059836,-0.689825,-0.274854,1.005277,-0.743654,-0.320626,0.295583,-0.800479,-0.376763,1.083432,-0.893098,-0.421895,1.012362,0.233533,-0.101307,1.147106,0.575129,-0.118574,0.886300,0.617018,-0.128098,0.618106,0.574535,-0.154703,0.731262,0.409411,-0.028490,-0.084195,0.883226,-0.062229,-0.147794,0.901001,-0.041878,0.589623,0.962352,-0.057067,-1.092037,0.445329,-0.020113,0.551453,0.622554,-0.030637,1.322242,0.570278,-0.080314,-1.155874,0.598321,-0.157279,-1.214004,0.395990,-0.020732,0.160945,0.618695,-0.050930,-0.087248,0.556200,-0.113112,-0.107270,0.732798,-0.193748,0.875652,0.636932,0.382765,-0.587837,0.895380,0.019674,1.214082,0.811460,1.023663,0.493253,0.830760,1.055097,1.408551,0.889143,0.958800,0.526339,1.047714,1.270117,0.422496,0.756647,0.016907,0.925340,0.764182,0.779476,-0.176053,0.760169,0.849259,0.918607,1.035452,1.226552,0.065359,1.263493,-0.929353,0.502510,1.073438,-2.042044,0.512727,0.796023,0.836138,-0.793137,0.823462,1.001189,0.550596,0.488077,0.288968,1.199506,0.868931,-0.158974,0.707158,1.025570,-0.899185,1.040096,0.779875,-0.567699,-0.462558,0.558381,0.382930,-0.720335,0.602489,-0.234266,-0.053696,0.985800,0.799730,-0.624472,1.053589,0.947024,-0.691292,0.352370,0.399982,-0.022195,0.314606,0.428049,0.715894,0.687574,0.929591,-0.107104,0.813606,-0.313294,-2.647653,0.585538,-0.374033,-0.635690,0.730201,0.245138,-0.686218,0.891141,1.098744,0.743270,0.515624,1.133280,0.619058,0.433254,0.962929,-0.909347,0.880600,0.920286,-1.271771,0.585486,1.349076,1.013083,0.499958,0.607774,1.007488,0.519648,1.590332,-0.719362,0.796505,1.521356,-1.232049,0.849836,2.080293,0.295237,0.757855,3.802817,-1.704544,0.802419,3.587666,-1.972234,0.827766,1.474657,-0.278498,0.798587,1.096099,1.565783,1.155916,1.674415,1.324705,0.761565,1.682088,0.867061,1.383848,3.809663,0.978911,1.033532,3.729812,0.392744,1.107737,2.694623,-1.259200,0.975948,0.590537,-0.129556,0.718571,0.109341,-0.857414,0.431924,1.480024,-1.123436,0.812821,1.397932,1.858214,0.447131,1.273463,0.414194,0.462610,-0.146484,-1.519725,0.355344,0.813819,1.424296,0.723193,1.758424,0.732682,0.373421,-1.666726,-0.478872,0.770674,0.062491,1.570634,0.562206,-1.472362,-1.431575,0.365180,-0.657196,-1.756855,0.506944,-0.504903,-1.105749,0.812090,-0.762828,1.722748,0.642115,-0.523622,-0.837336,0.368172,1.665145,-1.836323,0.472426,1.553350,-2.168057,0.315693,0.924731,-1.810029,0.895407,-0.906469,1.944493,0.278723,1.141344,-0.467574,0.411312,1.463321,-0.055187,0.432523,1.087980,0.186990,0.939137,3.401245,0.931878,1.137440,3.009985,-0.910490
0.813519,-0.885798,0.756337,-0.047625,0.262920,-0.926663,-1.030713,-0.397196,0.634972,-0.331499,0.621772,0.119544,-1.101517,0.129174,0.223638,0.403155,0.908739,-1.842402,0.744246,0.997538,0.451639,1.526938,-0.576765,-0.626878,-0.406899,0.156982,0.384237,0.238972,0.772639,-0.168088,-0.764890,0.188787,0.544651,-0.764897,0.188854,0.000390,-1.213503,0.373090,0.671322,2.340737,0.193004,-0.477035,2.340737,0.000390,0.000390,0.723637,0.325378,-1.285259,1.214780,1.312414,-1.878740,1.329372,-0.946106,0.092238,0.927934,-1.131304,1.092213,2.340737,0.000390,0.000390,2.341497,0.000390,0.000390,2.340737,0.000390,0.000390,-0.764897,0.188853,0.000390,-0.764897,0.188853,0.000390,-0.764890,0.188853,0.000390,0.954647,0.807914,-1.222511,0.587798,1.062773,1.601062,1.065056,-0.481806,0.282028,0.617219,0.379291,0.945440,0.784755,0.194164,-0.624180,1.085256,0.222293,1.442543,0.804972,0.409130,0.084912,0.986203,0.441873,0.185500,0.422489,-0.109047,-0.272444,0.226184,0.582085,0.681223,0.459548,0.072862,-0.855596,0.561266,0.163934,0.436071,0.529036,0.026590,-0.122823,0.342058,-0.114036,0.779729,0.671833,0.200076,-0.440981,1.073292,-0.315816,-0.533924,1.002596,-0.101497,-0.612869,0.340766,0.401123,0.596889,-0.385228,0.929953,-1.547736,0.654338,-0.015962,-1.477458,-0.277182,0.492536,-0.863322,-0.609387,-0.047430,0.352191,-0.714519,-0.246846,1.580816,-0.744888,-0.326798,0.147249,-0.803733,-0.366582,1.460842,-0.917986,-0.418267,1.146230,0.264824,-0.113718,1.453349,0.554040,-0.098437,0.475005,0.593626,-0.126019,0.684389,0.479031,-0.163779,1.149076,0.433153,-0.034657,-0.198492,0.893450,-0.049157,0.650320,0.930575,-0.045917,1.010067,0.903180,-0.030072,-1.029112,0.431876,0.000149,0.444206,0.657193,-0.029935,0.909980,0.645511,-0.090756,-1.081784,0.576918,-0.161459,-0.927639,0.325612,0.006086,0.063283,0.628163,-0.050866,-0.101277,0.586988,-0.094638,-0.150905,0.713307,-0.193041,0.699018,0.643337,1.585948,-1.045290,0.901464,1.837678,-0.387030,0.817028,1.403005,-1.514595,0.835330,0.475424,0.297713,0.892650,0.501176,1.168905,0.581670,-0.017746,0.474989,0.754507,0.694227,0.597637,0.421264,0.518897,0.915670,0.430383,-0.016428,0.218897,0.641973,-0.022586,0.289016,0.475752,1.482959,-0.350261,1.050143,0.281725,-0.507022,0.325345,0.126749,0.856429,0.796042,-0.872745,0.281030,0.455484,-0.575755,-0.350345,0.305782,-1.009579,-0.126875,0.503562,-0.281385,0.704313,0.357464,0.013293,-2.260054,0.559473,-1.271142,-1.395462,0.601060,1.309676,-1.338735,0.625118,1.210408,-1.813405,0.708334,-0.446405,-0.541227,0.047149,1.702928,-0.707867,-0.005466,0.897476,-1.337249,0.331712,-0.542950,-1.183570,0.422982,0.047765,0.153416,0.561976,0.069847,-0.770963,0.720612,0.702954,1.703461,0.881605,2.389684,-0.783694,0.827756,-0.301752,-0.283409,0.747453,0.439409,-0.376476,0.873499,0.287202,-2.360031,0.903859,0.736870,-2.661104,0.490996,1.060717,-2.036646,0.831086,0.080081,-1.619734,0.784646,-0.070154,0.442982,0.490941,1.550003,-1.239813,0.756170,2.604504,-1.415416,0.797925,2.708208,-0.433174,0.821658,-0.138671,1.374515,0.794204,0.372979,-1.592931,1.153963,2.184442,-1.645676,0.747350,3.070505,-0.126701,0.641866,2.498764,1.516272,0.642964,2.476390,-1.700141,0.731223,1.212913,-3.714541,0.957217,3.128693,0.605016,0.335754,2.862156,2.803327,0.761835,-0.440449,1.220414,0.805308,-0.425414,-0.710830,0.749731,0.564240,-1.471744,0.760166,0.379902,0.261820,0.668951,0.045418,-1.333849,0.709488,-0.886845,-0.145964,0.358861,0.103921,0.150599,0.756536,0.496191,-0.004163,0.863347,0.239615,0.087060,0.665608,0.908321,0.555867,0.803955,1.105671,0.111862,0.804833,0.652822,0.168415,0.636330,-0.014947,0.890932,0.665080,-0.695910,0.090639,0.768532,-0.887379,0.302241,0.628077,-0.679678,-0.025188,0.575368,0.941785,-1.062735,0.903370,-0.570221,-1.154601,0.705369,-0.116420,-1.445634,0.723014,0.333971,-1.470062,0.935905,2.445364,0.407271,0.744938,1.100210,1.484575
0.813519,-0.885798,0.756337,-0.047625,0.262920,-0.926663,-1.030713,-0.397196,0.634972,-0.331499,0.621772,0.119544,-1.101517,0.129174,0.223638,0.403155,0.908739,-1.842402,0.744246,0.997538,0.451639,1.526938,-0.576765,-0.626878,-0.406899,0.156982,0.384237,0.238972,0.772639,-0.168088,-0.764890,0.188787,0.544651,-0.764897,0.188854,0.000390,-1.213503,0.373090,0.671322,2.340737,0.193004,-0.477035,2.340737,0.000390,0.000390,0.723637,0.325378,-1.285259,1.214780,1.312414,-1.878740,1.329372,-0.946106,0.092238,0.927934,-1.131304,1.092213,2.340737,0.000390,0.000390,2.341497,0.000390,0.000390,2.340737,0.000390,0.000390,-0.764897,0.188853,0.000390,-0.764897,0.188853,0.000390,-0.764890,0.188853,0.000390,0.954647,0.807914,-1.222511,0.587798,1.062773,1.601062,1.065056,-0.481806,0.282028,0.617219,0.379291,0.945440,0.784755,0.194164,-0.624180,1.085256,0.222293,1.442543,0.804972,0.409130,0.084912,0.986203,0.441873,0.185500,0.422489,-0.109047,-0.272444,0.226184,0.582085,0.681223,0.459548,0.072862,-0.855596,0.561266,0.163934,0.436071,0.529036,0.026590,-0.122823,0.342058,-0.114036,0.779729,0.671833,0.200076,-0.440981,1.073292,-0.315816,-0.533924,1.002596,-0.101497,-0.612869,0.340766,0.401123,0.596889,-0.385228,0.929953,-1.547736,0.654338,-0.015962,-1.477458,-0.277182,0.492536,-0.863322,-0.609387,-0.047430,0.352191,-0.714519,-0.246846,1.580816,-0.744888,-0.326798,0.147249,-0.803733,-0.366582,1.460842,-0.917986,-0.418267,1.146230,0.264824,-0.113718,1.453349,0.554040,-0.098437,0.475005,0.593626,-0.126019,0.684389,0.479031,-0.163779,1.149076,0.433153,-0.034657,-0.198492,0.893450,-0.049157,0.650320,0.930575,-0.045917,1.010067,0.903180,-0.030072,-1.029112,0.431876,0.000149,0.444206,0.657193,-0.029935,0.909980,0.645511,-0.090756,-1.081784,0.576918,-0.161459,-0.927639,0.325612,0.006086,0.063283,0.628163,-0.050866,-0.101277,0.586988,-0.094638,-0.150905,0.713307,-0.193041,0.699018,0.643337,1.585948,-1.045290,0.901464,1.837678,-0.387030,0.817028,1.403005,-1.514595,0.835330,0.475424,0.297713,0.892650,0.501176,1.168905,0.581670,-0.017746,0.474989,0.754507,0.694227,0.597637,0.421264,0.518897,0.915670,0.430383,-0.016428,0.218897,0.641973,-0.022586,0.289016,0.475752,1.482959,-0.350261,1.050143,0.281725,-0.507022,0.325345,0.126749,0.856429,0.796042,-0.872745,0.281030,0.455484,-0.575755,-0.350345,0.305782,-1.009579,-0.126875,0.503562,-0.281385,0.704313,0.357464,0.013293,-2.260054,0.559473,-1.271142,-1.395462,0.601060,1.309676,-1.338735,0.625118,1.210408,-1.813405,0.708334,-0.446405,-0.541227,0.047149,1.702928,-0.707867,-0.005466,0.897476,-1.337249,0.331712,-0.542950,-1.183570,0.422982,0.047765,0.153416,0.561976,0.069847,-0.770963,0.720612,0.702954,1.703461,0.881605,2.389684,-0.783694,0.827756,-0.301752,-0.283409,0.747453,0.439409,-0.376476,0.873499,0.287202,-2.360031,0.903859,0.736870,-2.661104,0.490996,1.060717,-2.036646,0.831086,0.080081,-1.619734,0.784646,-0.070154,0.442982,0.490941,1.550003,-1.239813,0.756170,2.604504,-1.415416,0.797925,2.708208,-0.433174,0.821658,-0.138671,1.374515,0.794204,0.372979,-1.592931,1.153963,2.184442,-1.645676,0.747350,3.070505,-0.126701,0.641866,2.498764,1.516272,0.642964,2.476390,-1.700141,0.731223,1.212913,-3.714541,0.957217,3.128693,0.605016,0.335754,2.862156,2.803327,0.761835,-0.440449,1.220414,0.805308,-0.425414,-0.710830,0.749731,0.564240,-1.471744,0.760166,0.379902,0.261820,0.668951,0.045418,-1.333849,0.709488,-0.886845,-0.145964,0.358861,0.103921,0.150599,0.756536,0.496191,-0.004163,0.863347,0.239615,0.087060,0.665608,0.908321,0.555867,0.803955,1.105671,0.111862,0.804833,0.652822,0.168415,0.636330,-0.014947,0.890932,0.665080,-0.695910,0.090639,0.768532,-0.887379,0.302241,0.628077,-0.679678,-0.025188,0.575368,0.941785,-1.062735,0.903370,-0.570221,-1.154601,0.705369,-0.116420,-1.445634,0.723014,0.333971,-1.470062,0.935905,2.445364,0.407271,0.744938,1.100210,1.484575
0.813519,-0.885798,0.756337,-0.047625,0.262920,-0.926663,-1.030713,-0.397196,0.634972,-0.331499,0.621772,0.119544,-1.101517,0.129174,0.223638,0.403155,0.908739,-1.842402,0.744246,0.997538,0.451639,1.526938,-0.576765,-0.626878,-0.406899,0.156982,0.384237,0.238972,0.772639,-0.168088,-0.764890,0.188787,0.544651,-0.764897,0.188854,0.000390,-1.213503,0.373090,0.671322,2.340737,0.193004,-0.477035,2.340737,0.000390,0.000390,0.723637,0.325378,-1.285259,1.214780,1.312414,-1.878740,1.329372,-0.946106,0.092238,0.927934,-1.131304,1.092213,2.340737,0.000390,0.000390,2.341497,0.000390,0.000390,2.340737,0.000390,0.000390,-0.764897,0.188853,0.000390,-0.764897,0.188853,0.000390,-0.764890,0.188853,0.000390,0.954647,0.807914,-1.222511,0.587798,1.062773,1.601062,1.065056,-0.481806,0.282028,0.617219,0.379291,0.945440,0.784755,0.194164,-0.624180,1.085256,0.222293,1.442543,0.804972,0.409130,0.084912,0.986203,0.441873,0.185500,0.422489,-0.109047,-0.272444,0.226184,0.582085,0.681223,0.459548,0.072862,-0.855596,0.561266,0.163934,0.436071,0.529036,0.026590,-0.122823,0.342058,-0.114036,0.779729,0.671833,0.200076,-0.440981,1.073292,-0.315816,-0.533924,1.002596,-0.101497,-0.612869,0.340766,0.401123,0.596889,-0.385228,0.929953,-1.547736,0.654338,-0.015962,-1.477458,-0.277182,0.492536,-0.863322,-0.609387,-0.047430,0.352191,-0.714519,-0.246846,1.580816,-0.744888,-0.326798,0.147249,-0.803733,-0.366582,1.460842,-0.917986,-0.418267,1.146230,0.264824,-0.113718,1.453349,0.554040,-0.098437,0.475005,0.593626,-0.126019,0.684389,0.479031,-0.163779,1.149076,0.433153,-0.034657,-0.198492,0.893450,-0.049157,0.650320,0.930575,-0.045917,1.010067,0.903180,-0.030072,-1.029112,0.431876,0.000149,0.444206,0.657193,-0.029935,0.909980,0.645511,-0.090756,-1.081784,0.576918,-0.161459,-0.927639,0.325612,0.006086,0.063283,0.628163,-0.050866,-0.101277,0.586988,-0.094638,-0.150905,0.713307,-0.193041,0.699018,0.643337,1.585948,-1.045290,0.901464,1.837678,-0.387030,0.817028,1.403005,-1.514595,0.835330,0.475424,0.297713,0.892650,0.501176,1.168905,0.581670,-0.017746,0.474989,0.754507,0.694227,0.597637,0.421264,0.518897,0.915670,0.430383,-0.016428,0.218897,0.641973,-0.022586,0.289016,0.475752,1.482959,-0.350261,1.050143,0.281725,-0.507022,0.325345,0.126749,0.856429,0.796042,-0.872745,0.281030,0.455484,-0.575755,-0.350345,0.305782,-1.009579,-0.126875,0.503562,-0.281385,0.704313,0.357464,0.013293,-2.260054,0.559473,-1.271142,-1.395462,0.601060,1.309676,-1.338735,0.625118,1.210408,-1.813405,0.708334,-0.446405,-0.541227,0.047149,1.702928,-0.707867,-0.005466,0.897476,-1.337249,0.331712,-0.542950,-1.183570,0.422982,0.047765,0.153416,0.561976,0.069847,-0.770963,0.720612,0.702954,1.703461,0.881605,2.389684,-0.783694,0.827756,-0.301752,-0.283409,0.747453,0.439409,-0.376476,0.873499,0.287202,-2.360031,0.903859,0.736870,-2.661104,0.490996,1.060717,-2.036646,0.831086,0.080081,-1.619734,0.784646,-0.070154,0.442982,0.490941,1.550003,-1.239813,0.756170,2.604504,-1.415416,0.797925,2.708208,-0.433174,0.821658,-0.138671,1.374515,0.794204,0.372979,-1.592931,1.153963,2.184442,-1.645676,0.747350,3.070505,-0.126701,0.641866,2.498764,1.516272,0.642964,2.476390,-1.700141,0.731223,1.212913,-3.714541,0.957217,3.128693,0.605016,0.335754,2.862156,2.803327,0.761835,-0.440449,1.220414,0.805308,-0.425414,-0.710830,0.749731,0.564240,-1.471744,0.760166,0.379902,0.261820,0.668951,0.045418,-1.333849,0.709488,-0.886845,-0.145964,0.358861,0.103921,0.150599,0.756536,0.496191,-0.004163,0.863347,0.239615,0.087060,0.665608,0.908321,0.555867,0.803955,1.105671,0.111862,0.804833,0.652822,0.168415,0.636330,-0.014947,0.890932,0.665080,-0.695910,0.090639,0.768532,-0.887379,0.302241,0.628077,-0.679678,-0.025188,0.575368,0.941785,-1.062735,0.903370,-0.570221,-1.154601,0.705369,-0.116420,-1.445634,0.723014,0.333971,-1.470062,0.935905,2.445364,0.407271,0.744938,1.100210,1.484575
0.813519,-0.885798,0.756337,-0.047625,0.262920,-0.926663,-1.030713,-0.397196,0.634972,-0.331499,0.621772,0.119544,-1.101517,0.129174,0.223638,0.403155,0.908739,-1.842402,0.744246,0.997538,0.451639,1.526938,-0.576765,-0.626878,-0.406899,0.156982,0.384237,0.238972,0.772639,-0.168088,-0.764890,0.188787,0.544651,-0.764897,0.188854,0.000390,-1.213503,0.373090,0.671322,2.340737,0.193004,-0.477035,2.340737,0.000390,0.000390,0.723637,0.325378,-1.285259,1.214780,1.312414,-1.878740,1.329372,-0.946106,0.092238,0.927934,-1.131304,1.092213,2.340737,0.000390,0.000390,2.341497,0.000390,0.000390,2.340737,0.000390,0.000390,-0.764897,0.188853,0.000390,-0.764897,0.188853,0.000390,-0.764890,0.188853,0.000390,0.954647,0.807914,-1.222511,0.587798,1.062773,1.601062,1.065056,-0.481806,0.282028,0.617219,0.379291,0.945440,0.784755,0.194164,-0.624180,1.085256,0.222293,1.442543,0.804972,0.409130,0.084912,0.986203,0.441873,0.185500,0.422489,-0.109047,-0.272444,0.226184,0.582085,0.681223,0.459548,0.072862,-0.855596,0.561266,0.163934,0.436071,0.529036,0.026590,-0.122823,0.342058,-0.114036,0.779729,0.671833,0.200076,-0.440981,1.073292,-0.315816,-0.533924,1.002596,-0.101497,-0.612869,0.340766,0.401123,0.596889,-0.385228,0.929953,-1.547736,0.654338,-0.015962,-1.477458,-0.277182,0.492536,-0.863322,-0.609387,-0.047430,0.352191,-0.714519,-0.246846,1.580816,-0.744888,-0.326798,0.147249,-0.803733,-0.366582,1.460842,-0.917986,-0.418267,1.146230,0.264824,-0.113718,1.453349,0.554040,-0.098437,0.475005,0.593626,-0.126019,0.684389,0.479031,-0.163779,1.149076,0.433153,-0.034657,-0.198492,0.893450,-0.049157,0.650320,0.930575,-0.045917,1.010067,0.903180,-0.030072,-1.029112,0.431876,0.000149,0.444206,0.657193,-0.029935,0.909980,0.645511,-0.090756,-1.081784,0.576918,-0.161459,-0.927639,0.325612,0.006086,0.063283,0.628163,-0.050866,-0.101277,0.586988,-0.094638,-0.150905,0.713307,-0.193041,0.699018,0.643337,1.585948,-1.045290,0.901464,1.837678,-0.387030,0.817028,1.403005,-1.514595,0.835330,0.475424,0.297713,0.892650,0.501176,1.168905,0.581670,-0.017746,0.474989,0.754507,0.694227,0.597637,0.421264,0.518897,0.915670,0.430383,-0.016428,0.218897,0.641973,-0.022586,0.289016,0.475752,1.482959,-0.350261,1.050143,0.281725,-0.507022,0.325345,0.126749,0.856429,0.796042,-0.872745,0.281030,0.455484,-0.575755,-0.350345,0.305782,-1.009579,-0.126875,0.503562,-0.281385,0.704313,0.357464,0.013293,-2.260054,0.559473,-1.271142,-1.395462,0.601060,1.309676,-1.338735,0.625118,1.210408,-1.813405,0.708334,-0.446405,-0.541227,0.047149,1.702928,-0.707867,-0.005466,0.897476,-1.337249,0.331712,-0.542950,-1.183570,0.422982,0.047765,0.153416,0.561976,0.069847,-0.770963,0.720612,0.702954,1.703461,0.881605,2.389684,-0.783694,0.827756,-0.301752,-0.283409,0.747453,0.439409,-0.376476,0.873499,0.287202,-2.360031,0.903859,0.736870,-2.661104,0.490996,1.060717,-2.036646,0.831086,0.080081,-1.619734,0.784646,-0.070154,0.442982,0.490941,1.550003,-1.239813,0.756170,2.604504,-1.415416,0.797925,2.708208,-0.433174,0.821658,-0.138671,1.374515,0.794204,0.372979,-1.592931,1.153963,2.184442,-1.645676,0.747350,3.070505,-0.126701,0.641866,2.498764,1.516272,0.642964,2.476390,-1.700141,0.731223,1.212913,-3.714541,0.957217,3.128693,0.605016,0.335754,2.862156,2.803327,0.761835,-0.440449,1.220414,0.805308,-0.425414,-0.710830,0.749731,0.564240,-1.471744,0.760166,0.379902,0.261820,0.668951,0.045418,-1.333849,0.709488,-0.886845,-0.145964,0.358861,0.103921,0.150599,0.756536,0.496191,-0.004163,0.863347,0.239615,0.087060,0.665608,0.908321,0.555867,0.803955,1.105671,0.111862,0.804833,0.652822,0.168415,0.636330,-0.014947,0.890932,0.665080,-0.695910,0.090639,0.768532,-0.887379,0.302241,0.628077,-0.679678,-0.025188,0.575368,0.941785,-1.062735,0.903370,-0.570221,-1.154601,0.705369,-0.116420,-1.445634,0.723014,0.333971,-1.470062,0.935905,2.445364,0.407271,0.744938,1.100210,1.484575
0.813519,-0.885798,0.756337,-0.047625,0.262920,-0.926663,-1.030713,-0.397196,0.634972,-0.331499,0.621772,0.119544,-1.101517,0.129174,0.223638,0.403155,0.908739,-1.842402,0.744246,0.997538,0.451639,1.526938,-0.576765,-0.626878,-0.406899,0.156982,0.384237,0.238972,0.772639,-0.168088,-0.764890,0.188787,0.544651,-0.764897,0.188854,0.000390,-1.213503,0.373090,0.671322,2.340737,0.193004,-0.477035,2.340737,0.000390,0.000390,0.723637,0.325378,-1.285259,1.214780,1.312414,-1.878740,1.329372,-0.946106,0.092238,0.927934,-1.131304,1.092213,2.340737,0.000390,0.000390,2.341497,0.000390,0.000390,2.340737,0.000390,0.000390,-0.764897,0.188853,0.000390,-0.764897,0.188853,0.000390,-0.764890,0.188853,0.000390,0.954647,0.807914,-1.222511,0.587798,1.062773,1.601062,1.065056,-0.481806,0.282028,0.617219,0.379291,0.945440,0.784755,0.194164,-0.624180,1.085256,0.222293,1.442543,0.804972,0.409130,0.084912,0.986203,0.441873,0.185500,0.422489,-0.109047,-0.272444,0.226184,0.582085,0.681223,0.459548,0.072862,-0.855596,0.561266,0.163934,0.436071,0.529036,0.026590,-0.122823,0.342058,-0.114036,0.779729,0.671833,0.200076,-0.440981,1.073292,-0.315816,-0.533924,1.002596,-0.101497,-0.612869,0.340766,0.401123,0.596889,-0.385228,0.929953,-1.547736,0.654338,-0.015962,-1.477458,-0.277182,0.492536,-0.863322,-0.609387,-0.047430,0.352191,-0.714519,-0.246846,1.580816,-0.744888,-0.326798,0.147249,-0.803733,-0.366582,1.460842,-0.917986,-0.418267,1.146230,0.264824,-0.113718,1.453349,0.554040,-0.098437,0.475005,0.593626,-0.126019,0.684389,0.479031,-0.163779,1.149076,0.433153,-0.034657,-0.198492,0.893450,-0.049157,0.650320,0.930575,-0.045917,1.010067,0.903180,-0.030072,-1.029112,0.431876,0.000149,0.444206,0.657193,-0.029935,0.909980,0.645511,-0.090756,-1.081784,0.576918,-0.161459,-0.927639,0.325612,0.006086,0.063283,0.628163,-0.050866,-0.101277,0.586988,-0.094638,-0.150905,0.713307,-0.193041,0.699018,0.643337,1.585948,-1.045290,0.901464,1.837678,-0.387030,0.817028,1.403005,-1.514595,0.835330,0.475424,0.297713,0.892650,0.501176,1.168905,0.581670,-0.017746,0.474989,0.754507,0.694227,0.597637,0.421264,0.518897,0.915670,0.430383,-0.016428,0.218897,0.641973,-0.022586,0.289016,0.475752,1.482959,-0.350261,1.050143,0.281725,-0.507022,0.325345,0.126749,0.856429,0.796042,-0.872745,0.281030,0.455484,-0.575755,-0.350345,0.305782,-1.009579,-0.126875,0.503562,-0.281385,0.704313,0.357464,0.013293,-2.260054,0.559473,-1.271142,-1.395462,0.601060,1.309676,-1.338735,0.625118,1.210408,-1.813405,0.708334,-0.446405,-0.541227,0.047149,1.702928,-0.707867,-0.005466,0.897476,-1.337249,0.331712,-0.542950,-1.183570,0.422982,0.047765,0.153416,0.561976,0.069847,-0.770963,0.720612,0.702954,1.703461,0.881605,2.389684,-0.783694,0.827756,-0.301752,-0.283409,0.747453,0.439409,-0.376476,0.873499,0.287202,-2.360031,0.903859,0.736870,-2.661104,0.490996,1.060717,-2.036646,0.831086,0.080081,-1.619734,0.784646,-0.070154,0.442982,0.490941,1.550003,-1.239813,0.756170,2.604504,-1.415416,0.797925,2.708208,-0.433174,0.821658,-0.138671,1.374515,0.794204,0.372979,-1.592931,1.153963,2.184442,-1.645676,0.747350,3.070505,-0.126701,0.641866,2.498764,1.516272,0.642964,2.476390,-1.700141,0.731223,1.212913,-3.714541,0.957217,3.128693,0.605016,0.335754,2.862156,2.803327,0.761835,-0.440449,1.220414,0.805308,-0.425414,-0.710830,0.749731,0.564240,-1.471744,0.760166,0.379902,0.261820,0.668951,0.045418,-1.333849,0.709488,-0.886845,-0.145964,0.358861,0.103921,0.150599,0.756536,0.496191,-0.004163,0.863347,0.239615,0.087060,0.665608,0.908321,0.555867,0.803955,1.105671,0.111862,0.804833,0.652822,0.168415,0.636330,-0.014947,0.890932,0.665080,-0.695910,0.090639,0.768532,-0.887379,0.302241,0.628077,-0.679678,-0.025188,0.575368,0.941785,-1.062735,0.903370,-0.570221,-1.154601,0.705369,-0.116420,-1.445634,0.723014,0.333971,-1.470062,0.935905,2.445364,0.407271,0.744938,1.100210,1.484575
0.824956,-0.901440,0.886123,0.045838,0.267132,-0.428282,-1.043930,-0.404798,1.024048,-0.326307,0.623059,0.240068,-1.246858,0.133197,0.497064,0.438107,0.909241,-1.059917,0.768919,0.983574,0.886696,-0.014291,-0.614257,-0.934973,-0.139417,0.916942,0.679202,0.275865,0.765631,0.274628,-0.767739,0.188787,0.075726,-0.767747,0.188854,0.000390,0.852692,0.375051,0.025548,2.091130,0.193004,0.546812,2.091130,0.000390,0.000390,0.728653,0.258361,-0.987427,1.215611,-0.094711,0.288250,-0.963646,2.008642,0.814837,0.919310,-1.137043,-0.585474,2.091130,0.000390,0.000390,2.091891,0.000390,0.000390,2.091130,0.000390,0.000390,-0.767747,0.188853,0.000390,-0.767747,0.188853,0.000390,-0.767739,0.188853,0.000390,0.472431,-0.687369,0.165747,0.631285,1.012862,-0.838004,0.048112,-0.018853,-1.137337,0.656496,0.295410,-0.222169,0.526143,0.102280,-1.496462,0.761762,0.152876,0.245161,0.546669,-0.131470,2.155869,0.406222,0.360124,0.439945,0.964221,0.514844,0.637912,0.894585,0.063310,1.524930,0.489688,-0.383816,0.774761,0.868313,0.076845,0.971860,0.829078,0.308534,1.054071,0.775488,-0.174401,1.315779,0.322076,0.458421,0.568442,0.411628,-0.046760,1.302443,0.370644,-0.168522,0.066432,0.832295,0.351723,0.057893,0.441546,0.525477,-0.055241,0.324930,0.201984,0.976985,0.562119,0.106664,0.910307,-0.702036,0.006655,-0.818206,-0.787401,-0.187981,0.173819,-0.806585,-0.290920,0.273231,-0.802642,-0.334325,0.469140,-0.895472,-0.375365,1.077415,0.356332,-0.103854,0.858726,0.556105,-0.089692,0.376165,0.492597,-0.117656,0.443540,0.514817,-0.155719,0.675603,0.473083,0.001704,-0.238225,0.838985,-0.034798,0.846695,0.931954,-0.016028,1.240784,0.781751,-0.001690,-0.832207,0.531049,0.016636,0.267502,0.684223,0.002792,1.700936,0.646809,-0.042125,0.382037,0.462926,-0.085537,-0.970129,0.529946,0.022747,-0.179094,0.655460,-0.005258,0.124457,0.637028,-0.055875,-0.471295,0.737766,-0.141894,0.377590,0.582999,0.928177,-0.166073,0.841724,0.525415,-0.054798,0.762841,-0.220912,-0.034138,0.782455,0.794023,1.244087,0.841139,0.774967,0.759262,0.536122,1.089106,0.856776,0.735229,0.406924,0.444028,0.411783,0.696940,0.503476,0.755412,0.216553,0.662682,0.663200,1.072956,0.437982,0.510792,0.892977,-1.036951,0.709127,0.670025,-1.855656,0.386042,0.539921,1.922664,0.856939,0.668760,0.724005,0.527770,1.284705,0.506121,0.385128,0.795606,0.447614,0.577111,1.478813,0.703623,0.735111,-1.097591,-0.273768,0.873768,-0.049390,-0.175621,0.943663,0.392480,-1.736282,1.322309,0.414369,-2.303908,1.379819,0.582828,-2.135478,-0.242386,0.929895,-0.991448,0.009190,-0.018444,-0.671689,0.698443,-0.424622,-0.783492,0.832956,0.971986,1.109277,1.003611,1.238321,-1.577882,0.722872,0.904054,1.020252,0.534422,-0.142660,0.178925,0.509370,-0.093209,0.954767,0.427200,0.664427,-0.441394,0.532089,0.588004,-0.379905,0.576829,0.004028,-0.004458,0.495108,0.255166,-0.440672,0.517389,0.348335,-0.759982,0.473505,0.211139,-1.072839,0.819651,0.818804,0.089232,1.044395,-0.097366,-2.647892,0.778015,0.023715,2.040850,0.808471,0.069807,1.203541,0.774788,0.633290,-0.071320,0.819163,0.025922,-1.064725,0.764471,0.341459,0.512225,0.663956,0.042358,-1.128949,0.673188,0.127686,-2.630231,0.765529,0.452186,0.646606,0.600912,0.197316,-1.777035,0.358619,-0.317136,0.325759,0.414180,-0.028876,-0.245372,0.797502,-0.058775,0.860201,0.439388,-0.240883,-0.010032,0.457825,-0.535047,-1.386772,0.352815,0.440966,0.236404,0.725424,0.454769,0.737743,0.379505,-0.735520,-0.329249,0.772975,-0.237771,0.744017,0.560744,0.683293,-1.333185,0.670183,0.180811,-1.072791,0.499345,0.357223,-1.078955,0.797293,-1.033683,0.020332,0.624476,0.440301,-0.237851,0.665554,0.509969,-1.232190,0.467664,0.359192,-1.527892,0.636384,0.648401,-1.339707,0.591921,-1.271591,-0.050470,0.594139,0.848360,-0.790125,0.709848,0.213590,0.110968,0.425091,0.748389,-0.066142,0.914133,1.353658,-0.141121,0.771580,1.241513,1.484575
0.824956,-0.901440,0.886123,0.045838,0.267132,-0.428282,-1.043930,-0.404798,1.024048,-0.326307,0.623059,0.240068,-1.246858,0.133197,0.497064,0.438107,0.909241,-1.059917,0.768919,0.983574,0.886696,-0.014291,-0.614257,-0.934973,-0.139417,0.916942,0.679202,0.275865,0.765631,0.274628,-0.767739,0.188787,0.075726,-0.767747,0.188854,0.000390,0.852692,0.375051,0.025548,2.091130,0.193004,0.546812,2.091130,0.000390,0.000390,0.728653,0.258361,-0.987427,1.215611,-0.094711,0.288250,-0.963646,2.008642,0.814837,0.919310,-1.137043,-0.585474,2.091130,0.000390,0.000390,2.091891,0.000390,0.000390,2.091130,0.000390,0.000390,-0.767747,0.188853,0.000390,-0.767747,0.188853,0.000390,-0.767739,0.188853,0.000390,0.472431,-0.687369,0.165747,0.631285,1.012862,-0.838004,0.048112,-0.018853,-1.137337,0.656496,0.295410,-0.222169,0.526143,0.102280,-1.496462,0.761762,0.152876,0.245161,0.546669,-0.131470,2.155869,0.406222,0.360124,0.439945,0.964221,0.514844,0.637912,0.894585,0.063310,1.524930,0.489688,-0.383816,0.774761,0.868313,0.076845,0.971860,0.829078,0.308534,1.054071,0.775488,-0.174401,1.315779,0.322076,0.458421,0.568442,0.411628,-0.046760,1.302443,0.370644,-0.168522,0.066432,0.832295,0.351723,0.057893,0.441546,0.525477,-0.055241,0.324930,0.201984,0.976985,0.562119,0.106664,0.910307,-0.702036,0.006655,-0.818206,-0.787401,-0.187981,0.173819,-0.806585,-0.290920,0.273231,-0.802642,-0.334325,0.469140,-0.895472,-0.375365,1.077415,0.356332,-0.103854,0.858726,0.556105,-0.089692,0.376165,0.492597,-0.117656,0.443540,0.514817,-0.155719,0.675603,0.473083,0.001704,-0.238225,0.838985,-0.034798,0.846695,0.931954,-0.016028,1.240784,0.781751,-0.001690,-0.832207,0.531049,0.016636,0.267502,0.684223,0.002792,1.700936,0.646809,-0.042125,0.382037,0.462926,-0.085537,-0.970129,0.529946,0.022747,-0.179094,0.655460,-0.005258,0.124457,0.637028,-0.055875,-0.471295,0.737766,-0.141894,0.377590,0.582999,0.928177,-0.166073,0.841724,0.525415,-0.054798,0.762841,-0.220912,-0.034138,0.782455,0.794023,1.244087,0.841139,0.774967,0.759262,0.536122,1.089106,0.856776,0.735229,0.406924,0.444028,0.411783,0.696940,0.503476,0.755412,0.216553,0.662682,0.663200,1.072956,0.437982,0.510792,0.892977,-1.036951,0.709127,0.670025,-1.855656,0.386042,0.539921,1.922664,0.856939,0.668760,0.724005,0.527770,1.284705,0.506121,0.385128,0.795606,0.447614,0.577111,1.478813,0.703623,0.735111,-1.097591,-0.273768,0.873768,-0.049390,-0.175621,0.943663,0.392480,-1.736282,1.322309,0.414369,-2.303908,1.379819,0.582828,-2.135478,-0.242386,0.929895,-0.991448,0.009190,-0.018444,-0.671689,0.698443,-0.424622,-0.783492,0.832956,0.971986,1.109277,1.003611,1.238321,-1.577882,0.722872,0.904054,1.020252,0.534422,-0.142660,0.178925,0.509370,-0.093209,0.954767,0.427200,0.664427,-0.441394,0.532089,0.588004,-0.379905,0.576829,0.004028,-0.004458,0.495108,0.255166,-0.440672,0.517389,0.348335,-0.759982,0.473505,0.211139,-1.072839,0.819651,0.818804,0.089232,1.044395,-0.097366,-2.647892,0.778015,0.023715,2.040850,0.808471,0.069807,1.203541,0.774788,0.633290,-0.071320,0.819163,0.025922,-1.064725,0.764471,0.341459,0.512225,0.663956,0.042358,-1.128949,0.673188,0.127686,-2.630231,0.765529,0.452186,0.646606,0.600912,0.197316,-1.777035,0.358619,-0.317136,0.325759,0.414180,-0.028876,-0.245372,0.797502,-0.058775,0.860201,0.439388,-0.240883,-0.010032,0.457825,-0.535047,-1.386772,0.352815,0.440966,0.236404,0.725424,0.454769,0.737743,0.379505,-0.735520,-0.329249,0.772975,-0.237771,0.744017,0.560744,0.683293,-1.333185,0.670183,0.180811,-1.072791,0.499345,0.357223,-1.078955,0.797293,-1.033683,0.020332,0.624476,0.440301,-0.237851,0.665554,0.509969,-1.232190,0.467664,0.359192,-1.527892,0.636384,0.648401,-1.339707,0.591921,-1.271591,-0.050470,0.594139,0.848360,-0.790125,0.709848,0.213590,0.110968,0.425091,0.748389,-0.066142,0.914133,1.353658,-0.141121,0.771580,1.241513,1.484575
0.824956,-0.901440,0.886123,0.045838,0.267132,-0.428282,-1.043930,-0.404798,1.024048,-0.326307,0.623059,0.240068,-1.246858,0.133197,0.497064,0.438107,0.909241,-1.059917,0.768919,0.983574,0.886696,-0.014291,-0.614257,-0.934973,-0.139417,0.916942,0.679202,0.275865,0.765631,0.274628,-0.767739,0.188787,0.075726,-0.767747,0.188854,0.000390,0.852692,0.375051,0.025548,2.091130,0.193004,0.546812,2.091130,0.000390,0.000390,0.728653,0.258361,-0.987427,1.215611,-0.094711,0.288250,-0.963646,2.008642,0.814837,0.919310,-1.137043,-0.585474,2.091130,0.000390,0.000390,2.091891,0.000390,0.000390,2.091130,0.000390,0.000390,-0.767747,0.188853,0.000390,-0.767747,0.188853,0.000390,-0.767739,0.188853,0.000390,0.472431,-0.687369,0.165747,0.631285,1.012862,-0.838004,0.048112,-0.018853,-1.137337,0.656496,0.295410,-0.222169,0.526143,0.102280,-1.496462,0.761762,0.152876,0.245161,0.546669,-0.131470,2.155869,0.406222,0.360124,0.439945,0.964221,0.514844,0.637912,0.894585,0.063310,1.524930,0.489688,-0.383816,0.774761,0.868313,0.076845,0.971860,0.829078,0.308534,1.054071,0.775488,-0.174401,1.315779,0.322076,0.458421,0.568442,0.411628,-0.046760,1.302443,0.370644,-0.168522,0.066432,0.832295,0.351723,0.057893,0.441546,0.525477,-0.055241,0.324930,0.201984,0.976985,0.562119,0.106664,0.910307,-0.702036,0.006655,-0.818206,-0.787401,-0.187981,0.173819,-0.806585,-0.290920,0.273231,-0.802642,-0.334325,0.469140,-0.895472,-0.375365,1.077415,0.356332,-0.103854,0.858726,0.556105,-0.089692,0.376165,0.492597,-0.117656,0.443540,0.514817,-0.155719,0.675603,0.473083,0.001704,-0.238225,0.838985,-0.034798,0.846695,0.931954,-0.016028,1.240784,0.781751,-0.001690,-0.832207,0.531049,0.016636,0.267502,0.684223,0.002792,1.700936,0.646809,-0.042125,0.382037,0.462926,-0.085537,-0.970129,0.529946,0.022747,-0.179094,0.655460,-0.005258,0.124457,0.637028,-0.055875,-0.471295,0.737766,-0.141894,0.377590,0.582999,0.928177,-0.166073,0.841724,0.525415,-0.054798,0.762841,-0.220912,-0.034138,0.782455,0.794023,1.244087,0.841139,0.774967,0.759262,0.536122,1.089106,0.856776,0.735229,0.406924,0.444028,0.411783,0.696940,0.503476,0.755412,0.216553,0.662682,0.663200,1.072956,0.437982,0.510792,0.892977,-1.036951,0.709127,0.670025,-1.855656,0.386042,0.539921,1.922664,0.856939,0.668760,0.724005,0.527770,1.284705,0.506121,0.385128,0.795606,0.447614,0.577111,1.478813,0.703623,0.735111,-1.097591,-0.273768,0.873768,-0.049390,-0.175621,0.943663,0.392480,-1.736282,1.322309,0.414369,-2.303908,1.379819,0.582828,-2.135478,-0.242386,0.929895,-0.991448,0.009190,-0.018444,-0.671689,0.698443,-0.424622,-0.783492,0.832956,0.971986,1.109277,1.003611,1.238321,-1.577882,0.722872,0.904054,1.020252,0.534422,-0.142660,0.178925,0.509370,-0.093209,0.954767,0.427200,0.664427,-0.441394,0.532089,0.588004,-0.379905,0.576829,0.004028,-0.004458,0.495108,0.255166,-0.440672,0.517389,0.348335,-0.759982,0.473505,0.211139,-1.072839,0.819651,0.818804,0.089232,1.044395,-0.097366,-2.647892,0.778015,0.023715,2.040850,0.808471,0.069807,1.203541,0.774788,0.633290,-0.071320,0.819163,0.025922,-1.064725,0.764471,0.341459,0.512225,0.663956,0.042358,-1.128949,0.673188,0.127686,-2.630231,0.765529,0.452186,0.646606,0.600912,0.197316,-1.777035,0.358619,-0.317136,0.325759,0.414180,-0.028876,-0.245372,0.797502,-0.058775,0.860201,0.439388,-0.240883,-0.010032,0.457825,-0.535047,-1.386772,0.352815,0.440966,0.236404,0.725424,0.454769,0.737743,0.379505,-0.735520,-0.329249,0.772975,-0.237771,0.744017,0.560744,0.683293,-1.333185,0.670183,0.180811,-1.072791,0.499345,0.357223,-1.078955,0.797293,-1.033683,0.020332,0.624476,0.440301,-0.237851,0.665554,0.509969,-1.232190,0.467664,0.359192,-1.527892,0.636384,0.648401,-1.339707,0.591921,-1.271591,-0.050470,0.594139,0.848360,-0.790125,0.709848,0.213590,0.110968,0.425091,0.748389,-0.066142,0.914133,1.353658,-0.141121,0.771580,1.241513,1.484575
0.824956,-0.901440,0.886123,0.045838,0.267132,-0.428282,-1.043930,-0.404798,1.024048,-0.326307,0.623059,0.240068,-1.246858,0.133197,0.497064,0.438107,0.909241,-1.059917,0.768919,0.983574,0.886696,-0.014291,-0.614257,-0.934973,-0.139417,0.916942,0.679202,0.275865,0.765631,0.274628,-0.767739,0.188787,0.075726,-0.767747,0.188854,0.000390,0.852692,0.375051,0.025548,2.091130,0.193004,0.546812,2.091130,0.000390,0.000390,0.728653,0.258361,-0.987427,1.215611,-0.094711,0.288250,-0.963646,2.008642,0.814837,0.919310,-1.137043,-0.585474,2.091130,0.000390,0.000390,2.091891,0.000390,0.000390,2.091130,0.000390,0.000390,-0.767747,0.188853,0.000390,-0.767747,0.188853,0.000390,-0.767739,0.188853,0.000390,0.472431,-0.687369,0.165747,0.631285,1.012862,-0.838004,0.048112,-0.018853,-1.137337,0.656496,0.295410,-0.222169,0.526143,0.102280,-1.496462,0.761762,0.152876,0.245161,0.546669,-0.131470,2.155869,0.406222,0.360124,0.439945,0.964221,0.514844,0.637912,0.894585,0.063310,1.524930,0.489688,-0.383816,0.774761,0.868313,0.076845,0.971860,0.829078,0.308534,1.054071,0.775488,-0.174401,1.315779,0.322076,0.458421,0.568442,0.411628,-0.046760,1.302443,0.370644,-0.168522,0.066432,0.832295,0.351723,0.057893,0.441546,0.525477,-0.055241,0.324930,0.201984,0.976985,0.562119,0.106664,0.910307,-0.702036,0.006655,-0.818206,-0.787401,-0.187981,0.173819,-0.806585,-0.290920,0.273231,-0.802642,-0.334325,0.469140,-0.895472,-0.375365,1.077415,0.356332,-0.103854,0.858726,0.556105,-0.089692,0.376165,0.492597,-0.117656,0.443540,0.514817,-0.155719,0.675603,0.473083,0.001704,-0.238225,0.838985,-0.034798,0.846695,0.931954,-0.016028,1.240784,0.781751,-0.001690,-0.832207,0.531049,0.016636,0.267502,0.684223,0.002792,1.700936,0.646809,-0.042125,0.382037,0.462926,-0.085537,-0.970129,0.529946,0.022747,-0.179094,0.655460,-0.005258,0.124457,0.637028,-0.055875,-0.471295,0.737766,-0.141894,0.377590,0.582999,0.928177,-0.166073,0.841724,0.525415,-0.054798,0.762841,-0.220912,-0.034138,0.782455,0.794023,1.244087,0.841139,0.774967,0.759262,0.536122,1.089106,0.856776,0.735229,0.406924,0.444028,0.411783,0.696940,0.503476,0.755412,0.216553,0.662682,0.663200,1.072956,0.437982,0.510792,0.892977,-1.036951,0.709127,0.670025,-1.855656,0.386042,0.539921,1.922664,0.856939,0.668760,0.724005,0.527770,1.284705,0.506121,0.385128,0.795606,0.447614,0.577111,1.478813,0.703623,0.735111,-1.097591,-0.273768,0.873768,-0.049390,-0.175621,0.943663,0.392480,-1.736282,1.322309,0.414369,-2.303908,1.379819,0.582828,-2.135478,-0.242386,0.929895,-0.991448,0.009190,-0.018444,-0.671689,0.698443,-0.424622,-0.783492,0.832956,0.971986,1.109277,1.003611,1.238321,-1.577882,0.722872,0.904054,1.020252,0.534422,-0.142660,0.178925,0.509370,-0.093209,0.954767,0.427200,0.664427,-0.441394,0.532089,0.588004,-0.379905,0.576829,0.004028,-0.004458,0.495108,0.255166,-0.440672,0.517389,0.348335,-0.759982,0.473505,0.211139,-1.072839,0.819651,0.818804,0.089232,1.044395,-0.097366,-2.647892,0.778015,0.023715,2.040850,0.808471,0.069807,1.203541,0.774788,0.633290,-0.071320,0.819163,0.025922,-1.064725,0.764471,0.341459,0.512225,0.663956,0.042358,-1.128949,0.673188,0.127686,-2.630231,0.765529,0.452186,0.646606,0.600912,0.197316,-1.777035,0.358619,-0.317136,0.325759,0.414180,-0.028876,-0.245372,0.797502,-0.058775,0.860201,0.439388,-0.240883,-0.010032,0.457825,-0.535047,-1.386772,0.352815,0.440966,0.236404,0.725424,0.454769,0.737743,0.379505,-0.735520,-0.329249,0.772975,-0.237771,0.744017,0.560744,0.683293,-1.333185,0.670183,0.180811,-1.072791,0.499345,0.357223,-1.078955,0.797293,-1.033683,0.020332,0.624476,0.440301,-0.237851,0.665554,0.509969,-1.232190,0.467664,0.359192,-1.527892,0.636384,0.648401,-1.339707,0.591921,-1.271591,-0.050470,0.594139,0.848360,-0.790125,0.709848,0.213590,0.110968,0.425091,0.748389,-0.066142,0.914133,1.353658,-0.141121,0.771580,1.241513,1.484575
0.824956,-0.901440,0.886123,0.045838,0.267132,-0.428282,-1.043930,-0.404798,1.024048,-0.326307,0.623059,0.240068,-1.246858,0.133197,0.497064,0.438107,0.909241,-1.059917,0.768919,0.983574,0.886696,-0.014291,-0.614257,-0.934973,-0.139417,0.916942,0.679202,0.275865,0.765631,0.274628,-0.767739,0.188787,0.075726,-0.767747,0.188854,0.000390,0.852692,0.375051,0.025548,2.091130,0.193004,0.546812,2.091130,0.000390,0.000390,0.728653,0.258361,-0.987427,1.215611,-0.094711,0.288250,-0.963646,2.008642,0.814837,0.919310,-1.137043,-0.585474,2.091130,0.000390,0.000390,2.091891,0.000390,0.000390,2.091130,0.000390,0.000390,-0.767747,0.188853,0.000390,-0.767747,0.188853,0.000390,-0.767739,0.188853,0.000390,0.472431,-0.687369,0.165747,0.631285,1.012862,-0.838004,0.048112,-0.018853,-1.137337,0.656496,0.295410,-0.222169,0.526143,0.102280,-1.496462,0.761762,0.152876,0.245161,0.546669,-0.131470,2.155869,0.406222,0.360124,0.439945,0.964221,0.514844,0.637912,0.894585,0.063310,1.524930,0.489688,-0.383816,0.774761,0.868313,0.076845,0.971860,0.829078,0.308534,1.054071,0.775488,-0.174401,1.315779,0.322076,0.458421,0.568442,0.411628,-0.046760,1.302443,0.370644,-0.168522,0.066432,0.832295,0.351723,0.057893,0.441546,0.525477,-0.055241,0.324930,0.201984,0.976985,0.562119,0.106664,0.910307,-0.702036,0.006655,-0.818206,-0.787401,-0.187981,0.173819,-0.806585,-0.290920,0.273231,-0.802642,-0.334325,0.469140,-0.895472,-0.375365,1.077415,0.356332,-0.103854,0.858726,0.556105,-0.089692,0.376165,0.492597,-0.117656,0.443540,0.514817,-0.155719,0.675603,0.473083,0.001704,-0.238225,0.838985,-0.034798,0.846695,0.931954,-0.016028,1.240784,0.781751,-0.001690,-0.832207,0.531049,0.016636,0.267502,0.684223,0.002792,1.700936,0.646809,-0.042125,0.382037,0.462926,-0.085537,-0.970129,0.529946,0.022747,-0.179094,0.655460,-0.005258,0.124457,0.637028,-0.055875,-0.471295,0.737766,-0.141894,0.377590,0.582999,0.928177,-0.166073,0.841724,0.525415,-0.054798,0.762841,-0.220912,-0.034138,0.782455,0.794023,1.244087,0.841139,0.774967,0.759262,0.536122,1.089106,0.856776,0.735229,0.406924,0.444028,0.411783,0.696940,0.503476,0.755412,0.216553,0.662682,0.663200,1.072956,0.437982,0.510792,0.892977,-1.036951,0.709127,0.670025,-1.855656,0.386042,0.539921,1.922664,0.856939,0.668760,0.724005,0.527770,1.284705,0.506121,0.385128,0.795606,0.447614,0.577111,1.478813,0.703623,0.735111,-1.097591,-0.273768,0.873768,-0.049390,-0.175621,0.943663,0.392480,-1.736282,1.322309,0.414369,-2.303908,1.379819,0.582828,-2.135478,-0.242386,0.929895,-0.991448,0.009190,-0.018444,-0.671689,0.698443,-0.424622,-0.783492,0.832956,0.971986,1.109277,1.003611,1.238321,-1.577882,0.722872,0.904054,1.020252,0.534422,-0.142660,0.178925,0.509370,-0.093209,0.954767,0.427200,0.664427,-0.441394,0.532089,0.588004,-0.379905,0.576829,0.004028,-0.004458,0.495108,0.255166,-0.440672,0.517389,0.348335,-0.759982,0.473505,0.211139,-1.072839,0.819651,0.818804,0.089232,1.044395,-0.097366,-2.647892,0.778015,0.023715,2.040850,0.808471,0.069807,1.203541,0.774788,0.633290,-0.071320,0.819163,0.025922,-1.064725,0.764471,0.341459,0.512225,0.663956,0.042358,-1.128949,0.673188,0.127686,-2.630231,0.765529,0.452186,0.646606,0.600912,0.197316,-1.777035,0.358619,-0.317136,0.325759,0.414180,-0.028876,-0.245372,0.797502,-0.058775,0.860201,0.439388,-0.240883,-0.010032,0.457825,-0.535047,-1.386772,0.352815,0.440966,0.236404,0.725424,0.454769,0.737743,0.379505,-0.735520,-0.329249,0.772975,-0.237771,0.744017,0.560744,0.683293,-1.333185,0.670183,0.180811,-1.072791,0.499345,0.357223,-1.078955,0.797293,-1.033683,0.020332,0.624476,0.440301,-0.237851,0.665554,0.509969,-1.232190,0.467664,0.359192,-1.527892,0.636384,0.648401,-1.339707,0.591921,-1.271591,-0.050470,0.594139,0.848360,-0.790125,0.709848,0.213590,0.110968,0.425091,0.748389,-0.066142,0.914133,1.353658,-0.141121,0.771580,1.241513,1.484575
0.824956,-0.901440,0.886123,0.045838,0.267132,-0.428282,-1.043930,-0.404798,1.024048,-0.326307,0.623059,0.240068,-1.246858,0.133197,0.497064,0.438107,0.909241,-1.059917,0.768919,0.983574,0.886696,-0.014291,-0.614257,-0.934973,-0.139417,0.916942,0.679202,0.275865,0.765631,0.274628,-0.767739,0.188787,0.075726,-0.767747,0.188854,0.000390,0.852692,0.375051,0.025548,2.091130,0.193004,0.546812,2.091130,0.000390,0.000390,0.728653,0.258361,-0.987427,1.215611,-0.094711,0.288250,-0.963646,2.008642,0.814837,0.919310,-1.137043,-0.585474,2.091130,0.000390,0.000390,2.091891,0.000390,0.000390,2.091130,0.000390,0.000390,-0.767747,0.188853,0.000390,-0.767747,0.188853,0.000390,-0.767739,0.188853,0.000390,0.472431,-0.687369,0.165747,0.631285,1.012862,-0.838004,0.048112,-0.018853,-1.137337,0.656496,0.295410,-0.222169,0.526143,0.102280,-1.496462,0.761762,0.152876,0.245161,0.546669,-0.131470,2.155869,0.406222,0.360124,0.439945,0.964221,0.514844,0.637912,0.894585,0.063310,1.524930,0.489688,-0.383816,0.774761,0.868313,0.076845,0.971860,0.829078,0.308534,1.054071,0.775488,-0.174401,1.315779,0.322076,0.458421,0.568442,0.411628,-0.046760,1.302443,0.370644,-0.168522,0.066432,0.832295,0.351723,0.057893,0.441546,0.525477,-0.055241,0.324930,0.201984,0.976985,0.562119,0.106664,0.910307,-0.702036,0.006655,-0.818206,-0.787401,-0.187981,0.173819,-0.806585,-0.290920,0.273231,-0.802642,-0.334325,0.469140,-0.895472,-0.375365,1.077415,0.356332,-0.103854,0.858726,0.556105,-0.089692,0.376165,0.492597,-0.117656,0.443540,0.514817,-0.155719,0.675603,0.473083,0.001704,-0.238225,0.838985,-0.034798,0.846695,0.931954,-0.016028,1.240784,0.781751,-0.001690,-0.832207,0.531049,0.016636,0.267502,0.684223,0.002792,1.700936,0.646809,-0.042125,0.382037,0.462926,-0.085537,-0.970129,0.529946,0.022747,-0.179094,0.655460,-0.005258,0.124457,0.637028,-0.055875,-0.471295,0.737766,-0.141894,0.377590,0.582999,0.928177,-0.166073,0.841724,0.525415,-0.054798,0.762841,-0.220912,-0.034138,0.782455,0.794023,1.244087,0.841139,0.774967,0.759262,0.536122,1.089106,0.856776,0.735229,0.406924,0.444028,0.411783,0.696940,0.503476,0.755412,0.216553,0.662682,0.663200,1.072956,0.437982,0.510792,0.892977,-1.036951,0.709127,0.670025,-1.855656,0.386042,0.539921,1.922664,0.856939,0.668760,0.724005,0.527770,1.284705,0.506121,0.385128,0.795606,0.447614,0.577111,1.478813,0.703623,0.735111,-1.097591,-0.273768,0.873768,-0.049390,-0.175621,0.943663,0.392480,-1.736282,1.322309,0.414369,-2.303908,1.379819,0.582828,-2.135478,-0.242386,0.929895,-0.991448,0.009190,-0.018444,-0.671689,0.698443,-0.424622,-0.783492,0.832956,0.971986,1.109277,1.003611,1.238321,-1.577882,0.722872,0.904054,1.020252,0.534422,-0.142660,0.178925,0.509370,-0.093209,0.954767,0.427200,0.664427,-0.441394,0.532089,0.588004,-0.379905,0.576829,0.004028,-0.004458,0.495108,0.255166,-0.440672,0.517389,0.348335,-0.759982,0.473505,0.211139,-1.072839,0.819651,0.818804,0.089232,1.044395,-0.097366,-2.647892,0.778015,0.023715,2.040850,0.808471,0.069807,1.203541,0.774788,0.633290,-0.071320,0.819163,0.025922,-1.064725,0.764471,0.341459,0.512225,0.663956,0.042358,-1.128949,0.673188,0.127686,-2.630231,0.765529,0.452186,0.646606,0.600912,0.197316,-1.777035,0.358619,-0.317136,0.325759,0.414180,-0.028876,-0.245372,0.797502,-0.058775,0.860201,0.439388,-0.240883,-0.010032,0.457825,-0.535047,-1.386772,0.352815,0.440966,0.236404,0.725424,0.454769,0.737743,0.379505,-0.735520,-0.329249,0.772975,-0.237771,0.744017,0.560744,0.683293,-1.333185,0.670183,0.180811,-1.072791,0.499345,0.357223,-1.078955,0.797293,-1.033683,0.020332,0.624476,0.440301,-0.237851,0.665554,0.509969,-1.232190,0.467664,0.359192,-1.527892,0.636384,0.648401,-1.339707,0.591921,-1.271591,-0.050470,0.594139,0.848360,-0.790125,0.709848,0.213590,0.110968,0.425091,0.748389,-0.066142,0.914133,1.353658,-0.141121,0.771580,1.241513,1.484575
0.827015,-0.880441,0.668431,-0.037261,0.264262,-1.329063,-1.081632,0.467687,0.346573,-0.334646,0.635917,-0.841467,-1.102160,0.179795,0.388137,0.385027,0.930471,-0.694198,0.776324,0.997538,-0.222698,-0.013987,-0.570992,-0.311037,-0.009286,0.139067,-0.347261,0.353879,-0.126965,0.230235,-0.754673,0.188955,-0.053328,-0.754680,0.188854,0.000390,0.850270,-0.649914,-0.438222,2.078154,0.193004,0.013183,2.078154,0.000390,0.000390,0.735433,0.235676,-0.828072,1.225099,0.155607,-0.219278,-0.187465,0.541296,0.933393,0.918794,0.679346,-0.785220,2.078154,0.000390,0.000390,2.078915,0.000390,0.000390,2.078154,0.000390,0.000390,-0.754680,0.188853,0.000390,-0.754680,0.188853,0.000390,-0.754673,0.188853,0.000390,1.007691,0.353464,0.059081,0.627652,0.428744,-0.489430,0.398074,-0.462703,0.076528,0.652588,0.379291,-1.115491,0.820899,0.183128,-0.976663,0.405507,0.225951,0.074666,0.546243,-0.057609,1.855718,0.404165,0.057585,-0.913345,0.706694,-0.481264,-0.507476,0.896012,0.130670,0.787430,0.490211,-0.321420,-0.131777,0.867069,0.143624,0.173991,0.826504,0.004668,0.139526,0.776981,0.345267,0.793371,0.322923,0.510112,0.160171,0.410333,-0.328402,1.385782,0.367401,-0.718278,0.162955,0.378626,0.827101,-0.762460,0.046082,0.924795,0.771894,0.323567,0.245963,0.630006,0.559457,0.161444,-0.044282,-0.459156,0.203071,-0.782266,-0.606444,0.232715,-0.307977,-0.677426,0.069630,-0.363242,-0.492653,0.021561,-0.792640,-0.663461,-0.079492,0.241430,0.115678,0.262997,0.957116,0.670966,0.176955,-0.619061,0.715591,0.144275,0.208124,0.588470,0.102829,0.513304,0.486069,0.316680,-0.654388,0.802798,0.268356,0.129852,0.718456,0.256571,1.015176,0.562430,0.262785,0.082907,0.602592,0.366933,-0.831898,0.598118,0.352239,-0.150818,0.512477,0.316292,-1.063725,0.393639,0.255296,-0.721073,0.677765,0.409090,-0.612446,0.800004,0.385146,-0.955968,0.765771,0.363897,-0.987086,0.786048,0.335473,-0.920390,0.649742,-0.701388,0.359089,0.475180,-0.200521,0.355950,0.822597,-0.220912,0.572179,0.841215,0.754892,0.755306,0.449407,0.717124,0.324171,0.587141,0.213715,0.943187,0.452769,-0.154462,0.347181,0.087270,0.637155,0.640113,0.112573,0.663958,0.677430,0.644336,0.959666,-0.239898,-0.290733,0.760869,-1.045706,0.663450,1.549145,-1.920246,0.326369,1.608089,1.749807,0.796690,0.636974,-0.092566,0.456246,1.302804,0.200291,0.306618,0.872461,0.192950,0.504337,1.612770,0.730862,0.363103,-0.919206,-0.266606,0.216158,0.110144,1.664757,0.605087,0.565263,-0.375548,0.628736,0.564328,-0.445956,0.711505,0.717223,1.099920,0.640750,1.073663,-1.276886,0.304516,0.166700,-0.857266,0.673007,-0.254503,-0.594385,0.794257,1.106919,0.490528,0.563197,1.387307,-0.268618,0.723434,1.024517,1.322681,0.534965,-0.057809,0.548789,0.509370,-0.029611,0.766819,0.426687,0.705311,-0.328842,0.203771,0.602869,-0.068047,0.254137,0.018385,-0.041682,0.493422,0.269265,-0.590901,0.511370,0.361592,-0.706609,0.463146,0.226697,-0.778934,0.495138,-0.012135,1.227764,0.450839,-0.046553,0.210560,0.802093,0.084703,0.961297,0.825323,0.170423,1.302945,0.798268,-0.503747,-0.402118,0.215455,0.138599,-0.472306,0.749962,-0.526494,0.568804,0.644124,0.104386,0.564895,0.644714,-0.300377,-1.341086,0.732630,0.555093,0.297520,0.959014,0.306634,-1.807970,0.338035,-0.198572,-0.042154,0.430884,1.098207,-0.036025,0.808912,-0.089688,1.003964,0.442048,-0.259156,-0.067774,0.456162,-0.562204,-1.176039,0.347509,0.421168,-0.059115,0.712015,0.427104,0.617013,0.360972,0.481856,-0.017427,0.759143,-0.302244,0.515189,0.554192,0.604981,-1.329795,0.668023,1.242438,-1.034327,0.501955,0.283547,-0.998698,0.808314,-0.069404,0.164947,0.639810,0.375433,0.105564,0.363185,0.474724,-0.820644,0.466009,0.322758,-0.606298,0.307888,0.609584,-0.698095,0.577289,0.002549,-1.022134,0.271047,0.804446,-0.943464,0.404941,0.173058,-0.249546,0.427644,0.697490,-0.137349,0.562925,0.201856,-0.627874,0.746999,0.581956,0.859057
0.827015,-0.880441,0.668431,-0.037261,0.264262,-1.329063,-1.081632,0.467687,0.346573,-0.334646,0.635917,-0.841467,-1.102160,0.179795,0.388137,0.385027,0.930471,-0.694198,0.776324,0.997538,-0.222698,-0.013987,-0.570992,-0.311037,-0.009286,0.139067,-0.347261,0.353879,-0.126965,0.230235,-0.754673,0.188955,-0.053328,-0.754680,0.188854,0.000390,0.850270,-0.649914,-0.438222,2.078154,0.193004,0.013183,2.078154,0.000390,0.000390,0.735433,0.235676,-0.828072,1.225099,0.155607,-0.219278,-0.187465,0.541296,0.933393,0.918794,0.679346,-0.785220,2.078154,0.000390,0.000390,2.078915,0.000390,0.000390,2.078154,0.000390,0.000390,-0.754680,0.188853,0.000390,-0.754680,0.188853,0.000390,-0.754673,0.188853,0.000390,1.007691,0.353464,0.059081,0.627652,0.428744,-0.489430,0.398074,-0.462703,0.076528,0.652588,0.379291,-1.115491,0.820899,0.183128,-0.976663,0.405507,0.225951,0.074666,0.546243,-0.057609,1.855718,0.404165,0.057585,-0.913345,0.706694,-0.481264,-0.507476,0.896012,0.130670,0.787430,0.490211,-0.321420,-0.131777,0.867069,0.143624,0.173991,0.826504,0.004668,0.139526,0.776981,0.345267,0.793371,0.322923,0.510112,0.160171,0.410333,-0.328402,1.385782,0.367401,-0.718278,0.162955,0.378626,0.827101,-0.762460,0.046082,0.924795,0.771894,0.323567,0.245963,0.630006,0.559457,0.161444,-0.044282,-0.459156,0.203071,-0.782266,-0.606444,0.232715,-0.307977,-0.677426,0.069630,-0.363242,-0.492653,0.021561,-0.792640,-0.663461,-0.079492,0.241430,0.115678,0.262997,0.957116,0.670966,0.176955,-0.619061,0.715591,0.144275,0.208124,0.588470,0.102829,0.513304,0.486069,0.316680,-0.654388,0.802798,0.268356,0.129852,0.718456,0.256571,1.015176,0.562430,0.262785,0.082907,0.602592,0.366933,-0.831898,0.598118,0.352239,-0.150818,0.512477,0.316292,-1.063725,0.393639,0.255296,-0.721073,0.677765,0.409090,-0.612446,0.800004,0.385146,-0.955968,0.765771,0.363897,-0.987086,0.786048,0.335473,-0.920390,0.649742,-0.701388,0.359089,0.475180,-0.200521,0.355950,0.822597,-0.220912,0.572179,0.841215,0.754892,0.755306,0.449407,0.717124,0.324171,0.587141,0.213715,0.943187,0.452769,-0.154462,0.347181,0.087270,0.637155,0.640113,0.112573,0.663958,0.677430,0.644336,0.959666,-0.239898,-0.290733,0.760869,-1.045706,0.663450,1.549145,-1.920246,0.326369,1.608089,1.749807,0.796690,0.636974,-0.092566,0.456246,1.302804,0.200291,0.306618,0.872461,0.192950,0.504337,1.612770,0.730862,0.363103,-0.919206,-0.266606,0.216158,0.110144,1.664757,0.605087,0.565263,-0.375548,0.628736,0.564328,-0.445956,0.711505,0.717223,1.099920,0.640750,1.073663,-1.276886,0.304516,0.166700,-0.857266,0.673007,-0.254503,-0.594385,0.794257,1.106919,0.490528,0.563197,1.387307,-0.268618,0.723434,1.024517,1.322681,0.534965,-0.057809,0.548789,0.509370,-0.029611,0.766819,0.426687,0.705311,-0.328842,0.203771,0.602869,-0.068047,0.254137,0.018385,-0.041682,0.493422,0.269265,-0.590901,0.511370,0.361592,-0.706609,0.463146,0.226697,-0.778934,0.495138,-0.012135,1.227764,0.450839,-0.046553,0.210560,0.802093,0.084703,0.961297,0.825323,0.170423,1.302945,0.798268,-0.503747,-0.402118,0.215455,0.138599,-0.472306,0.749962,-0.526494,0.568804,0.644124,0.104386,0.564895,0.644714,-0.300377,-1.341086,0.732630,0.555093,0.297520,0.959014,0.306634,-1.807970,0.338035,-0.198572,-0.042154,0.430884,1.098207,-0.036025,0.808912,-0.089688,1.003964,0.442048,-0.259156,-0.067774,0.456162,-0.562204,-1.176039,0.347509,0.421168,-0.059115,0.712015,0.427104,0.617013,0.360972,0.481856,-0.017427,0.759143,-0.302244,0.515189,0.554192,0.604981,-1.329795,0.668023,1.242438,-1.034327,0.501955,0.283547,-0.998698,0.808314,-0.069404,0.164947,0.639810,0.375433,0.105564,0.363185,0.474724,-0.820644,0.466009,0.322758,-0.606298,0.307888,0.609584,-0.698095,0.577289,0.002549,-1.022134,0.271047,0.804446,-0.943464,0.404941,0.173058,-0.249546,0.427644,0.697490,-0.137349,0.562925,0.201856,-0.627874,0.746999,0.581956,0.859057
0.827015,-0.880441,0.668431,-0.037261,0.264262,-1.329063,-1.081632,0.467687,0.346573,-0.334646,0.635917,-0.841467,-1.102160,0.179795,0.388137,0.385027,0.930471,-0.694198,0.776324,0.997538,-0.222698,-0.013987,-0.570992,-0.311037,-0.009286,0.139067,-0.347261,0.353879,-0.126965,0.230235,-0.754673,0.188955,-0.053328,-0.754680,0.188854,0.000390,0.850270,-0.649914,-0.438222,2.078154,0.193004,0.013183,2.078154,0.000390,0.000390,0.735433,0.235676,-0.828072,1.225099,0.155607,-0.219278,-0.187465,0.541296,0.933393,0.918794,0.679346,-0.785220,2.078154,0.000390,0.000390,2.078915,0.000390,0.000390,2.078154,0.000390,0.000390,-0.754680,0.188853,0.000390,-0.754680,0.188853,0.000390,-0.754673,0.188853,0.000390,1.007691,0.353464,0.059081,0.627652,0.428744,-0.489430,0.398074,-0.462703,0.076528,0.652588,0.379291,-1.115491,0.820899,0.183128,-0.976663,0.405507,0.225951,0.074666,0.546243,-0.057609,1.855718,0.404165,0.057585,-0.913345,0.706694,-0.481264,-0.507476,0.896012,0.130670,0.787430,0.490211,-0.321420,-0.131777,0.867069,0.143624,0.173991,0.826504,0.004668,0.139526,0.776981,0.345267,0.793371,0.322923,0.510112,0.160171,0.410333,-0.328402,1.385782,0.367401,-0.718278,0.162955,0.378626,0.827101,-0.762460,0.046082,0.924795,0.771894,0.323567,0.245963,0.630006,0.559457,0.161444,-0.044282,-0.459156,0.203071,-0.782266,-0.606444,0.232715,-0.307977,-0.677426,0.069630,-0.363242,-0.492653,0.021561,-0.792640,-0.663461,-0.079492,0.241430,0.115678,0.262997,0.957116,0.670966,0.176955,-0.619061,0.715591,0.144275,0.208124,0.588470,0.102829,0.513304,0.486069,0.316680,-0.654388,0.802798,0.268356,0.129852,0.718456,0.256571,1.015176,0.562430,0.262785,0.082907,0.602592,0.366933,-0.831898,0.598118,0.352239,-0.150818,0.512477,0.316292,-1.063725,0.393639,0.255296,-0.721073,0.677765,0.409090,-0.612446,0.800004,0.385146,-0.955968,0.765771,0.363897,-0.987086,0.786048,0.335473,-0.920390,0.649742,-0.701388,0.359089,0.475180,-0.200521,0.355950,0.822597,-0.220912,0.572179,0.841215,0.754892,0.755306,0.449407,0.717124,0.324171,0.587141,0.213715,0.943187,0.452769,-0.154462,0.347181,0.087270,0.637155,0.640113,0.112573,0.663958,0.677430,0.644336,0.959666,-0.239898,-0.290733,0.760869,-1.045706,0.663450,1.549145,-1.920246,0.326369,1.608089,1.749807,0.796690,0.636974,-0.092566,0.456246,1.302804,0.200291,0.306618,0.872461,0.192950,0.504337,1.612770,0.730862,0.363103,-0.919206,-0.266606,0.216158,0.110144,1.664757,0.605087,0.565263,-0.375548,0.628736,0.564328,-0.445956,0.711505,0.717223,1.099920,0.640750,1.073663,-1.276886,0.304516,0.166700,-0.857266,0.673007,-0.254503,-0.594385,0.794257,1.106919,0.490528,0.563197,1.387307,-0.268618,0.723434,1.024517,1.322681,0.534965,-0.057809,0.548789,0.509370,-0.029611,0.766819,0.426687,0.705311,-0.328842,0.203771,0.602869,-0.068047,0.254137,0.018385,-0.041682,0.493422,0.269265,-0.590901,0.511370,0.361592,-0.706609,0.463146,0.226697,-0.778934,0.495138,-0.012135,1.227764,0.450839,-0.046553,0.210560,0.802093,0.084703,0.961297,0.825323,0.170423,1.302945,0.798268,-0.503747,-0.402118,0.215455,0.138599,-0.472306,0.749962,-0.526494,0.568804,0.644124,0.104386,0.564895,0.644714,-0.300377,-1.341086,0.732630,0.555093,0.297520,0.959014,0.306634,-1.807970,0.338035,-0.198572,-0.042154,0.430884,1.098207,-0.036025,0.808912,-0.089688,1.003964,0.442048,-0.259156,-0.067774,0.456162,-0.562204,-1.176039,0.347509,0.421168,-0.059115,0.712015,0.427104,0.617013,0.360972,0.481856,-0.017427,0.759143,-0.302244,0.515189,0.554192,0.604981,-1.329795,0.668023,1.242438,-1.034327,0.501955,0.283547,-0.998698,0.808314,-0.069404,0.164947,0.639810,0.375433,0.105564,0.363185,0.474724,-0.820644,0.466009,0.322758,-0.606298,0.307888,0.609584,-0.698095,0.577289,0.002549,-1.022134,0.271047,0.804446,-0.943464,0.404941,0.173058,-0.249546,0.427644,0.697490,-0.137349,0.562925,0.201856,-0.627874,0.746999,0.581956,0.859057
0.827015,-0.880441,0.668431,-0.037261,0.264262,-1.329063,-1.081632,0.467687,0.346573,-0.334646,0.635917,-0.841467,-1.102160,0.179795,0.388137,0.385027,0.930471,-0.694198,0.776324,0.997538,-0.222698,-0.013987,-0.570992,-0.311037,-0.009286,0.139067,-0.347261,0.353879,-0.126965,0.230235,-0.754673,0.188955,-0.053328,-0.754680,0.188854,0.000390,0.850270,-0.649914,-0.438222,2.078154,0.193004,0.013183,2.078154,0.000390,0.000390,0.735433,0.235676,-0.828072,1.225099,0.155607,-0.219278,-0.187465,0.541296,0.933393,0.918794,0.679346,-0.785220,2.078154,0.000390,0.000390,2.078915,0.000390,0.000390,2.078154,0.000390,0.000390,-0.754680,0.188853,0.000390,-0.754680,0.188853,0.000390,-0.754673,0.188853,0.000390,1.007691,0.353464,0.059081,0.627652,0.428744,-0.489430,0.398074,-0.462703,0.076528,0.652588,0.379291,-1.115491,0.820899,0.183128,-0.976663,0.405507,0.225951,0.074666,0.546243,-0.057609,1.855718,0.404165,0.057585,-0.913345,0.706694,-0.481264,-0.507476,0.896012,0.130670,0.787430,0.490211,-0.321420,-0.131777,0.867069,0.143624,0.173991,0.826504,0.004668,0.139526,0.776981,0.345267,0.793371,0.322923,0.510112,0.160171,0.410333,-0.328402,1.385782,0.367401,-0.718278,0.162955,0.378626,0.827101,-0.762460,0.046082,0.924795,0.771894,0.323567,0.245963,0.630006,0.559457,0.161444,-0.044282,-0.459156,0.203071,-0.782266,-0.606444,0.232715,-0.307977,-0.677426,0.069630,-0.363242,-0.492653,0.021561,-0.792640,-0.663461,-0.079492,0.241430,0.115678,0.262997,0.957116,0.670966,0.176955,-0.619061,0.715591,0.144275,0.208124,0.588470,0.102829,0.513304,0.486069,0.316680,-0.654388,0.802798,0.268356,0.129852,0.718456,0.256571,1.015176,0.562430,0.262785,0.082907,0.602592,0.366933,-0.831898,0.598118,0.352239,-0.150818,0.512477,0.316292,-1.063725,0.393639,0.255296,-0.721073,0.677765,0.409090,-0.612446,0.800004,0.385146,-0.955968,0.765771,0.363897,-0.987086,0.786048,0.335473,-0.920390,0.649742,-0.701388,0.359089,0.475180,-0.200521,0.355950,0.822597,-0.220912,0.572179,0.841215,0.754892,0.755306,0.449407,0.717124,0.324171,0.587141,0.213715,0.943187,0.452769,-0.154462,0.347181,0.087270,0.637155,0.640113,0.112573,0.663958,0.677430,0.644336,0.959666,-0.239898,-0.290733,0.760869,-1.045706,0.663450,1.549145,-1.920246,0.326369,1.608089,1.749807,0.796690,0.636974,-0.092566,0.456246,1.302804,0.200291,0.306618,0.872461,0.192950,0.504337,1.612770,0.730862,0.363103,-0.919206,-0.266606,0.216158,0.110144,1.664757,0.605087,0.565263,-0.375548,0.628736,0.564328,-0.445956,0.711505,0.717223,1.099920,0.640750,1.073663,-1.276886,0.304516,0.166700,-0.857266,0.673007,-0.254503,-0.594385,0.794257,1.106919,0.490528,0.563197,1.387307,-0.268618,0.723434,1.024517,1.322681,0.534965,-0.057809,0.548789,0.509370,-0.029611,0.766819,0.426687,0.705311,-0.328842,0.203771,0.602869,-0.068047,0.254137,0.018385,-0.041682,0.493422,0.269265,-0.590901,0.511370,0.361592,-0.706609,0.463146,0.226697,-0.778934,0.495138,-0.012135,1.227764,0.450839,-0.046553,0.210560,0.802093,0.084703,0.961297,0.825323,0.170423,1.302945,0.798268,-0.503747,-0.402118,0.215455,0.138599,-0.472306,0.749962,-0.526494,0.568804,0.644124,0.104386,0.564895,0.644714,-0.300377,-1.341086,0.732630,0.555093,0.297520,0.959014,0.306634,-1.807970,0.338035,-0.198572,-0.042154,0.430884,1.098207,-0.036025,0.808912,-0.089688,1.003964,0.442048,-0.259156,-0.067774,0.456162,-0.562204,-1.176039,0.347509,0.421168,-0.059115,0.712015,0.427104,0.617013,0.360972,0.481856,-0.017427,0.759143,-0.302244,0.515189,0.554192,0.604981,-1.329795,0.668023,1.242438,-1.034327,0.501955,0.283547,-0.998698,0.808314,-0.069404,0.164947,0.639810,0.375433,0.105564,0.363185,0.474724,-0.820644,0.466009,0.322758,-0.606298,0.307888,0.609584,-0.698095,0.577289,0.002549,-1.022134,0.271047,0.804446,-0.943464,0.404941,0.173058,-0.249546,0.427644,0.697490,-0.137349,0.562925,0.201856,-0.627874,0.746999,0.581956,0.859057
0.827015,-0.880441,0.668431,-0.037261,0.264262,-1.329063,-1.081632,0.467687,0.346573,-0.334646,0.635917,-0.841467,-1.102160,0.179795,0.388137,0.385027,0.930471,-0.694198,0.776324,0.997538,-0.222698,-0.013987,-0.570992,-0.311037,-0.009286,0.139067,-0.347261,0.353879,-0.126965,0.230235,-0.754673,0.188955,-0.053328,-0.754680,0.188854,0.000390,0.850270,-0.649914,-0.438222,2.078154,0.193004,0.013183,2.078154,0.000390,0.000390,0.735433,0.235676,-0.828072,1.225099,0.155607,-0.219278,-0.187465,0.541296,0.933393,0.918794,0.679346,-0.785220,2.078154,0.000390,0.000390,2.078915,0.000390,0.000390,2.078154,0.000390,0.000390,-0.754680,0.188853,0.000390,-0.754680,0.188853,0.000390,-0.754673,0.188853,0.000390,1.007691,0.353464,0.059081,0.627652,0.428744,-0.489430,0.398074,-0.462703,0.076528,0.652588,0.379291,-1.115491,0.820899,0.183128,-0.976663,0.405507,0.225951,0.074666,0.546243,-0.057609,1.855718,0.404165,0.057585,-0.913345,0.706694,-0.481264,-0.507476,0.896012,0.130670,0.787430,0.490211,-0.321420,-0.131777,0.867069,0.143624,0.173991,0.826504,0.004668,0.139526,0.776981,0.345267,0.793371,0.322923,0.510112,0.160171,0.410333,-0.328402,1.385782,0.367401,-0.718278,0.162955,0.378626,0.827101,-0.762460,0.046082,0.924795,0.771894,0.323567,0.245963,0.630006,0.559457,0.161444,-0.044282,-0.459156,0.203071,-0.782266,-0.606444,0.232715,-0.307977,-0.677426,0.069630,-0.363242,-0.492653,0.021561,-0.792640,-0.663461,-0.079492,0.241430,0.115678,0.262997,0.957116,0.670966,0.176955,-0.619061,0.715591,0.144275,0.208124,0.588470,0.102829,0.513304,0.486069,0.316680,-0.654388,0.802798,0.268356,0.129852,0.718456,0.256571,1.015176,0.562430,0.262785,0.082907,0.602592,0.366933,-0.831898,0.598118,0.352239,-0.150818,0.512477,0.316292,-1.063725,0.393639,0.255296,-0.721073,0.677765,0.409090,-0.612446,0.800004,0.385146,-0.955968,0.765771,0.363897,-0.987086,0.786048,0.335473,-0.920390,0.649742,-0.701388,0.359089,0.475180,-0.200521,0.355950,0.822597,-0.220912,0.572179,0.841215,0.754892,0.755306,0.449407,0.717124,0.324171,0.587141,0.213715,0.943187,0.452769,-0.154462,0.347181,0.087270,0.637155,0.640113,0.112573,0.663958,0.677430,0.644336,0.959666,-0.239898,-0.290733,0.760869,-1.045706,0.663450,1.549145,-1.920246,0.326369,1.608089,1.749807,0.796690,0.636974,-0.092566,0.456246,1.302804,0.200291,0.306618,0.872461,0.192950,0.504337,1.612770,0.730862,0.363103,-0.919206,-0.266606,0.216158,0.110144,1.664757,0.605087,0.565263,-0.375548,0.628736,0.564328,-0.445956,0.711505,0.717223,1.099920,0.640750,1.073663,-1.276886,0.304516,0.166700,-0.857266,0.673007,-0.254503,-0.594385,0.794257,1.106919,0.490528,0.563197,1.387307,-0.268618,0.723434,1.024517,1.322681,0.534965,-0.057809,0.548789,0.509370,-0.029611,0.766819,0.426687,0.705311,-0.328842,0.203771,0.602869,-0.068047,0.254137,0.018385,-0.041682,0.493422,0.269265,-0.590901,0.511370,0.361592,-0.706609,0.463146,0.226697,-0.778934,0.495138,-0.012135,1.227764,0.450839,-0.046553,0.210560,0.802093,0.084703,0.961297,0.825323,0.170423,1.302945,0.798268,-0.503747,-0.402118,0.215455,0.138599,-0.472306,0.749962,-0.526494,0.568804,0.644124,0.104386,0.564895,0.644714,-0.300377,-1.341086,0.732630,0.555093,0.297520,0.959014,0.306634,-1.807970,0.338035,-0.198572,-0.042154,0.430884,1.098207,-0.036025,0.808912,-0.089688,1.003964,0.442048,-0.259156,-0.067774,0.456162,-0.562204,-1.176039,0.347509,0.421168,-0.059115,0.712015,0.427104,0.617013,0.360972,0.481856,-0.017427,0.759143,-0.302244,0.515189,0.554192,0.604981,-1.329795,0.668023,1.242438,-1.034327,0.501955,0.283547,-0.998698,0.808314,-0.069404,0.164947,0.639810,0.375433,0.105564,0.363185,0.474724,-0.820644,0.466009,0.322758,-0.606298,0.307888,0.609584,-0.698095,0.577289,0.002549,-1.022134,0.271047,0.804446,-0.943464,0.404941,0.173058,-0.249546,0.427644,0.697490,-0.137349,0.562925,0.201856,-0.627874,0.746999,0.581956,0.859057
0.826260,-0.905992,0.822148,-0.066324,1.239599,-1.274778,0.612002,1.364537,-1.427252,-0.338422,1.950333,-1.441712,-0.487496,0.274409,-0.388459,0.319703,0.917487,0.040605,0.784556,1.123086,-1.120524,-0.031403,0.925740,0.471859,-0.028206,0.156982,-0.082848,0.325457,0.772639,0.111575,-0.761561,0.188955,-0.870350,-0.761569,0.188854,0.000390,-1.179827,0.359358,-0.223089,0.352282,0.193004,-0.874728,0.352282,0.000390,0.000390,0.732338,0.178978,-0.595677,1.218908,-0.459534,1.554998,-0.416767,0.585508,1.356290,0.927766,0.684362,-0.566406,0.352282,0.000390,0.000390,0.353045,0.000390,0.000390,0.352282,0.000390,0.000390,-0.761569,0.188853,0.000390,-0.761569,0.188853,0.000390,-0.761561,0.188853,0.000390,0.414202,0.309486,0.699246,0.494886,-0.644608,-0.341236,0.200430,0.007957,-1.201277,0.799523,-0.501669,-0.188168,0.667862,0.124354,-1.102629,0.415008,-0.592689,0.249805,0.549832,-0.497499,1.014145,0.340832,0.188409,-0.402499,0.871877,0.074469,-0.558124,0.970165,-0.175907,0.211865,0.535413,-0.301580,-0.113075,0.830003,-0.498073,-0.364749,0.999395,-0.145878,-1.302439,0.467939,0.006652,-0.980195,0.770378,-0.161594,-0.671971,0.373850,-0.610044,-0.010020,0.253881,-1.203191,-0.233030,0.477353,-0.382933,-0.168150,0.493263,0.128706,-0.951204,0.663045,-0.031947,-0.435276,0.471933,-0.119608,0.552066,-1.022504,0.805031,-0.782266,-1.049718,0.786358,-0.307977,-0.867083,0.638522,-0.363242,-0.257657,0.539570,-0.792640,-0.000197,0.395508,0.241430,-0.686175,0.679032,0.957116,-0.143176,0.713911,-0.619061,0.434850,0.735774,0.208124,0.491643,0.722809,0.513304,-0.196548,0.721605,-0.654388,0.275385,0.751086,0.129852,0.298260,0.780124,1.015176,0.317645,0.797061,0.082907,0.018921,0.776349,-0.831898,0.160153,0.818375,-0.150818,0.028533,0.819007,-1.063725,-0.082036,0.808342,-0.721073,0.131514,0.871396,-0.612446,0.127500,0.881754,-0.955968,0.220218,0.846172,-0.987086,0.246490,0.821054,-0.920390,0.348055,-1.265280,1.734177,0.608833,-0.567849,1.849558,0.551674,0.438183,0.622466,0.573813,0.625136,1.101208,0.635108,-0.003408,0.027650,0.351376,1.128535,0.547580,0.651233,0.465862,0.530157,0.359189,0.768075,-0.004427,0.430383,0.845548,0.819458,0.714493,1.210526,-0.454302,0.224458,-1.042445,-0.401374,0.459798,-0.290773,-1.619666,0.572582,1.585758,1.742590,1.045651,1.579854,0.790024,0.752095,0.769886,1.095389,0.631361,1.541178,1.163128,0.313456,0.569164,1.352172,0.545127,-0.769003,0.239945,0.388086,0.150641,0.455332,0.460093,0.557724,-0.770443,0.530922,0.557785,-0.550010,0.658676,-0.147691,1.094631,0.358124,0.164603,-1.270855,0.352573,0.089696,-0.351168,0.773704,-0.337350,-1.080188,0.951036,1.083464,-0.650269,0.758155,0.422295,-0.301634,0.710197,0.166193,0.311235,0.522168,0.198963,0.773117,0.499857,0.321057,0.610199,0.419628,0.246907,0.346697,0.495088,0.204501,-0.178651,0.227420,0.664989,1.054914,0.490996,-0.145855,0.644237,0.528181,0.958656,-0.698280,0.499000,0.848382,-1.712649,0.696388,0.234002,-0.444226,0.644925,-0.414542,0.028425,0.685860,-0.356976,1.309192,0.740776,0.444386,0.129299,0.684917,-0.157357,0.428485,0.729035,-0.733080,-0.267489,0.802223,-0.316352,1.161225,0.353860,-0.325413,2.377929,0.758042,-0.223959,-1.222391,0.865382,-0.190173,0.113669,0.689225,0.556277,-2.044206,0.047321,0.072184,0.557470,0.685682,0.997134,-0.599525,0.748871,0.827269,1.212186,0.421234,0.628161,0.533370,0.453770,-0.866153,-1.752449,0.361648,0.105776,0.886043,0.759834,1.247719,0.668335,0.431380,-0.934954,-0.171718,0.808473,-0.382637,1.404577,0.572641,-0.694194,-1.606346,0.356255,0.062329,-1.649248,0.481526,-0.938704,-1.223951,0.750319,-1.158318,1.170323,0.562928,-1.088030,-1.091226,0.649413,0.343665,-1.871935,0.463629,1.128587,-2.397661,0.321972,0.465245,-1.820790,0.631953,-1.495269,0.280550,0.284899,0.658830,-0.048142,0.402576,1.024800,0.300003,0.707685,0.528709,0.054496,0.816777,-0.264733,0.032510,0.841822,0.731931,-0.149926
0.826260,-0.905992,0.822148,-0.066324,1.239599,-1.274778,0.612002,1.364537,-1.427252,-0.338422,1.950333,-1.441712,-0.487496,0.274409,-0.388459,0.319703,0.917487,0.040605,0.784556,1.123086,-1.120524,-0.031403,0.925740,0.471859,-0.028206,0.156982,-0.082848,0.325457,0.772639,0.111575,-0.761561,0.188955,-0.870350,-0.761569,0.188854,0.000390,-1.179827,0.359358,-0.223089,0.352282,0.193004,-0.874728,0.352282,0.000390,0.000390,0.732338,0.178978,-0.595677,1.218908,-0.459534,1.554998,-0.416767,0.585508,1.356290,0.927766,0.684362,-0.566406,0.352282,0.000390,0.000390,0.353045,0.000390,0.000390,0.352282,0.000390,0.000390,-0.761569,0.188853,0.000390,-0.761569,0.188853,0.000390,-0.761561,0.188853,0.000390,0.414202,0.309486,0.699246,0.494886,-0.644608,-0.341236,0.200430,0.007957,-1.201277,0.799523,-0.501669,-0.188168,0.667862,0.124354,-1.102629,0.415008,-0.592689,0.249805,0.549832,-0.497499,1.014145,0.340832,0.188409,-0.402499,0.871877,0.074469,-0.558124,0.970165,-0.175907,0.211865,0.535413,-0.301580,-0.113075,0.830003,-0.498073,-0.364749,0.999395,-0.145878,-1.302439,0.467939,0.006652,-0.980195,0.770378,-0.161594,-0.671971,0.373850,-0.610044,-0.010020,0.253881,-1.203191,-0.233030,0.477353,-0.382933,-0.168150,0.493263,0.128706,-0.951204,0.663045,-0.031947,-0.435276,0.471933,-0.119608,0.552066,-1.022504,0.805031,-0.782266,-1.049718,0.786358,-0.307977,-0.867083,0.638522,-0.363242,-0.257657,0.539570,-0.792640,-0.000197,0.395508,0.241430,-0.686175,0.679032,0.957116,-0.143176,0.713911,-0.619061,0.434850,0.735774,0.208124,0.491643,0.722809,0.513304,-0.196548,0.721605,-0.654388,0.275385,0.751086,0.129852,0.298260,0.780124,1.015176,0.317645,0.797061,0.082907,0.018921,0.776349,-0.831898,0.160153,0.818375,-0.150818,0.028533,0.819007,-1.063725,-0.082036,0.808342,-0.721073,0.131514,0.871396,-0.612446,0.127500,0.881754,-0.955968,0.220218,0.846172,-0.987086,0.246490,0.821054,-0.920390,0.348055,-1.265280,1.734177,0.608833,-0.567849,1.849558,0.551674,0.438183,0.622466,0.573813,0.625136,1.101208,0.635108,-0.003408,0.027650,0.351376,1.128535,0.547580,0.651233,0.465862,0.530157,0.359189,0.768075,-0.004427,0.430383,0.845548,0.819458,0.714493,1.210526,-0.454302,0.224458,-1.042445,-0.401374,0.459798,-0.290773,-1.619666,0.572582,1.585758,1.742590,1.045651,1.579854,0.790024,0.752095,0.769886,1.095389,0.631361,1.541178,1.163128,0.313456,0.569164,1.352172,0.545127,-0.769003,0.239945,0.388086,0.150641,0.455332,0.460093,0.557724,-0.770443,0.530922,0.557785,-0.550010,0.658676,-0.147691,1.094631,0.358124,0.164603,-1.270855,0.352573,0.089696,-0.351168,0.773704,-0.337350,-1.080188,0.951036,1.083464,-0.650269,0.758155,0.422295,-0.301634,0.710197,0.166193,0.311235,0.522168,0.198963,0.773117,0.499857,0.321057,0.610199,0.419628,0.246907,0.346697,0.495088,0.204501,-0.178651,0.227420,0.664989,1.054914,0.490996,-0.145855,0.644237,0.528181,0.958656,-0.698280,0.499000,0.848382,-1.712649,0.696388,0.234002,-0.444226,0.644925,-0.414542,0.028425,0.685860,-0.356976,1.309192,0.740776,0.444386,0.129299,0.684917,-0.157357,0.428485,0.729035,-0.733080,-0.267489,0.802223,-0.316352,1.161225,0.353860,-0.325413,2.377929,0.758042,-0.223959,-1.222391,0.865382,-0.190173,0.113669,0.689225,0.556277,-2.044206,0.047321,0.072184,0.557470,0.685682,0.997134,-0.599525,0.748871,0.827269,1.212186,0.421234,0.628161,0.533370,0.453770,-0.866153,-1.752449,0.361648,0.105776,0.886043,0.759834,1.247719,0.668335,0.431380,-0.934954,-0.171718,0.808473,-0.382637,1.404577,0.572641,-0.694194,-1.606346,0.356255,0.062329,-1.649248,0.481526,-0.938704,-1.223951,0.750319,-1.158318,1.170323,0.562928,-1.088030,-1.091226,0.649413,0.343665,-1.871935,0.463629,1.128587,-2.397661,0.321972,0.465245,-1.820790,0.631953,-1.495269,0.280550,0.284899,0.658830,-0.048142,0.402576,1.024800,0.300003,0.707685,0.528709,0.054496,0.816777,-0.264733,0.032510,0.841822,0.731931,-0.149926
0.826260,-0.905992,0.822148,-0.066324,1.239599,-1.274778,0.612002,1.364537,-1.427252,-0.338422,1.950333,-1.441712,-0.487496,0.274409,-0.388459,0.319703,0.917487,0.040605,0.784556,1.123086,-1.120524,-0.031403,0.925740,0.471859,-0.028206,0.156982,-0.082848,0.325457,0.772639,0.111575,-0.761561,0.188955,-0.870350,-0.761569,0.188854,0.000390,-1.179827,0.359358,-0.223089,0.352282,0.193004,-0.874728,0.352282,0.000390,0.000390,0.732338,0.178978,-0.595677,1.218908,-0.459534,1.554998,-0.416767,0.585508,1.356290,0.927766,0.684362,-0.566406,0.352282,0.000390,0.000390,0.353045,0.000390,0.000390,0.352282,0.000390,0.000390,-0.761569,0.188853,0.000390,-0.761569,0.188853,0.000390,-0.761561,0.188853,0.000390,0.414202,0.309486,0.699246,0.494886,-0.644608,-0.341236,0.200430,0.007957,-1.201277,0.799523,-0.501669,-0.188168,0.667862,0.124354,-1.102629,0.415008,-0.592689,0.249805,0.549832,-0.497499,1.014145,0.340832,0.188409,-0.402499,0.871877,0.074469,-0.558124,0.970165,-0.175907,0.211865,0.535413,-0.301580,-0.113075,0.830003,-0.498073,-0.364749,0.999395,-0.145878,-1.302439,0.467939,0.006652,-0.980195,0.770378,-0.161594,-0.671971,0.373850,-0.610044,-0.010020,0.253881,-1.203191,-0.233030,0.477353,-0.382933,-0.168150,0.493263,0.128706,-0.951204,0.663045,-0.031947,-0.435276,0.471933,-0.119608,0.552066,-1.022504,0.805031,-0.782266,-1.049718,0.786358,-0.307977,-0.867083,0.638522,-0.363242,-0.257657,0.539570,-0.792640,-0.000197,0.395508,0.241430,-0.686175,0.679032,0.957116,-0.143176,0.713911,-0.619061,0.434850,0.735774,0.208124,0.491643,0.722809,0.513304,-0.196548,0.721605,-0.654388,0.275385,0.751086,0.129852,0.298260,0.780124,1.015176,0.317645,0.797061,0.082907,0.018921,0.776349,-0.831898,0.160153,0.818375,-0.150818,0.028533,0.819007,-1.063725,-0.082036,0.808342,-0.721073,0.131514,0.871396,-0.612446,0.127500,0.881754,-0.955968,0.220218,0.846172,-0.987086,0.246490,0.821054,-0.920390,0.348055,-1.265280,1.734177,0.608833,-0.567849,1.849558,0.551674,0.438183,0.622466,0.573813,0.625136,1.101208,0.635108,-0.003408,0.027650,0.351376,1.128535,0.547580,0.651233,0.465862,0.530157,0.359189,0.768075,-0.004427,0.430383,0.845548,0.819458,0.714493,1.210526,-0.454302,0.224458,-1.042445,-0.401374,0.459798,-0.290773,-1.619666,0.572582,1.585758,1.742590,1.045651,1.579854,0.790024,0.752095,0.769886,1.095389,0.631361,1.541178,1.163128,0.313456,0.569164,1.352172,0.545127,-0.769003,0.239945,0.388086,0.150641,0.455332,0.460093,0.557724,-0.770443,0.530922,0.557785,-0.550010,0.658676,-0.147691,1.094631,0.358124,0.164603,-1.270855,0.352573,0.089696,-0.351168,0.773704,-0.337350,-1.080188,0.951036,1.083464,-0.650269,0.758155,0.422295,-0.301634,0.710197,0.166193,0.311235,0.522168,0.198963,0.773117,0.499857,0.321057,0.610199,0.419628,0.246907,0.346697,0.495088,0.204501,-0.178651,0.227420,0.664989,1.054914,0.490996,-0.145855,0.644237,0.528181,0.958656,-0.698280,0.499000,0.848382,-1.712649,0.696388,0.234002,-0.444226,0.644925,-0.414542,0.028425,0.685860,-0.356976,1.309192,0.740776,0.444386,0.129299,0.684917,-0.157357,0.428485,0.729035,-0.733080,-0.267489,0.802223,-0.316352,1.161225,0.353860,-0.325413,2.377929,0.758042,-0.223959,-1.222391,0.865382,-0.190173,0.113669,0.689225,0.556277,-2.044206,0.047321,0.072184,0.557470,0.685682,0.997134,-0.599525,0.748871,0.827269,1.212186,0.421234,0.628161,0.533370,0.453770,-0.866153,-1.752449,0.361648,0.105776,0.886043,0.759834,1.247719,0.668335,0.431380,-0.934954,-0.171718,0.808473,-0.382637,1.404577,0.572641,-0.694194,-1.606346,0.356255,0.062329,-1.649248,0.481526,-0.938704,-1.223951,0.750319,-1.158318,1.170323,0.562928,-1.088030,-1.091226,0.649413,0.343665,-1.871935,0.463629,1.128587,-2.397661,0.321972,0.465245,-1.820790,0.631953,-1.495269,0.280550,0.284899,0.658830,-0.048142,0.402576,1.024800,0.300003,0.707685,0.528709,0.054496,0.816777,-0.264733,0.032510,0.841822,0.731931,-0.149926
0.826260,-0.905992,0.822148,-0.066324,1.239599,-1.274778,0.612002,1.364537,-1.427252,-0.338422,1.950333,-1.441712,-0.487496,0.274409,-0.388459,0.319703,0.917487,0.040605,0.784556,1.123086,-1.120524,-0.031403,0.925740,0.471859,-0.028206,0.156982,-0.082848,0.325457,0.772639,0.111575,-0.761561,0.188955,-0.870350,-0.761569,0.188854,0.000390,-1.179827,0.359358,-0.223089,0.352282,0.193004,-0.874728,0.352282,0.000390,0.000390,0.732338,0.178978,-0.595677,1.218908,-0.459534,1.554998,-0.416767,0.585508,1.356290,0.927766,0.684362,-0.566406,0.352282,0.000390,0.000390,0.353045,0.000390,0.000390,0.352282,0.000390,0.000390,-0.761569,0.188853,0.000390,-0.761569,0.188853,0.000390,-0.761561,0.188853,0.000390,0.414202,0.309486,0.699246,0.494886,-0.644608,-0.341236,0.200430,0.007957,-1.201277,0.799523,-0.501669,-0.188168,0.667862,0.124354,-1.102629,0.415008,-0.592689,0.249805,0.549832,-0.497499,1.014145,0.340832,0.188409,-0.402499,0.871877,0.074469,-0.558124,0.970165,-0.175907,0.211865,0.535413,-0.301580,-0.113075,0.830003,-0.498073,-0.364749,0.999395,-0.145878,-1.302439,0.467939,0.006652,-0.980195,0.770378,-0.161594,-0.671971,0.373850,-0.610044,-0.010020,0.253881,-1.203191,-0.233030,0.477353,-0.382933,-0.168150,0.493263,0.128706,-0.951204,0.663045,-0.031947,-0.435276,0.471933,-0.119608,0.552066,-1.022504,0.805031,-0.782266,-1.049718,0.786358,-0.307977,-0.867083,0.638522,-0.363242,-0.257657,0.539570,-0.792640,-0.000197,0.395508,0.241430,-0.686175,0.679032,0.957116,-0.143176,0.713911,-0.619061,0.434850,0.735774,0.208124,0.491643,0.722809,0.513304,-0.196548,0.721605,-0.654388,0.275385,0.751086,0.129852,0.298260,0.780124,1.015176,0.317645,0.797061,0.082907,0.018921,0.776349,-0.831898,0.160153,0.818375,-0.150818,0.028533,0.819007,-1.063725,-0.082036,0.808342,-0.721073,0.131514,0.871396,-0.612446,0.127500,0.881754,-0.955968,0.220218,0.846172,-0.987086,0.246490,0.821054,-0.920390,0.348055,-1.265280,1.734177,0.608833,-0.567849,1.849558,0.551674,0.438183,0.622466,0.573813,0.625136,1.101208,0.635108,-0.003408,0.027650,0.351376,1.128535,0.547580,0.651233,0.465862,0.530157,0.359189,0.768075,-0.004427,0.430383,0.845548,0.819458,0.714493,1.210526,-0.454302,0.224458,-1.042445,-0.401374,0.459798,-0.290773,-1.619666,0.572582,1.585758,1.742590,1.045651,1.579854,0.790024,0.752095,0.769886,1.095389,0.631361,1.541178,1.163128,0.313456,0.569164,1.352172,0.545127,-0.769003,0.239945,0.388086,0.150641,0.455332,0.460093,0.557724,-0.770443,0.530922,0.557785,-0.550010,0.658676,-0.147691,1.094631,0.358124,0.164603,-1.270855,0.352573,0.089696,-0.351168,0.773704,-0.337350,-1.080188,0.951036,1.083464,-0.650269,0.758155,0.422295,-0.301634,0.710197,0.166193,0.311235,0.522168,0.198963,0.773117,0.499857,0.321057,0.610199,0.419628,0.246907,0.346697,0.495088,0.204501,-0.178651,0.227420,0.664989,1.054914,0.490996,-0.145855,0.644237,0.528181,0.958656,-0.698280,0.499000,0.848382,-1.712649,0.696388,0.234002,-0.444226,0.644925,-0.414542,0.028425,0.685860,-0.356976,1.309192,0.740776,0.444386,0.129299,0.684917,-0.157357,0.428485,0.729035,-0.733080,-0.267489,0.802223,-0.316352,1.161225,0.353860,-0.325413,2.377929,0.758042,-0.223959,-1.222391,0.865382,-0.190173,0.113669,0.689225,0.556277,-2.044206,0.047321,0.072184,0.557470,0.685682,0.997134,-0.599525,0.748871,0.827269,1.212186,0.421234,0.628161,0.533370,0.453770,-0.866153,-1.752449,0.361648,0.105776,0.886043,0.759834,1.247719,0.668335,0.431380,-0.934954,-0.171718,0.808473,-0.382637,1.404577,0.572641,-0.694194,-1.606346,0.356255,0.062329,-1.649248,0.481526,-0.938704,-1.223951,0.750319,-1.158318,1.170323,0.562928,-1.088030,-1.091226,0.649413,0.343665,-1.871935,0.463629,1.128587,-2.397661,0.321972,0.465245,-1.820790,0.631953,-1.495269,0.280550,0.284899,0.658830,-0.048142,0.402576,1.024800,0.300003,0.707685,0.528709,0.054496,0.816777,-0.264733,0.032510,0.841822,0.731931,-0.149926
0.826260,-0.905992,0.822148,-0.066324,1.239599,-1.274778,0.612002,1.364537,-1.427252,-0.338422,1.950333,-1.441712,-0.487496,0.274409,-0.388459,0.319703,0.917487,0.040605,0.784556,1.123086,-1.120524,-0.031403,0.925740,0.471859,-0.028206,0.156982,-0.082848,0.325457,0.772639,0.111575,-0.761561,0.188955,-0.870350,-0.761569,0.188854,0.000390,-1.179827,0.359358,-0.223089,0.352282,0.193004,-0.874728,0.352282,0.000390,0.000390,0.732338,0.178978,-0.595677,1.218908,-0.459534,1.554998,-0.416767,0.585508,1.356290,0.927766,0.684362,-0.566406,0.352282,0.000390,0.000390,0.353045,0.000390,0.000390,0.352282,0.000390,0.000390,-0.761569,0.188853,0.000390,-0.761569,0.188853,0.000390,-0.761561,0.188853,0.000390,0.414202,0.309486,0.699246,0.494886,-0.644608,-0.341236,0.200430,0.007957,-1.201277,0.799523,-0.501669,-0.188168,0.667862,0.124354,-1.102629,0.415008,-0.592689,0.249805,0.549832,-0.497499,1.014145,0.340832,0.188409,-0.402499,0.871877,0.074469,-0.558124,0.970165,-0.175907,0.211865,0.535413,-0.301580,-0.113075,0.830003,-0.498073,-0.364749,0.999395,-0.145878,-1.302439,0.467939,0.006652,-0.980195,0.770378,-0.161594,-0.671971,0.373850,-0.610044,-0.010020,0.253881,-1.203191,-0.233030,0.477353,-0.382933,-0.168150,0.493263,0.128706,-0.951204,0.663045,-0.031947,-0.435276,0.471933,-0.119608,0.552066,-1.022504,0.805031,-0.782266,-1.049718,0.786358,-0.307977,-0.867083,0.638522,-0.363242,-0.257657,0.539570,-0.792640,-0.000197,0.395508,0.241430,-0.686175,0.679032,0.957116,-0.143176,0.713911,-0.619061,0.434850,0.735774,0.208124,0.491643,0.722809,0.513304,-0.196548,0.721605,-0.654388,0.275385,0.751086,0.129852,0.298260,0.780124,1.015176,0.317645,0.797061,0.082907,0.018921,0.776349,-0.831898,0.160153,0.818375,-0.150818,0.028533,0.819007,-1.063725,-0.082036,0.808342,-0.721073,0.131514,0.871396,-0.612446,0.127500,0.881754,-0.955968,0.220218,0.846172,-0.987086,0.246490,0.821054,-0.920390,0.348055,-1.265280,1.734177,0.608833,-0.567849,1.849558,0.551674,0.438183,0.622466,0.573813,0.625136,1.101208,0.635108,-0.003408,0.027650,0.351376,1.128535,0.547580,0.651233,0.465862,0.530157,0.359189,0.768075,-0.004427,0.430383,0.845548,0.819458,0.714493,1.210526,-0.454302,0.224458,-1.042445,-0.401374,0.459798,-0.290773,-1.619666,0.572582,1.585758,1.742590,1.045651,1.579854,0.790024,0.752095,0.769886,1.095389,0.631361,1.541178,1.163128,0.313456,0.569164,1.352172,0.545127,-0.769003,0.239945,0.388086,0.150641,0.455332,0.460093,0.557724,-0.770443,0.530922,0.557785,-0.550010,0.658676,-0.147691,1.094631,0.358124,0.164603,-1.270855,0.352573,0.089696,-0.351168,0.773704,-0.337350,-1.080188,0.951036,1.083464,-0.650269,0.758155,0.422295,-0.301634,0.710197,0.166193,0.311235,0.522168,0.198963,0.773117,0.499857,0.321057,0.610199,0.419628,0.246907,0.346697,0.495088,0.204501,-0.178651,0.227420,0.664989,1.054914,0.490996,-0.145855,0.644237,0.528181,0.958656,-0.698280,0.499000,0.848382,-1.712649,0.696388,0.234002,-0.444226,0.644925,-0.414542,0.028425,0.685860,-0.356976,1.309192,0.740776,0.444386,0.129299,0.684917,-0.157357,0.428485,0.729035,-0.733080,-0.267489,0.802223,-0.316352,1.161225,0.353860,-0.325413,2.377929,0.758042,-0.223959,-1.222391,0.865382,-0.190173,0.113669,0.689225,0.556277,-2.044206,0.047321,0.072184,0.557470,0.685682,0.997134,-0.599525,0.748871,0.827269,1.212186,0.421234,0.628161,0.533370,0.453770,-0.866153,-1.752449,0.361648,0.105776,0.886043,0.759834,1.247719,0.668335,0.431380,-0.934954,-0.171718,0.808473,-0.382637,1.404577,0.572641,-0.694194,-1.606346,0.356255,0.062329,-1.649248,0.481526,-0.938704,-1.223951,0.750319,-1.158318,1.170323,0.562928,-1.088030,-1.091226,0.649413,0.343665,-1.871935,0.463629,1.128587,-2.397661,0.321972,0.465245,-1.820790,0.631953,-1.495269,0.280550,0.284899,0.658830,-0.048142,0.402576,1.024800,0.300003,0.707685,0.528709,0.054496,0.816777,-0.264733,0.032510,0.841822,0.731931,-0.149926
0.826260,-0.905992,0.822148,-0.066324,1.239599,-1.274778,0.612002,1.364537,-1.427252,-0.338422,1.950333,-1.441712,-0.487496,0.274409,-0.388459,0.319703,0.917487,0.040605,0.784556,1.123086,-1.120524,-0.031403,0.925740,0.471859,-0.028206,0.156982,-0.082848,0.325457,0.772639,0.111575,-0.761561,0.188955,-0.870350,-0.761569,0.188854,0.000390,-1.179827,0.359358,-0.223089,0.352282,0.193004,-0.874728,0.352282,0.000390,0.000390,0.732338,0.178978,-0.595677,1.218908,-0.459534,1.554998,-0.416767,0.585508,1.356290,0.927766,0.684362,-0.566406,0.352282,0.000390,0.000390,0.353045,0.000390,0.000390,0.352282,0.000390,0.000390,-0.761569,0.188853,0.000390,-0.761569,0.188853,0.000390,-0.761561,0.188853,0.000390,0.414202,0.309486,0.699246,0.494886,-0.644608,-0.341236,0.200430,0.007957,-1.201277,0.799523,-0.501669,-0.188168,0.667862,0.124354,-1.102629,0.415008,-0.592689,0.249805,0.549832,-0.497499,1.014145,0.340832,0.188409,-0.402499,0.871877,0.074469,-0.558124,0.970165,-0.175907,0.211865,0.535413,-0.301580,-0.113075,0.830003,-0.498073,-0.364749,0.999395,-0.145878,-1.302439,0.467939,0.006652,-0.980195,0.770378,-0.161594,-0.671971,0.373850,-0.610044,-0.010020,0.253881,-1.203191,-0.233030,0.477353,-0.382933,-0.168150,0.493263,0.128706,-0.951204,0.663045,-0.031947,-0.435276,0.471933,-0.119608,0.552066,-1.022504,0.805031,-0.782266,-1.049718,0.786358,-0.307977,-0.867083,0.638522,-0.363242,-0.257657,0.539570,-0.792640,-0.000197,0.395508,0.241430,-0.686175,0.679032,0.957116,-0.143176,0.713911,-0.619061,0.434850,0.735774,0.208124,0.491643,0.722809,0.513304,-0.196548,0.721605,-0.654388,0.275385,0.751086,0.129852,0.298260,0.780124,1.015176,0.317645,0.797061,0.082907,0.018921,0.776349,-0.831898,0.160153,0.818375,-0.150818,0.028533,0.819007,-1.063725,-0.082036,0.808342,-0.721073,0.131514,0.871396,-0.612446,0.127500,0.881754,-0.955968,0.220218,0.846172,-0.987086,0.246490,0.821054,-0.920390,0.348055,-1.265280,1.734177,0.608833,-0.567849,1.849558,0.551674,0.438183,0.622466,0.573813,0.625136,1.101208,0.635108,-0.003408,0.027650,0.351376,1.128535,0.547580,0.651233,0.465862,0.530157,0.359189,0.768075,-0.004427,0.430383,0.845548,0.819458,0.714493,1.210526,-0.454302,0.224458,-1.042445,-0.401374,0.459798,-0.290773,-1.619666,0.572582,1.585758,1.742590,1.045651,1.579854,0.790024,0.752095,0.769886,1.095389,0.631361,1.541178,1.163128,0.313456,0.569164,1.352172,0.545127,-0.769003,0.239945,0.388086,0.150641,0.455332,0.460093,0.557724,-0.770443,0.530922,0.557785,-0.550010,0.658676,-0.147691,1.094631,0.358124,0.164603,-1.270855,0.352573,0.089696,-0.351168,0.773704,-0.337350,-1.080188,0.951036,1.083464,-0.650269,0.758155,0.422295,-0.301634,0.710197,0.166193,0.311235,0.522168,0.198963,0.773117,0.499857,0.321057,0.610199,0.419628,0.246907,0.346697,0.495088,0.204501,-0.178651,0.227420,0.664989,1.054914,0.490996,-0.145855,0.644237,0.528181,0.958656,-0.698280,0.499000,0.848382,-1.712649,0.696388,0.234002,-0.444226,0.644925,-0.414542,0.028425,0.685860,-0.356976,1.309192,0.740776,0.444386,0.129299,0.684917,-0.157357,0.428485,0.729035,-0.733080,-0.267489,0.802223,-0.316352,1.161225,0.353860,-0.325413,2.377929,0.758042,-0.223959,-1.222391,0.865382,-0.190173,0.113669,0.689225,0.556277,-2.044206,0.047321,0.072184,0.557470,0.685682,0.997134,-0.599525,0.748871,0.827269,1.212186,0.421234,0.628161,0.533370,0.453770,-0.866153,-1.752449,0.361648,0.105776,0.886043,0.759834,1.247719,0.668335,0.431380,-0.934954,-0.171718,0.808473,-0.382637,1.404577,0.572641,-0.694194,-1.606346,0.356255,0.062329,-1.649248,0.481526,-0.938704,-1.223951,0.750319,-1.158318,1.170323,0.562928,-1.088030,-1.091226,0.649413,0.343665,-1.871935,0.463629,1.128587,-2.397661,0.321972,0.465245,-1.820790,0.631953,-1.495269,0.280550,0.284899,0.658830,-0.048142,0.402576,1.024800,0.300003,0.707685,0.528709,0.054496,0.816777,-0.264733,0.032510,0.841822,0.731931,-0.149926
0.836382,-0.909286,0.918966,0.001690,1.259866,-0.555799,0.582029,1.383019,-1.729161,-0.360917,1.968341,-2.273688,-0.184692,0.894358,0.038280,0.425824,0.911985,-0.188955,0.772634,1.004520,-0.571715,1.529122,0.974743,0.282378,0.232054,0.919931,-0.290247,0.399835,0.798896,1.545183,-4.446354,-5.465142,-3.620340,-4.446362,-5.465159,0.000390,0.892388,-0.647952,-0.912268,1.840761,0.193004,-1.446227,1.840761,0.000390,0.000390,0.743837,0.070712,-0.126789,1.239520,-1.241023,0.916002,0.271139,0.557589,0.329816,0.932072,0.688305,-1.863802,1.840761,0.000390,0.000390,1.841522,0.000390,0.000390,1.840761,0.000390,0.000390,-4.446362,-5.465158,0.000390,-4.446362,-5.465158,0.000390,-4.446354,-5.465158,0.000390,-0.204385,0.844599,0.954852,0.077696,-0.549723,0.250190,0.849237,0.646900,-0.634942,0.444241,-0.325508,1.344670,0.607988,-0.191768,0.490511,0.374842,0.050535,-0.618415,0.227008,-0.316165,0.782001,0.606677,-0.016013,0.514072,0.308964,-0.470800,-0.673898,0.290805,-0.044517,1.314284,0.145494,-0.534160,-1.425328,0.227046,-0.318048,1.949400,0.410214,-0.340268,-0.193983,0.026772,0.130696,0.524447,0.736118,-0.041812,0.501387,0.327021,-0.466721,-0.883776,0.538054,-0.452334,-0.258279,-0.023646,-0.277955,0.244698,-0.350547,0.955711,-0.821341,0.615405,-0.473793,-1.205771,-0.396525,0.013766,-0.840416,-1.575152,1.881723,-0.782266,-1.173922,1.817244,-0.307977,-0.848471,1.802155,-0.363242,-0.553408,1.747499,-0.792640,0.098359,1.774788,0.241430,-1.307527,1.733515,0.957116,-0.897133,1.735093,-0.619061,-0.854767,1.799223,0.208124,-0.883476,1.901664,0.513304,-1.063193,1.757836,-0.654388,-0.652676,1.804373,0.129852,-0.682085,1.831770,1.015176,-0.769994,1.888491,0.082907,-1.275494,1.809052,-0.831898,-1.469544,1.813566,-0.150818,-1.722560,1.823221,-1.063725,-1.359194,1.930822,-0.721073,-1.323208,1.834044,-0.612446,-1.384063,1.818282,-0.955968,-1.525060,1.846012,-0.987086,-1.225105,1.917527,-0.920390,0.802102,-1.285132,1.234071,0.627730,-0.584906,1.379055,0.568707,0.418084,0.037047,0.592107,0.605961,1.146412,1.107435,-0.017135,0.215193,0.842938,1.115008,0.205803,0.665273,-0.042803,0.747163,0.715012,0.353156,-0.110932,0.768912,0.306495,1.059774,1.114148,0.432313,-0.291044,1.017890,-2.086997,0.732903,1.261933,-2.282851,0.913565,0.596041,0.412327,-0.350860,1.067623,0.383530,0.470285,0.777907,0.738327,2.001009,0.659694,0.048931,2.116498,0.339719,-0.933241,2.189706,0.564029,-0.803466,-1.136110,0.753911,0.122555,-0.356326,0.476773,-0.548895,-0.271865,0.547317,-0.402654,0.087457,0.674788,-0.172060,0.988595,0.968811,-0.769776,-0.512514,0.678415,-0.996634,-0.719535,0.791203,-0.363953,-0.259507,0.970397,0.243528,-1.165272,0.778964,-0.622376,1.403106,0.727655,-0.933938,-0.103136,0.890875,-0.736882,0.792349,0.838776,0.299829,-0.674876,0.761059,-0.667816,-0.422220,0.850156,0.182204,-0.535163,0.900556,0.642674,1.216389,0.819315,-0.170438,1.623267,0.868521,-0.013556,0.056438,0.841453,0.827418,-1.202795,1.073718,0.211753,-1.055945,0.969989,-0.426164,0.110737,0.705130,-0.370925,0.924252,0.759473,-0.612273,-1.488489,0.703709,-0.188691,1.098501,1.059909,-0.763160,0.742432,0.820809,-0.340617,1.598027,0.737867,-0.338550,1.327183,1.152405,-0.236520,-0.126066,0.883789,-0.213709,0.198454,1.099668,-1.577173,-0.284846,0.435600,-1.099339,-0.105520,0.701335,-0.223518,-0.715089,0.767182,0.805163,1.125110,0.748756,-0.574045,1.680998,0.777613,-0.893309,-0.753266,0.704087,0.080023,1.727568,0.777739,0.206525,1.739588,0.790529,-2.246975,-0.468183,0.826944,-0.403840,1.957752,0.901709,-1.966308,-0.898613,0.683223,-1.100946,-1.180280,0.802998,-0.961425,-0.941358,0.768006,-1.178278,1.647471,0.953653,-1.113759,-1.400531,0.664123,0.326028,-1.079017,0.785893,1.109643,-0.727171,0.663077,0.445821,-1.429927,0.957005,-1.521213,2.168017,0.940272,0.637311,-0.719009,0.722611,0.018792,1.081582,0.722077,0.503766,0.878840,0.834132,-0.890793,0.109324,0.860842,-0.034765,-0.279916
0.836382,-0.909286,0.918966,0.001690,1.259866,-0.555799,0.582029,1.383019,-1.729161,-0.360917,1.968341,-2.273688,-0.184692,0.894358,0.038280,0.425824,0.911985,-0.188955,0.772634,1.004520,-0.571715,1.529122,0.974743,0.282378,0.232054,0.919931,-0.290247,0.399835,0.798896,1.545183,-4.446354,-5.465142,-3.620340,-4.446362,-5.465159,0.000390,0.892388,-0.647952,-0.912268,1.840761,0.193004,-1.446227,1.840761,0.000390,0.000390,0.743837,0.070712,-0.126789,1.239520,-1.241023,0.916002,0.271139,0.557589,0.329816,0.932072,0.688305,-1.863802,1.840761,0.000390,0.000390,1.841522,0.000390,0.000390,1.840761,0.000390,0.000390,-4.446362,-5.465158,0.000390,-4.446362,-5.465158,0.000390,-4.446354,-5.465158,0.000390,-0.204385,0.844599,0.954852,0.077696,-0.549723,0.250190,0.849237,0.646900,-0.634942,0.444241,-0.325508,1.344670,0.607988,-0.191768,0.490511,0.374842,0.050535,-0.618415,0.227008,-0.316165,0.782001,0.606677,-0.016013,0.514072,0.308964,-0.470800,-0.673898,0.290805,-0.044517,1.314284,0.145494,-0.534160,-1.425328,0.227046,-0.318048,1.949400,0.410214,-0.340268,-0.193983,0.026772,0.130696,0.524447,0.736118,-0.041812,0.501387,0.327021,-0.466721,-0.883776,0.538054,-0.452334,-0.258279,-0.023646,-0.277955,0.244698,-0.350547,0.955711,-0.821341,0.615405,-0.473793,-1.205771,-0.396525,0.013766,-0.840416,-1.575152,1.881723,-0.782266,-1.173922,1.817244,-0.307977,-0.848471,1.802155,-0.363242,-0.553408,1.747499,-0.792640,0.098359,1.774788,0.241430,-1.307527,1.733515,0.957116,-0.897133,1.735093,-0.619061,-0.854767,1.799223,0.208124,-0.883476,1.901664,0.513304,-1.063193,1.757836,-0.654388,-0.652676,1.804373,0.129852,-0.682085,1.831770,1.015176,-0.769994,1.888491,0.082907,-1.275494,1.809052,-0.831898,-1.469544,1.813566,-0.150818,-1.722560,1.823221,-1.063725,-1.359194,1.930822,-0.721073,-1.323208,1.834044,-0.612446,-1.384063,1.818282,-0.955968,-1.525060,1.846012,-0.987086,-1.225105,1.917527,-0.920390,0.802102,-1.285132,1.234071,0.627730,-0.584906,1.379055,0.568707,0.418084,0.037047,0.592107,0.605961,1.146412,1.107435,-0.017135,0.215193,0.842938,1.115008,0.205803,0.665273,-0.042803,0.747163,0.715012,0.353156,-0.110932,0.768912,0.306495,1.059774,1.114148,0.432313,-0.291044,1.017890,-2.086997,0.732903,1.261933,-2.282851,0.913565,0.596041,0.412327,-0.350860,1.067623,0.383530,0.470285,0.777907,0.738327,2.001009,0.659694,0.048931,2.116498,0.339719,-0.933241,2.189706,0.564029,-0.803466,-1.136110,0.753911,0.122555,-0.356326,0.476773,-0.548895,-0.271865,0.547317,-0.402654,0.087457,0.674788,-0.172060,0.988595,0.968811,-0.769776,-0.512514,0.678415,-0.996634,-0.719535,0.791203,-0.363953,-0.259507,0.970397,0.243528,-1.165272,0.778964,-0.622376,1.403106,0.727655,-0.933938,-0.103136,0.890875,-0.736882,0.792349,0.838776,0.299829,-0.674876,0.761059,-0.667816,-0.422220,0.850156,0.182204,-0.535163,0.900556,0.642674,1.216389,0.819315,-0.170438,1.623267,0.868521,-0.013556,0.056438,0.841453,0.827418,-1.202795,1.073718,0.211753,-1.055945,0.969989,-0.426164,0.110737,0.705130,-0.370925,0.924252,0.759473,-0.612273,-1.488489,0.703709,-0.188691,1.098501,1.059909,-0.763160,0.742432,0.820809,-0.340617,1.598027,0.737867,-0.338550,1.327183,1.152405,-0.236520,-0.126066,0.883789,-0.213709,0.198454,1.099668,-1.577173,-0.284846,0.435600,-1.099339,-0.105520,0.701335,-0.223518,-0.715089,0.767182,0.805163,1.125110,0.748756,-0.574045,1.680998,0.777613,-0.893309,-0.753266,0.704087,0.080023,1.727568,0.777739,0.206525,1.739588,0.790529,-2.246975,-0.468183,0.826944,-0.403840,1.957752,0.901709,-1.966308,-0.898613,0.683223,-1.100946,-1.180280,0.802998,-0.961425,-0.941358,0.768006,-1.178278,1.647471,0.953653,-1.113759,-1.400531,0.664123,0.326028,-1.079017,0.785893,1.109643,-0.727171,0.663077,0.445821,-1.429927,0.957005,-1.521213,2.168017,0.940272,0.637311,-0.719009,0.722611,0.018792,1.081582,0.722077,0.503766,0.878840,0.834132,-0.890793,0.109324,0.860842,-0.034765,-0.279916
0.836382,-0.909286,0.918966,0.001690,1.259866,-0.555799,0.582029,1.383019,-1.729161,-0.360917,1.968341,-2.273688,-0.184692,0.894358,0.038280,0.425824,0.911985,-0.188955,0.772634,1.004520,-0.571715,1.529122,0.974743,0.282378,0.232054,0.919931,-0.290247,0.399835,0.798896,1.545183,-4.446354,-5.465142,-3.620340,-4.446362,-5.465159,0.000390,0.892388,-0.647952,-0.912268,1.840761,0.193004,-1.446227,1.840761,0.000390,0.000390,0.743837,0.070712,-0.126789,1.239520,-1.241023,0.916002,0.271139,0.557589,0.329816,0.932072,0.688305,-1.863802,1.840761,0.000390,0.000390,1.841522,0.000390,0.000390,1.840761,0.000390,0.000390,-4.446362,-5.465158,0.000390,-4.446362,-5.465158,0.000390,-4.446354,-5.465158,0.000390,-0.204385,0.844599,0.954852,0.077696,-0.549723,0.250190,0.849237,0.646900,-0.634942,0.444241,-0.325508,1.344670,0.607988,-0.191768,0.490511,0.374842,0.050535,-0.618415,0.227008,-0.316165,0.782001,0.606677,-0.016013,0.514072,0.308964,-0.470800,-0.673898,0.290805,-0.044517,1.314284,0.145494,-0.534160,-1.425328,0.227046,-0.318048,1.949400,0.410214,-0.340268,-0.193983,0.026772,0.130696,0.524447,0.736118,-0.041812,0.501387,0.327021,-0.466721,-0.883776,0.538054,-0.452334,-0.258279,-0.023646,-0.277955,0.244698,-0.350547,0.955711,-0.821341,0.615405,-0.473793,-1.205771,-0.396525,0.013766,-0.840416,-1.575152,1.881723,-0.782266,-1.173922,1.817244,-0.307977,-0.848471,1.802155,-0.363242,-0.553408,1.747499,-0.792640,0.098359,1.774788,0.241430,-1.307527,1.733515,0.957116,-0.897133,1.735093,-0.619061,-0.854767,1.799223,0.208124,-0.883476,1.901664,0.513304,-1.063193,1.757836,-0.654388,-0.652676,1.804373,0.129852,-0.682085,1.831770,1.015176,-0.769994,1.888491,0.082907,-1.275494,1.809052,-0.831898,-1.469544,1.813566,-0.150818,-1.722560,1.823221,-1.063725,-1.359194,1.930822,-0.721073,-1.323208,1.834044,-0.612446,-1.384063,1.818282,-0.955968,-1.525060,1.846012,-0.987086,-1.225105,1.917527,-0.920390,0.802102,-1.285132,1.234071,0.627730,-0.584906,1.379055,0.568707,0.418084,0.037047,0.592107,0.605961,1.146412,1.107435,-0.017135,0.215193,0.842938,1.115008,0.205803,0.665273,-0.042803,0.747163,0.715012,0.353156,-0.110932,0.768912,0.306495,1.059774,1.114148,0.432313,-0.291044,1.017890,-2.086997,0.732903,1.261933,-2.282851,0.913565,0.596041,0.412327,-0.350860,1.067623,0.383530,0.470285,0.777907,0.738327,2.001009,0.659694,0.048931,2.116498,0.339719,-0.933241,2.189706,0.564029,-0.803466,-1.136110,0.753911,0.122555,-0.356326,0.476773,-0.548895,-0.271865,0.547317,-0.402654,0.087457,0.674788,-0.172060,0.988595,0.968811,-0.769776,-0.512514,0.678415,-0.996634,-0.719535,0.791203,-0.363953,-0.259507,0.970397,0.243528,-1.165272,0.778964,-0.622376,1.403106,0.727655,-0.933938,-0.103136,0.890875,-0.736882,0.792349,0.838776,0.299829,-0.674876,0.761059,-0.667816,-0.422220,0.850156,0.182204,-0.535163,0.900556,0.642674,1.216389,0.819315,-0.170438,1.623267,0.868521,-0.013556,0.056438,0.841453,0.827418,-1.202795,1.073718,0.211753,-1.055945,0.969989,-0.426164,0.110737,0.705130,-0.370925,0.924252,0.759473,-0.612273,-1.488489,0.703709,-0.188691,1.098501,1.059909,-0.763160,0.742432,0.820809,-0.340617,1.598027,0.737867,-0.338550,1.327183,1.152405,-0.236520,-0.126066,0.883789,-0.213709,0.198454,1.099668,-1.577173,-0.284846,0.435600,-1.099339,-0.105520,0.701335,-0.223518,-0.715089,0.767182,0.805163,1.125110,0.748756,-0.574045,1.680998,0.777613,-0.893309,-0.753266,0.704087,0.080023,1.727568,0.777739,0.206525,1.739588,0.790529,-2.246975,-0.468183,0.826944,-0.403840,1.957752,0.901709,-1.966308,-0.898613,0.683223,-1.100946,-1.180280,0.802998,-0.961425,-0.941358,0.768006,-1.178278,1.647471,0.953653,-1.113759,-1.400531,0.664123,0.326028,-1.079017,0.785893,1.109643,-0.727171,0.663077,0.445821,-1.429927,0.957005,-1.521213,2.168017,0.940272,0.637311,-0.719009,0.722611,0.018792,1.081582,0.722077,0.503766,0.878840,0.834132,-0.890793,0.109324,0.860842,-0.034765,-0.279916
0.836382,-0.909286,0.918966,0.001690,1.259866,-0.555799,0.582029,1.383019,-1.729161,-0.360917,1.968341,-2.273688,-0.184692,0.894358,0.038280,0.425824,0.911985,-0.188955,0.772634,1.004520,-0.571715,1.529122,0.974743,0.282378,0.232054,0.919931,-0.290247,0.399835,0.798896,1.545183,-4.446354,-5.465142,-3.620340,-4.446362,-5.465159,0.000390,0.892388,-0.647952,-0.912268,1.840761,0.193004,-1.446227,1.840761,0.000390,0.000390,0.743837,0.070712,-0.126789,1.239520,-1.241023,0.916002,0.271139,0.557589,0.329816,0.932072,0.688305,-1.863802,1.840761,0.000390,0.000390,1.841522,0.000390,0.000390,1.840761,0.000390,0.000390,-4.446362,-5.465158,0.000390,-4.446362,-5.465158,0.000390,-4.446354,-5.465158,0.000390,-0.204385,0.844599,0.954852,0.077696,-0.549723,0.250190,0.849237,0.646900,-0.634942,0.444241,-0.325508,1.344670,0.607988,-0.191768,0.490511,0.374842,0.050535,-0.618415,0.227008,-0.316165,0.782001,0.606677,-0.016013,0.514072,0.308964,-0.470800,-0.673898,0.290805,-0.044517,1.314284,0.145494,-0.534160,-1.425328,0.227046,-0.318048,1.949400,0.410214,-0.340268,-0.193983,0.026772,0.130696,0.524447,0.736118,-0.041812,0.501387,0.327021,-0.466721,-0.883776,0.538054,-0.452334,-0.258279,-0.023646,-0.277955,0.244698,-0.350547,0.955711,-0.821341,0.615405,-0.473793,-1.205771,-0.396525,0.013766,-0.840416,-1.575152,1.881723,-0.782266,-1.173922,1.817244,-0.307977,-0.848471,1.802155,-0.363242,-0.553408,1.747499,-0.792640,0.098359,1.774788,0.241430,-1.307527,1.733515,0.957116,-0.897133,1.735093,-0.619061,-0.854767,1.799223,0.208124,-0.883476,1.901664,0.513304,-1.063193,1.757836,-0.654388,-0.652676,1.804373,0.129852,-0.682085,1.831770,1.015176,-0.769994,1.888491,0.082907,-1.275494,1.809052,-0.831898,-1.469544,1.813566,-0.150818,-1.722560,1.823221,-1.063725,-1.359194,1.930822,-0.721073,-1.323208,1.834044,-0.612446,-1.384063,1.818282,-0.955968,-1.525060,1.846012,-0.987086,-1.225105,1.917527,-0.920390,0.802102,-1.285132,1.234071,0.627730,-0.584906,1.379055,0.568707,0.418084,0.037047,0.592107,0.605961,1.146412,1.107435,-0.017135,0.215193,0.842938,1.115008,0.205803,0.665273,-0.042803,0.747163,0.715012,0.353156,-0.110932,0.768912,0.306495,1.059774,1.114148,0.432313,-0.291044,1.017890,-2.086997,0.732903,1.261933,-2.282851,0.913565,0.596041,0.412327,-0.350860,1.067623,0.383530,0.470285,0.777907,0.738327,2.001009,0.659694,0.048931,2.116498,0.339719,-0.933241,2.189706,0.564029,-0.803466,-1.136110,0.753911,0.122555,-0.356326,0.476773,-0.548895,-0.271865,0.547317,-0.402654,0.087457,0.674788,-0.172060,0.988595,0.968811,-0.769776,-0.512514,0.678415,-0.996634,-0.719535,0.791203,-0.363953,-0.259507,0.970397,0.243528,-1.165272,0.778964,-0.622376,1.403106,0.727655,-0.933938,-0.103136,0.890875,-0.736882,0.792349,0.838776,0.299829,-0.674876,0.761059,-0.667816,-0.422220,0.850156,0.182204,-0.535163,0.900556,0.642674,1.216389,0.819315,-0.170438,1.623267,0.868521,-0.013556,0.056438,0.841453,0.827418,-1.202795,1.073718,0.211753,-1.055945,0.969989,-0.426164,0.110737,0.705130,-0.370925,0.924252,0.759473,-0.612273,-1.488489,0.703709,-0.188691,1.098501,1.059909,-0.763160,0.742432,0.820809,-0.340617,1.598027,0.737867,-0.338550,1.327183,1.152405,-0.236520,-0.126066,0.883789,-0.213709,0.198454,1.099668,-1.577173,-0.284846,0.435600,-1.099339,-0.105520,0.701335,-0.223518,-0.715089,0.767182,0.805163,1.125110,0.748756,-0.574045,1.680998,0.777613,-0.893309,-0.753266,0.704087,0.080023,1.727568,0.777739,0.206525,1.739588,0.790529,-2.246975,-0.468183,0.826944,-0.403840,1.957752,0.901709,-1.966308,-0.898613,0.683223,-1.100946,-1.180280,0.802998,-0.961425,-0.941358,0.768006,-1.178278,1.647471,0.953653,-1.113759,-1.400531,0.664123,0.326028,-1.079017,0.785893,1.109643,-0.727171,0.663077,0.445821,-1.429927,0.957005,-1.521213,2.168017,0.940272,0.637311,-0.719009,0.722611,0.018792,1.081582,0.722077,0.503766,0.878840,0.834132,-0.890793,0.109324,0.860842,-0.034765,-0.279916
0.836382,-0.909286,0.918966,0.001690,1.259866,-0.555799,0.582029,1.383019,-1.729161,-0.360917,1.968341,-2.273688,-0.184692,0.894358,0.038280,0.425824,0.911985,-0.188955,0.772634,1.004520,-0.571715,1.529122,0.974743,0.282378,0.232054,0.919931,-0.290247,0.399835,0.798896,1.545183,-4.446354,-5.465142,-3.620340,-4.446362,-5.465159,0.000390,0.892388,-0.647952,-0.912268,1.840761,0.193004,-1.446227,1.840761,0.000390,0.000390,0.743837,0.070712,-0.126789,1.239520,-1.241023,0.916002,0.271139,0.557589,0.329816,0.932072,0.688305,-1.863802,1.840761,0.000390,0.000390,1.841522,0.000390,0.000390,1.840761,0.000390,0.000390,-4.446362,-5.465158,0.000390,-4.446362,-5.465158,0.000390,-4.446354,-5.465158,0.000390,-0.204385,0.844599,0.954852,0.077696,-0.549723,0.250190,0.849237,0.646900,-0.634942,0.444241,-0.325508,1.344670,0.607988,-0.191768,0.490511,0.374842,0.050535,-0.618415,0.227008,-0.316165,0.782001,0.606677,-0.016013,0.514072,0.308964,-0.470800,-0.673898,0.290805,-0.044517,1.314284,0.145494,-0.534160,-1.425328,0.227046,-0.318048,1.949400,0.410214,-0.340268,-0.193983,0.026772,0.130696,0.524447,0.736118,-0.041812,0.501387,0.327021,-0.466721,-0.883776,0.538054,-0.452334,-0.258279,-0.023646,-0.277955,0.244698,-0.350547,0.955711,-0.821341,0.615405,-0.473793,-1.205771,-0.396525,0.013766,-0.840416,-1.575152,1.881723,-0.782266,-1.173922,1.817244,-0.307977,-0.848471,1.802155,-0.363242,-0.553408,1.747499,-0.792640,0.098359,1.774788,0.241430,-1.307527,1.733515,0.957116,-0.897133,1.735093,-0.619061,-0.854767,1.799223,0.208124,-0.883476,1.901664,0.513304,-1.063193,1.757836,-0.654388,-0.652676,1.804373,0.129852,-0.682085,1.831770,1.015176,-0.769994,1.888491,0.082907,-1.275494,1.809052,-0.831898,-1.469544,1.813566,-0.150818,-1.722560,1.823221,-1.063725,-1.359194,1.930822,-0.721073,-1.323208,1.834044,-0.612446,-1.384063,1.818282,-0.955968,-1.525060,1.846012,-0.987086,-1.225105,1.917527,-0.920390,0.802102,-1.285132,1.234071,0.627730,-0.584906,1.379055,0.568707,0.418084,0.037047,0.592107,0.605961,1.146412,1.107435,-0.017135,0.215193,0.842938,1.115008,0.205803,0.665273,-0.042803,0.747163,0.715012,0.353156,-0.110932,0.768912,0.306495,1.059774,1.114148,0.432313,-0.291044,1.017890,-2.086997,0.732903,1.261933,-2.282851,0.913565,0.596041,0.412327,-0.350860,1.067623,0.383530,0.470285,0.777907,0.738327,2.001009,0.659694,0.048931,2.116498,0.339719,-0.933241,2.189706,0.564029,-0.803466,-1.136110,0.753911,0.122555,-0.356326,0.476773,-0.548895,-0.271865,0.547317,-0.402654,0.087457,0.674788,-0.172060,0.988595,0.968811,-0.769776,-0.512514,0.678415,-0.996634,-0.719535,0.791203,-0.363953,-0.259507,0.970397,0.243528,-1.165272,0.778964,-0.622376,1.403106,0.727655,-0.933938,-0.103136,0.890875,-0.736882,0.792349,0.838776,0.299829,-0.674876,0.761059,-0.667816,-0.422220,0.850156,0.182204,-0.535163,0.900556,0.642674,1.216389,0.819315,-0.170438,1.623267,0.868521,-0.013556,0.056438,0.841453,0.827418,-1.202795,1.073718,0.211753,-1.055945,0.969989,-0.426164,0.110737,0.705130,-0.370925,0.924252,0.759473,-0.612273,-1.488489,0.703709,-0.188691,1.098501,1.059909,-0.763160,0.742432,0.820809,-0.340617,1.598027,0.737867,-0.338550,1.327183,1.152405,-0.236520,-0.126066,0.883789,-0.213709,0.198454,1.099668,-1.577173,-0.284846,0.435600,-1.099339,-0.105520,0.701335,-0.223518,-0.715089,0.767182,0.805163,1.125110,0.748756,-0.574045,1.680998,0.777613,-0.893309,-0.753266,0.704087,0.080023,1.727568,0.777739,0.206525,1.739588,0.790529,-2.246975,-0.468183,0.826944,-0.403840,1.957752,0.901709,-1.966308,-0.898613,0.683223,-1.100946,-1.180280,0.802998,-0.961425,-0.941358,0.768006,-1.178278,1.647471,0.953653,-1.113759,-1.400531,0.664123,0.326028,-1.079017,0.785893,1.109643,-0.727171,0.663077,0.445821,-1.429927,0.957005,-1.521213,2.168017,0.940272,0.637311,-0.719009,0.722611,0.018792,1.081582,0.722077,0.503766,0.878840,0.834132,-0.890793,0.109324,0.860842,-0.034765,-0.279916
0.857553,-0.913385,1.246313,0.025048,0.263118,0.454936,2.253430,1.387342,-2.442419,-0.293428,1.955483,-1.384032,-0.181274,2.037618,-3.025218,0.353352,-1.680147,0.862727,-1.422539,-0.812543,-0.797001,-0.071553,-0.576765,-0.374273,0.414323,-2.191532,-2.814131,0.422203,-2.885276,-2.598514,1.649188,0.188787,0.250994,1.649181,0.188854,0.000390,0.877557,-1.682725,-2.070547,0.514870,0.193004,0.349142,0.514870,0.000390,0.000390,1.491094,0.105762,-0.202469,1.242414,-1.137015,1.001850,1.170583,0.527044,1.129086,0.922764,-1.174370,-0.876165,0.514870,0.000390,0.000390,0.515632,0.000390,0.000390,0.514870,0.000390,0.000390,1.649181,0.188853,0.000390,1.649181,0.188853,0.000390,1.649188,0.188853,0.000390,-0.043257,-0.625049,1.440943,-0.169196,0.858073,-1.109592,0.238373,0.145694,2.536839,-0.356203,0.836542,0.485617,-0.209989,-0.188090,-0.491806,0.117680,0.065168,1.245232,0.311207,0.607228,0.312759,0.075445,-0.389421,1.368447,-0.649231,-0.832553,1.557340,-0.596244,-0.492560,-2.302656,0.247584,-0.142717,0.272901,-0.535712,-1.113648,-1.536451,-0.592695,-1.093099,-1.625596,-0.674242,0.147475,0.918258,-0.316853,-0.361252,1.175486,-0.277453,-0.464204,-0.147207,-0.384299,-0.760724,-1.838642,-1.743948,1.006121,0.345881,-0.637017,-0.801360,-0.825278,-0.393806,-0.745699,0.123234,-0.679727,-1.289144,-0.486305,-1.571850,2.475234,-1.650524,-1.086844,2.556422,-1.773582,-0.961739,2.602077,-1.761802,-1.076083,2.604142,-1.963994,-0.825812,2.624970,-1.349759,-2.443132,2.507534,0.182226,-2.332419,2.509792,-1.472296,-2.267324,2.524872,-0.701468,-2.280407,2.561788,-0.906584,-2.455172,2.458565,-1.318069,-1.899631,2.472816,-1.288853,-1.800588,2.465936,-0.309118,-1.928644,2.470642,0.772067,-2.519588,2.437290,-1.823153,-2.473047,2.439722,-1.220412,-2.555556,2.474869,-1.376082,-2.496496,2.538008,-0.774005,-2.532002,2.416768,-2.041475,-2.423105,2.443360,-1.980717,-2.485831,2.491776,-2.068976,-2.289407,2.548620,-2.235693,1.365042,-0.947329,-0.396811,1.191375,-0.601411,-0.111806,1.078969,-0.003696,0.589433,1.086085,-0.193494,0.196615,0.685564,0.545293,0.934170,0.776246,-0.105796,1.164384,1.118823,1.060597,0.814313,1.086063,0.379407,1.039298,0.981026,0.313082,0.439198,1.192556,-0.284211,1.242660,1.329695,0.214685,0.760343,1.070409,0.202223,-0.055577,1.183274,-0.855763,0.763476,1.155617,-0.437637,1.670701,0.873049,-1.131228,0.381242,0.764128,-1.212934,0.478746,0.444896,-1.588469,0.358929,1.419456,-2.213653,1.337927,1.048421,-0.809928,0.852748,1.063912,-0.299365,0.924506,1.014700,-0.186086,1.229232,0.688525,-0.057867,2.129416,1.708911,-0.559084,1.430507,1.678770,-0.587010,0.765570,1.450752,0.022840,1.083392,1.212337,0.475350,-0.133006,0.966886,-0.511214,-0.288886,1.356562,-1.189843,-0.585136,1.147051,-0.247372,-0.446242,1.385960,-0.346998,-0.836301,1.306491,-0.608983,-0.777772,1.173466,-0.119473,0.797595,1.168282,-0.679247,-0.059294,1.332529,-0.510808,-0.004051,1.355514,-0.282590,0.753884,1.285691,-0.442388,0.373183,0.966104,-0.186504,0.059965,0.828645,-0.562609,0.831556,1.252236,-0.534693,0.203214,1.219260,-0.023659,-0.348815,1.237250,-0.753268,0.615770,0.910517,-1.305140,0.193430,1.312158,-0.642572,-0.102106,1.159844,-0.425219,-0.571204,1.125078,-0.319389,1.235571,1.161551,-0.490044,0.915920,1.071227,-0.885310,0.629333,1.218443,-1.491323,-0.830882,1.110530,-0.176224,0.777867,1.163784,-0.013736,-0.462922,1.305297,-0.097590,-0.544172,1.283828,0.907392,0.542258,1.199906,-0.658682,-0.164108,1.257224,-0.508159,0.368220,1.178787,0.401084,-0.790807,1.321584,-0.418862,-0.386428,1.059088,0.427116,0.479069,1.194323,-0.053455,0.813295,1.047743,0.116214,0.101864,1.151095,-0.195632,0.003587,1.007698,0.292002,-0.208751,1.210194,-0.422466,0.151490,1.289642,-0.604708,0.324005,1.156962,-0.378524,0.255390,1.026290,-0.054672,-1.172682,1.106156,-0.259860,0.439555,1.222873,-0.809296,0.909457,0.961448,-0.536125,0.645494,1.001508,-1.090006,-0.176451,1.257429,-0.226421,-0.333545
0.857553,-0.913385,1.246313,0.025048,0.263118,0.454936,2.253430,1.387342,-2.442419,-0.293428,1.955483,-1.384032,-0.181274,2.037618,-3.025218,0.353352,-1.680147,0.862727,-1.422539,-0.812543,-0.797001,-0.071553,-0.576765,-0.374273,0.414323,-2.191532,-2.814131,0.422203,-2.885276,-2.598514,1.649188,0.188787,0.250994,1.649181,0.188854,0.000390,0.877557,-1.682725,-2.070547,0.514870,0.193004,0.349142,0.514870,0.000390,0.000390,1.491094,0.105762,-0.202469,1.242414,-1.137015,1.001850,1.170583,0.527044,1.129086,0.922764,-1.174370,-0.876165,0.514870,0.000390,0.000390,0.515632,0.000390,0.000390,0.514870,0.000390,0.000390,1.649181,0.188853,0.000390,1.649181,0.188853,0.000390,1.649188,0.188853,0.000390,-0.043257,-0.625049,1.440943,-0.169196,0.858073,-1.109592,0.238373,0.145694,2.536839,-0.356203,0.836542,0.485617,-0.209989,-0.188090,-0.491806,0.117680,0.065168,1.245232,0.311207,0.607228,0.312759,0.075445,-0.389421,1.368447,-0.649231,-0.832553,1.557340,-0.596244,-0.492560,-2.302656,0.247584,-0.142717,0.272901,-0.535712,-1.113648,-1.536451,-0.592695,-1.093099,-1.625596,-0.674242,0.147475,0.918258,-0.316853,-0.361252,1.175486,-0.277453,-0.464204,-0.147207,-0.384299,-0.760724,-1.838642,-1.743948,1.006121,0.345881,-0.637017,-0.801360,-0.825278,-0.393806,-0.745699,0.123234,-0.679727,-1.289144,-0.486305,-1.571850,2.475234,-1.650524,-1.086844,2.556422,-1.773582,-0.961739,2.602077,-1.761802,-1.076083,2.604142,-1.963994,-0.825812,2.624970,-1.349759,-2.443132,2.507534,0.182226,-2.332419,2.509792,-1.472296,-2.267324,2.524872,-0.701468,-2.280407,2.561788,-0.906584,-2.455172,2.458565,-1.318069,-1.899631,2.472816,-1.288853,-1.800588,2.465936,-0.309118,-1.928644,2.470642,0.772067,-2.519588,2.437290,-1.823153,-2.473047,2.439722,-1.220412,-2.555556,2.474869,-1.376082,-2.496496,2.538008,-0.774005,-2.532002,2.416768,-2.041475,-2.423105,2.443360,-1.980717,-2.485831,2.491776,-2.068976,-2.289407,2.548620,-2.235693,1.365042,-0.947329,-0.396811,1.191375,-0.601411,-0.111806,1.078969,-0.003696,0.589433,1.086085,-0.193494,0.196615,0.685564,0.545293,0.934170,0.776246,-0.105796,1.164384,1.118823,1.060597,0.814313,1.086063,0.379407,1.039298,0.981026,0.313082,0.439198,1.192556,-0.284211,1.242660,1.329695,0.214685,0.760343,1.070409,0.202223,-0.055577,1.183274,-0.855763,0.763476,1.155617,-0.437637,1.670701,0.873049,-1.131228,0.381242,0.764128,-1.212934,0.478746,0.444896,-1.588469,0.358929,1.419456,-2.213653,1.337927,1.048421,-0.809928,0.852748,1.063912,-0.299365,0.924506,1.014700,-0.186086,1.229232,0.688525,-0.057867,2.129416,1.708911,-0.559084,1.430507,1.678770,-0.587010,0.765570,1.450752,0.022840,1.083392,1.212337,0.475350,-0.133006,0.966886,-0.511214,-0.288886,1.356562,-1.189843,-0.585136,1.147051,-0.247372,-0.446242,1.385960,-0.346998,-0.836301,1.306491,-0.608983,-0.777772,1.173466,-0.119473,0.797595,1.168282,-0.679247,-0.059294,1.332529,-0.510808,-0.004051,1.355514,-0.282590,0.753884,1.285691,-0.442388,0.373183,0.966104,-0.186504,0.059965,0.828645,-0.562609,0.831556,1.252236,-0.534693,0.203214,1.219260,-0.023659,-0.348815,1.237250,-0.753268,0.615770,0.910517,-1.305140,0.193430,1.312158,-0.642572,-0.102106,1.159844,-0.425219,-0.571204,1.125078,-0.319389,1.235571,1.161551,-0.490044,0.915920,1.071227,-0.885310,0.629333,1.218443,-1.491323,-0.830882,1.110530,-0.176224,0.777867,1.163784,-0.013736,-0.462922,1.305297,-0.097590,-0.544172,1.283828,0.907392,0.542258,1.199906,-0.658682,-0.164108,1.257224,-0.508159,0.368220,1.178787,0.401084,-0.790807,1.321584,-0.418862,-0.386428,1.059088,0.427116,0.479069,1.194323,-0.053455,0.813295,1.047743,0.116214,0.101864,1.151095,-0.195632,0.003587,1.007698,0.292002,-0.208751,1.210194,-0.422466,0.151490,1.289642,-0.604708,0.324005,1.156962,-0.378524,0.255390,1.026290,-0.054672,-1.172682,1.106156,-0.259860,0.439555,1.222873,-0.809296,0.909457,0.961448,-0.536125,0.645494,1.001508,-1.090006,-0.176451,1.257429,-0.226421,-0.333545
0.857553,-0.913385,1.246313,0.025048,0.263118,0.454936,2.253430,1.387342,-2.442419,-0.293428,1.955483,-1.384032,-0.181274,2.037618,-3.025218,0.353352,-1.680147,0.862727,-1.422539,-0.812543,-0.797001,-0.071553,-0.576765,-0.374273,0.414323,-2.191532,-2.814131,0.422203,-2.885276,-2.598514,1.649188,0.188787,0.250994,1.649181,0.188854,0.000390,0.877557,-1.682725,-2.070547,0.514870,0.193004,0.349142,0.514870,0.000390,0.000390,1.491094,0.105762,-0.202469,1.242414,-1.137015,1.001850,1.170583,0.527044,1.129086,0.922764,-1.174370,-0.876165,0.514870,0.000390,0.000390,0.515632,0.000390,0.000390,0.514870,0.000390,0.000390,1.649181,0.188853,0.000390,1.649181,0.188853,0.000390,1.649188,0.188853,0.000390,-0.043257,-0.625049,1.440943,-0.169196,0.858073,-1.109592,0.238373,0.145694,2.536839,-0.356203,0.836542,0.485617,-0.209989,-0.188090,-0.491806,0.117680,0.065168,1.245232,0.311207,0.607228,0.312759,0.075445,-0.389421,1.368447,-0.649231,-0.832553,1.557340,-0.596244,-0.492560,-2.302656,0.247584,-0.142717,0.272901,-0.535712,-1.113648,-1.536451,-0.592695,-1.093099,-1.625596,-0.674242,0.147475,0.918258,-0.316853,-0.361252,1.175486,-0.277453,-0.464204,-0.147207,-0.384299,-0.760724,-1.838642,-1.743948,1.006121,0.345881,-0.637017,-0.801360,-0.825278,-0.393806,-0.745699,0.123234,-0.679727,-1.289144,-0.486305,-1.571850,2.475234,-1.650524,-1.086844,2.556422,-1.773582,-0.961739,2.602077,-1.761802,-1.076083,2.604142,-1.963994,-0.825812,2.624970,-1.349759,-2.443132,2.507534,0.182226,-2.332419,2.509792,-1.472296,-2.267324,2.524872,-0.701468,-2.280407,2.561788,-0.906584,-2.455172,2.458565,-1.318069,-1.899631,2.472816,-1.288853,-1.800588,2.465936,-0.309118,-1.928644,2.470642,0.772067,-2.519588,2.437290,-1.823153,-2.473047,2.439722,-1.220412,-2.555556,2.474869,-1.376082,-2.496496,2.538008,-0.774005,-2.532002,2.416768,-2.041475,-2.423105,2.443360,-1.980717,-2.485831,2.491776,-2.068976,-2.289407,2.548620,-2.235693,1.365042,-0.947329,-0.396811,1.191375,-0.601411,-0.111806,1.078969,-0.003696,0.589433,1.086085,-0.193494,0.196615,0.685564,0.545293,0.934170,0.776246,-0.105796,1.164384,1.118823,1.060597,0.814313,1.086063,0.379407,1.039298,0.981026,0.313082,0.439198,1.192556,-0.284211,1.242660,1.329695,0.214685,0.760343,1.070409,0.202223,-0.055577,1.183274,-0.855763,0.763476,1.155617,-0.437637,1.670701,0.873049,-1.131228,0.381242,0.764128,-1.212934,0.478746,0.444896,-1.588469,0.358929,1.419456,-2.213653,1.337927,1.048421,-0.809928,0.852748,1.063912,-0.299365,0.924506,1.014700,-0.186086,1.229232,0.688525,-0.057867,2.129416,1.708911,-0.559084,1.430507,1.678770,-0.587010,0.765570,1.450752,0.022840,1.083392,1.212337,0.475350,-0.133006,0.966886,-0.511214,-0.288886,1.356562,-1.189843,-0.585136,1.147051,-0.247372,-0.446242,1.385960,-0.346998,-0.836301,1.306491,-0.608983,-0.777772,1.173466,-0.119473,0.797595,1.168282,-0.679247,-0.059294,1.332529,-0.510808,-0.004051,1.355514,-0.282590,0.753884,1.285691,-0.442388,0.373183,0.966104,-0.186504,0.059965,0.828645,-0.562609,0.831556,1.252236,-0.534693,0.203214,1.219260,-0.023659,-0.348815,1.237250,-0.753268,0.615770,0.910517,-1.305140,0.193430,1.312158,-0.642572,-0.102106,1.159844,-0.425219,-0.571204,1.125078,-0.319389,1.235571,1.161551,-0.490044,0.915920,1.071227,-0.885310,0.629333,1.218443,-1.491323,-0.830882,1.110530,-0.176224,0.777867,1.163784,-0.013736,-0.462922,1.305297,-0.097590,-0.544172,1.283828,0.907392,0.542258,1.199906,-0.658682,-0.164108,1.257224,-0.508159,0.368220,1.178787,0.401084,-0.790807,1.321584,-0.418862,-0.386428,1.059088,0.427116,0.479069,1.194323,-0.053455,0.813295,1.047743,0.116214,0.101864,1.151095,-0.195632,0.003587,1.007698,0.292002,-0.208751,1.210194,-0.422466,0.151490,1.289642,-0.604708,0.324005,1.156962,-0.378524,0.255390,1.026290,-0.054672,-1.172682,1.106156,-0.259860,0.439555,1.222873,-0.809296,0.909457,0.961448,-0.536125,0.645494,1.001508,-1.090006,-0.176451,1.257429,-0.226421,-0.333545
0.857553,-0.913385,1.246313,0.025048,0.263118,0.454936,2.253430,1.387342,-2.442419,-0.293428,1.955483,-1.384032,-0.181274,2.037618,-3.025218,0.353352,-1.680147,0.862727,-1.422539,-0.812543,-0.797001,-0.071553,-0.576765,-0.374273,0.414323,-2.191532,-2.814131,0.422203,-2.885276,-2.598514,1.649188,0.188787,0.250994,1.649181,0.188854,0.000390,0.877557,-1.682725,-2.070547,0.514870,0.193004,0.349142,0.514870,0.000390,0.000390,1.491094,0.105762,-0.202469,1.242414,-1.137015,1.001850,1.170583,0.527044,1.129086,0.922764,-1.174370,-0.876165,0.514870,0.000390,0.000390,0.515632,0.000390,0.000390,0.514870,0.000390,0.000390,1.649181,0.188853,0.000390,1.649181,0.188853,0.000390,1.649188,0.188853,0.000390,-0.043257,-0.625049,1.440943,-0.169196,0.858073,-1.109592,0.238373,0.145694,2.536839,-0.356203,0.836542,0.485617,-0.209989,-0.188090,-0.491806,0.117680,0.065168,1.245232,0.311207,0.607228,0.312759,0.075445,-0.389421,1.368447,-0.649231,-0.832553,1.557340,-0.596244,-0.492560,-2.302656,0.247584,-0.142717,0.272901,-0.535712,-1.113648,-1.536451,-0.592695,-1.093099,-1.625596,-0.674242,0.147475,0.918258,-0.316853,-0.361252,1.175486,-0.277453,-0.464204,-0.147207,-0.384299,-0.760724,-1.838642,-1.743948,1.006121,0.345881,-0.637017,-0.801360,-0.825278,-0.393806,-0.745699,0.123234,-0.679727,-1.289144,-0.486305,-1.571850,2.475234,-1.650524,-1.086844,2.556422,-1.773582,-0.961739,2.602077,-1.761802,-1.076083,2.604142,-1.963994,-0.825812,2.624970,-1.349759,-2.443132,2.507534,0.182226,-2.332419,2.509792,-1.472296,-2.267324,2.524872,-0.701468,-2.280407,2.561788,-0.906584,-2.455172,2.458565,-1.318069,-1.899631,2.472816,-1.288853,-1.800588,2.465936,-0.309118,-1.928644,2.470642,0.772067,-2.519588,2.437290,-1.823153,-2.473047,2.439722,-1.220412,-2.555556,2.474869,-1.376082,-2.496496,2.538008,-0.774005,-2.532002,2.416768,-2.041475,-2.423105,2.443360,-1.980717,-2.485831,2.491776,-2.068976,-2.289407,2.548620,-2.235693,1.365042,-0.947329,-0.396811,1.191375,-0.601411,-0.111806,1.078969,-0.003696,0.589433,1.086085,-0.193494,0.196615,0.685564,0.545293,0.934170,0.776246,-0.105796,1.164384,1.118823,1.060597,0.814313,1.086063,0.379407,1.039298,0.981026,0.313082,0.439198,1.192556,-0.284211,1.242660,1.329695,0.214685,0.760343,1.070409,0.202223,-0.055577,1.183274,-0.855763,0.763476,1.155617,-0.437637,1.670701,0.873049,-1.131228,0.381242,0.764128,-1.212934,0.478746,0.444896,-1.588469,0.358929,1.419456,-2.213653,1.337927,1.048421,-0.809928,0.852748,1.063912,-0.299365,0.924506,1.014700,-0.186086,1.229232,0.688525,-0.057867,2.129416,1.708911,-0.559084,1.430507,1.678770,-0.587010,0.765570,1.450752,0.022840,1.083392,1.212337,0.475350,-0.133006,0.966886,-0.511214,-0.288886,1.356562,-1.189843,-0.585136,1.147051,-0.247372,-0.446242,1.385960,-0.346998,-0.836301,1.306491,-0.608983,-0.777772,1.173466,-0.119473,0.797595,1.168282,-0.679247,-0.059294,1.332529,-0.510808,-0.004051,1.355514,-0.282590,0.753884,1.285691,-0.442388,0.373183,0.966104,-0.186504,0.059965,0.828645,-0.562609,0.831556,1.252236,-0.534693,0.203214,1.219260,-0.023659,-0.348815,1.237250,-0.753268,0.615770,0.910517,-1.305140,0.193430,1.312158,-0.642572,-0.102106,1.159844,-0.425219,-0.571204,1.125078,-0.319389,1.235571,1.161551,-0.490044,0.915920,1.071227,-0.885310,0.629333,1.218443,-1.491323,-0.830882,1.110530,-0.176224,0.777867,1.163784,-0.013736,-0.462922,1.305297,-0.097590,-0.544172,1.283828,0.907392,0.542258,1.199906,-0.658682,-0.164108,1.257224,-0.508159,0.368220,1.178787,0.401084,-0.790807,1.321584,-0.418862,-0.386428,1.059088,0.427116,0.479069,1.194323,-0.053455,0.813295,1.047743,0.116214,0.101864,1.151095,-0.195632,0.003587,1.007698,0.292002,-0.208751,1.210194,-0.422466,0.151490,1.289642,-0.604708,0.324005,1.156962,-0.378524,0.255390,1.026290,-0.054672,-1.172682,1.106156,-0.259860,0.439555,1.222873,-0.809296,0.909457,0.961448,-0.536125,0.645494,1.001508,-1.090006,-0.176451,1.257429,-0.226421,-0.333545
0.857553,-0.913385,1.246313,0.025048,0.263118,0.454936,2.253430,1.387342,-2.442419,-0.293428,1.955483,-1.384032,-0.181274,2.037618,-3.025218,0.353352,-1.680147,0.862727,-1.422539,-0.812543,-0.797001,-0.071553,-0.576765,-0.374273,0.414323,-2.191532,-2.814131,0.422203,-2.885276,-2.598514,1.649188,0.188787,0.250994,1.649181,0.188854,0.000390,0.877557,-1.682725,-2.070547,0.514870,0.193004,0.349142,0.514870,0.000390,0.000390,1.491094,0.105762,-0.202469,1.242414,-1.137015,1.001850,1.170583,0.527044,1.129086,0.922764,-1.174370,-0.876165,0.514870,0.000390,0.000390,0.515632,0.000390,0.000390,0.514870,0.000390,0.000390,1.649181,0.188853,0.000390,1.649181,0.188853,0.000390,1.649188,0.188853,0.000390,-0.043257,-0.625049,1.440943,-0.169196,0.858073,-1.109592,0.238373,0.145694,2.536839,-0.356203,0.836542,0.485617,-0.209989,-0.188090,-0.491806,0.117680,0.065168,1.245232,0.311207,0.607228,0.312759,0.075445,-0.389421,1.368447,-0.649231,-0.832553,1.557340,-0.596244,-0.492560,-2.302656,0.247584,-0.142717,0.272901,-0.535712,-1.113648,-1.536451,-0.592695,-1.093099,-1.625596,-0.674242,0.147475,0.918258,-0.316853,-0.361252,1.175486,-0.277453,-0.464204,-0.147207,-0.384299,-0.760724,-1.838642,-1.743948,1.006121,0.345881,-0.637017,-0.801360,-0.825278,-0.393806,-0.745699,0.123234,-0.679727,-1.289144,-0.486305,-1.571850,2.475234,-1.650524,-1.086844,2.556422,-1.773582,-0.961739,2.602077,-1.761802,-1.076083,2.604142,-1.963994,-0.825812,2.624970,-1.349759,-2.443132,2.507534,0.182226,-2.332419,2.509792,-1.472296,-2.267324,2.524872,-0.701468,-2.280407,2.561788,-0.906584,-2.455172,2.458565,-1.318069,-1.899631,2.472816,-1.288853,-1.800588,2.465936,-0.309118,-1.928644,2.470642,0.772067,-2.519588,2.437290,-1.823153,-2.473047,2.439722,-1.220412,-2.555556,2.474869,-1.376082,-2.496496,2.538008,-0.774005,-2.532002,2.416768,-2.041475,-2.423105,2.443360,-1.980717,-2.485831,2.491776,-2.068976,-2.289407,2.548620,-2.235693,1.365042,-0.947329,-0.396811,1.191375,-0.601411,-0.111806,1.078969,-0.003696,0.589433,1.086085,-0.193494,0.196615,0.685564,0.545293,0.934170,0.776246,-0.105796,1.164384,1.118823,1.060597,0.814313,1.086063,0.379407,1.039298,0.981026,0.313082,0.439198,1.192556,-0.284211,1.242660,1.329695,0.214685,0.760343,1.070409,0.202223,-0.055577,1.183274,-0.855763,0.763476,1.155617,-0.437637,1.670701,0.873049,-1.131228,0.381242,0.764128,-1.212934,0.478746,0.444896,-1.588469,0.358929,1.419456,-2.213653,1.337927,1.048421,-0.809928,0.852748,1.063912,-0.299365,0.924506,1.014700,-0.186086,1.229232,0.688525,-0.057867,2.129416,1.708911,-0.559084,1.430507,1.678770,-0.587010,0.765570,1.450752,0.022840,1.083392,1.212337,0.475350,-0.133006,0.966886,-0.511214,-0.288886,1.356562,-1.189843,-0.585136,1.147051,-0.247372,-0.446242,1.385960,-0.346998,-0.836301,1.306491,-0.608983,-0.777772,1.173466,-0.119473,0.797595,1.168282,-0.679247,-0.059294,1.332529,-0.510808,-0.004051,1.355514,-0.282590,0.753884,1.285691,-0.442388,0.373183,0.966104,-0.186504,0.059965,0.828645,-0.562609,0.831556,1.252236,-0.534693,0.203214,1.219260,-0.023659,-0.348815,1.237250,-0.753268,0.615770,0.910517,-1.305140,0.193430,1.312158,-0.642572,-0.102106,1.159844,-0.425219,-0.571204,1.125078,-0.319389,1.235571,1.161551,-0.490044,0.915920,1.071227,-0.885310,0.629333,1.218443,-1.491323,-0.830882,1.110530,-0.176224,0.777867,1.163784,-0.013736,-0.462922,1.305297,-0.097590,-0.544172,1.283828,0.907392,0.542258,1.199906,-0.658682,-0.164108,1.257224,-0.508159,0.368220,1.178787,0.401084,-0.790807,1.321584,-0.418862,-0.386428,1.059088,0.427116,0.479069,1.194323,-0.053455,0.813295,1.047743,0.116214,0.101864,1.151095,-0.195632,0.003587,1.007698,0.292002,-0.208751,1.210194,-0.422466,0.151490,1.289642,-0.604708,0.324005,1.156962,-0.378524,0.255390,1.026290,-0.054672,-1.172682,1.106156,-0.259860,0.439555,1.222873,-0.809296,0.909457,0.961448,-0.536125,0.645494,1.001508,-1.090006,-0.176451,1.257429,-0.226421,-0.333545
0.857553,-0.913385,1.246313,0.025048,0.263118,0.454936,2.253430,1.387342,-2.442419,-0.293428,1.955483,-1.384032,-0.181274,2.037618,-3.025218,0.353352,-1.680147,0.862727,-1.422539,-0.812543,-0.797001,-0.071553,-0.576765,-0.374273,0.414323,-2.191532,-2.814131,0.422203,-2.885276,-2.598514,1.649188,0.188787,0.250994,1.649181,0.188854,0.000390,0.877557,-1.682725,-2.070547,0.514870,0.193004,0.349142,0.514870,0.000390,0.000390,1.491094,0.105762,-0.202469,1.242414,-1.137015,1.001850,1.170583,0.527044,1.129086,0.922764,-1.174370,-0.876165,0.514870,0.000390,0.000390,0.515632,0.000390,0.000390,0.514870,0.000390,0.000390,1.649181,0.188853,0.000390,1.649181,0.188853,0.000390,1.649188,0.188853,0.000390,-0.043257,-0.625049,1.440943,-0.169196,0.858073,-1.109592,0.238373,0.145694,2.536839,-0.356203,0.836542,0.485617,-0.209989,-0.188090,-0.491806,0.117680,0.065168,1.245232,0.311207,0.607228,0.312759,0.075445,-0.389421,1.368447,-0.649231,-0.832553,1.557340,-0.596244,-0.492560,-2.302656,0.247584,-0.142717,0.272901,-0.535712,-1.113648,-1.536451,-0.592695,-1.093099,-1.625596,-0.674242,0.147475,0.918258,-0.316853,-0.361252,1.175486,-0.277453,-0.464204,-0.147207,-0.384299,-0.760724,-1.838642,-1.743948,1.006121,0.345881,-0.637017,-0.801360,-0.825278,-0.393806,-0.745699,0.123234,-0.679727,-1.289144,-0.486305,-1.571850,2.475234,-1.650524,-1.086844,2.556422,-1.773582,-0.961739,2.602077,-1.761802,-1.076083,2.604142,-1.963994,-0.825812,2.624970,-1.349759,-2.443132,2.507534,0.182226,-2.332419,2.509792,-1.472296,-2.267324,2.524872,-0.701468,-2.280407,2.561788,-0.906584,-2.455172,2.458565,-1.318069,-1.899631,2.472816,-1.288853,-1.800588,2.465936,-0.309118,-1.928644,2.470642,0.772067,-2.519588,2.437290,-1.823153,-2.473047,2.439722,-1.220412,-2.555556,2.474869,-1.376082,-2.496496,2.538008,-0.774005,-2.532002,2.416768,-2.041475,-2.423105,2.443360,-1.980717,-2.485831,2.491776,-2.068976,-2.289407,2.548620,-2.235693,1.365042,-0.947329,-0.396811,1.191375,-0.601411,-0.111806,1.078969,-0.003696,0.589433,1.086085,-0.193494,0.196615,0.685564,0.545293,0.934170,0.776246,-0.105796,1.164384,1.118823,1.060597,0.814313,1.086063,0.379407,1.039298,0.981026,0.313082,0.439198,1.192556,-0.284211,1.242660,1.329695,0.214685,0.760343,1.070409,0.202223,-0.055577,1.183274,-0.855763,0.763476,1.155617,-0.437637,1.670701,0.873049,-1.131228,0.381242,0.764128,-1.212934,0.478746,0.444896,-1.588469,0.358929,1.419456,-2.213653,1.337927,1.048421,-0.809928,0.852748,1.063912,-0.299365,0.924506,1.014700,-0.186086,1.229232,0.688525,-0.057867,2.129416,1.708911,-0.559084,1.430507,1.678770,-0.587010,0.765570,1.450752,0.022840,1.083392,1.212337,0.475350,-0.133006,0.966886,-0.511214,-0.288886,1.356562,-1.189843,-0.585136,1.147051,-0.247372,-0.446242,1.385960,-0.346998,-0.836301,1.306491,-0.608983,-0.777772,1.173466,-0.119473,0.797595,1.168282,-0.679247,-0.059294,1.332529,-0.510808,-0.004051,1.355514,-0.282590,0.753884,1.285691,-0.442388,0.373183,0.966104,-0.186504,0.059965,0.828645,-0.562609,0.831556,1.252236,-0.534693,0.203214,1.219260,-0.023659,-0.348815,1.237250,-0.753268,0.615770,0.910517,-1.305140,0.193430,1.312158,-0.642572,-0.102106,1.159844,-0.425219,-0.571204,1.125078,-0.319389,1.235571,1.161551,-0.490044,0.915920,1.071227,-0.885310,0.629333,1.218443,-1.491323,-0.830882,1.110530,-0.176224,0.777867,1.163784,-0.013736,-0.462922,1.305297,-0.097590,-0.544172,1.283828,0.907392,0.542258,1.199906,-0.658682,-0.164108,1.257224,-0.508159,0.368220,1.178787,0.401084,-0.790807,1.321584,-0.418862,-0.386428,1.059088,0.427116,0.479069,1.194323,-0.053455,0.813295,1.047743,0.116214,0.101864,1.151095,-0.195632,0.003587,1.007698,0.292002,-0.208751,1.210194,-0.422466,0.151490,1.289642,-0.604708,0.324005,1.156962,-0.378524,0.255390,1.026290,-0.054672,-1.172682,1.106156,-0.259860,0.439555,1.222873,-0.809296,0.909457,0.961448,-0.536125,0.645494,1.001508,-1.090006,-0.176451,1.257429,-0.226421,-0.333545
0.859990,1.127345,0.857828,2.600087,3.252989,0.908298,2.250529,4.089794,-2.489231,2.162909,-0.077889,-1.371850,-0.341133,3.851158,-3.784914,0.381156,0.923476,-0.473580,-1.418021,-0.819525,-2.627846,-0.084619,-0.576765,-0.207095,-0.212786,0.925890,-2.124804,0.226865,0.795392,-1.638412,0.445952,0.188787,-0.180591,0.445945,0.188854,0.000390,0.855091,0.367205,-1.200411,-0.310282,0.193004,-0.627990,-0.310282,0.000390,0.000390,1.497874,0.162491,-0.368836,1.249008,1.051918,-0.633718,0.941281,0.507272,1.497230,0.930524,-1.116934,-0.320883,-0.310282,0.000390,0.000390,-0.309518,0.000390,0.000390,-0.310282,0.000390,0.000390,0.445945,0.188853,0.000390,0.445945,0.188853,0.000390,0.445952,0.188853,0.000390,-0.067187,-1.127145,-1.393340,-0.894093,-0.509807,-1.136707,-0.138980,-0.374661,2.254941,-0.666988,0.840742,0.170226,-0.527582,-1.191461,-0.131466,-0.259982,0.569513,0.581085,-0.570524,0.610589,-1.085417,-0.874495,-0.386693,0.558761,-0.660954,-0.470800,1.306595,-0.936754,0.895407,-0.123804,-1.190993,-0.139878,-1.482233,-0.830190,-0.712941,-1.305684,-0.876298,-1.090359,-0.725661,-1.100207,0.606779,1.139823,-0.721561,-0.358901,0.868373,-1.002008,-0.461687,-1.428869,-1.083114,-0.756250,-1.946990,-1.763879,1.006121,-0.005999,-1.861892,-0.092858,-0.881913,-0.410140,-1.291538,0.513932,-1.504872,-1.286760,0.135399,-1.568504,3.068795,-2.518733,-0.999728,3.295711,-3.239050,-1.074980,3.402006,-3.160253,-1.598729,3.460871,-3.135249,-1.749952,3.475231,-2.940882,-3.578727,3.281651,-0.592563,-3.767686,3.284523,-2.325516,-3.679867,3.250538,-1.611044,-3.677298,3.221947,-2.326406,-3.847105,3.159349,-1.981640,-3.146574,3.141330,-2.707362,-2.919079,3.100143,-1.633217,-3.087285,3.052820,1.461336,-3.763637,3.065543,-2.814299,-3.476547,3.065928,-2.289952,-3.388526,3.126548,-1.688415,-3.633798,3.145250,-0.826894,-3.740765,2.999552,-3.470479,-3.462112,3.068451,-3.005363,-3.446567,3.137605,-3.150744,-3.353699,3.179795,-3.550918,1.046840,-0.037672,1.324172,1.307477,-0.277609,2.082987,1.191362,0.749146,0.234442,1.242477,0.878827,0.066458,1.345003,-0.581894,0.300499,0.607543,1.262752,0.604583,0.802571,0.036690,0.738089,0.509096,1.222525,0.295393,0.875086,1.432280,1.135660,1.594261,2.061145,0.566291,1.098766,-0.893556,0.792090,1.715801,-1.096487,1.021546,1.103256,1.848969,0.225125,1.529200,1.913244,0.623945,1.319031,1.268902,2.234435,1.253668,2.122972,1.968383,1.382200,1.240334,1.900602,1.214551,-1.420916,0.869484,1.626572,0.725140,-1.791822,1.389554,0.078700,1.087503,1.056931,0.142038,0.795318,1.145253,1.235310,0.506615,1.655375,0.667763,0.591832,1.692224,0.698398,-0.256287,1.552516,1.168475,0.527187,1.411844,0.725575,-0.742553,1.237125,0.967873,2.114830,1.215342,0.688855,-0.845813,1.361511,0.617034,-0.073755,1.592453,1.618250,-1.830978,1.519562,0.597282,-0.840800,1.652403,1.637718,-0.501858,1.343877,2.046773,1.353367,1.546488,1.376396,1.863503,1.292213,1.284467,0.089795,1.261193,2.195880,-1.378999,1.605065,-0.261835,-2.943185,1.730893,0.278981,-0.182593,1.294616,0.475426,-0.642133,1.313005,0.921986,-1.588803,1.278579,1.684167,1.618369,1.517403,1.034740,1.743893,1.300531,1.131247,1.275415,1.197514,0.443149,0.122974,1.610952,0.510905,0.210972,1.675857,1.214379,0.165619,1.576912,0.002349,0.716844,1.636189,0.611103,-0.666381,1.511129,1.295602,-0.517071,1.301872,2.289225,0.723449,1.169974,0.983200,2.249313,1.494871,0.879131,-0.395044,1.456895,1.767118,1.897745,1.601028,2.556070,1.465017,0.878136,0.681249,-0.911957,1.304558,1.034902,1.422210,1.310928,0.847588,-0.869387,1.407402,1.469654,-0.960617,1.216436,1.683160,-1.038687,1.284478,0.120734,0.853739,1.846355,0.581392,-1.641611,1.383352,2.404433,-0.182599,1.499656,2.317586,-0.341278,1.412950,2.734847,-0.858524,1.348475,0.197066,0.483284,1.357933,2.009486,-0.286725,1.431433,2.269993,0.965211,1.425760,2.094225,1.650143,1.380077,-0.584156,2.348334,1.707311,-0.398402,-0.727253
0.859990,1.127345,0.857828,2.600087,3.252989,0.908298,2.250529,4.089794,-2.489231,2.162909,-0.077889,-1.371850,-0.341133,3.851158,-3.784914,0.381156,0.923476,-0.473580,-1.418021,-0.819525,-2.627846,-0.084619,-0.576765,-0.207095,-0.212786,0.925890,-2.124804,0.226865,0.795392,-1.638412,0.445952,0.188787,-0.180591,0.445945,0.188854,0.000390,0.855091,0.367205,-1.200411,-0.310282,0.193004,-0.627990,-0.310282,0.000390,0.000390,1.497874,0.162491,-0.368836,1.249008,1.051918,-0.633718,0.941281,0.507272,1.497230,0.930524,-1.116934,-0.320883,-0.310282,0.000390,0.000390,-0.309518,0.000390,0.000390,-0.310282,0.000390,0.000390,0.445945,0.188853,0.000390,0.445945,0.188853,0.000390,0.445952,0.188853,0.000390,-0.067187,-1.127145,-1.393340,-0.894093,-0.509807,-1.136707,-0.138980,-0.374661,2.254941,-0.666988,0.840742,0.170226,-0.527582,-1.191461,-0.131466,-0.259982,0.569513,0.581085,-0.570524,0.610589,-1.085417,-0.874495,-0.386693,0.558761,-0.660954,-0.470800,1.306595,-0.936754,0.895407,-0.123804,-1.190993,-0.139878,-1.482233,-0.830190,-0.712941,-1.305684,-0.876298,-1.090359,-0.725661,-1.100207,0.606779,1.139823,-0.721561,-0.358901,0.868373,-1.002008,-0.461687,-1.428869,-1.083114,-0.756250,-1.946990,-1.763879,1.006121,-0.005999,-1.861892,-0.092858,-0.881913,-0.410140,-1.291538,0.513932,-1.504872,-1.286760,0.135399,-1.568504,3.068795,-2.518733,-0.999728,3.295711,-3.239050,-1.074980,3.402006,-3.160253,-1.598729,3.460871,-3.135249,-1.749952,3.475231,-2.940882,-3.578727,3.281651,-0.592563,-3.767686,3.284523,-2.325516,-3.679867,3.250538,-1.611044,-3.677298,3.221947,-2.326406,-3.847105,3.159349,-1.981640,-3.146574,3.141330,-2.707362,-2.919079,3.100143,-1.633217,-3.087285,3.052820,1.461336,-3.763637,3.065543,-2.814299,-3.476547,3.065928,-2.289952,-3.388526,3.126548,-1.688415,-3.633798,3.145250,-0.826894,-3.740765,2.999552,-3.470479,-3.462112,3.068451,-3.005363,-3.446567,3.137605,-3.150744,-3.353699,3.179795,-3.550918,1.046840,-0.037672,1.324172,1.307477,-0.277609,2.082987,1.191362,0.749146,0.234442,1.242477,0.878827,0.066458,1.345003,-0.581894,0.300499,0.607543,1.262752,0.604583,0.802571,0.036690,0.738089,0.509096,1.222525,0.295393,0.875086,1.432280,1.135660,1.594261,2.061145,0.566291,1.098766,-0.893556,0.792090,1.715801,-1.096487,1.021546,1.103256,1.848969,0.225125,1.529200,1.913244,0.623945,1.319031,1.268902,2.234435,1.253668,2.122972,1.968383,1.382200,1.240334,1.900602,1.214551,-1.420916,0.869484,1.626572,0.725140,-1.791822,1.389554,0.078700,1.087503,1.056931,0.142038,0.795318,1.145253,1.235310,0.506615,1.655375,0.667763,0.591832,1.692224,0.698398,-0.256287,1.552516,1.168475,0.527187,1.411844,0.725575,-0.742553,1.237125,0.967873,2.114830,1.215342,0.688855,-0.845813,1.361511,0.617034,-0.073755,1.592453,1.618250,-1.830978,1.519562,0.597282,-0.840800,1.652403,1.637718,-0.501858,1.343877,2.046773,1.353367,1.546488,1.376396,1.863503,1.292213,1.284467,0.089795,1.261193,2.195880,-1.378999,1.605065,-0.261835,-2.943185,1.730893,0.278981,-0.182593,1.294616,0.475426,-0.642133,1.313005,0.921986,-1.588803,1.278579,1.684167,1.618369,1.517403,1.034740,1.743893,1.300531,1.131247,1.275415,1.197514,0.443149,0.122974,1.610952,0.510905,0.210972,1.675857,1.214379,0.165619,1.576912,0.002349,0.716844,1.636189,0.611103,-0.666381,1.511129,1.295602,-0.517071,1.301872,2.289225,0.723449,1.169974,0.983200,2.249313,1.494871,0.879131,-0.395044,1.456895,1.767118,1.897745,1.601028,2.556070,1.465017,0.878136,0.681249,-0.911957,1.304558,1.034902,1.422210,1.310928,0.847588,-0.869387,1.407402,1.469654,-0.960617,1.216436,1.683160,-1.038687,1.284478,0.120734,0.853739,1.846355,0.581392,-1.641611,1.383352,2.404433,-0.182599,1.499656,2.317586,-0.341278,1.412950,2.734847,-0.858524,1.348475,0.197066,0.483284,1.357933,2.009486,-0.286725,1.431433,2.269993,0.965211,1.425760,2.094225,1.650143,1.380077,-0.584156,2.348334,1.707311,-0.398402,-0.727253
0.859990,1.127345,0.857828,2.600087,3.252989,0.908298,2.250529,4.089794,-2.489231,2.162909,-0.077889,-1.371850,-0.341133,3.851158,-3.784914,0.381156,0.923476,-0.473580,-1.418021,-0.819525,-2.627846,-0.084619,-0.576765,-0.207095,-0.212786,0.925890,-2.124804,0.226865,0.795392,-1.638412,0.445952,0.188787,-0.180591,0.445945,0.188854,0.000390,0.855091,0.367205,-1.200411,-0.310282,0.193004,-0.627990,-0.310282,0.000390,0.000390,1.497874,0.162491,-0.368836,1.249008,1.051918,-0.633718,0.941281,0.507272,1.497230,0.930524,-1.116934,-0.320883,-0.310282,0.000390,0.000390,-0.309518,0.000390,0.000390,-0.310282,0.000390,0.000390,0.445945,0.188853,0.000390,0.445945,0.188853,0.000390,0.445952,0.188853,0.000390,-0.067187,-1.127145,-1.393340,-0.894093,-0.509807,-1.136707,-0.138980,-0.374661,2.254941,-0.666988,0.840742,0.170226,-0.527582,-1.191461,-0.131466,-0.259982,0.569513,0.581085,-0.570524,0.610589,-1.085417,-0.874495,-0.386693,0.558761,-0.660954,-0.470800,1.306595,-0.936754,0.895407,-0.123804,-1.190993,-0.139878,-1.482233,-0.830190,-0.712941,-1.305684,-0.876298,-1.090359,-0.725661,-1.100207,0.606779,1.139823,-0.721561,-0.358901,0.868373,-1.002008,-0.461687,-1.428869,-1.083114,-0.756250,-1.946990,-1.763879,1.006121,-0.005999,-1.861892,-0.092858,-0.881913,-0.410140,-1.291538,0.513932,-1.504872,-1.286760,0.135399,-1.568504,3.068795,-2.518733,-0.999728,3.295711,-3.239050,-1.074980,3.402006,-3.160253,-1.598729,3.460871,-3.135249,-1.749952,3.475231,-2.940882,-3.578727,3.281651,-0.592563,-3.767686,3.284523,-2.325516,-3.679867,3.250538,-1.611044,-3.677298,3.221947,-2.326406,-3.847105,3.159349,-1.981640,-3.146574,3.141330,-2.707362,-2.919079,3.100143,-1.633217,-3.087285,3.052820,1.461336,-3.763637,3.065543,-2.814299,-3.476547,3.065928,-2.289952,-3.388526,3.126548,-1.688415,-3.633798,3.145250,-0.826894,-3.740765,2.999552,-3.470479,-3.462112,3.068451,-3.005363,-3.446567,3.137605,-3.150744,-3.353699,3.179795,-3.550918,1.046840,-0.037672,1.324172,1.307477,-0.277609,2.082987,1.191362,0.749146,0.234442,1.242477,0.878827,0.066458,1.345003,-0.581894,0.300499,0.607543,1.262752,0.604583,0.802571,0.036690,0.738089,0.509096,1.222525,0.295393,0.875086,1.432280,1.135660,1.594261,2.061145,0.566291,1.098766,-0.893556,0.792090,1.715801,-1.096487,1.021546,1.103256,1.848969,0.225125,1.529200,1.913244,0.623945,1.319031,1.268902,2.234435,1.253668,2.122972,1.968383,1.382200,1.240334,1.900602,1.214551,-1.420916,0.869484,1.626572,0.725140,-1.791822,1.389554,0.078700,1.087503,1.056931,0.142038,0.795318,1.145253,1.235310,0.506615,1.655375,0.667763,0.591832,1.692224,0.698398,-0.256287,1.552516,1.168475,0.527187,1.411844,0.725575,-0.742553,1.237125,0.967873,2.114830,1.215342,0.688855,-0.845813,1.361511,0.617034,-0.073755,1.592453,1.618250,-1.830978,1.519562,0.597282,-0.840800,1.652403,1.637718,-0.501858,1.343877,2.046773,1.353367,1.546488,1.376396,1.863503,1.292213,1.284467,0.089795,1.261193,2.195880,-1.378999,1.605065,-0.261835,-2.943185,1.730893,0.278981,-0.182593,1.294616,0.475426,-0.642133,1.313005,0.921986,-1.588803,1.278579,1.684167,1.618369,1.517403,1.034740,1.743893,1.300531,1.131247,1.275415,1.197514,0.443149,0.122974,1.610952,0.510905,0.210972,1.675857,1.214379,0.165619,1.576912,0.002349,0.716844,1.636189,0.611103,-0.666381,1.511129,1.295602,-0.517071,1.301872,2.289225,0.723449,1.169974,0.983200,2.249313,1.494871,0.879131,-0.395044,1.456895,1.767118,1.897745,1.601028,2.556070,1.465017,0.878136,0.681249,-0.911957,1.304558,1.034902,1.422210,1.310928,0.847588,-0.869387,1.407402,1.469654,-0.960617,1.216436,1.683160,-1.038687,1.284478,0.120734,0.853739,1.846355,0.581392,-1.641611,1.383352,2.404433,-0.182599,1.499656,2.317586,-0.341278,1.412950,2.734847,-0.858524,1.348475,0.197066,0.483284,1.357933,2.009486,-0.286725,1.431433,2.269993,0.965211,1.425760,2.094225,1.650143,1.380077,-0.584156,2.348334,1.707311,-0.398402,-0.727253
0.859990,1.127345,0.857828,2.600087,3.252989,0.908298,2.250529,4.089794,-2.489231,2.162909,-0.077889,-1.371850,-0.341133,3.851158,-3.784914,0.381156,0.923476,-0.473580,-1.418021,-0.819525,-2.627846,-0.084619,-0.576765,-0.207095,-0.212786,0.925890,-2.124804,0.226865,0.795392,-1.638412,0.445952,0.188787,-0.180591,0.445945,0.188854,0.000390,0.855091,0.367205,-1.200411,-0.310282,0.193004,-0.627990,-0.310282,0.000390,0.000390,1.497874,0.162491,-0.368836,1.249008,1.051918,-0.633718,0.941281,0.507272,1.497230,0.930524,-1.116934,-0.320883,-0.310282,0.000390,0.000390,-0.309518,0.000390,0.000390,-0.310282,0.000390,0.000390,0.445945,0.188853,0.000390,0.445945,0.188853,0.000390,0.445952,0.188853,0.000390,-0.067187,-1.127145,-1.393340,-0.894093,-0.509807,-1.136707,-0.138980,-0.374661,2.254941,-0.666988,0.840742,0.170226,-0.527582,-1.191461,-0.131466,-0.259982,0.569513,0.581085,-0.570524,0.610589,-1.085417,-0.874495,-0.386693,0.558761,-0.660954,-0.470800,1.306595,-0.936754,0.895407,-0.123804,-1.190993,-0.139878,-1.482233,-0.830190,-0.712941,-1.305684,-0.876298,-1.090359,-0.725661,-1.100207,0.606779,1.139823,-0.721561,-0.358901,0.868373,-1.002008,-0.461687,-1.428869,-1.083114,-0.756250,-1.946990,-1.763879,1.006121,-0.005999,-1.861892,-0.092858,-0.881913,-0.410140,-1.291538,0.513932,-1.504872,-1.286760,0.135399,-1.568504,3.068795,-2.518733,-0.999728,3.295711,-3.239050,-1.074980,3.402006,-3.160253,-1.598729,3.460871,-3.135249,-1.749952,3.475231,-2.940882,-3.578727,3.281651,-0.592563,-3.767686,3.284523,-2.325516,-3.679867,3.250538,-1.611044,-3.677298,3.221947,-2.326406,-3.847105,3.159349,-1.981640,-3.146574,3.141330,-2.707362,-2.919079,3.100143,-1.633217,-3.087285,3.052820,1.461336,-3.763637,3.065543,-2.814299,-3.476547,3.065928,-2.289952,-3.388526,3.126548,-1.688415,-3.633798,3.145250,-0.826894,-3.740765,2.999552,-3.470479,-3.462112,3.068451,-3.005363,-3.446567,3.137605,-3.150744,-3.353699,3.179795,-3.550918,1.046840,-0.037672,1.324172,1.307477,-0.277609,2.082987,1.191362,0.749146,0.234442,1.242477,0.878827,0.066458,1.345003,-0.581894,0.300499,0.607543,1.262752,0.604583,0.802571,0.036690,0.738089,0.509096,1.222525,0.295393,0.875086,1.432280,1.135660,1.594261,2.061145,0.566291,1.098766,-0.893556,0.792090,1.715801,-1.096487,1.021546,1.103256,1.848969,0.225125,1.529200,1.913244,0.623945,1.319031,1.268902,2.234435,1.253668,2.122972,1.968383,1.382200,1.240334,1.900602,1.214551,-1.420916,0.869484,1.626572,0.725140,-1.791822,1.389554,0.078700,1.087503,1.056931,0.142038,0.795318,1.145253,1.235310,0.506615,1.655375,0.667763,0.591832,1.692224,0.698398,-0.256287,1.552516,1.168475,0.527187,1.411844,0.725575,-0.742553,1.237125,0.967873,2.114830,1.215342,0.688855,-0.845813,1.361511,0.617034,-0.073755,1.592453,1.618250,-1.830978,1.519562,0.597282,-0.840800,1.652403,1.637718,-0.501858,1.343877,2.046773,1.353367,1.546488,1.376396,1.863503,1.292213,1.284467,0.089795,1.261193,2.195880,-1.378999,1.605065,-0.261835,-2.943185,1.730893,0.278981,-0.182593,1.294616,0.475426,-0.642133,1.313005,0.921986,-1.588803,1.278579,1.684167,1.618369,1.517403,1.034740,1.743893,1.300531,1.131247,1.275415,1.197514,0.443149,0.122974,1.610952,0.510905,0.210972,1.675857,1.214379,0.165619,1.576912,0.002349,0.716844,1.636189,0.611103,-0.666381,1.511129,1.295602,-0.517071,1.301872,2.289225,0.723449,1.169974,0.983200,2.249313,1.494871,0.879131,-0.395044,1.456895,1.767118,1.897745,1.601028,2.556070,1.465017,0.878136,0.681249,-0.911957,1.304558,1.034902,1.422210,1.310928,0.847588,-0.869387,1.407402,1.469654,-0.960617,1.216436,1.683160,-1.038687,1.284478,0.120734,0.853739,1.846355,0.581392,-1.641611,1.383352,2.404433,-0.182599,1.499656,2.317586,-0.341278,1.412950,2.734847,-0.858524,1.348475,0.197066,0.483284,1.357933,2.009486,-0.286725,1.431433,2.269993,0.965211,1.425760,2.094225,1.650143,1.380077,-0.584156,2.348334,1.707311,-0.398402,-0.727253
0.859990,1.127345,0.857828,2.600087,3.252989,0.908298,2.250529,4.089794,-2.489231,2.162909,-0.077889,-1.371850,-0.341133,3.851158,-3.784914,0.381156,0.923476,-0.473580,-1.418021,-0.819525,-2.627846,-0.084619,-0.576765,-0.207095,-0.212786,0.925890,-2.124804,0.226865,0.795392,-1.638412,0.445952,0.188787,-0.180591,0.445945,0.188854,0.000390,0.855091,0.367205,-1.200411,-0.310282,0.193004,-0.627990,-0.310282,0.000390,0.000390,1.497874,0.162491,-0.368836,1.249008,1.051918,-0.633718,0.941281,0.507272,1.497230,0.930524,-1.116934,-0.320883,-0.310282,0.000390,0.000390,-0.309518,0.000390,0.000390,-0.310282,0.000390,0.000390,0.445945,0.188853,0.000390,0.445945,0.188853,0.000390,0.445952,0.188853,0.000390,-0.067187,-1.127145,-1.393340,-0.894093,-0.509807,-1.136707,-0.138980,-0.374661,2.254941,-0.666988,0.840742,0.170226,-0.527582,-1.191461,-0.131466,-0.259982,0.569513,0.581085,-0.570524,0.610589,-1.085417,-0.874495,-0.386693,0.558761,-0.660954,-0.470800,1.306595,-0.936754,0.895407,-0.123804,-1.190993,-0.139878,-1.482233,-0.830190,-0.712941,-1.305684,-0.876298,-1.090359,-0.725661,-1.100207,0.606779,1.139823,-0.721561,-0.358901,0.868373,-1.002008,-0.461687,-1.428869,-1.083114,-0.756250,-1.946990,-1.763879,1.006121,-0.005999,-1.861892,-0.092858,-0.881913,-0.410140,-1.291538,0.513932,-1.504872,-1.286760,0.135399,-1.568504,3.068795,-2.518733,-0.999728,3.295711,-3.239050,-1.074980,3.402006,-3.160253,-1.598729,3.460871,-3.135249,-1.749952,3.475231,-2.940882,-3.578727,3.281651,-0.592563,-3.767686,3.284523,-2.325516,-3.679867,3.250538,-1.611044,-3.677298,3.221947,-2.326406,-3.847105,3.159349,-1.981640,-3.146574,3.141330,-2.707362,-2.919079,3.100143,-1.633217,-3.087285,3.052820,1.461336,-3.763637,3.065543,-2.814299,-3.476547,3.065928,-2.289952,-3.388526,3.126548,-1.688415,-3.633798,3.145250,-0.826894,-3.740765,2.999552,-3.470479,-3.462112,3.068451,-3.005363,-3.446567,3.137605,-3.150744,-3.353699,3.179795,-3.550918,1.046840,-0.037672,1.324172,1.307477,-0.277609,2.082987,1.191362,0.749146,0.234442,1.242477,0.878827,0.066458,1.345003,-0.581894,0.300499,0.607543,1.262752,0.604583,0.802571,0.036690,0.738089,0.509096,1.222525,0.295393,0.875086,1.432280,1.135660,1.594261,2.061145,0.566291,1.098766,-0.893556,0.792090,1.715801,-1.096487,1.021546,1.103256,1.848969,0.225125,1.529200,1.913244,0.623945,1.319031,1.268902,2.234435,1.253668,2.122972,1.968383,1.382200,1.240334,1.900602,1.214551,-1.420916,0.869484,1.626572,0.725140,-1.791822,1.389554,0.078700,1.087503,1.056931,0.142038,0.795318,1.145253,1.235310,0.506615,1.655375,0.667763,0.591832,1.692224,0.698398,-0.256287,1.552516,1.168475,0.527187,1.411844,0.725575,-0.742553,1.237125,0.967873,2.114830,1.215342,0.688855,-0.845813,1.361511,0.617034,-0.073755,1.592453,1.618250,-1.830978,1.519562,0.597282,-0.840800,1.652403,1.637718,-0.501858,1.343877,2.046773,1.353367,1.546488,1.376396,1.863503,1.292213,1.284467,0.089795,1.261193,2.195880,-1.378999,1.605065,-0.261835,-2.943185,1.730893,0.278981,-0.182593,1.294616,0.475426,-0.642133,1.313005,0.921986,-1.588803,1.278579,1.684167,1.618369,1.517403,1.034740,1.743893,1.300531,1.131247,1.275415,1.197514,0.443149,0.122974,1.610952,0.510905,0.210972,1.675857,1.214379,0.165619,1.576912,0.002349,0.716844,1.636189,0.611103,-0.666381,1.511129,1.295602,-0.517071,1.301872,2.289225,0.723449,1.169974,0.983200,2.249313,1.494871,0.879131,-0.395044,1.456895,1.767118,1.897745,1.601028,2.556070,1.465017,0.878136,0.681249,-0.911957,1.304558,1.034902,1.422210,1.310928,0.847588,-0.869387,1.407402,1.469654,-0.960617,1.216436,1.683160,-1.038687,1.284478,0.120734,0.853739,1.846355,0.581392,-1.641611,1.383352,2.404433,-0.182599,1.499656,2.317586,-0.341278,1.412950,2.734847,-0.858524,1.348475,0.197066,0.483284,1.357933,2.009486,-0.286725,1.431433,2.269993,0.965211,1.425760,2.094225,1.650143,1.380077,-0.584156,2.348334,1.707311,-0.398402,-0.727253
0.845567,1.188329,0.395057,2.614602,3.248392,1.343404,0.642939,4.096879,-2.247645,6.259740,1.291838,-0.229810,-1.409842,3.995557,-1.457837,0.396046,-0.363476,0.040999,-1.437749,-0.728844,-2.648352,-1.634546,0.891136,1.638273,12.096730,-4.535563,-1.761957,3.448478,-5.624338,-4.443128,0.436446,0.188955,0.225382,0.436439,0.188854,0.000390,0.867523,-5.784571,-1.965267,1.503372,0.193004,1.463582,1.503372,0.000390,0.000390,1.489915,0.302693,-0.983924,1.249008,1.343585,-0.726346,1.170583,0.520353,1.276655,0.950531,-1.133100,1.215684,1.503372,0.000390,0.000390,1.504134,0.000390,0.000390,1.503372,0.000390,0.000390,0.436439,0.188853,0.000390,0.436439,0.188853,0.000390,0.436446,0.188853,0.000390,-1.078650,-2.758074,-2.589599,-0.577840,-3.080842,-2.953839,-0.958553,-2.104104,0.026553,-1.040736,-0.753365,-0.945944,-0.601440,-1.393580,-1.889098,-1.257691,-0.358785,3.119938,-0.793707,0.049823,2.234752,-1.178160,-1.125358,2.833395,-0.955195,-1.469533,1.628568,-1.461840,-0.431943,-2.587355,-1.431020,-0.613592,-0.047197,-1.379000,-1.897657,-3.150734,-0.912936,-1.752828,-4.690322,-2.160075,-0.751037,-0.062396,-1.748741,-1.458047,1.000413,-1.672454,-1.542977,-1.233628,-1.457084,-1.339505,-2.227849,-2.508260,-0.296494,-0.617312,-2.138947,-1.357865,-1.546847,-1.478441,-2.497119,0.808156,-2.317661,-2.670677,-2.122006,-1.557953,3.741942,-2.518733,-0.991426,3.914826,-3.239050,-0.882273,3.955744,-3.160253,-1.308669,4.071899,-3.135249,-1.710943,4.079975,-2.940882,-4.158688,3.746886,-0.592563,-4.718877,3.733335,-2.325516,-4.836183,3.779295,-1.611044,-5.522860,3.773143,-2.326406,-4.453398,3.597304,-1.981640,-3.924411,3.575472,-2.707362,-3.785512,3.566159,-1.633217,-4.061209,3.534010,1.461336,-4.209886,3.523376,-2.814299,-4.075732,3.500283,-2.289952,-4.006036,3.589437,-1.688415,-4.274897,3.603191,-0.826894,-3.967039,3.436921,-3.470479,-4.239904,3.424623,-3.005363,-4.177619,3.500710,-3.150744,-3.963377,3.617210,-3.550918,1.046154,-0.007276,1.594950,0.872088,0.508335,1.378000,0.792259,1.742996,0.992476,0.821620,1.865595,0.423520,0.893349,0.922724,-0.155382,0.607543,2.088295,1.389445,0.496564,1.555300,0.411198,0.171143,2.054267,1.584692,0.232247,1.983236,0.796594,1.216109,2.857122,0.470557,0.328990,2.225717,-0.009752,0.938486,1.896948,-1.133407,1.106034,3.043859,2.607148,1.532079,3.128603,1.015012,1.322398,2.778309,1.381994,1.257364,2.176063,1.338760,0.894874,2.755214,1.424055,1.214551,-0.030550,0.989966,1.626847,0.760693,-1.099277,1.390128,1.189529,-0.864689,1.415397,1.106132,-0.841273,1.146038,1.265261,0.894398,1.656304,3.421638,-0.507505,1.693437,2.843989,-1.786309,1.554090,2.152838,0.383710,1.786033,2.385188,0.817440,1.239578,3.033604,-0.933822,1.216179,2.866634,1.133427,1.362620,2.471744,-1.529065,1.271052,2.561956,-0.210890,1.520589,3.306202,-0.360998,1.314922,2.742790,-0.747468,1.344882,3.113262,-1.269247,1.235364,4.817554,-1.516412,0.969728,3.219354,-1.183303,0.936918,3.234858,-0.282770,1.245056,1.619611,-0.326252,1.110854,0.294944,0.279635,1.295256,0.494585,0.944603,1.313628,1.986640,0.567154,1.279204,1.729158,0.036646,1.202455,2.287793,-0.527486,1.301972,2.142599,-1.544441,1.199208,0.972754,-0.654978,1.612714,0.527627,0.011378,1.318589,2.194110,0.814405,1.578746,3.192299,-0.452505,1.269088,4.071736,-0.487156,1.511904,3.730418,0.877696,1.302764,3.471241,-0.560802,1.170713,4.555907,-0.909520,1.187989,4.967099,0.453291,1.132420,4.363975,-1.195584,1.242108,3.613895,-0.538440,0.538575,5.868604,1.074874,1.305990,5.631159,0.206737,0.999105,5.878067,0.615587,1.097558,4.931280,1.346649,0.911110,5.244414,0.758991,1.285339,4.278289,0.771372,1.474704,4.613206,0.056249,1.078142,3.347450,-0.404207,1.194269,3.292425,-0.384072,1.089739,2.773695,-0.132542,0.732149,5.608891,-1.600840,1.040038,3.116864,-0.607243,1.128160,3.292070,-0.868476,1.127147,3.377763,-1.126494,1.380365,0.656623,-0.440726,1.331780,1.865751,1.484575
