# Normalized Keypoints for sign: 경리단길
-0.446393,-1.041665,1.175303,0.479564,-1.585282,0.228824,0.416092,-1.587842,-0.663161,-0.088884,-2.032374,1.536413,-1.583346,-1.100752,-1.995227,0.332816,-0.753843,0.794969,0.051530,-2.153741,-0.441890,0.135695,0.313292,-1.016799,-1.562180,-0.179386,0.030207,-0.300639,-0.394120,-0.634411,-0.663942,-0.663956,-0.651622,-0.000000,-0.000000,-0.000000,-0.089833,-0.299735,-0.253079,-0.717797,-0.717800,-0.711982,-0.000000,-0.000000,-0.000000,-0.618613,-1.288686,1.519073,-0.824382,-0.921077,-0.216760,0.555991,-0.031971,-0.986229,-0.652209,-0.089376,-0.499880,-0.000000,-0.000000,-0.000000,-0.000000,-0.000000,-0.000000,-0.000000,-0.000000,-0.000000,-0.000000,-0.000000,-0.000000,-0.000000,-0.000000,-0.000000,-0.000000,-0.000000,-0.000000,-0.345894,-0.502514,-1.226270,-0.703539,-0.484615,0.556662,-0.530876,-0.668367,-0.088466,-1.307431,-0.469870,-0.798663,-1.549191,0.015039,-0.476385,-1.144887,1.303184,0.354477,-1.738336,1.777097,1.803175,-1.159127,0.114156,-1.154483,-1.265440,-1.258242,-0.173468,-1.126652,2.837252,1.583520,-1.325388,0.650770,-1.572334,-1.076924,0.727600,-0.705609,-1.275250,-0.392952,1.570099,-1.228801,2.495189,-1.370832,-1.279961,2.205085,-0.347279,-2.313893,1.699683,-0.331428,-1.484521,-0.402413,1.562364,-0.955935,2.369463,-1.915635,-0.598554,1.468389,-3.096281,-0.537807,0.980368,0.000741,-0.167977,0.277658,-0.620432,-0.189414,-1.534705,-2.287575,0.234437,-1.202167,-1.688587,0.384408,-1.090547,-0.498646,0.547693,-1.123014,0.371834,0.686495,-1.364235,0.969264,0.355776,-0.776387,-0.046681,-0.452807,0.472807,0.536230,-0.861541,0.907224,0.789244,-0.895804,1.137491,0.586292,-0.794158,-0.857634,0.121419,-1.711195,0.422907,0.416897,-2.119985,0.279534,-1.706300,-1.680274,0.048678,-1.189548,-1.795196,-0.875958,-0.064258,-1.980185,0.091960,-0.215974,-2.031157,-0.054268,-0.487539,-1.710482,-0.426082,-0.864820,-1.852307,-0.951418,-0.195097,-1.650225,-0.218536,-0.037743,-1.594501,-0.140969,-0.490568,-1.498376,-0.209793,-0.838934,-0.192774,-0.412885,-1.143883,-0.254451,-0.806906,-1.252593,-0.461059,-1.070889,1.945526,-0.696388,-1.631413,-1.400810,-0.904426,-1.480610,0.199182,-0.587290,-1.229824,1.030967,-1.020203,-1.113140,2.233801,-0.761009,-1.044313,1.671167,-1.126676,-1.171755,-1.690341,-0.835875,-0.932562,1.174784,-0.584096,-1.135189,-0.066192,-0.623983,-1.172695,-0.457337,-0.662285,-0.399466,-0.966718,-0.572681,0.871350,-0.592517,-0.489467,0.799419,-0.441397,-0.448994,0.889706,-2.182389,-0.030918,0.958424,-2.311993,-0.199120,-1.880392,-1.630174,-0.523148,-2.198785,1.410107,-0.475763,-1.324007,1.371380,-0.608623,-1.320872,1.080744,-0.380858,-1.017231,1.230326,-0.901123,-1.191286,0.376887,-0.857255,-1.013270,-0.295135,-0.673738,-1.147642,-1.331951,-0.333082,-0.543956,-0.376111,-0.472266,-1.359947,-0.601984,-0.796311,-0.942176,-1.082531,-0.903485,-1.215093,-1.622167,-0.942250,-0.875325,-0.299464,-0.938748,-1.034418,-1.673754,-0.819258,-1.459929,-1.196199,-0.979671,-1.222916,-1.641781,-0.926230,-1.157019,-1.500119,-0.984523,-1.203110,-1.959074,-1.158001,-1.002899,-2.393889,-0.818276,-1.262495,-0.973224,-0.754141,-0.919419,-1.232742,-0.728477,-0.793304,1.247065,-0.537284,-0.967953,-0.598915,-0.575594,-1.469082,1.948048,-0.751995,-1.672732,-0.439999,-0.625195,-1.221886,-1.327653,-0.465331,-1.422174,0.108555,-0.396768,-1.360650,-0.934359,-0.536257,-1.329865,0.615481,-0.439296,-0.625301,-0.413952,-0.597978,-0.839747,-0.085970,-0.680976,-1.323013,-1.586892,-1.029937,-1.513912,1.743812,-0.928767,-1.150824,-1.036278,-0.948086,-1.404310,-1.621338,-1.093295,-1.116706,-0.417072,-0.594634,-1.357111,-0.443507,-0.996173,-1.061304,0.421012,-0.613032,-0.983194,0.506162,-0.893364,-0.994550,-1.943245,-1.041523,-1.086854,-2.025299,-1.167015,-1.050818,-1.404922,-1.142086,-1.079502,1.709773,-1.171184,-1.272084,-1.500315,-0.820036,-1.380666,-1.826892,-0.988437,-1.165081,-1.781050,-1.140782,-1.165719,-1.432233,-1.149925,-1.057947,-0.956146,-1.129401,-0.905380,-1.184436,-0.989612,-1.136179,-1.341108,-0.967506,-1.064798,-1.507559,-0.790102,-1.456422,0.753129,-0.376305,-1.016101,-0.392696
-0.448171,-1.032624,1.133485,0.484479,-1.570817,-0.014719,0.423935,-1.566053,-0.410774,0.447194,-2.025989,1.548136,-1.858886,-1.003700,-1.809632,0.343925,0.831637,0.147446,0.068070,-0.049238,-0.051295,0.137779,0.306664,-0.781098,-1.578937,0.423088,0.296985,-0.286329,0.160835,0.190007,-0.663942,-0.663956,-0.651622,-0.000000,-0.000000,-0.000000,-0.103540,0.346720,0.612040,-0.717797,-0.717800,-0.711982,-0.000000,-0.000000,-0.000000,-0.619803,-1.283120,1.451374,-0.826805,-0.912730,-0.235979,0.560233,-0.031146,-0.848028,-0.650083,-0.082268,-0.539805,-0.000000,-0.000000,-0.000000,-0.000000,-0.000000,-0.000000,-0.000000,-0.000000,-0.000000,-0.000000,-0.000000,-0.000000,-0.000000,-0.000000,-0.000000,-0.000000,-0.000000,-0.000000,-0.347521,0.603797,-1.360003,-0.701439,0.030288,-0.144302,-0.526500,-0.861019,-0.791902,-1.300278,0.078962,-1.075724,-1.539796,-0.231342,-0.583225,-1.143161,1.143566,1.108973,-1.037056,1.004499,0.812458,-1.151435,-0.083242,-0.870367,-1.255109,-1.437636,-0.777401,-1.125712,2.682504,1.204842,-1.321629,0.473937,-1.628899,-1.068910,0.535110,-0.723716,-1.767910,-0.599657,-0.241035,-1.228201,2.921140,-1.679140,-1.818269,1.587354,-1.431988,-2.306598,1.536933,0.515875,-2.020143,0.155176,1.471825,-0.955284,2.258097,-1.963260,-2.331970,2.478255,-2.663496,-0.531163,0.209706,-0.950299,-0.832361,0.140847,-0.685145,-0.201473,-1.733770,-1.948342,0.359734,-1.225258,-1.582834,0.419566,-1.059868,-0.006325,0.576946,-1.090609,0.331819,0.661215,-1.330219,0.783795,0.333300,-0.687762,-0.162204,-0.480289,0.561442,0.518969,-0.851779,0.990076,0.767430,-0.921541,1.200957,0.502569,-0.866242,-0.774854,0.065873,-1.735200,0.539424,0.574182,-2.172029,0.349826,-1.640260,-1.691700,0.074408,-1.270109,-1.805699,-0.798305,-0.144048,-1.993576,0.202108,-0.381210,-2.042287,0.013524,-0.480920,-1.717670,-0.382895,-0.824519,-1.855034,-0.909115,-0.490121,-1.654910,-0.141637,-0.122862,-1.600643,-0.081945,-0.832799,-1.585750,-0.159516,-0.841291,-0.464543,-0.395207,-1.087027,-0.253069,-0.788241,-1.310766,-0.168033,-1.058844,1.649666,-0.695266,-1.622694,-1.510699,-0.903629,-1.474054,-0.013242,-0.586434,-1.226171,0.898104,-1.019590,-1.110593,1.955409,-0.760615,-1.041930,1.900584,-1.126489,-1.169531,-1.534288,-0.835875,-0.930121,1.095281,-0.584285,-1.131739,-0.218565,-0.856113,-1.166636,-0.614434,-0.662786,-0.390253,-1.040317,-0.573495,0.883206,-0.519380,-0.490148,0.813656,-0.426985,-0.449604,2.156631,-2.261397,-0.031345,0.977295,-2.406916,-0.197943,-1.229048,-1.955855,-0.522310,-1.761641,1.298837,-0.475136,-1.311820,1.587857,-0.608004,-1.312922,1.305794,-0.380191,-1.007587,1.161925,-0.900926,-0.376034,0.367025,-0.857255,-0.998284,-0.201890,-0.673738,-1.137579,-1.377526,-0.333299,-0.526317,-0.242822,-0.472646,-0.589476,-0.958754,-1.014959,-0.929031,-0.420398,-0.903279,-0.762661,-1.660122,-1.151813,-0.863089,-0.246779,-0.938546,-1.025798,-1.443893,-0.818847,-1.453524,-1.270791,-0.979280,-1.215100,-1.282479,-0.926042,-1.148010,-1.291384,-0.984138,-1.196406,-1.866415,-1.157818,-0.996720,-2.591076,-0.817417,-1.248958,0.130185,-0.753293,-0.903982,-0.784374,-0.727845,-0.778425,1.982344,-0.536862,-0.953884,-0.644060,-0.574912,-1.458276,1.631907,-0.751139,-1.038724,-0.727594,-0.858859,-0.518221,-1.103387,-0.465331,-1.413406,-0.160182,-0.396989,-1.351559,-1.454037,-0.536474,-1.315667,0.244074,-0.439512,-0.610824,-0.392145,-0.597978,-0.825779,-0.069732,-0.680513,-1.030090,-1.858819,-1.029329,-1.507628,1.905286,-0.928396,-1.144802,-0.989153,-0.947905,-1.399361,-1.711236,-1.093114,-1.110196,-0.492612,-0.594445,-1.350318,-0.372166,-0.996173,-1.057519,-0.114694,-0.612850,-0.979774,0.561786,-0.893183,-0.991652,-2.010914,-1.041336,-1.084046,-2.209156,-1.166630,-1.047990,-1.527232,-1.141448,-1.076443,1.705757,-1.170792,-1.006266,-1.650857,-0.819634,-1.030838,-1.772987,-0.988254,-1.160158,-1.748373,-1.140597,-0.829279,-1.480939,-0.922729,-1.054020,-1.181473,-1.129222,-0.901784,-1.141758,-0.989429,-1.132654,-1.302483,-0.967135,-1.061241,-1.394446,-0.789483,-1.447022,0.444716,-0.376305,-1.000292,-0.490264
-0.448171,-1.035487,1.154518,0.481625,-1.558066,-0.196858,0.406019,-1.537564,-0.201667,-0.091768,-2.023591,1.417088,-1.579601,-1.000644,-2.162977,0.321182,-0.726910,0.183936,0.032273,-2.132842,-0.537792,0.145190,0.280193,-0.500057,-1.604670,-0.189850,1.271935,-0.306994,-0.407152,1.010165,1.603836,1.599546,1.380173,-0.000000,-0.000000,-0.000000,-1.211638,-0.300975,0.762587,-0.717797,-0.717800,-0.711982,-0.000000,-0.000000,-0.000000,-0.621570,-1.279253,1.472641,-0.826368,-0.902671,-0.414833,0.554291,-0.025822,-0.948619,-0.647929,-0.058966,-0.544949,-0.000000,-0.000000,-0.000000,-0.000000,-0.000000,-0.000000,-0.000000,-0.000000,-0.000000,-0.000000,-0.000000,-0.000000,-0.000000,-0.000000,-0.000000,-0.000000,-0.000000,-0.000000,-0.319231,-1.183655,-0.275581,-0.682720,-0.553273,0.668672,-0.905393,0.060273,0.293283,-1.285989,-0.549808,-0.688708,-1.913068,-0.093687,0.200464,-1.464301,1.232771,0.804591,-1.719592,1.708969,1.558250,-1.570230,0.771926,-1.334810,-1.238940,-0.676381,-0.476073,-1.105281,2.149915,1.411911,-1.301097,0.574967,-1.814641,-1.047288,1.346667,-0.225135,-2.253172,-0.482358,1.101437,-1.208543,1.300692,-1.443911,-1.252005,1.656420,-0.675028,-2.284321,1.627331,-0.660912,-2.000018,-0.492480,0.677884,-0.933964,0.983814,-1.770626,0.588479,0.240283,-2.110490,-0.498583,0.912759,-0.113037,-0.132321,0.216838,0.052778,-0.286615,-1.680096,-1.905825,0.237431,-1.152292,-1.634185,0.306307,-0.977696,-0.197456,0.523217,-1.042834,0.487260,0.663860,-1.302398,0.773778,0.321621,-0.650712,-0.063172,-0.488970,0.668137,0.410144,-0.858376,1.030753,1.036394,-0.893217,1.236025,0.360126,-0.893388,-0.721391,0.010823,-1.752981,0.614276,0.487052,-2.222142,0.400316,-1.620811,-1.678295,0.170201,-1.291625,-1.791116,-0.745735,-0.327397,-1.977080,0.274258,-0.376637,-2.028501,0.083368,-0.609551,-1.708544,-0.324911,-0.791462,-1.849288,-0.823163,-0.202957,-1.647883,-0.062506,-0.105837,-1.592115,-0.020476,-0.928608,-1.523390,-0.109828,-0.829958,-0.468795,-0.386862,-1.105511,-0.257766,-0.773883,-1.398719,-0.172305,-1.046707,1.730926,-0.698850,-1.612221,-1.401021,-0.906631,-0.989418,0.331948,-0.589415,-1.219426,0.811515,-1.021827,-1.105515,2.186598,-0.762201,-1.036353,1.954942,-1.127450,-1.164917,-1.571481,-0.836053,-0.924448,1.099253,-0.583915,-1.124797,-0.125064,-0.855258,-1.155484,-0.355632,-0.661264,-0.377300,-0.943748,-0.571603,0.896570,-0.765483,-0.488565,0.827024,-0.395072,-0.447958,0.922803,-1.947131,-0.258956,0.986731,-2.408813,-0.460282,-1.226114,-2.143845,-0.525249,-1.760474,1.328620,-0.477426,-1.309986,1.555689,-0.609869,-1.311741,1.052807,-0.381966,-1.005666,1.020376,-0.901525,-0.373111,0.613682,-0.857469,-0.996030,0.604240,-0.673501,-1.136624,-1.415841,-0.332628,-0.523664,-0.665318,-0.471681,-0.586008,-0.616670,-1.015970,-0.924151,-0.233286,-1.116714,-0.758979,-1.485402,-1.152782,-0.856295,-0.079119,-0.939510,-0.464404,-1.182527,-1.045427,-1.036673,-1.245306,-0.980454,-1.207820,-1.209677,-0.927004,-1.139552,-1.216714,-0.984908,-1.190144,-1.828236,-1.158373,-0.991225,-2.400649,-0.820002,-1.243260,0.270071,-0.755607,-0.898264,-0.844137,-0.729749,-0.772913,2.166869,-0.538364,-0.947659,-0.758143,-0.576968,-1.452849,1.621408,-0.985916,-1.033611,-0.707605,-0.859294,-0.513144,-0.877012,-0.465331,-1.410652,-0.440248,-0.623946,-0.826248,-1.638341,-0.535849,-1.310480,0.105243,-0.439089,-0.604419,-0.753155,-0.597978,-0.819599,-0.062861,-0.682364,-1.024792,-1.913167,-1.030949,-1.500080,2.065660,-1.136961,-1.138413,-0.850241,-1.151747,-1.394096,-1.771301,-1.093845,-1.103290,-0.324640,-0.594830,-1.342158,-0.614843,-0.996374,-1.052482,0.188383,-0.613221,-0.975214,0.455007,-1.095974,-0.987777,-1.945977,-1.251871,-1.080290,-2.104451,-1.167783,-1.044210,-1.192429,-1.143146,-1.072365,1.869858,-1.172396,-1.001469,-1.707722,-1.036920,-1.024820,-1.665576,-1.194201,-0.794892,-1.567861,-1.141346,-0.823491,-1.193281,-0.923152,-1.048755,-1.124634,-1.330108,-0.897209,-0.876917,-1.194749,-1.128171,-1.203748,-1.175511,-1.056718,-1.266065,-0.791569,-1.443561,0.426164,-0.609679,-0.994435,-0.781182
-0.447873,-1.031393,1.109647,-0.304345,-1.532538,-0.346737,0.411333,-1.519970,-0.284918,0.448193,-1.635487,1.524220,-1.578906,-0.898220,-2.247251,0.324730,0.840826,-0.727928,0.059644,-0.065957,-0.002356,0.135985,0.326548,-1.017392,-1.621426,-0.791160,0.926260,-0.392031,-0.965367,0.885217,1.604711,1.599546,1.234919,-0.000000,-0.000000,-0.000000,-1.221059,-0.944951,0.393038,-0.717797,-0.717800,-0.711982,-0.000000,-0.000000,-0.000000,-0.622742,-1.276693,1.361763,-0.826583,-0.898510,-0.473941,0.549608,-0.014373,-0.935893,-0.651789,-0.084308,-0.430402,-0.000000,-0.000000,-0.000000,-0.000000,-0.000000,-0.000000,-0.000000,-0.000000,-0.000000,-0.000000,-0.000000,-0.000000,-0.000000,-0.000000,-0.000000,-0.000000,-0.000000,-0.000000,-0.345499,-0.589400,-1.662968,-0.698417,-0.587572,-0.226267,-0.917631,-0.806847,-0.924769,-1.295131,0.121565,-1.167250,-1.919614,-0.173396,0.039022,-1.140679,0.547548,0.256062,-1.033467,0.422748,0.646638,-1.145661,-0.039346,-0.389202,-1.247885,-0.744268,-0.944770,-1.123199,1.480803,0.513626,-0.853139,-0.172823,-1.267825,-1.062509,0.571500,-0.604528,-2.263172,-0.560512,0.242662,-1.630121,0.122967,-1.805598,-0.730881,0.133828,-1.400564,-2.300516,0.958231,-1.017544,-2.012486,-0.571340,0.509420,-1.391193,-0.382201,-2.179677,0.564997,-0.388736,-1.725225,0.225295,0.245793,-0.210730,-0.153624,-0.345623,0.847329,-0.302248,-1.566426,-1.930975,0.237491,-1.054084,-1.535404,0.340172,-0.939712,-0.247892,0.511115,-1.057548,0.369960,0.607742,-1.320052,0.780837,0.290812,-0.588560,-0.010198,-0.476983,0.663948,0.540406,-0.883263,1.063783,0.876074,-0.813637,1.265715,0.472608,-0.846299,-0.661328,0.167940,-1.611543,0.656052,0.397223,-2.045038,0.481956,-1.816316,-1.653708,0.166440,-1.222489,-1.806143,-0.703256,-0.133672,-1.944590,0.315182,-0.225798,-1.969667,0.122445,-0.607816,-1.666863,-0.258852,-0.902994,-1.866611,-0.796174,0.034153,-1.630821,0.007992,0.084324,-1.488622,0.067991,-0.486400,-1.449881,-0.053037,-0.798203,-0.403534,-0.372826,-0.694162,-0.185414,-0.757327,-0.831689,-0.394280,-1.036168,1.210303,-0.395428,-1.603454,-1.341488,-0.854227,-0.982915,-0.583880,-0.765667,-1.215236,1.177430,-0.968479,-1.102571,1.456119,-0.926570,-1.033370,1.853550,-1.077117,-1.162346,-1.630494,-0.790324,-0.921413,1.134339,-0.738319,-1.121088,0.108861,-0.799831,-1.148498,-0.719094,-0.874228,-0.368614,-0.936022,-0.500776,0.907642,-0.242924,-0.676290,0.840391,-0.484391,-0.394369,0.940002,-2.358322,0.025096,1.002485,-2.050776,-0.398432,-1.217335,-1.366099,-0.699526,-1.754555,0.722162,-0.650641,-1.300846,1.364715,-0.555474,-1.305750,0.763926,-0.565719,-0.998432,1.003747,-1.069102,-0.362103,0.280610,-1.039939,-0.984791,-0.333258,-0.614912,-1.129428,-1.361189,-0.517665,-0.510436,-0.381704,-0.420760,-1.332911,-1.009261,-0.963453,-0.913799,-1.044950,-1.065734,-1.197977,-1.955294,-1.102447,-0.846158,-0.395223,-0.889460,-1.012072,-1.586880,-0.766480,-1.442232,-1.369549,-0.929225,-1.200500,-1.798582,-0.876626,-1.131093,-1.482295,-0.934476,-1.183848,-1.895171,-1.109568,-0.985760,-2.521198,-0.763807,-1.232645,-0.774486,-0.700650,-0.886100,-1.052751,-0.906517,-0.761188,1.107946,-0.482020,-0.935940,0.037805,-0.767795,-1.444440,1.764520,-0.697973,-1.025012,-0.718235,-0.803220,-0.503686,-1.264253,-0.643944,-1.403738,0.267639,-0.569432,-1.341514,-0.974351,-0.705914,-1.299285,0.374174,-0.615484,-0.592360,0.004664,-0.768164,-0.807964,-0.019595,-0.621796,-1.309781,-1.120779,-1.198685,-1.493762,1.276192,-0.879764,-1.132789,-1.110392,-0.900150,-1.389436,-1.595701,-1.247461,-1.097210,-0.738018,-0.755453,-1.335328,0.063190,-0.946567,-1.048706,0.024268,-0.767909,-0.971813,0.878063,-1.047633,-0.984879,-1.846263,-0.992013,-1.077482,-2.171145,-1.117482,-1.041382,-1.698233,-1.319000,-1.069322,1.203467,-1.119699,-0.997873,-1.733851,-0.985066,-1.020088,-1.732789,-0.940006,-1.148975,-1.785442,-1.091681,-1.150818,-1.727284,-0.868631,-1.044806,-1.078190,-1.282085,-0.893613,-1.412514,-0.941328,-0.867569,-1.305336,-0.918547,-1.053162,-1.451694,-0.964719,-1.436154,0.181898,-0.553692,-0.981976,-0.117027
-0.447431,-1.037546,1.190546,-0.311793,-1.548691,0.077156,0.409095,-1.524573,-0.198854,0.471380,-1.630691,1.189772,-1.581527,-0.899252,-2.409809,0.303499,0.816339,-0.587994,0.051218,-0.065957,-0.443747,-1.352497,1.991822,-1.382070,-1.593225,-0.178222,1.098742,-0.306193,-0.401729,0.901323,-0.663942,-0.663956,-0.651622,-0.000000,-0.000000,-0.000000,-1.206490,0.339298,0.452666,-0.717797,-0.717800,-0.711982,-0.000000,-0.000000,-0.000000,-0.626295,-1.271989,1.297785,-0.830885,-0.915640,0.096075,0.551736,-0.011099,-0.680855,-0.659955,-0.084308,-0.577282,-0.000000,-0.000000,-0.000000,-0.000000,-0.000000,-0.000000,-0.000000,-0.000000,-0.000000,-0.000000,-0.000000,-0.000000,-0.000000,-0.000000,-0.000000,-0.000000,-0.000000,-0.000000,-1.393317,-0.022489,-1.416441,-1.073935,0.025380,0.135924,-1.677123,0.764729,-1.427648,-1.265978,0.798271,1.077552,-1.505935,-0.238596,-0.019289,-1.112647,-0.133034,-0.144370,0.039386,-2.699544,-1.410215,-0.677779,-1.574231,-1.305212,-0.280420,-0.123640,-0.585555,-1.086730,-0.412791,-1.975170,-0.815146,-0.900383,-3.441969,-1.563687,-1.582342,-0.863815,-1.723427,-1.359441,-1.105866,-1.191268,-1.050577,-0.866884,-0.685766,-1.374214,-2.692375,-1.707857,-0.307674,-0.585130,-1.971867,0.155176,0.128058,-1.353720,0.476052,-0.847653,-1.122340,-0.427286,-0.511455,-1.962898,-1.016072,-1.196943,-0.771957,-1.405966,-0.015952,-0.256899,-1.371902,-1.993062,0.197369,-1.037311,-1.504191,0.310007,-0.940942,-0.196853,0.507892,-1.041837,0.486925,0.579985,-1.321218,0.818754,0.286393,-0.589944,-0.073729,-0.442021,0.642244,0.023993,-0.690067,0.998411,0.788500,-0.686742,1.239146,0.480216,-0.852361,-0.662651,0.177000,-1.525073,0.676321,0.250750,-1.625627,0.691340,-1.350307,-1.416652,0.327852,-1.234454,-1.763607,-0.687652,-0.127293,-1.837115,0.313542,-0.088928,-1.783947,0.243800,-0.372824,-1.508356,-0.136519,-1.207622,-1.870539,-0.764173,0.152654,-1.552059,0.024518,-0.047067,-1.407619,0.102463,0.038292,-1.259851,0.020211,-0.658744,-0.404297,-0.378440,-0.810563,-0.186515,-0.768364,-0.908321,-0.395345,-1.045233,1.221259,-0.641256,-1.612790,-1.467970,-1.073821,-1.467109,-0.475998,-0.767378,-1.221674,1.048794,-1.193072,-1.107664,1.795351,-0.929347,-1.038947,1.716763,-1.290362,-1.167127,-1.739691,-0.794174,-0.927087,0.986995,-0.743143,-1.127726,-0.036754,-0.805983,-1.159214,-0.569601,-0.882175,-0.380363,-0.874919,-0.804944,0.895786,-0.463500,-0.683753,0.829704,-0.355865,-0.625370,0.929682,-2.283299,-0.210914,0.997234,-2.170887,-0.399849,-1.217335,-1.628458,-0.701201,-1.753772,1.185006,-0.652727,-1.299657,1.368487,-0.558188,-1.304957,0.902416,-0.569034,-0.997942,1.224725,-1.073140,-0.361357,0.475437,-1.045002,-0.983329,0.373366,-0.864958,-1.127984,-1.429304,-0.524142,-0.508715,-1.438677,-0.639045,-1.332206,-0.054037,-1.185908,-0.915858,-1.076851,-1.069233,-1.200017,-1.667259,-1.105901,-0.850854,-0.294660,-1.101524,-1.016661,-1.734290,-0.994722,-1.858317,-0.977527,-1.146719,-1.206332,-2.033690,-1.090063,-1.137878,-1.733511,-1.149137,-1.645530,-2.128571,-1.113304,-1.388708,-2.072639,-0.765752,-1.235450,-1.144825,-0.702963,-0.888513,-1.303653,-0.909286,-0.763514,1.115542,-0.721014,-0.939084,-0.457037,-0.770785,-1.446835,1.926049,-0.932544,-1.651583,-0.527820,-1.041603,-1.197791,-1.251021,-0.649110,-1.404656,0.052078,-0.802027,-1.342449,-0.869046,-0.711434,-1.301500,0.665282,-0.621003,-0.595595,-0.918892,-0.773086,-0.811085,-0.271758,-0.878458,-1.314551,-1.085711,-1.201711,-1.500490,1.242172,-1.090423,-1.138413,-1.183504,-1.106412,-1.394096,-1.402302,-1.250970,-1.103290,-0.545879,-0.759511,-1.342601,-0.187752,-0.950945,-1.053241,0.342401,-0.771817,-0.976131,0.810049,-1.051160,-0.988565,-1.734017,-0.995465,-1.081054,-1.908910,-1.120564,-1.044978,-1.567022,-1.322172,-1.073185,1.371309,-1.122719,-1.264404,-1.566327,-0.988432,-1.370559,-1.804722,-1.148397,-1.154566,-1.942810,-1.302303,-1.155999,-1.620867,-1.100416,-1.049536,-0.982942,-1.285560,-1.160008,-1.399637,-0.944694,-1.128650,-1.411887,-1.129015,-1.057202,-1.675103,-0.967211,-1.437643,0.552444,-0.559032,-0.984448,-0.714432
-0.450536,-1.050304,1.389752,-0.332553,-1.579750,0.383722,0.407693,-1.532117,-0.359416,0.478701,-1.628303,1.074147,-1.307539,-0.798755,-2.691034,0.274152,-0.737631,-0.830202,0.037082,-2.132842,-0.190912,-1.353385,0.303350,-1.185706,-1.645937,-0.799295,-0.231436,-0.378521,-0.967541,-0.601824,-0.663942,-0.663956,-0.651622,-0.000000,-0.000000,-0.000000,-2.315229,-0.952389,-1.169325,-0.717797,-0.717800,-0.711982,-0.000000,-0.000000,-0.000000,-0.636050,-1.262139,1.237987,-0.832433,-0.916074,0.125596,0.543654,-0.000450,-0.967746,-0.641024,-0.003276,-1.383045,-0.000000,-0.000000,-0.000000,-0.000000,-0.000000,-0.000000,-0.000000,-0.000000,-0.000000,-0.000000,-0.000000,-0.000000,-0.000000,-0.000000,-0.000000,-0.000000,-0.000000,-0.000000,-1.390505,-1.764238,-1.455992,-0.664904,-1.176042,-1.143085,-1.680343,-0.704457,-0.510751,-1.271421,-0.496537,0.201471,-1.513333,-0.021144,0.602283,-1.113147,-1.268809,0.772652,-1.008547,-1.326998,0.177832,-1.118397,-1.398781,-1.012957,-0.755207,-1.941844,0.815961,-1.086117,-0.895317,-1.157708,-0.352485,-1.430941,-1.746333,-1.569282,-2.123358,-2.169205,-1.228550,-0.420844,1.356363,-1.190359,-1.493301,-0.687410,0.939125,-1.755738,-0.490857,-0.612884,-1.388202,-0.795999,-0.888204,-1.196514,-0.222693,-1.352754,-1.204425,-0.620906,-0.543962,-0.876562,0.820527,-0.467082,-2.097662,-0.417669,1.239022,-2.318086,-0.051011,-0.117923,-1.358251,-2.094992,-0.100179,-1.059670,-1.650035,0.329459,-1.045639,0.386713,0.580823,-1.096620,0.449416,0.622673,-1.358151,0.955801,0.238381,-0.669127,-0.689655,-0.294363,0.496547,-0.060484,-0.463523,0.866533,0.127540,-0.466834,1.082845,0.007760,-0.867076,-0.719771,0.145331,-1.308297,0.583310,0.131803,-1.247210,0.792018,-0.411787,-1.087543,0.432232,-1.649470,-1.729272,-0.725355,-0.404449,-1.735850,0.266835,-0.102704,-1.603487,0.218605,-0.687362,-1.376707,-0.087577,-1.303556,-1.706369,-0.751392,-0.237838,-1.450702,0.002468,-0.594568,-1.247171,0.152185,0.204796,-1.157311,0.076338,-0.615670,-0.686565,-0.378440,-1.052838,-0.498284,-0.765089,-1.339170,-0.405236,-1.042190,1.670486,-0.894261,-1.609283,-1.506423,-1.081015,-1.463619,0.007050,-0.774800,-1.525206,1.137725,-1.199783,-1.319087,2.526097,-1.151482,-1.036353,1.471175,-1.505896,-1.164917,-1.006841,-0.990254,-0.924448,0.745113,-0.950689,-1.124797,0.243458,-1.042780,-1.154557,-0.072434,-0.887556,-0.375442,-0.755241,-0.810621,0.090622,-0.770235,-0.688502,0.832349,-0.361581,-0.629681,0.931960,-1.989687,-0.444415,0.997234,-2.365617,-0.408384,-1.859280,-2.072804,-0.708557,-2.184613,1.870314,-0.659597,-1.302085,1.271690,-0.792458,-1.741028,1.366006,-0.575898,-0.999393,1.265509,-1.298990,-1.164915,0.793889,-1.050933,-0.986314,0.756258,-1.114785,-1.653753,-1.171696,-0.772715,-0.512228,-2.128150,-0.643317,-1.334292,0.303487,-1.191926,-0.916535,-0.835584,-1.287521,-1.200017,-0.992327,-1.321428,-1.591421,-0.054091,-1.315897,-1.015628,-1.665789,-1.226253,-1.856830,-0.373932,-1.152606,-1.736773,-2.086715,-1.305793,-1.750808,-1.827411,-1.365708,-1.644288,-2.063966,-1.322748,-1.387609,-1.290137,-1.008155,-1.236144,-1.030316,-0.939858,-0.889339,-1.405747,-0.916107,-0.764311,1.401292,-0.727707,-0.939847,-1.215099,-0.778148,-1.446835,2.142298,-0.939553,-1.651583,0.015707,-1.047384,-1.198435,-1.218399,-0.654706,-1.908365,-0.155805,-1.034384,-1.343403,-0.512811,-0.716347,-1.302228,0.686561,-0.858112,-1.473382,-1.602081,-0.778418,-0.811842,-0.558414,-0.885653,-1.601639,-1.327909,-1.207977,-1.497963,1.566607,-1.303557,-1.136549,-1.109907,-1.314889,-1.392232,-1.084297,-1.458438,-1.544695,0.089666,-0.975982,-1.339869,-1.043627,-1.163630,-1.051476,0.918006,-0.777028,-0.974315,0.210530,-1.258759,-1.198352,-1.780340,-1.420369,-1.079550,-1.511812,-1.336819,-1.043464,-1.178907,-1.328741,-1.071561,1.425518,-1.348579,-1.262743,-1.027289,-1.210460,-1.713739,-1.771639,-1.359027,-1.511284,-1.976806,-1.307796,-1.486046,-1.329306,-1.333233,-1.047717,-0.774871,-1.290870,-1.420862,-1.160883,-1.359074,-1.384071,-1.420292,-1.341955,-1.314906,-1.582892,-0.973892,-1.438126,1.292441,-0.797762,-0.985294,-1.211300
-0.450238,-1.060174,1.404781,-0.338261,-1.581049,0.984501,0.416656,-1.501531,-0.516431,0.468827,-1.624306,1.576848,-1.026489,-1.101628,-0.858854,0.278719,-0.770672,-0.283791,0.024764,-2.170459,-0.664736,-1.355758,0.293449,-1.140287,-1.585869,-1.408740,-0.400445,-0.281550,-1.545298,-1.251186,-0.663942,-0.663956,-0.651622,-0.000000,-0.000000,-0.000000,-1.211638,-1.597605,-0.876955,-0.717797,-0.717800,-0.711982,-0.000000,-0.000000,-0.000000,-0.641063,-1.264699,1.301446,-0.833753,-0.918984,0.111631,-1.523523,-0.006174,-1.106586,-0.647063,5.101677,-2.526172,-0.000000,-0.000000,-0.000000,-0.000000,-0.000000,-0.000000,-0.000000,-0.000000,-0.000000,-0.000000,-0.000000,-0.000000,-0.000000,-0.000000,-0.000000,-0.000000,-0.000000,-0.000000,-1.389296,-1.151679,-1.465444,-0.664001,-1.180890,-1.118980,-1.679756,-0.704457,-0.639991,-1.270845,-1.221180,0.219194,-1.512760,-0.028398,1.212147,-1.112405,-1.273507,0.575727,-1.008045,-1.331547,-0.160629,-0.682594,-1.404268,-1.800976,-0.754514,-1.941844,0.917878,-0.658649,-0.280769,-1.595478,-0.351795,-1.430941,-1.341210,-1.568476,-1.421034,-2.303689,-1.227803,-0.420844,0.969216,-1.189468,-0.361510,-0.652081,0.398429,-1.265182,-1.392016,-1.161805,-0.777821,-1.418262,-0.887394,-1.196514,-0.458595,-1.351768,-0.762203,-0.651059,-0.542687,-0.880845,0.492539,-1.965664,-0.880852,-1.598827,0.568202,-1.808791,-1.415381,-0.634550,-1.116512,-2.523313,-0.390955,-1.085522,-1.694135,0.407923,-1.069605,0.068318,0.632005,-1.069998,0.622540,0.768975,-1.282717,1.046997,0.272473,-0.901542,-0.829262,-0.139224,0.105140,-0.462729,-0.348318,0.523205,-0.451676,-0.273490,0.694032,-1.399416,-0.924181,-0.886297,-0.025191,-1.128785,0.222098,-0.322788,-1.003327,0.593201,-1.518524,-1.377611,0.062761,-1.864859,-1.733836,-0.732518,-0.282063,-1.329379,0.069425,-0.894026,-1.353913,0.087006,-0.611372,-1.240697,-0.183394,-1.012865,-1.500724,-0.592087,-0.671733,-0.962101,-0.040953,-1.600616,-0.997168,0.054916,0.110680,-0.994315,0.040290,-0.393264,-0.551301,0.030803,-0.369846,-0.647965,-1.255765,-0.430448,-0.839557,-1.219638,1.062879,-0.759361,-0.987984,-1.838821,-1.170208,-1.870282,-1.766596,-1.077419,-1.125736,2.211758,-1.459811,-1.228536,1.712871,-1.146524,-1.577835,0.800754,-1.455759,-1.062111,-1.480623,-0.900363,-1.253982,0.885709,-0.816349,-1.001384,0.444334,-1.089721,-1.004266,-0.668667,-0.913178,-0.968328,0.327567,-0.820874,-0.770110,-0.902767,-0.693030,-0.387374,-0.474012,-0.858018,0.374476,-1.416691,-0.674348,0.256428,-2.069441,-0.503657,-2.426797,-1.286660,-0.774695,-2.173624,1.514506,-0.696288,-1.289897,0.926328,-0.799955,-1.729905,0.820039,-0.796837,-0.952189,1.063479,-1.442157,-1.098926,0.853550,-1.176250,-0.971328,0.584886,-1.209157,-1.664791,-1.117474,-0.829774,-0.494590,-2.313167,-0.886691,-1.266405,0.590517,-1.141423,-0.715503,-1.497453,-1.238496,-1.487789,-0.769765,-1.273023,-1.246589,-0.327705,-1.267752,-1.809161,-2.242618,-0.974504,-1.964881,0.180863,-1.115306,-2.400801,-2.709665,-1.255610,-1.893346,-2.975242,-1.301966,-2.217206,-1.684801,-1.453847,-1.495652,-0.339961,-1.061117,-1.762235,-2.938733,-0.971449,-1.540849,-2.234054,-0.923759,-1.392288,0.409900,-0.948561,-0.651833,-0.961158,-1.039244,-1.220364,2.362327,-0.971457,-1.436280,0.300214,-1.182623,-1.672794,-1.617229,-0.766183,-1.794644,0.512133,-1.120302,-1.751971,0.278153,-0.779364,-1.072641,0.698206,-0.941956,-1.183510,-2.077395,-0.884636,-1.378337,-0.930659,-0.881942,-1.587620,1.604494,-1.409657,-1.512238,-0.335995,-1.267461,-1.172221,-1.796879,-1.266393,-1.419158,-0.332926,-1.399021,-1.139838,-1.447163,-0.891907,-1.854795,-1.962253,-1.273686,-1.038119,2.029147,-0.899321,-1.201156,-0.538870,-1.195979,-0.964948,-1.792112,-1.158973,-1.058163,-1.219095,-1.300195,-1.021933,-2.399844,-1.540180,-1.050174,-0.575639,-1.116892,-1.252171,-0.740305,-1.171079,-2.061342,-0.959508,-1.103327,-2.232277,-2.051571,-1.245249,-1.820347,-1.037813,-1.235653,-1.036138,-0.771558,-1.230399,-1.685079,-0.901751,-1.104152,-1.900325,-1.595817,-1.096945,-1.835775,-1.323263,-0.992427,-1.825937,1.298144,-0.897352,-0.736533,-1.202586
-1.171705,-1.077880,1.910850,-0.322889,-1.577647,0.503705,0.420014,-1.512016,-1.005712,1.045066,-1.601944,0.650335,-0.470704,-1.207731,0.091011,-2.220962,-0.778946,-0.740968,0.008812,-0.020032,-1.123913,-1.356066,0.300036,-1.136354,-1.620603,-2.620659,-1.628193,-0.236242,-2.672587,-1.100567,1.604037,1.599546,1.510846,-0.000000,-0.000000,-0.000000,-2.322076,-2.246540,-3.098073,1.479452,1.479546,1.183905,-0.000000,-0.000000,-0.000000,-0.664109,-1.283538,1.819687,-0.845116,-0.914823,0.647012,-1.575816,-0.019273,-1.528234,-0.675447,5.072318,-2.125942,-0.000000,-0.000000,-0.000000,-0.000000,-0.000000,-0.000000,-0.000000,-0.000000,-0.000000,-0.000000,-0.000000,-0.000000,-0.000000,-0.000000,-0.000000,-0.000000,-0.000000,-0.000000,-1.464054,-1.969931,0.339878,-0.862317,-0.533639,-0.903530,-1.606308,-1.168116,-1.118497,-1.308007,-0.597744,-0.096447,-1.651886,-0.796648,0.554575,-1.275329,-1.273507,-0.023811,-0.228965,-2.258654,0.202307,-0.252897,-1.546796,-0.961947,-0.868749,-1.258242,0.331881,-0.801663,-1.464301,-1.914224,-0.158113,-1.698750,-1.747751,-0.978047,-2.180578,-2.350936,-1.845766,-0.314730,1.119477,-1.311633,-2.044564,-0.882941,0.695929,-2.526105,0.383353,-1.050814,-1.532850,-0.299861,-0.939671,-1.179670,0.375047,-1.045772,-2.134736,-1.286362,-0.215112,-1.852214,-0.131490,0.559628,-3.012512,-0.942547,0.748417,-1.972231,0.328934,-0.262498,-1.228294,-1.978941,0.293730,-1.323375,-1.835829,0.538658,-0.903084,-1.644495,0.649945,-0.732611,-0.566864,0.954736,-0.738280,0.107079,0.158677,-1.199824,0.293807,0.248188,-0.621986,-1.240557,0.508152,-0.233100,-1.238319,0.269053,-0.101537,-0.855486,-0.813310,-1.011167,0.195229,-0.628825,-0.464954,0.039558,-0.024564,-0.047541,-1.034749,0.316319,0.415714,-0.185138,-1.195578,-0.854100,0.166691,-0.548550,-0.378255,-0.046708,-0.347676,-0.392051,-1.800802,-0.482752,-0.542481,-1.552745,-0.830241,-0.664531,0.614191,-0.169794,-0.175128,-0.141012,0.068656,-0.222400,0.259413,0.054314,-0.174246,-0.696147,-0.771064,0.000986,-0.528951,-0.890697,-1.284436,-0.624585,-1.074086,-1.235493,1.306056,-0.955894,-0.997272,-1.721135,-1.345592,-1.395691,-1.774916,-1.029003,-1.127711,2.249292,-1.412768,-1.229125,1.128452,-1.317639,-1.797368,1.211286,-1.197755,-1.062111,-1.536309,-1.049644,-1.254180,0.779307,-0.973914,-1.002187,0.912225,-1.035150,-1.007523,-1.202798,-1.128468,-1.654948,1.146839,-1.047735,-1.598985,-0.590851,-1.131806,-0.406937,-0.257008,-1.030291,0.343610,-0.989826,-0.850135,0.221802,-1.541901,-0.972174,-3.095151,-1.370524,-1.189182,-2.189731,1.759388,-1.107117,-1.315461,0.977923,-0.980440,-1.746208,1.085722,-0.987887,-0.971459,1.015558,-1.614780,-1.128251,1.005952,-1.363551,-1.002761,0.583489,-1.399048,-2.213065,-0.723902,-1.263610,-1.501623,-2.624047,-1.050559,-1.294118,1.221783,-1.534234,-1.502990,-1.233186,-1.619809,-1.501240,-0.109055,-1.438019,-1.266282,-0.380530,-1.431865,-2.382214,-2.009712,-1.379241,-1.973155,0.523171,-1.500432,-2.411533,-2.534192,-1.632481,-1.905175,-3.028206,-1.467539,-2.226394,-1.566417,-1.613914,-1.503672,-0.077027,-1.248630,-2.569015,-2.896167,-1.154440,-1.569276,-2.717415,-1.342186,-1.419689,0.209320,-1.135093,-1.536929,-1.260827,-1.238117,-1.240165,2.392858,-1.156263,-1.455106,0.301395,-1.365367,-2.391639,-1.422456,-0.949296,-1.811224,0.687064,-1.296919,-1.769219,0.808469,-0.952493,-1.098730,0.757432,-1.122178,-1.210798,-2.336752,-1.059110,-1.404666,-0.945954,-1.082682,-1.591313,1.412011,-1.584054,-1.518949,-0.246443,-1.431012,-1.178625,-1.864065,-1.426011,-1.424423,-0.286295,-1.557645,-1.146761,-1.808686,-1.057162,-1.862068,-2.187987,-1.435621,-1.041638,1.997630,-1.058470,-1.454892,-0.724378,-1.354687,-0.967460,-1.969800,-1.323840,-1.060598,-1.348097,-1.466140,-1.024384,-2.633900,-1.723017,-1.052818,-0.690403,-1.512094,-1.255532,-0.703335,-1.341455,-2.066087,-0.921578,-1.471297,-2.237214,-1.815579,-1.407718,-2.159508,-0.900624,-1.413136,-1.039819,-0.882614,-1.387476,-1.953136,-0.757746,-1.471002,-1.903859,-1.442414,-1.469293,-1.839341,-1.154080,-1.402705,-1.843246,1.402553,-1.314329,-1.681676,-1.330348
-1.171407,-1.078709,1.904560,-0.321777,-1.578062,0.491009,0.422252,-1.512860,-1.011897,1.045843,-1.601944,0.635771,-0.470704,-1.207848,0.069479,-2.223493,-0.777415,-0.780969,0.007912,-0.020032,-1.087641,-1.357552,0.303350,-1.188303,-1.624693,-2.622988,-1.708906,-0.242597,-2.672587,-1.182602,1.604000,1.599546,1.519845,-0.000000,-0.000000,-0.000000,-2.326584,-2.249020,-3.235537,-0.717797,-0.717800,-0.711982,-0.000000,-0.000000,-0.000000,-0.664704,-1.283538,1.868384,-0.845224,-0.914823,0.663190,-1.578371,-0.012724,-1.605777,-0.675447,5.074296,-2.103819,-0.000000,-0.000000,-0.000000,-0.000000,-0.000000,-0.000000,-0.000000,-0.000000,-0.000000,-0.000000,-0.000000,-0.000000,-0.000000,-0.000000,-0.000000,-0.000000,-0.000000,-0.000000,-1.466866,-1.965355,0.470533,-0.864436,-0.528731,-0.934429,-1.608638,-1.162089,-1.066758,-1.309996,-0.587077,0.042635,-1.654160,-0.789394,0.587056,-1.277069,-1.268809,0.227152,-0.231018,-2.254160,0.321994,-0.255461,-1.535822,-0.862536,-0.871164,-1.253389,0.366912,-0.803869,-1.459744,-1.670808,-0.160515,-1.693692,-1.700564,-0.981248,-2.175434,-2.298605,-1.848731,-0.309138,1.150699,-1.313706,-2.616730,-0.793586,0.693126,-2.522468,0.401015,-1.053633,-1.523799,-0.337885,-0.942468,-1.174032,0.264889,-1.048020,-2.131457,-1.241057,-0.218106,-1.843648,-0.222981,1.317739,-3.629912,-0.750818,0.744942,-2.492893,0.510923,-0.262670,-1.228414,-1.988876,0.293639,-1.323513,-1.847013,0.565440,-0.886508,-1.639762,0.649900,-0.732753,-0.578025,0.954736,-0.738419,0.108951,0.195925,-1.199982,0.285220,0.248121,-0.622138,-1.195944,0.508117,-0.233221,-1.238141,0.269026,-0.101634,-0.842286,-0.813441,-1.011315,0.211610,-0.674631,-0.465120,0.045201,-0.024593,-0.047683,-1.021160,0.292438,0.415607,-0.212686,-1.195739,-0.854228,0.180307,-0.548644,-0.378396,-0.039595,-0.347729,-0.412573,-1.798250,-0.482811,-0.542615,-1.532257,-0.865033,-0.664657,0.642677,-0.169863,-0.175234,-0.118528,0.096531,-0.222506,0.272662,0.054245,-0.189151,-0.708006,-0.771573,0.002883,-0.734944,-0.891248,-1.282237,-0.728905,-1.074618,-1.233250,1.265806,-0.956341,-0.995543,-1.771373,-1.345991,-1.873754,-1.804617,-1.029427,-1.126569,2.255054,-1.412967,-1.228345,1.140857,-1.317832,-1.796574,1.239402,-1.197755,-1.061430,-1.555995,-1.049644,-1.253372,0.763870,-0.973733,-1.001124,0.874948,-1.034934,-1.005648,-1.245780,-1.128218,-1.652463,1.158054,-1.047460,-1.597476,-0.607928,-1.131576,-0.405198,-0.261183,-1.030091,0.345935,-0.991786,-0.849930,0.223894,-1.542521,-0.972416,-3.094554,-1.378821,-1.189601,-2.189331,1.750490,-1.107321,-1.314866,0.986701,-0.980644,-1.745804,1.084684,-0.987887,-0.970968,1.000820,-1.614780,-1.127505,1.004937,-1.363551,-1.002030,0.593406,-1.398812,-2.213065,-0.704497,-1.263392,-1.500762,-2.609846,-1.050164,-1.293413,1.257421,-1.534429,-1.502313,-1.263209,-1.619999,-1.500427,-0.121142,-1.438019,-1.265619,-0.387093,-1.431865,-2.381181,-2.000473,-1.379241,-1.972404,0.527499,-1.500432,-2.410561,-2.524019,-1.632481,-1.904029,-3.025123,-1.467539,-2.225578,-1.555533,-1.613914,-1.502944,-0.066084,-1.248840,-2.568320,-2.896645,-1.154646,-1.568483,-2.712989,-1.342394,-1.418924,0.212901,-1.135304,-1.535373,-1.233538,-1.238341,-1.238992,2.399163,-1.156470,-1.453990,0.294127,-1.365158,-2.391020,-1.403955,-0.949296,-1.810775,0.677854,-1.296715,-1.768752,0.814421,-0.952293,-1.097972,0.756876,-1.121971,-1.209196,-2.348525,-1.059110,-1.403121,-0.955455,-1.082919,-1.590527,1.532418,-1.584054,-1.517702,-0.247542,-1.431012,-1.177876,-1.855091,-1.426011,-1.423806,-0.289436,-1.557645,-1.145952,-1.775831,-1.056974,-1.860702,-2.213314,-1.435621,-1.040889,2.061012,-1.058288,-1.454215,-0.756082,-1.354687,-0.966689,-1.982530,-1.323840,-1.059850,-1.342483,-1.466140,-1.023631,-2.628253,-1.723017,-1.051997,-0.701115,-1.512307,-1.254809,-0.679586,-1.341455,-2.065148,-0.920138,-1.471297,-2.236238,-1.805074,-1.407718,-2.158593,-0.903703,-1.413136,-1.039027,-0.885630,-1.387476,-1.952413,-0.752242,-1.471002,-1.903160,-1.432691,-1.469293,-1.838636,-1.146294,-1.402705,-1.842743,1.402446,-1.314112,-1.680863,-1.355289
-1.177617,-1.081170,1.938136,-0.334294,-1.521890,-0.066951,0.381378,-1.465089,-0.796423,1.061597,-1.208255,0.258959,-0.461022,-1.208841,0.675997,-2.231053,-0.755991,-1.216172,-1.487817,-0.011673,-1.388257,-1.348347,0.290135,-0.781098,0.458032,-0.793488,-0.142353,-0.183003,-0.410413,0.511611,-0.663942,-0.663956,-0.651622,-0.000000,-0.000000,-0.000000,-0.089415,-0.951150,-0.159981,-0.717797,-0.717800,-0.711982,-0.000000,-0.000000,-0.000000,-0.680663,-1.286099,1.882215,-1.396264,-0.917325,1.024350,-1.622154,0.001600,-2.608166,-0.733949,5.058101,-2.825567,-0.000000,-0.000000,-0.000000,-0.000000,-0.000000,-0.000000,-0.000000,-0.000000,-0.000000,-0.000000,-0.000000,-0.000000,-0.000000,-0.000000,-0.000000,-0.000000,-0.000000,-0.000000,-1.327463,-1.243086,0.501756,-1.149400,-1.136775,-1.524470,-1.458842,-1.150034,-0.526593,-1.143066,-0.640347,-0.703201,-1.469244,-0.919883,1.550017,-1.170194,-1.325128,-0.230579,-1.161858,-1.113405,0.474145,-1.398030,-0.960290,-1.003445,-0.657499,-1.437636,0.653761,-1.544681,-1.523477,-1.325200,-0.475340,-1.835182,-1.460062,-1.316287,-2.357509,-1.368493,-1.620004,-0.538212,1.634190,-1.198705,-2.094679,-0.924012,0.862057,-2.108252,1.234237,-0.847030,-1.668502,-0.376303,-0.707643,-1.388061,-0.720847,-0.923294,-1.712148,-0.233440,-0.039388,-1.933545,1.200710,-0.705800,-2.498755,-0.109967,1.669737,-3.123782,0.716119,-0.110516,-1.267207,-0.977815,0.347851,-1.480325,-1.572620,0.838601,-0.982034,-1.565907,0.527995,-0.898227,-1.695985,0.727662,-0.302865,-0.215587,0.148166,-1.237740,0.391858,-0.142163,-0.980869,-1.145829,0.092110,-0.724289,-2.367753,-0.136684,-0.569081,-2.209134,-0.796442,-1.041510,0.168232,-0.724457,-0.737190,0.007783,0.058612,-0.365754,-0.118344,0.307397,0.003095,-0.665722,-0.997522,-0.843356,-0.000304,-0.219320,-0.546007,-0.420748,-0.222013,-0.493591,-1.756650,-0.416462,-0.686124,-1.304568,-0.549326,-0.647215,0.463680,0.202938,-0.295312,-0.056960,0.343817,-0.343844,-0.116032,0.211667,-0.276604,-0.711034,-0.957825,0.579040,-1.891439,-1.100573,-0.950304,-1.880434,-0.990211,-1.246831,1.637022,-1.387732,-1.190613,-2.148029,-1.526575,-1.667384,-0.812750,-1.260696,-1.372870,2.046446,-1.458982,-1.226196,1.516962,-1.422867,-1.603921,0.562877,-1.373541,-1.281385,-1.277754,-1.272517,-1.280518,0.422935,-1.269153,-1.288213,0.667482,-1.192089,-1.408127,-1.253120,-1.362185,-1.327352,0.389312,-1.319174,-0.980677,0.097709,-1.361828,-0.361581,-0.322271,-1.018586,-0.477764,-1.521554,-0.615396,-0.186322,-0.940655,-0.941365,-3.082818,-0.973491,-1.189814,-1.701882,2.485901,-0.924937,-1.214396,-0.000145,-1.071946,-1.252438,1.602076,-0.888043,-0.948817,0.615028,-1.831154,-0.286597,0.118056,-1.646058,-0.878490,-1.078445,-1.493420,-2.095644,-0.321746,-1.168198,-1.343953,-2.704561,-1.209555,-1.261556,0.037375,-1.489129,-2.416677,-2.534078,-1.576025,-1.659780,-0.089224,-1.606282,-1.655913,-1.446557,-1.599228,-2.754568,-1.698039,-1.518824,-1.949069,0.547156,-1.651379,-2.923446,-2.536735,-1.591719,-1.898985,-3.175602,-1.659574,-2.660068,-1.642413,-1.613732,-1.475558,-0.588963,-1.274892,-3.572080,-2.291815,-1.210657,-2.650498,-4.020499,-1.432803,-2.461858,-0.980412,-1.264183,-0.960140,-2.339128,-1.335941,-1.466099,2.279855,-1.444413,-1.669897,0.156282,-1.154804,-3.276420,-1.178768,-1.243055,-1.893171,2.799218,-1.161068,-1.327615,1.776338,-1.296694,-1.300013,1.497023,-1.220050,-2.364928,-2.668439,-1.339009,-1.675112,-2.713961,-1.203138,-1.710643,1.149030,-1.712782,-1.652839,-0.195920,-1.579552,-1.263893,-1.778515,-1.389039,-1.498702,-0.081254,-1.537825,-1.238942,-1.770653,-1.280019,-2.000869,-1.635217,-1.470602,-1.155339,1.472061,-1.273092,-1.321879,-0.232251,-1.339872,-1.072543,-1.671560,-1.288144,-1.162448,-1.168025,-1.407165,-1.126925,-2.372036,-1.857973,-1.160789,-0.690922,-1.626947,-1.099432,-0.795728,-1.498771,-2.179537,-0.981707,-1.433942,-2.355246,-1.946918,-1.596154,-1.934019,-0.981677,-1.437680,-1.155009,-0.836991,-1.569657,-1.774920,-0.868213,-1.433761,-1.988374,-1.507221,-1.411223,-1.924611,-1.234767,-1.474807,-1.438650,1.821701,-1.155092,-0.979471,-1.369877
-1.183682,-1.076222,2.031184,-0.323992,-1.530824,0.213820,0.356747,-1.467595,-0.485822,1.073247,-1.197873,-0.084607,-0.188050,-1.204558,1.646332,0.263043,-0.782925,0.096745,0.000697,0.063510,-0.282047,-1.373878,0.313292,-1.112163,-1.566270,-1.397112,0.698733,-0.235466,-0.978399,0.545807,-0.663942,-0.663956,-0.651622,-0.000000,-0.000000,-0.000000,-1.196651,-0.958572,0.612479,-0.717797,-0.717800,-0.711982,-0.000000,-0.000000,-0.000000,-0.685388,-1.285263,1.807772,-1.400787,-0.922328,1.533251,-1.637448,-0.036896,-2.724602,-0.747734,0.021015,-2.175011,-0.000000,-0.000000,-0.000000,-0.000000,-0.000000,-0.000000,-0.000000,-0.000000,-0.000000,-0.000000,-0.000000,-0.000000,-0.000000,-0.000000,-0.000000,-0.000000,-0.000000,-0.000000,-2.037871,-1.252238,-0.178246,-1.271035,-0.464982,-1.513616,-1.982568,-1.137980,-0.767632,-1.661597,-0.613745,0.656638,-1.598125,-0.869103,1.613630,-1.269622,-1.301695,0.107538,-0.916375,-1.704198,0.042506,-1.096260,-0.905487,-1.354761,-0.810939,-1.384309,0.828385,-1.236036,-1.500695,-0.833768,-0.614968,-1.789664,-1.685165,-1.487630,-2.300289,-2.201736,-1.784970,-0.471174,1.656846,-1.315197,-1.497481,0.308288,0.702729,-2.079153,1.451020,-1.017188,-1.623248,1.151516,-0.883762,-1.320477,0.803861,-1.049637,-1.247012,0.763165,-0.209567,-1.313041,1.919447,-0.173120,-2.462667,1.096639,0.783076,-1.519952,1.942983,0.076911,-1.209533,-0.411200,-0.100059,-1.403407,-0.543744,-0.041413,-1.317251,0.761931,-0.237711,-1.167855,0.334227,-0.229196,-1.214879,0.661480,-0.848974,-0.762411,0.049937,-0.636529,-0.387417,-0.563227,-0.161420,-0.284594,-0.003973,-0.016230,-0.012125,-2.163349,-1.026178,-0.521176,-0.477760,-0.509382,-0.133652,-0.843044,-0.737048,-0.382519,-1.295278,-1.031545,-0.613304,-0.537411,-0.773211,-0.465082,-1.684655,-0.120000,-0.161151,-2.615194,-0.360638,-0.592476,-0.996146,-0.587293,-0.700164,-0.663716,-0.105591,-0.542953,0.057749,0.413207,-0.327550,-0.369268,0.277082,-0.394201,-0.736802,0.118161,-0.333407,-0.395902,-1.505627,-0.210616,-1.275828,-1.104988,-0.685673,-2.252337,-1.284834,-1.065604,1.970013,-1.635138,-1.685008,-1.069490,-1.747358,-1.562888,0.719006,-1.264092,-1.305844,1.102295,-1.683774,-1.392240,2.077537,-1.426030,-1.339559,0.812303,-1.585816,-1.240566,-1.498722,-1.275505,-1.011594,0.598514,-1.272320,-1.224500,-0.164317,-1.426769,-1.296914,-0.972458,-1.645395,-1.179294,-0.884640,-1.617930,0.003891,-0.894208,-1.365896,0.820793,-0.676248,-1.245476,1.039338,-1.898474,-1.075449,1.208106,-2.249080,-1.203000,-2.303680,-2.457632,-1.193172,-2.034862,2.298257,-1.155054,-1.067702,0.922017,-1.302247,-1.589459,1.751154,-1.132663,-1.356380,1.078321,-1.834584,-0.906837,0.743581,-1.649788,-0.698114,-0.149275,-1.740554,-1.980155,-0.371976,-1.414539,-2.089316,-3.306662,-1.424550,-1.094544,1.209283,-1.710386,-1.496051,-1.361596,-1.790805,-1.561545,0.323214,-1.818345,-1.492985,-0.287396,-1.810157,-2.079420,-1.881419,-1.746445,-1.858684,0.088478,-1.868082,-2.275982,-2.142358,-1.803998,-1.763783,-2.090282,-1.662868,-2.104729,-1.982528,-1.820185,-1.784719,-0.853648,-1.512565,-1.853927,-1.493720,-1.672235,-1.571722,-2.344290,-1.436421,-1.422046,0.769056,-1.737427,-1.622009,-1.973276,-1.339847,-1.321279,2.511467,-1.679191,-1.532218,0.930433,-1.624072,-2.435371,-1.422291,-1.246707,-2.283178,0.667428,-1.617284,-1.732855,0.882095,-1.300183,-1.120360,0.988515,-1.454611,-1.298348,-2.480547,-1.342489,-1.489139,-1.295209,-1.459346,-1.647140,-0.482328,-1.716211,-1.552537,1.115243,-1.789447,-1.582392,-1.206095,-1.796345,-1.761187,-0.121336,-1.742340,-1.583259,-0.255123,-1.283118,-1.891992,-1.374528,-1.680627,-1.369157,1.344118,-1.276076,-1.267217,0.247145,-1.544329,-1.236860,-1.678936,-1.708831,-1.321712,-1.212219,-1.620142,-1.287269,-1.478079,-1.861568,-1.112096,0.841591,-1.849189,-1.303077,-0.825208,-1.717434,-2.103672,-1.609402,-1.641203,-1.918636,-2.304588,-1.805658,-1.861058,-1.240826,-1.667585,-1.378025,-0.646235,-1.772207,-1.717254,-1.098646,-1.640391,-1.675748,-1.605912,-1.620934,-1.867591,-1.694877,-1.704848,-1.857596,2.749591,-1.623795,-1.684181,-1.617207
-1.183528,-1.061003,2.121142,-0.305767,0.559565,-0.298661,0.382780,-1.482274,-0.170143,1.631623,-1.203459,0.034119,0.096370,-1.204402,1.389118,-2.209328,-0.773735,-0.187666,0.010923,2.147114,-0.553722,-1.396128,0.309978,-1.400401,-1.632048,-2.620659,0.261605,-0.316526,-2.673674,0.750893,-0.663942,-0.663956,-0.651622,-0.000000,-0.000000,-0.000000,-2.327002,-2.244061,-0.759111,1.480258,1.479546,1.461168,-0.000000,-0.000000,-0.000000,-0.686271,-1.260414,1.471072,-1.402659,-0.908109,1.436046,-1.615343,-2.110451,-1.520473,-0.758920,0.018975,-2.228245,-0.000000,-0.000000,-0.000000,-0.000000,-0.000000,-0.000000,-0.000000,-0.000000,-0.000000,-0.000000,-0.000000,-0.000000,-0.000000,-0.000000,-0.000000,-0.000000,-0.000000,-0.000000,-2.170418,-0.740238,0.301529,-0.663098,0.265652,1.861889,-1.929523,-0.716511,-1.644578,-1.715053,0.057628,0.487194,-2.141518,-0.637230,0.622571,-1.805285,0.031224,0.137915,-1.576561,-0.745247,0.444095,-1.128340,-0.291480,-1.767532,-1.415772,-1.379456,0.541133,-1.420851,-0.795133,-1.787740,-0.927392,-1.365254,-0.714128,-2.026409,-1.649977,-2.654568,-1.910273,-0.392952,1.872436,-1.471023,-0.871020,-0.540997,-0.142267,-1.842946,1.178867,-1.492354,-1.144049,2.347937,-1.512279,-1.331752,1.486433,-1.670387,-1.253570,-1.396365,-0.506423,-1.103368,1.186090,-0.712984,-1.502763,0.632526,0.937516,-0.630658,2.720972,0.468214,-1.103985,0.008111,0.170036,-1.364978,-0.469468,0.021685,-1.296054,0.950359,-0.339490,-1.247964,0.120206,-0.474365,-1.324899,0.844028,-0.830539,-0.722371,0.215738,-0.746021,-0.406477,-1.418385,-0.277291,-0.235919,-0.212702,-1.230413,-0.320787,-1.887012,-0.893783,-0.468308,-0.453564,-0.360214,-0.136355,-0.691848,-0.694600,-0.257297,-1.934681,-1.000820,-0.504326,-0.896506,-0.457809,-0.450330,-1.917839,0.188719,-0.460263,-2.928408,-0.352749,-0.471914,-1.253275,-0.603221,-0.595200,-0.938658,0.122272,-0.513037,-0.734537,0.530708,-0.314088,0.119067,0.369968,-0.308164,-0.498646,0.183378,-0.231412,-0.414567,-1.433864,0.449454,-0.905902,-1.321213,-0.878605,-1.900705,-1.491843,-1.042190,1.398188,-1.557375,-0.914012,-1.521357,-1.667767,-0.901044,0.161043,-1.385136,-1.141157,1.335541,-1.546953,-1.252395,1.525570,-1.469348,-1.611897,0.529401,-1.581782,-1.282414,-1.485335,-1.422155,-1.510950,0.556530,-1.389551,-1.326350,0.271650,-1.528282,-1.537951,0.281523,-1.458292,-0.939283,-0.774470,-1.700947,0.153672,-1.800373,-1.431256,0.817242,-0.757920,-1.303177,0.790323,-0.916696,-1.360765,0.755920,-1.416357,-1.618211,-1.426617,-2.438465,-1.310966,-1.914559,1.237357,-1.243642,-1.554104,1.638810,-1.362061,-1.467696,1.400230,-1.165876,-1.180052,1.314715,-1.808163,-1.442771,1.415748,-1.831820,-1.296200,1.304173,-1.647965,-1.861759,-1.234927,-1.530689,-0.876968,-1.726315,-1.294115,-1.594114,1.236432,-1.711397,-1.871771,-0.789265,-1.791787,-1.740882,0.142784,-1.819314,-1.710214,0.155780,-1.811121,-2.185588,-1.444706,-1.774063,-1.866223,0.205144,-1.882602,-1.743101,-1.914617,-1.803419,-1.755874,-1.827211,-1.859164,-2.109731,-1.862545,-1.999146,-1.798576,-0.637625,-1.618480,-1.411749,0.446303,-1.757935,-1.114376,-0.783224,-1.497470,-0.981219,1.686655,-1.542470,-1.128743,-1.522687,-1.405752,-1.590433,2.127465,-1.765740,-1.788100,0.120477,-1.814096,-1.357388,-0.669403,-1.413699,-2.047417,-0.788078,-1.757494,-1.487885,0.329591,-1.417223,-1.505787,0.151440,-1.594072,-1.671783,-1.673895,-1.276869,-0.999391,-1.152087,-1.514107,-1.564579,-0.338845,-1.746528,-1.456845,1.248249,-1.801798,-1.522678,-1.227616,-1.795786,-1.709476,0.164425,-1.932035,-1.518705,0.228861,-1.459777,-1.793083,-1.688129,-1.631206,-1.292501,1.975640,-1.446208,-1.186355,-0.431548,-1.731002,-1.166411,-1.570410,-1.706707,-1.253430,-1.092618,-1.842357,-1.218524,-1.206416,-1.893353,-1.037938,1.095466,-1.889618,-1.230069,-0.595432,-1.728505,-2.023731,-1.524958,-1.844888,-2.193147,-2.085629,-1.792003,-2.117562,-1.002558,-1.850681,-1.300183,-0.375746,-1.759006,-1.656490,-0.951570,-1.843457,-1.872306,-1.484177,-1.839742,-1.807506,-1.556201,-1.777153,-1.571167,1.600598,-1.780650,-1.215774,-1.177364
-1.188267,-1.028907,1.855496,-0.315276,0.554033,0.321969,0.377183,-1.482274,0.082608,1.634841,-0.789006,-0.391595,0.382234,-1.100459,0.022548,-2.258857,-0.767310,-0.929699,-1.483907,0.017534,-0.177775,-1.386343,0.293449,-1.227561,0.449030,-0.191014,1.465346,-0.214801,-0.403904,0.847610,-0.663942,-0.663956,-0.651622,-0.000000,-0.000000,-0.000000,-0.096693,-0.308398,1.489807,1.480454,1.479546,1.474976,-0.000000,-0.000000,-0.000000,-0.693358,-1.265561,1.311265,-1.404867,-0.912295,1.811035,-1.628523,-2.107176,-1.826005,-0.775698,0.027072,-2.406724,-0.000000,-0.000000,-0.000000,-0.000000,-0.000000,-0.000000,-0.000000,-0.000000,-0.000000,-0.000000,-0.000000,-0.000000,-0.000000,-0.000000,-0.000000,-0.000000,-0.000000,-0.000000,-1.399803,-2.518538,1.394884,-1.206440,-1.156408,-1.524984,-1.515961,-1.162089,0.509946,-1.594707,-0.645681,-0.722605,-1.529274,-0.919883,1.806396,-1.558039,-1.329826,-1.091440,-1.212184,-1.113405,-0.194620,-1.463128,-0.954804,-1.343833,-0.729064,-1.427929,0.936687,-2.035301,-1.527978,-2.329313,-0.540695,-1.830125,-0.856509,-1.395960,-2.347094,-1.568140,-1.696751,-1.292403,1.374980,-1.253224,-3.247372,-1.989255,0.787378,-3.103914,0.215541,-0.369021,-2.283353,-0.984465,-0.789689,-1.376786,-1.126280,-1.427069,-2.167486,-1.774305,-0.119154,-2.519783,-0.042483,-0.051535,-3.738065,-1.524168,1.574190,-3.644443,1.014740,0.608481,-0.997942,-0.283921,0.097985,-1.249356,-0.497920,-0.022710,-1.127415,1.297196,-0.404443,-1.166644,0.564586,-0.706958,-1.266105,0.745094,-0.909107,-0.585223,-0.076903,-1.128491,-0.296424,-2.946998,-1.567892,-0.309343,-3.156157,-1.605927,-0.250770,-2.537510,-0.953918,-0.367331,-0.451192,-0.189709,-0.251614,-3.961411,-0.129810,-0.582987,-1.384038,-1.012670,-0.401179,-1.289905,-0.415395,-0.297682,-1.718926,0.100029,-0.376245,0.254885,-0.302202,-0.368287,-1.322523,-0.570473,-0.472496,-1.373072,0.155686,-0.342016,-0.655740,0.600560,-0.109565,0.358803,0.412418,-0.140607,-0.189216,0.248641,-0.078840,-0.423643,-1.712389,-0.556469,-1.118367,-1.326180,-0.864247,-1.976184,-1.496657,-1.036168,1.692106,-1.807243,-1.549290,-1.295529,-1.671567,-1.377832,0.291241,-1.389810,-1.449460,1.167005,-1.775407,-1.253366,0.724047,-1.475288,-1.831642,-0.357055,-1.588309,-1.283609,-2.358236,-1.428992,-1.512171,0.034206,-1.397550,-1.327391,0.602735,-1.770816,-1.538879,0.926340,-1.470858,-0.938078,-1.378986,-2.010792,0.157382,-1.957671,-1.442567,0.826082,-0.872490,-1.313453,0.806313,-0.833161,-1.601394,0.774834,-1.067398,-1.882681,-0.770001,-2.543828,-1.545930,-1.473897,0.773026,-1.477313,-1.538275,1.495314,-1.367904,-1.457740,1.622453,-1.415370,-1.168487,0.959929,-1.815416,-1.425170,1.026006,-1.840399,-1.276737,2.333422,-1.902488,-1.324016,-1.153082,-1.785076,-0.854060,-1.253878,-1.303456,-1.577480,1.089639,-1.937857,-1.857949,-0.531112,-1.798397,-1.733153,0.682872,-2.036365,-1.699332,0.275563,-2.027010,-1.621693,-1.063259,-2.006433,-1.862837,0.328842,-1.888880,-1.738737,-1.326623,-2.020698,-1.750808,-1.325317,-1.865933,-1.647232,-1.803522,-2.005872,-1.394915,-0.228902,-1.623639,-1.398241,0.915400,-1.994195,-1.098113,0.208709,-1.503434,-0.965544,2.027987,-1.785566,-1.114674,-1.902822,-1.663876,-1.579628,1.804296,-2.004343,-1.777827,0.355553,-1.822228,-1.345379,-0.251876,-1.422298,-1.533122,-1.665976,-1.994236,-1.477840,0.612259,-1.426233,-1.490921,-0.220072,-1.835845,-1.656522,-1.571409,-1.285079,-0.985423,-2.081542,-1.520830,-1.563793,-1.259472,-1.752794,-1.454727,1.779102,-1.807889,-1.520416,-0.937455,-1.802106,-1.707625,-0.239669,-1.938511,-1.516259,0.354717,-1.466926,-1.293128,-1.576213,-1.638623,-1.291742,1.337798,-1.453093,-1.185910,-0.293815,-1.737497,-1.166033,-1.639063,-1.923583,-1.047271,-1.138439,-1.848536,-1.010967,-0.954561,-1.899922,-1.037540,1.362281,-1.895658,-1.229346,-0.890656,-1.735043,-1.676128,-1.767682,-1.851275,-1.831507,-2.066498,-2.006614,-1.782976,-1.135946,-1.858589,-1.011140,-0.647020,-1.966493,-1.392274,-1.045885,-1.849824,-1.613361,-1.406290,-1.845828,-1.546245,-1.556944,-1.782766,-1.561304,1.827453,-2.023658,-1.199118,-0.857516
-1.192698,-1.008740,1.753139,-0.348089,-1.524877,1.519891,0.348622,-1.493578,0.385127,1.626409,-0.778625,-0.564381,0.935827,-1.000313,-0.615002,-2.283637,-2.312091,-0.399699,-1.491434,0.042612,-0.604864,-2.904523,0.286821,-1.517139,-1.596915,-0.796967,1.005314,-0.311748,-0.406064,0.374729,-0.663942,-0.663956,-0.651622,-0.000000,-0.000000,-0.000000,-2.309454,-0.957333,0.955102,1.480057,1.479546,1.889002,-0.000000,-0.000000,-0.000000,-0.693070,-1.255711,1.199633,-1.407735,-0.896825,1.812692,-1.613215,-2.105126,-1.529517,-0.799356,5.030782,-2.675831,-0.000000,-0.000000,-0.000000,-0.000000,-0.000000,-0.000000,-0.000000,-0.000000,-0.000000,-0.000000,-0.000000,-0.000000,-0.000000,-0.000000,-0.000000,-0.000000,-0.000000,-0.000000,-0.838491,-1.188231,-0.476407,-1.329900,-0.244343,-0.436352,-1.330606,-1.408987,0.316485,-1.905989,-1.349054,-1.317778,-1.520452,-0.586450,-0.396003,-1.659465,0.082903,-1.027609,-2.480947,1.790745,1.749181,-1.794707,0.432067,0.106476,-2.113505,-0.763681,-0.278622,-1.685181,1.153026,0.300534,-1.672734,0.034355,-0.325479,-1.192611,1.201045,0.090598,-1.113994,0.305386,1.592672,-2.140496,0.340149,-1.212257,-1.581044,0.188344,-1.874386,-1.790908,0.718604,-1.277573,-1.780875,-0.610805,-0.666021,-1.944728,-0.755645,-1.308784,-0.262466,-0.487200,-1.444938,-1.139560,-0.249975,-0.577808,-1.508136,0.414469,0.678729,0.680919,-0.877724,-0.174838,0.112528,-1.034900,0.081910,-0.066425,-0.963197,1.405504,-0.474939,-1.001227,0.501094,-0.721701,-1.104914,0.605593,-0.817628,-0.383120,-0.692461,-0.425125,-0.037555,-3.995412,-1.390055,-0.331934,-3.939544,-1.825311,-0.281793,-3.100038,-0.667254,-0.140235,-1.036654,-0.684643,-0.371981,-2.124691,-0.042654,-0.397739,-0.680154,-0.978171,-0.389700,-0.933180,0.141527,-0.149241,-1.791989,0.191667,-0.192095,1.029205,-0.128196,-0.229876,-1.510964,-0.373290,-0.389186,-1.590136,0.524386,-0.195689,-2.156171,0.723159,0.029997,0.954459,0.595686,-0.037553,-0.837735,0.428731,0.006609,-0.844342,-2.047670,-0.149995,-0.621241,-1.704232,-1.831331,-3.047619,-1.283768,-1.863056,1.972331,-2.121880,-1.675673,0.274781,-1.747757,-1.563313,1.202638,-1.266848,-1.309759,0.713597,-1.688877,-1.396936,0.030521,-1.434336,-1.779437,-0.845620,-1.388714,-1.432363,-2.108988,-1.480155,-1.238776,0.178620,-1.492296,-1.230899,0.444532,-1.912037,-1.808769,0.508326,-1.675887,-1.178039,-1.308590,-1.945355,0.016531,-1.664757,-1.640028,-0.116687,-0.529980,-1.494550,-0.144194,-0.671775,-1.558380,0.139955,-0.850907,-1.977241,-0.338507,-1.874770,-1.424351,-1.141317,0.495916,-1.386842,-1.007434,1.442566,-1.536092,-1.117966,2.350568,-1.383716,-0.787897,0.914721,-2.067894,-0.838671,1.310581,-1.906792,-0.624008,1.828161,-2.004468,-1.930308,-0.638627,-1.923060,-0.085790,-1.973276,-1.446712,-1.030124,1.487211,-1.940059,-1.442006,-0.555024,-2.013755,-1.533034,1.536322,-2.038475,-1.452245,0.425541,-2.029109,-1.501282,-0.562967,-1.980660,-1.435812,0.738777,-2.092038,-1.199508,-0.199069,-2.024547,-1.132812,-0.720717,-1.885642,-1.180921,-1.734175,-2.036735,-1.374465,-0.553044,-1.750666,-1.030024,0.546655,-2.135503,-0.625331,0.374324,-1.675095,-0.509838,1.482728,-1.981375,-0.717414,-1.784741,-1.597504,-1.278644,1.975965,-2.147051,-1.491686,1.086090,-1.872938,-1.700033,-0.678619,-1.498916,-1.744921,-0.951090,-1.862965,-1.173574,0.947692,-1.543697,-1.063722,0.311514,-1.936481,-1.240504,-1.657819,-1.359918,-0.590995,-2.232348,-1.720881,-1.357403,-2.097179,-1.725716,-1.545809,2.535866,-2.006190,-1.166230,-0.272416,-2.009480,-1.418529,-0.810800,-1.955538,-1.133361,0.336569,-1.507705,-1.391595,-0.990956,-1.696025,-1.092820,0.686912,-1.290036,-1.018727,-0.020945,-1.959361,-1.025711,-1.793886,-1.929143,-1.117057,-1.614974,-1.840239,-1.081226,-0.568462,-1.871534,-1.111284,2.311415,-2.076261,-1.300918,-0.920328,-1.943408,-1.069066,-1.608451,-1.856714,-1.199930,-1.507741,-2.024056,-1.196413,-1.078682,-1.909775,-1.089527,-0.862606,-1.983355,-1.191949,-0.788084,-1.855246,-1.161132,-1.094829,-1.837657,-1.089974,-1.088687,-1.937805,-1.282302,2.559992,-1.875126,-0.714900,-0.970651
-1.194765,-1.014090,1.899872,-0.334933,-1.529993,1.235372,0.349467,-1.464245,0.591173,2.204312,-0.364961,-0.741440,0.936630,-0.798346,-1.079875,-2.260894,-2.325875,1.239246,-1.504376,-0.049238,0.338711,-2.892347,0.280193,-1.475059,-1.653293,-2.011214,-0.664458,-4.300773,-2.111124,-1.100189,-0.663942,-0.663956,-0.651622,-0.000000,-0.000000,-0.000000,-3.424608,-0.963531,-1.060204,1.480124,1.479546,1.211369,-0.000000,-0.000000,-0.000000,-0.690401,-1.249283,1.015244,-1.408502,-0.903105,1.798314,-1.603447,-2.105526,-1.212061,-0.785151,-0.012424,-1.893169,-0.000000,-0.000000,-0.000000,-0.000000,-0.000000,-0.000000,-0.000000,-0.000000,-0.000000,-0.000000,-0.000000,-0.000000,-0.000000,-0.000000,-0.000000,-0.000000,-0.000000,-0.000000,-1.373116,0.128349,-0.398655,-1.303645,-0.209984,0.762233,-1.301451,-1.372823,0.571338,-1.873399,-1.327720,-0.825224,-1.485462,-0.571941,-0.381833,-1.637896,0.096939,0.155327,-2.096806,1.795294,1.357319,-1.758792,0.432067,0.058520,-2.072221,-1.442489,0.333158,-2.097533,1.166695,0.589433,-1.640903,0.039412,0.016409,-1.150978,1.195837,0.180594,-1.070620,0.299794,0.981325,-2.531687,0.352690,-0.857896,-1.545922,0.191982,-2.044630,-1.185689,0.085652,-1.270653,-1.735029,-0.616443,-0.762220,-2.369001,-0.287191,-1.064905,-0.226202,-0.482916,-0.767544,-1.087621,0.385469,-0.592215,-1.458640,0.414469,0.353481,0.595734,-0.728333,-0.375064,0.095384,-0.925780,-0.201314,0.037120,-0.883357,1.405929,-0.368630,-0.940504,0.288947,-0.698566,-0.980337,0.652507,-0.875457,-0.271281,-0.647058,-1.447450,0.002175,-3.228533,-1.964777,-0.055542,-3.212818,-1.865362,-0.061231,-2.827285,-0.694577,-0.066286,-0.921605,-0.643901,-0.192180,-3.015538,-0.037693,-0.289691,-0.416855,-0.858522,-0.241808,-1.141199,0.070634,-0.006441,-1.687431,0.227544,-0.101237,0.390699,-0.065086,-0.056595,-1.657822,-0.400185,-0.186934,-1.803196,0.581630,-0.069631,-2.161921,0.776708,0.093357,0.903701,0.650515,0.098583,-0.756225,0.480037,0.118700,-0.902062,-2.039165,-0.921974,0.400736,-1.694839,-1.550144,-2.617704,-1.274954,-1.671966,1.348075,-2.114485,-1.530667,0.127438,-1.741556,-1.455770,2.398263,-1.260480,-1.241307,0.010947,-1.683169,-1.562215,0.508045,-1.429402,-1.947983,-0.325977,-1.593312,-1.577017,-1.985731,-1.477010,-1.410231,-0.046784,-1.489702,-1.456163,0.594132,-1.909280,-1.695209,1.257325,-1.673071,-0.355059,-1.407367,-1.942671,0.201879,-1.232377,-1.637764,1.076265,-0.212121,-1.492495,1.390061,-0.777021,-1.784317,1.552315,-1.300915,-1.969893,-0.822172,-1.987468,-1.418054,-1.037537,0.157327,-1.380998,-0.846101,1.359389,-1.530885,-1.445014,1.318290,-1.378401,-1.184385,1.041533,-2.064070,-1.442055,1.536423,-1.902829,-1.239304,2.660478,-2.000892,-1.282322,-0.847162,-2.162498,-0.810000,-0.570957,-1.444371,-1.600344,1.325553,-1.935655,-1.261086,0.890681,-2.009481,-1.427452,0.661395,-2.034254,-2.015660,1.127416,-2.024911,-1.371755,0.736472,-2.199825,-0.931258,1.101468,-2.087525,-1.076177,1.138652,-2.020314,-1.602653,0.075098,-2.091593,-1.075115,-1.190954,-1.829909,-1.282134,-1.427559,-1.744420,-0.845192,1.810705,-2.129599,-1.297169,1.111112,-1.669780,-1.157410,2.564733,-1.976201,-1.362863,-1.329105,-1.591767,-1.123019,1.191100,-2.141088,-1.343736,-0.312329,-2.101691,-0.846950,0.611847,-1.729174,-1.124269,-2.194692,-2.085766,-1.048714,-0.350352,-1.540825,-1.680252,-0.642145,-1.933069,-1.031678,-1.093146,-1.579320,-1.231842,-1.560781,-1.715092,-0.716536,-2.176305,-1.940529,-1.441306,2.420434,-2.001830,-1.480602,-0.202526,-2.005389,-1.004727,-1.514424,-1.951652,-1.473218,-0.219720,-1.504040,-1.771761,-1.265021,-1.692599,-1.030302,0.233330,-1.488835,-1.209821,-0.389470,-1.955654,-1.188083,-1.976107,-1.924926,-1.070536,-2.267024,-2.045318,-1.239671,-0.655950,-1.866448,-1.282205,2.475033,-2.071432,-1.241354,-1.642147,-1.938851,-0.990385,-1.109817,-2.056656,-1.118072,-0.876981,-2.020075,-0.790374,-0.207592,-2.132196,-1.310178,-0.839121,-1.979507,-0.871035,0.185034,-2.054581,-1.102519,-0.550935,-2.039593,-1.030837,-0.381548,-1.932176,-1.153689,1.293944,-2.103803,-1.402988,-0.462871
-1.193736,-1.006279,1.884131,-0.350624,-1.520202,1.802505,0.357020,-1.474295,1.223021,2.211523,0.044705,-0.937597,0.936683,-0.594607,-0.641195,-2.346837,-2.308729,-1.748373,-1.505569,-0.032571,-0.357842,-2.905991,0.303350,-1.762708,-1.590781,-2.015871,0.390571,-0.314925,-2.113298,-0.123258,-0.663942,-0.663956,-0.651622,-0.000000,-0.000000,-0.000000,-2.311596,-1.598845,0.229190,1.480182,1.479546,1.555834,-0.000000,-0.000000,-0.000000,-0.688922,-1.248865,1.060688,-1.408839,-0.889294,1.629277,-1.599620,-2.120699,-0.908047,-0.783864,-0.026578,-1.997516,-0.000000,-0.000000,-0.000000,-0.000000,-0.000000,-0.000000,-0.000000,-0.000000,-0.000000,-0.000000,-0.000000,-0.000000,-0.000000,-0.000000,-0.000000,-0.000000,-0.000000,-0.000000,-1.396967,-1.115072,0.049822,-1.322051,-0.857295,0.150944,-1.319826,-1.324678,0.889988,-1.891979,-1.285117,-0.988747,-1.504234,-0.513995,-0.390364,-1.653017,-0.517871,-0.923848,-1.397327,0.563665,0.665159,-1.779304,-1.047948,0.478943,-2.094585,-1.403663,0.337424,-1.678582,0.565872,-0.501469,-1.662124,0.079812,0.126874,-1.176192,0.514280,0.100908,-1.094717,-0.432029,0.816070,-2.134531,0.386083,-1.147150,-1.570661,0.221036,-2.119988,-1.211230,0.126381,-1.251018,-2.321308,-0.571340,-0.606559,-2.388388,-0.716337,-0.901804,-0.846806,-0.444366,-1.044248,-1.121888,0.421557,-0.771438,-1.489825,0.444856,-0.097177,1.055900,-0.686451,-0.297315,0.390695,-0.930725,-0.079211,0.072458,-0.824445,1.554893,-0.327906,-0.920477,0.431789,-0.686010,-0.998185,0.600174,-0.687292,-0.199512,-0.721397,-1.441573,0.039617,-1.762208,-1.584483,-0.009052,-1.223212,-1.582309,0.002688,-1.092278,-0.596006,-0.028435,-1.145474,-0.145100,0.218897,-4.030447,-0.007067,-0.181305,0.009143,-0.596960,0.058589,-1.844962,0.116280,0.052666,-2.033054,0.287005,-0.051320,-0.465508,-0.013769,0.015128,-1.318138,-0.342906,0.002024,-1.615407,0.618415,-0.025017,-2.002044,0.819418,0.142272,0.897478,0.664760,0.165685,-0.589649,0.489907,0.173022,-0.675284,-2.041657,-0.917270,0.314152,-1.697884,-1.544625,-2.633469,-1.277889,-1.668955,1.001176,-2.116947,-1.528937,-0.086364,-1.743558,-1.454902,2.575384,-1.262813,-0.935823,-0.133414,-1.685613,-1.349408,0.335625,-1.431769,-1.514687,0.292446,-1.596001,-1.391029,-0.984738,-1.479463,-1.410017,0.661295,-1.492296,-1.745378,0.931366,-1.912469,-1.694281,1.535298,-1.677159,-0.353829,-1.231603,-1.946983,0.204805,-1.200543,-1.641381,1.079888,-0.158433,-1.495787,1.395779,-0.719244,-1.787681,2.698171,-1.215871,-1.972265,-0.818093,-1.748837,-1.420361,-1.035186,-0.077090,-1.383508,-0.841841,1.331529,-1.306826,-1.009737,1.026939,-1.381050,-1.181503,1.086565,-2.066687,-1.437640,1.973312,-1.905897,-1.234065,3.010347,-2.004250,-0.757996,-0.743570,-2.165837,-0.803834,-0.157763,-1.658583,-0.843067,1.157591,-1.938264,-1.256911,0.956891,-2.012014,-1.425412,0.440484,-2.036756,-1.273739,1.200241,-2.027399,-1.369191,0.960636,-2.202300,-0.929725,1.398697,-2.090073,-1.074213,1.380176,-2.022810,-1.600383,0.177943,-2.094289,-1.073464,-1.055515,-1.832337,-1.280649,-1.753091,-1.746786,-0.840940,1.966131,-2.132127,-1.292277,1.151498,-1.672334,-1.152695,2.778219,-1.978783,-1.358195,-1.151127,-1.594524,-1.120036,1.336571,-2.143641,-1.340900,-0.118553,-2.104686,-0.843110,0.985131,-1.732186,-0.621009,-2.540577,-2.088890,-1.045833,-0.864885,-1.543897,-0.865351,-0.822355,-1.936265,-1.026874,-1.051350,-1.582182,-1.227207,-1.652026,-1.970130,-0.715740,-1.776962,-1.942946,-1.440060,2.475468,-2.004296,-1.479120,0.122040,-2.007801,-1.003505,-1.203306,-1.954235,-1.471615,0.009925,-1.506557,-1.770395,-1.452795,-1.695252,-1.029543,0.145412,-1.491259,-1.209145,-0.446290,-1.958058,-1.187500,-1.794786,-2.136032,-1.069979,-2.064245,-2.047820,-1.239103,-0.446363,-1.868991,-1.060138,2.568722,-2.073854,-0.979621,-1.511499,-2.156531,-0.989434,-1.010591,-2.059093,-1.117082,-0.733599,-2.022721,-0.789459,0.030266,-2.135109,-1.309386,-0.584899,-1.982065,-0.870312,0.400492,-2.057010,-1.101810,-0.415418,-2.042056,-1.030122,-0.239338,-1.934668,-1.150751,1.419289,-2.107012,-1.397977,-0.774710
-1.194918,-1.005877,1.891984,-0.345864,-1.523604,1.335847,0.355064,-1.492734,1.189293,2.206087,0.051889,-0.979934,1.216449,-0.494462,0.149799,-2.335727,-0.777097,-1.761115,-1.529324,-0.040879,-0.033280,-2.902729,0.293449,-1.634319,0.446586,-0.793488,0.420820,-0.201291,-0.974064,0.039769,-0.663942,-0.663956,-0.651622,-0.000000,-0.000000,-0.000000,-0.089624,-0.309637,0.857208,1.480447,1.479546,1.491496,-0.000000,-0.000000,-0.000000,-0.689517,-1.245860,0.968635,-1.409169,-0.894323,1.732221,-1.605990,-2.130923,-0.888118,-0.781291,-0.032635,-1.998820,-0.000000,-0.000000,-0.000000,-0.000000,-0.000000,-0.000000,-0.000000,-0.000000,-0.000000,-0.000000,-0.000000,-0.000000,-0.000000,-0.000000,-0.000000,-0.000000,-0.000000,-0.000000,-1.344037,-1.855644,-0.421396,-1.162076,-1.122049,-0.131794,-1.471081,-1.125999,-0.033471,-2.334757,-1.349054,-0.519661,-2.264147,-0.890866,0.020420,-1.862575,-0.663395,0.154238,-1.525719,0.154619,0.724451,-1.411809,-0.187361,-0.219626,-2.092170,-1.418223,-0.157089,-1.990047,0.370117,0.121639,-1.430783,-0.425458,-0.442956,-1.333096,0.524695,-0.561055,-2.145675,-0.515843,1.400189,-2.440218,-0.357330,-0.822096,-1.351448,-0.592935,-1.524556,-1.978472,-0.407123,-1.453714,-2.384039,-1.365510,-0.435869,-2.269796,-0.798232,-0.879259,-0.643773,-0.739653,-0.926401,-0.728465,-0.624001,-0.941815,-1.074944,0.026815,-0.024481,1.142292,-0.565664,0.562910,0.301711,-0.808006,-0.058799,0.062154,-0.833587,1.478961,-0.393850,-0.982795,0.638010,-0.669498,-1.213990,0.785418,-0.662955,-0.131473,0.148261,-1.125786,0.007873,-0.028980,-1.351776,-0.084445,-0.568070,-1.492298,-0.017428,-1.638154,-0.398864,0.054449,-1.248392,-0.401807,0.322142,-2.378937,0.053680,-0.104371,0.094166,-0.255598,0.294449,-1.603356,0.347781,0.096835,-2.120444,0.234193,0.025257,-1.241541,0.007375,0.047342,-1.744172,-0.039379,-0.025489,-1.381317,0.822799,-0.016114,-3.249124,0.837651,0.189301,0.183115,0.800616,0.212734,-0.526824,0.536985,0.243064,-0.843565,-2.041911,-0.924743,0.430387,-1.998056,-1.553419,-2.511904,-1.277889,-1.674271,0.977998,-2.116947,-1.532420,-0.012485,-1.743761,-1.457506,2.477374,-1.262813,-0.937227,-0.216586,-1.685613,-1.350395,0.397086,-1.431576,-1.515676,0.211801,-1.595618,-1.391891,-1.032268,-1.479107,-1.190750,0.678960,-1.491933,-1.457204,0.920270,-1.911830,-1.696610,1.532024,-1.676398,-0.357519,-1.224590,-1.946180,1.005534,-1.238908,-1.640700,1.073620,-0.144897,-1.495168,2.628398,-0.659475,-1.787049,2.689760,-1.101919,-2.230111,-0.823365,-1.594583,-1.420361,-0.611415,-0.273517,-1.383508,-0.847315,1.301823,-1.533175,-1.445808,1.146566,-1.380833,-1.185835,1.405955,-2.066285,-1.444233,2.026021,-1.905468,-1.240827,3.065755,-2.003795,-0.762306,-0.760004,-2.165165,-0.811793,-0.226657,-1.658006,-1.602430,1.253017,-1.938053,-1.262468,0.971744,-2.011808,-1.428679,0.435376,-2.036552,-1.279208,1.185270,-2.027196,-1.373264,0.931215,-2.202300,-0.932376,1.490901,-2.089881,-1.077625,1.458024,-2.022622,-1.604326,0.133826,-1.883897,-1.076374,-1.141162,-1.832146,-0.886494,-1.889541,-1.746786,-0.847333,1.989114,-2.132127,-1.298755,1.158620,-1.672117,-1.158939,2.741468,-2.213236,-1.365213,-1.074658,-1.594290,-1.124828,1.325489,-2.143641,-1.345456,-0.087475,-2.104259,-0.848831,0.954026,-1.731766,-0.624719,-2.462392,-2.088466,-1.049649,-0.845356,-1.543289,-0.871358,-0.803502,-1.935833,-1.034096,-1.054654,-1.581773,-1.234175,-1.540495,-1.969894,-0.717581,-1.811952,-1.942749,-1.442570,2.440703,-2.004103,-1.481718,0.005268,-2.007620,-1.342108,-1.395362,-1.953874,-1.474424,-0.127407,-1.506368,-1.773146,-1.154473,-1.694881,-1.031051,0.084663,-1.491077,-1.210720,-0.141101,-1.957688,-1.188862,-1.849191,-1.927238,-1.071299,-2.181404,-2.047624,-1.240432,-0.483069,-1.868991,-1.283009,2.575174,-2.073642,-0.981057,-1.554358,-1.941234,-0.991337,-1.073174,-2.058909,-1.119062,-0.875037,-2.022351,-0.791289,-0.137556,-1.908522,-1.310970,-1.072484,-1.981707,-0.871758,0.250853,-2.056827,-1.103228,-0.504257,-2.041863,-1.031552,-0.327504,-1.934668,-1.154696,1.352083,-2.106377,-1.404613,-0.702225
-1.197879,-1.009569,1.912485,-0.349037,-1.532538,1.244374,0.356465,-1.528767,1.227001,2.207973,0.055087,-1.055905,1.498353,-0.390967,1.577013,-2.302862,-0.749249,-2.220345,-1.541054,-0.036750,-0.950241,-2.931521,0.296722,-1.857179,-1.616938,-0.784175,1.411010,-0.337991,-0.409326,0.819003,-0.663942,-0.663956,-0.651622,-0.000000,-0.000000,-0.000000,-1.213990,-0.309637,1.664772,1.480278,1.479546,1.709876,-0.000000,-0.000000,-0.000000,-0.690708,-1.247167,0.887629,-1.411922,-0.894732,1.801285,-1.609401,-2.124774,-0.969105,-0.776985,-0.036715,-1.896191,-0.000000,-0.000000,-0.000000,-0.000000,-0.000000,-0.000000,-0.000000,-0.000000,-0.000000,-0.000000,-0.000000,-0.000000,-0.000000,-0.000000,-0.000000,-0.000000,-0.000000,-0.000000,-1.390505,-1.215686,-1.460040,-1.194373,-1.107384,0.234227,-1.500520,-1.119971,0.322672,-2.361624,-1.349054,0.266042,-1.898273,-0.890866,-0.494119,-1.889108,0.627300,0.820015,-1.551657,-0.477118,0.685842,-1.442284,-0.949317,0.240262,-2.123144,-1.427929,0.203995,-2.024309,1.621882,1.421699,-1.466708,-0.430516,-0.387508,-1.922743,0.514280,0.026261,-2.179773,-0.527027,1.353520,-2.473296,0.791182,-1.022824,-2.492725,0.904195,-1.088496,-2.576398,0.831629,-0.857677,-2.975153,-0.599529,1.735835,-2.749983,1.003448,-1.932241,-3.036166,1.609581,-2.299504,-2.306069,0.610798,-1.745511,-1.805684,0.019206,-0.941962,1.390182,-0.496962,0.218566,0.588375,-0.662579,-1.103508,0.896660,-0.068362,-1.265403,0.490786,0.212273,0.624798,-0.007035,0.536743,0.921870,-0.324631,-0.332772,-0.655224,-0.974522,-0.839751,0.115934,-1.283313,-1.026185,0.217377,-1.196804,-1.155286,0.785460,-0.418192,-0.172423,-1.408595,-1.424609,-0.625782,-1.810807,-1.431769,-0.881860,-2.307499,-1.039842,-0.824971,-1.864942,-0.120636,-0.049432,-2.198347,0.104327,0.018662,-2.848969,-0.102591,-0.023225,-0.639794,-0.143610,0.024257,-0.885790,0.410338,-0.055968,-2.967701,0.685615,0.183793,-1.951070,0.790670,0.225931,-0.054009,1.103013,0.269518,-0.570567,-2.043661,-0.926602,0.621876,-1.999989,-1.556829,-2.565022,-1.280030,-1.677251,0.994055,-2.118743,-1.535335,0.020538,-1.745161,-1.460111,2.596029,-1.495352,-0.939190,-0.329742,-1.687444,-1.351748,0.963493,-1.433556,-1.517265,0.386293,-1.597729,-1.393253,-1.344611,-1.481217,-1.192367,0.949527,-1.494352,-1.459091,0.979587,-1.914802,-1.699867,1.555362,-1.679975,-0.361234,-1.091097,-1.950218,0.195936,-1.276036,-1.644105,1.070106,-0.162466,-1.498243,2.624958,-0.522913,-1.790190,2.687668,-0.941055,-2.231770,-0.823938,-1.672994,-1.422044,-1.038705,-0.329494,-1.385171,-0.847934,1.268104,-1.535261,-1.446213,1.395932,-1.383265,-1.185835,1.459191,-2.068698,-1.444233,2.052103,-1.908098,-1.240827,3.026473,-2.006707,-0.762306,-0.695551,-2.168304,-0.811793,-0.215560,-1.449623,-1.602430,1.424452,-1.940271,-1.263822,0.981178,-1.802482,-1.429492,0.191281,-2.038678,-1.281224,0.931822,-2.029311,-1.374773,0.301426,-1.980241,-0.933862,0.924388,-2.091838,-1.079609,1.120130,-2.024735,-1.606619,-0.074643,-1.886216,-1.078059,-1.162368,-1.834208,-1.284688,-1.815488,-1.748730,-0.848056,1.975549,-2.134020,-1.300408,1.220328,-1.674247,-1.160532,2.847801,-2.215397,-1.366007,-1.131254,-1.596589,-1.125414,1.340739,-2.145554,-1.346013,0.048056,-2.106828,-0.849450,1.016863,-1.734568,-0.625618,-2.404336,-2.091175,-1.050155,-1.045437,-1.545946,-0.872814,-0.783300,-1.938597,-1.034913,-1.078894,-1.584435,-1.234963,-1.498381,-1.719965,-0.718905,-1.878533,-1.944969,-1.444670,2.495848,-2.006004,-1.483613,-0.056961,-2.009661,-1.343645,-1.415736,-1.956087,-1.476473,-0.177726,-1.508680,-1.775380,-1.109173,-1.697154,-1.032559,0.217922,-1.493304,-1.211869,-0.042821,-1.959911,-1.189831,-1.848741,-1.929346,-1.072230,-2.254977,-2.049553,-1.241377,-0.681875,-1.871111,-1.284037,2.546988,-2.075655,-0.982494,-1.743813,-1.943408,-0.993227,-1.123583,-1.856912,-1.121028,-0.978025,-2.024619,-0.793107,-0.241511,-1.911028,-1.312533,-0.887666,-1.983900,-0.873195,0.153340,-2.058883,-1.104636,-0.611924,-2.043763,-1.032973,-0.408598,-1.936551,-1.155702,1.494682,-2.109151,-1.406306,-0.824665
-1.198321,-1.003391,1.844304,-0.350943,0.553617,0.890603,0.335746,-1.478489,1.241508,1.641497,0.048692,-1.070366,1.496321,-0.290957,1.273990,-2.285674,-0.740078,-1.787055,-1.549480,-0.007493,-1.715377,-2.911934,0.313292,-2.045903,-1.580557,0.421923,1.086659,-0.337991,0.738591,-0.282495,-0.663942,-0.663956,-0.651622,-0.000000,-0.000000,-0.000000,-0.103331,-0.293537,1.471601,-0.717797,-0.717800,-0.711982,-0.000000,-0.000000,-0.000000,-0.691880,-1.245860,0.906399,-1.412588,-0.903514,2.151521,-1.611101,-2.128873,-1.017681,-0.781711,-0.028618,-1.892434,-0.000000,-0.000000,-0.000000,-0.000000,-0.000000,-0.000000,-0.000000,-0.000000,-0.000000,-0.000000,-0.000000,-0.000000,-0.000000,-0.000000,-0.000000,-0.000000,-0.000000,-0.000000,-1.351313,0.695204,-1.034529,-1.165686,-0.411049,0.443737,-1.473126,-1.089835,-0.416340,-2.335332,-1.322387,0.244783,-1.872382,-0.854594,-0.571661,-2.206783,1.298486,1.005823,-2.587004,0.800004,2.019555,-1.853699,-0.165413,-0.922437,-2.091834,-2.067911,1.001734,-1.994440,1.644664,1.631928,-1.905078,-0.400170,0.326079,-1.335099,0.545525,0.015948,-1.635955,-0.493474,1.588058,-2.444691,0.239919,-0.489173,-1.905720,0.420914,-0.024058,-1.981711,-0.389021,0.282928,-1.831949,-1.342959,0.355846,-2.719275,0.119003,-1.127220,-1.822683,-0.131999,-0.816013,-1.494332,0.015953,-0.607424,-1.078932,0.042031,1.398007,1.026572,-0.224789,-1.155725,0.636933,-0.255154,-1.044983,0.457924,0.098243,-1.767277,0.028793,0.061172,-2.564994,0.291962,0.442111,-1.845097,-0.353198,-0.345599,-0.943902,-1.125886,-0.750759,0.141423,-1.100611,-1.057489,0.394158,-0.735986,-1.194990,0.920762,-0.460141,-0.201191,-0.630577,-0.494578,0.004650,-4.000675,-0.161030,-0.034505,-0.900268,0.377325,0.090713,0.676360,-0.159656,-0.092777,-1.601816,-0.152960,-0.078738,-1.560192,0.308558,0.117823,-1.748173,0.614820,0.349867,-0.969329,0.200473,-0.097293,-2.526964,0.296832,0.102216,-1.754376,0.832861,0.313553,0.626904,1.463542,0.482388,0.449904,-2.263933,-0.535985,-0.605691,-1.633262,-0.851056,-2.627981,-1.501201,-1.034632,2.032390,-2.056664,-1.553958,0.005769,-1.894945,-1.385681,1.453161,-1.395332,-1.149021,0.730983,-1.782134,-1.259637,3.032896,-1.483787,-1.620652,0.646833,-2.019980,-1.290266,-1.321321,-1.632608,-1.519460,-0.703800,-1.615491,-1.335917,-0.537062,-1.788653,-1.550523,2.636776,-1.774819,-0.271766,-1.438773,-2.035677,0.152163,-1.722375,-1.463826,0.828835,-0.722222,-1.557790,0.822304,-0.566559,-1.621113,1.949979,-0.422481,-2.147403,-0.748889,-2.245949,-1.551389,-1.026533,0.323015,-1.484182,-0.845507,1.455920,-1.604667,-1.441032,1.582618,-1.425783,-1.150197,1.387398,-1.827724,-1.395875,1.862583,-1.855338,-1.244542,3.334369,-2.164155,-1.302448,-0.624863,-2.292028,-0.816166,0.780469,-1.533400,-1.551176,1.650445,-1.948686,-1.077344,0.376950,-1.808901,-1.722953,0.453448,-2.046744,-1.686461,0.717872,-2.037334,-1.615098,-0.547004,-2.016114,-1.448253,-0.015812,-1.898896,-1.202940,-0.431444,-2.031080,-1.131689,-0.802123,-1.877136,-1.187626,-1.584231,-1.812332,-1.393089,-1.024619,-1.630104,-0.600659,1.469417,-2.001358,-1.074545,0.679727,-1.511934,-0.942827,2.715945,-2.031904,-1.094381,-1.395095,-1.673062,-1.563982,1.626183,-2.011577,-1.136962,0.172635,-2.070450,-0.634781,0.375895,-1.673221,-1.014219,-2.370343,-2.009837,-1.463006,0.407612,-1.666891,-1.469261,-0.368121,-2.084433,-0.755401,-0.962812,-1.524155,-0.965274,-2.189425,-1.784933,-1.276963,-2.114753,-1.762291,-1.458091,2.400381,-2.025760,-1.110627,-0.110221,-2.015793,-1.369941,-0.668338,-1.949069,-1.073251,0.528264,-1.479108,-1.296765,-1.303010,-1.651539,-1.018442,0.871699,-1.464825,-0.939458,-0.663191,-1.951208,-0.956624,-1.384920,-1.933946,-1.050096,-1.086350,-2.069599,-1.013810,-0.458127,-1.909879,-1.040384,2.035706,-2.124938,-1.231984,-1.260198,-1.962008,-1.332613,-1.700530,-1.861412,-1.114125,-1.413815,-2.017429,-1.119506,-0.668656,-2.099941,-1.014029,-0.222345,-1.976949,-1.131166,-0.513232,-2.065060,-1.099693,-0.972895,-2.063501,-1.027986,-1.228874,-2.018852,-1.547457,1.067451,-2.038825,-1.174979,-0.492188
-1.196245,-1.016149,1.914579,-1.133265,-1.593384,2.301133,-1.032998,-1.510328,0.828804,1.639500,0.054287,-0.891847,1.765869,-0.185008,0.442705,-2.307399,-2.326790,-0.079531,-3.084936,-0.078496,-2.099923,-2.915793,0.306664,-1.968202,-1.574847,0.420759,-0.103655,-0.292683,0.169518,-0.833718,-0.663942,-0.663956,-0.651622,-0.000000,-0.000000,-0.000000,-1.212919,0.343017,0.456698,-0.717797,-0.717800,-0.711982,-0.000000,-0.000000,-0.000000,-0.691285,-1.251008,1.018673,-1.411484,-0.911887,2.217407,-1.611101,-2.132148,-1.062813,-0.785151,-0.044812,-2.057768,-0.000000,-0.000000,-0.000000,-0.000000,-0.000000,-0.000000,-0.000000,-0.000000,-0.000000,-0.000000,-0.000000,-0.000000,-0.000000,-0.000000,-0.000000,-0.000000,-0.000000,-0.000000,-1.829358,0.302066,-1.787098,-1.198297,-0.729796,0.982712,-1.988384,-1.240370,-0.910208,-2.128084,-1.263783,0.586014,-2.118197,-0.550267,-0.498939,-1.895798,0.129826,-0.440091,-2.342289,-0.131707,1.315762,-1.602935,-1.163108,-1.462001,-1.886443,-1.524876,1.524770,-1.996646,0.552203,-0.791387,-1.510173,-0.703382,-0.260096,-1.526844,-0.333730,-1.984664,-1.393494,-0.594065,0.953565,-2.438436,-0.206985,-0.615414,-0.850285,-1.341478,0.641070,-2.140496,-0.597025,-0.065598,-1.534392,-1.495042,-0.721958,-2.267864,-0.716337,-0.732146,-1.269480,-1.081951,0.633741,-0.872107,-1.525318,-1.110510,-0.564033,-0.155600,0.602761,0.948534,0.029747,-0.439383,1.365429,-0.069344,-1.690842,0.692023,0.323238,-1.398461,0.343482,0.183158,-2.284232,0.863740,0.318909,-1.788645,0.095260,-0.403975,-1.739764,-0.613154,-0.853384,-2.449545,-0.716253,-0.970132,-0.392961,-0.216345,-1.043897,0.501794,-0.160695,-0.387133,-0.666598,-1.725188,-0.916047,-2.489207,-1.662758,-1.490671,-0.317560,-1.146752,-1.724397,0.547293,-0.184338,-0.272314,-0.757081,-0.567240,-0.323454,-0.963541,0.678855,-0.293684,-1.351018,0.786851,0.417949,-0.694148,0.109756,-0.154014,-1.352153,-0.090825,-0.015477,-1.256342,0.519124,0.195052,-0.950253,1.095186,0.383675,-1.080332,-2.241919,-0.948983,-0.506935,-1.619183,-1.592095,-2.443894,-1.492386,-1.708224,1.901823,-2.053527,-1.563886,-0.491022,-1.904751,-1.484507,2.681675,-1.435254,-0.956860,0.230863,-1.851961,-1.365054,1.479120,-1.595149,-1.315062,1.445152,-1.756607,-1.405720,-1.728961,-1.627696,-1.427053,0.638562,-1.650972,-1.476945,1.210095,-1.864474,-1.728720,0.716328,-1.898842,-0.395173,-0.791311,-1.887774,0.161093,-0.667506,-1.837932,0.067563,-0.361338,-1.674218,1.347807,-0.996926,-1.741943,0.383446,-1.496154,-2.163516,-0.831547,-2.218246,-1.590862,-1.469562,0.432376,-1.553806,-0.852789,1.487578,-1.478356,-1.449386,1.756129,-1.564587,-1.191148,1.367559,-2.017070,-1.452317,1.014460,-1.852922,-1.247558,1.405263,-1.951695,-1.286632,-1.225784,-1.872669,-0.819716,-1.322991,-1.615042,-1.610071,1.540477,-1.887754,-1.276317,-0.371556,-1.962981,-1.438448,-0.797445,-1.988343,-1.299564,0.023707,-1.979245,-1.390524,-1.235487,-1.925198,-0.948939,-1.092216,-1.826853,-1.099565,-0.573705,-1.765551,-1.629680,-1.063620,-1.836169,-1.094786,-1.458581,-1.786529,-1.298545,-2.165739,-1.688235,-0.863676,1.654851,-2.075474,-1.315812,0.083479,-1.616167,-1.175380,2.978564,-1.688207,-1.383157,-1.351659,-1.533889,-1.791725,1.507353,-2.086427,-1.359168,-0.706832,-2.052478,-0.862747,-0.861575,-1.680769,-1.133936,-1.225829,-1.814090,-1.578328,-0.903439,-1.496835,-1.697392,0.143295,-1.655848,-1.052561,-1.037581,-1.533391,-1.251990,-0.035972,-1.657074,-0.732945,-1.817258,-1.890813,-1.465246,2.077350,-1.956042,-1.500517,-1.204435,-1.759191,-1.357876,-2.252085,-1.706984,-1.494747,-1.078686,-1.459384,-1.797181,0.116546,-1.856058,-1.045670,-0.311380,-1.445829,-1.224168,0.746166,-1.710821,-1.200289,-1.977149,-1.670832,-1.082550,-2.556119,-1.789358,-1.251582,-1.623448,-2.044620,-1.295037,1.968144,-2.021559,-1.255766,-2.227677,-1.676072,-1.009030,-1.376152,-1.807916,-1.137470,-1.384462,-1.769439,-1.138662,-1.494597,-1.858386,-1.325952,-1.265111,-1.936436,-1.146305,-1.089252,-1.806597,-1.116409,-0.985230,-1.787556,-1.044850,-0.945784,-1.879252,-1.165604,0.364814,-1.824044,-1.422082,-0.863218
-1.187373,-1.023985,1.717255,-1.129144,-1.517216,1.612459,-1.038312,0.629060,0.503025,0.497451,-0.357777,-0.779479,1.767956,0.425544,1.895436,-2.311966,-2.314239,-1.087075,-3.099971,-0.082676,-1.422202,-1.374457,-1.391750,-1.162108,0.445365,-0.173565,0.582244,-0.204469,0.160835,0.256034,1.578899,1.599534,1.277405,-0.000000,-0.000000,-0.000000,-0.097973,-0.296016,1.462553,1.479586,1.479546,1.275327,-0.000000,-0.000000,-0.000000,-0.688922,-1.260858,1.146461,-1.406409,-0.918576,2.064828,-1.611944,-2.141572,-1.046009,-0.776118,-0.058966,-2.196487,-0.000000,-0.000000,-0.000000,-0.000000,-0.000000,-0.000000,-0.000000,-0.000000,-0.000000,-0.000000,-0.000000,-0.000000,-0.000000,-0.000000,-0.000000,-0.000000,-0.000000,-0.000000,-1.838657,-0.269365,-0.311151,-2.042890,-1.342748,1.526087,-1.587950,-1.162089,-0.639778,-1.734489,-0.459203,0.625127,-1.330118,-2.477968,-0.210512,-1.900506,-0.461552,-0.545274,-0.918930,-0.708908,-1.043274,-1.606791,-1.859287,-0.808915,-0.934119,-0.797595,-0.196447,-2.439825,0.606824,-2.386078,-1.516335,-0.647748,-1.035712,-1.532463,-1.722756,0.393503,-1.397589,-2.856708,-0.192102,-2.444691,0.423656,-3.383054,-1.967604,-0.792812,-0.452134,-1.583910,-0.542775,0.361216,-1.539619,-0.650200,0.752607,-2.723811,0.236926,-1.199337,-2.463333,0.158952,-0.895003,-3.185224,-0.844819,-1.337704,-2.635446,-1.694805,-0.340308,1.393886,0.248935,0.691673,1.279560,0.610346,0.581048,1.200235,0.729563,0.710108,1.333931,0.807535,0.536695,1.533470,0.893931,0.904839,0.822542,-0.009056,-0.191035,0.427302,-0.417652,-0.034343,0.716273,-0.422298,-0.218164,0.952449,-0.222812,0.505699,0.331325,-0.218184,-1.058871,-1.300026,-1.146859,-0.306705,-1.232178,-1.811103,0.508671,-0.881879,-2.139207,1.354483,-0.413173,-0.273834,-1.900144,-1.336592,-1.226944,-2.600490,-1.163678,-1.640818,-1.497109,-0.752543,-1.842412,-0.467720,-0.626619,-0.146315,-0.883418,-1.486662,-0.595854,0.596391,-1.677866,-0.921728,-0.122789,-1.553815,-0.910392,1.311546,-1.975907,-0.957405,-1.271887,-1.324809,-1.587608,-2.336169,-1.497723,-1.696179,1.719880,-1.813963,-1.547560,-0.986403,-1.907949,-1.467534,1.879408,-1.436740,-1.248041,0.579075,-1.630633,-1.354103,0.566860,-1.592782,-1.519064,0.026190,-1.333769,-1.394782,-1.276246,-1.430054,-1.414486,0.517228,-1.439351,-1.752038,1.194371,-1.851304,-2.212176,-0.156870,-1.881427,-1.042332,-0.849210,-1.868301,-0.625548,-0.636394,-1.575561,0.080061,-0.430107,-1.659229,0.108308,-1.175432,-1.726629,0.371876,-1.495824,-1.651624,-0.846195,-2.728903,-1.592331,-1.909057,0.871429,-1.327226,-1.534015,1.597224,-1.476490,-1.462127,1.830665,-1.320399,-1.204615,1.286204,-1.791227,-1.472842,0.572009,-1.843905,-1.271498,-0.063733,-1.697618,-1.824374,-1.227798,-1.617184,-0.847894,-1.161260,-1.602592,-1.629439,0.813751,-1.664898,-1.288108,-1.512409,-1.746649,-1.886004,-1.075156,-1.774748,-2.040104,-0.319269,-1.766792,-1.389511,-1.794687,-1.697577,-1.762293,-1.603006,-1.822540,-1.621734,-1.261073,-1.551535,-1.620671,-1.337143,-1.620369,-1.543093,-1.726880,-1.576705,-1.294178,-1.940786,-1.689093,-0.872209,1.378588,-1.846385,-1.328835,-0.362678,-1.614262,-1.187933,2.640628,-1.684965,-1.392525,-1.382246,-1.531833,-1.798912,1.658630,-1.855067,-1.365443,-0.894838,-1.811954,-1.560073,-1.184725,-1.437587,-1.643172,-0.725240,-1.803678,-1.587866,-0.575226,-1.485169,-1.709345,0.578156,-1.645016,-1.062201,-0.874019,-1.524363,-1.261292,-0.139609,-1.402244,-1.011571,-1.343266,-1.887582,-1.453481,1.443966,-1.745382,-1.491882,-1.104711,-1.552370,-1.350143,-1.673507,-1.701434,-1.485411,-0.999998,-1.452439,-1.784942,0.251677,-1.848277,-1.311419,-0.589175,-1.439141,-1.215966,0.812268,-1.503772,-1.193312,-1.610845,-1.457033,-1.279503,-2.020539,-1.575620,-1.244774,-1.573907,-2.041232,-1.287701,1.015029,-1.581493,-1.248086,-2.092458,-1.456612,-1.342733,-1.496564,-1.598959,-1.127276,-1.679944,-1.763754,-1.129238,-1.713081,-1.850478,-1.317530,-1.288234,-1.731694,-1.138858,-1.377722,-1.598276,-1.109110,-1.091559,-1.577095,-1.295664,-1.201952,-1.878201,-1.710688,0.417924,-1.581687,-1.435420,-0.875462
-1.182499,-1.018635,1.599585,-0.341588,0.578730,0.937870,0.348903,0.623204,0.047104,0.482141,-0.368958,-0.699807,1.504184,0.528532,1.273224,-2.274040,-0.766395,-0.659647,-3.100558,-0.003313,-1.858132,-1.376831,0.260309,-1.197729,0.451898,-0.187522,0.522064,-0.214001,-0.391946,0.162157,-0.663942,-0.663956,-0.651622,-0.000000,-0.000000,-0.000000,-0.104820,-0.310877,0.964585,1.479708,1.479546,1.687309,-0.000000,-0.000000,-0.000000,-0.685983,-1.262139,1.257453,-1.405527,-0.915640,1.978062,-1.620869,-2.147721,-1.096903,-0.779138,-0.074171,-2.209714,-0.000000,-0.000000,-0.000000,-0.000000,-0.000000,-0.000000,-0.000000,-0.000000,-0.000000,-0.000000,-0.000000,-0.000000,-0.000000,-0.000000,-0.000000,-0.000000,-0.000000,-0.000000,-1.757832,0.690628,-1.380342,-1.860271,-1.107384,0.554378,-1.324771,-1.180171,1.368065,-1.385749,-2.180237,-1.247552,-1.303376,-1.079301,0.315881,-2.095185,1.167056,-0.261286,-2.100394,0.622750,0.892008,-1.672535,-1.163108,0.666347,-1.409934,-2.300690,-0.052868,-2.293972,2.131690,0.044757,-2.212051,-0.607348,-0.099432,-1.670554,0.295752,0.986289,-0.906400,-1.543778,1.546621,-2.322235,1.267299,-1.651677,-2.821374,1.282126,0.195952,-2.329271,0.650778,-0.105861,-2.152036,-0.841679,1.811672,-2.141836,1.828951,-1.024577,-3.390607,1.481238,-2.201909,-1.986136,0.457590,-1.021226,-2.188384,-0.121409,-0.068118,1.368348,0.576339,0.060497,1.342480,0.849754,0.671437,1.169412,0.984473,0.710337,1.308283,1.028776,0.829514,1.539029,1.092485,0.686715,0.966925,0.288219,0.467320,0.789803,-0.204109,0.484455,1.083341,0.011502,-0.082086,0.956797,0.281919,0.440272,0.525174,0.026603,-0.092743,-0.843321,-0.892559,-0.248391,-0.879308,-1.722467,0.642226,-0.567164,-2.122277,1.027421,-0.290090,-0.142916,-0.582893,-1.392133,-1.177204,-1.143103,-1.111644,-1.847469,0.690459,-0.761146,-2.132034,1.234320,-0.684038,-0.169203,-0.157750,-1.477362,-0.660406,0.623093,-1.841928,-1.117627,1.037561,-1.772134,-1.181668,1.357512,-1.714637,-0.571454,-1.525856,-1.328944,-0.884124,-1.956464,-1.499331,-1.050487,2.033317,-1.809258,-1.562132,-1.044560,-1.892943,-1.387842,0.893331,-1.392143,-1.148747,1.381865,-1.554692,-1.258460,1.587255,-1.478049,-1.618674,0.178541,-1.591585,-1.288209,-2.010963,-1.432151,-1.739749,1.057513,-1.401451,-1.334333,1.003793,-1.775483,-1.550523,1.152031,-1.476499,-0.952262,-0.623847,-1.720683,-0.670739,-1.634332,-1.448006,-0.167477,-0.640617,-1.318375,-0.465120,-0.580883,-1.606422,0.758012,-0.587099,-1.625318,-0.778207,-2.586960,-1.548236,-1.909456,0.962272,-1.251369,-1.545583,1.686768,-1.370813,-1.462532,1.970392,-1.176064,-1.174760,1.430323,-1.598041,-1.433971,0.909209,-1.603612,-1.285723,1.396648,-1.661834,-1.329770,-1.090051,-1.789974,-0.864636,-1.192671,-1.307727,-1.586502,1.800531,-1.721411,-1.867652,-1.210774,-1.801508,-1.739671,-0.218577,-1.618381,-1.710214,-0.286084,-1.611262,-2.187634,-2.018667,-1.557583,-1.869992,-1.158930,-1.676889,-1.747981,-2.100911,-1.602297,-1.761513,-1.970252,-1.657452,-1.655162,-2.051509,-1.599145,-1.401836,-0.939829,-1.626233,-1.408943,0.713203,-1.765938,-1.110277,-0.617475,-1.506403,-0.977269,2.372038,-1.552195,-1.126393,-1.634598,-1.415395,-1.588624,1.879270,-1.773822,-1.160389,-0.701744,-1.826077,-1.354888,-1.043246,-1.426606,-1.539586,-1.210301,-1.770395,-1.484537,-0.064564,-1.430529,-1.502055,0.248302,-1.607443,-0.788342,-1.288855,-1.288975,-0.997058,-0.353497,-1.269740,-1.279612,-0.709880,-1.755828,-1.463982,0.999286,-1.602732,-1.528303,-1.191509,-1.601425,-1.713821,-0.433687,-1.535791,-1.524785,-0.638353,-1.258580,-1.303134,-0.503553,-1.642227,-1.297303,0.997277,-1.252445,-1.190915,0.326216,-1.537660,-1.170286,-1.553737,-1.505973,-1.051592,-1.261866,-1.640375,-1.015316,-1.299123,-1.903103,-1.042017,0.704339,-1.457802,-1.234642,-1.587193,-1.521333,-1.682763,-1.766793,-1.442765,-1.838410,-2.349029,-1.594071,-1.789357,-1.524137,-1.862339,-1.016940,-0.698875,-1.567644,-1.397317,-1.392980,-1.442557,-1.360287,-1.573717,-1.640857,-1.551232,-1.776995,-1.785700,-1.568731,0.826397,-1.793477,-1.211576,-0.889210
-1.176281,-1.023985,1.595356,-1.121222,0.578730,1.518103,-1.039714,0.620698,-0.038227,0.456069,-0.776226,-0.618938,0.938876,1.138289,0.117853,-2.262406,-0.746204,-1.643155,-3.068083,-0.011673,-1.368732,-1.370018,-1.398378,-0.709633,0.448232,0.427730,0.484632,-0.284728,0.740766,0.089312,-0.663942,-0.663956,-0.651622,-0.000000,-0.000000,-0.000000,-0.091976,0.346720,0.344634,1.479833,1.479546,1.207717,-0.000000,-0.000000,-0.000000,-0.671196,-1.260414,1.329744,-1.399791,-0.914389,1.554061,-1.609401,-2.145671,-1.126514,-0.779558,-0.127822,-1.941994,-0.000000,-0.000000,-0.000000,-0.000000,-0.000000,-0.000000,-0.000000,-0.000000,-0.000000,-0.000000,-0.000000,-0.000000,-0.000000,-0.000000,-0.000000,-0.000000,-0.000000,-0.000000,-1.204609,-1.087672,0.381831,-1.445510,-1.004367,0.275752,-1.322726,-1.053745,-1.132524,-1.382608,-0.608411,0.815827,-1.299104,-1.934425,-0.746210,-1.754443,-0.668093,-0.072404,-1.041930,-1.163391,0.307160,-1.229353,-1.809904,0.788940,-0.933426,-0.880041,0.903990,-1.862764,-0.271712,-1.109478,-1.272002,-0.506319,0.092373,-1.667354,-1.748793,1.950191,-0.901581,-2.208631,-0.635019,-1.096216,-0.369871,-1.939055,-1.724822,-0.643814,0.530724,-1.215260,-1.121422,0.136375,-0.492918,-0.740336,-0.127420,-1.255482,0.096050,-0.007963,-1.049396,-0.782434,-0.805046,-1.225226,-1.926410,-0.490793,-2.184909,-1.611206,0.580793,0.999740,1.001440,0.158954,1.129652,1.323628,0.666534,0.991829,1.461537,0.213776,1.059630,1.530511,0.629164,1.219938,1.399365,0.372082,0.927404,0.784276,0.578359,0.964576,0.526443,1.228145,0.878051,0.798478,-0.482913,0.314857,0.981169,1.071912,0.707160,0.333907,0.427197,-0.372235,-0.623450,-0.455965,-0.274773,-1.406846,0.018171,-0.112230,-1.601489,-0.520846,-0.149113,0.114017,-0.433776,-1.326305,-0.838719,-1.245222,-1.063461,-1.752464,0.199526,-0.681796,-1.932757,-1.487130,-0.707810,-0.039394,-0.460883,-1.489968,-0.599522,-0.002460,-1.850952,-1.047007,1.081718,-1.890863,-1.130677,1.302202,-1.361858,-0.575133,-0.997633,-1.241962,-0.890809,-0.718082,-1.415195,-1.057308,1.139875,-1.247671,-1.569098,-1.571428,-1.610976,-0.917167,-0.382690,-1.325884,-1.153507,1.067327,-1.491576,-1.047626,0.047610,-1.417136,-1.185767,-0.345768,-1.111887,-1.104460,-0.694735,-1.379412,-1.521472,0.292215,-1.345897,-1.339127,1.038380,-1.712408,-1.557963,-0.206613,-1.681779,-1.637075,-0.369497,-1.640923,-0.679668,-0.942654,-1.629159,-0.174578,-0.470049,-1.482845,-0.472046,-0.819286,-1.544534,0.754895,-1.110485,-1.031662,-1.420749,-1.466868,-1.482722,-1.478216,-0.175536,-1.415186,-0.877758,1.336319,-1.306419,-1.462127,0.877984,-1.350729,-1.174760,1.456837,-1.536944,-1.433971,0.225497,-1.537451,-1.284961,-0.621804,-1.349833,-1.328794,-1.278917,-1.234863,-0.863740,-0.566152,-1.463227,-1.586502,0.577837,-1.440836,-1.109275,-1.917033,-1.315924,-1.740882,-1.559056,-1.138947,-1.713583,-0.184765,-1.343791,-1.633868,-1.631625,-1.268309,-1.460296,-1.115838,-1.186550,-1.218056,-1.334330,-1.122360,-1.149157,-0.628694,-1.175410,-1.200575,-1.035456,-1.132753,-1.404762,-0.462163,-1.559281,-0.631956,-0.854887,-1.239086,-1.111930,-0.613625,-1.440680,-0.978862,0.604938,-1.249073,-1.128743,0.379435,-1.596140,-1.590433,1.262573,-1.241747,-1.162086,-0.521325,-1.526927,-0.662639,-1.198980,-1.361844,-1.035839,-0.282158,-1.252182,-1.485510,-0.600368,-1.369544,-1.503542,0.816796,-1.311323,-0.790761,-0.213724,-1.452194,-0.999391,-0.080245,-1.452604,-1.283047,-0.033473,-1.472306,-1.469003,0.105742,-1.128227,-1.120761,-0.186728,-1.137623,-1.378316,0.081632,-1.074047,-1.084206,-0.111527,-1.200207,-1.308561,0.884823,-1.376703,-1.024249,-0.890058,-1.196229,-0.944472,1.140285,-1.075598,-0.960885,-0.063206,-1.237283,-1.054225,-0.148013,-1.158921,-1.017967,-0.695995,-1.605862,-1.044868,-0.416516,-1.175407,-1.237768,-0.567580,-1.243899,-1.340521,-0.719084,-1.179931,-1.122005,-0.944376,-1.121065,-1.127111,-1.138479,-1.115384,-1.020364,-0.296240,-1.110337,-1.137177,-0.809512,-1.180523,-1.105335,-0.390971,-1.166784,-1.033678,-0.643919,-1.492731,-1.569698,-0.736970,-1.260899,-1.213269,-0.182726
-1.172887,-1.007108,1.414730,-1.124395,-1.512100,1.918794,-1.076947,0.619854,0.052307,0.447416,-0.773828,-0.508158,1.215967,1.242640,1.050934,-2.241175,-0.762715,-0.543154,-1.551885,-0.032571,-1.392906,-1.349833,-1.414907,-0.317419,0.480498,-0.185207,0.122293,-0.264063,0.165183,1.065391,-0.663942,-0.663956,-0.651622,-0.000000,-0.000000,-0.000000,-0.071853,-0.310877,0.425958,1.479740,1.479546,1.265258,-0.000000,-0.000000,-0.000000,-0.660863,-1.260414,1.321317,-1.395052,-0.910636,1.172713,-1.608545,-2.156320,-0.993350,-0.783864,-0.170347,-1.662682,-0.000000,-0.000000,-0.000000,-0.000000,-0.000000,-0.000000,-0.000000,-0.000000,-0.000000,-0.000000,-0.000000,-0.000000,-0.000000,-0.000000,-0.000000,-0.000000,-0.000000,-0.000000,-1.856440,-0.584824,-0.419518,-1.543010,-1.107384,0.286718,-1.436696,-1.119971,-1.453785,-1.120490,-0.613745,1.329287,-1.054141,-1.883734,0.017240,-1.152576,-0.658697,0.954486,-1.142346,-1.099757,0.646977,-1.372683,-1.700298,-0.593063,-0.156233,-0.758828,1.711040,-1.522677,0.370117,-0.121123,-1.862302,-0.425458,0.196815,-1.835887,-1.623939,1.069265,-1.589617,-2.057779,0.548088,-1.178157,0.219017,-0.465752,-2.404884,-0.095104,0.432551,-1.373674,-0.411648,1.195137,-0.675884,-0.593892,1.811487,-0.901008,0.102608,1.103069,-1.182477,-0.153415,0.241567,-2.185057,-1.245912,0.163441,-2.378510,-1.542777,-0.214849,0.935744,1.197883,0.124500,1.084752,1.468919,0.661739,0.767468,1.680851,0.071601,0.945072,1.734487,0.642089,1.114115,1.564819,0.403858,0.994229,0.990675,0.812777,0.955159,0.809866,0.800366,0.828678,1.072469,0.097283,0.241031,1.148033,0.762976,0.641930,0.528874,0.262177,-0.383213,-0.291890,-0.558266,-0.283179,-1.110068,0.504613,0.027444,-1.529811,0.211299,-0.209139,0.232160,-0.000164,-1.297610,-0.734495,-0.691307,-1.007256,-1.588461,0.523644,-0.687299,-1.862742,-1.182291,-0.751395,0.060192,-0.804977,-1.524137,-0.546531,0.098040,-1.886103,-0.939635,0.852005,-1.897529,-1.026590,1.536318,-1.417373,-0.964840,-1.656677,-1.308235,-1.599723,-1.453322,-1.481702,-1.705213,1.758780,-1.557147,-1.555735,-1.407199,-1.678768,-1.474479,1.463542,-1.193589,-0.642963,0.478713,-1.397705,-0.932420,-0.368452,-1.151877,-1.089935,1.305618,-1.114779,-1.212561,-0.751651,-1.421285,-1.198254,0.633947,-1.430437,-1.467074,0.932574,-1.610472,-1.714293,-0.722527,-1.591053,-1.052222,-0.879478,-1.562240,0.169962,-0.038849,-1.565382,0.069374,-0.385571,-1.426799,1.338650,-1.524571,-1.261113,1.504070,-2.045381,-0.865059,-1.486995,-1.320706,-1.123668,-1.483718,-0.808302,-1.088780,-0.875331,0.984427,-1.238464,-1.464118,0.111742,-1.308445,-1.207516,0.844820,-1.123151,-1.477227,0.406927,-1.116012,-1.275245,-0.568803,-1.200439,-0.784343,-0.942964,-1.364166,-0.852304,0.501789,-1.382171,-0.880478,-0.299587,-1.000720,-1.293637,-1.088215,-1.101911,-1.003132,-1.379119,-0.929377,-1.308374,0.229276,-1.133616,-0.842401,-0.618583,-1.238207,-0.948188,-0.862724,-1.172030,-1.097621,-0.002682,-1.123323,-1.627433,0.047096,-1.190284,-0.638957,-0.037553,-1.160610,-0.504694,-1.078961,-1.442600,-0.877907,-0.037001,-1.147689,-1.334521,-0.612919,-1.371322,-1.193413,0.741478,-1.203956,-1.398782,0.274705,-1.269569,-1.150643,0.751235,-1.149444,-1.369998,-1.063490,-1.103240,-0.876045,-0.439439,-1.426834,-0.645421,-0.520741,-1.115096,-1.071218,-0.380927,-1.475343,-0.904121,0.487152,-1.173347,-1.068639,0.887346,-1.291228,-1.267504,0.300350,-1.389487,-0.727906,-0.235139,-1.437343,-1.459372,-0.042392,-1.115690,-1.496757,-0.472866,-1.138553,-1.018039,-0.715080,-1.088295,-1.490682,-0.308313,-1.232484,-1.298150,1.083475,-1.218944,-1.041135,-2.071073,-1.227314,-1.219608,1.264912,-1.091528,-1.196414,-0.390144,-1.029638,-1.078611,-1.148695,-1.146201,-1.042519,-1.408298,-1.569206,-1.069521,-0.406149,-1.133375,-0.990662,-1.604582,-1.015743,-1.003964,0.310505,-0.976811,-1.132199,0.040732,-1.135660,-0.803433,-0.312741,-1.161372,-1.321479,-0.418512,-1.124448,-0.881356,0.018217,-0.978020,-0.856754,0.478670,-1.154259,-1.041042,0.279943,-1.413541,-1.176473,-1.246233,-1.106584,-1.441243,0.746249
-1.171705,-1.006279,1.453882,-1.129464,0.560837,2.235170,-1.071351,0.614407,0.476212,0.456291,-0.777026,-0.690584,0.942835,1.346017,0.230149,-2.238645,-0.747418,-0.527764,-1.538649,-0.032571,-1.379541,0.128864,-1.398378,-0.499017,0.476808,0.423088,0.217300,-0.277573,0.740766,1.386710,-0.663942,-0.663956,-0.651622,-0.000000,-0.000000,-0.000000,-0.064575,-0.300975,0.431952,-0.717797,-0.717800,-0.711982,-0.000000,-0.000000,-0.000000,-0.658194,-1.247167,1.059233,-1.394830,-0.883014,0.759979,-1.597065,-2.119050,-1.262154,-0.782131,-0.126833,-1.541765,-0.000000,-0.000000,-0.000000,-0.000000,-0.000000,-0.000000,-0.000000,-0.000000,-0.000000,-0.000000,-0.000000,-0.000000,-0.000000,-0.000000,-0.000000,-0.000000,-0.000000,-0.000000,-0.852229,-1.183655,-0.388452,-0.791993,-1.077934,2.401549,-1.512172,-1.083808,-2.541049,-1.586699,-0.581744,1.799479,-0.735221,-2.847584,-2.587702,-1.217555,-0.635207,1.655561,-1.208845,-0.449822,0.869122,-0.572929,-1.672863,0.013483,-1.190432,-0.734562,0.347481,-1.173172,-0.230705,1.607635,-1.010208,-0.400170,0.861582,-0.837928,-1.603108,1.555256,-1.684149,-2.035410,-0.765345,-1.256806,-1.480759,-0.254054,-0.861863,-0.574748,0.338967,-2.035587,-0.389021,0.527537,-1.331717,-0.571340,0.616937,-0.986308,-1.230617,0.206290,-0.707737,-1.894995,-0.425812,0.711028,-2.462667,0.523719,-0.464528,-2.048222,1.031104,0.900688,1.321802,-0.113023,1.132554,1.650074,0.731707,0.857735,1.848587,-0.079515,0.926366,1.937751,0.517714,0.971811,1.779833,0.405053,1.044009,1.177653,0.959527,1.007652,1.072414,1.282028,0.801027,1.232682,-0.393839,0.284248,1.275827,0.281863,0.764089,0.687670,0.753657,-0.229445,-0.116254,-0.336791,-0.165100,-0.877510,0.643499,0.131851,-1.220751,0.355410,-0.096601,0.366901,-0.440489,-1.210301,-0.546026,-0.479541,-0.933388,-1.404023,0.736250,-0.656664,-1.757154,0.348217,-0.704791,0.243294,-0.706060,-1.515135,-0.367138,0.182834,-1.905191,-0.796358,1.046129,-1.916271,-0.922704,1.310066,-1.079091,-0.539740,-0.720361,-1.232298,-0.854376,-0.411003,-1.405837,-1.036168,1.185226,-1.240047,-1.555735,-1.340081,-1.604368,-0.909336,-0.340238,-1.319515,-0.842133,0.686029,-1.263313,-1.045461,-0.486433,-1.413176,-0.965828,0.342879,-1.109198,-1.103264,-0.839459,-1.377830,-1.075650,0.264378,-1.345141,-1.044033,0.822147,-1.479647,-1.550977,-0.159720,-1.401656,-0.949199,-0.537459,-1.642012,0.150685,-0.524132,-1.382406,0.826082,-0.416113,-1.483872,0.818864,-1.108561,-1.315660,0.796865,-1.534171,-1.024073,-0.751251,-1.164019,-1.246503,-0.597659,-1.018281,-1.181329,-0.847934,0.957235,-1.301823,-1.006953,-0.317779,-1.346513,-1.152118,0.703875,-0.871683,-0.595986,0.621644,-1.053787,-0.427884,-0.310973,-1.103600,-0.254265,-0.604800,-1.234627,0.145050,0.902182,-1.250574,-0.794576,-0.214945,-0.998518,-1.080165,-0.716617,-1.099774,-0.831540,-1.203684,-0.925532,-0.945258,0.474621,-1.131517,-1.060340,-0.517088,-1.038632,-0.624357,-0.966406,-0.968281,-0.670059,-0.017026,-1.119473,-1.133362,0.162803,-1.172895,-0.730538,-0.011856,-1.130699,-0.194479,-0.936064,-1.317518,-0.603523,-0.550846,-1.003040,-1.077817,0.311734,-1.202846,-0.945981,-0.226400,-1.008358,-1.097525,0.524611,-1.339380,-0.907939,0.410148,-1.003361,-1.139263,0.109984,-1.055726,-0.637307,-0.249079,-1.360128,-0.511428,-0.488868,-1.023363,-0.416239,-0.655558,-1.369136,-0.655119,0.318099,-1.310476,-0.758636,0.745287,-1.226025,-0.968396,0.462146,-1.193393,-0.697479,-0.263006,-1.468664,-0.999422,-0.144405,-1.125182,-1.111392,0.001630,-1.134833,-1.031338,-0.523749,-1.071637,-1.074078,0.008753,-1.198068,-1.298150,1.301392,-1.374986,-0.742619,-1.551430,-1.194169,-0.939912,1.462706,-1.073187,-0.957010,-0.025866,-1.024062,-1.050470,-0.572501,-1.155831,-1.014187,-0.701040,-1.369844,-1.040790,-0.537428,-0.951152,-0.969538,-0.530296,-1.023860,-0.640879,0.078422,-0.971357,-0.754451,-0.110929,-1.118596,-0.787332,-0.666257,-1.113318,-1.014842,-0.304967,-1.107951,-0.868631,-0.259116,-0.972583,-0.842156,0.379517,-0.955752,-0.768146,0.071954,-1.031182,-1.007304,-0.924654,-1.025369,-0.266433,0.507107
-1.170071,-1.000528,1.341044,-1.130257,0.581690,2.204177,-1.088712,0.638702,0.447442,0.472710,0.047893,-0.829919,0.943744,1.445309,-0.187116,-2.237626,0.824296,-1.504251,-1.520604,0.017534,-1.597156,-1.352497,0.270251,-0.678908,0.442098,-0.174730,-0.050820,-0.296661,0.732082,0.310503,-0.663942,-0.663956,-0.651622,-0.000000,-0.000000,-0.000000,-0.093910,-0.298496,0.458443,-0.717797,-0.717800,-0.711982,-0.000000,-0.000000,-0.000000,-0.660268,0.819277,1.006179,-1.396149,-0.873390,0.795652,-1.583469,-2.104726,-1.307448,-0.775252,-0.124793,-1.409012,-0.000000,-0.000000,-0.000000,-0.000000,-0.000000,-0.000000,-0.000000,-0.000000,-0.000000,-0.000000,-0.000000,-0.000000,-0.000000,-0.000000,-0.000000,-0.000000,-0.000000,-0.000000,-1.246637,-0.127679,-1.991373,-1.376991,-1.411406,-0.844467,-1.576868,-1.806420,-0.178182,-1.169655,-1.476929,0.275233,-1.026271,-1.354699,1.745627,-1.024858,-0.222182,-0.185676,-0.917394,-0.927051,1.139010,-1.439720,-0.916395,0.780003,-0.165850,-2.174624,0.511830,-0.547710,0.124354,-0.902829,-0.695382,-0.986301,-0.908000,-1.426769,-0.963211,0.999118,-1.096934,-1.443255,1.964948,-0.680002,0.006016,-0.157694,-1.086681,-0.945404,-0.806040,-1.018795,-0.994876,1.278170,-0.199386,-1.466921,0.950431,-0.799219,-0.473933,0.757259,0.187100,-1.081951,1.221144,-1.770622,-0.479760,0.717641,-0.600686,-0.953687,0.123193,0.863608,1.418899,0.118596,1.112297,1.762399,0.942604,0.948728,1.932244,0.095168,0.930535,2.052701,0.859730,0.990865,1.953316,0.487644,1.041546,1.353455,0.944556,1.044583,1.293655,1.048493,0.770642,1.388082,-0.171083,0.193080,1.382536,0.478393,0.779771,0.849588,0.980750,-0.278846,0.122962,-0.931925,-0.112135,-0.689064,0.379880,0.155570,-1.110586,0.991019,-0.115949,0.504627,-0.292127,-1.215507,-0.382840,-0.449342,-0.958568,-1.246521,0.761724,-0.648409,-1.600156,0.799955,-0.709158,0.350216,-0.384634,-1.528155,-0.236103,0.172053,-1.895978,-0.660282,1.059790,-1.883384,-0.805704,1.418047,-1.086589,0.213574,-0.605573,-1.240299,-1.161991,-0.083923,-1.413587,-1.240071,1.203768,-1.246330,-1.068898,-1.319295,-1.390389,-1.019041,-0.974049,-1.323767,-0.910860,0.987916,-1.265757,-0.877858,-0.471905,-1.413965,-0.794105,0.027458,-1.107854,-0.955706,-0.183089,-1.374857,-1.123066,0.340107,-1.340318,-1.107747,1.152146,-1.472647,-1.155484,-0.240304,-1.391927,-0.429113,-0.209403,-1.334862,-0.043531,-0.281182,-1.372908,-0.390925,-0.228921,-1.475250,0.497845,-0.960634,-1.306842,0.491508,-1.054602,-1.029772,-0.285166,-0.711100,-1.250492,-0.717546,-1.178203,-1.184247,-0.367626,0.870556,-1.303290,-1.128295,-0.200619,-1.346963,-0.770079,0.908188,-0.868868,-0.818116,0.892400,-1.049618,-0.657695,-0.258741,-1.098003,-0.401893,-0.832440,-1.227733,-0.125440,0.360719,-1.456615,-0.245133,0.516367,-0.997132,-0.524879,-0.589388,-0.885199,-0.949744,-1.012263,-0.924195,-0.394741,0.640858,-0.920790,-0.645279,-0.514432,-1.038632,-0.726402,-0.832008,-0.967499,-0.267373,0.045031,-1.118135,-0.668038,0.244038,-0.959201,-0.385127,0.011372,-0.923127,-0.293389,-0.800286,-1.085013,-0.031297,-0.628583,-1.005559,-0.427101,0.371139,-1.204344,-0.318768,-0.492312,-1.008797,-0.469256,0.815547,-1.340997,-0.424292,0.409287,-1.005905,-0.679468,0.663690,-1.052304,-0.127461,-0.392795,-1.356030,-0.143079,-0.620011,-1.017946,-0.557879,-0.367690,-1.363199,-0.057185,0.493216,-1.304948,-0.112126,0.785951,-1.221920,-0.344608,0.322050,-1.194535,-0.765203,-0.170027,-1.247183,-0.648602,-0.229088,-0.916238,-0.798502,0.342689,-0.929879,-0.773513,-0.355320,-1.069785,-0.735824,0.274166,-1.195362,-0.918850,1.208143,-1.371761,-0.531099,-1.527598,-1.191564,-0.748364,1.392268,-1.071333,-0.794244,0.340183,-1.022719,-0.892710,-0.186227,-0.943827,-0.855357,-0.283879,-1.137637,-0.869462,-0.460459,-0.951561,-0.768062,0.008334,-1.023063,-0.722415,0.079034,-0.970043,-0.478937,-0.010451,-1.116699,-0.532658,-0.616729,-1.109982,-0.794170,-0.148777,-1.106116,-0.667348,-0.212575,-0.971273,-0.644879,0.449810,-0.954988,-0.569105,0.153382,-1.033064,-0.610095,-0.912374,-1.020465,-0.511876,0.798375
-1.169629,-1.000528,1.325233,-1.129783,0.579561,2.187614,-1.089268,0.639546,0.460176,0.468827,-0.358576,-0.866002,0.943155,1.445503,-0.247734,-2.231053,0.823997,-1.375155,-1.521210,0.000866,-1.391278,-1.349833,0.266937,-0.621320,0.444941,-0.178222,0.054454,-0.286329,0.173866,0.299798,-0.663942,-0.663956,-0.651622,-0.000000,-0.000000,-0.000000,-0.091767,-0.302215,0.482536,-0.717797,-0.717800,-0.711982,-0.000000,-0.000000,-0.000000,-0.659673,0.819277,1.026923,-1.395819,-0.872981,0.783759,-1.583041,-2.104301,-1.333778,-0.773965,-0.118736,-1.441340,-0.000000,-0.000000,-0.000000,-0.000000,-0.000000,-0.000000,-0.000000,-0.000000,-0.000000,-0.000000,-0.000000,-0.000000,-0.000000,-0.000000,-0.000000,-0.000000,-0.000000,-0.000000,-1.240570,-0.740238,-1.915200,-1.371556,-1.406497,-0.850064,-1.570749,-1.806420,-0.169807,-1.163078,-1.471595,0.245358,-1.018873,-1.354699,1.797288,-1.020651,-0.222182,-0.297010,-0.912002,-0.931601,0.931657,-1.432341,-0.921881,0.489559,-0.157597,-2.174624,0.428006,-0.542684,0.124354,-0.947597,-0.688886,-0.986301,-0.776070,-1.417974,-0.963211,0.847786,-1.088042,-1.448847,1.847556,-1.079540,0.006016,-0.194505,-1.079491,-0.945404,-0.768616,-1.010290,-0.994876,1.233688,-0.190133,-1.466921,0.873295,-0.794052,-0.473933,0.760011,0.194363,-1.081951,1.239602,-1.759560,-0.484271,0.505949,-0.590775,-0.957492,0.027835,0.828982,1.438977,-0.054982,1.177455,1.785291,0.942057,0.985429,1.937896,0.097769,0.956024,2.060251,0.842893,1.006835,1.929426,0.499691,1.023397,1.355974,0.770886,1.005681,1.300795,1.367111,0.806591,1.387812,-0.153771,0.256308,1.391142,0.753433,0.771293,0.835940,0.562134,-0.253991,0.120426,-0.844355,-0.138989,-0.681659,0.427594,0.155934,-1.096823,0.617719,-0.106941,0.526186,-0.382485,-1.213405,-0.363197,-0.535060,-0.929962,-1.236916,0.801942,-0.652827,-1.548433,0.616272,-0.725572,0.351980,-0.471539,-1.508292,-0.223999,0.155388,-1.872662,-0.641619,1.155050,-1.886729,-0.784786,1.362751,-1.085836,0.214485,-0.564950,-1.239748,-1.161991,-0.031242,-1.413054,-1.240071,1.210173,-1.245655,-1.068898,-1.286941,-1.389786,-1.018616,-0.969307,-1.323335,-0.910586,0.960029,-1.265351,-0.877858,-0.480738,-1.413571,-0.794105,0.077107,-1.107470,-0.955706,-0.209272,-1.374500,-0.900946,0.397970,-1.339955,-1.107747,1.113497,-1.472215,-1.155484,-0.245268,-1.391405,-0.429113,-0.259859,-1.334334,-0.043531,-0.298911,-1.372688,-0.390925,-0.248873,-1.475049,0.499053,-0.969013,-1.306432,0.492575,-1.065101,-1.029049,-0.285166,-0.704141,-1.250074,-0.717146,-1.173657,-1.183619,-0.367006,0.875879,-1.302874,-1.128295,-0.169738,-1.346297,-0.769608,0.910008,-0.868458,-0.818116,0.824184,-1.049171,-0.656933,-0.299178,-1.097785,-0.401406,-0.885146,-1.227279,-0.124544,0.266792,-1.456228,-1.003820,0.584641,-0.996724,-0.524202,-0.581454,-0.884803,-0.949346,-0.983152,-0.923804,-0.394078,0.638065,-0.920401,-0.645279,-0.533513,-1.038221,-0.726004,-0.827618,-0.967107,-0.267373,0.053384,-1.117744,-0.668038,0.253889,-0.958824,-0.385127,0.017011,-0.922747,-0.293003,-0.794351,-1.084365,-0.031297,-0.612784,-1.005130,-0.426308,0.388615,-1.203911,-0.318004,-0.483375,-1.008358,-0.469256,0.805413,-1.340539,-0.423681,0.418899,-1.005473,-0.678887,0.685225,-1.051877,-0.127461,-0.388154,-1.355592,-0.142611,-0.623756,-1.017531,-0.557879,-0.346594,-1.362791,-0.057185,0.503856,-1.304525,-0.112126,0.793857,-1.221520,-0.344608,0.317937,-1.194082,-0.765203,-0.179964,-1.246772,-0.648602,-0.232581,-0.915859,-0.798502,0.292794,-0.929509,-0.773513,-0.398365,-1.069423,-0.735824,0.267945,-1.194977,-0.918850,1.177645,-1.162873,-0.530832,-1.552441,-1.191192,-0.748141,1.363708,-1.070971,-0.794055,0.349081,-1.022336,-0.892527,-0.181913,-0.943443,-0.855172,-0.315152,-1.137224,-0.869263,-0.480439,-0.951152,-0.767827,-0.019362,-1.022668,-0.376059,0.075661,-0.969669,-0.478937,-0.009446,-1.116328,-0.532658,-0.609199,-1.109576,-0.794170,-0.046119,-1.105758,-0.667348,-0.213625,-0.970900,-0.644879,0.452444,-0.954610,-0.569105,0.147566,-1.032446,-0.609612,-0.889470,-1.020247,-0.511064,0.802153
-1.168745,-0.990231,1.199285,-1.125981,0.594468,1.978985,-1.085346,0.662997,0.474559,0.469604,-0.360175,-1.122160,0.934544,1.548295,-0.942477,-2.244724,0.831039,-1.832768,-1.512783,0.059330,-1.136933,-1.359926,0.286821,-0.909337,-1.570758,1.646620,-1.560827,-0.324481,2.441476,-0.670217,-0.663942,-0.663956,-0.651622,-0.000000,-0.000000,-0.000000,-0.096693,0.999374,-1.409260,-0.717797,-0.717800,-0.711982,-0.000000,-0.000000,-0.000000,-0.660268,0.824842,0.870428,-1.395159,-0.865042,0.565710,-1.588996,-0.070067,-1.479739,-0.761493,-0.097473,-1.302543,-0.000000,-0.000000,-0.000000,-0.000000,-0.000000,-0.000000,-0.000000,-0.000000,-0.000000,-0.000000,-0.000000,-0.000000,-0.000000,-0.000000,-0.000000,-0.000000,-0.000000,-0.000000,-1.264420,0.503183,-2.238505,-0.982773,-0.734704,-1.197176,-1.197709,-0.975464,-0.412499,-0.799491,-1.455595,0.840932,-1.045042,-1.318428,1.568860,-1.374288,0.434910,-0.554784,-0.931781,-0.904305,0.877492,-1.024116,-0.889027,0.049760,-0.188214,-1.486109,0.305164,-0.563115,-0.476524,-1.477828,-0.249137,-1.648235,-0.955359,-1.450395,-1.639561,0.570588,-1.120669,-1.409702,1.524667,-0.694005,-0.541067,-0.237849,-0.022862,-1.421455,-0.349658,-0.491781,-1.582574,1.136822,-0.224321,-1.433095,0.282376,-0.814721,-0.460817,0.646143,0.165362,-1.064871,1.605312,-1.801010,-0.457260,0.431657,0.715722,-0.934713,0.379565,0.767525,1.526036,-0.240699,1.244365,1.836876,0.874010,1.063099,2.020138,0.025927,1.005517,2.143151,0.734606,1.001754,2.010263,0.499477,1.054710,1.466886,0.806200,0.997835,1.420360,1.542869,0.798660,1.482896,-0.045356,0.249731,1.466871,0.759324,0.761630,0.958831,0.646031,-0.309770,0.273666,-1.204581,-0.145850,-0.556082,0.302622,0.151190,-1.007591,0.495285,-0.115546,0.626351,-0.254919,-1.220148,-0.260137,-0.778965,-0.935779,-1.114957,0.783002,-0.657090,-1.443142,0.552107,-0.731610,0.467720,-0.503020,-1.512954,-0.099121,0.087822,-1.906159,-0.534957,1.166566,-1.976170,-0.696219,1.389303,-1.089091,-0.027920,-0.904337,-1.243333,-0.232416,-0.245047,-1.416260,-0.599664,1.051541,-1.002508,-0.572205,-1.523223,-1.172609,-0.645031,-1.435519,-1.324830,-0.976219,1.243019,-1.265956,-0.922839,-0.432474,-1.196184,-0.620777,-0.263336,-1.105743,-0.807299,0.310731,-1.371876,-0.947141,0.225766,-1.336235,-0.876908,1.327361,-1.467116,-0.753914,-0.453904,-1.384230,-0.576569,0.414628,-1.326479,-0.224444,0.159065,-1.365896,-0.612633,0.325576,-1.468883,0.206529,-0.431317,-1.300132,0.218685,-0.558193,-1.031180,0.201434,-0.652917,-1.251543,-0.392452,-1.069030,-1.184247,0.135844,0.945916,-1.302671,-0.799255,0.245061,-1.102793,-0.371180,1.013026,-0.866029,-0.211062,0.878159,-0.804709,-0.038652,-0.444605,-0.847958,-0.531775,-0.733373,-0.977591,0.603180,0.712012,-1.238124,-0.430809,-0.166516,-0.994914,0.053255,-0.670404,-0.883046,-0.608998,-0.304095,-0.922069,0.175440,0.993165,-0.918675,-0.217546,-0.239258,-1.036988,-0.407076,-0.827441,-0.965726,-0.388740,-0.149727,-0.905277,-0.190265,0.358674,-0.956504,-0.030901,-0.158911,-0.920319,-0.384250,-0.239791,-1.085434,0.562304,-1.248209,-1.005559,0.250390,0.563564,-0.970344,0.334252,-0.693948,-1.007497,0.182481,1.301227,-1.088619,-0.580504,0.507927,-1.005905,-0.201986,1.262917,-1.048882,0.401351,-0.562814,-1.116088,-0.264182,-0.351497,-1.013375,-0.159822,0.426453,-1.358295,-0.252522,1.048819,-1.067632,0.558535,0.805676,-1.218032,0.302482,0.153249,-1.193619,-0.538711,-0.035729,-1.245769,-0.290628,-0.320647,-0.914530,-0.478841,0.519509,-0.927838,-0.509819,-0.299792,-1.067375,-0.390251,0.420071,-1.192468,-0.531872,0.925009,-1.160019,-0.591606,-1.098461,-1.188776,-0.553163,1.079542,-1.068748,-0.628203,0.751795,-1.020610,-0.731775,0.326811,-0.942094,-0.693330,-0.062872,-1.136163,-0.694869,-0.506290,-0.950350,-0.562521,-0.086158,-1.021283,-0.452541,-0.030921,-0.967980,-0.197844,0.101665,-0.906262,-0.273112,-0.537729,-1.106647,-0.569056,0.417652,-0.902664,-0.462215,-0.093735,-0.969217,-0.443608,0.543784,-0.953281,-0.366034,0.123028,-0.804066,-0.739694,-0.600852,-1.016186,0.182000,0.865228
-1.167707,-0.993521,1.142901,-1.134213,0.604674,2.067400,-1.097666,0.691920,0.227196,0.462726,-0.360175,-1.365291,0.658523,1.648364,-0.951150,-2.249754,0.812679,-1.590263,-1.502870,2.142934,-1.224119,-1.358132,0.300036,-1.122182,-1.565871,1.643142,-0.467968,-0.235466,1.866967,0.233204,-0.663942,-0.663956,-0.651622,-0.000000,-0.000000,-0.000000,-0.098836,1.001853,-0.979426,-0.717797,-0.717800,-0.711982,-0.000000,-0.000000,-0.000000,-0.656139,0.817134,0.803249,-1.393948,-0.870045,0.639335,-1.583041,-0.063918,-1.393954,-0.756320,-0.132890,-0.939791,-0.000000,-0.000000,-0.000000,-0.000000,-0.000000,-0.000000,-0.000000,-0.000000,-0.000000,-0.000000,-0.000000,-0.000000,-0.000000,-0.000000,-0.000000,-0.000000,-0.000000,-0.000000,-1.894818,0.512335,0.754063,-1.158741,0.069496,-0.244434,-1.468448,-1.318651,-1.564197,-1.153081,-0.054246,0.360663,-1.088280,-1.122738,1.342794,-1.177868,0.481833,-1.242849,-0.816993,-0.613429,-0.564232,-0.526737,-1.113725,-2.045809,-0.196488,-1.568556,-0.316208,-0.256983,-0.399122,-1.722738,-0.015415,-1.279336,-0.611060,-1.329504,-1.067299,-0.836608,-1.123271,-1.460032,0.925225,-0.797676,-0.486772,0.287610,0.300595,-1.708496,-0.915478,-0.860407,-1.171147,0.659199,-0.721730,-1.540144,0.828535,-0.488352,-0.454259,0.747362,-0.052613,-1.462800,1.637040,-1.483270,-0.763677,0.025530,0.973172,-0.615441,-0.374573,0.735140,1.591965,-0.173575,1.221357,1.866940,0.957623,1.073289,2.013497,0.286486,0.988118,2.205825,0.807597,0.909571,2.071517,0.573712,0.992177,1.498142,0.677852,0.972090,1.495277,0.863307,0.732363,1.542375,0.273791,0.194952,1.514310,0.672506,0.781748,0.970219,0.786731,-0.292259,0.333062,-0.754541,-0.096362,-0.477372,0.509790,0.160193,-0.958552,0.653909,-0.146044,0.689138,-0.739653,-1.243889,-0.139163,-0.280582,-0.955966,-1.017504,0.953161,-0.624652,-1.521916,0.753551,-0.717922,0.546533,-0.396681,-1.502161,-0.013999,-0.207411,-1.923806,-0.468097,1.013593,-1.993473,-0.686437,1.450756,-1.089834,-0.035356,-0.952872,-1.244175,-0.240178,-0.388864,-1.417325,-0.604211,0.911154,-1.003174,-0.575143,-1.470749,-1.173007,-0.646767,-1.360178,-1.325244,-0.977063,1.155381,-1.043004,-0.923221,-0.128034,-1.196184,-0.839517,-0.242284,-1.105360,-0.807466,0.308235,-1.179304,-0.725253,-0.213335,-1.335479,-0.877429,1.020687,-1.233293,-0.755296,-0.410180,-1.382948,-0.579004,0.055058,-1.324851,-0.228155,0.200438,-1.364764,-0.618864,0.200277,-1.242611,0.198580,-0.546229,-1.299082,0.209249,-0.729996,-1.031904,0.195565,-0.523655,-1.251962,-0.396387,-1.338122,-1.184662,0.129750,0.664783,-1.074236,-0.803642,-0.228438,-1.102793,-0.375983,0.501235,-0.865636,-0.218401,1.245610,-0.804047,-0.046876,-0.245504,-0.847294,-0.536573,-0.660241,-0.976693,0.593500,0.820747,-1.237167,-0.437716,-0.286441,-0.775060,0.047049,-0.413269,-0.882856,-0.612249,0.038640,-0.921882,0.169999,1.155128,-0.918489,-0.221060,-0.192386,-1.036988,-0.409328,-0.530867,-0.965534,-0.391180,0.043287,-0.904894,-0.193658,0.530662,-0.956316,-0.032994,-0.060080,-0.919946,-0.386448,-0.027791,-1.085653,0.556635,-1.190106,-0.774765,0.243118,0.557946,-0.970552,0.327243,-0.786615,-1.007497,0.176257,1.312912,-1.088619,-0.585907,0.357844,-0.772823,-0.206564,1.237067,-0.813712,-0.298475,-0.438782,-1.115440,-0.268791,-0.254713,-1.012757,-0.164144,0.987050,-1.357471,-0.259226,0.993646,-1.067002,0.552130,1.003994,-1.217415,0.296301,-0.131255,-1.193619,-0.539766,-0.143864,-1.024288,-0.292318,-0.299554,-0.914336,-0.480721,0.777096,-0.927467,-0.511368,-0.197185,-0.864178,-0.392283,0.564316,-1.192075,-0.534161,0.942131,-1.159454,-0.592601,-1.069355,-1.188398,-0.554072,1.098207,-1.068567,-0.628967,0.807552,-1.020228,-0.732515,0.405067,-0.941898,-0.694075,0.188384,-1.136163,-0.695681,-0.401033,-0.950350,-0.563469,0.084373,-1.021082,-0.453801,0.003268,-0.967606,-0.199489,0.192266,-0.906077,-0.274324,-0.454005,-1.106029,-0.570372,0.477643,-0.902485,-0.463173,-0.048319,-0.968844,-0.444786,0.614297,-0.953088,-0.367223,0.218289,-0.804270,-0.744142,-0.675002,-1.015551,0.174552,1.296883
-0.451420,-0.996007,1.116930,-1.127248,0.595740,2.095851,-1.076392,0.694861,0.535589,0.481142,0.054287,-1.321912,0.657987,1.649339,-0.995985,0.274152,-0.758438,0.374274,-1.512490,0.013405,-0.000728,-1.341806,-1.401692,-0.456792,-1.565048,2.252587,-1.103323,-0.337991,3.002953,-0.145614,-0.663942,-0.663956,-0.651622,-0.000000,-0.000000,-0.000000,-0.064144,1.640886,-0.704934,-0.717797,-0.717800,-0.711982,-0.000000,-0.000000,-0.000000,-0.648150,0.819695,0.752692,-0.847324,-0.890979,0.649225,-1.580914,-0.065142,-1.317131,-0.736102,-0.228076,-0.681463,-0.000000,-0.000000,-0.000000,-0.000000,-0.000000,-0.000000,-0.000000,-0.000000,-0.000000,-0.000000,-0.000000,-0.000000,-0.000000,-0.000000,-0.000000,-0.000000,-0.000000,-0.000000,-1.290688,1.394649,-1.707847,-1.512832,-0.352208,-0.139505,-1.390055,-0.252852,-0.903913,-1.058747,-0.619078,1.979882,-0.978761,0.044057,-1.641895,-0.788782,-0.034433,0.510478,-0.748942,-0.540752,0.735661,-0.865695,-1.809904,-1.163198,-0.072972,-0.880041,2.250767,-0.637912,0.342835,-0.946106,-0.879833,0.180841,-0.430180,-1.761418,-1.743586,0.587434,-0.991293,-1.437663,0.325948,-0.752105,1.342497,-0.317642,-1.266385,-0.145983,0.636821,-1.308844,-0.502046,1.614178,-0.589027,0.036920,2.134918,-0.882252,0.538312,0.974293,-0.558463,0.385758,0.808683,-2.109340,0.543188,0.719031,-0.940780,-1.090498,-0.271927,0.769421,1.516296,-0.049225,1.120581,1.842828,0.895015,0.982818,2.006715,0.081153,0.964250,2.163093,0.699200,0.893392,2.043738,0.540839,0.933181,1.514354,0.808656,0.847237,1.467077,1.324705,0.738193,1.509196,0.403854,0.200266,1.492365,0.562698,0.574942,1.019965,0.656990,-0.411547,0.335265,-0.534042,-0.140890,-0.507172,0.298636,0.160880,-0.935762,0.682126,-0.204374,0.685044,-0.669165,-1.361650,-0.180599,-0.750999,-1.049622,-1.069861,0.880782,-0.667011,-1.594608,0.397873,-0.809342,0.579709,-0.514603,-1.549901,-0.025770,0.223093,-1.947476,-0.468429,1.074047,-2.020020,-0.661949,1.606015,-0.994083,0.393538,-0.534495,-1.134541,-0.584226,0.016660,-1.307539,-0.594379,1.119015,-0.893149,-0.378295,-1.426986,-1.058613,-0.847485,-1.569880,-1.169377,-0.726836,1.907282,-1.064379,-0.706530,0.307146,-1.158203,-0.805065,-0.154752,-0.779920,-0.581354,0.099546,-1.015308,-0.917768,0.836227,-0.897547,-0.585806,0.988714,-1.149625,-0.346778,0.067238,-0.952659,-0.905369,0.987562,-1.445438,-0.850958,-0.806096,-0.960371,-0.679399,-0.112705,-1.100725,-0.250364,0.449133,-1.151183,0.606871,0.562098,-0.886631,0.212002,-0.281768,-1.094901,-0.007598,-0.742701,-1.214882,-0.644590,1.057461,-1.056732,-0.420885,-0.540521,-1.039242,-0.936291,0.871473,-0.930769,-0.267535,0.140216,-1.074451,-1.008762,0.092043,-1.070948,-0.114807,-1.176414,-1.148359,-0.538650,-0.692580,-0.929259,-1.243541,1.370759,-1.105542,-0.553312,-1.108480,-0.987721,-0.446760,-1.839674,-0.812207,-0.178866,-0.124876,-0.809402,-0.386183,-1.411749,-0.734936,-0.837855,-1.045388,-0.874857,-0.391676,-0.984325,-0.792605,-0.186323,-0.439420,-0.822425,-0.497621,-1.055234,-0.977913,-0.811657,-1.181087,-1.134524,0.027016,-0.339820,-0.788457,-0.449049,-0.096649,-1.185838,-0.339924,0.417883,-0.951363,-0.405232,0.060705,-1.069332,-0.358238,0.793375,-0.786651,-0.616671,-0.203150,-1.097241,-0.083755,-0.891958,-0.893781,-0.174854,-0.918676,-1.220787,-0.604268,-1.074506,-1.083055,-0.884736,0.194240,-1.040675,-0.046242,-0.974848,-1.006214,-0.281040,0.246239,-0.897722,-0.995162,0.817574,-0.958004,-0.610814,-0.171275,-0.823912,-0.389446,0.085586,-0.818953,-0.771372,-0.001548,-0.735925,-0.293609,-0.222145,-1.034748,-0.380795,0.694609,-1.187389,-0.753452,0.278056,-1.036884,-0.680717,0.521995,-0.734656,-0.734065,0.285891,-0.695109,-0.626162,0.288111,-0.850150,-0.587000,-0.239517,-0.831500,-0.582828,-0.920042,-0.674813,-0.716667,0.599505,-0.707247,-0.672472,-0.628474,-0.857971,-0.787321,-1.211195,-0.774695,-0.821970,-1.160799,-0.919808,-0.449639,-0.596152,-0.775465,-0.896007,-0.780478,-0.859542,-0.604389,-0.542202,-0.862746,-0.791891,-0.616689,-1.029308,-0.603171,-0.947608,-1.012334,-0.534356,-0.748682
-0.447431,-1.012055,1.170614,-1.120583,0.611062,1.652974,-1.083953,0.696524,0.604822,0.486468,0.466352,-1.230515,0.657024,1.648559,-0.921593,0.284274,-0.733951,-0.241589,0.006719,0.013405,0.666413,0.135097,-1.385122,-0.708890,0.500920,0.426566,-0.563764,-0.217178,0.735343,0.211889,-0.663942,-0.663956,-0.651622,-0.000000,-0.000000,-0.000000,1.014189,0.339298,-0.151586,-0.717797,-0.717800,-0.711982,-0.000000,-0.000000,-0.000000,-0.637818,-1.245024,0.726832,-0.845008,-0.912295,0.718495,-1.566462,-0.053269,-1.066252,-0.739542,-0.263555,-0.621781,-0.000000,-0.000000,-0.000000,-0.000000,-0.000000,-0.000000,-0.000000,-0.000000,-0.000000,-0.000000,-0.000000,-0.000000,-0.000000,-0.000000,-0.000000,-0.000000,-0.000000,-0.000000,-0.415817,-0.552793,-1.085259,-0.883155,-1.073025,1.546307,-0.800459,-0.246825,-1.417408,-0.497350,-0.571077,1.356865,-0.434777,-0.825665,-1.083020,-0.610223,-0.621112,0.307921,-0.581776,-0.431681,0.630151,-1.114541,-0.894514,0.432223,-1.299837,-0.710354,0.981214,-0.835291,0.411069,-0.424172,-1.114578,0.312216,0.893414,-0.962435,-0.864395,-0.751598,-0.272124,-1.236550,-1.433945,-0.526268,1.405102,-0.678569,-0.982851,0.439056,-0.429770,-1.046759,0.252927,0.971683,-0.905482,0.234036,0.197169,-0.638303,1.032919,-0.226730,-1.423465,1.061841,-0.329239,-0.978212,0.655853,0.548359,-0.617003,1.102328,-0.186584,0.644743,1.493670,0.044070,1.055393,1.817188,0.747164,0.832949,2.016606,0.048168,0.911175,2.136028,0.615886,0.876275,2.014431,0.603297,0.912379,1.510891,0.700253,0.844031,1.416443,1.580092,0.785502,1.474669,0.180488,0.205358,1.442454,0.437030,0.528247,0.996281,0.980568,-0.388587,0.267965,-0.267577,-0.186695,-0.515342,0.225179,0.161425,-0.969042,0.876438,-0.313479,0.662647,-0.355215,-1.403234,-0.179100,-0.327447,-1.045505,-1.080208,0.859997,-0.661644,-1.463963,0.568976,-0.865208,0.508317,-0.348702,-1.568937,-0.075893,0.218103,-1.970390,-0.525459,1.241731,-2.045799,-0.714982,1.722279,-0.980329,-0.351393,-0.356183,-1.119349,-0.250094,0.029185,-1.292855,-0.371610,1.008930,-0.881276,-0.857526,-1.044686,-1.048416,-0.725998,-1.142544,-1.159181,-0.961357,1.233960,-1.055829,-0.870998,-0.174968,-1.151482,-0.752261,-0.462590,-0.775316,-0.725827,-0.263097,-1.012506,-0.863855,0.270925,-0.896058,-0.810006,0.818245,-1.149193,-0.735758,0.219215,-0.953160,-1.416167,0.484778,-1.146418,-1.459612,-1.232271,-0.961503,-1.403213,-0.385323,-1.101752,-1.170005,0.099284,-1.152225,-0.229359,0.312656,-0.874780,-0.250576,-0.257220,-1.085041,-0.316185,-0.753237,-0.974960,-1.121901,0.659030,-1.049227,-0.733217,-0.893475,-1.032161,-1.315430,0.363293,-0.926732,-0.844518,0.127368,-1.071159,-0.764757,0.327634,-1.068709,-0.489593,-0.898181,-1.147461,-1.228516,-0.449637,-0.929070,-1.019749,1.121916,-1.100331,-0.334255,-0.770287,-0.982852,-0.772032,-1.746683,-0.807401,-0.723250,-0.116775,-0.804620,-0.796159,-1.064638,-0.728954,-0.726402,-1.287080,-0.869354,-0.789026,-0.612727,-0.787981,-0.645481,-0.147740,-0.818368,-0.374254,-0.716073,-0.766788,-0.703257,-1.337506,-1.125055,-0.538817,0.130346,-0.780043,-1.094080,-0.328707,-1.178177,-0.961657,0.458789,-0.944459,-1.026482,-0.321137,-1.061063,-0.837045,0.436149,-0.778154,-0.437857,-0.785890,-1.093393,-0.588549,-0.616174,-0.890769,-0.539980,-0.708353,-1.218704,-0.983170,-1.501892,-1.081623,-1.477482,-0.093334,-1.038766,-0.685531,-0.875929,-1.003344,-0.897860,0.394218,-0.889601,-0.920009,0.436958,-0.951738,-0.956186,-0.238880,-0.818795,-0.697461,-0.018709,-0.814485,-1.025469,-0.568978,-0.732039,-0.626592,-0.145436,-1.031083,-0.754168,1.036214,-1.184543,-0.681855,-0.412463,-0.826723,-0.616491,0.904578,-0.730768,-0.679476,0.325062,-0.690509,-0.781471,0.378615,-0.844958,-0.743363,-0.167257,-0.825146,-0.751511,-0.544225,-0.668364,-0.914781,0.176798,-0.701900,-0.582090,-0.385350,-0.853457,-0.693288,-0.756995,-0.770715,-0.735072,-1.214570,-0.916278,-0.666620,-0.578177,-0.771617,-0.827326,-0.748914,-0.647292,-0.798361,-0.183294,-0.646973,-0.723959,-0.377502,-1.021389,-0.996416,-1.325250,-1.009768,-1.194987,-0.728990
-0.451276,-1.021925,1.280218,-0.352210,0.586807,1.714496,-1.068549,0.686064,0.555854,0.470493,0.461556,-1.166294,0.382769,1.648364,-0.870948,0.278226,-0.769757,0.415891,0.013034,0.013405,0.109587,0.131238,-1.388436,-0.823996,0.451499,0.421923,-1.311976,-0.328435,0.729908,0.117258,-0.663942,-0.663956,-0.651622,-0.000000,-0.000000,-0.000000,-0.078922,0.343017,-1.717218,-0.717797,-0.717800,-0.711982,-0.000000,-0.000000,-0.000000,-0.642254,-1.250590,0.907154,-0.846442,-0.916891,0.917606,-1.560080,-0.026647,-1.009759,-0.722343,-0.217940,-0.448773,-0.000000,-0.000000,-0.000000,-0.000000,-0.000000,-0.000000,-0.000000,-0.000000,-0.000000,-0.000000,-0.000000,-0.000000,-0.000000,-0.000000,-0.000000,-0.000000,-0.000000,-0.000000,-0.427927,-0.571096,-0.588374,-0.895536,-1.087750,1.792776,-0.814743,-0.252852,-0.685384,-0.513349,-0.571077,1.208900,-0.452993,-0.825665,-0.909531,-0.620152,-0.621112,0.149554,-0.241033,-0.427132,0.704553,-0.691245,-0.883539,1.606381,-0.847750,-0.695794,0.798555,-0.846610,1.039229,-0.247426,-1.129638,0.322332,1.467286,-0.432842,-0.848772,-0.133881,-0.294365,-0.448805,-0.526895,-0.536397,1.405102,-0.658431,-0.999230,0.442694,-0.930653,-1.066589,0.885879,1.592827,-0.928405,0.250950,1.346219,-0.649604,1.032919,-0.677872,-2.027434,1.070407,-0.845620,-1.763438,1.282274,-0.117938,-1.321999,1.634402,0.093490,0.622607,1.456209,0.138181,1.002179,1.798111,0.695564,0.821533,1.963473,0.270767,0.871735,2.064665,0.936628,0.839898,1.910119,0.587476,0.817397,1.451713,0.521796,0.743689,1.288890,1.303327,0.643778,1.373245,0.460382,0.157187,1.388561,0.604445,0.505933,0.958950,0.214375,-0.456502,0.244533,-0.151987,-0.238799,-0.560148,0.685948,0.100804,-0.969393,1.062422,-0.283588,0.644769,0.000059,-1.340701,-0.267666,-0.300116,-1.025744,-1.080553,1.048797,-0.647208,-1.464319,0.946756,-0.806938,0.543313,-0.095774,-1.552059,-0.019341,-0.088977,-1.893876,-0.506767,0.877071,-1.883361,-0.715220,1.480213,-1.053587,-0.346727,-0.986179,-0.893731,-0.247941,-0.614644,-1.074879,-0.371610,1.463006,-0.946930,-0.858711,-1.347838,-1.107217,-0.727309,-0.815355,-0.986316,-0.651661,1.525472,-1.116310,-0.872383,0.328824,-0.991064,-0.753850,0.337734,-0.833333,-0.727370,-0.371781,-0.871445,-0.865471,0.541642,-0.746862,-0.811850,0.852589,-1.214393,-0.738105,0.547241,-0.747880,-1.418678,0.540396,-1.230238,-1.460336,-1.173529,-0.780551,-1.402343,-0.637289,-0.937475,-1.165450,0.355224,-0.984624,-0.223040,0.657968,-0.944451,-0.245876,-1.064312,-1.146975,-0.313034,-0.482349,-1.036874,-1.115807,1.182171,-1.111330,-0.729623,-0.112549,-0.852840,-1.311098,0.915541,-1.211473,-0.837925,0.694073,-1.137990,-1.588117,1.533551,-1.137136,-1.016805,-1.150079,-1.215904,-1.220557,-0.765977,-0.989134,-1.013518,0.892305,-1.160856,-1.098838,-0.595719,-1.257360,-1.222026,-1.499681,-1.078436,-0.720544,-0.359884,-1.074206,-0.794650,-1.780276,-0.790810,-1.144004,-1.664556,-0.928442,-0.788510,-1.565375,-0.845862,-0.644931,-1.082113,-0.876717,-0.838029,-1.645554,-1.030843,-1.108031,-1.468432,-1.188774,-0.534537,0.899648,-1.076110,-1.089188,-0.846303,-1.241563,-0.956941,2.290313,-1.009008,-1.021782,-1.174495,-1.129490,-0.833427,0.991403,-1.077155,-1.068425,-1.781714,-1.395964,-0.584735,-0.706401,-0.956406,-1.047830,-1.655594,-1.282351,-0.979802,-0.451609,-0.917504,-1.472234,0.100286,-1.339343,-0.680694,-1.377092,-0.838289,-0.893193,-0.363875,-0.958998,-0.920806,0.097742,-1.012357,-0.957040,0.004225,-0.875775,-0.697828,-0.863685,-0.870420,-1.025771,-0.463969,-0.993169,-1.077713,-0.820467,-0.875281,-0.755091,0.164821,-1.242316,-0.962223,0.936134,-0.883309,-0.869996,0.518583,-0.786697,-0.894885,-0.686020,-0.748469,-0.782235,-0.489807,-0.689027,-0.744132,-1.108660,-1.123655,-0.752116,-0.514701,-0.728500,-0.915504,-0.478038,-0.761459,-1.284279,-1.238446,-0.701770,-1.058889,-2.000892,-0.827970,-1.073021,-1.684225,-1.210263,-0.959067,-0.799797,-0.826971,-1.094426,-1.392341,-0.703816,-1.060142,-1.210463,-0.704094,-0.988081,-1.301260,-1.314579,-0.993437,-0.554940,-1.312190,-1.189977,-0.843031
-0.451420,-1.021096,1.281178,-0.352684,0.583820,1.737811,-1.067430,0.686473,0.576728,0.471268,0.462355,-1.159104,0.382394,1.648559,-0.857851,0.269616,-0.775267,0.316246,0.013621,0.013405,0.030542,0.133032,-1.388436,-0.771751,0.457608,0.421923,-1.290101,-0.324481,0.732082,0.087985,-0.663942,-0.663956,-0.651622,-0.000000,-0.000000,-0.000000,-0.074859,0.343017,-1.520779,-0.717797,-0.717800,-0.711982,-0.000000,-0.000000,-0.000000,-0.642542,-1.250590,0.925924,-0.846328,-0.916482,0.919884,-1.559665,-0.027872,-1.022561,-0.722343,-0.219979,-0.424523,-0.000000,-0.000000,-0.000000,-0.000000,-0.000000,-0.000000,-0.000000,-0.000000,-0.000000,-0.000000,-0.000000,-0.000000,-0.000000,-0.000000,-0.000000,-0.000000,-0.000000,-0.000000,-0.425905,-0.571096,-0.593254,-0.894320,-1.087750,1.744510,-0.412850,-0.252852,-0.695462,-0.513070,-0.571077,1.203950,-0.452715,-0.818411,-0.894109,-0.619153,-0.616472,0.153102,-0.240265,-0.422582,0.726571,-0.690932,-0.878053,1.599126,-0.847414,-0.690941,0.818079,-0.845363,1.043786,-0.262828,-1.128614,0.327389,1.418290,-0.431644,-0.843564,-0.084649,-0.294003,-0.443213,-0.537934,-0.535197,1.409283,-0.663159,-0.997622,0.446331,-0.813457,-0.507976,0.266503,1.612858,-0.374695,0.256587,1.285734,-0.648302,1.032919,-0.661389,-2.025716,1.070407,-0.775950,-1.001416,1.286785,-0.027777,-0.639304,1.638206,0.186170,0.622134,1.456209,0.151773,1.039731,1.798111,0.731954,0.821306,1.963614,0.242881,0.871509,2.064808,0.928223,0.839690,1.910119,0.580178,0.817081,1.451761,0.492111,0.743355,1.288924,1.301100,0.601733,1.373245,0.461692,0.156939,1.388561,0.624164,0.505450,0.958980,0.184823,-0.456928,0.244551,-0.149172,-0.239096,-0.560131,0.677619,0.100601,-0.969393,1.062371,-0.284031,0.644797,0.019580,-1.380310,-0.245556,-0.280425,-1.026035,-1.080535,1.051087,-0.647421,-1.464305,0.956467,-0.807261,0.543313,-0.101234,-1.552335,-0.019311,-0.093571,-1.894159,-0.506751,0.879500,-1.883640,-0.715208,1.479664,-1.053332,-0.348623,-0.962151,-0.893731,-0.249017,-0.592833,-1.074618,-0.373146,1.479780,-0.946930,-0.859895,-1.343233,-1.107217,-0.728620,-0.806336,-0.986316,-0.652494,1.525446,-1.116310,-0.872956,0.312356,-0.991064,-0.754466,0.306525,-0.833333,-0.727717,-0.349083,-0.871445,-0.866098,0.529829,-0.747044,-0.812392,0.852707,-1.214601,-0.739487,0.525541,-0.748131,-1.419908,0.553784,-1.230502,-1.461844,-1.165152,-0.780782,-1.403213,-0.625927,-0.937683,-1.167774,0.368456,-0.984829,-0.225175,0.667884,-0.944451,-0.246449,-1.067707,-1.146975,-0.313434,-0.463333,-1.036671,-1.116402,1.178611,-1.111330,-0.730028,-0.103795,-0.853056,-1.311587,0.911543,-1.211670,-0.838671,0.696390,-1.138214,-1.588878,1.532395,-1.137372,-1.017273,-1.151498,-1.216140,-1.221453,-0.773185,-0.989324,-1.014195,0.891374,-1.160856,-1.099515,-0.599737,-1.257360,-1.222424,-1.503304,-1.078624,-0.721897,-0.358908,-1.074392,-0.795146,-1.772100,-0.790810,-1.144372,-1.654515,-0.928442,-0.789502,-1.555921,-0.846050,-0.646054,-1.078726,-0.876717,-0.838437,-1.643873,-1.031026,-1.108388,-1.467452,-1.188774,-0.535983,0.928170,-1.309834,-1.090014,-0.844489,-1.241563,-0.957738,2.292033,-1.009008,-1.023370,-1.166268,-1.129490,-0.834649,0.993655,-1.077155,-1.069587,-1.781306,-1.395964,-0.585353,-0.709562,-0.956406,-1.048298,-1.660738,-1.282571,-0.980775,-0.445537,-0.917704,-1.472962,0.103753,-1.339343,-0.682328,-1.377047,-0.838489,-0.894770,-0.368722,-0.958998,-0.921333,0.168674,-1.012357,-0.957894,0.011818,-0.875976,-0.698577,-0.856233,-0.870602,-1.026401,-0.459711,-0.993357,-1.078539,-0.817113,-0.875281,-0.756014,0.164610,-1.242316,-0.962726,0.935873,-0.883309,-0.870450,0.525339,-0.786885,-0.895263,-0.677008,-0.748469,-0.782609,-0.466978,-0.689027,-0.744508,-1.083848,-1.123655,-0.752514,-0.495750,-0.728713,-0.915983,-0.435052,-0.761459,-1.284896,-1.229829,-0.701770,-1.059544,-1.991765,-0.827970,-1.073614,-1.680392,-1.210475,-0.959602,-0.799959,-0.826971,-1.094895,-1.390062,-0.703816,-1.060612,-1.205768,-0.704094,-0.988555,-1.293398,-1.314579,-0.993920,-0.565507,-1.312399,-1.190823,-0.841424
-0.452603,-1.015345,1.201382,-0.339528,0.550631,1.297585,-1.046438,0.661743,0.621351,0.467830,0.473536,-0.912612,0.103645,1.445891,0.213247,0.288841,-0.777415,0.705875,0.018137,-0.007493,0.818003,0.143414,-1.404965,0.017795,0.480897,1.031368,-2.297824,-0.229888,0.732082,-2.509270,-0.663942,-0.663956,-0.651622,-0.000000,-0.000000,-0.000000,-0.081274,0.345481,-1.659334,-0.717797,-0.717800,-0.711982,-0.000000,-0.000000,-0.000000,-0.639891,-1.245860,0.865198,-0.844672,-0.911453,0.822408,-1.567319,-0.031971,-1.111790,-0.709424,-0.191609,-0.370393,-0.000000,-0.000000,-0.000000,-0.000000,-0.000000,-0.000000,-0.000000,-0.000000,-0.000000,-0.000000,-0.000000,-0.000000,-0.000000,-0.000000,-0.000000,-0.000000,-0.000000,-0.000000,-0.407727,-0.589400,-0.957229,-0.879525,-1.107384,1.771471,-0.799001,0.547968,-0.030006,-0.497350,0.137566,0.609040,-0.436496,0.138274,-0.886784,-0.607256,0.003094,-0.247895,-0.580490,-0.449822,0.866282,-0.673610,-0.910908,1.505777,-0.828158,-0.055813,0.956086,-0.830592,1.016503,-0.617629,-1.111508,0.994381,0.791120,-0.410828,-0.162007,-0.302495,-0.273233,-0.482358,-0.556760,-0.521195,1.388431,-0.311976,-0.978074,0.926019,-0.790358,-0.487306,0.863307,0.980513,-0.352582,0.217123,0.226298,-0.188489,1.468623,-0.154550,-1.418337,1.044760,-0.776792,-0.973793,1.259774,0.262304,-0.614042,1.615427,0.334736,0.539402,1.379791,0.356684,0.944792,1.662740,0.462665,0.807461,1.802661,0.154358,0.886565,1.884621,0.620626,0.853891,1.804001,0.469913,0.718279,1.291649,0.347810,0.723454,1.094883,0.928929,0.665733,1.269920,-0.111625,0.106400,1.265930,0.593732,0.312174,0.863548,0.080122,-0.626236,0.264226,-0.515102,-0.219846,-0.497209,0.607889,0.164574,-0.858527,1.152496,-0.462495,0.624829,0.031169,-1.322166,-0.182644,-0.117123,-0.909907,-0.825012,0.527420,-0.368310,-1.225662,1.719439,-0.753681,0.593988,-0.605165,-1.366658,-0.003011,0.622891,-1.436817,-0.434002,-0.006968,-1.172151,-0.623747,1.129176,-1.047086,-0.348623,-0.831774,-0.886832,-0.252293,-0.554872,-1.068206,-0.376157,1.415843,-0.941322,-0.862786,-1.344769,-1.102416,-0.731668,-0.848788,-0.981434,-0.654743,1.461396,-1.112035,-0.874722,0.296415,-0.987104,-0.756444,0.309227,-0.829870,-0.729580,-0.340924,-0.868643,-0.868110,0.710275,-0.744269,-0.815061,1.005001,-1.211844,-0.743217,0.507113,-0.745065,-1.423598,0.618662,-1.227268,-1.465525,-0.866613,-0.778067,-1.406799,-0.140619,-0.935219,-1.170005,0.616430,-0.982302,-1.388793,0.940255,-0.938761,-0.245304,-1.291425,-1.142148,-0.312250,-0.284132,-1.032091,-1.114569,1.293929,-1.106954,-1.170081,0.218317,-0.848642,-1.310607,1.195574,-1.208240,-1.650254,0.879297,-1.134690,-1.586655,1.579957,-1.134014,-1.015849,-1.217502,-1.213001,-1.218836,-0.874014,-0.986793,-1.012814,1.171096,-1.157244,-1.099515,-0.748787,-1.253853,-1.222424,-1.366373,-1.074981,-0.722587,-0.378965,-1.070770,-0.796159,-1.809871,-0.786892,-1.145888,-1.704047,-0.924704,-0.791466,-1.830087,-0.842404,-0.648278,-1.251619,-0.873431,-0.840088,-1.771849,-1.027845,-1.109858,-1.252823,-1.184035,-0.535983,0.800306,-1.071688,-1.089188,-0.774288,-1.237097,-0.956941,2.197596,-1.004695,-1.023370,-1.012553,-1.124669,-0.834649,1.074404,-1.072690,-1.069587,-1.621013,-1.392324,-1.287756,-0.956048,-0.952965,-1.558433,-1.466625,-1.279447,-1.510875,0.265555,-0.914639,-1.472962,0.237767,-1.336372,-1.572991,-1.462280,-0.835210,-0.894770,-0.771761,-0.954352,-0.922916,0.444951,-1.232637,-0.959977,0.113498,-0.872359,-0.700472,-0.879001,-0.867078,-1.027938,-0.297212,-0.990021,-1.080555,-0.737090,-0.872009,-0.758266,0.092112,-1.239277,-0.964234,0.946540,-0.880159,-0.871812,0.443779,-0.783547,-0.896626,-0.683852,-0.745010,-0.783731,-0.583487,-0.899306,-0.955262,-1.202353,-1.119638,-0.753948,-0.557375,-0.724686,-0.917420,-0.450310,-0.757909,-1.286477,-1.237006,-0.906593,-1.426121,-2.119088,-0.824745,-1.412503,-1.527048,-1.206936,-0.961443,-0.795403,-0.823854,-1.362737,-1.311084,-0.908017,-1.062039,-1.317584,-0.700689,-1.253381,-1.394957,-1.310187,-0.993920,-0.483327,-1.308981,-1.189977,-0.779117
-0.453343,-1.014517,1.174060,-1.120274,0.597013,0.767792,-1.056237,0.713709,0.041718,0.454627,0.463154,-0.767989,0.380148,1.340178,0.907401,0.272640,-0.755076,-0.565574,0.024452,0.030073,-0.259729,0.128266,0.270251,-0.879580,0.506630,0.426566,-1.031852,-0.190158,0.174953,-1.055098,-0.663942,-0.663956,-0.651622,-0.000000,-0.000000,-0.000000,1.013967,-0.292298,-0.167285,-0.717797,-0.717800,-0.711982,-0.000000,-0.000000,-0.000000,-0.641658,-1.245442,0.830855,-0.843575,-0.905198,0.658558,-1.574544,-0.026647,-1.308331,-0.699972,-0.129861,-0.532705,-0.000000,-0.000000,-0.000000,-0.000000,-0.000000,-0.000000,-0.000000,-0.000000,-0.000000,-0.000000,-0.000000,-0.000000,-0.000000,-0.000000,-0.000000,-0.000000,-0.000000,-0.000000,-0.438434,0.580918,-0.240082,-0.903384,0.147970,0.790620,-0.822321,-0.397360,-0.848067,-0.520781,0.036294,-1.251707,-0.460390,-0.992337,0.708448,-0.626600,1.204583,0.159633,-0.247709,0.090985,0.504935,-0.699583,-1.009606,0.896977,-0.856695,-1.476403,-0.419431,-0.422307,0.929989,-0.060355,-0.667999,0.206129,0.189805,-0.443250,0.462268,1.804765,-0.304004,-0.582881,1.404019,-0.134168,0.732707,0.559253,-1.009613,0.856954,-0.210156,-0.519720,0.158003,1.128978,-0.938861,-0.655838,2.240021,0.231267,1.855143,1.317845,-0.864717,0.967712,-0.470005,-0.257099,0.556721,1.415088,-0.653657,-0.022593,1.482308,0.513907,1.140642,0.535873,0.736620,1.533933,0.387000,0.650691,1.648209,0.211960,0.786837,1.621958,-0.011025,0.761478,1.565375,0.258231,0.223924,0.942734,-1.784221,0.325123,0.889141,0.052176,0.476534,1.072212,0.006047,0.019032,1.148463,0.449759,-0.210024,0.496761,-0.934158,-0.747534,-0.006419,-0.845200,-0.276346,-0.422851,0.099658,0.252286,-0.622911,0.572389,-0.689069,0.220747,-1.381273,-1.380529,-0.285880,-1.267895,-0.460643,-0.688066,-2.227078,-0.137855,-0.846498,-1.043227,-0.807525,0.020465,-1.398965,-1.236207,0.021802,-2.773339,-1.006807,0.139517,-2.989380,0.530459,-0.477199,-2.251029,-0.983828,-0.333677,-0.032187,-1.123214,-1.447575,0.138286,-1.296855,-1.187190,0.615083,-0.883957,-0.837173,-0.880457,-0.828838,-0.708600,-1.252215,-1.161090,-0.949303,1.292369,-1.056856,-0.861814,0.180912,-0.931915,-0.742306,-0.296683,-0.773964,-0.717294,0.164344,-1.010402,-0.853926,-0.084702,-0.892913,-0.797467,1.049479,-1.144734,-0.715291,-0.483528,-0.947017,-1.392771,1.221081,-1.139652,-1.434392,-0.120982,-0.955622,-1.378253,0.775433,-0.868487,-2.411829,0.707802,-1.146778,-1.375173,0.569934,-0.877383,-0.243515,-0.683637,-1.319783,-0.748609,-0.861569,-1.207384,-1.116402,1.340924,-1.049430,-1.170890,-0.141403,-1.031945,-1.310137,1.188723,-1.148554,-1.650254,0.500635,-1.068529,-1.588117,0.220430,-1.065132,-1.017760,-1.340037,-0.895541,-1.220557,-0.746666,-0.924783,-1.012109,1.437601,-1.099328,-1.092633,-1.518362,-0.981689,-1.216735,-1.740921,-1.019464,-1.462465,-0.306950,-1.015550,-1.347362,-1.837164,-0.728342,-1.551432,-0.499134,-0.868572,-1.315539,-1.680689,-0.786643,-1.253917,-1.121270,-0.816623,-1.290097,-1.410132,-0.972496,-1.098155,-0.660694,-1.126562,-0.526727,-0.451873,-0.780874,-1.081057,-0.101426,-1.178385,-0.949104,0.770298,-0.944028,-1.013208,-0.074686,-1.061287,-0.826239,0.929182,-0.778993,-1.061593,-0.333636,-1.328562,-1.280128,-1.300694,-0.887765,-1.555248,-0.766140,-1.215378,-1.507508,-0.143335,-1.077943,-1.465560,0.774968,-1.035354,-1.563351,-1.413406,-1.000482,-0.884680,-0.302615,-0.889827,-1.203932,1.059376,-0.951327,-0.941518,-0.220974,-0.817837,-0.685066,-0.126055,-0.813192,-1.358506,0.514892,-0.730367,-1.063900,-0.123932,-0.814588,-0.738311,0.076715,-0.971285,-0.952385,0.196065,-0.824859,-0.860654,0.228378,-0.729283,-0.886948,0.539499,-0.689158,-0.774358,0.204441,-0.843985,-0.945818,-0.306210,-1.059672,-0.743760,-1.107828,-0.668168,-0.906134,0.546776,-0.700918,-1.272269,-0.723650,-0.852150,-1.411339,-1.384213,-0.769002,-1.398801,-0.909250,-0.913992,-0.948815,-0.425138,-0.769961,-1.351908,-0.605342,-0.853739,-1.051196,-0.751766,-0.856677,-1.242702,-0.711206,-1.022017,-0.988485,-0.650335,-1.243794,-1.181649,-1.011442
-0.450094,-1.012457,1.065555,-1.122644,0.562966,0.930309,-1.036638,0.692764,0.456013,0.467386,0.884801,-0.380105,0.659592,1.037636,-0.670514,0.273165,-0.750182,-0.341234,0.021442,0.021714,-0.363656,0.145498,-1.395064,-0.493081,0.473142,-0.786503,0.169837,-0.269641,-0.394120,0.140656,-0.663942,-0.663956,-0.651622,-0.000000,-0.000000,-0.000000,-0.081496,-0.956108,0.289475,1.479737,1.479546,1.309622,-0.000000,-0.000000,-0.000000,-0.633977,-1.248003,0.934002,-0.839933,-0.901854,0.515795,-1.574116,-0.053269,-1.241109,-0.690073,-0.097473,-0.689873,-0.000000,-0.000000,-0.000000,-0.000000,-0.000000,-0.000000,-0.000000,-0.000000,-0.000000,-0.000000,-0.000000,-0.000000,-0.000000,-0.000000,-0.000000,-0.000000,-0.000000,-0.000000,-0.405310,0.050614,-1.182446,-0.877720,-0.425774,1.844468,-0.395934,0.560022,0.706822,-0.495344,0.142899,0.178359,-0.434222,0.152783,-0.556144,-0.605516,0.012490,-0.126344,-0.578704,0.181915,0.801649,-0.671046,-0.149019,0.135366,-0.825407,-0.050960,0.786941,-0.828692,1.025616,-0.715697,-1.109461,0.999438,0.684958,-0.408018,-0.151655,-0.243484,-0.270631,-0.471174,-0.895177,-0.109436,1.392612,-0.499929,-0.975661,0.431826,-0.600919,-0.484487,0.248402,0.076014,-0.349760,0.228398,-0.625900,-0.186556,0.571062,0.271603,0.344913,0.462805,-0.358921,-0.209578,1.268741,1.125010,-0.610567,1.098524,0.106481,0.139916,1.074713,-0.041375,0.378631,1.310045,0.402979,0.509719,1.294367,0.554861,0.803604,1.170946,-0.188343,0.783446,1.158586,0.005723,0.134403,0.571456,-2.272728,-0.425960,0.506653,-3.846354,0.459610,0.757018,-1.491738,0.180942,0.067961,-1.755986,-0.461416,0.484481,-1.174989,-1.095001,0.085425,-0.042478,-0.303883,-0.158732,0.470742,0.371026,-0.264965,0.155410,-0.727484,0.390364,-1.104642,-0.962862,0.140253,-0.496628,-0.260633,0.008557,0.380836,0.332026,0.071949,-0.324657,-0.508760,0.438365,-0.796423,-0.593227,0.509056,-1.709278,-0.069586,0.647219,-1.448022,0.498362,0.824784,-1.740304,-0.978081,-0.345816,0.121497,-1.116866,-1.464132,0.344398,-1.290442,-1.200802,0.325080,-0.879033,-0.848807,-0.783929,-0.824233,-0.718167,-1.341630,-1.156631,-0.956026,1.317497,-0.826961,-0.866891,0.256854,-0.928550,-0.968812,-0.509971,-0.771283,-0.721908,-0.018326,-0.813802,-0.859402,-0.443156,-0.891053,-0.804127,0.867306,-0.907289,-0.726480,-0.750409,-0.945213,-1.406327,1.173794,-0.837926,-1.449204,0.146843,-0.954260,-1.393432,0.832591,-0.867250,-2.428982,0.742713,-1.145515,-1.388793,0.722962,-0.872166,-0.249383,-0.411986,-1.082307,-0.752528,-0.908880,-1.203211,-1.121282,1.325776,-1.045673,-1.174468,-0.134119,-1.028171,-1.314940,1.162387,-0.922096,-1.656847,0.442404,-1.065881,-1.594878,-0.051169,-1.062894,-1.553572,-1.227963,-0.893545,-1.228516,-1.072052,-0.923232,-1.788106,1.620750,-1.096327,-1.100925,-1.730352,-0.978768,-1.674474,-1.698841,-0.803368,-1.471966,-0.107529,-0.800609,-1.355507,-1.687917,-0.725037,-1.557836,-0.297171,-0.647747,-1.324327,-1.505363,-0.783944,-1.264049,-1.005060,-0.814107,-1.297618,-1.279098,-0.762489,-1.104378,-0.439044,-1.122260,-0.535289,-0.954922,-0.776873,-1.090808,0.117850,-1.174550,-0.958503,0.195506,-0.940576,-1.022608,0.150528,-1.057148,-1.500911,0.868403,-0.774952,-1.069030,0.086037,-1.088464,-1.288374,-1.509588,-0.885392,-1.560307,-0.139958,-1.213295,-1.512764,0.006756,-0.848950,-1.474479,1.113694,-1.033022,-1.572991,-1.473011,-0.998221,-0.894013,-0.410097,-0.885653,-1.209487,1.218417,-0.948104,-0.949902,-0.304065,-0.814993,-1.109114,0.079974,-0.810583,-1.364702,0.833457,-0.727957,-1.071616,0.204691,-0.812080,-0.747375,-0.053838,-0.968996,-0.957678,0.231530,-0.822443,-0.865436,-0.073397,-0.726698,-0.891011,0.901100,-0.686480,-0.986500,0.447431,-0.627158,-0.949783,0.089473,-0.821121,-0.748037,-1.237323,-0.664747,-0.911176,0.924590,-0.697939,-1.629348,-0.552769,-0.641132,-1.417921,-1.184443,-0.766534,-1.404886,-0.608138,-0.680548,-0.954337,-0.286728,-0.767574,-1.356717,-0.329058,-0.643362,-1.056138,-0.653162,-0.643174,-1.247457,-0.550324,-1.018057,-0.994443,-0.683806,-1.004211,-1.191636,-0.788914
-0.448018,-1.012055,1.009740,-1.122963,0.584262,0.857707,-1.045592,0.683123,0.349134,0.457955,0.890387,0.423383,-0.168792,0.733147,0.328846,0.274677,-0.741292,-0.832403,0.027169,-0.032571,-1.059974,0.140751,-1.411593,-0.694050,0.439231,-2.005393,-0.871294,-0.269641,-1.534440,-1.156838,1.578853,1.599534,1.685660,-0.000000,-0.000000,-0.000000,-1.196011,-1.608747,-1.087891,1.479779,1.479546,1.676861,-0.000000,-0.000000,-0.000000,-0.630731,-1.251870,1.021693,-0.838054,-0.909385,0.612167,-1.554567,-0.038121,-0.865233,-0.682327,-0.090365,-0.584465,-0.000000,-0.000000,-0.000000,-0.000000,-0.000000,-0.000000,-0.000000,-0.000000,-0.000000,-0.000000,-0.000000,-0.000000,-0.000000,-0.000000,-0.000000,-0.000000,-0.000000,-0.000000,-0.413795,0.050614,-0.982296,-0.880133,-0.425774,1.324915,-0.395364,0.547968,0.395801,-0.098870,-0.608411,-0.005008,-0.037334,0.116511,0.322388,-0.266772,-0.653999,-0.701605,-0.224858,-0.468019,0.445029,-0.667836,-0.938343,0.073959,-0.346147,-0.084873,0.825709,-0.832778,0.379230,-0.537703,-0.639949,0.276875,0.667967,-0.405209,-0.188045,0.009075,-0.264702,-0.515843,-1.136965,-0.524177,0.799543,-0.595817,-0.429384,0.410002,-0.267055,0.073730,0.216779,0.181910,0.208368,0.183365,-1.136393,-0.191724,0.557946,0.503515,-0.832305,0.441389,0.501897,-0.211231,0.619820,1.506638,-0.609600,1.071941,-0.153310,0.293621,0.705653,-0.617867,0.141070,0.255071,-1.652677,0.245138,0.353323,-1.776241,0.054238,0.312766,-1.935706,0.170627,0.409985,-1.585708,-0.835653,0.283167,-0.209495,-0.602970,0.131306,-0.127667,-0.139965,0.218598,-0.867736,0.280422,0.281005,0.891029,-1.197535,0.401195,-1.814934,-1.251011,0.169754,-1.150180,-0.234670,0.170456,0.174819,0.443982,0.481636,0.511485,-0.839822,0.509544,-0.634790,-0.930152,0.467278,-0.093201,0.071202,0.459919,0.550683,0.746702,0.442294,1.076645,-0.292300,0.698138,-1.176019,-0.131630,0.865849,0.223172,0.405473,1.023496,0.998805,1.024603,0.993626,1.526883,-0.697308,-0.338381,0.189436,-1.113270,-1.453094,0.380324,-0.990743,-1.192506,0.010296,-0.876115,-0.841841,-0.723780,-0.821637,-1.195398,-1.391590,-0.917940,-0.951814,1.274983,-0.823921,-0.863771,0.548356,-0.925194,-0.965423,-0.476496,-0.767820,-0.719003,0.144699,-0.810472,-0.855955,-0.881662,-0.887333,-0.800136,0.472804,-0.666889,-0.719494,-1.157647,-0.939582,-1.397691,1.323741,-0.831699,-2.262543,0.520475,-0.949069,-2.371884,1.072108,-0.862529,-2.417547,0.926132,-1.140692,-1.379400,0.754933,-0.868849,-0.896052,-0.346433,-1.079368,-0.749777,-1.075099,-1.200082,-1.117615,1.150566,-1.042561,-1.613712,0.231170,-1.024640,-1.311587,1.472215,-0.694637,-1.652431,0.675492,-0.817680,-1.590401,-0.718224,-0.810164,-1.550725,-1.202190,-0.888864,-1.223246,-0.776418,-0.918961,-1.783285,1.445660,-0.648007,-1.095397,-1.914890,-0.759522,-1.670792,-1.071694,-0.586888,-1.465834,0.103654,-0.797367,-1.350422,-1.582170,-0.492676,-1.553669,0.477194,-0.644208,-1.318971,-1.355205,-0.780485,-1.257860,-1.044223,-0.810444,-1.756782,-0.960919,-0.758935,-1.505499,0.453591,-0.880068,-0.529590,-1.497872,-0.773720,-1.084296,0.529903,-0.935236,-0.952226,-0.532314,-0.697260,-1.016352,0.637686,-1.053718,-1.495533,0.676706,-0.771768,-1.063870,0.984862,-0.846886,-1.985675,-1.506230,-0.881093,-2.067688,0.578225,-0.978221,-1.508948,0.456041,-0.844653,-1.468533,1.505515,-0.793158,-1.566586,-1.414928,-0.994124,-1.747949,-0.892984,-0.881942,-1.206042,1.172620,-0.720349,-0.944882,-0.398538,-0.600924,-1.104621,0.602080,-0.600980,-1.360672,1.235536,-0.724448,-1.066758,0.406208,-0.808407,-1.245501,-0.287984,-0.965206,-0.954159,0.405430,-0.818906,-0.862470,-0.270131,-0.723360,-0.888499,1.141838,-0.683020,-0.984065,0.850958,-0.623896,-0.947332,0.654828,-0.582560,-0.971523,-1.166430,-0.661326,-0.907825,1.364684,-0.694589,-1.625247,-0.353216,-0.637747,-1.413961,-0.881497,-0.552687,-1.738284,-0.300282,-0.676594,-0.950912,-0.049661,-0.560826,-1.353599,-0.132726,-0.639988,-1.314385,-0.439055,-0.639961,-1.244596,-0.336699,-0.783642,-1.539527,-0.332541,-1.000159,-1.184967,-0.768168
-0.447729,-1.028505,1.098135,-0.350469,-1.521890,0.981557,-1.065755,0.649596,0.263190,0.446972,0.895183,0.996351,-0.467868,0.419314,0.927341,0.301987,-0.764564,0.790428,0.028069,-0.040879,-0.002938,0.154394,-1.395064,-0.207807,0.511143,-0.172401,0.846891,-0.190158,0.167344,0.059000,-0.663942,-0.663956,-0.651622,-0.000000,-0.000000,-0.000000,1.009054,-0.291058,0.787440,1.479484,1.479535,1.201300,-0.000000,-0.000000,-0.000000,-0.641370,-1.256991,1.178944,-0.834527,-0.922762,0.459724,-1.532461,-0.022148,-0.853470,-0.678467,-0.097473,-0.583895,-0.000000,-0.000000,-0.000000,-0.000000,-0.000000,-0.000000,-0.000000,-0.000000,-0.000000,-0.000000,-0.000000,-0.000000,-0.000000,-0.000000,-0.000000,-0.000000,-0.000000,-0.000000,-0.390339,0.078069,-0.766610,-0.863533,-0.391415,1.361014,-0.380493,0.590159,0.077259,-0.084878,-0.565808,-0.111473,-0.023963,0.174457,0.506143,-0.253119,-0.616472,0.324763,-0.564833,0.195507,1.217289,-0.651806,0.612937,-0.088186,-0.329621,-0.046106,1.084408,-0.382693,0.411069,-0.514961,-1.092334,1.009492,0.372450,-0.385199,-0.146447,0.240332,-0.246918,-0.465582,-0.825608,0.312433,0.832936,-0.093962,-0.407423,0.439056,0.220353,0.094400,0.252927,-0.075680,0.228052,0.234036,-1.107867,0.715635,0.584138,0.954594,0.364125,0.475603,-0.269732,0.578414,0.038453,1.617202,-0.584339,1.106132,-0.286803,-0.901649,0.308123,0.846452,-1.120629,0.024438,-0.266802,-1.019092,-0.165824,-1.145857,-0.914282,-0.319303,-2.366682,-0.459227,-0.594938,-1.900767,-1.591027,-0.015005,0.753262,-1.401335,-0.405713,-0.012939,-0.639461,-0.620060,-0.088832,0.043063,-0.647726,-0.158074,-1.522766,0.214227,-0.414400,-0.700878,-0.110257,0.610392,0.113091,-0.391753,0.424042,0.680633,-0.503534,0.989369,-0.728009,0.439409,0.783498,0.074345,0.357782,0.633577,1.125091,0.199360,1.168592,1.417294,0.066342,1.063752,-0.024810,0.629405,-0.341769,0.370221,0.676586,0.722107,0.381331,0.565275,-0.791514,0.351322,0.486121,-1.248132,-0.560803,-0.742920,-0.135001,-0.658460,-0.953579,0.048028,-0.849437,-1.010481,1.113368,-0.520690,-1.466646,-0.900204,-0.737244,-0.788699,-0.699152,-0.851041,-1.046075,0.635700,-0.569800,-0.957267,-0.358034,-0.716903,-0.862636,-0.379721,-0.614906,-1.012911,0.151829,-0.711477,-0.972474,-0.991337,-0.615691,-1.218621,0.532843,-0.392276,-1.383931,-0.675109,-0.635370,-1.473553,0.481787,-0.527531,-2.195813,0.215230,-0.696647,-2.102139,0.380459,-0.861301,-1.828081,0.045137,-0.908463,-1.770745,-0.119561,-0.512181,-0.979307,-0.318215,-0.782043,-1.636236,-1.031111,-0.703166,-1.128589,0.914311,-0.806409,-1.624057,0.587547,-0.803260,-1.353969,1.568449,-0.781145,-1.710365,0.382787,-0.697202,-1.597132,-1.301518,-0.475128,-2.065456,-0.964811,-0.588784,-1.231169,-0.169817,-0.676172,-1.844237,0.370041,-0.484862,-2.055512,-2.097604,-0.386957,-1.826495,-0.588506,-0.432256,-1.809313,0.208464,-0.431483,-1.669940,-1.182881,-0.526275,-1.446369,-0.420936,-0.472456,-1.729453,-1.128106,-0.413996,-1.737306,-0.544475,-0.456106,-1.641345,-0.694976,-0.429061,-1.394915,0.910254,-0.594164,-1.570287,-1.787544,-0.514514,-1.322290,0.368974,-0.696147,-1.181624,-0.152610,-0.717342,-1.299665,0.264732,-0.793520,-1.719608,1.167847,-0.509992,-1.282055,0.767912,-0.480971,-1.501806,-1.236209,-0.771130,-2.178187,0.847683,-0.666591,-1.623763,1.019298,-0.783460,-1.692963,1.587543,-0.712915,-1.850903,-0.683476,-0.663589,-1.169094,-0.560776,-0.633392,-1.222192,0.529501,-0.525543,-1.395167,-0.019290,-0.436230,-1.067435,0.846121,-0.453073,-1.332814,0.520942,-0.588785,-1.026558,0.562254,-0.683931,-1.228740,0.486090,-0.650246,-1.244859,-0.359309,-0.699029,-1.137152,0.417059,-0.589098,-1.123651,1.169040,-0.530258,-1.005452,1.164836,-0.456790,-0.968864,0.715578,-0.380017,-0.992926,-0.502721,-0.458594,-1.184693,0.573311,-0.523021,-1.277001,-0.379770,-0.488314,-1.416262,-0.499646,-0.415242,-1.400644,-0.703807,-0.553412,-0.962234,0.254479,-0.427943,-1.353364,-0.358269,-0.491009,-1.056847,0.002262,-0.475417,-1.246259,-0.206576,-0.540272,-1.692876,-0.302178,-0.666752,-1.428717,-0.031669
-0.446393,-1.018635,1.010059,-1.125188,0.565538,0.885869,-1.089831,0.679338,0.648164,-0.112404,0.468740,0.475672,-0.469794,-0.185632,0.602490,0.284799,-0.755375,0.345409,0.021754,-0.053418,-0.215322,0.147563,0.273565,-0.506365,0.439630,-0.789996,0.642898,-0.236242,-0.964280,0.913256,-0.663942,-0.663956,-0.651622,-0.000000,-0.000000,-0.000000,-0.101828,-0.947431,-0.608785,-0.717797,-0.717800,-0.711982,-0.000000,-0.000000,-0.000000,-0.633093,-1.259996,1.028319,-0.830999,-0.923171,0.274652,-1.520981,-0.016823,-0.702706,-0.680174,-0.067063,-0.483062,-0.000000,-0.000000,-0.000000,-0.000000,-0.000000,-0.000000,-0.000000,-0.000000,-0.000000,-0.000000,-0.000000,-0.000000,-0.000000,-0.000000,-0.000000,-0.000000,-0.000000,-0.000000,-0.398429,0.635773,0.162469,-0.868360,0.873696,-0.011501,-0.383998,-0.337160,-0.573745,-0.087443,0.073628,-1.532213,-0.025665,0.044057,1.148391,0.083884,-0.700922,-1.657002,0.138234,-1.140645,-0.470101,-0.213772,-0.993146,0.012552,-0.332036,-1.466696,-0.994157,0.043815,-0.918043,-0.988185,-0.156066,-1.163133,-0.186196,-0.389597,-0.240057,0.923259,-0.249882,-0.571696,0.139026,0.306777,-0.390723,0.327199,-0.413809,-0.625627,0.433458,0.089529,-1.071698,-0.138218,-0.328457,-1.421819,0.233671,0.265190,-0.375643,0.599013,0.357278,-0.778151,0.527847,-0.189680,-0.042634,0.901398,-0.590291,-0.011181,0.369498,-0.980245,0.032639,0.978718,-1.370980,-0.325602,0.006559,-1.183918,-0.644316,-0.564587,-1.029606,-0.564801,-2.118493,-0.652006,-0.445429,-1.867504,-1.657032,-0.289113,0.066983,-1.571767,-0.695919,0.204476,-1.033382,-0.899567,0.659110,-0.396064,-0.977870,0.401863,-1.450199,0.100255,0.131424,-0.564852,-0.410869,0.466060,0.280630,-0.812670,0.675989,0.710651,-0.901080,1.516961,-0.358964,0.307440,0.513957,0.538301,0.040491,1.318141,1.270730,-0.197023,1.533232,1.590449,-0.330771,1.762585,0.425462,0.494458,-0.088410,0.597575,0.399106,0.941220,0.495075,0.289198,-0.697392,0.552314,0.242388,-1.105499,-0.692059,-0.343919,0.390128,-0.800951,-1.460811,0.587646,-0.688371,-1.196992,-1.134034,-0.622436,-0.845300,0.094128,-0.595459,-1.197985,-0.866516,-0.677753,-0.953219,0.604348,-0.367619,-0.864742,1.139664,-0.262346,-1.408689,-0.544014,-0.550355,-0.909424,0.901752,-0.806444,-1.306873,0.185419,-0.676816,-1.097355,-0.751162,-0.190521,-1.238752,-1.848720,-0.648958,-1.401381,1.502920,-0.525375,-2.266978,1.842259,-0.692800,-2.377209,1.598864,-0.857809,-2.425495,0.600018,-0.670148,-1.386700,-0.091385,-0.600820,-0.900155,0.075218,-0.375741,-1.625231,-1.630201,-0.501598,-1.122495,-0.393225,-0.343925,-1.616496,-0.233811,-0.528300,-1.314940,0.162437,-0.466160,-1.657592,1.500566,-0.324569,-1.596371,-0.471901,-0.308498,-2.086537,-0.405967,-0.388816,-1.230272,0.194360,-0.698722,-1.788106,0.186892,-0.420944,-1.869711,-0.833173,-0.323343,-1.673645,1.492378,-0.369447,-1.470613,0.680945,-0.369010,-1.353440,-0.908272,-0.488137,-1.555952,1.478643,-0.422018,-1.863060,-0.617547,-0.562823,-1.261253,-0.533288,-0.591734,-2.223484,-0.166764,-0.547247,-1.507682,2.414264,-0.397610,-1.323614,-1.534003,-0.535352,-1.090014,1.167068,-0.458313,-0.957738,-1.059125,-0.692508,-1.021782,0.477915,-0.283943,-1.499713,0.277092,-0.531037,-1.701853,2.525852,-0.367135,-1.990107,-0.597082,-0.637482,-2.070910,1.096691,-0.511601,-1.512296,2.789284,-0.612796,-1.473751,1.722529,-0.552646,-1.572207,-0.017922,-0.762007,-1.753373,-1.491644,-0.619246,-1.207377,0.539988,-0.267274,-0.947375,-0.138464,-0.596549,-1.106868,1.521208,-0.596897,-1.362523,2.312577,-0.514948,-1.069187,1.215664,-0.804160,-1.247790,-1.502496,-0.539062,-0.955657,0.095592,-0.814816,-1.116429,-1.367036,-0.513531,-0.889656,0.817125,-0.465770,-0.985187,1.093213,-0.619457,-0.948461,1.076051,-0.342517,-0.972542,-0.739565,-0.433650,-0.909251,1.351025,-0.690032,-1.977916,-0.117268,-0.633622,-1.780538,-0.467754,-0.548329,-1.740114,0.830468,-0.440847,-0.952507,0.627465,-0.556612,-1.621666,0.870882,-0.635876,-1.576865,-0.141728,-0.635590,-1.509424,0.038834,-0.316480,-1.543009,0.821114,-0.520785,-1.190823,0.575778
-0.445509,-1.014517,0.987038,-1.126929,0.583820,1.119892,-1.068549,0.629060,0.806522,-0.104749,0.477523,0.701373,-0.752716,-0.287900,0.422323,0.282268,-0.747418,-0.058579,0.021442,0.013405,-0.451770,0.148469,0.270251,-0.349038,0.466609,-0.178222,0.158384,-0.214001,0.164096,-0.329481,1.603898,1.599522,1.205522,-0.000000,-0.000000,-0.000000,-0.089624,-0.292298,-0.180693,-0.717797,-0.717800,-0.711982,-0.000000,-0.000000,-0.000000,-0.631019,-1.265561,1.103981,-0.830333,-0.918576,0.208073,0.538984,-0.002900,-0.721270,-0.679333,-0.043761,-0.517356,-0.000000,-0.000000,-0.000000,-0.000000,-0.000000,-0.000000,-0.000000,-0.000000,-0.000000,-0.000000,-0.000000,-0.000000,-0.000000,-0.000000,-0.000000,-0.000000,-0.000000,-0.000000,-0.399637,0.594645,0.286070,-0.457523,0.834488,-0.212046,-0.390686,-0.385305,-0.280325,-0.096305,0.041627,-1.187228,-0.036761,-0.985083,0.968056,0.080660,-1.372108,-1.408690,0.132592,-1.154292,-0.607525,-0.223382,-1.009606,-0.067127,-0.344761,-1.481256,-0.661347,0.040976,-0.940824,-0.850778,0.308998,-1.183364,-0.166494,-0.400005,-0.973627,0.061599,0.247235,-0.582881,0.493923,0.304686,-0.411625,-0.073896,0.129690,-1.141644,0.078135,0.080233,-1.085274,-0.013739,-0.341317,-0.661476,0.302970,0.262606,-0.392038,-0.013560,0.351733,-0.795284,1.223959,-0.200169,-0.060678,1.155574,-0.601653,-0.022593,0.226882,-1.231021,-0.147696,0.883080,-1.546830,-0.529054,0.635083,-1.487175,-0.886621,0.449503,-1.244905,-0.791169,-2.006449,-0.797996,-0.701195,-1.566353,-1.720891,-0.400197,0.206742,-1.638318,-0.965540,0.307504,-1.266921,-1.165197,0.610396,-0.657812,-1.230553,0.900714,-1.372801,-0.060459,0.525757,-0.495003,-0.728009,0.501336,0.222853,-1.139549,0.699216,0.697268,-1.238990,1.159917,-0.134652,0.154123,0.391704,0.634863,-0.283271,1.180687,1.252799,-0.557261,1.694981,1.504568,-0.716492,1.521040,0.551528,0.273182,0.167861,0.610090,0.141382,0.521137,0.537715,0.031255,-0.365408,0.301479,0.107264,-0.757050,-0.287029,-0.988132,-0.596169,-0.660112,-1.239209,-0.597063,-0.851045,-1.203045,-0.192719,-0.521821,-1.612790,-1.498623,-0.517861,-1.376078,-1.858501,-0.851473,-1.114516,1.246928,-0.569601,-1.004396,-0.262483,-0.715905,-1.129591,-1.276248,-0.612991,-1.053730,0.553642,-0.709017,-1.244252,-0.533131,-0.612152,-0.989388,0.118391,-0.387610,-0.985636,-1.066819,-0.629228,-1.626556,1.070781,-0.520776,-1.566344,1.455391,-0.690987,-2.330042,1.212134,-0.630099,-2.125068,0.251617,-0.441265,-0.892503,-0.378777,-0.512895,-1.136990,-0.493246,-0.551077,-1.742766,-0.521147,-0.702954,-1.293563,0.387529,-0.576108,-1.731897,0.687954,-0.558189,-1.484053,1.144726,-0.334670,-1.101134,0.771769,-0.209816,-1.799987,-1.131446,-0.225083,-2.196293,0.129084,-0.338651,-1.469931,-0.405994,-0.671901,-1.268463,0.314484,-0.262202,-2.239874,-1.666499,-0.170823,-1.934101,1.073074,-0.430333,-1.239132,0.001443,-0.429570,-1.802030,-1.109990,-0.297832,-1.542760,1.380244,-0.254578,-1.854272,-0.899342,-0.412079,-1.260703,-0.664303,-0.453968,-1.748410,-0.383868,-0.426824,-1.488345,1.847322,-0.120115,-1.758677,-3.142050,-0.282246,-0.644006,0.336729,-0.461075,-1.389963,-1.246947,-0.478357,-1.506473,-0.387361,-0.539768,-1.216746,0.868403,-0.275422,-1.432841,2.735620,-0.242379,-2.366925,-0.730859,-0.530759,-1.793745,1.887420,-0.434013,-1.751017,3.354332,-0.554276,-1.070396,1.801960,-0.475375,-1.179458,-0.582817,-0.660319,-1.374427,-1.732008,-0.632240,-1.288075,1.034720,-0.301628,-1.038440,-0.409237,-0.434514,-1.162470,1.256827,-0.451220,-1.411111,2.067067,-0.382982,-1.129297,1.097932,-0.681422,-1.342601,-0.812425,-0.647586,-1.030302,0.210328,-0.696613,-1.193649,-0.776558,-0.587048,-0.958562,1.199228,-0.528344,-1.051973,1.244596,-0.455049,-1.015700,1.085207,-0.145285,-1.043442,-1.011360,-0.457391,-0.980344,1.451846,-0.521234,-1.704249,-0.294283,-0.486442,-1.860764,-0.550171,-0.413144,-1.811543,0.410891,-0.550508,-1.027984,0.461112,-0.425915,-1.678120,0.473401,-0.489144,-1.374885,-0.212921,-0.473702,-1.567382,-0.123151,-0.310231,-1.824447,1.387424,-0.427822,-0.734028,0.060091
-0.438704,-1.010800,0.767934,-0.319871,0.572342,-0.273557,0.345828,-1.425705,0.597478,-0.113070,0.472737,0.679592,-1.577141,-0.393361,0.019598,0.294890,-0.758737,0.071400,0.035889,0.000866,-0.319830,0.159740,-1.381808,-0.083209,0.443719,-0.181715,1.189485,-0.243398,-0.401729,0.250444,1.604732,1.599522,1.895778,-0.000000,-0.000000,-0.000000,-1.187870,-0.291058,1.054957,-0.717797,-0.717800,-0.711982,-0.000000,-0.000000,-0.000000,-0.617134,-1.265980,0.889080,-0.826476,-0.921920,0.077618,0.541111,-0.013149,-0.537531,-0.681040,-0.102542,-0.164886,-0.000000,-0.000000,-0.000000,-0.000000,-0.000000,-0.000000,-0.000000,-0.000000,-0.000000,-0.000000,-0.000000,-0.000000,-0.000000,-0.000000,-0.000000,-0.000000,-0.000000,-0.000000,-0.385899,0.082645,0.079165,-0.862925,-0.391415,1.122997,-0.381080,0.602140,0.466902,-0.087163,-0.549808,-0.164685,-0.027940,0.196220,0.261185,0.089090,-0.602378,-0.111676,-0.212273,-0.413484,0.656959,-0.213439,-0.110610,-0.081593,-0.334094,-0.016987,0.606212,0.051661,-0.822471,-0.653382,-0.621464,0.337505,0.661988,-0.387202,-0.833149,-0.357152,-0.250991,-0.437621,-1.045934,0.314833,-1.451547,-0.398445,-0.406619,-0.545693,-1.342251,0.093584,-0.348347,-0.969967,0.224444,0.262225,-1.434867,0.718238,-0.306865,0.673234,0.366234,-0.097785,0.474957,0.578414,-1.182813,1.372530,-0.585336,-0.968904,-0.771131,-1.534857,-0.321078,1.143932,-1.676812,-0.741359,0.474401,-1.635047,-1.044041,0.559847,-1.430546,-0.952198,-1.958091,-0.821651,-0.895192,-1.566048,-1.803498,-0.529570,0.022965,-1.437866,-1.248301,-0.540387,-1.260458,-1.379117,0.559196,-0.848981,-1.433839,0.736905,-1.309284,-0.190590,0.564434,-0.487504,-0.903923,0.692477,0.212783,-1.337389,1.106832,0.626452,-1.433165,1.469423,-0.062022,-0.033572,0.981145,0.571482,-0.479975,0.930525,1.184351,-0.797988,1.936428,1.516679,-0.870992,1.699405,0.535876,0.078558,0.494747,0.553969,-0.092797,0.610532,0.328911,-0.167091,-1.130077,0.029997,0.054406,-0.846394,-0.340032,-0.997464,-1.232874,-0.414886,-1.254598,-0.833937,-0.613854,-1.217394,0.397274,-0.323036,-0.985046,-1.935144,-0.560859,-1.388268,-1.944264,-0.663737,-1.123213,1.564540,-0.614597,-1.011240,-0.566614,-0.542826,-1.136968,-0.806082,-0.446046,-0.872024,0.747839,-0.557455,-1.251739,0.098770,-0.656940,-0.998738,0.646568,-0.439649,-1.000063,-1.102675,-0.410361,-1.643250,1.094031,-0.290417,-1.583418,0.830579,-0.498283,-2.345149,1.101775,-0.681216,-2.139897,0.573039,-0.724473,-0.900871,0.200381,-0.303159,-1.138183,-0.658162,-0.596847,-1.742766,-0.345457,-0.519527,-1.293563,0.896941,-0.622794,-1.731897,1.166903,-0.364697,-1.484994,1.453304,-0.381867,-1.102566,0.200386,-0.503962,-0.975836,-1.616634,-0.278758,-2.195338,-0.558763,-0.393043,-1.469931,-1.160955,-0.505708,-1.269872,1.028172,-0.308506,-1.480819,-2.515795,-0.215952,-1.937352,-0.050396,-0.263415,-1.246589,-0.333459,-0.263545,-1.809161,-1.413943,-0.344838,-1.549532,0.296330,-0.299737,-1.326271,-1.429488,-0.244983,-1.271385,-0.849858,-0.286083,-1.755931,-0.582709,-0.264687,-1.494538,1.490411,-0.167480,-0.981690,-2.911492,-0.328986,-0.648899,-0.014547,-0.508733,-1.394646,-0.796795,-0.289453,-1.512729,-0.273123,-0.591208,-1.221537,1.324405,-0.322625,-1.437396,1.840840,-0.292863,-1.674727,-1.299279,-0.581966,-1.796499,1.413369,-0.254899,-1.753412,1.814134,-0.603795,-1.074855,1.696849,-0.526328,-1.185896,-1.243457,-0.483358,-1.380639,-1.304244,-0.429177,-1.294696,1.366374,-0.347709,-1.048087,-0.500578,-0.269070,-1.170723,0.819925,-0.289742,-1.417924,1.639070,-0.222167,-1.138219,0.753586,-0.513847,-1.353031,-0.426087,-0.483176,-1.036601,0.232053,-0.535230,-0.949023,-0.281017,-0.426125,-0.963775,1.315923,-0.361564,-1.057026,1.167035,-0.287182,-1.020787,0.824155,-0.193586,-0.824633,-1.042566,-0.281404,-0.986344,1.179554,-0.348885,-1.711823,-0.446647,-0.323297,-1.506669,-0.693019,-0.248407,-1.818826,-0.128383,-0.370536,-1.034554,0.322045,-0.266645,-1.419406,0.007235,-0.326494,-1.380766,-0.290106,-0.308409,-1.573074,-0.295742,-0.356686,-1.827406,0.661984,-0.478887,-0.739038,-0.499917
-0.435454,-1.014918,0.743704,-0.346029,0.594883,0.483850,-1.065473,0.626963,0.152881,-0.113513,0.876008,1.057525,-2.133890,-0.496876,-0.440084,0.310072,-0.770074,0.314639,0.033172,-0.007493,-1.573321,0.141928,0.273565,-0.435643,0.501743,-0.192179,-0.059587,-0.152806,-0.964280,-1.053204,1.604500,1.599522,1.337583,-0.000000,-0.000000,-0.000000,-0.077851,-0.303454,1.129196,-0.717797,-0.717800,-0.711982,-0.000000,-0.000000,-0.000000,-0.608568,-1.270709,0.951667,-0.823056,-0.921077,-0.116997,0.553435,-0.040170,-0.145413,-0.688366,-0.151124,-0.311523,-0.000000,-0.000000,-0.000000,-0.000000,-0.000000,-0.000000,-0.000000,-0.000000,-0.000000,-0.000000,-0.000000,-0.000000,-0.000000,-0.000000,-0.000000,-0.000000,-0.000000,-0.000000,-0.416606,0.608317,1.518938,-0.470512,0.849154,0.158315,-0.403512,-0.361269,-0.065102,-0.109164,-0.672348,-1.680842,-0.049854,-0.963320,0.925406,0.070004,-1.353316,-1.792751,0.474369,-2.390472,-1.182073,0.203124,-2.495109,-1.608530,0.586228,-1.461843,-1.313514,0.027778,-0.927155,-0.870655,0.764830,-1.163133,-0.896214,0.132789,-1.665536,-0.801318,-0.279545,-0.560512,-0.344587,-0.117783,-0.971250,-0.433236,0.112507,-1.127095,-0.588858,0.062406,-1.067172,-0.257492,-0.359822,-0.638925,1.247932,-0.195589,-0.830982,0.097369,0.920297,-1.368672,1.937321,-0.224486,-0.042634,-0.072089,-0.623440,-1.052503,-1.061718,-1.740672,-0.416332,0.952466,-1.861854,-0.794973,0.507390,-1.746808,-1.144019,0.890857,-1.546342,-1.088743,-1.015072,-1.066113,-0.814882,-1.411683,-1.798605,-0.622508,0.415690,-1.484815,-1.279384,-0.505497,-1.311697,-1.488362,0.456389,-0.753796,-1.519487,0.620228,-1.193582,-0.300265,0.902086,-0.497593,-1.060383,0.881139,0.161304,-1.485715,1.344221,0.588137,-1.539433,1.250332,-0.114252,-0.122480,0.855325,0.560724,-0.588078,1.056451,1.204165,-0.924448,1.805056,1.453335,-0.979197,1.770473,0.459052,-0.029021,0.503062,0.548711,-0.226655,0.498595,0.354258,-0.358294,-1.169570,-0.032038,-0.072515,-0.777241,-0.343786,-1.010552,-0.694245,-0.418763,-1.270123,-0.306464,-0.617592,-1.227196,0.131970,-0.326400,-0.992628,-1.408817,-0.343478,-0.913694,-1.640012,-0.666718,-1.126295,1.196673,-0.617249,-1.013198,-0.489124,-0.545209,-0.919607,-0.812404,-0.448157,-0.873733,0.851134,-0.559394,-1.253768,0.053311,-0.658800,-1.001384,0.636958,-0.207735,-1.005194,-1.013593,-0.412676,-1.650630,0.886329,-0.292584,-1.593072,0.819703,-0.500326,-1.377383,0.768909,-0.683070,-2.157049,0.070411,-0.495393,-0.916625,-0.184738,-0.306485,-1.147558,-0.347703,-0.368607,-1.749453,-0.861682,-0.522241,-1.303893,0.561641,-0.625508,-1.738664,0.822386,-0.611102,-1.492718,1.553355,-0.384091,-1.114319,0.703087,-0.264330,-0.988537,-1.124418,-0.280996,-2.203490,-0.480022,-0.395048,-1.484916,-0.542428,-0.507448,-1.280952,0.516120,-0.310911,-1.491199,-2.011876,-0.218090,-1.494689,0.146241,-0.265525,-1.256808,0.015438,-0.265644,-1.816272,-1.437059,-0.120312,-1.554435,0.815293,-0.085964,-1.332619,-0.940220,-0.247096,-1.278721,-0.435570,-0.288395,-1.761377,-0.448447,-0.266741,-1.499662,1.646826,-0.170484,-0.992364,-2.558922,-0.331719,-0.661856,0.164076,-0.277296,-1.407167,-1.115565,-0.292255,-0.665140,0.122076,-0.341353,-1.230558,1.022433,-0.091265,-1.445972,2.044521,-0.295005,-1.684210,-1.176824,-0.584120,-1.803412,1.278169,-0.256973,-1.761062,2.368085,-0.380531,-1.086778,1.522808,-0.294738,-1.197954,-0.402959,-0.485411,-0.539094,-0.934028,-0.431963,-1.298142,0.974990,-0.127642,-1.053552,-0.093714,-0.271342,-1.175232,1.232330,-0.291783,-1.081185,1.327618,-0.224381,-1.143093,1.000528,-0.515970,-0.859427,-0.388662,-0.275997,-1.039617,-0.029940,-0.537275,-0.951757,-0.267776,-0.428340,-0.966106,1.384465,-0.363673,-0.852760,1.331154,-0.289487,-1.023062,1.034983,-0.196129,-0.827086,-0.677187,-0.284015,-0.989216,1.190647,-0.351252,-1.367704,-0.510056,-0.325359,-1.510628,-0.503694,-0.250674,-1.487864,-0.112298,-0.143738,-1.037711,0.782143,-0.268838,-1.422299,0.035831,-0.328551,-1.124407,-0.058266,-0.310679,-1.314432,-0.238929,-0.129994,-1.290735,0.517671,-0.481252,-0.752309,0.076953
-0.435157,-1.014517,0.734609,-0.345081,0.588079,0.542717,-1.063235,0.625710,0.173084,-0.113180,0.876808,1.089752,-2.133570,-0.496993,-0.443004,0.310566,-0.776798,0.435525,0.033778,-0.020032,-1.494976,0.144302,0.270251,-0.330632,0.498052,-0.786503,-0.180894,-0.148828,-0.968629,-1.267953,1.604624,1.599522,1.352226,-0.000000,-0.000000,-0.000000,-0.076988,-0.307158,0.833882,-0.717797,-0.717800,-0.711982,-0.000000,-0.000000,-0.000000,-0.607378,-1.271127,0.932550,-0.823170,-0.922328,-0.099784,0.553007,-0.043445,-0.139890,-0.688366,-0.157181,-0.291030,-0.000000,-0.000000,-0.000000,-0.000000,-0.000000,-0.000000,-0.000000,-0.000000,-0.000000,-0.000000,-0.000000,-0.000000,-0.000000,-0.000000,-0.000000,-0.000000,-0.000000,-0.000000,-0.412586,0.603797,1.500625,-0.467196,0.844245,0.095654,-0.400310,-0.373324,-0.037846,-0.106023,-0.677682,-1.670323,-0.046729,-0.970574,0.937264,0.072728,-1.362712,-1.852842,0.830534,-2.395021,-1.392712,0.206647,-2.506083,-1.765496,0.590008,-1.466696,-1.339919,0.030924,-1.559872,-0.901754,0.768589,-1.173249,-0.913979,0.136796,-1.675951,-0.767575,-0.275450,-0.571696,-0.240996,-0.114510,-0.975430,-0.521330,0.665974,-1.632200,-0.389231,0.624257,-1.695599,-0.196600,-0.355405,-0.644563,1.344687,-0.192039,-0.837540,0.112121,0.924983,-1.372955,2.016676,-0.218415,-0.051656,-0.126932,-0.618001,-1.060112,-1.030378,-1.740371,-0.416482,0.995703,-1.823002,-0.795140,0.505001,-1.746626,-1.144202,0.901011,-1.574920,-1.088943,-1.008505,-1.065884,-0.832814,-1.411770,-1.798353,-0.622698,0.399960,-1.484482,-1.279621,-0.412832,-1.311331,-1.488578,0.499566,-0.753466,-1.519659,0.638585,-1.193187,-0.300429,0.906132,-0.497128,-1.060623,0.873897,0.161690,-1.485964,1.345836,0.588419,-1.539646,1.253043,-0.062224,-0.122636,0.915734,0.561102,-0.588272,1.039857,1.204510,-0.924638,1.839342,1.453607,-0.979375,1.776641,0.459346,-0.029161,0.487210,0.548964,-0.226806,0.482032,0.354519,-0.358460,-1.145561,-0.031805,-0.088647,-0.772424,-0.342535,-1.014232,-0.729643,-0.417370,-1.274475,-0.301025,-0.616256,-1.231775,0.145498,-0.325279,-0.996111,-1.419726,-0.342680,-0.917167,-1.640287,-0.665863,-1.128818,1.214620,-0.616636,-1.014965,-0.445103,-0.544806,-0.921601,-0.738473,-0.447969,-0.875429,0.806811,-0.559394,-1.255598,0.026018,-0.658981,-1.003792,0.653126,-0.208150,-1.009378,-1.004407,-0.413176,-1.654948,0.866390,-0.293387,-1.597476,0.793738,-0.500768,-1.381875,0.701016,-0.457416,-2.161651,-0.010360,-0.495812,-0.919742,-0.238178,-0.305531,-1.148727,-0.427897,-0.367769,-1.749853,-0.864622,-0.521410,-1.304512,0.471722,-0.624880,-1.739052,0.719313,-0.610651,-1.493678,1.535302,-0.383885,-1.115781,0.698413,-0.264330,-0.989299,-1.129472,-0.281224,-2.203977,-0.473224,-0.395492,-1.485777,-0.543564,-0.507843,-1.282333,0.497169,-0.310707,-1.493315,-1.986357,-0.217900,-1.495949,0.143059,-0.265338,-1.259487,0.034852,-0.265457,-1.818298,-1.421202,-0.119910,-1.556320,0.812532,-0.085581,-1.335535,-0.933731,-0.246908,-1.282067,-0.425217,-0.288206,-1.763895,-0.440479,-0.266741,-1.501489,1.663288,-0.169635,-0.994504,-2.643154,-0.099246,-0.663509,0.371582,-0.276647,-1.408728,-1.138073,-0.291824,-0.667458,0.162951,-0.340671,-1.232343,0.969347,-0.090608,-1.447669,2.156520,-0.295005,-1.686092,-1.177384,-0.584120,-1.804798,1.286384,-0.257185,-1.762522,2.357333,-0.380731,-1.088295,1.554308,-0.294946,-1.200373,-0.491369,-0.485411,-0.541396,-0.978504,-0.431500,-1.299714,1.006934,-0.127240,-1.056062,-0.099242,-0.270971,-1.177876,1.243348,-0.291602,-1.083024,1.326719,-0.224200,-1.145952,1.011885,-0.515970,-0.862141,-0.372939,-0.275997,-1.041392,-0.052764,-0.537275,-0.953360,-0.259347,-0.428159,-0.967460,1.376438,-0.363485,-0.854073,1.315772,-0.289111,-1.024384,1.028908,-0.195707,-0.828512,-0.685599,-0.283614,-0.990907,1.215648,-0.350866,-1.369916,-0.505947,-0.325176,-1.150954,-0.503913,-0.250489,-1.489991,-0.121403,-0.143738,-1.039562,0.779322,-0.268659,-1.423980,0.029815,-0.328368,-1.126064,-0.060987,-0.310309,-1.316095,-0.236290,-0.129358,-1.292204,0.713748,-0.481252,-0.754002,0.056594
-0.431898,-1.005049,0.560873,-0.341588,0.559149,0.228879,-1.044472,-1.421102,0.232155,-0.122832,0.873620,0.885832,-2.143038,-0.594257,-0.310827,0.315133,-0.766395,0.253091,0.042498,0.005046,-0.430381,0.162421,-1.385122,0.136387,2.599577,-0.786503,-1.769795,3.854507,-0.411500,-2.817989,1.604948,1.599522,1.336273,-0.000000,-0.000000,-0.000000,1.022748,-0.308398,0.101428,-0.717797,-0.717800,-0.711982,-0.000000,-0.000000,-0.000000,-0.601175,-1.277973,0.900763,-0.267055,-0.924013,-0.107733,0.553863,-0.056968,-0.097877,-0.676734,-0.171397,-0.232652,-0.000000,-0.000000,-0.000000,-0.000000,-0.000000,-0.000000,-0.000000,-0.000000,-0.000000,-0.000000,-0.000000,-0.000000,-0.000000,-0.000000,-0.000000,-0.000000,-0.000000,-0.000000,-0.383877,0.695204,-0.846836,-0.862022,-0.406141,1.215816,-0.381080,0.584131,0.798883,-0.087443,-0.565808,-0.091629,-0.028513,0.181712,0.324990,0.089590,-0.616472,0.072288,0.141071,-0.422582,0.249648,-0.213439,-0.878053,-0.245948,0.138614,-0.026693,0.090463,-0.379873,-0.207979,-0.272078,-0.620775,0.327389,0.370212,-0.387202,-0.843564,-0.025540,-0.251738,-0.448805,-1.143265,-0.093943,-0.887742,-0.584378,-0.405425,-0.055137,-0.779374,0.093584,0.266503,-0.569906,-0.329266,0.250950,-0.259427,0.274894,0.135358,0.640019,-0.219798,0.484170,0.999488,-0.181383,0.047475,0.648977,-0.585336,-0.455851,-0.588299,-1.813712,-0.488915,1.014773,-1.869413,-0.880209,0.673088,-1.776518,-1.160722,0.799495,-1.592093,-1.144608,-0.623560,-1.098222,-0.921888,-1.296944,-1.835127,-0.636342,0.635787,-1.455497,-1.304294,-0.156555,-1.270653,-1.548542,0.262054,-0.709671,-1.529696,0.770584,-1.120313,-0.344317,0.784621,-0.499332,-1.173421,1.097569,0.213407,-1.575986,1.264210,0.580143,-1.561280,1.375832,-0.038715,-0.139975,1.025006,0.566182,-0.684173,0.669505,1.153884,-0.932933,1.600703,1.475290,-1.027276,1.413653,0.479364,-0.095192,0.388292,0.486275,-0.243438,0.282035,0.441734,-0.455565,-1.192749,0.047323,-0.216783,-0.941690,-0.167524,-0.572364,0.451279,-0.220483,-1.608607,0.526835,-0.422061,-1.215121,-0.148255,-0.393851,-0.794666,-0.768579,-0.384872,-1.116131,-1.466737,-0.442457,-0.876068,1.221067,-0.350104,-0.796491,0.019349,-0.444922,-1.108077,-0.733024,-0.275639,-0.838042,0.684743,-0.535909,-1.227644,0.491517,-0.369126,-0.709761,0.695712,-0.292898,-0.596183,-0.878197,-0.188156,-1.299588,1.224890,-0.331793,-1.401027,-0.328864,-0.277777,-1.435274,0.296293,-0.252282,-1.342508,0.498402,-0.517212,-0.508501,0.212995,-0.349378,-1.132887,0.488161,-0.375322,-0.926688,-1.928311,-0.486806,-1.403125,0.184432,-0.312877,-1.354692,-0.666954,-0.480927,-1.519691,0.774241,-0.389531,-1.972112,0.203842,-0.470989,-1.944453,0.032450,-0.439791,-1.252601,-1.171961,-0.253925,-1.639969,-0.312984,-0.355444,-1.310046,0.728425,-0.136341,-1.324157,-1.452041,-0.045914,-1.784933,-1.084384,-0.095527,-1.611805,0.383834,-0.096556,-1.426596,-1.359036,0.020302,-1.573649,0.002403,-0.149565,-1.337975,-1.032038,-0.074422,-1.277024,-0.582865,-0.094033,-1.310993,-0.870448,-0.266924,-1.121531,0.538016,-0.148322,-0.735046,-0.790982,-0.281818,-1.349131,0.675438,-0.426625,-1.207495,-0.446909,-0.168120,-1.241929,0.520070,-0.249733,-1.666168,0.551289,-0.037875,-1.223813,1.297858,-0.516496,-0.765902,-1.085381,-0.298120,-1.204379,-0.398133,-0.170226,-1.144880,-0.743519,-0.267571,-1.707828,0.840606,-0.203241,-0.907232,-0.247956,-0.438655,-1.111770,0.150684,-0.320563,-1.172439,1.443836,-0.220396,-0.910885,-0.288935,-0.121094,-1.088099,0.586973,-0.124914,-1.345811,0.880252,-0.244375,-1.048897,0.365146,-0.298131,-0.705194,-0.029851,-0.454668,-0.923393,0.274191,-0.327485,-0.828309,-0.204884,-0.242037,-0.858503,1.016894,-0.191325,-0.954993,0.767168,-0.137039,-0.918062,0.479723,-0.057147,-0.713818,-1.163235,-0.168368,-0.878522,1.173195,-0.194733,-1.243196,-0.530416,-0.156767,-1.381092,-0.899499,-0.059955,-1.372374,-0.596775,-0.121277,-0.920146,-0.089216,-0.084449,-1.331021,-0.240428,-0.160471,-1.028599,-0.349799,-0.160568,-1.220851,-0.373275,-0.290230,-1.144793,-0.417154,-0.176908,-1.456207,-0.335638
-0.425400,-1.000101,0.384688,-0.343968,0.554033,0.587040,-1.032716,0.603512,-0.106237,-0.128158,0.471138,0.468507,-2.414565,-0.496175,0.328286,0.304487,-0.755076,-0.046997,0.042498,-0.065957,-0.006777,0.168346,-1.395064,0.410306,0.480897,-0.175894,0.353216,-0.136895,-0.394120,-0.028624,-0.663942,-0.663956,-0.651622,-0.000000,-0.000000,-0.000000,-0.066927,0.339298,0.550232,-0.717797,-0.717800,-0.711982,-0.000000,-0.000000,-0.000000,-0.592609,-1.272407,0.659483,-0.259448,-0.920669,-0.275868,0.575112,-0.052869,0.024078,-0.658669,-0.238213,-0.154764,-0.000000,-0.000000,-0.000000,-0.000000,-0.000000,-0.000000,-0.000000,-0.000000,-0.000000,-0.000000,-0.000000,-0.000000,-0.000000,-0.000000,-0.000000,-0.000000,-0.000000,-0.000000,-0.370139,0.096317,-0.438354,-0.431564,-0.376750,0.606927,-0.362420,0.602140,0.437939,-0.065722,-0.555141,-0.123098,-0.003768,0.181712,0.832928,0.101744,-0.611774,1.080866,-0.195832,0.822695,0.430131,-0.630648,0.612937,-0.777593,-0.305892,-0.046106,0.253411,-0.366042,0.420181,0.003693,-0.601621,1.014550,0.752623,-0.359594,0.566292,-0.755909,-0.221328,0.299794,-0.809955,-0.081741,0.837117,-0.431612,-0.934129,0.940525,-1.784875,-0.437485,0.876828,-1.197443,-0.297901,0.228398,-0.494358,0.288127,0.587417,-0.690335,0.387998,0.479886,-0.883343,-0.148803,1.277763,0.144355,-0.553638,1.106132,-1.756845,-1.759147,-0.530317,0.645646,-1.841294,-0.899789,0.799548,-1.879768,-1.194509,0.911464,-1.691257,-1.155434,-0.494287,-1.236403,-0.916347,-1.323834,-1.829130,-0.643819,0.598100,-1.583889,-1.270990,-0.182459,-1.296306,-1.544266,0.326326,-0.716553,-1.505847,0.785384,-1.190989,-0.327903,0.658940,-0.529097,-1.154522,1.094123,0.159551,-1.571281,1.350542,0.552689,-1.589994,1.266676,-0.120029,-0.155110,1.334553,0.567844,-0.689304,0.343891,1.162862,-0.932726,1.814739,1.439151,-0.965351,1.663221,0.451403,-0.066579,0.615970,0.445057,-0.225025,0.607135,0.248829,-0.373424,-1.199630,-0.011925,-0.149483,-0.916610,-0.159772,-0.579799,0.939930,-0.211921,-1.616324,0.688945,-0.413779,-1.219638,-0.438763,-0.137034,-0.796965,0.178790,-0.155692,-0.631955,-0.958110,-0.435665,-0.876639,0.952779,-0.343376,-0.796682,0.135034,-0.438000,-0.664016,-0.677839,-0.268541,-0.647607,0.739482,-0.333875,-1.001863,0.108298,-0.361875,-0.710043,0.702670,-0.284395,-0.597130,-0.844406,-0.177645,-1.301446,1.087265,-0.019242,-1.403983,-0.075655,-0.268500,-1.439730,0.356190,-0.243660,-1.350550,0.360651,-0.274697,-1.686806,0.144643,-0.077550,-0.485646,0.882450,-0.134489,-0.492696,-1.885698,-0.247512,-1.409838,-0.494574,-0.073400,-0.915449,-1.418985,-0.226335,-0.987827,-0.268387,-0.157427,-1.162707,0.157913,-0.217501,-1.118809,-0.260233,0.067243,-0.723478,-0.749510,0.003338,-0.668177,0.700305,-0.347661,-0.545129,-0.034084,-0.128936,-0.558163,-0.096087,-0.038916,-0.879638,-0.404668,-0.088618,-0.860410,1.136076,-0.089683,-0.864230,-0.113019,0.027710,-0.736561,-0.042018,0.076356,-0.797298,0.196671,-0.067317,-0.652794,0.510226,-0.086886,-0.847626,-0.175124,-0.051499,-1.123358,0.426649,0.098829,-0.740715,0.054736,-0.039868,-1.356469,1.016049,-0.182204,-1.214568,-0.590479,-0.160556,-1.248153,0.748820,-0.241697,-1.001667,-0.113409,-0.030641,-1.228369,1.391269,-0.031381,-0.771571,-0.516236,-0.289722,-0.182235,-0.423591,-0.162109,-0.616202,-0.903320,-0.259394,-0.883280,0.399783,-0.194958,-0.913638,0.319065,-0.202241,-1.117950,0.389640,-0.312442,-0.878470,0.175915,0.011989,-0.912541,0.377643,-0.114261,-0.671524,1.430596,-0.118049,-1.002246,0.386149,-0.031357,-0.598553,1.017343,-0.290793,-0.706984,0.645683,-0.235509,-0.924408,-0.394994,-0.320419,-0.828994,0.400234,-0.235187,-0.859275,1.336960,-0.184234,-0.746590,1.421864,-0.130106,-0.708245,1.094533,0.186276,-0.714631,-0.110632,-0.161322,-0.879489,1.322672,-0.187615,-0.892429,-0.304279,-0.149831,-0.649557,-0.051437,-0.052943,-1.034710,-0.448562,-0.113564,-0.627967,0.578760,-0.077670,-0.796578,-0.115214,-0.153556,-0.767048,0.332704,-0.153741,-0.692366,-0.028351,-0.050812,-0.597737,-0.028892,-0.168569,-0.536861,0.527675
-0.423767,-0.993948,0.278600,-0.348408,0.584677,0.904455,-1.046438,0.621516,0.011661,-0.117285,0.874419,0.914517,-2.416010,-0.496895,0.363062,0.302481,0.814191,-0.430469,0.040093,-0.024212,0.026357,0.148469,0.263623,-0.111855,0.468230,0.431223,-0.123872,-0.253730,0.734256,-0.807005,-0.663942,-0.663956,-0.651622,-0.000000,-0.000000,-0.000000,-0.080843,0.350439,-0.292322,1.479846,1.479546,1.292873,-0.000000,-0.000000,-0.000000,-0.590554,-1.269403,0.665177,-0.255583,-0.904764,-0.543627,0.580210,-0.061468,0.114266,-0.658669,-0.169358,-0.158604,-0.000000,-0.000000,-0.000000,-0.000000,-0.000000,-0.000000,-0.000000,-0.000000,-0.000000,-0.000000,-0.000000,-0.000000,-0.000000,-0.000000,-0.000000,-0.000000,-0.000000,-0.000000,-0.317604,0.503183,-0.254642,-0.272491,0.589308,-1.252984,-0.114113,-0.168543,-1.389405,-0.122597,-0.027643,-2.506363,0.016722,-0.369086,0.010734,-0.117471,-0.217484,-1.674652,0.022945,-0.313511,-1.353974,0.170086,-0.176387,-1.370910,-0.305892,0.458161,-1.834526,-0.251324,-0.494750,-1.309738,0.092716,-0.986301,-1.641719,0.039116,-0.255679,-2.353115,0.261693,-0.689064,-1.100470,0.005273,-0.557789,-1.040074,0.374470,-1.435960,-1.324022,0.464657,-0.994876,-1.068283,-0.363430,-0.700872,-1.045574,-0.494505,-0.916155,-1.389561,1.168549,-1.081951,0.835695,0.251838,-0.479760,-0.290508,-0.131837,-0.440635,-0.166154,-1.767201,-0.531081,0.664268,-1.841808,-0.911922,1.007514,-1.876726,-1.180166,0.990229,-1.704059,-1.125194,-0.325480,-1.211748,-0.868150,-1.246203,-1.898606,-0.642623,0.623873,-1.633075,-1.236126,-0.535518,-1.289309,-1.488470,0.436107,-0.700037,-1.533332,0.570397,-1.276515,-0.338206,0.823640,-0.619742,-1.107694,0.621602,0.067523,-1.508465,1.267243,0.550267,-1.558951,1.392931,-0.138853,-0.158720,1.348118,0.421606,-0.678126,0.002575,1.086418,-0.924414,1.867649,1.417003,-0.979182,1.466089,0.403773,-0.064675,0.685087,0.446779,-0.245838,0.753237,0.249396,-0.358219,-0.847729,-0.016477,-0.152451,-0.768088,-0.161776,-0.558328,1.100160,-0.213854,-0.358136,0.625440,-0.415920,-1.196224,-0.544504,-0.138603,-0.777180,0.403752,-0.156888,-0.615850,-0.702106,-0.436512,-0.865419,0.756477,-0.116547,-0.788469,0.462301,-0.217048,-0.877178,-0.636773,-0.267384,-0.830356,1.343490,-0.332121,-0.992957,0.706604,-0.359282,-0.698568,0.951839,-0.043994,-0.578500,-0.647860,-0.173046,-1.279230,1.070104,-0.013829,-1.379518,0.090130,-0.263973,-1.413900,0.378776,-0.239549,-1.320800,0.243296,-0.270497,-1.663750,-0.008199,-0.078736,-0.474529,0.879981,0.098792,-0.486394,-1.558944,-0.015309,-1.400103,-0.544833,-0.072976,-0.909070,-1.422088,-0.225668,-0.979162,-0.146963,0.069031,-1.150237,0.595017,0.029824,-1.106839,-0.173538,0.070365,-0.181893,-0.105126,0.006903,-0.654088,1.243379,-0.127627,-0.533345,-0.599334,0.095534,-0.543608,0.476078,-0.037744,-0.870682,-0.304265,-0.087461,-0.844059,1.234461,-0.088533,-0.284067,0.353326,0.028549,-0.725268,0.002641,0.077346,-0.782678,0.498429,-0.066159,-0.635326,0.826128,-0.085338,-0.368808,0.116879,-0.049818,-0.706168,0.549114,0.098391,-0.725038,0.260282,-0.040091,-0.434439,1.169989,-0.181771,-1.198128,-0.636836,-0.159906,-1.230940,0.601234,-0.241454,-0.988417,-0.266744,-0.030866,-0.579532,1.177002,-0.029239,-0.757655,-0.198681,-0.287358,-0.173018,-0.455191,0.072543,-0.606663,-0.665791,-0.256321,-0.867626,0.225880,0.044483,-0.895925,0.597234,-0.199779,-1.100860,0.378179,-0.311970,-0.868942,-0.036361,0.012811,-0.898283,0.330780,-0.113303,-0.659129,1.508973,-0.116930,-0.647245,0.205566,-0.029874,-0.585153,1.190527,-0.289047,-0.691570,0.732957,-0.021679,-0.915575,-0.409697,-0.318737,-0.566834,0.428117,-0.233703,-0.636519,1.306967,-0.183078,-0.739835,1.389022,-0.129133,-0.701445,1.000844,0.187345,-0.707096,0.096553,-0.160716,-0.871076,0.967982,-0.186617,-0.529319,-0.207571,-0.148700,-0.638386,0.254360,-0.051423,-0.685520,-0.240143,0.120506,-0.618753,1.063227,-0.076200,-0.788163,0.132807,-0.152429,-0.496569,0.565774,-0.152784,-0.684296,0.160350,-0.050812,-0.587351,0.113761,0.072292,-0.519392,0.925119
-0.417999,-0.998042,0.167075,-0.351891,0.599558,0.934754,-1.055673,0.627398,0.217830,-0.115399,0.477523,0.899302,-2.415742,-0.497012,0.416422,0.293378,-0.729058,-0.351636,0.042204,0.021714,-0.704259,0.153217,-1.381808,-0.151630,0.449030,0.421923,-0.429427,-0.246575,0.164096,-1.484500,-0.663942,-0.663956,-0.651622,-0.000000,-0.000000,-0.000000,-0.093479,0.343017,-0.420848,-0.717797,-0.717800,-0.711982,-0.000000,-0.000000,-0.000000,-0.587001,-1.274132,0.613106,-0.252716,-0.903948,-0.577298,0.579795,-0.053269,0.064493,-0.641470,-0.255458,0.070496,-0.000000,-0.000000,-0.000000,-0.000000,-0.000000,-0.000000,-0.000000,-0.000000,-0.000000,-0.000000,-0.000000,-0.000000,-0.000000,-0.000000,-0.000000,-0.000000,-0.000000,-0.000000,-0.399243,-0.548217,0.805544,-0.456326,-0.396324,0.211433,-0.388658,0.590159,0.593103,-0.093741,-0.560475,-0.032807,-0.033636,0.181712,0.744110,0.422884,-0.611774,0.811783,-0.218950,0.200056,-0.914496,-0.220818,-0.127071,-1.397986,0.132083,-0.036400,-0.382220,-0.390559,-0.207979,-0.077429,-0.630696,0.322332,0.867561,-0.397219,-0.136032,-0.898767,-0.259136,-0.454397,-1.881478,-0.104381,0.260770,-0.844003,-0.967277,-0.055137,-0.360642,-0.474350,0.261978,-1.299714,-0.337709,0.245312,-0.951880,0.263573,0.135358,-0.313414,-1.406830,0.479886,0.414535,-0.957234,0.664875,-0.890629,-1.279423,0.589275,-2.434270,-1.707683,-0.569425,0.691460,-1.805223,-0.920240,0.701138,-1.881357,-1.213332,0.934985,-1.664551,-1.138483,-0.414134,-1.185595,-0.899804,-1.266753,-1.871208,-0.644999,0.626504,-1.670774,-1.208045,-0.383423,-1.299138,-1.477127,0.152711,-0.684292,-1.492939,0.844247,-1.360415,-0.347840,0.689103,-0.629830,-1.155892,0.609287,0.081960,-1.527770,1.278088,0.525315,-1.533465,1.466178,-0.224974,-0.138426,1.099646,0.486023,-0.668534,0.413679,1.160391,-0.912360,1.809703,1.437252,-0.947759,1.564750,0.301331,-0.050201,0.710884,0.414195,-0.226338,0.507645,0.217103,-0.279551,-0.843212,-0.160173,-0.040048,-0.794730,-0.162518,-0.575133,1.280119,-0.214685,-0.371417,0.588471,-0.118623,-1.202308,-0.742628,-0.138831,-0.779526,0.659652,-0.156888,-0.615425,-0.460951,-0.435872,-0.864015,0.535657,-0.115337,-0.786718,0.650045,-0.215068,-0.653057,-0.606786,-0.264320,-0.828480,1.440093,-0.328271,-1.216891,0.713202,-0.354451,-0.696420,0.938806,-0.037617,-0.576644,-0.543570,0.120915,-1.279230,0.913462,-0.004896,-1.382504,-0.085191,-0.256279,-1.421906,0.118396,-0.232564,-1.336790,0.065755,-0.263156,-0.513710,-0.168483,-0.078736,-0.488604,0.742116,0.099424,-0.496615,-1.519842,-0.014283,-1.416526,-0.627795,-0.071110,-0.919415,-1.480750,-0.223020,-0.991199,-0.319949,0.073068,-1.168554,0.620422,0.034655,-1.127033,-0.127278,0.075962,-0.194843,-0.045559,0.013371,-0.677856,1.321540,-0.121600,-0.550683,-0.980461,0.098942,-0.558163,0.796371,-0.034435,-0.877996,-0.024524,0.129777,-0.854969,1.440280,0.127543,-0.290681,0.643791,0.031225,-0.728654,-0.004390,0.080285,-0.786586,0.582467,-0.063092,-0.639865,0.873499,-0.081863,-0.372161,0.186367,-0.046074,-0.709094,0.730354,0.099258,-0.739269,0.476632,-0.038617,-0.450636,1.337110,0.057110,-1.214568,-0.614278,-0.157324,-1.246565,0.754758,0.016651,-0.999858,-0.446049,-0.029378,-0.589805,1.300993,-0.024746,-0.769664,-0.178041,-0.042469,-0.182685,-0.379351,0.077952,-0.083746,-0.601815,-0.250584,-0.883280,0.222900,0.050002,-0.912004,0.701108,-0.195065,-1.116373,0.331753,-0.309647,-0.869200,-0.479755,0.240557,-0.899973,0.467939,-0.110458,-0.660642,1.652253,-0.113966,-0.648479,0.335488,-0.026545,-0.586789,1.312259,-0.285374,-0.693398,0.699962,-0.017502,-0.915832,-0.357289,-0.315200,-0.566834,0.435759,-0.230372,-0.636519,1.310488,-0.180017,-0.739835,1.446809,-0.126247,-0.701445,1.072417,0.189888,-0.707096,0.264976,-0.158310,-0.871320,0.968764,-0.183654,-0.529949,-0.232621,-0.145706,-0.639042,0.233412,-0.048014,-0.686125,-0.240415,0.124875,-0.619020,1.104915,-0.072904,-0.788642,0.100038,-0.149444,-0.497038,0.528685,-0.149942,-0.684770,0.162347,-0.049150,-0.597213,0.416215,0.077414,-0.535981,0.995294
-0.413866,-1.006706,0.092146,-0.340002,0.619554,0.063074,-1.050351,0.632001,0.340074,-0.104416,0.873620,0.997758,-2.411356,-0.595522,0.077559,0.332322,0.838379,-0.375812,0.020542,-0.003313,-0.236247,0.142526,0.256995,-0.160388,0.506231,1.040668,-0.439536,-0.140872,0.734256,-0.434345,-0.663942,-0.663956,-0.651622,-0.000000,-0.000000,-0.000000,-0.078282,1.644590,0.475233,-0.717797,-0.717800,-0.711982,-0.000000,-0.000000,-0.000000,-0.578436,-1.276693,0.485727,-0.251504,-0.900169,-0.559599,0.583622,-0.051644,0.162680,-0.638030,-0.226099,0.089602,-0.000000,-0.000000,-0.000000,-0.000000,-0.000000,-0.000000,-0.000000,-0.000000,-0.000000,-0.000000,-0.000000,-0.000000,-0.000000,-0.000000,-0.000000,-0.000000,-0.000000,-0.000000,-0.318417,-0.127679,-0.833104,-0.271588,-0.087394,-1.407946,-0.112369,-1.005527,-0.519446,0.268154,-0.043579,-1.488682,0.020143,-0.398014,1.282312,0.219290,-0.236276,-0.685992,0.024481,0.286437,-0.784723,0.172963,-0.203822,-0.213519,-0.301755,0.433895,-1.429195,0.175510,-0.512919,-0.966578,0.094095,-1.011589,-1.238832,0.042316,-0.281717,-0.108174,-0.237280,-0.716956,-1.115544,0.005273,-0.574511,-0.263688,-0.166226,-0.465760,-0.695411,0.467080,-1.017448,-0.965619,-0.359430,-0.729061,-0.826462,-0.056012,-0.483730,-0.583487,0.590171,-0.521414,-0.218230,0.254603,-0.502315,-0.040645,-0.128876,-0.459655,1.033633,-1.763798,-0.555535,0.807042,-1.762288,-0.975609,0.494612,-1.759087,-1.220905,0.659649,-1.529890,-1.093443,-0.675331,-1.130831,-0.872706,-1.410169,-1.815746,-0.688092,0.459439,-1.588531,-1.198311,-0.234201,-1.159980,-1.458286,0.314417,-0.628524,-1.495456,0.773542,-1.385892,-0.381291,1.042211,-0.617770,-1.137513,0.431127,0.068771,-1.514309,1.205355,0.550953,-1.525000,1.421715,-0.342766,-0.145545,0.877148,0.423081,-0.639140,0.793455,1.155292,-0.886233,1.976207,1.491838,-0.927236,1.445773,0.218323,-0.051797,0.747113,0.418650,-0.193330,0.574368,0.280838,-0.305643,-1.082058,-0.193153,-0.028851,-0.792097,-0.157523,-0.567660,1.203095,-0.209157,-0.361457,0.465474,-0.113276,-1.193981,-0.933210,-0.134354,-0.771944,0.761079,-0.152494,-0.608887,-0.513046,-0.431414,-0.859529,0.507332,-0.110648,-0.783583,0.475326,-0.210135,-0.649457,-0.540744,-0.259121,-0.825395,1.461916,-0.323188,-0.987482,0.539457,-0.348872,-0.692168,0.953850,-0.031032,-0.569203,-0.515792,0.129383,-0.582744,0.849331,0.004015,-1.373575,0.045782,-0.248824,-1.412994,0.293032,-0.225780,-1.326564,0.008459,-0.256225,-0.506366,-0.266175,-0.073760,-0.485646,0.624859,0.338165,-0.494663,-1.472112,0.222916,-1.414099,-0.685786,0.166288,-0.474197,-1.453769,-0.217489,-0.989278,-0.653110,0.078713,-1.164915,0.797258,0.286157,-1.124048,-0.080822,0.332032,-0.192931,0.114300,0.269083,-0.674343,1.637703,-0.115186,-0.547216,-1.578735,0.104153,-0.553989,1.229680,-0.029377,-0.875160,0.207816,0.134974,-0.848837,1.627356,0.132713,-0.286092,0.653776,0.036586,-0.724517,0.101399,0.085397,-0.781229,0.642856,-0.057890,-0.633652,0.907699,-0.076643,-0.833843,0.195568,-0.040839,-1.112398,1.123591,0.344245,-0.734294,0.819674,-0.033768,-0.445810,1.487778,0.062434,-1.209853,-0.432765,-0.151930,-1.241103,1.038435,0.022174,-0.995653,-0.547662,-0.024480,-0.585807,1.307626,0.219845,-0.765232,0.122593,-0.036225,-0.179931,-0.406302,0.084182,-0.080398,-0.461953,-0.244456,-0.878062,0.211845,0.056360,-0.906383,0.889694,-0.189117,-1.110950,0.225487,-0.045327,-0.865765,-0.419711,0.245812,-0.894509,0.699686,-0.105512,-0.656118,1.812545,-0.108938,-0.644449,0.467763,-0.021545,-0.581898,1.643390,-0.279963,-0.687490,0.519916,0.199940,-0.912559,-0.083928,-0.309989,-0.563877,0.281342,-0.018877,-0.633817,1.408232,-0.174824,-0.737217,1.531983,-0.121228,-0.698809,1.287692,0.195396,-0.704451,0.477827,-0.153285,-0.868204,0.955545,-0.178501,-0.525847,-0.284960,-0.140626,-0.634774,0.293280,-0.042891,-0.682181,-0.031038,0.130911,-0.615607,1.491806,-0.067952,-0.785524,0.268468,-0.144379,-0.493983,0.561734,-0.145000,-0.681687,0.186246,0.188199,-0.593792,0.863036,0.083832,-0.531038,1.288383
-0.414308,-1.007108,0.103693,-0.340002,0.619996,0.059441,-1.050077,0.632001,0.348459,-0.104304,0.873620,0.998227,-2.411356,-0.595543,0.072811,0.333309,0.839593,-0.356326,0.020542,-0.003313,-0.234737,0.142218,0.260309,-0.162985,0.504186,1.039503,-0.417504,-0.141673,0.733169,-0.405454,-0.663942,-0.663956,-0.651622,-0.000000,-0.000000,-0.000000,-0.079772,1.644590,0.447978,-0.717797,-0.717800,-0.711982,-0.000000,-0.000000,-0.000000,-0.578724,-1.277111,0.508217,-0.251834,-0.899327,-0.560361,0.583622,-0.051644,0.165480,-0.638897,-0.219979,0.107238,-0.000000,-0.000000,-0.000000,-0.000000,-0.000000,-0.000000,-0.000000,-0.000000,-0.000000,-0.000000,-0.000000,-0.000000,-0.000000,-0.000000,-0.000000,-0.000000,-0.000000,-0.000000,-0.319231,-0.127679,-0.838807,-0.272196,-0.087394,-1.410060,-0.112939,-0.999499,-0.511978,0.267578,-0.043579,-1.495842,0.019570,-0.390760,1.276096,0.218791,-0.236276,-0.707519,0.023979,0.286437,-0.864379,0.172336,-0.198335,-0.252319,-0.302448,0.433895,-1.469643,0.174570,-1.127411,-0.970936,0.093071,-1.006532,-1.205840,0.041510,-0.281717,-0.147290,-0.238026,-0.716956,-1.137046,0.004673,-0.574511,-0.256616,-0.167030,-0.465760,-0.651420,0.466289,-1.012923,-0.955867,-0.360215,-0.729061,-0.774976,-0.056643,-0.483730,-0.572693,0.589312,-1.099085,-0.192204,0.253490,-0.497804,-0.092929,-0.129843,-0.455851,1.010872,-1.763798,-0.555565,0.805154,-1.762288,-0.975640,0.497548,-1.759087,-1.220934,0.658505,-1.529890,-1.093472,-0.677788,-1.130831,-0.872733,-1.410694,-1.815746,-0.688124,0.457744,-1.588531,-1.198346,-0.235755,-1.159980,-1.458313,0.313540,-0.628524,-1.495478,0.774175,-1.385892,-0.381320,1.040567,-0.617809,-1.137549,0.431237,0.068771,-1.514343,1.205397,0.550953,-1.525030,1.421715,-0.342766,-0.145574,0.877245,0.423050,-0.639176,0.793283,1.155292,-0.886267,1.976165,1.491838,-0.927266,1.445746,0.218323,-0.051824,0.747163,0.418650,-0.193360,0.574347,0.280838,-0.305673,-1.082099,-0.193153,-0.028876,-0.792106,-0.157768,-0.566750,1.201090,-0.209438,-0.360380,0.461955,-0.113537,-1.193243,-0.934181,-0.134572,-0.771352,0.760746,-0.152893,-0.608427,-0.497999,-0.431621,-0.859244,0.523253,-0.110863,-0.783376,0.461066,-0.210328,-0.649263,-0.507050,-0.259317,-0.825395,1.443420,-0.323544,-0.987284,0.586552,-0.349250,-0.691908,1.072762,-0.031456,-0.568730,-0.401043,0.128861,-0.582091,0.763659,0.003465,-0.546208,-0.111700,-0.249266,-0.419435,0.094899,-0.226197,-1.325448,-0.142652,-0.256651,-0.504232,-0.260051,-0.073991,-0.485073,0.635178,0.337951,-0.494264,-1.452827,0.222712,-1.412885,-0.674467,0.165873,-0.473388,-1.452852,-0.217705,-0.988317,-0.660352,0.078303,-1.164169,0.823634,0.285727,-1.122555,-0.065083,0.331813,-0.192444,0.122252,0.268638,-0.672586,1.647842,-0.115573,-0.545806,-1.571968,0.103949,-0.552635,1.239007,-0.029575,-0.874728,0.213805,0.134779,-0.848174,1.634283,0.132519,-0.285596,0.650555,0.036167,-0.724134,0.097492,0.085189,-0.780734,0.633634,-0.058085,-0.633102,0.902776,-0.076839,-0.833418,0.193998,-0.041219,-1.112041,1.142276,0.344034,-0.732905,0.820634,-0.033973,-0.444157,1.486667,0.062010,-1.208324,-0.433768,-0.152360,-1.239579,1.039678,0.021940,-0.994431,-0.546940,-0.024688,-0.585250,1.307673,0.219410,-0.764613,0.133722,-0.036654,-0.179013,-0.389465,0.083979,-0.079931,-0.449529,-0.244656,-0.877334,0.212503,0.056152,-0.904814,0.906028,-0.189526,-1.109436,0.251295,-0.304312,-0.865507,-0.421727,0.245401,-0.894082,0.661787,-0.105713,-0.655751,1.791374,-0.109127,-0.644147,0.457406,-0.021733,-0.581502,1.633529,-0.280168,-0.687029,0.522413,0.199569,-0.912303,-0.106445,-0.310186,-0.563636,0.329186,-0.019065,-0.633613,1.410427,-0.175019,-0.737019,1.515175,-0.121432,-0.698609,1.260482,0.194965,-0.704236,0.471956,-0.153686,-0.867959,0.949278,-0.178710,-0.525217,-0.269293,-0.140817,-0.634119,0.303252,-0.043084,-0.681871,-0.018133,0.130488,-0.615339,1.508238,-0.068138,-0.785279,0.279016,-0.144570,-0.493753,0.576265,-0.145200,-0.681213,0.196798,0.187978,-0.593268,0.867182,0.083406,-0.529345,1.301500
-0.413712,-1.007937,0.078042,-0.329699,0.602129,-0.281231,0.333508,0.621107,0.185693,-0.103085,0.477523,0.913865,-2.140149,-0.597352,-0.794048,0.315627,0.833168,-0.616711,0.036789,0.000866,0.969468,0.156188,0.260309,0.009634,0.528298,-0.177058,0.784896,-0.149628,-0.394120,0.858315,-0.663942,-0.663956,-0.651622,-0.000000,-0.000000,-0.000000,1.022538,-0.293537,1.879850,-0.717797,-0.717800,-0.711982,-0.000000,-0.000000,-0.000000,-0.579031,-1.276274,0.508041,-0.252278,-0.900169,-0.480233,0.580638,-0.047545,0.168923,-0.636297,-0.233145,0.111890,-0.000000,-0.000000,-0.000000,-0.000000,-0.000000,-0.000000,-0.000000,-0.000000,-0.000000,-0.000000,-0.000000,-0.000000,-0.000000,-0.000000,-0.000000,-0.000000,-0.000000,-0.000000,-0.301843,-0.132255,-0.450888,-0.260423,-0.754278,-1.336549,-0.102461,-1.005527,-0.564944,0.277296,-0.043579,-1.326706,0.028669,-0.390760,1.511078,-0.107799,-0.869878,-0.787010,0.033211,0.290986,-0.316976,-0.251606,-0.192848,0.696032,-0.291445,0.438748,-1.155393,0.187769,-1.127411,-0.517647,0.106418,-1.006532,-0.667282,0.055534,-0.276510,0.605783,-0.226148,-0.711364,-0.321273,0.017184,-0.574511,-0.316091,-0.151456,-0.956316,-0.554549,0.480852,-1.012923,-0.660118,-0.346962,-1.489404,-0.645148,-0.043074,-0.925992,-0.503637,0.606806,-1.099085,0.042354,0.274468,-0.497804,0.142162,-0.112045,-0.452047,1.000112,-1.743384,-0.575119,0.372333,-1.521734,-1.007811,0.120885,-1.465976,-1.173228,-0.397667,-1.332508,-1.098814,-1.551291,-0.742836,-0.983976,-1.572375,-1.770985,-0.797571,0.361618,-1.428416,-1.289982,-0.523416,-0.924907,-1.476372,0.439782,-0.440437,-1.466584,0.597795,-1.328479,-0.413702,0.709719,-0.636981,-1.124962,0.925964,0.157917,-1.499746,1.397081,0.554869,-1.491384,1.458877,-0.294453,-0.234738,1.178874,0.483169,-0.611987,1.429935,1.197312,-0.836256,1.958620,1.541367,-0.864077,1.201632,0.289021,-0.107428,0.535593,0.379774,-0.174811,0.756453,0.241081,-0.285908,-0.865076,-0.109820,-0.060853,-0.791320,-0.153769,-0.572364,1.281368,-0.205022,-0.368097,0.491896,-0.109537,-1.199266,-0.939028,-0.130980,-0.776612,0.732622,-0.149890,-1.098733,-0.558844,-0.191866,-0.862611,0.470949,0.118817,-0.785923,0.972676,-0.207953,-0.874179,-0.675701,-0.257394,-0.827618,1.451658,-0.321962,-0.989906,0.472511,-0.347760,-0.695379,1.008619,-0.029969,-0.574315,-0.553125,0.130405,-0.588267,0.633796,0.005105,-0.553629,-0.256958,-0.247913,-0.426572,-0.070062,-0.225170,-0.059593,-0.354944,-0.255601,-0.509526,-0.423136,-0.070443,-0.486839,0.579911,0.340890,-0.495447,-1.424534,0.225426,-1.414693,-0.597364,0.168578,-0.474602,-1.391846,-0.215057,-0.989768,-0.782814,0.080322,-1.166377,0.927117,0.287695,-1.124779,0.061188,0.333388,-0.193400,0.089516,0.269963,-0.675203,1.724509,-0.114411,-0.547920,-1.712849,0.105956,-0.556048,1.280397,0.189291,-0.876785,0.376058,0.136702,-0.852235,1.752614,0.134431,-0.288635,0.607189,0.038650,-0.727168,0.164454,0.087154,-0.784622,0.645969,-0.056160,-0.637595,0.931953,-0.074905,-0.836753,0.154751,-0.039530,-1.114611,1.165600,0.346838,-0.736463,1.097801,-0.031231,-0.448223,1.492334,0.301956,-1.212179,-0.238683,-0.149769,-1.243485,1.174023,0.280747,-0.997462,-0.636800,-0.021919,-0.588085,1.279184,0.221325,-0.767783,0.228357,-0.034710,-0.181299,-0.491666,0.085443,-0.615267,-0.332319,-0.015055,-0.880277,0.258873,0.057647,-0.908834,1.125590,-0.187673,-1.113315,0.143347,-0.042777,-0.868156,-0.265935,0.247835,-0.897873,0.757912,-0.103811,-0.659129,1.845670,-0.107267,-0.647245,0.658697,-0.019881,-0.585153,1.931962,-0.278422,-0.691127,0.281967,0.201270,-0.633709,0.082864,-0.100956,-0.819875,-0.031251,-0.017212,-0.851337,1.489783,-0.173098,-0.738896,1.538454,-0.119503,-0.700500,1.432336,0.197517,-0.706275,0.414522,-0.151272,-0.870363,1.049910,-0.176729,-0.880728,-0.393967,-0.138938,-0.637410,0.202460,-0.041187,-1.023778,0.083526,0.132350,-0.617972,1.622900,-0.066303,-0.787684,0.321819,-0.142696,-0.758350,0.478011,-0.143301,-0.683591,0.113270,0.190692,-0.595744,1.203265,0.085119,-0.533509,1.291706
-0.412088,-1.021498,0.139007,-1.135007,0.585093,1.552440,-1.075828,0.667625,0.316383,-0.108409,0.874419,0.897738,-1.299569,-0.698921,-1.802582,0.311060,0.825529,-0.282036,0.039193,0.021714,0.378587,0.160029,0.273565,0.151156,0.471098,0.428894,0.365773,-0.161537,0.168431,0.756672,-0.663942,-0.663956,-0.651622,-0.000000,-0.000000,-0.000000,1.007342,0.354158,1.177486,-0.717797,-0.717800,-0.711982,-0.000000,-0.000000,-0.000000,-0.575767,-1.274968,0.416806,-0.251282,-0.904764,-0.448775,0.583194,-0.052444,0.141716,-0.627265,-0.262504,0.092867,-0.000000,-0.000000,-0.000000,-0.000000,-0.000000,-0.000000,-0.000000,-0.000000,-0.000000,-0.000000,-0.000000,-0.000000,-0.000000,-0.000000,-0.000000,-0.000000,-0.000000,-0.000000,-0.297403,-0.123103,-1.078728,-0.259207,-0.744521,-1.298908,-0.102746,-0.981491,-0.499016,0.275290,-0.741619,-1.854530,0.025265,-0.354577,1.158028,0.229961,-1.484746,-0.697395,0.381414,-0.917953,-0.971287,0.181301,-0.905487,-0.552095,-0.295225,-0.186674,-1.489012,0.189956,-1.104685,-0.747277,0.571481,-1.658288,-1.383192,0.053922,-0.947589,-0.650520,0.273549,-0.672287,-0.590451,0.019567,-1.117414,-1.132751,0.392044,-1.428730,-0.967507,0.480457,-1.596150,-1.622148,-0.895837,-1.450008,-0.287256,-0.479319,-1.355099,-1.082346,1.187735,-1.073437,0.622996,0.274468,-0.470793,-0.694733,-0.112529,-0.429222,-0.444741,-1.617587,-0.508484,0.272032,-1.003376,-0.849502,-0.749017,-0.725732,-0.923489,-1.070149,-0.705541,-1.102844,-2.237403,-0.395946,-1.254367,-1.881551,-1.225209,-0.879492,0.909687,-0.964304,-1.252795,0.166226,-0.282221,-1.363714,0.643852,0.377700,-1.296321,0.316246,-1.069094,-0.619194,0.726965,-0.586537,-1.102585,0.879718,0.244211,-1.367313,1.466485,0.747331,-1.340600,1.437141,-0.309521,-0.354955,1.302118,0.368199,-0.606115,1.367717,1.244194,-0.787813,1.095495,1.630735,-0.747366,2.076351,0.204957,-0.150921,0.209725,0.730507,-0.145938,1.252050,1.416162,-0.123227,1.342864,2.168897,0.026474,1.381239,-0.365537,-0.594708,1.269352,-0.438921,-0.392326,-0.138530,0.260147,-1.214383,-1.116205,-0.320802,-0.787108,1.260772,-0.095891,-0.619766,0.415724,0.102465,-0.866252,0.009239,0.174410,-0.788087,2.679399,0.066989,-0.654046,-0.472047,-0.203989,-0.638907,1.479738,-0.272910,-0.992133,-0.730197,-0.295178,-0.698307,0.106649,0.030556,-0.580355,-0.586077,-0.082060,-0.598132,0.683648,0.082698,-0.566963,0.397479,-0.183004,-0.444396,-0.039553,-0.166041,-0.085903,-0.863160,-0.195190,-0.536765,-1.071883,-0.006451,-0.503251,-0.295828,0.397792,-0.506836,-0.667167,0.514743,-1.432974,-0.139683,0.458065,-0.930165,-0.769547,0.092674,-1.003725,-1.046397,0.136585,-1.187617,2.182930,0.349473,-1.147257,1.014620,0.396673,-0.207792,0.786042,0.084926,-0.701661,1.894802,0.157730,-0.567993,-2.280495,0.161669,-0.574072,2.081821,0.026456,-0.886968,1.392581,-0.024073,-0.868530,2.247357,-0.025484,-0.866752,1.041595,-0.134331,-0.734676,0.713173,-0.077139,-0.794382,1.322822,-0.217099,-0.648874,1.039185,-0.020998,-0.845125,0.157667,0.012829,-1.122274,1.421156,0.405388,-0.754946,1.642190,0.026244,-1.375112,1.797068,0.360235,-1.232538,0.925620,-0.090174,-1.263778,0.904127,0.599711,-1.013059,-0.415937,0.036127,-0.602355,0.893765,0.281456,-0.784250,0.773505,-0.214199,-0.706665,-1.028508,0.144307,-0.628193,0.738769,-0.185103,-0.900390,-0.147295,-0.118973,-0.929716,1.827416,-0.358693,-1.133463,-0.812060,0.021048,-1.167410,-1.091726,0.303610,-0.905437,1.680470,-0.051005,-0.665900,2.238912,-0.055611,-0.997611,1.217341,-0.174596,-0.592473,2.439590,-0.224304,-0.699305,-0.769206,0.254681,-0.918848,0.724442,-0.256386,-0.823526,-0.929850,-0.172031,-0.854432,0.899916,-0.119746,-0.741896,1.060170,-0.065924,-0.703520,1.489448,0.255991,-0.709533,0.943931,-0.095752,-0.874193,0.613730,-0.121719,-0.886103,-0.787583,-0.086748,-0.643001,-0.168288,0.011710,-1.028947,0.287872,-0.041171,-0.622167,1.725462,-0.015163,-1.059592,0.422099,-0.090665,-0.762354,0.138306,-0.090543,-0.952458,-0.218949,0.015456,-0.608605,1.605779,-0.092702,-1.482816,2.026178
-0.412684,-1.016978,0.083122,-1.120902,-1.513814,0.945197,-1.054272,0.631592,0.290183,-0.114400,0.878406,0.863843,-0.751004,-0.796789,-1.633860,0.321706,0.835615,-0.802219,0.028675,0.034253,-0.558718,0.145788,0.290135,-0.379165,-1.601802,2.859703,1.663573,-0.257708,2.434954,1.065958,-0.663942,-0.663956,-0.651622,-0.000000,-0.000000,-0.000000,-2.315451,2.942475,0.976034,-0.717797,-0.717800,-0.711982,-0.000000,-0.000000,-0.000000,-0.574883,-1.273270,0.339343,-0.252170,-0.902263,-0.374457,0.584037,-0.046320,0.293120,-0.632858,-0.219979,0.241791,-0.000000,-0.000000,-0.000000,-0.000000,-0.000000,-0.000000,-0.000000,-0.000000,-0.000000,-0.000000,-0.000000,-0.000000,-0.000000,-0.000000,-0.000000,-0.000000,-0.000000,-0.000000,0.230341,-0.717358,-0.648864,-0.274297,-0.719979,-1.186666,-0.117030,-0.951355,-0.224961,0.261577,-0.714951,-2.053628,0.011877,-1.303919,0.393615,0.554068,-2.099556,-0.532169,0.368829,-1.513351,-1.529690,0.165917,-0.878053,-1.452756,0.155476,-0.167320,-2.013478,0.173937,-1.700951,-0.660305,1.019084,-1.638120,-0.982116,0.034303,-0.926822,-0.624184,0.255765,-0.649918,-0.082618,0.004364,-1.100743,-1.046499,0.372082,-1.414181,-0.593390,0.460602,-1.578049,-1.391309,-0.369075,-1.427457,-0.031780,-0.057294,-1.342023,-0.616577,0.587177,-1.056304,1.256308,0.247419,-0.448238,-0.444358,-0.136793,-0.414052,-0.699575,-1.250273,-0.551129,0.020153,-0.590418,-0.756864,-0.634010,-0.299343,-0.874101,-1.541206,0.034991,-1.071464,-2.307243,0.341812,-1.152944,-1.873633,-0.874416,-0.945217,-0.066071,-0.592318,-1.258831,0.057605,0.132155,-1.144656,1.023329,0.755773,-0.997997,0.664118,-0.917635,-0.681027,0.294713,-0.698984,-1.085186,0.434312,0.234349,-1.305333,1.007516,0.792591,-1.209758,0.738997,-0.479744,-0.450103,1.252432,0.076823,-0.589083,0.880000,1.065911,-0.639021,0.862914,1.525826,-0.562081,1.710809,0.156418,-0.226500,0.237218,0.487721,-0.111769,1.100381,1.196963,-0.050463,1.750915,2.072419,0.118837,1.521916,-0.153017,-0.971365,1.145403,-0.206674,-1.085984,0.198603,-0.115689,-1.011218,-1.143938,-0.146226,-0.756211,1.057885,0.045292,-0.686808,0.919183,-0.242200,-0.955193,-0.533589,0.034325,-0.878240,0.317655,0.110307,-0.548859,0.471818,-0.208601,-0.931119,0.353508,-0.124313,-0.655523,-1.436493,-0.381759,-0.818770,-0.244743,0.129952,-1.238297,0.274028,-0.273251,-0.665383,-0.597283,-0.136033,-0.493536,0.302294,-0.368014,-0.163927,-0.767566,-0.108758,-0.741608,-1.736991,0.093489,-0.903006,-1.462468,-0.105514,-0.570666,0.368362,0.517688,-0.516673,-1.176100,0.373206,-1.420192,-0.362101,0.286332,-0.932545,-0.998377,0.129192,-1.033110,-1.087396,0.104330,-1.225743,2.114419,0.284618,-1.131541,1.162116,0.296476,-0.189577,0.848019,-0.047044,-0.683162,1.923377,0.236651,-0.616512,-2.101787,0.158660,-0.754316,2.426291,0.023535,-0.586143,1.513636,-0.026958,-1.197702,2.240930,-0.028353,-0.615305,1.598814,-0.107745,-0.622841,1.078864,-0.066149,-0.658851,2.162433,-0.219986,-1.120411,1.443660,-0.039741,-0.725110,0.870666,-0.018772,-1.003998,0.534920,0.272764,-0.990223,1.535876,-0.120735,-0.687903,1.754559,0.420236,-1.436129,0.443593,-0.048728,-1.522098,0.939644,0.410491,-1.222760,-0.786691,-0.112310,-0.806874,0.653374,0.231817,-0.988147,1.308118,-0.281553,-0.304238,-1.066924,0.051110,-0.734871,0.677508,-0.293567,-1.106921,-0.644191,-0.214072,-1.195536,1.956659,-0.196083,-1.389941,-1.198513,-0.178530,-0.591899,-1.192261,0.106164,-0.883171,1.256087,-0.042070,-1.037770,1.396018,-0.060072,-0.622158,0.368568,0.013803,-0.994488,1.957385,-0.044932,-1.176572,-1.349409,0.198610,-0.925916,0.053280,-0.083642,-0.842201,-0.122778,-0.189996,-0.872048,0.556029,-0.124353,-0.968121,0.342600,-0.056858,-0.931279,1.858180,0.283310,-0.953394,1.580897,-0.057140,-0.880925,-0.083245,-0.112411,-0.534064,-0.111349,-0.091255,-0.643323,0.444470,-0.006681,-0.687659,0.839505,-0.089436,-0.920413,1.332861,-0.032943,-0.789854,1.094122,-0.095159,-0.762584,0.711738,-0.081616,-0.687862,0.477509,0.087338,-0.754527,1.238449,-0.173056,-0.778986,2.054058
-0.412530,-1.014090,0.051218,-1.121222,0.552345,0.860765,-1.073034,0.644993,0.396208,-0.118395,0.876808,0.674486,-0.468350,-0.697850,-0.399319,0.310072,0.817572,-0.795188,0.027463,0.038432,-0.208816,0.140751,0.283507,-0.517052,0.450676,2.254915,0.900751,-0.196513,2.437128,1.295487,-0.663942,-0.663956,-0.651622,-0.000000,-0.000000,-0.000000,-0.091127,2.291061,1.478469,-0.717797,-0.717800,-0.711982,-0.000000,-0.000000,-0.000000,-0.574883,-1.271545,0.268561,-0.252608,-0.901012,-0.368025,0.586593,-0.044670,0.348178,-0.632858,-0.218990,0.292738,-0.000000,-0.000000,-0.000000,-0.000000,-0.000000,-0.000000,-0.000000,-0.000000,-0.000000,-0.000000,-0.000000,-0.000000,-0.000000,-0.000000,-0.000000,-0.000000,-0.000000,-0.000000,0.220253,-1.357372,-0.457942,-0.283656,-1.401589,-1.606265,-0.127525,-0.969436,-0.113907,0.249853,-1.450261,-1.714784,0.385149,-1.311173,0.581128,0.546636,-2.108952,0.267938,0.011128,-0.286215,-1.064740,0.153097,-0.138045,-0.386989,0.140693,0.492075,-1.273439,0.165132,-1.705508,-0.465535,1.007784,-1.643177,-1.109743,0.019106,-0.926822,-0.180017,0.239813,-0.644326,0.012943,-0.003673,-1.672909,-1.455895,0.359700,-1.417818,-1.025199,0.446015,-1.578049,-1.649760,-0.385960,-1.427457,-0.531139,-0.504840,-1.348541,-1.008310,0.574395,-1.638258,1.077602,0.228634,-1.065637,-0.793960,-0.154621,-0.414052,-0.548727,-0.946868,-0.488181,0.304041,-0.647957,-0.692643,0.021867,-0.255696,-0.760388,-1.087297,0.337262,-0.720218,-2.063273,0.248567,-0.118409,-1.759427,-0.410395,-0.878831,-0.189240,-0.272357,-1.057278,-1.073942,0.578880,-0.863732,-0.521397,1.089529,-0.595285,-0.101283,-0.215734,-0.694363,-1.284704,-0.476680,-1.196317,-0.470662,0.404948,-1.207763,0.080225,0.934203,-0.853808,0.414341,-0.092277,-0.517395,-0.702370,-0.103410,-0.740138,-0.786920,0.845184,-0.632554,0.602418,1.290430,-0.423524,1.277932,0.212871,-0.382276,-0.287222,0.561111,-0.279736,0.271226,-0.025269,-0.141347,-0.183915,-0.256791,-0.004563,-0.225260,-0.356533,-0.581696,1.194860,-0.429247,-0.383532,0.032590,0.269233,-1.212847,-1.076294,-0.313178,-0.789406,1.314079,-0.089495,-0.624124,0.441464,-0.128164,-0.870179,-0.117323,-0.047739,-0.791796,1.807538,-0.150003,-0.658423,-0.544406,-0.201879,-0.642826,1.084973,-0.272025,-0.996404,-1.186865,-0.295549,-0.703102,-0.189610,0.029070,-0.586868,-0.612269,-0.084375,-0.603077,0.609725,0.079441,-0.568442,0.412164,-0.185728,-0.440773,-0.063431,-0.168497,-0.074468,-0.897781,-0.197922,-0.520029,-1.155652,-0.263342,-0.490345,-0.187792,0.403670,-0.496615,-0.621653,0.519739,-1.416526,-0.213438,0.462238,-0.919820,-0.827732,0.096421,-0.992179,-0.981921,0.138005,-1.169300,2.217520,0.350135,-1.127033,1.160575,0.396454,-0.194843,0.719942,0.083819,-0.677856,1.877984,0.156172,-0.551360,-2.354431,0.163871,-0.561633,2.179932,0.028593,-0.880467,1.434762,-0.021963,-0.860410,2.353505,-0.023385,-0.295767,1.279210,-0.131252,-0.733542,0.761018,-0.074583,-0.793390,1.541338,-0.214986,-0.647727,1.225579,-0.019458,-0.843865,0.251001,0.014145,-1.120789,1.420640,0.170948,-0.742855,1.502727,-0.203701,-0.454735,1.759688,0.364493,-1.218487,0.425575,-0.086730,-1.250504,0.960411,0.348258,-1.003476,-0.608801,-0.196098,-0.593244,0.876228,0.282536,-0.773478,0.876371,-0.213551,-0.184521,-1.116043,0.144104,-0.618616,0.658433,-0.185927,-0.886253,-0.255628,-0.119181,-0.916056,1.891147,-0.129654,-1.120283,-0.883886,0.025222,-0.874239,-1.266282,0.306628,-0.907094,1.810426,-0.048717,-0.666649,1.977582,-0.053569,-0.653429,0.692507,0.033232,-0.593282,2.544635,-0.222943,-0.701095,-0.966194,0.255254,-0.639506,0.520295,-0.255076,-0.825120,-0.897362,-0.170554,-0.855991,0.820254,-0.117637,-0.743400,0.992739,-0.063602,-0.705033,1.515971,0.259155,-0.711174,1.056535,-0.092544,-0.875649,0.416318,-0.119336,-0.535337,-0.827199,-0.084686,-0.644647,-0.009416,0.013222,-1.030468,0.372350,-0.040121,-0.623761,1.660323,-0.013701,-0.792971,0.574143,-0.088609,-0.763532,0.239479,-0.088257,-0.688819,-0.176711,0.019831,-0.599709,1.296950,-0.092485,-0.540179,2.011131
-0.414155,-1.008740,0.050826,-1.132472,0.557435,1.519544,-1.064636,0.645402,0.975045,-0.117175,0.475135,0.535804,-0.169005,-0.595873,-0.645826,0.281744,0.809914,-1.338962,0.045509,0.017534,0.848573,0.144900,0.283507,-0.251373,-1.581380,1.030204,0.586747,-0.313349,1.301155,-0.299547,-0.663942,-0.663956,-0.651622,-0.000000,-0.000000,-0.000000,-0.106963,0.998134,0.645945,-0.717797,-0.717800,-0.711982,-0.000000,-0.000000,-0.000000,-0.582277,-1.272407,0.398559,-0.250070,-0.899761,-0.488182,0.582766,-0.046720,0.176283,-0.624245,-0.216951,0.344829,-0.000000,-0.000000,-0.000000,-0.000000,-0.000000,-0.000000,-0.000000,-0.000000,-0.000000,-0.000000,-0.000000,-0.000000,-0.000000,-0.000000,-0.000000,-0.000000,-0.000000,-0.000000,0.220253,-1.348220,-0.006312,-0.283656,-1.391772,-1.443534,-0.127525,-0.957382,0.209700,0.250132,-1.439594,-1.729501,-0.000625,-0.318305,0.241379,0.546636,-2.099556,-0.045008,0.011128,-0.277117,-1.336852,0.153410,-0.127071,0.064271,-0.326177,-0.157613,-1.193163,-0.261683,-1.700951,-0.460284,0.543410,-1.633062,-0.139912,0.019497,-0.916407,0.624178,0.240198,-0.638734,0.291141,-0.003964,-1.664548,-1.464916,0.359700,-1.410543,-0.145273,0.446015,-1.568998,-1.352299,-0.385568,-1.416181,-0.481279,-0.504840,-1.787524,-0.594280,-0.004842,-1.633975,1.137475,0.228634,-1.056615,-0.361950,-0.154621,-0.410248,-0.230421,-0.441396,-0.330638,-0.095487,0.417363,-0.061393,0.029835,0.673774,0.045082,-1.429545,0.559953,0.112094,-1.978852,0.607118,0.424666,-1.191021,0.289897,-0.592274,-1.739764,0.572890,-0.638197,-3.275459,0.813187,-0.428893,-3.100970,0.817956,-0.073892,-2.919962,0.207453,-0.841503,-1.536670,0.700625,-1.140511,-1.325526,1.141582,-0.886246,-0.634029,0.990847,-0.407863,-0.160489,0.045831,-0.932805,-1.940328,0.656282,-1.498444,-2.321521,1.136991,-1.354563,-1.770535,1.371214,-0.710588,-0.989655,-0.019387,-0.973887,-1.858954,0.510065,-0.917843,0.550284,1.298164,-0.609790,0.676197,2.219971,-0.171928,0.360251,-0.364031,-0.585376,1.287754,-0.437258,-0.383532,0.208710,0.261755,-1.209836,-1.065338,-0.319452,-0.784170,1.351286,-0.094898,-0.618455,0.452232,-0.133254,-0.865693,-0.054786,0.175014,-0.787880,2.251462,-0.153351,-0.654046,-0.488523,-0.203989,-0.638907,1.323251,-0.273252,-0.766170,-0.970990,-0.295919,-0.698025,0.093459,0.029485,-0.579427,-0.304517,-0.083582,-0.595697,0.468684,0.080806,-0.562499,0.306536,-0.184587,-0.438128,-0.161833,-0.167470,-0.075676,-0.972066,-0.196650,-0.526262,-1.229395,-0.269514,-0.496214,-0.213917,0.398638,-0.501718,-0.565824,0.515362,-0.745655,-0.286151,0.458489,-0.481353,-0.945686,0.092890,-0.997472,-1.121187,0.136388,-1.178101,2.096173,0.349026,-1.136749,0.929942,0.395790,-0.201551,0.962170,0.083819,-0.689293,1.796330,0.156758,0.212853,-2.351311,0.161669,-0.566456,2.451702,0.026456,-0.428416,1.344844,-0.024073,-0.861736,2.414125,-0.025484,-0.295767,1.493105,-0.134130,-0.732056,0.637497,-0.077139,-0.790970,1.553863,-0.217099,-0.645481,1.274858,-0.021392,-0.375921,0.341499,0.012456,-1.119705,0.884604,0.166209,-0.747078,1.524437,-0.207917,-0.460420,1.674314,0.360668,-0.350884,0.249986,-0.330679,-1.255140,0.949040,0.344128,-1.007045,-0.816606,-0.200356,-0.596638,0.732385,0.280821,-0.777241,0.961628,-0.214847,-0.188231,-0.886172,0.143486,-0.089508,0.530536,-0.186127,-0.891471,-0.307127,-0.119811,-0.920827,1.742486,-0.130689,-1.124887,-0.827488,-0.237238,-0.871321,-1.247638,0.303807,-0.435413,1.737598,-0.051005,-0.664005,1.820757,-0.055611,-0.650948,0.530230,-0.174777,-0.590424,2.402812,-0.224682,-0.697016,-0.809781,0.254295,-0.636736,0.334587,-0.256750,-0.568659,-0.536754,-0.172408,-0.637881,0.947479,-0.119746,-0.741156,1.088452,-0.065924,-0.702774,1.617793,0.256198,-0.708729,1.101334,-0.095556,-0.873245,0.275583,-0.121719,-0.532482,-0.673395,-0.086748,-0.641677,0.148767,0.011324,-0.688562,0.454772,-0.041789,-0.621129,1.637825,-0.015536,-0.790567,0.659777,-0.090665,-0.761406,0.406050,-0.090543,-0.686674,-0.045924,0.015863,-0.051646,1.220054,-0.093555,-0.546001,2.010186
-0.415337,-0.998870,0.050470,-0.340960,0.563823,0.458688,0.367384,0.652946,0.221931,-0.140472,0.473536,0.172540,-0.183020,-0.287452,1.214524,0.297420,0.816657,-0.462417,0.034384,0.017534,-0.344123,0.144900,0.270251,-0.327810,0.441674,0.424252,0.937948,-0.266440,0.176041,0.200712,-0.663942,-0.663956,-0.651622,-0.000000,-0.000000,-0.000000,-0.105683,0.351679,0.843365,-0.717797,-0.717800,-0.711982,-0.000000,-0.000000,-0.000000,-0.578724,-1.269403,0.437786,-0.251504,-0.892638,-0.581723,0.584894,-0.032796,0.020238,-0.638897,-0.201746,0.266449,-0.000000,-0.000000,-0.000000,-0.000000,-0.000000,-0.000000,-0.000000,-0.000000,-0.000000,-0.000000,-0.000000,-0.000000,-0.000000,-0.000000,-0.000000,-0.000000,-0.000000,-0.000000,0.225087,-0.749390,-0.289613,-0.278829,-1.416314,-1.169075,-0.122277,-0.987445,0.231997,-0.132315,-1.471595,-1.584321,0.005348,-1.340191,0.598813,0.550360,-2.127744,-0.094404,0.364205,-1.536042,-1.428779,0.159497,-0.905487,-0.245726,-0.318954,-0.186674,-1.402134,0.169525,-1.723733,-0.107810,0.548882,-1.663346,-0.124597,0.026704,-0.947589,-0.303510,0.247982,-0.672287,-0.376592,0.000200,-1.121594,-0.924554,-0.176219,-1.432323,-0.729383,0.453309,-1.596150,-1.676775,-0.377518,-1.450008,-0.495378,-0.500323,-1.358378,-0.732456,0.001562,-1.077720,0.487312,-0.512377,-1.083681,-0.963387,-0.145707,-0.433026,-0.675029,-0.134331,-0.162590,0.310180,-1.043407,-0.316994,-0.627781,-1.509600,-0.497876,0.460371,-2.346869,-0.833303,0.930485,-2.735533,-1.094774,0.713896,-0.591395,-0.404399,-2.118653,0.708461,-0.200209,-3.693501,0.616160,0.108272,-3.529333,0.274752,0.410767,-2.913712,1.370934,-0.664033,-3.111561,1.150952,-0.756403,-0.788348,0.929724,-0.245824,-0.975201,0.798021,0.239610,-0.586862,0.908055,-0.834189,-3.339132,0.781131,-1.087615,-2.745658,1.113217,-0.558313,-1.428445,1.209975,-0.115521,-0.192767,0.492906,-1.159130,-3.708700,0.510547,-0.945281,-0.852188,1.064226,-0.482623,0.510570,1.729681,0.045851,0.654467,-0.151775,-0.558328,1.424801,-0.202819,-0.357059,0.734759,-0.107407,-0.354249,-0.962460,-0.129648,-0.777180,1.250278,0.074090,-0.615850,0.105527,-0.191235,-0.865133,0.056319,-0.108411,-0.788278,0.554585,-0.209338,-0.433118,-0.447853,-0.259692,-0.639935,1.201142,-0.325113,-0.766995,-0.465937,-0.144864,-0.698568,0.539078,-0.035707,-0.578500,-0.510672,0.122719,-0.591354,0.502439,-0.003279,-0.552875,-0.142555,-0.002964,-0.421210,0.044296,-0.231536,-1.319684,-0.372928,-0.262106,-0.492704,-0.392628,-0.069257,-0.473933,0.786961,0.341309,-0.047683,-0.682098,0.225223,-0.720686,-0.857814,0.167535,-0.021808,-1.337406,-0.216822,-0.978672,-0.890110,0.301947,-1.149492,0.519973,0.283527,-1.106077,-0.276603,0.328464,-0.181425,0.573448,0.264402,-0.653191,1.455919,0.096693,1.012419,-2.018755,0.103542,-0.543608,1.527880,0.186963,-0.415778,0.416864,0.134404,-0.843396,1.258119,0.132145,-0.284067,1.019859,0.036787,-0.305399,0.378016,0.085189,-0.239065,1.107642,-0.058461,-0.635326,1.255727,-0.077602,-0.368383,0.659257,-0.042330,-0.705812,0.815813,0.346838,-0.725038,0.791473,-0.031660,-0.433580,1.298847,0.300891,-0.325013,-0.238395,-0.151280,-0.360708,1.067587,0.279597,-0.318537,-1.024414,-0.022351,-0.578928,0.686813,0.217703,-0.051438,0.525305,-0.039019,0.340846,0.013482,0.080864,-0.072728,-0.339080,-0.248136,-0.866838,-0.070913,0.052974,-0.895925,1.205613,-0.191778,-1.100860,0.347321,-0.044165,-0.573907,-0.730742,0.246009,-0.430375,0.646219,-0.105713,-0.658762,1.599310,-0.109490,-0.646930,0.328659,-0.022464,-0.584757,1.819526,-0.281505,-0.691570,0.670386,-0.014076,-0.634458,-0.478346,-0.311473,-0.566834,0.572537,-0.019992,-0.636330,1.356108,-0.175394,-0.739652,1.397447,-0.121432,-0.701260,1.246280,0.195603,-0.707096,0.557337,0.071380,-0.603334,0.416193,-0.178710,-0.529011,-0.153080,-0.141184,-0.271488,0.536325,-0.043832,-0.346655,0.180326,0.128829,-0.618496,1.346770,-0.068862,-0.520340,0.508935,-0.144935,-0.496339,0.873087,-0.145200,-0.419237,0.301459,0.189861,-0.035303,0.816761,0.080840,-0.518512,1.413062
-0.420960,-0.988599,0.092821,-0.323837,0.600415,-0.432263,0.355064,0.629060,0.804993,-0.142579,0.466352,-0.154013,-0.177029,-0.183861,0.124137,0.311584,0.809615,-0.669167,0.044315,0.005046,0.316511,0.143414,0.273565,-0.292042,0.441275,-0.174730,-0.013861,-0.156783,-0.389785,1.046445,-0.663942,-0.663956,-0.651622,-0.000000,-0.000000,-0.000000,-1.186799,0.993191,-0.438726,-0.717797,-0.717800,-0.711982,-0.000000,-0.000000,-0.000000,-0.587596,-1.258298,0.418434,-0.254372,-0.878010,-0.642974,0.583194,-0.019698,0.052807,-0.636744,-0.167318,0.439618,-0.000000,-0.000000,-0.000000,-0.000000,-0.000000,-0.000000,-0.000000,-0.000000,-0.000000,-0.000000,-0.000000,-0.000000,-0.000000,-0.000000,-0.000000,-0.000000,-0.000000,-0.000000,0.218625,-1.357372,0.092451,-0.283656,-1.401589,-1.366934,-0.126636,-0.975464,0.348062,-0.136328,-1.460928,-1.869158,0.001649,-1.332936,0.066781,0.546394,-2.118348,-0.305905,0.360365,-0.913403,-1.778746,0.155015,-0.900001,-0.735254,-0.323426,-0.836421,-1.646262,-0.262316,-1.714620,-0.505052,0.543410,-1.653231,0.103557,0.021109,-0.942381,-1.096380,0.242777,-0.661103,-0.231563,-0.409176,-1.681219,-1.667195,0.359700,-1.425093,-1.204730,0.447251,-1.591625,-1.833347,-0.383138,-1.444370,-0.975582,-0.943983,-1.797321,-1.174350,-0.005259,-1.651108,0.548501,-0.520674,-1.074659,-1.261875,-0.825441,-0.425418,-1.517037,-0.018353,0.038753,0.400178,0.647334,0.526408,0.446940,0.938922,0.766643,-0.377489,0.855598,0.874626,0.074591,0.935830,0.834747,0.740944,1.293602,-0.093007,-1.676935,0.924874,0.135273,-0.799477,0.536469,0.563086,-0.145169,-0.174835,0.705316,-2.014676,1.043505,-0.388725,-1.837609,0.666648,-0.225996,-1.445557,0.256332,0.375560,-0.574258,-0.171297,0.752954,0.403556,0.095112,-0.679097,-0.939846,-0.128373,-0.738762,-0.201421,0.073513,-0.129767,0.647386,0.181329,0.291690,-0.959909,-0.765522,-0.793472,-0.318306,-1.202957,-1.392660,0.537477,-1.387161,-1.848739,0.904948,-1.298614,-1.801728,1.449675,-0.154278,0.512844,1.343601,-0.205572,-0.316319,0.536117,-0.109809,-0.324045,-0.913991,-0.131664,-0.751567,1.359666,-0.150289,-0.595387,0.314259,-0.192506,-0.538601,0.103618,-0.109231,-0.560223,0.551890,-0.429887,-0.422352,0.133772,-0.259121,-0.630874,-0.146850,-0.323887,-0.530494,-0.508666,-0.350172,-0.387746,0.437130,-0.033158,-0.555704,-0.310325,0.126296,-0.562360,0.290357,0.000781,-0.521019,-0.294963,0.000432,-0.385563,-0.127010,-0.228453,-0.004835,-0.489992,-0.258956,-0.458078,-0.424196,-0.071147,-0.456948,0.943755,0.340053,-0.036694,-0.629974,-0.007820,-0.703668,-1.012872,0.167111,-0.010264,-1.398649,-0.216822,-0.428028,-0.737178,0.078106,-1.128251,0.022917,0.285280,-1.085122,-0.633549,0.330703,-0.168476,0.643115,0.266851,-0.628526,1.120138,-0.117321,1.032492,-1.950661,0.104153,-0.521381,1.139179,-0.029377,0.052144,0.324916,-0.079200,-0.819671,0.630410,-0.080315,-0.264760,0.876593,0.037005,-0.290337,0.653724,0.085589,-0.219088,1.241743,-0.057890,-0.612242,1.173153,-0.076839,-0.351656,0.751693,-0.041402,-0.691198,0.557214,0.345970,-0.701608,0.640731,-0.032294,-0.407599,1.094301,0.063273,-0.299970,-0.538384,-0.151280,-0.334984,0.517430,0.023304,-0.298124,-1.372083,-0.022992,0.076764,0.065774,0.218974,-0.030564,0.520138,-0.037302,0.355571,0.547705,0.082946,0.475534,-0.073351,-0.246088,-0.011710,-0.159355,0.054891,-0.869454,1.063378,-0.190143,-0.211293,0.623063,-0.303169,-0.266954,-0.750849,0.246223,-0.411916,0.372721,-0.105326,-0.642623,1.217744,-0.108938,-0.288517,0.059358,-0.021733,-0.567309,1.411481,-0.280356,-0.671615,0.661409,-0.012746,-0.623122,-0.605678,-0.310368,-0.556352,0.867347,-0.019065,-0.627423,1.248790,-0.174824,-0.731019,1.155842,-0.121040,-0.692569,1.108783,0.195827,-0.697720,0.618168,-0.152679,-0.592537,0.157183,-0.178307,-0.162763,0.109114,-0.140626,-0.257027,0.676666,-0.043084,-0.333287,0.321998,0.130065,-0.606671,1.292324,-0.068138,-0.509774,0.619787,-0.144379,-0.485984,1.048876,-0.144814,-0.408790,0.550124,0.189437,0.532041,0.764997,0.082545,-0.491902,1.283204
-0.420815,-0.988172,0.089482,-0.324311,0.599999,-0.413622,0.355064,0.629060,0.807135,-0.142691,0.467141,-0.152528,-0.177029,-0.183880,0.130419,0.305011,-0.726910,-0.635174,0.042810,0.000866,0.338947,0.144012,0.273565,-0.284766,0.440876,-0.174730,-0.062984,-0.159160,-0.389785,1.020678,-0.663942,-0.663956,-0.651622,-0.000000,-0.000000,-0.000000,-1.187439,0.991951,-0.472738,-0.717797,-0.717800,-0.711982,-0.000000,-0.000000,-0.000000,-0.587290,-1.258298,0.417620,-0.254150,-0.877576,-0.665927,0.583622,-0.019273,0.049926,-0.636297,-0.167318,0.425905,-0.000000,-0.000000,-0.000000,-0.000000,-0.000000,-0.000000,-0.000000,-0.000000,-0.000000,-0.000000,-0.000000,-0.000000,-0.000000,-0.000000,-0.000000,-0.000000,-0.000000,-0.000000,0.140636,-1.270541,0.456125,-0.051532,-1.166225,-1.613404,0.003042,-1.192225,0.693004,-0.101452,-1.407658,-1.474407,-0.040460,-0.970574,0.808688,0.413954,-2.005710,0.130864,0.126166,-1.149743,-1.642892,0.211442,-1.760588,-1.984887,0.596560,-1.481256,-0.884580,0.030291,-1.559872,-0.631355,0.769613,-1.178306,0.269426,0.141585,-1.686366,-0.957054,0.241307,-0.582881,0.287270,0.293975,-1.551776,-0.896476,0.117308,-1.635838,-1.078760,0.070491,-1.085274,-1.158763,0.204343,-1.433095,-0.422370,-0.193006,-1.286320,-0.369297,0.338092,-1.377238,1.170116,-0.974906,-1.295478,-0.995707,-0.613559,-1.588381,-2.037466,-0.018310,0.038722,0.400956,0.647364,0.526377,0.439400,0.938967,0.766600,-0.387065,0.855621,0.874583,0.074207,0.935870,0.834719,0.739910,1.293664,-0.093054,-1.674234,0.924940,0.135222,-0.795708,0.536504,0.563046,-0.142276,-0.174780,0.705284,-2.014944,1.043550,-0.388784,-1.833294,0.666687,-0.226071,-1.439455,0.256361,0.375507,-0.573451,-0.171277,0.752924,0.407948,0.095112,-0.679153,-0.934791,-0.128342,-0.738815,-0.202448,0.073566,-0.129819,0.650589,0.181348,0.291646,-0.950328,-0.765522,-0.793514,-0.315865,-1.202957,-1.392721,0.538544,-1.387161,-1.848800,0.906481,-1.298614,-1.801778,1.450343,-0.154024,0.512844,1.340708,-0.205572,-0.316319,0.531886,-0.109809,-0.323307,-0.923939,-0.131436,-0.751567,1.350212,-0.150289,-0.595387,0.307919,-0.192506,-0.538601,0.080078,-0.109231,-0.560223,0.521909,-0.429887,-0.422352,0.083385,-0.259121,-0.630874,-0.110925,-0.323887,-0.530494,-0.527424,-0.350172,-0.387746,0.442119,-0.033158,-0.555704,-0.310535,0.126296,-0.562360,0.295020,0.000781,-0.521019,-0.289666,0.000432,-0.385563,-0.124065,-0.228453,-0.004835,-0.484019,-0.258956,-0.458078,-0.423136,-0.071147,-0.456948,0.943412,0.340053,-0.036294,-0.632724,0.224595,-0.703668,-1.012551,0.167332,-0.010264,-1.392997,-0.216822,-0.427558,-0.744418,0.078106,-1.128251,-0.005860,0.285280,-1.085122,-0.632535,0.330703,-0.168476,0.624601,0.266851,-0.628526,1.122107,0.099414,1.032492,-1.974232,0.104153,-0.521381,1.129204,-0.029377,0.052144,0.332057,-0.079200,-0.819671,0.633931,-0.080315,-0.264760,0.874713,0.037005,-0.290337,0.645255,0.085589,-0.219088,1.237607,-0.057890,-0.612242,1.172916,-0.076839,-0.351656,0.750879,-0.041402,-0.691198,0.552879,0.345970,-0.701608,0.641049,-0.032294,-0.407599,1.095584,0.063498,-0.299970,-0.540822,-0.151280,-0.334984,0.516498,0.023304,-0.298124,-1.370721,-0.022992,0.077322,0.069865,0.218974,-0.030564,0.529423,-0.037302,0.355571,0.551587,0.082946,0.475534,-0.100450,-0.246088,-0.011710,-0.162680,0.054891,-0.869454,1.053083,-0.190143,-0.211293,0.634385,-0.302923,-0.266954,-0.745904,0.246223,-0.411916,0.363921,-0.105326,-0.642623,1.220376,-0.108938,-0.288517,0.065795,-0.021733,-0.567309,1.412046,-0.280356,-0.671615,0.657336,-0.012746,-0.622855,-0.612128,-0.310368,-0.556352,0.882125,-0.019065,-0.627423,1.252789,-0.174824,-0.731019,1.150266,-0.121040,-0.692569,1.107667,0.195827,-0.697720,0.620882,-0.152679,-0.592283,0.169246,-0.178307,-0.162763,0.125305,-0.140626,-0.257027,0.684819,-0.043084,-0.333287,0.322784,0.130065,-0.606671,1.293700,-0.068138,-0.509774,0.620863,-0.144379,-0.485984,1.052387,-0.144814,-0.408790,0.562829,0.189437,0.532041,0.772871,0.082545,-0.491902,1.268897
-0.417557,-0.977071,-0.077716,-0.332398,0.651471,-0.371205,0.351142,0.676423,0.718743,-0.693746,0.467941,-0.411604,0.099206,0.219568,-0.378464,0.300969,0.820635,-0.103270,0.043397,-0.011673,1.041078,0.149937,-1.381808,-0.142354,0.437186,0.434715,1.062809,-0.259309,0.741853,1.394287,-0.663942,-0.663956,-0.651622,-0.000000,-0.000000,-0.000000,-0.098836,0.995655,0.491366,-0.717797,-0.717800,-0.711982,-0.000000,-0.000000,-0.000000,-0.585811,-1.251870,0.359509,-0.250622,-0.865450,-0.870427,0.580638,-0.017223,-0.096036,-0.633304,-0.155203,0.485913,-0.000000,-0.000000,-0.000000,-0.000000,-0.000000,-0.000000,-0.000000,-0.000000,-0.000000,-0.000000,-0.000000,-0.000000,-0.000000,-0.000000,-0.000000,-0.000000,-0.000000,-0.000000,-0.316395,-0.667079,0.891473,-0.272196,-0.661138,-0.676993,-0.114397,-0.885128,-1.059182,0.264996,-0.661681,0.564358,-0.370198,-1.231464,-1.337518,0.219290,-0.776033,1.304149,-0.325760,-0.236229,0.429283,-0.265404,-0.083242,0.343740,-0.773456,-0.778241,0.312108,-0.250691,-0.417348,0.163959,-0.371659,0.468880,1.089434,0.038725,0.540318,-1.174369,0.260584,0.165719,-0.402830,0.005855,-0.486772,-1.235280,-0.708920,0.104774,-1.750340,-0.085450,0.307177,-2.199602,0.181420,-0.605167,-1.804263,-0.055362,-0.418230,-0.921286,-1.146655,0.150385,-1.471586,-0.498010,-0.403183,-1.989523,-0.804138,0.657704,-2.443990,0.177987,0.283548,0.544332,0.601255,0.795119,0.644718,0.881794,0.996696,-0.159238,0.773900,1.069571,0.096384,0.863261,0.935531,0.875878,0.850730,0.136670,-1.039806,0.929681,0.318377,-0.183131,0.203483,0.762952,-0.751050,-0.450869,0.838832,-1.170789,0.532378,-0.304458,-0.923548,0.817092,-0.073053,-0.782829,0.184504,0.684342,-0.153106,-0.375206,1.058695,0.002561,0.030280,-0.489910,-0.587266,0.347406,-0.548493,-1.608633,0.106928,0.235523,0.432204,-0.015448,0.665723,0.507587,-0.631719,-0.695272,-0.352053,-1.097971,-1.270967,-0.325065,-1.249226,-1.748842,0.702105,-1.104124,-1.720963,1.008082,-0.160016,0.535187,1.357986,-0.211921,-0.283207,0.475472,-0.115950,-0.296145,-0.991708,-0.136369,-0.727115,1.317772,0.068695,-0.088568,0.623177,-0.196118,-0.523739,-0.141963,0.115560,-0.548874,0.589907,-0.210521,-0.410209,0.184118,-0.258746,-0.620297,0.521205,-0.322318,-0.518125,-0.450252,-0.347390,-0.669499,0.682963,-0.028699,-0.531034,-0.348342,0.132449,-0.533366,0.285727,0.007536,-0.490610,-0.254347,0.006313,-0.354444,-0.081842,-0.223114,0.027193,-0.500944,-0.253501,-0.436047,-0.394780,-0.075650,-0.448145,0.892016,0.336687,-0.031975,-0.403344,-0.010314,-0.697575,-1.195256,-0.066734,0.437738,-1.071961,-0.217489,-0.421285,-0.758515,0.079517,-0.301245,-0.496303,0.042357,-0.243000,-1.167071,0.333825,0.370710,0.741327,0.271314,-0.619707,0.745694,-0.113050,1.042218,-1.713745,0.104545,-0.508237,1.048410,-0.028997,0.061100,0.701821,-0.078825,-0.802022,0.285423,-0.079942,-0.250041,1.045455,0.036586,0.143062,0.926075,0.085589,-0.201551,1.320846,-0.057514,-0.591977,1.163470,-0.076061,-0.336614,1.069114,-0.040093,-0.271483,0.407919,0.343176,-0.686683,0.494883,-0.034616,-0.392195,0.969071,0.061802,-0.285123,-0.595591,-0.152141,-0.318565,0.333205,0.021473,0.384370,-1.504611,-0.025337,0.089314,-0.145948,0.220907,-0.017266,0.611551,-0.034938,0.363852,0.885963,0.085849,0.484139,0.066686,-0.242407,0.002487,-0.238335,0.058070,-0.852591,0.937829,-0.187890,-0.194991,0.813157,-0.304548,-0.254788,-0.460718,0.245812,-0.394294,0.114022,-0.105326,-0.627583,0.769683,-0.108575,0.069267,0.002429,-0.020988,-0.551050,1.104966,-0.278996,-0.146721,0.518697,0.201084,-0.611509,-0.891551,-0.309057,-0.545647,0.971976,-0.018319,-0.618328,1.135388,-0.174449,-0.722204,0.814454,-0.121040,-0.683694,1.054492,0.195396,-0.688146,0.518954,-0.153481,-0.581476,-0.029262,-0.178307,-0.148541,0.395809,-0.140259,-0.242231,0.828138,-0.042320,-0.319907,0.484550,0.131944,-0.594814,1.115080,-0.067400,-0.231142,0.796177,-0.144014,-0.475390,1.185204,-0.144814,-0.398101,0.797200,0.187571,0.541944,0.852876,0.085328,-0.476126,1.028317
-0.415193,-0.960621,-0.304281,-0.309733,0.613607,-0.606785,0.366538,0.658828,0.155880,-0.705839,0.473536,-0.552658,0.095407,0.422625,0.876459,0.332322,0.817871,0.597592,0.051530,0.017534,0.771850,0.147871,0.266937,-0.200535,-1.575246,2.856211,1.063282,-0.319703,2.445824,0.896679,-0.663942,-0.663956,-0.651622,-0.000000,-0.000000,-0.000000,-1.187439,2.932558,0.848599,-0.717797,-0.717800,-0.711982,-0.000000,-0.000000,-0.000000,-0.585234,0.817134,0.205511,-0.248636,-0.849571,-1.166603,0.579795,-0.020098,-0.312266,-0.628131,-0.181534,0.471786,-0.000000,-0.000000,-0.000000,-0.000000,-0.000000,-0.000000,-0.000000,-0.000000,-0.000000,-0.000000,-0.000000,-0.000000,-0.000000,-0.000000,-0.000000,-0.000000,-0.000000,-0.000000,-0.325299,-0.758541,-0.254191,-0.280045,-1.426071,-0.447206,-0.123149,-0.999499,0.196313,-0.132891,-1.482262,-1.452398,0.005053,-1.361954,0.402385,0.212842,-2.137140,-1.441952,0.014983,-0.931601,-2.145349,0.158870,-0.921881,-0.153042,-0.786517,-0.201234,-1.304484,-0.258556,-1.737402,-0.372477,0.547524,-1.673461,0.715543,0.025898,-0.255679,-0.627087,-0.255810,-0.689064,-1.052730,-0.405594,-1.129955,-1.452356,0.364477,-1.439598,-0.707188,0.452097,-1.609727,-1.401392,-0.923988,-1.466921,-0.091195,-0.940098,-1.810437,-0.760876,-0.578951,-1.668241,0.981540,-0.514064,-1.097214,-1.364101,-0.147188,-0.440635,-0.474990,0.229753,0.491079,0.727434,0.561223,0.987109,0.807176,0.765539,1.192482,0.194130,0.802432,1.266781,0.939808,0.810287,1.021494,0.905036,0.970397,0.333972,-1.285717,0.929315,0.530970,0.344093,0.160640,0.915141,-0.652045,-0.556514,0.919198,-0.540881,0.810256,-0.099203,-1.320602,0.570127,0.111819,-0.733872,-0.005225,0.862150,-0.217996,-0.581496,1.211322,-0.126958,0.028018,-0.347992,-0.428330,0.026739,-0.327458,-0.786720,-0.096907,0.342237,0.376250,-0.213543,0.739025,0.700629,-0.633830,-0.537577,0.600416,-1.070347,-1.120508,0.164784,-1.100354,-1.656313,0.804582,-0.957758,-1.660353,1.050021,-0.155763,0.233149,1.564262,-0.207224,0.593424,0.819800,-0.111406,0.306499,-0.791771,-0.132329,-0.260111,1.307730,0.072691,-0.223113,0.055997,-0.191451,-0.609565,0.075779,0.120440,-0.608339,0.593616,-0.204992,-0.248246,-0.610272,-0.252594,-0.481272,0.530393,-0.316001,-0.579328,-0.481717,-0.339958,-0.453325,0.520698,-0.019781,-0.154626,-0.650869,0.143993,-0.724627,0.723387,0.019967,-0.723380,0.154782,0.016703,-0.637557,0.442319,-0.213682,-0.339520,0.039549,-0.243864,-0.777054,0.044581,-0.070906,0.012643,0.881695,0.341309,0.276627,-0.501024,-0.005318,-0.220288,-1.053095,-0.061103,0.306455,-1.186654,-0.211282,-0.043107,-0.570470,0.086369,-0.543929,-0.228079,0.050264,-0.490751,-1.019670,0.342779,0.212062,0.452960,0.280676,0.071055,1.224203,-0.104492,0.813577,-1.788501,0.110963,0.038700,0.860387,-0.022767,0.383520,0.453775,-0.072673,-0.264376,0.397717,-0.073824,0.153836,1.009913,0.042559,0.023703,0.608463,0.091675,0.187526,1.182645,-0.051357,-0.142378,1.190338,-0.069489,-0.002893,0.732421,-0.033739,-0.387547,0.323695,0.348125,-0.125072,0.627267,-0.029346,0.248737,1.103413,0.067532,0.332659,-0.460674,-0.146097,0.298017,0.896556,0.027677,0.189728,-1.091220,-0.020015,-0.095729,0.434019,0.228395,0.483095,0.267067,-0.266921,0.726655,0.573665,0.094179,0.861113,-0.735835,-0.234214,-0.240630,-0.165938,-0.170125,-0.218074,0.721740,-0.180306,0.417193,0.790049,-0.298051,-0.337079,-0.469029,0.251666,-0.057323,0.294364,-0.099437,-0.326722,1.115316,-0.102624,-0.027606,0.012785,-0.014692,-0.225800,1.285220,-0.272429,-0.288716,0.838868,-0.004006,-0.409057,-0.605151,-0.302733,-0.362523,0.827900,-0.218511,-0.462539,1.250929,-0.168303,-0.571206,1.225388,-0.115064,-0.531672,1.103730,0.201534,-0.524353,0.518335,-0.147851,-0.388657,0.342786,-0.172172,0.105234,0.115584,-0.134247,0.021792,0.658350,-0.035871,-0.075547,0.203019,0.139225,-0.383633,1.200160,-0.061165,-0.306068,0.527163,-0.138020,-0.286342,1.019226,-0.138930,-0.207362,0.522564,0.192989,0.381168,0.715721,0.093450,0.180308,0.989172
-0.413270,-0.947035,-0.548255,-0.323837,0.656145,-0.674018,0.340787,0.675170,0.467276,-0.713826,0.469539,-0.579675,0.094712,0.524445,1.132316,0.319670,0.838996,-0.189133,0.053035,0.009226,0.633168,0.151133,0.263623,-0.069850,0.482543,1.639649,0.482657,-0.224333,1.869142,0.897249,-0.663942,-0.663956,-0.651622,-0.000000,-0.000000,-0.000000,-0.072494,1.635928,1.211716,-0.717797,-0.717800,-0.711982,-0.000000,-0.000000,-0.000000,-0.583755,0.820139,0.100445,0.306813,-0.849571,-1.097469,0.582766,-0.010274,-0.310983,-0.626845,-0.180483,0.489748,-0.000000,-0.000000,-0.000000,-0.000000,-0.000000,-0.000000,-0.000000,-0.000000,-0.000000,-0.000000,-0.000000,-0.000000,-0.000000,-0.000000,-0.000000,-0.000000,-0.000000,-0.000000,-0.318417,-0.132255,-0.352277,-0.273099,-1.421223,-0.640895,-0.114984,-1.005527,0.260212,-0.123452,-1.487596,-1.579634,0.015576,-1.369208,0.465613,-0.118227,-1.503480,-1.373299,0.022177,-0.322609,-1.256538,-0.266031,-0.187361,0.061484,-0.773791,0.443601,-0.949442,-0.251957,-1.122910,-0.863134,0.091693,-1.001474,0.064544,0.037919,-0.271302,-0.496815,-0.242846,-0.705772,-1.140795,-0.399629,-0.570331,-1.372491,0.373666,-1.446872,-1.121617,0.463446,-1.618778,-1.652988,-0.364657,-1.483766,-0.418336,-0.933629,-1.368214,-1.013475,0.009658,-1.094801,0.366688,0.250725,-0.493293,-1.189263,-0.133318,-0.448243,0.312670,0.230356,0.614698,0.786363,0.599834,1.113017,0.865654,0.736396,1.309063,0.142793,0.773292,1.402457,1.060879,0.624026,1.153934,0.710304,1.050607,0.464164,-1.789751,0.928713,0.671223,-0.003992,0.117629,1.009375,-1.049019,-0.591996,1.008009,-1.008328,0.978142,0.080646,-1.460094,0.569624,0.264930,-0.596844,-0.043486,1.031468,0.308399,-0.581678,1.317590,-0.101125,0.131226,-0.194207,-0.502111,-0.013403,-0.204067,-1.039949,-0.198638,0.484701,0.612314,-0.263072,0.880691,0.229571,-0.596048,-0.421794,0.893347,-0.952984,-1.033982,0.381943,-1.039879,-1.569597,1.150817,-0.868688,-1.572361,1.460781,-0.268778,0.732905,1.815859,-0.328174,0.319998,0.689988,0.080647,0.369182,-0.951585,-0.208752,-0.027201,1.517632,0.026292,0.088639,0.138803,-0.208431,-0.339157,0.347779,0.160358,-0.376766,1.406842,-0.109052,-0.198847,-0.749282,-0.085267,-0.241498,0.747162,-0.298662,-0.537570,0.844466,-0.052900,-0.141440,1.676261,-0.115555,-0.237894,0.548404,0.363621,-0.334098,1.069569,-0.031398,-0.488408,-0.959515,0.235415,-0.650019,-0.714753,-0.015123,0.556136,-0.000470,-0.038055,-0.314366,0.213139,-0.122573,0.068942,0.591876,0.333337,0.265622,0.754736,0.026784,0.407952,-1.726666,-0.218453,0.738948,-0.086324,-0.335484,0.513810,-0.601905,-0.151774,0.283793,-1.946102,-0.166941,-0.573111,-1.183629,-0.327964,0.145932,0.448074,-0.083828,-0.025884,-1.387695,0.043241,1.624195,-0.022228,0.056448,0.257757,-0.067403,0.143963,0.591002,0.790971,0.091947,0.184251,-0.816470,0.089916,0.020754,0.576069,-0.056201,0.464257,0.040990,0.019233,0.221151,0.643655,0.116123,-0.103523,0.515487,0.119850,0.020096,0.361783,-0.040839,0.436586,-0.808854,0.366416,0.178468,0.131247,0.014660,-0.400327,0.443910,-0.090098,-0.292961,-0.942176,-0.029508,-0.238947,-0.394348,-0.145695,0.470300,-1.447278,0.024428,0.815821,-0.272982,-0.000566,0.038450,0.314569,0.015210,0.866175,1.994138,-0.059973,0.999385,-0.244762,0.101794,0.857615,-0.906049,-0.087766,0.124870,-0.623477,-0.140108,-0.115942,0.946045,-0.195244,-0.187839,-0.624940,0.152047,0.116012,0.079917,0.044930,-0.212903,0.657347,0.059224,0.078864,-0.579334,-0.042269,-0.102755,0.095974,-0.058852,-0.107253,1.361048,-0.191796,-0.273680,-0.485371,-0.097048,-0.221299,1.273103,-0.037023,-0.340029,0.992621,-0.001140,-0.452465,0.807414,0.031417,-0.412125,0.775302,0.336276,-0.398038,0.274452,-0.039234,-0.259721,0.632153,-0.021780,-0.095127,0.177246,0.029272,0.184519,0.322226,0.149918,0.070624,-0.547930,0.154210,-0.246089,0.183569,0.118458,-0.190541,-0.061632,0.025002,-0.169824,0.790173,0.005305,-0.089803,0.435424,0.024410,1.130080,1.288813,0.156063,-0.484454,-0.857902
-0.411943,1.043272,-0.603680,-0.316388,0.651471,-0.887552,0.348622,0.676832,0.397555,-0.694079,0.469539,-0.236290,-0.166759,0.628601,0.585086,0.330285,0.850315,-0.609531,0.039193,0.021714,0.205379,0.152909,-1.381808,-0.201871,0.455987,1.036011,1.506570,-0.247375,1.304417,1.257688,-0.663942,-0.663956,-0.651622,-0.000000,-0.000000,-0.000000,-0.102900,0.994416,1.530359,-0.717797,-0.717800,-0.711982,-0.000000,-0.000000,-0.000000,-0.580491,0.830408,-0.054658,0.308132,1.169395,-1.108253,0.584894,0.016348,-0.393568,-0.622118,-0.139009,0.303269,-0.000000,-0.000000,-0.000000,-0.000000,-0.000000,-0.000000,-0.000000,-0.000000,-0.000000,-0.000000,-0.000000,-0.000000,-0.000000,-0.000000,-0.000000,-0.000000,-0.000000,-0.000000,-0.308724,-0.049945,0.448248,-0.265250,-0.670955,-0.080613,-0.106819,-0.897183,-1.388553,-0.114886,-0.672348,0.562678,-0.361672,-0.267614,-1.577079,-0.111779,-0.790127,0.644191,-0.667553,0.986302,1.048821,-0.691578,1.385867,0.994748,-1.230330,-0.133347,0.532631,-0.670601,0.188031,0.414480,-0.827825,0.453707,0.022086,0.049524,1.227019,-0.745790,0.271694,0.903202,0.170413,-0.796494,0.068672,-1.559000,-0.157841,-0.400332,-1.383185,-0.074917,0.293656,-1.947743,0.193078,-0.627718,-2.368282,-0.487070,-0.424788,-0.993807,0.020748,0.137588,-0.443613,0.265632,-1.029605,0.085345,-0.119448,0.642487,-0.329150,0.167565,0.740265,0.338077,0.709559,1.201993,0.725978,0.963140,1.355413,-0.533844,0.711134,1.467410,0.525634,0.327777,1.199617,0.659832,0.883401,0.596292,-2.002066,0.751604,0.770372,0.089134,-0.101519,1.088114,-0.898458,-0.773009,1.070797,-0.866974,0.689722,0.243351,-1.327981,0.463208,0.396735,-0.758632,-0.200984,1.089879,0.649406,-0.740065,1.425836,-0.145745,0.020545,-0.074885,-0.151337,-0.139537,-0.078509,-0.685756,-0.339336,0.563408,0.302854,-0.390380,0.948504,0.001888,-0.713496,-0.286456,0.719943,-1.045019,-0.926385,0.343372,-1.164655,-1.442611,0.978740,-0.961799,-1.498862,0.937440,-0.053766,1.581246,1.030493,-0.093185,1.083023,1.002176,0.001587,0.727118,-1.064788,-0.032380,0.779289,0.369360,-0.054699,-0.374205,-0.777994,-0.077830,-0.054983,0.558002,0.020472,-0.206791,0.346047,-0.282524,-0.049221,-1.044739,-0.087565,-0.117844,0.613646,-0.144112,-0.379902,0.145119,-0.137424,0.092609,0.579411,-0.245110,0.242286,-1.179985,0.174745,0.425347,1.366220,0.362806,-0.251142,0.331158,0.052448,-0.171027,1.132566,0.048743,0.130062,1.200152,-0.209659,0.706607,1.065289,-0.220691,0.772481,1.038007,-0.013542,0.769579,-0.761637,-0.110572,0.529107,-0.460182,-0.150718,0.357777,-1.167115,-0.291868,0.030619,-0.042843,0.048058,0.382776,-0.564857,-0.223217,0.426970,-0.027821,0.083333,0.794874,-0.368772,0.039896,1.151222,0.129702,-0.087582,0.922344,-0.005753,0.057858,0.989140,0.131021,-0.074317,0.512736,-0.927622,0.091556,0.746285,0.451213,0.089527,0.945841,0.348757,-0.026712,0.228175,-0.525221,0.032978,0.456625,0.158071,0.113823,0.799573,0.566337,0.103623,0.694225,-0.014295,0.140930,0.214335,0.450544,-0.006868,0.876518,0.023448,0.103941,1.366584,0.603332,-0.022869,1.410130,-0.712301,0.014960,1.401608,0.801649,-0.071063,0.371756,-0.393605,0.114594,0.077322,0.718892,-0.043788,0.666118,-0.476833,-0.049570,0.840395,-0.098517,0.085849,0.441078,-1.278749,-0.004413,0.789024,0.236035,0.059124,0.913539,0.048501,0.027616,0.645008,0.532767,-0.132580,-0.442648,0.014857,0.182957,0.223435,0.314001,0.056508,0.331352,1.082017,0.057002,0.172337,-0.166565,-0.055975,0.485620,0.615804,-0.090941,0.521091,0.996054,-0.240451,-0.229545,-0.037049,-0.127951,-0.193755,0.438181,-0.052576,-0.318539,1.228290,-0.003436,-0.221554,1.125645,0.043165,-0.179647,0.882210,0.366577,-0.145423,-0.110184,0.002193,-0.217686,1.414657,-0.009719,0.325808,-0.267882,0.027027,0.251274,-0.044351,0.133996,0.135053,-0.645651,0.108645,0.096858,0.376919,0.103065,-0.139619,-0.173790,0.022763,-0.122025,0.373965,0.016873,-0.041577,0.044188,0.099428,0.516704,-0.592711,0.078058,1.325190,0.104099
-0.415193,1.041615,-0.479543,-0.315914,0.648069,-0.798734,0.358703,0.683532,0.649755,-0.683983,0.467941,-0.181813,-0.172215,0.628796,0.648152,0.318651,0.839593,-0.309146,0.031979,0.034253,-0.401085,0.133612,0.283507,-0.657092,0.515632,-0.180551,1.356676,-0.140872,0.167344,1.773672,1.603799,1.599522,1.214658,-0.000000,-0.000000,-0.000000,-0.085769,-0.298496,1.143692,-0.717797,-0.717800,-0.711982,-0.000000,-0.000000,-0.000000,-0.583755,0.829990,0.058894,0.306921,1.169804,-1.055021,0.592547,0.008574,-0.034419,-0.619965,-0.145067,0.362791,-0.000000,-0.000000,-0.000000,-0.000000,-0.000000,-0.000000,-0.000000,-0.000000,-0.000000,-0.000000,-0.000000,-0.000000,-0.000000,-0.000000,-0.000000,-0.000000,-0.000000,-0.000000,-0.341454,-1.348220,-0.298694,-0.291505,-1.396680,-0.989035,-0.133342,-0.969436,0.179456,-0.530220,-1.455595,-1.510383,-0.389837,-1.325682,0.696160,-0.133106,-2.113650,-0.318632,0.006003,-0.908854,-0.609665,-0.286875,-0.894514,0.713288,-0.797184,0.477574,-0.693482,-0.270489,-1.714620,-0.041673,0.070827,-0.966071,0.506659,0.012289,-0.234849,0.521694,-0.267666,-0.661103,-1.413762,-0.821517,-1.109053,-1.389200,-0.192573,-1.421455,-1.560337,0.437930,-1.587100,-1.793480,-0.936848,-1.444370,-0.588470,-1.391193,-1.348541,-1.076162,-0.594727,-1.064871,-0.536275,-0.533929,-0.461771,-1.632683,-0.164502,-0.425418,0.019753,0.105679,0.759596,0.352991,0.588828,1.202297,0.917048,0.756687,1.373784,-0.377513,0.678319,1.413281,0.736335,0.270931,1.182296,0.757232,0.837662,0.596795,-1.966028,0.703018,0.770932,0.277127,-0.234846,1.071309,-1.159627,-0.813005,1.043582,-0.902207,0.682166,0.243842,-1.186320,0.259343,0.350183,-0.482249,-0.244146,1.022482,0.886065,-0.743618,1.348496,-0.126972,-0.140590,-0.074416,0.076859,-0.224903,-0.122854,-0.911005,-0.377797,0.541921,0.897280,-0.393752,0.929915,0.027126,-0.792957,-0.286007,1.003765,-1.078039,-1.002694,0.246723,-1.198626,-1.499641,1.021954,-1.054376,-1.514193,1.212958,-0.053766,1.576581,0.777929,-0.093185,1.077549,0.925928,0.001315,0.722570,-1.154388,-0.032380,0.123634,0.104001,-0.054903,-0.377678,-0.832382,-0.315891,-0.057221,0.667226,0.020273,-0.208558,0.049951,-0.282919,-0.051021,-0.821643,-0.088159,-0.119554,0.245816,-0.144818,-0.381733,-0.474271,-0.138362,0.090201,0.627427,-0.246164,0.238083,-0.753893,0.173202,0.421029,1.269008,0.361167,-0.256361,0.262407,0.051095,-0.176389,0.977248,0.047515,0.124298,1.079392,-0.210914,0.701355,1.066344,-0.220932,0.770096,1.093345,-0.013961,0.768395,-0.760721,-0.110996,0.526655,-0.652148,-0.151134,0.802201,-1.065993,-0.292309,0.028679,-0.408938,0.047254,0.379852,-0.542315,-0.224102,0.423985,-0.127037,-0.168041,0.793431,-0.341910,0.038789,1.147709,0.043420,-0.088752,0.920258,0.234638,0.057043,0.986348,0.226937,-0.075109,0.967606,-0.826613,0.090790,0.742888,0.297686,0.088765,0.943319,0.454748,-0.027123,0.225525,-0.514043,0.032595,0.453689,0.238691,0.113228,0.796180,0.575416,0.103042,0.691707,0.048319,0.140367,0.212122,0.224562,-0.007096,0.872960,0.021211,0.103521,1.363311,0.545252,-0.023301,1.406976,-0.741592,0.014521,1.397702,0.610165,-0.071521,0.368749,-0.403188,0.114170,0.714166,0.641061,-0.044650,1.372283,-0.402443,-0.050647,0.838559,0.020073,0.084808,0.439170,-1.245808,-0.005429,0.785292,0.229623,0.058070,0.909520,0.228836,0.026790,0.641130,0.626100,0.126867,-0.148153,-0.231342,0.182348,0.220515,0.346456,0.055936,0.328708,1.108073,0.056427,0.170183,-0.278408,-0.056705,0.482761,0.561852,-0.091515,0.517934,1.094325,-0.241217,-0.231310,-0.256600,-0.128504,-0.195571,0.699516,-0.053134,-0.103145,1.188049,-0.004030,-0.222867,1.073556,0.042584,-0.180969,0.866209,0.366155,-0.146857,0.083026,0.001784,-0.219367,1.367944,-0.010315,0.323275,-0.133919,0.026446,0.248639,0.085076,0.133425,0.132926,-0.605706,0.107807,0.095017,0.376885,0.102513,-0.141301,-0.164982,0.022184,0.139746,0.516724,0.016301,-0.043481,0.167190,0.099021,0.514732,-0.645879,0.076988,1.321839,0.191592
-0.416673,1.042845,-0.428062,-0.318130,0.654042,-0.780093,0.363462,0.667191,0.502292,-0.686424,0.471138,-0.184027,-0.178955,0.627629,0.876695,0.303993,0.835017,-0.868448,0.028968,0.030073,-0.629863,-1.336461,0.266937,-0.581394,0.493988,0.434715,0.718240,-0.209222,0.737504,-0.181041,-0.663942,-0.663956,-0.651622,-0.000000,-0.000000,-0.000000,1.008191,0.355398,1.454051,-0.717797,-0.717800,-0.711982,-0.000000,-0.000000,-0.000000,-0.587290,0.830826,0.131535,0.306039,1.167302,-1.101202,0.590848,-0.001675,-0.040739,-0.621252,-0.183512,0.473095,-0.000000,-0.000000,-0.000000,-0.000000,-0.000000,-0.000000,-0.000000,-0.000000,-0.000000,-0.000000,-0.000000,-0.000000,-0.000000,-0.000000,-0.000000,-0.000000,-0.000000,-0.000000,-0.807784,-0.753965,-1.635128,0.179394,0.574582,0.163797,-0.074765,-1.005527,-1.223521,-0.473047,-1.482262,-0.444351,-0.719280,-1.361954,1.423515,-0.419524,-2.137140,0.053787,0.406067,-0.936150,-0.813628,0.212421,-0.181874,-0.246170,-0.261500,0.453308,-0.547069,-0.207010,-1.737402,1.345177,0.139607,-0.991359,-0.240482,0.092745,-0.260887,-2.122247,-1.199996,-0.694656,0.015251,-0.761034,-1.702121,0.437487,0.972273,-1.443235,-0.975491,-0.580495,-0.384496,-0.941896,-0.310761,-1.472559,-2.046383,-0.448611,-1.813716,0.163829,-0.508557,-1.668241,0.662106,-0.422327,-1.710103,-1.343335,1.279120,-0.444439,0.037951,0.043663,0.739217,0.544596,0.545653,1.200924,0.943461,0.608861,1.372371,-0.288416,0.675277,1.357587,0.877118,0.241591,1.127821,0.778345,0.752623,0.575028,-1.896926,0.655902,0.747446,-0.035845,-0.366808,1.035581,-0.653380,-0.922091,1.042614,-1.311424,0.507602,0.185370,-1.535986,0.204608,0.300967,-0.369803,-0.248305,0.998080,0.909500,-0.746545,1.327790,0.276323,-0.249938,-0.075994,0.434093,-0.309452,-0.214664,-0.617938,-0.381702,0.452280,0.530666,-0.371933,0.909541,0.010446,-0.835194,-0.323202,0.853229,-1.169592,-1.042992,0.026550,-1.232619,-1.559314,0.910744,-1.117386,-1.563794,0.944577,-0.056757,1.568235,0.843422,-0.096499,1.067588,0.973506,-0.300786,0.716517,-1.077600,-0.035070,0.771138,0.241553,-0.057100,-0.380282,-0.803416,-0.080379,-0.058921,0.644297,0.018235,-0.209735,0.146913,-0.284899,-0.052010,-0.856210,-0.089691,-0.120415,0.156107,-0.146044,-0.382755,-0.465838,-0.139662,0.088877,0.602978,-0.247443,0.235773,-0.700243,0.171659,0.416737,1.271645,0.359561,-0.261490,0.152171,0.049724,-0.183489,0.846339,0.046279,0.113979,1.089446,-0.212177,0.691877,1.087268,-0.223536,0.763655,1.064132,-0.016063,0.764077,-0.659835,-0.113082,0.519967,-0.633280,-0.153220,0.797814,-1.113867,-0.294300,0.023366,-0.472419,0.045646,0.371798,-0.643437,-0.225650,0.415761,-0.278814,-0.169615,0.788165,-0.335177,0.037220,1.138030,-0.015298,-0.089907,0.912646,0.212969,0.055445,0.979409,0.158419,-0.076660,0.507014,-0.920429,0.089251,0.736784,0.208630,0.087234,0.938730,0.355484,-0.028977,0.644260,-0.660641,0.030822,0.995834,0.139851,0.111694,0.791664,0.536456,0.101501,0.688371,0.173264,0.138876,0.209211,0.495338,-0.009251,0.866539,-0.064509,0.101628,1.354386,0.394630,-0.025431,1.398373,-0.711055,0.012588,1.390651,0.659502,-0.073819,0.362735,-0.404325,0.112257,0.708449,0.420024,-0.046365,1.366562,-0.395889,-0.052153,0.833951,0.126249,0.083361,0.434382,-1.278749,-0.006870,0.777830,0.203458,0.056584,0.902265,0.173401,0.025363,0.634130,0.629736,0.124544,-0.150004,-0.311254,0.180539,0.217561,0.321289,0.054421,0.326110,0.989434,0.054945,0.168017,-0.414037,-0.058189,0.479953,0.429650,-0.093064,0.514741,1.240632,-0.242555,0.049294,-0.224822,-0.129996,0.057924,0.822780,-0.054611,-0.104492,1.068595,-0.005560,-0.224172,0.978334,0.041047,-0.182283,0.802977,0.364250,-0.148291,0.121201,-0.000017,-0.221047,1.323705,-0.011893,0.321050,-0.043554,0.024949,0.246324,0.041046,-0.080429,0.130799,-0.801187,0.106139,0.093177,0.342970,0.101051,-0.142982,-0.329058,0.020692,0.138099,0.513366,0.014788,-0.045153,0.192137,0.097139,0.509781,-0.823037,0.075501,1.312698,0.220453
-0.420960,1.047366,-0.366917,-0.324950,0.632331,-0.493727,0.368221,0.707853,-0.160715,-0.143912,0.468740,-0.153362,-0.177297,0.531453,1.061789,0.293871,-0.735483,-0.259764,0.004314,-0.015852,-0.725530,-1.336171,0.263623,-0.470150,0.479276,0.421923,3.167420,-0.133717,0.173866,2.737530,-0.663942,-0.663956,-0.651622,-0.000000,-0.000000,-0.000000,-0.083417,0.350439,2.859214,-0.717797,-0.717800,-0.711982,-0.000000,-0.000000,-0.000000,-0.591437,0.835111,0.091903,-0.251282,-0.849980,-1.026604,0.598917,-0.011499,0.228942,-0.627265,-0.195688,0.389898,-0.000000,-0.000000,-0.000000,-0.000000,-0.000000,-0.000000,-0.000000,-0.000000,-0.000000,-0.000000,-0.000000,-0.000000,-0.000000,-0.000000,-0.000000,-0.000000,-0.000000,-0.000000,-0.854671,-0.653351,-1.139218,0.036000,0.167604,0.730132,-0.312577,-1.210307,-0.920929,-0.803765,-1.428992,-0.793229,-0.738920,-0.999592,0.282871,-0.537328,-2.024502,0.255682,-0.504994,0.704525,0.365837,-0.135521,0.475896,-0.504981,-0.721504,-0.831568,-0.043091,-0.311043,-1.578097,1.442829,-0.071871,-0.506319,0.003933,0.258884,0.436230,-1.371304,-1.178863,-0.610842,0.676395,-0.439254,-1.568498,0.119000,0.782576,-1.148919,-0.669933,-0.368205,-0.479474,-0.159106,-0.783235,-1.461284,-0.321535,-0.543930,-1.748216,0.569200,-0.124699,-1.394371,0.909677,0.706036,-1.313521,-0.923023,0.892976,-0.034006,0.736451,0.036513,0.713743,0.379713,0.608633,1.117138,0.967269,0.679381,1.295780,-0.368549,0.626168,1.317847,0.725893,0.222434,1.055858,0.766558,0.692837,0.476881,-1.899369,0.585077,0.641853,0.111975,-0.351350,0.965799,-1.032895,-0.838549,0.958268,-1.312467,0.486167,0.149614,-1.729604,0.175579,0.186227,-0.666855,-0.271712,0.883319,1.137168,-0.734676,1.245881,0.111347,-0.314610,-0.146498,0.229009,-0.327736,-0.301361,-0.342471,-0.331075,0.407011,0.711488,-0.334845,0.829830,0.372704,-0.876728,-0.339860,1.087030,-1.173725,-1.018059,0.065157,-1.237391,-1.569431,0.942696,-1.121891,-1.569881,1.061263,0.044243,1.376170,0.608858,0.011484,0.482106,1.123693,-0.200086,0.070118,-0.078333,0.031258,0.083449,0.326345,-0.016901,-0.055012,-0.165251,-0.307181,-0.235651,0.084351,-0.026355,-0.158881,-0.372073,-0.165618,-0.035262,0.234513,-0.261818,-0.301955,-1.046527,-0.170927,-0.133275,-1.102897,-0.223831,-0.133175,-0.454101,0.077282,-0.044815,-0.540032,-0.052068,0.228539,0.544454,0.097836,-0.246708,0.879857,-0.172144,0.123642,1.020767,-0.158037,-0.384052,0.140556,-0.188891,0.575447,0.090658,-0.178985,0.897340,0.888382,-0.243252,0.901271,-0.899639,-0.150180,0.774438,-0.394616,-0.235550,0.942258,-1.221995,-0.423808,0.172250,-0.164837,0.272908,0.608605,0.533163,0.226580,0.738380,-0.298069,0.238770,1.007677,0.068988,0.143563,1.517755,1.557932,-0.241144,1.117717,-1.355504,0.102938,0.987025,0.815724,-0.030556,0.890584,-0.002554,-0.080364,0.514169,0.265085,-0.081474,0.668988,0.916664,-0.166295,0.748956,0.048266,-0.121099,0.578507,0.736650,-0.060589,0.309422,1.001364,-0.092680,0.336273,0.960856,-0.069259,0.325275,0.315492,-0.030134,0.796887,0.010462,0.049618,1.352767,0.572676,-0.112222,1.396812,-0.808219,-0.110695,1.304047,0.821834,-0.164533,0.288272,-0.676857,0.059733,0.629639,0.342150,0.174464,0.604036,0.345873,-0.100138,0.851449,-0.226948,-0.002565,0.465489,-0.258404,-0.119006,0.765907,0.254956,-0.033851,0.823571,1.295017,-0.250014,0.558202,0.214568,-0.245840,0.083659,-0.594346,0.272281,0.186517,0.142901,-0.095255,0.333599,0.578554,-0.111546,0.508156,0.186762,-0.036907,0.038960,0.344165,-0.310896,0.481180,0.529548,0.148431,-0.003642,-1.161885,-0.339778,-0.260261,1.094215,-0.035727,-0.377569,0.758751,-0.177518,-0.281394,0.279851,-0.110821,-0.448757,0.627876,0.223146,-0.432887,0.400615,-0.114870,-0.268114,0.028228,-0.167816,0.272085,0.765203,-0.143261,0.195382,0.969952,-0.058628,0.423784,0.599971,0.085126,-0.249502,0.814644,-0.083166,0.088580,0.834374,-0.147007,0.098308,1.364132,-0.134752,-0.081955,1.078447,0.026080,0.488526,-0.757025,0.007540,1.311039,1.708283
-0.421998,1.051484,-0.363508,-0.338580,0.647212,-0.196166,-1.036074,0.725013,0.171489,-0.140694,0.470339,-0.123896,-0.175960,0.527366,1.506574,0.286805,-0.739760,-0.180783,0.000991,-0.028391,-0.509543,0.132434,-1.391750,-0.340204,0.510320,1.036011,0.208375,-0.185380,1.871316,-0.332702,-0.663942,-0.663956,-0.651622,-0.000000,-0.000000,-0.000000,1.010334,0.989472,1.155141,-0.717797,-0.717800,-0.711982,-0.000000,-0.000000,-0.000000,-0.593800,0.839814,0.035011,-0.252170,-0.852916,-1.108459,0.592119,-0.040170,0.021116,-0.631151,-0.239264,0.174760,-0.000000,-0.000000,-0.000000,-0.000000,-0.000000,-0.000000,-0.000000,-0.000000,-0.000000,-0.000000,-0.000000,-0.000000,-0.000000,-0.000000,-0.000000,-0.000000,-0.000000,-0.000000,-0.416606,-1.169927,1.416422,-0.466588,-1.063208,0.129983,-0.396521,-0.240797,-0.117108,-0.099446,-0.571077,0.328223,-0.428804,-0.832831,-0.748812,-0.268255,-0.621112,1.132299,-0.578955,0.186409,0.969016,-0.668482,0.601963,0.379444,-0.819548,-0.055813,0.946401,-0.834678,0.411069,0.320468,-0.641661,1.004434,1.191512,-0.406821,-0.156863,-0.429621,-0.265449,0.288610,-0.573194,-0.525959,0.256590,-1.036610,-0.980463,0.435419,-1.272725,0.072123,0.867778,-0.675936,0.207141,0.222761,-1.501288,-0.193656,0.128840,-0.797709,-1.421331,0.471320,-1.184975,-0.213457,0.651342,-0.351054,-0.611564,1.098524,-0.982476,0.097194,0.592672,0.669401,0.642588,0.955975,1.131388,0.728089,1.076226,-0.248003,0.642034,1.097703,0.989586,0.263060,0.790730,0.875300,0.127142,0.318564,-2.295614,0.442194,0.321836,0.168512,-0.324864,0.725444,-1.077528,-0.816088,0.873782,-1.207871,-0.350853,0.018888,-1.964207,0.013654,-0.045955,-0.780331,-0.247473,0.633692,0.601765,-0.563631,1.086845,0.293704,-0.823705,-0.182027,-0.317755,-0.414544,-0.411368,-0.268782,-0.205305,0.230039,1.108691,-0.096465,0.674482,0.512650,-1.056373,-0.322642,1.011575,-1.228491,-0.824162,0.483020,-1.056108,-1.277062,0.541538,-0.767959,-1.325172,0.340310,0.037244,1.364068,0.254406,-0.301948,0.469947,0.919231,-0.207574,0.062590,-0.015116,0.024985,0.078782,0.167137,-0.022305,-0.058077,-0.269286,-0.312919,-0.237329,0.050629,-0.031641,-0.159852,-0.337632,-0.170366,-0.036268,0.187257,-0.266227,-0.302623,-0.972739,-0.174606,-0.134100,-1.088158,-0.227551,-0.134781,-0.359034,-0.161434,-0.047579,-0.623092,-0.056427,0.224246,0.553535,0.093237,-0.253345,0.795986,-0.175991,0.114803,1.032586,-0.161512,-0.397811,0.187252,-0.192245,0.560717,0.189152,-0.185619,0.888561,0.797934,-0.248711,0.895368,-1.000564,-0.386132,0.764704,-0.232546,-0.240554,0.495827,-1.149805,-0.429122,0.165017,0.013929,0.268666,0.596851,0.461913,0.221964,0.726379,-0.282862,0.234529,0.999526,0.023316,0.139553,1.503630,1.487156,-0.244648,1.106638,-1.280603,0.098535,0.977321,0.764901,-0.034831,0.885276,-0.209296,-0.084585,0.505993,0.383303,-0.085672,0.663387,0.717993,-0.171035,0.745187,0.009195,-0.125620,0.573647,0.715468,-0.065001,0.303805,0.966994,-0.096737,0.332087,0.850777,-0.073193,0.321621,0.442649,-0.035723,0.787660,-0.003958,0.044349,1.341396,0.643278,-0.117528,1.385852,-0.771609,-0.115878,1.293091,0.884720,-0.170046,0.280449,-0.585661,0.054411,0.622202,0.493900,0.170197,1.296286,0.226678,-0.104446,0.845004,-0.169707,-0.006510,0.458754,-0.431203,-0.349222,0.755441,0.326037,-0.037876,0.813146,1.055603,-0.254119,0.548144,0.438695,-0.251402,0.081527,-0.428377,0.043926,0.182727,-0.022479,-0.099622,0.330237,0.582297,-0.115811,0.505688,0.126078,-0.040793,0.035292,0.773468,-0.314954,0.477082,0.530587,0.144440,-0.005653,-1.236237,-0.343686,-0.262078,1.038796,-0.039811,-0.379112,0.827181,-0.181922,-0.490346,0.308092,-0.115252,-0.450263,0.651961,0.218276,-0.434512,0.167752,-0.119698,-0.270039,0.146909,-0.172365,0.269231,0.682779,-0.147570,0.192412,0.910963,-0.062609,0.421039,0.468808,0.080758,-0.251611,0.824192,-0.087015,0.086410,0.731998,-0.151302,-0.164173,1.263355,-0.139115,-0.084101,0.980241,0.020883,0.481582,-0.622406,0.003261,1.299394,1.547115
-0.421844,1.052313,-0.370932,-0.340960,0.645524,-0.130258,-1.038312,0.726700,0.208464,-0.140584,0.471138,-0.113943,-0.176068,0.527366,1.514303,0.284799,-0.743141,-0.158363,0.000991,-0.036750,-0.578479,0.134499,-1.398378,-0.263024,0.503363,1.036011,0.198504,-0.203668,1.872403,-0.390011,-0.663942,-0.663956,-0.651622,-0.000000,-0.000000,-0.000000,1.005839,0.988232,1.067277,-0.717797,-0.717800,-0.711982,-0.000000,-0.000000,-0.000000,-0.594395,0.840258,0.036404,-0.252170,-0.853324,-1.102306,0.592962,-0.038121,0.042885,-0.630705,-0.240253,0.187822,-0.000000,-0.000000,-0.000000,-0.000000,-0.000000,-0.000000,-0.000000,-0.000000,-0.000000,-0.000000,-0.000000,-0.000000,-0.000000,-0.000000,-0.000000,-0.000000,-0.000000,-0.000000,-0.412981,-1.179079,1.264153,-0.463861,-1.073025,0.105878,-0.394190,-0.246825,-0.108041,-0.097160,-0.576410,0.348952,-0.426529,-0.840085,-0.758691,0.074968,-0.625811,1.068091,-0.576901,0.181915,0.844477,-0.665918,0.596543,0.193145,-0.816797,-0.060607,0.939768,-0.831838,0.402012,0.258032,-0.638570,0.994381,1.190566,-0.403205,-0.162007,-0.471400,-0.262123,0.277494,-0.617473,-0.523286,0.248280,-1.125641,-0.977270,0.428189,-1.241472,-0.481644,0.863307,-0.639627,0.210773,0.211554,-1.452309,-0.190757,0.125561,-0.914081,-1.417478,0.467089,-1.138443,-0.208465,0.642375,-0.429953,-0.607606,1.094766,-1.051206,0.097065,0.592522,0.666287,0.642467,0.955823,1.130386,0.727998,1.076127,-0.260782,0.641944,1.097603,0.996055,0.289193,0.790647,0.865275,0.127016,0.318454,-2.295988,0.484101,0.321735,0.153927,-0.324998,0.725363,-1.115713,-0.816226,0.873707,-1.281544,-0.351028,0.018783,-1.970523,0.013500,-0.046066,-0.794980,-0.247622,0.633586,0.607987,-0.563712,1.086738,0.294681,-0.823826,-0.182126,-0.336470,-0.414669,-0.411474,-0.274725,-0.205412,0.229936,1.085513,-0.096562,0.674379,0.509691,-1.056490,-0.322726,1.001374,-1.228560,-0.843269,0.503528,-1.056203,-1.277152,0.524244,-0.768052,-1.325235,0.353545,0.037000,1.364068,0.225237,-0.302218,0.469947,0.878354,-0.208096,0.062590,-0.034124,0.024757,0.078782,0.158588,-0.022703,-0.058077,-0.278423,-0.313135,-0.237329,0.057565,-0.031856,-0.159852,-0.355030,-0.170769,-0.036268,0.184340,-0.266618,-0.302803,-0.987791,-0.174955,-0.134298,-1.071586,-0.227914,-0.134781,-0.332894,-0.162064,-0.048071,-0.624783,-0.057199,0.224246,0.530497,0.092434,-0.253345,0.759001,-0.176672,0.114803,0.988154,-0.162131,-0.397811,0.163712,-0.192868,0.561784,0.193892,-0.185851,0.889134,0.696002,-0.249130,0.895368,-0.534400,-0.386539,0.764704,-0.008656,-0.240978,0.496231,-1.169939,-0.429573,0.165507,-0.009157,0.268059,0.597597,0.457700,0.221517,0.727140,-0.270199,0.233856,0.999994,0.022490,0.138882,1.504526,1.543426,-0.245225,1.107343,-1.370369,0.098135,0.977321,0.751820,-0.035219,0.885674,-0.221488,-0.084968,0.505993,0.377968,-0.086053,0.663387,0.712470,-0.171656,0.745187,0.012382,-0.126019,0.573647,0.719151,-0.065393,0.303805,0.967598,-0.097311,0.332087,0.851983,-0.073756,0.321621,0.451835,-0.036161,0.787660,0.025465,0.043938,1.342189,0.660353,-0.117961,1.386617,-0.785898,-0.116308,1.293885,0.852890,-0.170513,0.280449,-0.578800,0.053996,0.622202,0.486404,0.169544,1.296286,0.218681,-0.105094,0.845004,-0.172642,-0.007136,0.459260,-0.404214,-0.349839,0.756230,0.353171,-0.038515,0.813146,1.067984,-0.254736,0.548144,0.445903,-0.251874,0.081527,-0.427188,0.043515,0.182727,-0.020116,-0.100009,0.330237,0.583473,-0.116189,0.505360,0.130949,-0.041343,0.035292,0.775974,-0.315339,0.477082,0.533887,0.144054,-0.005653,-1.235756,-0.344058,-0.262078,1.044939,-0.040173,-0.379112,0.829855,-0.182313,-0.490346,0.309761,-0.115644,-0.450263,0.653546,0.217638,-0.434512,0.172971,-0.120099,-0.270273,0.145717,-0.172768,0.269231,0.679806,-0.147952,0.192412,0.911340,-0.063172,0.421039,0.470895,0.080131,-0.251611,0.825863,-0.087559,0.086410,0.733841,-0.151683,-0.164173,1.263575,-0.139502,-0.084101,0.977859,0.020459,0.482086,-0.606547,0.002835,1.300206,1.561739
-0.422882,1.047793,-0.360416,-1.124075,0.629786,0.438778,-1.074709,0.706574,0.191385,-0.123276,0.876808,0.580798,-0.176815,0.427297,1.871189,0.294890,0.830105,-1.356988,0.019955,0.030073,-1.146813,0.141040,-1.385122,-0.215601,0.440876,0.424252,1.099216,-0.211624,0.174953,0.111005,-0.663942,-0.663956,-0.651622,-0.000000,-0.000000,-0.000000,-1.198794,0.338058,0.581189,-0.717797,-0.717800,-0.711982,-0.000000,-0.000000,-0.000000,-0.595278,0.829127,0.122526,-0.253052,-0.852482,-1.084538,0.589148,-0.047944,0.187330,-0.638451,-0.218990,0.383693,-0.000000,-0.000000,-0.000000,-0.000000,-0.000000,-0.000000,-0.000000,-0.000000,-0.000000,-0.000000,-0.000000,-0.000000,-0.000000,-0.000000,-0.000000,-0.000000,-0.000000,-0.000000,-0.322857,-0.689959,0.670236,-0.687842,-0.685680,0.020029,-0.120819,-0.096290,-0.001790,-0.130326,-0.683015,0.554106,-0.378168,-1.253227,-1.486864,-0.122193,-0.794825,0.675134,-0.331418,0.368213,0.213369,-0.273409,0.645859,0.077675,-0.783073,-0.133347,0.515162,-0.683166,0.183475,0.589732,-0.378844,0.453707,0.542577,0.029099,0.524695,-0.019293,0.250946,0.908794,-0.225835,-1.212417,0.060311,-1.495952,-0.716891,0.090224,-1.691629,-0.094376,0.908506,-1.406533,-0.374302,0.143969,-1.273177,-0.938165,0.014155,-1.386778,-1.154752,0.137588,-1.246713,-0.509612,0.804605,-1.415069,-0.143229,1.159344,-1.142002,0.301459,0.491079,0.503599,0.768609,0.811753,0.741208,0.836309,0.885414,-0.227802,0.644017,0.829686,1.038195,0.239363,0.541395,1.096385,-0.141137,0.009737,-2.096463,0.139798,0.160014,-0.615305,-0.371872,0.500560,-2.111295,-0.821208,0.891155,-1.279574,-0.289750,-0.291821,-1.930063,0.197960,-0.175003,-0.758021,-0.177130,0.407135,0.236516,-0.338143,0.802708,-1.021825,-0.418183,-0.568316,-1.330648,0.163662,-0.555599,-1.807949,-0.048378,0.120445,-0.334999,0.044408,0.548610,-0.248422,-0.585027,-0.736483,-2.645300,0.228885,-0.584549,-0.148720,0.628593,-0.041418,1.060456,1.038679,0.414225,-0.917381,-0.171023,1.352840,0.826304,-0.226562,0.455589,1.102047,-0.134644,0.053526,-0.743727,-0.161682,0.071223,0.845827,-0.188884,-0.063729,-0.082485,-0.254730,-0.240696,-0.108483,-0.201254,-0.378724,0.340306,-0.335138,-0.038667,-0.008855,-0.213588,-0.304680,-0.915111,-0.320564,-0.136722,-1.480611,-0.382318,-0.137991,-0.957947,0.131438,-0.053637,0.140163,-0.270164,0.216238,0.401277,-0.131985,-0.262274,1.411228,-0.364397,0.103210,0.827717,-0.332558,-0.412640,-0.319325,-0.134975,0.548165,-0.232602,-0.383032,0.881500,0.874153,-0.191391,0.890266,-1.322730,-0.329230,0.756802,-0.508034,-0.183649,0.490662,-1.479198,-0.368679,0.158744,-0.672594,0.100695,0.588080,1.076736,0.038832,0.717394,-0.003417,0.048223,0.993773,0.165981,-0.046155,1.493054,1.729405,-0.191575,1.098321,-1.755584,-0.068411,0.968323,1.487883,0.018286,0.429179,0.352657,-0.032140,0.497155,0.941738,-0.033507,0.656772,1.089919,-0.114750,0.323800,0.521609,-0.072027,0.567795,1.161312,-0.225173,0.297043,1.184273,-0.257876,0.326642,0.753655,-0.228961,-0.086777,0.242210,0.023047,0.778433,0.235168,-0.131051,1.331612,1.008265,0.176023,0.509646,-0.284561,-0.295716,0.419777,1.392990,-0.107346,0.272626,-0.724051,-0.122728,0.615369,1.150152,-0.008281,0.587569,0.613625,-0.283917,0.329755,-0.557984,0.050289,0.453031,0.413271,-0.293350,0.746522,0.305969,-0.214910,0.802721,1.706038,-0.425122,0.538085,-0.195273,-0.188049,0.078081,-0.802422,0.099101,0.177689,0.616322,-0.257855,-0.090098,1.055961,-0.270598,0.501658,0.198292,-0.195147,0.030005,1.353928,-0.262189,0.471636,-0.092304,-0.013890,-0.287786,-0.801920,-0.292871,-0.265043,0.783091,-0.194065,-0.381443,1.188584,-0.129335,-0.492605,0.560195,-0.062638,-0.452538,1.127649,0.041586,-0.437164,0.907609,-0.064784,-0.273156,0.233755,-0.118346,0.265424,0.313573,-0.303955,0.188452,0.843852,-0.220728,0.081259,0.604490,-0.092560,-0.254767,1.128463,-0.239885,0.083517,0.867810,-0.100018,-0.167008,1.153845,-0.297204,-0.086961,0.785828,0.077757,0.475665,0.436010,-0.174769,1.289373,2.042339
-0.422738,1.041213,-0.346702,-1.123756,0.625527,0.891469,-1.082826,0.691920,0.221380,-0.117840,0.877607,0.747566,0.093803,0.422819,1.606570,0.309054,0.820318,-0.563809,0.010923,0.009226,-1.399066,0.135985,-1.395064,-0.375012,0.501319,-0.178222,-0.066220,-0.198890,0.165183,-0.115017,-0.663942,-0.663956,-0.651622,-0.000000,-0.000000,-0.000000,-0.073356,-0.299735,0.191472,-0.717797,-0.717800,-0.711982,-0.000000,-0.000000,-0.000000,-0.598524,0.825705,0.153676,-0.252938,-0.857102,-1.011947,0.585322,-0.058593,0.214537,-0.640184,-0.217940,0.415860,-0.000000,-0.000000,-0.000000,-0.000000,-0.000000,-0.000000,-0.000000,-0.000000,-0.000000,-0.000000,-0.000000,-0.000000,-0.000000,-0.000000,-0.000000,-0.000000,-0.000000,-0.000000,-0.327321,-0.694534,1.046521,-0.280634,-0.690529,0.007235,-0.122847,-0.108344,-0.149327,-0.131757,-0.693682,0.045285,-0.379314,-0.289288,-1.202295,-0.124418,-0.804163,0.577664,-0.333220,-0.258975,0.186457,-0.275328,0.629398,0.110679,-0.784459,-0.143053,0.443949,-0.686005,-0.444630,0.737823,-0.381580,0.443592,0.629597,0.026704,0.509072,0.041219,-0.253955,0.892018,-0.480187,-1.215399,0.056131,-1.576323,-0.720498,0.082949,-2.260621,-0.097219,0.899456,-1.617140,-0.376708,0.127056,-0.870895,-0.941400,-0.437904,-1.353224,-1.158578,0.129021,-1.293500,-0.514064,0.182695,-1.814321,-0.818521,1.151736,-1.678050,0.095516,0.352475,0.119757,0.469671,0.553588,0.236620,0.727907,0.592194,-1.266883,0.536424,0.406763,-1.494589,0.139954,0.377302,-0.717389,-0.171061,-0.075741,-1.061663,-0.232888,-0.170279,-1.981908,-0.275691,0.203438,-1.846247,-0.390229,0.351990,-2.192368,-0.499676,-0.372564,-1.709461,-0.085379,-0.606440,-0.710156,-0.053437,0.015896,0.080023,-0.125190,0.486782,0.735932,-0.766021,-0.482150,-1.315218,0.013850,-0.876522,-2.655652,0.333552,-0.237429,-0.456998,0.347800,0.315991,-0.337236,-0.575442,-0.472833,-1.461007,0.236463,-0.493027,0.537203,0.726935,0.011595,0.975644,1.254001,0.474222,0.587929,-0.173017,0.307729,0.722446,-0.228776,0.441231,1.205215,-0.136774,0.044431,-0.811707,-0.163478,0.065418,0.857195,-0.190292,-0.067219,-0.141887,-0.256216,-0.242945,-0.113734,-0.202281,-0.380093,0.274694,-0.336128,-0.039851,0.042233,-0.214370,-0.305875,-1.248880,-0.320914,-0.137942,-1.432076,-0.382318,-0.139835,-1.073887,0.131646,-0.057348,0.069509,-0.269653,0.210665,0.277823,-0.131435,-0.270419,1.243919,-0.364157,0.093357,0.655357,-0.332148,-0.427468,-0.345918,-0.134566,0.532410,-0.235116,-0.122573,0.223738,0.652903,-0.192860,0.449188,-1.741395,-0.330477,0.747042,-0.499470,-0.184700,0.484299,-1.487237,-0.369580,0.151530,-0.430348,0.100080,0.576327,0.948648,0.038617,0.704692,0.023253,0.048005,0.455542,0.032983,-0.046155,1.478105,1.666580,0.023610,0.320943,-1.883281,-0.069006,0.957915,1.225389,-0.197468,0.423474,0.238407,-0.032726,0.488344,1.170742,-0.034090,0.650157,1.002972,-0.115564,0.319296,0.301556,-0.072826,0.561923,1.090411,-0.225760,0.290258,1.147323,-0.258253,0.322048,0.570273,-0.229532,-0.091173,0.484088,0.021759,0.768425,0.009929,-0.132319,0.420159,1.060945,0.174967,0.497890,-0.212301,-0.296788,0.408789,1.580399,-0.108505,0.264216,-0.584994,-0.124009,-0.024914,1.358057,-0.008699,0.578704,0.292087,-0.284145,0.322879,-0.474015,0.050289,0.445867,0.508172,-0.293350,0.735328,0.454264,-0.214910,0.791414,1.497465,-0.425339,0.527175,-0.098308,-0.188984,-0.216953,-0.844697,0.098279,0.173506,0.625839,-0.258628,-0.093858,1.383370,-0.271165,0.155939,0.226221,-0.195509,0.025941,1.612918,-0.476339,-0.035093,0.189758,-0.014076,-0.290063,-0.768168,-0.293242,-0.267101,0.869430,-0.194630,-0.383176,1.190612,-0.130116,-0.494284,0.493497,-0.276587,-0.454228,1.080502,0.040724,-0.439004,0.867475,-0.065594,-0.275325,0.456704,-0.118949,0.262287,0.181204,-0.304528,0.185188,0.778212,-0.221098,0.078217,0.461858,-0.092966,-0.257400,1.139483,-0.240243,-0.184540,0.689652,-0.307782,-0.169345,1.079074,-0.297976,-0.089320,0.690670,0.076706,-0.078858,0.497571,-0.174978,0.355876,1.930566
-0.421258,-0.958135,-0.193326,-0.349676,0.583404,0.569668,-1.054272,0.651284,0.372762,-0.106857,0.876008,0.696814,-0.169915,-0.184581,0.657473,0.308036,-0.745270,-0.142101,0.008518,0.034253,-0.344123,0.145190,-1.385122,-0.383394,0.460076,-0.177058,1.608605,-0.229888,0.163009,1.031195,-0.663942,-0.663956,-0.651622,-0.000000,-0.000000,-0.000000,-0.082777,-0.297256,1.300454,-0.717797,-0.717800,-0.711982,-0.000000,-0.000000,-0.000000,-0.597334,-1.244162,0.222247,-0.250952,-0.866701,-0.971435,0.591263,-0.043045,0.137953,-0.639737,-0.205825,0.403937,-0.000000,-0.000000,-0.000000,-0.000000,-0.000000,-0.000000,-0.000000,-0.000000,-0.000000,-0.000000,-0.000000,-0.000000,-0.000000,-0.000000,-0.000000,-0.000000,-0.000000,-0.000000,-0.400057,-1.197383,0.919690,-0.458131,-1.087750,0.579854,-0.391576,-0.252852,0.856755,-0.097457,-0.576410,0.524626,-0.429672,0.167203,-0.589251,-0.261066,-0.625811,0.852665,-0.221520,-0.431681,-0.057493,-0.666251,-0.138045,-0.134106,-0.819884,-0.041253,0.567538,-0.824299,-0.217036,0.370431,-0.633787,0.317274,1.084832,-0.401617,-0.141240,0.088371,-0.264702,1.076355,-0.865067,-0.925497,0.252460,-1.194717,-0.420609,-0.062412,-0.660481,-0.478405,0.876828,-0.527863,-0.343329,0.239674,-0.576640,-0.182355,0.128840,-0.621741,-1.409382,0.475603,-0.340279,-0.962191,0.655853,-0.650858,-0.603164,1.106132,-1.053288,0.086514,-0.020226,-0.410245,-0.115660,-0.274430,-1.127837,-0.349073,-0.156511,-1.941391,-0.388915,-0.475376,-1.904564,-0.183031,-0.128090,-1.485066,-1.306302,-0.608281,0.348301,-0.879020,-0.787421,0.360385,-0.239344,-0.390698,-0.179438,0.026629,-0.135573,0.287881,-1.630782,-0.438842,0.355832,-0.833347,-0.641737,0.704792,0.092803,-0.403439,1.050525,0.412571,-0.144857,1.228057,-1.083927,-0.291344,0.458980,-0.152396,-0.324547,0.009289,0.091097,-0.182038,-1.815479,0.220451,-0.054027,-2.285620,-0.282041,-0.141780,0.174811,0.319933,0.018120,0.861027,0.873280,0.098764,1.555578,1.486999,0.226618,1.546751,-0.158764,-0.522973,1.155566,-0.210820,-0.314076,0.778928,-0.412714,-0.324045,-0.826330,-0.135913,-0.104040,0.970648,-0.154284,-0.111636,0.716479,-0.433747,-0.227501,-0.493175,-0.113705,-0.343516,-0.238109,-0.214087,-0.202024,0.529401,-0.264116,-0.251574,-1.403309,-0.328977,-0.080170,-0.195272,-0.355751,-0.389612,0.111034,-0.276540,-0.558052,-0.101794,-0.167655,-0.564820,-0.262211,-0.008152,0.304176,-0.844930,-0.259224,-0.385563,-0.485302,-0.235238,-0.002510,-0.594789,-0.265888,-0.453936,-0.442494,-0.340130,-0.453417,1.097732,-0.132387,0.404384,0.039830,-0.244807,-0.021229,-1.104692,-0.302251,0.435763,-0.554370,-0.222137,0.112030,-0.790272,0.072658,-0.306376,-0.981143,-0.211122,-0.245254,-1.375511,0.074615,0.369266,0.436689,0.011366,-0.622360,0.440627,-0.340281,1.036664,-1.126861,0.098942,-0.517940,0.596017,-0.034435,0.507827,0.806733,-0.084194,-0.060764,-0.287900,-0.085283,-0.264263,0.954758,-0.198049,0.129517,0.557493,-0.138191,-0.219564,0.697251,-0.062889,0.015359,0.596523,-0.082052,0.114212,1.181296,-0.046637,0.122360,0.246648,0.101194,-0.698774,-0.323375,-0.037135,-0.403566,0.591832,-0.178802,-0.296083,-0.541870,-0.156673,-0.331871,0.296522,-0.238025,0.373541,-1.260860,-0.027881,0.079018,-0.487430,0.212984,-0.028039,0.568593,-0.283479,0.357407,1.344436,-0.155252,1.010871,0.020278,-0.252225,-0.008737,-0.390438,-0.188169,0.029249,0.769182,-0.196083,-0.208203,1.043416,-0.308495,0.027014,-0.036675,0.015837,-0.413163,-0.347740,-0.110273,-0.224550,0.414451,-0.113769,0.055968,0.369075,-0.026726,-0.568102,0.469539,-0.285767,-0.167119,0.604306,-0.018252,-0.342753,-1.479666,-0.315579,-0.557269,1.023644,-0.024061,-0.628203,0.366260,-0.179814,-0.522617,-0.169419,-0.126059,-0.482753,-0.036261,-0.045707,-0.471392,-0.254270,-0.157704,-0.325508,-0.414906,-0.183461,0.188646,0.977265,-0.145507,0.108574,1.040797,-0.048199,0.004674,0.764578,0.124257,-0.607452,0.679581,-0.073083,-0.242665,0.931427,-0.149246,-0.224203,1.382590,-0.149757,-0.144668,1.280903,-0.047684,0.534014,0.321442,0.076353,-0.487772,0.691570
-0.420815,-0.961425,-0.172399,-1.120902,0.585534,0.450666,-1.072471,0.709106,0.054696,-0.110185,0.879206,0.893336,-0.452249,-0.288640,1.870185,0.294890,-0.740376,-0.115139,-1.500153,-0.015852,-1.085084,0.141928,-1.381808,-0.765886,-1.571182,-0.173565,0.890723,-0.285528,0.164096,0.888345,-0.663942,-0.663956,-0.651622,-0.000000,-0.000000,-0.000000,-1.199865,-0.294777,0.604954,-0.717797,-0.717800,-0.711982,-0.000000,-0.000000,-0.000000,-0.597046,-1.245860,0.249095,-0.250514,-0.867952,-1.056607,0.584037,-0.034021,-0.084436,-0.644043,-0.187591,0.253057,-0.000000,-0.000000,-0.000000,-0.000000,-0.000000,-0.000000,-0.000000,-0.000000,-0.000000,-0.000000,-0.000000,-0.000000,-0.000000,-0.000000,-0.000000,-0.000000,-0.000000,-0.000000,-0.270741,-1.055641,-0.313929,-0.333769,-0.293367,0.987683,-0.249642,0.638303,-0.320329,-0.722028,-0.571077,-0.344295,-0.251858,-0.890866,-2.234843,-0.501108,-0.635207,0.423843,-0.096466,-0.504358,-0.350839,-0.048618,-0.264112,-1.053437,-1.082392,-0.181821,0.560500,-0.705495,-0.239818,0.818408,-0.481168,0.221302,1.323655,-0.193455,0.431022,-1.056877,-0.553864,0.897610,-0.094687,-0.407685,-0.340608,-0.632050,-0.254481,-0.116884,-0.200076,-0.834890,0.148953,-0.313172,-1.218722,0.076316,0.593838,-0.065381,0.119003,0.096255,-1.818857,0.419972,-0.347188,-1.464484,-0.042634,-1.214272,-1.041282,0.501872,-1.904717,-0.490061,-0.127122,0.693795,-0.675139,-0.461018,-0.425481,-0.566330,-0.635922,-1.591950,-0.201967,-0.558320,-2.232213,-0.568881,0.464947,-1.569129,-1.285657,-0.619503,0.458504,-0.943066,-0.864373,0.436608,-0.048415,-0.710329,0.000827,0.395068,-0.514188,0.333462,-1.265401,-0.392620,-0.231478,-0.463268,-0.678663,0.209749,0.490588,-0.711103,-0.642514,0.785828,-0.583631,0.769951,-0.593212,-0.156545,0.720936,0.267969,-0.404968,0.476252,-0.400986,-0.326829,-1.004020,-0.707704,-0.292863,-0.687629,0.223657,0.008734,-0.177176,0.921006,-0.166525,0.234198,0.495997,-0.008864,0.238340,0.196524,0.185322,0.181845,-0.365537,-0.523883,1.527216,-0.439191,-0.311833,0.661148,-0.037954,-0.320296,-1.114815,-0.321030,-0.098803,1.202657,-0.096298,-0.106853,1.127877,-0.135164,-0.536352,-0.761954,-0.053845,-0.340380,-0.106619,0.065218,-0.198231,0.077236,-0.206491,-0.438743,-0.754028,-0.275526,-0.076541,-1.184633,-0.298716,-0.385338,-0.485386,0.026097,-0.551501,-0.568754,-0.087952,-0.558042,0.007986,0.076207,-0.516524,-0.218994,-0.188434,-0.382049,-0.169339,-0.170970,-0.001395,-0.791794,-0.200227,-0.456029,-0.659750,-0.271404,-0.456948,1.293095,0.162837,-0.036694,-0.398497,0.048666,-0.025489,-1.277629,-0.008371,0.432962,-0.694214,-0.402999,0.109129,-1.388658,0.133771,-0.310791,-0.047616,0.100833,-0.251223,-1.119797,0.143269,0.365444,1.210273,0.080481,-0.629387,0.894669,-0.063086,1.032492,-1.980572,-0.064203,-0.520704,1.459949,0.024112,0.507429,1.644853,-0.026387,-0.817599,0.576693,-0.027785,-0.263230,1.609753,-0.136395,0.131386,1.168183,-0.079495,-0.216668,1.494805,-0.219415,-0.609445,1.098917,-0.239126,0.116697,1.576088,-0.198289,0.124172,0.628068,0.164273,-0.700191,0.435609,-0.209810,-0.406805,0.845121,0.121353,-0.299206,-0.366814,-0.333051,-0.333427,0.354552,0.085780,0.372343,-1.493083,-0.202268,0.714724,-0.136224,0.039452,-0.029301,1.165387,-0.217640,0.356021,1.002433,-0.091394,0.476002,0.480834,-0.189200,-0.010952,-0.334228,-0.122800,-0.867853,1.278683,-0.361972,-0.209748,0.708439,-0.239806,0.029663,-0.771315,0.076266,-0.409389,0.675017,-0.265082,-0.221906,0.663306,-0.265033,0.058449,0.576411,-0.177187,-0.565276,1.217604,-0.227190,-0.163040,-0.456705,0.251642,-0.340230,-0.973323,-0.259166,-0.554767,0.545270,-0.174623,-0.626069,0.598268,-0.122245,-0.520556,-0.139426,-0.068237,-0.480678,0.863602,0.017646,-0.469145,0.859102,-0.097765,-0.323104,-0.356351,-0.124095,0.191810,0.519440,-0.089193,0.111865,0.934611,-0.202329,0.007716,1.175393,-0.044490,-0.605076,0.917897,-0.222097,-0.240261,1.322302,-0.093103,-0.221847,1.203926,-0.092821,-0.142291,1.016435,0.013778,0.532544,1.114035,-0.096555,-0.491090,1.439579
-0.422882,-0.956076,-0.169024,-0.346658,0.561279,0.380895,-1.057630,0.675579,0.283513,-0.101865,0.889587,1.156032,-0.453264,-0.395581,1.062408,0.295908,0.835933,-1.566087,0.002203,0.038432,-1.374891,0.134499,0.260309,-0.840097,-1.560136,0.434715,-0.720293,-0.288706,0.737504,-0.087641,-0.663942,-0.663956,-0.651622,-0.000000,-0.000000,-0.000000,-0.091558,0.343017,-0.735892,-0.717797,-0.717800,-0.711982,-0.000000,-0.000000,-0.000000,-0.597334,-1.244580,0.272572,-0.251066,-0.865884,-1.056818,0.583194,-0.048769,-0.015774,-0.647929,-0.183512,0.233873,-0.000000,-0.000000,-0.000000,-0.000000,-0.000000,-0.000000,-0.000000,-0.000000,-0.000000,-0.000000,-0.000000,-0.000000,-0.000000,-0.000000,-0.000000,-0.000000,-0.000000,-0.000000,-0.326902,-1.393924,-1.219068,-0.690569,-0.773912,-0.709037,-0.123434,-1.023608,-0.364600,-0.520781,-0.778889,-1.693304,-0.380721,-0.405269,0.250631,-0.461194,-0.245672,-0.813884,0.014732,-0.331653,-0.261562,-0.276619,-0.198335,0.559592,-0.786181,0.438748,-0.992755,-0.259496,-1.136523,0.514701,-0.381914,-0.324429,0.548600,0.025507,0.431022,-0.004046,-0.758856,-0.711364,-1.280635,-0.002182,-0.578692,0.413343,-0.720498,0.024796,-0.965357,-0.648142,0.212253,-0.604305,-0.923988,0.036920,0.114373,-0.502572,-0.490288,-0.212412,-0.580226,-0.521414,-0.939049,-0.515143,-0.502315,-0.520115,-0.820002,-0.455851,0.494757,-0.822966,-0.294316,1.245547,-1.024389,-0.651254,0.222014,-0.799134,-0.920733,-1.020054,-0.230972,-0.900065,-2.172107,0.681330,-1.092274,-1.531395,-1.408166,-0.755832,0.795240,-0.858385,-1.011460,-0.846910,-0.260999,-1.051284,-0.585701,0.430881,-0.951010,0.298472,-0.930813,-0.388190,0.321092,-0.068641,-0.767879,0.962092,0.794623,-1.000902,0.875028,1.147519,-0.948763,0.979445,0.127429,-0.170189,0.600222,0.508101,-0.579703,1.068722,-0.401384,-0.563745,-0.836614,-0.757678,-0.421174,-0.245506,0.746767,-0.004453,0.640716,0.891522,-0.200167,0.896122,0.374928,-0.119618,0.241259,0.166284,0.077478,0.164524,-0.157768,-0.524794,1.045721,-0.209438,-0.319595,0.751297,-0.411377,-0.329360,-0.796407,-0.135019,-0.109300,0.702173,-0.153690,-0.116863,0.321681,-0.433323,-0.231439,-0.591583,-0.113705,-0.128751,-1.194482,-0.214674,-0.205397,-0.020145,-0.265273,-0.444886,-0.420299,-0.330375,-0.309579,-0.311793,-0.357793,-0.393625,0.558097,-0.279296,-0.564546,0.085615,-0.171242,-0.572226,-0.009002,-0.012201,-0.529164,-0.883333,-0.262610,-0.391830,-0.393809,-0.238312,-0.007066,-0.436713,-0.269029,-0.456029,-0.454742,-0.339426,-0.452248,1.019663,-0.366086,0.405168,0.154232,-0.244807,-0.019396,-0.992882,-0.302658,0.436556,-0.694770,-0.222795,0.112991,-0.846542,0.071255,-0.304914,-0.958771,-0.213108,-0.243000,-1.320631,0.072158,0.370710,0.443555,0.008690,-0.619707,0.537612,-0.342804,1.038046,-1.188686,-0.125519,-0.517940,0.640300,-0.035409,0.507014,0.740217,-0.085155,-0.062807,-0.385055,-0.086239,-0.266289,0.931252,-0.198871,0.126866,0.734511,-0.139158,-0.222996,0.855680,-0.064047,0.011393,0.705933,-0.083207,0.111268,1.244951,-0.047946,0.120147,0.334276,0.101413,-0.699497,-0.275484,-0.037135,-0.404392,0.611959,-0.179010,-0.296880,-0.551480,-0.157324,-0.332634,0.299820,-0.238474,0.372954,-1.292221,-0.027881,0.078461,-0.478118,0.211277,-0.028683,0.568263,-0.285423,0.357407,1.289000,-0.157538,0.477909,-0.101377,-0.254681,-0.009496,-0.284806,-0.190293,-0.867068,0.825138,-0.197936,-0.208959,1.001371,-0.309194,0.024107,-0.145409,0.015237,-0.416954,-0.133183,-0.111023,-0.227943,0.577169,-0.114888,0.052870,0.310802,-0.027833,-0.571770,0.721617,-0.287120,-0.171217,0.324177,0.191958,-0.345523,-1.119834,-0.109515,-0.559771,0.974878,-0.025358,-0.630329,0.626542,-0.180970,-0.524869,0.020993,-0.126820,-0.485020,0.274332,0.189672,-0.473630,0.017044,-0.158310,-0.328146,-0.223888,-0.184242,-0.166865,0.851026,-0.146638,0.105283,1.009341,-0.049333,0.001632,0.825642,0.122581,-0.610342,0.900678,-0.074179,-0.245069,1.004212,-0.150373,-0.226560,1.371243,-0.150506,-0.147046,1.213409,-0.047887,0.533511,0.194697,0.074214,-0.488618,0.718892
-0.422286,-0.956503,-0.178191,-0.344123,0.557435,0.357865,-1.054836,0.671385,0.342278,-0.102530,0.888788,1.146106,-0.453532,-0.395308,1.109604,0.303993,0.830721,-1.247090,0.004002,0.025893,-1.159833,0.131836,0.260309,-0.898057,-1.566270,0.433551,-0.728823,-0.309371,0.737504,-0.128562,-0.663942,-0.663956,-0.651622,-0.000000,-0.000000,-0.000000,-0.095830,0.339298,-0.925791,-0.717797,-0.717800,-0.711982,-0.000000,-0.000000,-0.000000,-0.596757,-1.244580,0.261239,-0.250952,-0.865450,-1.070713,0.580210,-0.045895,-0.080672,-0.647929,-0.182523,0.230525,-0.000000,-0.000000,-0.000000,-0.000000,-0.000000,-0.000000,-0.000000,-0.000000,-0.000000,-0.000000,-0.000000,-0.000000,-0.000000,-0.000000,-0.000000,-0.000000,-0.000000,-0.000000,-0.332156,-1.384828,-1.247361,-0.694180,-0.769003,-0.713436,-0.126938,-1.017581,-0.355533,-0.523642,-0.773555,-1.746031,-0.383291,-0.398014,0.207355,-0.464161,-0.240974,-0.700472,-0.336809,0.286437,-0.208266,-0.279829,-0.192848,0.694041,-0.789268,0.438748,-0.890745,-0.263582,-0.512919,0.507717,-0.386029,-0.319371,0.602540,-0.522093,0.431022,0.058890,-0.259136,-0.705772,-1.215225,-0.006056,-0.578692,0.499993,-0.725299,0.028433,-0.904892,-0.652593,0.216779,-0.653465,-0.928013,0.042558,0.123419,-0.506773,-0.487009,-0.162838,-0.585329,-0.517130,-0.994609,-0.521248,-0.497804,-0.456716,-0.825441,-0.455851,0.378523,-0.823181,-0.293987,1.233497,-1.024571,-0.650934,0.206996,-0.799247,-0.920451,-1.031633,-0.202237,-0.917998,-2.144061,0.681290,-1.092024,-1.503706,-1.408355,-0.755534,0.788383,-0.858485,-1.032809,-0.817422,-0.261100,-1.051042,-0.571898,0.430852,-0.950817,0.285510,-0.931033,-0.387892,0.303744,-0.068757,-0.767527,0.973754,0.794563,-1.000546,0.853514,1.147519,-0.948459,0.971251,0.127267,-0.169890,0.607497,0.467927,-0.579350,1.064363,-0.401463,-0.563400,-0.803862,-0.757756,-0.420862,-0.232240,0.746650,-0.004145,0.634453,0.891430,-0.199850,0.890051,0.374858,-0.119301,0.240999,0.166215,0.077741,0.182399,-0.156771,-0.524794,1.050702,-0.208617,-0.319595,0.798539,-0.410573,-0.329360,-0.731589,-0.134354,-0.109868,0.745357,-0.153096,-0.117288,0.346176,-0.432692,-0.231713,-0.563331,-0.113100,-0.128751,-1.214087,-0.214087,-0.205607,-0.035315,-0.264695,-0.445067,-0.404337,-0.330025,-0.309793,-0.264946,-0.357422,-0.393885,0.584560,-0.278873,-0.565000,0.087307,-0.170731,-0.572226,0.004675,-0.011662,-0.529164,-0.877892,-0.262159,-0.391830,-0.388338,-0.237903,-0.007066,-0.437481,-0.268816,-0.454961,-0.465788,-0.338481,-0.452248,1.026006,-0.365463,0.405552,0.165767,-0.244188,-0.018801,-0.993711,-0.302039,0.436945,-0.671211,-0.222353,0.113461,-0.836622,0.071649,-0.304198,-0.975497,-0.212670,-0.243000,-1.321641,0.072822,0.371178,0.442071,0.009135,-0.618847,0.527127,-0.342417,1.038722,-1.179696,-0.124924,-0.517940,0.633973,-0.035029,0.507429,0.727750,-0.084780,-0.062807,-0.391255,-0.085866,-0.266289,0.935922,-0.198250,0.126866,0.685820,-0.138575,-0.222996,0.834806,-0.063468,0.011393,0.704357,-0.082830,0.111268,1.247364,-0.047390,0.120147,0.358170,0.102052,-0.698774,-0.284263,-0.036509,-0.403566,0.603687,-0.178586,-0.296083,-0.545460,-0.156673,-0.332634,0.301297,-0.237792,0.372954,-1.281998,-0.027249,0.078461,-0.480389,0.211913,-0.028039,0.550390,-0.284784,0.357857,1.285480,-0.156920,0.477909,-0.114091,-0.254273,-0.008737,-0.293854,-0.189870,-0.866252,0.805023,-0.197527,-0.208959,0.986473,-0.308495,0.024107,-0.146598,0.015837,-0.417364,-0.137035,-0.110652,-0.228309,0.575814,-0.114329,0.052870,0.315451,-0.027472,-0.571770,0.722911,-0.286735,-0.171660,0.330745,0.192523,-0.345523,-1.134055,-0.108962,-0.559771,0.970853,-0.024807,-0.630518,0.615023,-0.180392,-0.524869,0.010779,-0.126443,-0.485020,0.256020,0.190310,-0.473829,0.005645,-0.157704,-0.328146,-0.228743,-0.183855,-0.166865,0.855410,-0.146073,0.104962,1.007838,-0.048962,0.001632,0.821159,0.122995,-0.610342,0.887097,-0.073821,-0.245069,0.997478,-0.149809,-0.226790,1.370563,-0.150135,-0.147278,1.214818,-0.047268,0.534014,0.185370,0.074640,-0.487772,0.691676
-0.423920,-0.951153,-0.200822,-0.345555,0.583404,0.429486,-1.039432,0.667191,0.429630,-0.110962,0.882403,0.867230,-0.464285,-0.496779,0.586857,0.318651,0.830423,-0.976592,0.007618,2.151294,-0.832478,0.129172,0.273565,-0.857760,0.464166,2.257229,0.487633,-0.254531,1.872403,0.489444,-0.663942,-0.663956,-0.651622,-0.000000,-0.000000,-0.000000,-0.080634,2.286102,1.643077,-0.717797,-0.717800,-0.711982,-0.000000,-0.000000,-0.000000,-0.596757,0.819277,0.126014,-0.252608,-0.857919,-1.098227,0.575968,-0.054919,-0.044021,-0.650503,-0.154153,0.242609,-0.000000,-0.000000,-0.000000,-0.000000,-0.000000,-0.000000,-0.000000,-0.000000,-0.000000,-0.000000,-0.000000,-0.000000,-0.000000,-0.000000,-0.000000,-0.000000,-0.000000,-0.000000,-0.427113,-0.159655,-0.329612,-0.476242,0.020471,-0.737656,-0.407603,-0.553922,-0.595879,-0.111449,0.622460,-0.387119,-0.050705,-1.202447,0.811290,-0.275944,-0.217484,-0.710737,-0.235641,-0.667965,-0.204283,-0.241017,-0.423101,0.515351,-0.362316,0.370861,-0.969464,0.020872,-1.077347,-0.901217,-0.182404,-0.642690,-0.478056,-0.422433,-0.416987,0.811576,-0.281763,-0.761693,-0.201699,-0.124639,-0.532706,0.091285,-0.444568,-0.251333,-0.729609,0.056719,-1.225452,-0.055056,-0.915938,-0.058853,-0.115267,-0.203025,-0.490288,-0.824181,0.324867,-0.923626,-0.727043,-0.232782,-0.817753,0.317585,-0.630390,-0.661091,1.135091,-0.943596,-0.320898,0.864678,-1.302254,-0.756284,0.792993,-1.442689,-1.126270,0.757449,-1.244342,-1.107246,-0.052513,-0.733862,-0.903901,-1.427006,-1.174009,-0.723363,0.589880,-0.525434,-1.236431,0.086928,-0.056577,-1.316374,1.018217,0.388765,-1.244881,0.753271,-0.492734,-0.433520,0.643018,0.464871,-1.013480,0.820595,1.014830,-1.236534,1.209186,1.245567,-1.189663,1.015313,0.581869,-0.195386,0.365995,0.580357,-0.701048,0.526727,-0.441944,-0.726506,-0.756830,-0.836777,-0.523520,0.037470,1.001595,-0.065053,0.629572,0.973774,-0.304066,0.434208,0.489761,-0.242845,0.112714,0.190183,-0.008747,0.077763,-0.167768,0.223817,1.022414,-0.220483,-0.652605,1.122099,-0.422061,-0.551361,-0.536328,-0.143317,-0.275227,0.622277,-0.160485,-0.237464,-0.331917,-0.439700,-0.307185,0.035123,-0.118386,-0.398270,-0.617039,-0.217644,-0.257017,-0.329289,-0.266227,-0.488958,0.536890,-0.329505,-0.588234,-0.459780,-0.355381,-0.464258,0.505255,-0.275045,-0.171837,-0.341321,-0.165100,-0.743755,0.842675,-0.004896,-0.741933,-0.247059,-0.256279,-0.654439,0.129477,-0.232564,-0.355511,0.138565,-0.263156,0.385496,0.057305,-0.347478,0.011498,0.974783,-0.138265,0.277011,-0.824643,-0.249802,-0.219074,-0.908099,-0.074028,0.750475,-1.083701,-0.225668,-0.043107,-0.888074,0.071255,-0.543184,-0.390589,0.033340,-0.489258,-0.914582,0.074842,0.213018,0.069683,0.012700,0.072812,0.947356,-0.121790,0.813577,-1.041680,-0.126734,0.034582,0.573656,-0.036589,0.379854,-0.091974,-0.086320,-0.271889,0.061445,-0.087398,0.146209,0.739800,-0.201136,0.015797,-0.141191,-0.140739,0.177270,0.683622,-0.065001,-0.154230,0.946457,-0.083592,-0.011673,0.632805,-0.047756,0.012133,0.191071,-0.144222,-0.130076,-0.041683,-0.041976,0.243911,0.592806,-0.182844,0.328008,-0.543595,-0.160135,0.292523,0.686634,-0.242613,0.184888,-0.757995,-0.032770,-0.100331,0.138015,-0.026461,0.478637,0.062748,-0.283917,0.724388,0.581788,-0.155041,0.325290,-0.874480,-0.251417,-0.245059,-0.086611,-0.187745,-0.223728,0.585502,-0.196501,-0.452288,0.767471,-0.312914,-0.345025,-0.355627,0.012811,-0.068627,0.189767,-0.112545,-0.336106,1.227304,-0.115811,-0.035654,0.183621,-0.028202,-0.235945,1.335218,-0.286924,-0.300493,0.827543,-0.018639,-0.416372,-0.897956,-0.316692,-0.369363,1.177106,-0.232030,-0.468540,0.991775,-0.181922,-0.577023,0.798543,-0.128365,-0.537528,0.829034,0.187345,-0.530471,0.441262,-0.160929,-0.395624,0.372236,-0.185828,0.096065,0.237989,-0.147570,0.012254,0.755257,-0.049711,-0.084376,0.192783,0.123410,-0.391263,1.007634,-0.074545,-0.313046,0.459373,-0.151302,-0.293171,1.107604,-0.152027,-0.214253,0.643821,-0.052059,0.377726,-0.361091,-0.161942,0.175365,0.710112
-0.426727,-0.945377,-0.162912,-1.128196,0.578289,1.081341,-1.050915,0.652102,0.885796,-0.104859,0.883202,1.102492,-0.473859,-0.597041,-0.032758,0.289829,0.815125,-1.168694,0.010923,0.059330,0.341621,0.130060,0.286821,-0.877426,-1.577291,1.641978,-0.672356,-0.306994,0.742940,-0.413220,-0.663942,-0.663956,-0.651622,-0.000000,-0.000000,-0.000000,-1.194077,2.282383,-0.584910,-0.717797,-0.717800,-0.711982,-0.000000,-0.000000,-0.000000,-0.603249,0.825260,0.081734,-0.254042,-0.861697,-1.083227,0.572985,-0.059018,-0.117486,-0.649216,-0.205825,0.361239,-0.000000,-0.000000,-0.000000,-0.000000,-0.000000,-0.000000,-0.000000,-0.000000,-0.000000,-0.000000,-0.000000,-0.000000,-0.000000,-0.000000,-0.000000,-0.000000,-0.000000,-0.000000,-0.341059,-1.361948,-0.908525,-0.704147,-0.739613,-1.124179,-0.138892,-0.975464,-0.026913,-0.150041,-0.725618,-1.696400,-0.399787,-0.325560,0.037431,-0.135331,-0.832351,-1.174572,0.001113,-0.281666,-0.604749,-0.295546,-0.132558,0.169918,-0.808545,0.501781,-1.145490,-0.272062,-1.091016,0.259344,-0.398352,-0.263737,0.553761,0.003078,0.493450,0.607961,-0.782591,-0.638734,-1.424967,-0.013511,-0.536887,0.740238,-0.738875,0.559000,-0.245653,-0.669604,0.266503,-0.503220,-1.494583,0.110143,0.615591,0.362127,-0.012036,0.069196,-1.177791,0.103321,-1.387185,-0.542226,-0.448238,-1.112924,-0.845747,-0.410248,-0.281150,-1.119781,-0.366150,0.792113,-1.503200,-0.782901,0.609015,-1.506536,-1.114852,1.044377,-1.422883,-1.150335,0.317002,-0.951982,-0.910429,-1.218914,-1.101470,-0.750843,0.918438,-0.619265,-1.244402,0.445778,-0.192669,-1.426106,0.812526,0.311498,-1.387391,0.763908,-0.167283,-0.440462,0.948564,0.553854,-1.022143,0.827720,1.083241,-1.312934,0.956717,1.343675,-1.294058,1.169398,0.881194,-0.238320,0.688633,0.572423,-0.731816,0.063994,-0.380825,-0.778622,-0.552653,-0.742699,-0.587467,0.274736,1.106469,-0.143096,0.306053,1.085304,-0.388223,0.366974,0.544093,-0.327038,0.132909,0.302943,-0.046574,0.066912,-0.378040,0.211715,1.434243,-0.452731,-0.664719,1.069309,-0.051040,-0.557414,-0.936245,-0.331771,-0.279326,1.468972,-0.105493,-0.239218,0.457209,-0.381088,-0.307733,-0.576420,-0.061782,-0.398477,-0.106664,-0.162269,-0.257017,-0.410280,-0.211869,-0.488958,0.446466,-0.474922,-0.588234,-1.401403,-0.301861,-0.464519,-0.201272,-0.213672,-0.173219,-0.649128,-0.090767,-0.058942,0.668728,0.073765,-0.747122,0.317959,-0.190477,-0.663351,0.545877,-0.401771,-0.368061,-0.078737,-0.436015,-0.799085,0.098752,-0.282069,0.002099,0.919477,-0.080312,0.270325,-0.878828,0.040532,-0.229429,-1.148797,-0.015876,0.743708,-1.132809,-0.410530,-0.051301,-1.198546,0.128716,-0.555653,0.167269,0.095994,-0.501990,-0.799627,0.139028,0.204866,0.544010,0.077124,0.057826,1.270773,-0.282344,0.801793,-1.702569,-0.070009,0.024822,1.319699,-0.198442,0.374563,0.751479,-0.246126,-0.280727,0.446687,-0.246349,0.140627,1.177006,-0.142997,0.012778,0.559356,-0.085381,0.173362,1.269302,-0.224985,-0.158746,1.179851,-0.244346,-0.015434,0.942343,-0.202976,0.008836,0.363949,0.155443,-0.139998,0.389262,-0.218019,0.232540,0.929258,-0.123492,0.317047,-0.474104,-0.340395,0.281630,0.824163,-0.178540,0.176503,-1.065720,-0.210558,-0.108302,0.410802,0.034523,0.469797,0.472244,-0.222368,0.717906,0.446404,-0.095339,0.852022,-0.124439,-0.192472,0.575788,-0.197994,-0.126825,-0.234937,1.274689,-0.366478,-0.463103,0.345635,-0.506685,-0.051294,-0.486959,0.069795,-0.071581,0.426050,-0.270778,-0.338735,1.204471,-0.270416,-0.037807,0.177580,-0.182187,-0.238787,1.494861,-0.231846,-0.303687,-0.247290,0.247458,-0.417634,-0.694165,-0.263650,-0.370493,0.697436,-0.179627,-0.469500,1.125676,-0.127617,-0.577954,0.409420,-0.074017,-0.538465,1.022662,0.010862,-0.531482,0.717108,-0.328863,-0.396826,0.171096,-0.130029,0.094150,0.284258,-0.094448,0.010261,0.807001,-0.207452,0.252658,0.624138,-0.049281,-0.392580,1.262314,-0.227050,-0.046670,0.917552,-0.098342,-0.294599,1.115153,-0.310116,-0.215693,0.777529,0.006079,0.370782,0.607782,-0.100825,0.163719,1.459449
-0.429687,1.043272,-0.184656,-0.352210,0.569355,0.452454,-1.041679,0.635351,0.903182,-0.111849,0.882403,0.970740,-0.474287,-0.597333,-0.137680,0.277207,-0.733951,-1.621914,0.007306,0.034253,-0.383070,0.136293,0.286821,-0.560096,-1.585869,1.646620,-0.032419,-0.333213,1.303330,-0.517232,-0.663942,-0.663956,-0.651622,-0.000000,-0.000000,-0.000000,-0.099907,1.648309,-0.541850,-0.717797,-0.717800,-0.711982,-0.000000,-0.000000,-0.000000,-0.603844,0.830408,0.060927,-0.259670,-0.859170,-0.965905,0.565759,-2.096527,-0.072349,-0.649216,-0.226099,0.450806,-0.000000,-0.000000,-0.000000,-0.000000,-0.000000,-0.000000,-0.000000,-0.000000,-0.000000,-0.000000,-0.000000,-0.000000,-0.000000,-0.000000,-0.000000,-0.000000,-0.000000,-0.000000,-0.415003,-0.013393,0.303779,-0.884057,-0.489524,-0.474623,-0.401484,-1.180171,0.717968,-0.106878,-0.667015,-1.518249,-0.047006,0.044057,0.658089,0.412471,-1.348618,-0.701179,0.123094,-1.136095,-1.082201,-0.235243,-0.231190,-1.257343,-0.357151,-0.792742,-1.516383,0.029351,-1.546203,-0.250173,-0.174551,-1.163133,0.026172,-0.414835,-0.234849,-0.241498,-0.276197,-0.560512,0.135773,0.293375,-0.390723,0.291542,-0.434575,-0.621989,-0.359960,0.065224,-1.067172,-0.414983,-0.909507,-0.633287,0.867915,0.250654,-0.827703,0.235886,-0.250933,-0.778151,0.564840,-0.980977,-0.042634,-0.277419,-0.619995,-0.007377,-0.204634,-1.174647,-0.366255,0.740417,-1.541659,-0.802680,0.693650,-1.564368,-1.115234,1.076203,-1.508953,-1.132557,0.348687,-1.004769,-0.964071,-1.270005,-0.899416,-0.731138,0.840012,-0.490507,-1.353267,0.408457,-0.276891,-1.478287,0.860846,0.171720,-1.484021,0.764946,0.114021,-0.421744,1.242466,0.653698,-1.069897,0.465340,1.312002,-1.336075,0.942083,1.370282,-1.294483,1.141172,1.036753,-0.256653,1.397478,0.573207,-0.754649,-0.218500,-0.346321,-0.822994,-0.213505,-0.717586,-0.606711,0.210105,1.256832,-0.178974,0.467502,1.085878,-0.426966,0.123300,0.574803,-0.346502,0.308482,0.362748,-0.062707,0.213732,-0.242531,0.567887,0.030293,-0.305532,-0.483856,0.850998,-0.506730,0.236258,0.290226,0.021173,-0.438288,-0.070019,-0.026300,0.032068,-0.203622,-0.318224,-0.181512,-0.377675,-0.038783,-0.122703,-1.336040,-0.179276,-0.219955,0.151863,-0.277374,-0.460271,-0.274662,-0.380838,-0.320728,-0.883895,-0.448282,-0.673252,0.115898,-0.180972,-0.469635,-0.608311,-0.081538,-0.328525,0.411388,0.066218,-0.909482,0.314403,-0.198833,-0.663351,0.777429,-0.409358,-1.382531,0.113705,-0.445670,-0.331145,0.118179,-0.190364,0.397238,0.488194,-0.254171,0.567523,-1.048178,-0.393002,0.258212,-0.292842,-0.249306,0.604460,-1.263265,-0.439752,0.295082,-0.457681,0.032124,-0.015304,-0.172547,-0.037222,0.104351,-0.489855,-0.030951,0.601708,-0.021040,-0.126854,0.771497,1.204194,-0.262919,0.527396,-0.957072,-0.134742,0.390866,0.402148,-0.046104,0.538012,-0.218524,-0.095715,-0.076396,-0.351897,-0.096742,0.223954,0.631190,-0.181547,0.415334,0.146178,-0.136418,0.146561,0.462031,-0.076158,-0.189715,0.562687,-0.108915,0.428262,0.887525,-0.085718,0.405932,-0.037753,-0.280491,0.183385,0.021744,-0.196118,0.654121,0.156159,-0.361741,0.723401,-0.421439,-0.126015,0.629698,0.288291,-0.433441,-0.230823,-0.349438,-0.188440,0.136144,-0.182796,-0.081455,0.757912,0.314438,-0.358591,0.455953,0.157717,-0.023354,0.584120,-0.753812,-0.366825,0.124744,0.161525,-0.055280,0.130426,0.744330,-0.269504,-0.110581,0.540045,-0.261620,0.137622,0.408537,-0.189683,-0.189916,-0.654076,-0.110072,-0.002186,0.121900,-0.126593,0.231138,0.032711,-0.052458,-0.324077,0.310584,-0.327907,0.074228,0.309432,0.130566,-0.230797,-1.288732,-0.356161,-0.465934,0.702657,-0.051476,-0.552328,0.317965,-0.193058,-0.450771,-0.121969,-0.125855,-0.410419,-0.356907,-0.026845,-0.391522,-0.714846,-0.129142,-0.218878,-0.843537,-0.183251,0.337175,0.997164,-0.158463,0.263100,0.971991,-0.074558,0.150252,0.667061,0.066196,-0.486216,0.847281,-0.098568,-0.127607,0.917065,-0.162162,-0.113558,1.349011,-0.149556,-0.033033,1.203471,-0.217705,0.609209,-1.106894,-0.013201,0.595496,1.007713
-0.424507,1.050254,-0.351676,-0.345235,0.617451,-0.200666,-1.043635,0.628242,0.853597,-0.109963,0.886390,1.133834,-0.472147,-0.597178,-0.068361,0.283780,2.415604,-2.936150,-1.513701,2.167961,-0.903041,-1.345974,0.316606,-1.341552,0.446586,-0.799295,0.063219,-0.221932,-0.971890,1.232777,1.578091,1.599534,1.470442,-0.000000,-0.000000,-0.000000,-1.191294,-0.946191,-0.276516,1.480348,1.479546,1.516626,-0.000000,-0.000000,-0.000000,-0.604728,0.831270,0.206674,-0.261763,-0.848729,-1.021556,0.550879,-0.049594,-0.169100,-0.665548,-0.147106,0.048699,-0.000000,-0.000000,-0.000000,-0.000000,-0.000000,-0.000000,-0.000000,-0.000000,-0.000000,-0.000000,-0.000000,-0.000000,-0.000000,-0.000000,-0.000000,-0.000000,-0.000000,-0.000000,-1.221998,0.539790,1.081340,0.302559,0.599065,3.126676,0.066297,-1.035663,-1.335586,-0.312696,0.595793,1.242355,-0.541466,-0.557521,0.885698,-0.653875,0.946478,2.641617,-0.860642,0.763610,2.280585,-0.914764,0.344342,2.537920,0.410761,0.889688,2.669114,-0.088513,0.629605,2.175411,-0.635834,0.201072,-1.515553,-0.784299,-0.484622,1.386934,-0.477116,-0.957214,0.697566,-0.248277,-0.653839,1.805772,0.054206,0.410002,0.741109,-0.380766,0.049504,0.398184,0.460472,-0.194022,-0.025424,-0.329703,-0.097210,0.698437,0.242550,-1.210346,-0.259461,0.579493,-0.637534,-0.240930,1.514784,-0.585054,0.756980,-1.117843,-0.385390,0.943955,-1.463108,-0.822321,0.801029,-1.563347,-1.097429,1.122946,-1.536606,-1.078259,0.371243,-0.976970,-0.911124,-1.298055,-0.857496,-0.711276,1.098351,-0.488503,-1.353657,0.580474,-0.274758,-1.478665,0.723090,0.138468,-1.498113,0.822431,0.116394,-0.402893,1.044474,0.656173,-0.999228,0.822030,1.352135,-1.268304,1.011275,1.397656,-1.216945,1.121560,1.039015,-0.238561,0.967321,0.535071,-0.709740,0.087801,-0.378700,-0.801110,0.070663,-0.716501,-0.625836,0.382821,1.258503,-0.143194,0.365614,0.969917,-0.349872,0.130266,0.546030,-0.327265,0.355941,0.334390,-0.078752,0.163770,-0.248778,0.340353,-0.652901,-0.312443,0.472145,-0.159294,-0.513414,0.060286,0.185202,-0.231831,0.073545,-0.936956,-0.030702,-0.064615,-1.273948,-0.322260,-0.552915,0.161173,-0.266822,-0.380682,-0.607898,-0.399826,-0.041261,0.747747,-0.277765,-0.118192,-1.041456,-0.186341,0.309117,0.267849,-0.240925,-0.140638,0.195765,-0.177775,-0.056440,-0.293060,-0.360378,-0.466717,0.987882,-0.227697,-0.258564,0.742901,-0.194526,-0.871728,1.161531,-0.405448,-0.393163,0.516450,-0.441470,0.571220,0.207708,-0.195571,0.897340,0.079058,-0.490390,0.902055,0.375785,-0.626672,0.102353,1.218861,-0.712629,0.062541,-0.342454,-0.441301,-0.360105,0.895132,0.255571,0.609321,1.182999,0.207240,0.740603,-0.189954,-0.028931,0.478555,-0.627735,-0.123951,0.545927,0.609343,-0.474797,-0.414880,0.410374,-0.135346,0.984937,-0.162675,-0.046500,0.437737,-0.525452,-0.096106,0.509390,0.626472,-0.097131,0.664399,0.835488,-0.182797,0.327202,-0.618743,-0.137201,0.572159,0.343830,-0.076550,0.302086,0.679837,-0.108915,0.330828,0.352272,-0.085337,0.320537,-0.316997,-0.283951,0.794052,-0.109845,-0.198860,0.451826,-0.039100,-0.363870,0.528412,-0.717269,-0.127746,0.436927,0.812246,-0.181988,0.285827,-0.239160,-0.191209,-0.004369,0.225385,-0.080811,0.601537,-0.594743,-0.357295,0.341295,-0.485438,-0.021492,-0.064630,-0.100220,-0.364377,-0.060916,0.635270,-0.053164,0.820368,0.908503,-0.268261,0.555112,0.176566,-0.263697,0.078361,-0.564144,0.032611,0.178970,-0.207304,-0.110837,-0.088203,0.719995,-0.126971,0.160586,-0.235021,-0.052458,0.032054,0.549888,-0.327514,-0.028761,1.184066,-0.078709,-0.287540,-0.937506,-0.355782,-0.265043,1.384146,-0.256302,-0.381632,0.644029,-0.193449,-0.285134,0.006546,-0.126632,-0.452722,0.313775,-0.028121,-0.437164,-0.014578,-0.130755,-0.272921,0.004292,-0.184048,0.266067,0.538053,-0.158845,0.189121,0.560693,-0.074558,0.081878,-0.104015,0.067026,-0.254500,0.851478,-0.098568,0.084006,0.194837,-0.162543,-0.166529,0.965348,-0.150320,-0.086478,0.769588,0.010250,-0.060039,-1.508684,-0.011705,0.388308,0.719698
-0.424660,1.050656,-0.355583,-0.345555,0.617451,-0.175967,-1.044472,0.628242,0.869085,-0.109741,0.887189,1.147357,-0.472682,-0.596906,-0.053643,0.283780,2.415604,-2.929696,-1.513701,2.167961,-0.915832,-1.344778,0.316606,-1.308230,0.444542,-0.798131,0.029103,-0.225134,-0.970803,1.151121,1.578214,1.599534,1.296964,-0.000000,-0.000000,-0.000000,-1.192156,-0.944951,-0.296464,1.480374,1.479535,1.498980,-0.000000,-0.000000,-0.000000,-0.604728,0.830826,0.202082,-0.261763,-0.848729,-1.021556,0.550464,-0.049594,-0.177185,-0.665128,-0.145067,0.030084,-0.000000,-0.000000,-0.000000,-0.000000,-0.000000,-0.000000,-0.000000,-0.000000,-0.000000,-0.000000,-0.000000,-0.000000,-0.000000,-0.000000,-0.000000,-0.000000,-0.000000,-0.000000,-1.219556,0.535214,1.144680,0.304364,0.594216,3.212869,0.068040,-1.041690,-1.288327,-0.310968,0.590459,1.250134,-0.539764,-0.564687,0.828783,-0.652392,0.946478,2.663006,-0.859106,0.759061,2.218199,-0.912845,0.338855,2.490671,0.412840,0.884835,2.676306,-0.086940,0.625049,2.220240,-0.633787,0.196014,-1.468710,-0.781905,-0.489766,1.356631,-0.474899,-0.962807,0.681625,-0.246495,-0.658019,1.846660,0.056595,0.406364,0.651261,-0.378343,0.044978,0.405038,0.462902,-0.199660,-0.062020,0.109441,-0.542711,0.769753,0.245102,-1.210346,-0.141213,0.582832,-0.642045,-0.248900,1.517775,-1.101911,0.888489,-1.118489,-0.385150,0.952914,-1.463561,-0.802573,0.805354,-1.563688,-1.097216,1.122965,-1.536922,-1.078045,0.369580,-0.977240,-0.910916,-1.298466,-0.857938,-0.711039,1.125907,-0.488970,-1.353402,0.593169,-0.275191,-1.478462,0.739576,0.138110,-1.497973,0.823551,0.115779,-0.402655,1.037154,0.655670,-0.998933,0.828922,1.351749,-1.268039,1.013438,1.397413,-1.216717,1.122828,1.038449,-0.238334,0.985429,0.534664,-0.709458,0.100279,-0.379045,-0.800833,0.090382,-0.716773,-0.606592,0.405220,1.258093,-0.142970,0.375154,0.969595,-0.349631,0.130438,0.545699,-0.327024,0.369379,0.334065,-0.078539,0.172728,-0.249032,0.340353,-0.651898,-0.312713,0.472145,-0.160338,-0.513414,0.060286,0.171165,-0.231831,0.073545,-0.931107,-0.030702,-0.064154,-1.279312,-0.322260,-0.552641,0.154481,-0.266822,-0.380475,-0.619822,-0.399826,-0.041261,0.735539,-0.277952,-0.118192,-1.020225,-0.186341,0.309117,0.248941,-0.241114,-0.140638,0.198299,-0.178000,-0.055966,-0.283869,-0.360639,-0.466115,0.939279,-0.227697,-0.258564,0.714109,-0.194526,-0.871728,1.147610,-0.405448,-0.393163,0.515391,-0.441683,0.571220,0.208000,-0.195571,0.897912,0.084030,-0.490390,0.902055,0.371088,-0.626876,0.102353,1.224615,-0.712629,0.062946,-0.318576,-0.441526,-0.359614,0.909441,0.255571,0.610067,1.182831,0.207007,0.740603,-0.183841,-0.028931,0.479023,-0.619552,-0.123951,0.545927,0.628001,-0.474987,-0.414175,0.404180,-0.135346,0.985671,-0.163374,-0.046705,0.438152,-0.527652,-0.096309,0.510081,0.623790,-0.097333,0.664399,0.833969,-0.182998,0.327569,-0.609189,-0.137201,0.572159,0.348880,-0.076737,0.302086,0.686000,-0.108915,0.330828,0.352161,-0.085337,0.320537,-0.319319,-0.284161,0.794776,-0.106226,-0.199066,0.452685,-0.028216,-0.364078,0.529241,-0.717702,-0.127957,0.437720,0.814109,-0.182212,0.285827,-0.242577,-0.191417,-0.004369,0.226612,-0.080811,0.602155,-0.591125,-0.357295,0.341295,-0.484717,-0.021492,-0.064124,-0.095769,-0.364577,-0.060188,0.640398,-0.053371,0.821185,0.908158,-0.268261,0.555900,0.172453,-0.263943,0.078361,-0.569130,0.032406,0.178970,-0.207717,-0.110837,-0.087821,0.725364,-0.127152,0.160586,-0.234745,-0.052458,0.032467,0.554375,-0.327514,-0.028761,1.161831,-0.078709,-0.287283,-0.943387,-0.355782,-0.264821,1.370667,-0.256302,-0.381443,0.644817,-0.193636,-0.285134,0.009515,-0.126632,-0.452538,0.317583,-0.028336,-0.436965,-0.015467,-0.130951,-0.272677,0.008052,-0.184048,0.266067,0.539310,-0.159028,0.189121,0.567968,-0.074558,0.081878,-0.098400,0.066823,-0.254243,0.865421,-0.098568,0.084006,0.205079,-0.162726,-0.166529,0.972876,-0.150320,-0.086478,0.775276,0.010250,-0.060039,-1.508733,-0.011705,0.389188,0.715919
-0.424660,1.051083,-0.382658,-0.348718,0.574030,0.399188,-1.045592,0.616913,0.878816,-0.098315,0.882403,1.024150,-0.469687,-0.596788,-0.052552,0.318651,0.811446,0.034324,-1.485412,0.009226,0.282913,0.138957,0.270251,-0.580355,0.483765,-0.800459,-0.558553,-0.140072,-0.978399,-0.261844,-0.663942,-0.663956,-0.651622,-0.000000,-0.000000,-0.000000,-0.068430,-0.949910,-1.503553,1.479967,1.479546,1.318299,-0.000000,-0.000000,-0.000000,-0.606495,0.832550,0.161344,-0.261104,-0.852916,-0.981115,0.556406,-0.056968,-0.186706,-0.660822,-0.169358,0.304252,-0.000000,-0.000000,-0.000000,-0.000000,-0.000000,-0.000000,-0.000000,-0.000000,-0.000000,-0.000000,-0.000000,-0.000000,-0.000000,-0.000000,-0.000000,-0.000000,-0.000000,-0.000000,-0.187894,-1.252238,0.255152,-0.152348,-0.651321,0.776171,0.020243,-0.939300,1.425457,-0.746610,-0.032977,-0.420751,-0.589271,-0.434286,-0.807220,-0.692063,0.392628,1.053612,-0.901470,0.845442,1.002264,-0.098959,0.443041,1.371859,-0.577682,0.976929,0.934413,-0.561542,0.092460,2.052926,-0.226203,0.292048,0.758299,-0.306747,0.316582,1.241364,-0.538659,-0.851032,-0.555893,-0.292975,-0.019016,0.944324,-0.007288,0.475430,-0.479535,-0.445174,0.745757,-1.247852,-0.149932,-0.852954,-1.317889,-0.378497,-0.929271,0.422799,-0.977310,0.026326,-1.469136,0.493288,-0.556391,-0.901451,0.096392,-0.003572,0.491386,-1.006344,-0.404015,0.919158,-1.346247,-0.821619,0.934935,-1.533682,-1.096637,1.187738,-1.507285,-1.041010,0.058552,-1.003269,-0.910305,-1.336862,-0.816429,-0.690311,0.998793,-0.488102,-1.330934,0.545506,-0.274492,-1.460525,0.697703,0.138523,-1.497350,0.854863,0.117228,-0.383194,1.017913,0.705843,-0.974593,0.873163,1.352075,-1.244632,1.119199,1.500669,-1.196635,1.027232,1.039702,-0.183505,0.770518,0.535385,-0.686413,0.409683,-0.378329,-0.734215,-0.063571,-0.716172,-0.587155,0.173073,1.221513,-0.106937,0.377073,1.028839,-0.349283,0.231464,0.546337,-0.326676,0.194784,0.305079,-0.062268,0.056183,-0.245024,0.323586,-0.689624,-0.308297,0.448994,-0.108372,-0.509403,0.041420,0.262242,-0.228695,0.056675,-0.892984,-0.028107,-0.078541,-1.345245,-0.319927,-0.562720,0.298064,-0.265198,-0.388099,-0.597834,-0.399029,-0.049432,0.707381,-0.277952,-0.314075,-0.779417,-0.380838,0.076673,0.399709,-0.242407,-0.150769,0.481650,-0.415004,-0.072722,-0.326167,-0.363705,-0.485846,0.825119,-0.231471,-0.279288,0.640463,-0.197710,-0.893066,1.097110,-0.408338,-0.416033,0.466992,-0.212587,0.554441,0.145373,-0.192485,0.890303,0.163025,-0.488084,0.897736,0.262221,-0.625002,0.096260,1.148318,-0.480862,0.058558,-0.366969,-0.440634,-0.365397,0.896771,0.255160,0.601266,1.250833,0.206140,0.733110,-0.139501,-0.030496,0.474225,-0.586121,-0.126182,0.537108,0.658541,-0.477123,-0.422492,0.463281,-0.135346,0.974557,-0.158551,-0.046705,0.431203,-0.511937,-0.096309,0.497155,0.609516,-0.097333,0.653733,0.856341,-0.182377,0.318162,-0.523415,-0.137001,0.559979,0.398602,-0.076737,0.288011,0.656052,-0.109292,0.320363,0.349971,-0.085718,0.311775,-0.488534,-0.282006,0.782656,-0.108036,-0.197378,0.439661,-0.056656,-0.362806,0.516688,-0.690936,-0.127105,0.424414,0.797343,-0.180839,0.276244,-0.236380,-0.189712,-0.013480,0.203893,-0.081455,0.591357,-0.561464,-0.358381,0.334363,-0.490224,-0.022940,-0.071307,-0.097969,-0.139872,0.752468,0.624526,-0.054866,0.807492,0.932702,-0.269287,0.542689,0.167264,-0.262781,0.070157,-0.641285,0.033006,0.166778,-0.191627,-0.110652,-0.098351,0.759252,-0.127152,0.151922,-0.238268,-0.052820,0.021083,0.508864,-0.328096,-0.041905,1.055921,-0.079460,-0.295100,-1.151790,-0.356343,-0.272105,1.294978,-0.256664,-0.387633,0.540739,-0.193636,-0.291148,-0.071710,-0.126443,-0.249714,0.207465,-0.027707,-0.443481,-0.056632,-0.130157,-0.280122,0.008052,-0.183855,0.256604,0.585795,-0.159028,0.179275,0.585093,-0.074929,0.408895,-0.083444,0.066196,-0.262398,0.766693,-0.098926,0.076812,0.238668,-0.162726,-0.173579,0.998488,-0.150135,-0.093591,0.821945,0.011488,-0.067949,-1.573403,-0.012975,0.375850,0.748139
-0.425842,1.053142,-0.341088,-1.127248,0.605946,0.412001,-1.040277,0.626963,1.318943,-0.109076,0.880005,0.929393,-0.466371,-0.594997,0.119240,0.303499,0.844487,-0.489667,-1.490828,0.063510,-1.047072,0.137181,0.260309,-0.295156,0.477631,-0.191014,-0.326839,-0.175047,-0.402816,-0.147793,-0.663942,-0.663956,-0.651622,-0.000000,-0.000000,-0.000000,1.007760,-0.942472,-0.429350,1.479865,1.479546,1.346691,-0.000000,-0.000000,-0.000000,-0.607378,0.833831,0.248804,-0.261433,-0.851231,-1.030338,0.555563,-0.054494,-0.125485,-0.652656,-0.192660,0.414960,-0.000000,-0.000000,-0.000000,-0.000000,-0.000000,-0.000000,-0.000000,-0.000000,-0.000000,-0.000000,-0.000000,-0.000000,-0.000000,-0.000000,-0.000000,-0.000000,-0.000000,-0.000000,-0.189102,-1.293365,0.332072,-0.153564,-0.700346,0.374454,0.018500,-0.180598,0.684417,-0.748599,-0.080913,-0.755572,-0.206605,-0.499486,-0.770017,-0.693062,0.988703,0.939488,-0.903022,1.422643,0.533436,-0.101210,0.393725,0.251543,-0.580433,0.938162,0.377998,-0.562789,0.051508,1.255402,-0.227582,0.246529,1.137741,0.232448,0.269778,1.655420,-0.541623,-0.895769,-0.084513,0.109254,-0.056641,1.248808,-0.008896,0.442694,0.568374,-0.447622,0.094703,-0.976951,-0.697188,-0.903694,-0.969599,0.058063,-0.513241,0.855045,-0.401926,-0.012171,-1.382872,0.490556,-0.596935,-0.603767,0.093431,-0.550863,0.958209,-1.001390,-0.382902,0.822293,-1.304129,-0.780581,0.876317,-1.502064,-1.094730,1.211212,-1.447133,-1.020884,-0.085732,-0.947692,-0.872928,-1.334087,-0.812830,-0.668088,1.140188,-0.569678,-1.263647,0.571890,-0.313370,-1.441454,0.941280,0.141579,-1.482128,0.797444,0.122236,-0.381217,1.065003,0.710173,-0.972112,0.976178,1.355344,-1.219555,1.126395,1.477091,-1.175123,0.908462,0.992643,-0.163466,0.892438,0.498818,-0.661533,0.481796,-0.375353,-0.709882,-0.109337,-0.713982,-0.566186,0.213633,1.224826,-0.105089,0.436154,1.031410,-0.347291,0.257100,0.548983,-0.286089,0.192791,0.307704,-0.028600,0.109346,-0.179020,-0.707565,-0.535261,-0.540814,0.455589,-0.104635,-0.438886,0.050453,-0.489842,-0.169086,0.067148,-0.141990,-0.195687,-0.549677,-0.825656,-0.262377,-0.554593,-0.214364,0.016197,-0.381446,0.167268,-0.124473,-0.042039,0.345667,-0.222437,-0.307598,-0.392971,-0.135350,0.084177,-0.515264,-0.391981,-0.141961,0.012266,-0.115132,-0.059242,-0.298020,-0.284534,-0.471637,1.087550,-0.147387,-0.266709,1.377105,-0.377511,-0.884154,1.306678,-0.344272,-0.411478,0.189565,-0.147148,0.552306,-0.430610,-0.391084,0.885603,0.856836,-0.431182,0.893801,-0.788901,-0.567684,0.088952,0.441347,-0.653223,0.054187,-1.102405,-0.622830,-0.370220,0.146486,0.091005,0.593928,1.463445,0.271200,0.724125,0.437967,0.036593,0.468004,-0.167993,-0.304761,0.526568,1.146133,-0.417256,-0.429427,-0.066717,-0.077422,0.971793,0.811382,0.009523,0.430804,0.303553,-0.040792,0.498536,1.206191,-0.042113,0.656772,1.378229,-0.123609,0.322682,-0.062692,-0.080669,0.565811,0.861870,-0.233834,0.294751,1.074999,-0.266752,0.325383,0.767460,-0.237948,-0.087876,0.361164,-0.223236,0.781239,-0.381160,-0.139260,0.436422,0.685742,-0.067974,0.513565,-0.761430,-0.304782,0.422858,1.389498,-0.116765,0.275022,-0.518606,-0.131018,-0.014642,1.349561,-0.018538,0.590120,-0.141209,-0.294460,0.332078,-0.563312,0.039674,-0.073701,0.692072,-0.304208,0.750254,0.433886,-0.225742,0.805891,1.716768,-0.435168,0.541144,-0.230243,-0.197567,0.075971,-1.017196,0.090615,0.174769,0.489559,-0.266218,-0.092330,1.353051,-0.278968,0.157161,0.137555,-0.203649,0.027593,1.425344,-0.271265,-0.033745,0.036616,-0.023202,-0.289807,-0.574385,-0.301612,-0.266860,0.813361,-0.202776,-0.383176,0.961164,-0.350436,-0.286828,0.147996,-0.284288,-0.454228,0.826083,0.032689,-0.438789,0.754598,-0.073230,-0.275080,0.222946,-0.345914,0.262904,0.402615,-0.312411,0.185830,0.779435,-0.229437,0.078836,0.429307,-0.102745,-0.256876,1.261889,-0.248306,0.081602,0.697384,-0.315642,-0.168885,1.102445,-0.305560,-0.088856,0.865337,0.069422,-0.069459,-0.473119,-0.185457,0.372532,1.565481
-0.425987,1.053142,-0.308438,-1.129619,0.630202,0.781469,-1.044754,0.658828,1.152197,-0.105303,0.885600,0.999946,-0.467654,-0.593226,0.214367,0.276189,0.853378,-1.416327,-1.483907,0.063510,-0.703330,0.145498,0.263623,-0.321577,0.470275,-0.174730,-1.130729,-0.244198,0.160835,-1.285287,-0.663942,-0.663956,-0.651622,-0.000000,-0.000000,-0.000000,-0.065647,-0.300975,-0.642358,1.479919,1.479535,1.554948,-0.000000,-0.000000,-0.000000,-0.610642,0.831270,0.302153,-0.261656,-0.858762,-0.875892,0.548765,-0.058593,-0.053947,-0.657802,-0.192660,0.500118,-0.000000,-0.000000,-0.000000,-0.000000,-0.000000,-0.000000,-0.000000,-0.000000,-0.000000,-0.000000,-0.000000,-0.000000,-0.000000,-0.000000,-0.000000,-0.000000,-0.000000,-0.000000,0.369768,-1.901403,0.483895,-0.144500,-0.690529,0.425461,0.027821,-0.168543,0.735304,-0.739178,-0.075580,-0.640269,-0.582151,-0.484978,-0.676864,-0.685615,0.993401,0.827539,-0.894793,1.427192,0.102837,-0.090621,0.404632,-0.432514,-0.569072,0.288474,0.017537,-0.553370,0.060621,0.853147,-0.216971,0.251586,0.892121,0.245275,0.280193,0.995633,-0.529020,-0.890177,-0.717688,0.118183,-0.048280,0.839016,0.003485,0.449968,-0.052704,-0.434642,0.099228,-1.218001,-0.683517,-0.892419,-0.442872,0.067431,-0.509962,0.382781,-0.388701,-0.007940,-1.796942,0.507655,-0.587968,-1.618351,0.109265,-0.543254,0.295462,-1.003113,-0.381479,0.859156,-1.266728,-0.779085,0.797127,-1.474011,-1.093288,1.078627,-1.332937,-0.983023,-0.661855,-0.842245,-0.853760,-1.423898,-0.854529,-0.666498,0.998939,-0.528573,-1.283555,0.576647,-0.272427,-1.457274,0.976293,0.140175,-1.480977,0.815400,0.064164,-0.379760,0.977970,0.658878,-0.970242,1.124745,1.353799,-1.217762,1.096624,1.476001,-1.173585,0.842783,0.990824,-0.162102,0.867373,0.497312,-0.659806,0.436372,-0.410521,-0.708193,-0.136102,-0.714854,-0.545723,0.166872,1.223477,-0.103760,0.329302,1.059655,-0.345843,0.429269,0.547873,-0.284640,0.153717,0.306636,-0.027397,0.099380,-0.184523,0.321689,-0.404638,-0.546893,0.456756,-0.002074,-0.444766,0.053526,-0.403065,-0.173792,0.071816,-0.176879,-0.199691,-0.544858,-0.867644,-0.266413,-0.550940,-0.173048,0.012949,-0.378533,0.055600,-0.127048,-0.038456,0.204606,-0.224157,-0.304513,-0.440734,-0.330025,0.087624,-0.501815,-0.392351,-0.137709,0.042992,-0.115132,-0.053183,-0.337255,-0.284013,-0.465512,1.141961,-0.146584,-0.261490,1.397773,-0.376839,-0.880640,1.262491,-0.343653,-0.411478,0.179386,-0.378532,0.549189,-0.297196,-0.395819,0.882120,0.725969,-0.435172,0.890666,-0.858171,-0.571230,0.084097,0.539563,-0.425636,0.051014,-1.078049,-0.625496,-0.373591,0.148270,0.089594,0.588796,1.683848,0.270109,0.718155,0.299040,0.036138,0.463694,-0.254324,-0.304979,0.518609,1.105504,-0.417256,-0.434277,-0.041033,-0.079428,0.969000,0.361346,-0.207585,-0.021213,0.072038,-0.042519,0.497873,1.311140,-0.043831,0.657309,1.240624,-0.126084,0.324199,-0.159644,-0.082634,0.567795,0.857695,-0.235563,0.297043,1.068196,-0.268301,0.327050,0.746081,-0.239257,-0.086420,0.496425,-0.226898,0.779127,-0.438840,-0.142421,0.433150,0.692112,-0.070943,0.510411,-0.821361,-0.307584,0.420539,1.344857,-0.373974,0.273213,-0.387355,-0.134211,-0.016362,1.346698,-0.019826,0.588187,-0.304215,-0.295545,-0.179463,-0.328744,-0.191041,-0.076096,1.067153,-0.304408,-0.078087,0.741213,-0.226381,0.803505,1.343678,-0.436202,0.538842,-0.241500,-0.200580,0.078361,-1.123390,0.088181,0.177689,0.517640,-0.268119,-0.089701,1.426163,-0.280639,0.159340,0.203048,-0.205133,0.030435,1.562679,-0.272625,-0.030109,-0.019180,-0.024146,-0.287540,-0.582324,-0.302922,-0.264821,0.790804,-0.204261,-0.381254,1.024637,-0.139893,-0.284951,0.157970,-0.286217,-0.452353,0.918361,0.030138,-0.436965,0.813476,-0.075652,-0.272921,0.296511,-0.347895,0.265759,0.324795,-0.314099,0.188800,0.753281,-0.230957,0.081259,0.465555,-0.104006,-0.254500,1.305346,-0.249775,0.083771,0.706088,-0.317325,-0.166759,1.069132,-0.307459,-0.086710,0.804296,-0.164154,-0.071411,-0.521151,-0.186309,0.369180,1.569576
-0.425842,1.058491,-0.376226,-1.120109,0.599999,0.478254,-1.043635,0.645402,0.960294,-0.102752,0.891186,0.943957,-0.467440,-0.594004,0.310528,0.283256,0.827976,-1.248994,0.006113,0.046791,0.225722,0.161823,-1.381808,-0.242836,0.457608,1.036011,-1.086739,-0.216378,0.730995,-0.634979,-0.663942,-0.663956,-0.651622,-0.000000,-0.000000,-0.000000,-0.066927,0.989472,-0.824409,1.479775,1.479546,1.266249,-0.000000,-0.000000,-0.000000,-0.611219,0.838534,0.192494,-0.261656,-0.854575,-0.995839,0.547909,-0.054919,-0.184545,-0.659535,-0.209843,0.542248,-0.000000,-0.000000,-0.000000,-0.000000,-0.000000,-0.000000,-0.000000,-0.000000,-0.000000,-0.000000,-0.000000,-0.000000,-0.000000,-0.000000,-0.000000,-0.000000,-0.000000,-0.000000,-0.279620,-0.694534,1.692522,-0.246826,-0.690529,0.901776,-0.091664,0.716584,1.929245,-0.102307,0.041627,0.718953,0.034938,0.710746,0.078153,-0.433162,-0.156467,1.005967,-1.002905,1.604447,1.672384,-0.677466,1.396840,1.417782,-0.750042,-0.123640,0.778377,-0.223661,0.802578,1.226630,-0.808316,1.145925,0.030906,0.068728,1.237435,1.160423,0.286536,0.154534,0.133959,0.436690,1.196282,1.341341,-0.675773,1.078611,-0.494029,-0.053851,0.913032,-0.523515,0.756434,0.149538,-1.316452,0.850399,0.459657,1.517130,0.625992,0.137588,-1.589321,0.296593,0.809116,-0.002256,-0.093703,1.163149,-0.104318,-0.948591,-0.401602,0.856946,-1.189718,-0.838804,0.447652,-1.242092,-1.076557,0.480073,-0.958388,-1.002608,-1.283183,-0.602427,-0.642080,-1.642470,-0.854497,-0.768486,0.907418,-0.485364,-1.328611,0.595956,-0.271627,-1.458731,1.004878,0.141028,-1.482214,0.826042,-0.104029,-0.399949,0.707601,0.610405,-0.971890,0.842726,1.316905,-1.173985,0.838584,1.451131,-1.136087,0.712822,0.939604,-0.181273,0.755584,0.538019,-0.661180,0.325749,-0.444068,-0.687498,-0.305499,-0.788953,-0.489851,0.056244,1.111451,-0.086779,0.301255,1.060114,-0.308322,0.453671,0.518061,-0.208509,0.236654,0.247550,0.003754,0.176569,-0.179020,-0.709386,-0.718915,-0.540814,0.452269,-0.257131,-0.438625,0.048210,-0.368466,-0.169086,0.065418,-0.388353,-0.195687,-0.550988,-0.984001,-0.262377,-0.555437,-0.131169,0.016197,-0.382241,0.056839,-0.124682,-0.042850,0.264891,-0.222437,-0.308265,-0.635564,-0.329319,0.083369,-0.382415,-0.392170,-0.142785,-0.234047,-0.115348,-0.061078,-0.288305,-0.284784,-0.473545,0.957546,-0.147937,-0.268911,1.066385,-0.377741,-0.885929,1.191373,-0.344681,-0.413755,0.195959,-0.379591,0.550257,-0.363429,-0.391084,0.884434,0.528960,-0.431182,0.458241,-1.006406,-0.567684,0.088358,0.482455,-0.422718,0.053394,-1.173045,-0.623064,-0.370690,0.021172,0.090808,0.593212,1.493910,0.270985,0.723394,0.459100,0.036375,0.467517,-0.261288,-0.058637,0.524775,1.392093,-0.417644,0.336167,-0.475645,-0.077626,0.970382,0.287199,0.009333,-0.021213,0.111695,-0.040979,0.497155,1.487600,-0.042299,0.655242,1.275280,-0.123819,0.321563,-0.266155,-0.080861,0.564363,0.760638,-0.234022,0.293077,1.042904,-0.266956,0.324141,0.511250,-0.238130,-0.088990,0.304964,-0.223236,0.779850,-0.661364,-0.139260,0.434769,0.497300,-0.068181,0.511972,-0.852278,-0.304993,0.421333,1.415776,-0.370760,0.273799,-0.350577,-0.131018,-0.015804,1.097720,-0.018764,0.588857,-0.419886,-0.294670,-0.178076,-0.176527,-0.190821,-0.603782,1.232327,-0.304408,-0.075842,0.913348,-0.226174,0.804322,1.305444,-0.435368,0.539630,-0.155514,-0.197567,-0.217750,-1.018067,0.090401,0.173506,0.416728,-0.266403,-0.093094,1.459219,-0.279149,0.156241,0.252192,-0.203845,0.026767,1.668855,-0.271454,-0.035093,0.105221,-0.023396,-0.290556,-0.408162,-0.301794,-0.267777,0.860217,-0.202776,-0.383774,1.103372,-0.138175,-0.494864,0.232685,-0.284476,-0.454812,1.033997,0.032465,-0.439610,0.790544,-0.073443,-0.275794,0.327903,-0.346107,0.261953,0.261722,-0.312595,0.184840,0.710380,-0.229638,0.077921,0.373583,-0.102956,-0.257657,1.362939,-0.248499,-0.184775,0.592369,-0.315825,-0.169594,1.030484,-0.305745,-0.089571,0.726300,-0.161034,-0.070425,-0.743242,-0.185883,0.370839,1.392772
-0.429687,1.055201,-0.283284,-0.336355,0.637006,-0.227215,-1.055391,0.715371,0.154902,-0.087997,1.290471,1.425372,-0.451821,-0.495883,0.851003,0.295414,0.815723,-0.722950,0.014227,2.130395,-0.492685,0.171318,-1.385122,0.204591,0.447409,-0.177058,-0.715398,-0.216378,-0.397381,-0.619065,-0.663942,-0.663956,-0.651622,-0.000000,-0.000000,-0.000000,-0.091127,-0.300975,-0.539345,1.480131,1.479546,1.243510,-0.000000,-0.000000,-0.000000,-0.618613,0.833413,0.237588,-0.265183,-0.862106,-0.876168,0.536428,-0.046320,-0.574345,-0.665995,-0.144016,0.380753,-0.000000,-0.000000,-0.000000,-0.000000,-0.000000,-0.000000,-0.000000,-0.000000,-0.000000,-0.000000,-0.000000,-0.000000,-0.000000,-0.000000,-0.000000,-0.000000,-0.000000,-0.000000,0.201656,-1.316245,1.482392,-0.006854,-0.543456,-0.459085,-0.355430,0.409487,2.134495,-0.061150,-0.725618,-0.316142,-0.000920,0.957216,0.772736,0.109675,-0.114242,0.359398,-0.189673,0.059196,0.986392,-0.184256,-0.296967,0.979132,0.171645,-0.850922,1.160074,0.077118,0.279102,-0.204867,-0.592034,0.165730,0.071339,-0.351580,0.420670,0.690550,0.293573,0.137826,0.224249,0.338964,0.707675,1.364041,-0.372667,0.333706,0.394111,0.129238,0.121855,0.162142,0.814330,0.070747,-0.323898,0.744410,0.485889,1.691518,0.401639,0.351544,-0.708950,-0.134435,0.525199,0.426026,-0.541763,0.992146,-0.386524,-0.453153,-0.452833,1.068702,-0.405498,-0.705143,-0.603452,-0.090030,-0.779126,-1.364029,-0.384271,-0.520274,-2.504585,-0.575232,0.046462,-1.725756,-0.551969,-0.863202,0.542261,-0.832907,-1.373106,0.297490,-0.606412,-1.603259,0.459060,-0.125260,-1.615096,0.563068,-0.585507,-0.597117,0.750528,0.271365,-0.889208,0.717278,0.997869,-0.889514,0.358231,1.243851,-0.775735,0.663118,-0.017508,-0.344865,0.930342,0.460808,-0.436283,0.899726,-0.379338,-0.467258,-0.356813,-0.771862,-0.413962,-0.268331,0.532710,-0.170197,-0.114612,0.854965,-0.128944,0.809879,0.331817,-0.067405,0.526154,0.149678,0.137625,0.287193,-0.256530,0.339443,-1.629073,-0.321005,0.475421,-0.993855,-0.521696,0.065571,0.503396,-0.238552,-0.564078,-1.695872,-0.257482,-0.539649,-1.782304,-0.327781,-0.547584,0.768808,-0.496916,-0.376575,-0.774932,-0.403785,-0.257017,0.458000,-0.280641,-0.302970,-0.039554,-0.382065,-0.134693,0.252317,-0.447730,-0.135041,1.039223,-0.413526,-0.048071,-0.097727,-0.360889,-0.457479,1.330541,-0.227697,-0.251142,0.526097,-0.444685,-0.866366,1.288126,-0.405448,-0.390885,1.030832,-0.441470,0.569171,0.912992,-0.464313,0.893809,-0.702904,-0.728293,0.464144,0.062399,-0.631668,0.096879,1.405527,-0.486493,0.059368,-0.296490,-0.445517,-0.363476,0.625555,-0.193120,0.604190,-0.042814,-0.281479,0.733872,-0.610155,-0.277866,-0.055834,-1.229844,-0.124858,0.538004,-0.533120,-0.475383,-0.419729,0.836855,-0.138347,0.215503,-1.094380,-0.049611,-0.013484,-1.210437,-0.099177,0.510081,0.723824,-0.100186,0.665908,0.236571,-0.186505,0.329837,-1.225831,-0.140348,0.036362,-0.239078,-0.292279,0.306029,0.311743,-0.111611,0.333738,-0.123057,-0.087590,-0.080955,-0.225293,-0.527431,0.792606,-0.129002,-0.203701,0.449413,-0.289028,-0.368545,0.526087,-0.169477,-0.131848,0.435339,0.469839,-0.441028,0.284629,0.397177,-0.196098,-0.005508,-0.257488,-0.319838,0.600248,-1.266032,-0.359449,-0.679481,0.040296,-0.253020,-0.595645,-0.251064,-0.365593,-0.063161,1.251313,-0.289634,0.818734,-0.244438,-0.270113,0.553535,0.000487,-0.268570,-0.210859,-0.464002,0.028977,0.183580,-0.236843,-0.113875,-0.084076,0.725296,-0.129753,-0.178646,-0.423998,-0.259737,0.036515,0.405155,-0.329826,-0.023777,1.186860,-0.290823,-0.284267,-0.911389,-0.358009,-0.261855,1.306616,-0.258887,-0.378734,0.675173,-0.196322,-0.489980,0.067056,-0.129714,-0.449894,0.305047,-0.031931,-0.434313,0.008496,-0.134577,-0.269804,0.263865,-0.187213,0.269873,0.229465,-0.161656,0.193081,0.280612,-0.077204,0.085514,-0.508051,0.064740,-0.251086,0.476134,-0.101126,-0.178773,-0.132956,-0.165345,-0.163694,0.713515,-0.153355,-0.083618,0.461525,-0.455461,-0.061509,-1.422823,-0.249792,0.385837,0.121837
-0.433676,1.054775,-0.144437,-0.346348,0.642121,0.264142,0.329304,0.726700,0.132558,0.449413,1.285675,1.358442,-0.189547,-0.392739,1.734852,0.266067,-0.732121,-1.028165,0.009124,0.046791,-0.518613,0.157366,0.256995,-0.061906,0.477631,-0.192179,0.413159,-0.191735,-0.411500,0.313343,-0.663942,-0.663956,-0.651622,-0.000000,-0.000000,-0.000000,-0.074636,-0.310877,0.216653,-0.717797,-0.717800,-0.711982,-0.000000,-0.000000,-0.000000,-0.623932,0.842819,0.184299,-0.269707,-0.861697,-0.779239,0.537712,-0.054094,-0.346113,-0.662975,-0.136970,0.359034,-0.000000,-0.000000,-0.000000,-0.000000,-0.000000,-0.000000,-0.000000,-0.000000,-0.000000,-0.000000,-0.000000,-0.000000,-0.000000,-0.000000,-0.000000,-0.000000,-0.000000,-0.000000,0.177805,-0.703686,0.174774,-0.026770,0.118520,-0.629299,0.024619,-0.427496,0.612836,-0.082872,0.004358,-0.237605,-0.023686,-0.042907,1.312145,-0.588896,1.176452,0.964755,-0.208167,0.063745,0.968253,-0.208311,0.459502,1.697119,0.144473,-0.177026,-0.346225,0.057320,0.902706,-0.458075,-0.144766,-0.526488,-1.246060,0.169608,-0.292069,0.641511,0.264295,-0.622026,1.004351,0.320489,0.131328,1.097378,0.150042,-0.167762,-0.397158,0.657488,-0.497521,0.700845,1.337067,-0.700872,-0.287488,0.724372,0.934669,0.468043,0.960388,-0.238977,-0.551919,0.587790,-0.092200,0.627919,0.103826,-0.049176,0.515089,-0.185279,-0.385809,0.562631,-0.178399,-0.557777,-0.465551,-0.007821,-0.624306,-1.480699,-0.186033,-0.585441,-2.149953,-0.041768,-0.142952,-1.542533,-0.682620,-0.853680,0.013383,-1.057734,-1.538320,0.565526,-1.089518,-1.734610,0.271578,-0.845128,-1.747655,0.940374,-1.222090,-0.722878,-0.194948,0.361159,-0.878065,0.088770,0.643809,-0.488116,0.285860,0.715779,-0.234592,0.500613,-0.811990,-0.538713,0.814993,0.168397,-0.425791,0.235501,-0.455065,-0.412349,-0.441256,-0.726732,-0.443600,-0.416956,-0.233502,-0.361195,0.067926,0.522005,-0.139555,0.883143,0.142194,-0.058481,0.434538,-0.126868,0.063976,0.253223,-0.261525,0.344071,-1.978467,-0.326534,0.479908,-1.044118,-0.527033,0.068643,0.821259,-0.243029,0.081696,-1.640039,-0.261681,-0.056784,-1.540799,-0.567329,-0.547299,0.655285,-0.501191,-0.376368,-1.108827,-0.408132,-0.036673,0.602068,-0.285058,-0.302970,-0.209190,-0.386100,-0.134496,0.263234,-0.452183,-0.134781,1.079761,-0.418823,-0.047125,-0.117951,-0.367313,-0.456249,1.328724,-0.234716,-1.068886,0.513913,-0.450565,-0.863686,1.393016,-0.410594,-0.386376,1.172596,-0.446925,0.574337,1.098422,-0.469289,0.897340,-0.614617,-0.732702,0.901655,0.368186,-0.636248,0.101140,1.371565,-0.721585,0.062152,-0.100531,-0.450381,-0.360575,0.756614,-0.197756,0.608605,-0.178949,-0.286748,0.739111,-0.418372,-0.530814,-0.052499,-1.301391,-0.377223,0.544170,-0.842736,-0.480231,-0.415557,1.271931,-0.364627,0.219621,-1.169602,-0.269260,-0.011444,-1.505888,-0.103593,0.513506,0.251649,-0.104578,0.667976,0.001046,-0.191035,0.331339,-1.340457,-0.361948,0.577555,-0.377619,-0.296700,0.308321,0.192985,-0.116061,0.335014,-0.149175,-0.091897,-0.079500,-0.527599,-0.770272,0.796887,0.188660,-0.441221,0.453478,-0.596241,-0.608499,0.530005,0.086396,-0.375586,0.440039,0.325440,-0.446074,0.287636,0.457568,-0.435973,-0.002650,-0.694335,-0.324975,0.603418,-1.303951,-0.364616,-0.167472,-0.246676,-0.488306,-0.593270,-0.862175,-0.370506,-0.058671,1.090542,-0.294738,0.823571,-0.428159,-0.502014,0.558202,0.087276,-0.273688,-0.210331,-0.273337,-0.422676,0.184844,-0.398208,-0.118250,-0.082945,0.151285,-0.134025,0.164919,-0.730022,-0.263984,0.037738,0.116303,-0.334278,-0.022411,1.260103,-0.295378,-0.283508,-0.958882,-0.362296,-0.261169,1.332654,-0.263152,-0.378349,0.402922,-0.200735,-0.282142,-0.267006,-0.134153,-0.449518,-0.184713,-0.271129,-0.433699,-0.362411,-0.139004,-0.269081,-0.054482,-0.191770,0.270812,0.298455,-0.165972,0.194057,0.146764,-0.291244,0.086429,-0.710858,-0.170364,-0.250573,0.273241,-0.105347,-0.178050,-0.275604,-0.169648,-0.162994,0.595248,-0.157726,-0.082912,0.339752,-0.459836,-0.059073,-1.632061,-0.255123,0.390001,-0.219600
-0.437964,1.053544,-0.012698,-0.335881,0.641264,0.215663,-1.039714,0.681435,0.839272,0.454627,0.884801,0.897165,-0.167347,-0.289224,1.752610,0.279738,-0.735782,-0.266061,-1.483907,0.030073,1.074323,0.173691,-1.398378,0.071451,0.451499,0.433551,-0.373672,-0.240220,0.174953,-0.375235,-0.663942,-0.663956,-0.651622,-0.000000,-0.000000,-0.000000,-0.090264,0.994416,-0.208382,-0.717797,-0.717800,-0.711982,-0.000000,-0.000000,-0.000000,-0.627485,0.843263,0.345387,-0.270145,-0.860855,-0.755182,-1.517154,-0.051219,-0.470315,-0.666415,-0.068114,0.039389,-0.000000,-0.000000,-0.000000,-0.000000,-0.000000,-0.000000,-0.000000,-0.000000,-0.000000,-0.000000,-0.000000,-0.000000,-0.000000,-0.000000,-0.000000,-0.000000,-0.000000,-0.000000,-0.222646,-0.488786,1.230385,-0.300569,-0.352208,1.469997,0.180249,0.578104,2.139559,0.089501,0.105564,0.168989,-0.226245,1.036925,-0.960083,-0.473590,-0.039131,0.382820,-0.422320,0.704525,1.077005,-0.017518,1.194023,0.491505,-0.579068,-0.215793,0.700623,-0.238433,0.966439,1.046903,-0.444532,0.873121,-0.054353,0.395778,1.107372,-0.156829,0.497841,0.858465,-0.032572,0.035351,1.338316,1.292909,-0.210561,0.849679,0.043883,-0.237781,1.356082,-0.607667,0.474560,0.808539,-0.693247,0.415121,1.435873,0.453075,-0.601548,1.558233,-1.362110,0.109814,1.156077,-0.247291,0.368195,1.512808,-0.655739,0.240994,-0.150153,-0.248857,-0.164974,-0.228477,-1.691374,0.707570,0.013386,-1.544525,0.112317,-0.029834,-0.413759,0.144806,-0.171231,0.562699,-0.352818,-0.815467,-0.299344,-1.365573,-1.548004,0.658087,-1.536110,-1.836991,0.214255,-1.432979,-1.850664,0.607905,-1.251301,-0.882284,0.221856,-1.102075,-0.816484,-0.178038,-0.573401,-0.324428,-0.058097,-0.350759,-0.000711,-0.959083,-1.505283,-0.807727,0.586354,-0.809255,-0.494734,0.422118,-0.501734,-0.327570,-0.701150,-0.459422,-0.255699,-0.970681,-1.110422,-0.688328,0.762833,-0.422476,-0.322086,0.805993,-0.224057,-0.145846,0.403329,-0.125729,-0.008209,-0.366177,-0.389790,-0.020447,-0.195229,-0.773612,0.291283,0.330279,-0.658992,0.097281,-0.256525,-0.342093,0.226702,-0.299002,-0.337871,-0.346318,-0.933071,-0.390852,-0.376756,0.076513,-0.298181,-0.446386,0.019131,-0.391519,-0.305606,-0.363727,-0.434321,-0.340204,1.269504,-0.482465,-0.185770,-0.559982,-0.516832,-0.232617,1.056676,-0.459179,0.231570,-0.768786,-0.386783,-0.210716,1.476497,-0.238787,-0.930267,0.686150,-0.451918,-0.883284,1.425208,-0.410177,-0.652498,1.176353,-0.444620,0.109556,1.049028,-0.557446,0.509262,0.231151,-0.792330,1.048686,1.066365,-0.898679,0.296558,0.751144,-0.954812,0.200218,-0.353198,-0.667113,-0.171741,0.277121,-0.104798,0.078518,-0.570586,-0.403719,0.144770,-0.713843,-0.368889,0.618968,-0.574009,-0.429165,0.819070,0.083174,-0.507052,-0.143979,0.708293,-0.302292,0.624506,-0.371879,-0.206817,0.273061,-0.988922,-0.254395,0.307794,0.305842,-0.254574,0.581073,0.618836,-0.381961,0.339245,-0.831287,-0.312875,0.596044,0.079954,-0.233248,0.329686,0.512537,-0.252648,0.347538,0.157948,-0.211019,-0.081326,-0.442448,-0.574358,0.475587,-0.108458,-0.462496,0.935219,-0.261203,-0.607443,0.121294,-0.799282,-0.349899,0.087271,0.319539,-0.700984,0.026915,-0.337216,-0.457459,0.386331,-0.123319,-0.451872,0.312082,-0.779049,-0.471356,0.089422,-0.223066,-0.335822,0.198989,-1.450684,-0.429234,0.389400,0.487948,-0.372217,0.460560,0.093682,-0.375088,0.207950,0.344762,-0.516893,-0.411435,-0.411199,-0.164620,0.293104,0.079504,-0.279133,-0.012716,0.892241,-0.278401,0.231138,-0.502703,-0.190139,0.113660,0.325494,-0.455663,0.090565,1.158649,-0.396508,-0.198779,-0.988462,-0.479196,-0.172568,1.176287,-0.394076,-0.301324,0.766778,-0.349850,-0.414950,0.542860,-0.297392,-0.374356,0.661202,0.001534,-0.354451,0.441298,-0.337718,-0.188383,0.676516,-0.359368,0.016433,0.155293,-0.311838,0.295982,0.357286,-0.215598,0.177915,-0.494463,-0.058222,-0.164298,0.557308,-0.234926,-0.105743,-0.077837,-0.315071,-0.090013,0.806108,-0.318463,-0.009278,0.447230,-0.467959,0.247121,-1.649884,-0.348095,-0.044282,-0.097508
-0.439741,1.050254,0.071219,-0.333192,0.662534,-0.089688,-1.047275,0.674735,0.418673,0.460063,0.896772,1.047546,0.106534,-0.283617,0.429932,0.290353,0.820934,-0.365121,0.002496,0.071818,0.246876,0.172206,-1.398378,0.083027,0.444941,-0.177058,0.054058,-0.210023,-0.395207,0.017698,-0.663942,-0.663956,-0.651622,-0.000000,-0.000000,-0.000000,-0.081915,-0.294777,0.038531,-0.717797,-0.717800,-0.711982,-0.000000,-0.000000,-0.000000,-0.623644,0.849247,0.292679,-0.824160,-0.853733,-0.801570,-1.520553,-0.043045,-0.532733,-0.669434,-0.081279,0.191987,-0.000000,-0.000000,-0.000000,-0.000000,-0.000000,-0.000000,-0.000000,-0.000000,-0.000000,-0.000000,-0.000000,-0.000000,-0.000000,-0.000000,-0.000000,-0.000000,-0.000000,-0.000000,-0.261048,-0.744814,1.341453,-0.644674,-0.072728,0.871216,-0.081471,0.662412,1.980877,-0.094020,-0.006309,-0.071654,0.042040,1.638414,0.442047,-0.086472,0.439551,0.046359,-0.297000,0.954513,0.956979,-0.232679,1.358432,1.633236,-0.274226,-0.157613,0.295572,-0.210156,0.766128,0.586508,-0.795638,1.110583,0.364363,0.081555,1.201045,1.036829,0.296537,0.880833,0.318658,0.045189,1.162889,1.532324,-0.660198,1.053194,-0.215079,-0.040079,0.881354,-0.428361,-0.324039,0.110143,1.144916,0.425791,0.875687,1.800996,-0.514961,1.267282,-1.123128,0.316492,1.385917,-0.273325,-0.076389,1.136566,-0.324935,0.478506,-0.106819,0.207023,0.809246,-0.106934,-0.185196,0.544945,0.053999,-0.558662,0.266089,0.010990,0.178742,-0.189465,0.080395,0.139283,-0.138138,-0.750638,-0.284589,-1.223190,-1.392234,0.763546,-1.563262,-1.799039,0.137452,-1.525302,-1.916250,0.785465,-1.120531,-0.858793,0.828457,-1.379422,-0.951881,0.600493,-1.050589,-0.228367,-0.532404,-0.931619,0.023680,-0.765586,-1.488035,-0.821285,1.461298,-1.233759,-0.668286,0.840305,-0.861087,-0.387619,-1.052812,-0.696950,-0.156209,-1.320642,-1.321607,-0.701529,2.594121,-0.937852,-0.528087,0.479833,-0.603963,-0.179110,1.098977,-0.263038,0.123446,1.349607,-0.559053,0.573426,-0.915187,-0.656247,0.619941,0.053520,-0.847306,0.076940,0.207958,-0.271269,0.021135,-0.316630,-0.293677,-0.149941,-0.380632,-0.612349,-0.013458,-0.382659,-0.338695,-0.235552,-0.549087,-0.272045,-0.126117,1.019401,-0.391289,-0.381357,0.107745,-0.311973,-0.000330,-0.479484,-0.394029,-0.235264,-0.361405,-0.136589,-0.184881,0.230727,-0.607433,-0.570393,0.847871,-0.496969,-0.304538,1.696384,-0.671099,-0.823619,1.308289,-0.611818,-0.203601,0.224188,-0.422374,-0.292335,-0.220828,-0.508151,1.129499,-0.181173,-0.777215,1.073847,-0.188900,-0.925989,0.385436,1.272679,-0.797868,0.242376,-0.457148,-0.792189,-0.153902,0.509195,-0.322789,0.923125,0.408742,-0.195736,1.088685,-0.448844,-0.455453,0.708598,-0.873696,-0.566714,0.959997,0.482040,-0.655766,-0.118324,0.119191,-0.472646,1.207464,-0.268997,-0.374893,0.094934,-0.638326,-0.420345,0.647903,0.782597,-0.419635,0.732491,0.747517,-0.515352,0.339245,-0.294831,-0.461074,0.582911,0.541777,-0.402080,0.314511,0.832928,-0.443158,0.341701,0.585085,-0.415783,0.335507,-0.221163,-0.588137,0.995921,-0.375468,-0.507128,0.712595,-0.040379,-0.687215,0.779763,-0.734858,-0.469071,0.658566,0.736746,-0.784110,0.450449,-0.040130,-0.502533,0.152134,0.275138,-0.229110,0.783889,-0.722234,-0.516539,-0.011859,0.043547,-0.419039,-0.426751,1.069812,-0.538722,0.174678,0.989661,-0.460095,1.048443,1.012508,-0.646769,0.775170,0.004322,-0.622958,0.329994,-0.405222,-0.292534,0.139525,-0.271086,-0.425208,0.304300,0.524325,-0.441558,0.479694,-0.061382,-0.372628,0.009319,0.742026,-0.669821,0.430378,0.280717,-0.216692,-0.043981,-0.909502,-0.480499,-0.302393,0.846771,-0.372599,-0.414156,0.491598,-0.518364,-0.317779,-0.196441,-0.445606,-0.276525,0.025299,-0.369000,-0.246074,-0.145994,-0.448741,-0.305575,-0.294160,-0.511539,0.227518,0.822971,-0.476680,0.149015,0.834441,-0.402537,0.380922,0.502591,-0.308522,-0.288969,1.002319,-0.415660,0.054704,0.781686,-0.479411,0.063939,1.221482,-0.464405,-0.115452,1.110108,-0.532141,0.091297,-1.473034,-0.413282,0.655384,1.215128
-0.439444,1.047366,0.088097,-0.305767,0.683803,-0.995471,0.347220,0.675170,0.498680,0.470493,1.285675,0.868272,0.377152,-0.084941,-0.490642,0.314115,0.842657,-0.398232,0.001303,0.038432,0.757666,0.171916,-1.381808,-0.058938,0.457209,-0.191014,-0.064010,-0.197313,-0.403904,1.059801,-0.663942,-0.663956,-0.651622,-0.000000,-0.000000,-0.000000,-0.091127,-0.307158,-0.109073,1.480002,1.479546,1.590500,-0.000000,-0.000000,-0.000000,-0.621264,0.858653,0.246885,-0.826476,1.167302,-0.857361,-1.522680,-0.028297,-0.646207,-0.671141,-0.093394,0.277472,-0.000000,-0.000000,-0.000000,-0.000000,-0.000000,-0.000000,-0.000000,-0.000000,-0.000000,-0.000000,-0.000000,-0.000000,-0.000000,-0.000000,-0.000000,-0.000000,-0.000000,-0.000000,-0.258212,-0.059096,1.066632,-0.228716,-0.013887,0.496286,-0.072434,0.728639,2.137693,-0.082017,0.046961,-0.378324,0.056834,0.718000,-0.220635,-0.418283,1.120133,-0.355823,-0.288788,0.986302,1.011546,-0.219546,1.385867,1.404199,-0.257385,-0.133347,0.148755,-0.205437,1.421626,0.020404,-0.786740,1.140867,0.042520,0.096361,1.227019,0.842220,0.313959,0.903202,0.518513,0.048771,1.764318,1.644308,-0.651400,1.078611,0.437420,-0.027124,0.908506,-0.702361,-0.306343,0.138332,0.407100,0.868485,1.350700,1.618101,-0.506423,1.297213,-1.489021,0.331399,1.417494,-0.554629,-0.061039,1.159344,-0.447121,0.418600,-0.031853,0.102302,0.950234,-0.019622,0.337739,0.898385,-0.034674,0.187104,0.247158,0.119501,0.248858,-0.692611,0.184915,0.093431,-0.198871,-0.624900,-0.621225,-1.323766,-1.379787,0.893875,-1.699788,-1.748287,0.397229,-1.634307,-1.842188,0.599836,-1.117720,-0.776102,1.263686,-1.497628,-0.824555,0.323445,-1.207374,-0.137830,-0.205499,-1.090875,0.065745,-0.840257,-1.552626,-0.699860,1.427501,-1.339791,-0.580020,1.052406,-0.976073,-0.295322,-0.387013,-0.755740,-0.092440,-0.638667,-1.415870,-0.646669,1.715161,-0.998473,-0.466841,0.610654,-0.627019,-0.112265,1.478001,-0.312020,0.165269,1.325893,-0.545054,0.325483,-1.178876,-0.641055,1.531792,-0.446213,-0.832612,0.695347,0.258069,-0.506356,0.493399,-0.708015,-0.283481,0.200133,-0.909163,-0.602368,-0.098746,0.237018,-0.330551,-0.080650,-0.458217,-0.483491,0.031079,0.925159,-0.386685,-0.246793,0.535505,-0.502086,0.159366,-0.707472,-0.597107,-0.023884,0.069128,-0.136382,0.186907,-0.312016,-0.607955,-0.073753,1.082315,-0.498069,-0.518032,2.028061,-0.671992,-0.091763,1.638143,-0.612838,0.743467,0.607984,-0.423433,0.585950,-0.251519,-0.757231,1.624306,-0.930426,-0.998731,0.974003,-0.007481,-0.917440,0.902281,1.490924,-1.019841,0.141725,-0.040398,-0.785325,0.254131,0.915686,-0.318957,1.544081,0.436591,-0.434491,0.900054,-0.687319,-0.453214,0.588311,-1.249383,-0.565816,1.708048,-0.433037,-0.655766,0.468502,0.849356,-0.467631,1.025866,-0.994391,-0.370222,0.435282,-1.092839,-0.415733,1.212616,0.691390,-0.415048,1.152596,0.208425,-0.509379,0.648030,-1.032829,-0.455779,0.982165,-0.082808,-0.397269,0.775870,0.502924,-0.438905,0.684628,-0.005543,-0.412229,0.232944,-0.598199,-0.815911,1.590940,-0.302887,-0.498714,1.394217,-0.432394,-0.679554,1.436766,-0.425070,-0.462167,1.311860,0.702704,-0.775850,0.952725,0.325900,-0.494036,0.629639,-0.155625,-0.461067,0.616715,-1.155428,-0.750684,-0.132044,0.644808,-0.417160,-0.024411,1.539788,-0.537498,0.800157,1.566090,-0.458177,0.835663,0.129219,-0.643908,1.423805,-0.446621,-0.615073,0.252203,-0.456641,-0.508966,0.479843,-0.350435,-0.420076,0.196137,0.434374,-0.436908,0.390251,-0.455627,-0.368554,0.339443,0.381717,-0.666156,0.298352,1.006129,-0.213846,-0.118112,-0.628767,-0.681912,-0.118815,1.129569,-0.572610,-0.258359,0.670697,-0.513562,-0.166598,0.040850,-0.440399,-0.332430,0.136790,-0.362655,-0.306372,-0.239747,-0.442308,-0.111555,-0.071966,-0.506193,0.483170,0.501627,-0.471982,0.414991,0.468429,-0.398364,0.291884,-0.295492,-0.304991,-0.076451,1.156048,-0.411625,0.249028,0.097198,-0.474727,-0.004799,0.893255,-0.459277,0.076697,0.661086,-0.524222,-0.038785,-1.641075,-0.646029,1.353493,0.529565
-0.439741,1.048195,0.091294,-0.303551,2.784864,-1.066054,0.347784,0.675579,0.477989,0.470493,1.285675,0.855271,0.377260,-0.084960,-0.476218,0.314609,0.846953,-0.418599,0.002203,0.038432,0.827883,0.165973,0.256995,-0.150816,0.448232,-0.192179,0.075618,-0.193336,-0.406064,0.999745,-0.663942,-0.663956,-0.651622,-0.000000,-0.000000,-0.000000,-0.101619,-0.307158,-0.297556,1.480034,1.479546,1.583374,-0.000000,-0.000000,-0.000000,-0.621570,0.858653,0.248281,-0.826583,1.167302,-0.857917,-1.522680,-0.031971,-0.618676,-0.673741,-0.092405,0.237382,-0.000000,-0.000000,-0.000000,-0.000000,-0.000000,-0.000000,-0.000000,-0.000000,-0.000000,-0.000000,-0.000000,-0.000000,-0.000000,-0.000000,-0.000000,-0.000000,-0.000000,-0.000000,0.279250,-0.150503,-0.365862,-0.236564,1.221833,-0.925176,-0.080012,-0.210734,0.047282,-0.089449,0.659730,-1.100030,0.049437,0.565836,-1.148417,-0.424731,1.659890,1.249973,0.052990,0.890879,0.318582,-0.227551,0.536186,0.857646,0.200897,1.083642,-0.171662,-0.213916,1.330556,0.032881,-0.331619,0.352678,-1.413649,0.085952,0.415463,-0.342773,0.304320,-0.722548,-0.712498,0.445327,0.548969,0.440158,-0.119892,0.017566,-0.555173,0.512055,-1.021973,-0.402729,0.774522,0.025645,-1.407038,0.421275,1.285160,-0.147127,0.640076,0.051974,-1.139430,0.317032,0.101552,-0.638574,-0.073911,-0.463460,1.079055,0.418729,-0.031884,0.040612,0.950324,-0.019653,0.315536,0.898431,-0.034716,0.153415,0.247225,0.119473,0.246701,-0.692569,0.166914,0.128435,-0.198808,-0.624932,-0.612778,-1.323666,-1.357879,0.884309,-1.699721,-1.748313,0.393529,-1.634223,-1.842209,0.593084,-1.117589,-0.776132,1.292939,-1.497512,-0.824592,0.278297,-1.207286,-0.137865,-0.239039,-1.116956,0.065715,-0.853181,-1.552505,-0.718293,1.428019,-1.339697,-0.580073,1.103123,-0.975993,-0.295357,-0.404844,-0.755701,-0.092469,-0.678199,-1.415782,-0.646696,1.741761,-0.998405,-0.466871,0.600681,-0.626972,-0.131849,1.428242,-0.311951,0.165243,1.322538,-0.477300,0.700205,-0.918882,-0.870269,1.006927,-1.021543,-0.755421,1.336491,-1.266919,-0.429486,0.466602,-0.486542,-0.422670,-0.214396,-1.028359,-0.729357,-0.006735,0.765218,-0.415871,-0.203878,0.193804,-0.527413,-0.071335,-0.521088,-0.593011,-0.141930,1.106601,-0.455130,-0.171587,-1.039722,-0.509030,0.099268,0.461905,-0.469160,0.331158,-1.816561,-0.699952,0.676428,1.662729,-0.278260,0.224082,2.238810,-0.486071,0.607996,2.367279,-0.670128,0.128854,1.179117,-0.711258,0.951080,0.187038,-0.659122,1.703457,-0.548859,-0.892908,0.992078,-0.602789,-1.013941,0.902901,1.444386,-0.855401,0.148897,-0.141286,-0.824726,0.288828,0.937450,-0.286275,1.596884,0.198953,-0.615646,0.894054,-0.744751,-0.603500,0.571520,-1.296212,-0.681747,1.700986,-1.072531,-0.737787,0.518402,1.456694,-0.465625,1.211666,-1.378533,-0.366533,0.139765,-1.115638,-0.412091,1.552008,0.676864,-0.411426,0.910782,-0.260145,-0.534950,0.124614,-0.928057,-0.466178,0.854926,-0.703709,-0.392081,1.254192,0.075570,-0.419770,0.571709,-0.583017,-0.380255,0.121261,0.209232,-0.927213,1.838307,-1.301313,-0.585262,1.619982,-0.174457,-0.744005,1.654376,-0.789722,-0.502541,1.583454,0.800872,-0.847501,0.506334,0.407287,-0.581441,0.839248,0.622798,-0.413352,0.123338,-1.524304,-0.683330,-0.535821,1.026269,-0.555093,0.082753,0.937579,-0.654954,1.014182,1.612948,-0.597008,1.108672,-0.935140,-0.577879,1.693463,-0.979982,-0.673091,-0.023257,-0.097198,-0.313354,0.463895,0.200604,-0.428439,0.572118,1.103260,-0.431895,0.020994,-0.149660,-0.555666,0.745903,0.611927,-0.631551,0.781046,0.715360,-0.368758,-0.107258,-0.016904,-0.648585,-0.096952,0.338431,-0.554268,-0.238026,1.215082,-0.508384,-0.145212,1.216110,-0.448884,-0.102787,0.833101,-0.155673,-0.060671,-0.026626,-0.479922,-0.101217,1.219595,-0.514905,0.137148,-0.294098,-0.466917,0.419927,-0.244588,-0.379587,-0.043344,-0.720613,-0.254635,0.224418,0.921504,-0.393472,-0.013987,-0.341577,-0.469678,-0.001265,0.215096,-0.467633,0.080264,-0.047026,-0.596740,0.107640,-1.137776,-0.565884,1.584717,-0.152430
-0.439588,1.049023,0.097582,-0.311319,0.670636,-0.724054,0.358421,0.678085,0.399634,0.485913,1.301652,1.192117,0.380361,0.017289,-1.000380,0.308560,0.810213,0.042386,-1.499254,0.017534,-0.124769,0.179037,-1.391750,0.161175,-1.574025,-0.794653,0.025469,-0.324481,-0.965367,0.214258,1.578915,1.599522,1.321212,-0.000000,-0.000000,-0.000000,-0.101397,-0.952389,-0.719869,1.480156,1.479546,1.617102,-0.000000,-0.000000,-0.000000,-0.622742,0.857817,0.288845,-0.826583,1.165642,-0.806135,-1.523108,-0.036071,-0.525931,-0.671587,-0.120776,0.320088,-0.000000,-0.000000,-0.000000,-0.000000,-0.000000,-0.000000,-0.000000,-0.000000,-0.000000,-0.000000,-0.000000,-0.000000,-0.000000,-0.000000,-0.000000,-0.000000,-0.000000,-0.000000,-0.109905,-0.598496,1.413721,-0.094700,0.045013,1.567898,0.075618,0.734666,2.198446,-0.692578,0.004358,0.312446,-0.150847,0.602108,-1.211596,-0.644703,1.063814,-0.075526,-0.505261,1.495320,0.592686,-0.038676,0.486870,-0.089378,-0.513341,-0.293387,0.635917,-0.075948,0.743402,0.989956,-0.160849,1.014550,-0.185765,0.310924,1.768099,-0.563427,0.032966,0.707613,0.191750,0.570748,1.146167,1.630343,0.069390,1.489234,-0.038720,-0.368626,1.392230,-1.264592,-0.618381,-0.041940,0.937584,0.995794,0.872408,1.465112,0.259186,1.215935,-1.010291,0.598279,1.309340,-0.766613,0.190458,1.056725,-1.228631,0.419634,0.052688,0.246705,0.873285,0.145340,0.226123,0.841007,0.081286,-0.224515,0.277785,0.217929,0.301855,-0.718453,0.244891,0.462461,-0.156731,-0.557224,-0.800764,-1.279055,-1.285268,0.696000,-1.698188,-1.708270,0.137560,-1.668521,-1.782583,0.434979,-1.116491,-0.692891,1.268802,-1.596043,-0.792830,0.046519,-1.282797,-0.038092,-0.108052,-1.063743,0.190739,-0.891864,-1.551859,-0.693792,1.306758,-1.379274,-0.549551,1.041597,-0.974904,-0.220719,-0.228559,-0.754888,0.029729,-0.565948,-1.415547,-0.604281,2.459205,-1.057373,-0.440655,0.840656,-0.656832,-0.046839,1.278111,-0.341261,0.219604,1.445262,-0.545797,1.341611,-1.112702,-0.641887,1.517480,-0.349860,-0.833416,0.685545,0.438408,-0.507022,0.485225,-0.754103,-0.284287,0.193171,-0.846807,-0.603215,-0.103232,0.211891,-0.555757,-0.083961,-0.600438,-0.484683,0.027480,0.695395,-0.388217,-0.249865,0.526515,-0.503661,0.155721,-0.641764,-0.598967,-0.028418,0.036597,-0.138490,0.179012,-0.299497,-0.610770,-0.083016,1.065579,-0.501315,-0.528410,1.901546,-0.674707,-0.103355,1.606475,-0.615311,0.729754,0.575416,-0.425951,0.574337,-0.269309,-0.758185,1.619010,-0.843957,-0.999364,0.970852,-0.031078,-0.918271,0.897426,1.458221,-0.791406,0.138147,-0.201694,-0.786649,0.249799,0.648853,-0.320573,1.537488,0.286761,-0.436477,0.894054,-0.715094,-0.701695,0.583981,-1.240998,-0.568047,1.700986,-0.433516,-0.657902,0.462271,0.836104,-0.469041,1.018927,-1.050792,-0.371592,0.431203,-1.140240,-0.417085,1.204496,0.662618,-0.416393,1.146002,0.197985,-0.510604,0.642743,-1.046171,-0.457161,0.975837,-0.092600,-0.398802,0.768557,0.512572,-0.440446,0.679183,0.012353,-0.413728,0.228191,-0.531471,-0.816769,1.583072,-0.343169,-0.499768,1.386086,-0.287034,-0.680827,1.428928,-0.348651,-0.463449,1.303222,0.707167,-0.776990,0.946124,0.391260,-0.495100,0.623364,-0.046767,-0.463000,0.610376,-1.241870,-0.752611,-0.136653,0.676365,-0.419242,-0.029200,1.356697,-0.764842,0.792755,1.561934,-0.460095,0.827623,0.078608,-0.645752,1.415229,-0.401946,-0.616451,0.248220,-0.405181,-0.510191,0.473559,-0.358465,-0.421413,0.190879,0.461540,-0.438390,0.385591,-0.371161,-0.370030,0.333759,0.434416,-0.667886,0.291983,1.040792,-0.215555,-0.121887,-0.563847,-0.683578,-0.122225,1.177925,-0.574087,-0.261265,0.657911,-0.515092,-0.169591,0.024450,-0.441756,-0.335265,0.099914,-0.363922,-0.309423,-0.334331,-0.443503,-0.115150,-0.126261,-0.507586,0.478425,0.515914,-0.473479,0.410054,0.510360,-0.399876,0.287605,-0.239185,-0.306854,-0.080399,1.248833,-0.413087,0.245421,0.142945,-0.476220,-0.008334,0.927338,-0.460613,0.073131,0.677428,-0.525265,0.500884,-1.482724,-0.648168,1.345165,0.419191
-0.443731,1.051083,0.158975,-0.311793,0.634019,-0.173714,0.369058,0.663840,0.458093,0.499559,1.300053,1.011826,0.660609,0.120277,-1.088311,0.324730,-0.729356,0.814306,0.025958,0.034253,-0.213812,0.165085,0.266937,-0.187252,0.438009,-0.180551,1.050173,-0.214801,-0.395207,1.055824,1.578864,1.599522,1.286367,-0.000000,-0.000000,-0.000000,-0.101397,-0.307158,0.627849,-0.717797,-0.717800,-0.711982,-0.000000,-0.000000,-0.000000,-0.629847,0.859960,0.325571,-0.829788,-0.848729,-0.730915,-1.529478,-0.047944,-0.610834,-0.672874,-0.105570,0.257057,-0.000000,-0.000000,-0.000000,-0.000000,-0.000000,-0.000000,-0.000000,-0.000000,-0.000000,-0.000000,-0.000000,-0.000000,-0.000000,-0.000000,-0.000000,-0.000000,-0.000000,-0.000000,0.184687,0.585493,0.498754,-0.020432,0.824672,-0.427443,0.031894,-0.397360,0.510852,-0.074864,0.031025,-0.824342,-0.014864,-0.006724,0.826422,-0.242464,1.199885,0.460560,0.151587,-0.545301,0.578912,-0.199327,0.481383,0.374798,0.154804,0.506635,-0.583844,0.063613,0.925432,-0.649205,-0.136892,-0.501261,-2.287469,0.180432,0.446645,-0.927475,0.275404,0.165719,-0.684984,0.326144,0.728526,0.994270,-0.390655,0.348211,-0.598145,0.667600,-0.479474,0.386322,0.795039,0.098867,-0.352147,0.285879,1.399844,0.968789,0.969343,0.368625,-0.527319,0.600505,0.547699,0.433777,0.116185,-0.034006,0.722963,0.662229,0.099858,0.125477,1.043541,0.134123,0.202418,0.939376,0.107513,-0.138682,0.287927,0.189027,0.160785,-0.709061,0.216723,0.527348,-0.224219,-0.527981,-0.731230,-1.307204,-1.297647,0.521275,-1.812593,-1.683157,0.334108,-1.869986,-1.790393,0.196677,-1.210361,-0.646015,0.890741,-1.528552,-0.710518,0.215082,-1.230931,-0.051128,-0.241845,-1.028497,0.199280,-1.169425,-1.638141,-0.612202,1.306684,-1.405681,-0.539660,1.333794,-0.997322,-0.233377,-0.067663,-0.721055,0.057316,-0.486044,-1.402211,-0.523929,1.563533,-1.017234,-0.432188,0.602037,-0.554378,-0.057937,1.500100,-0.210456,0.226606,1.473507,-0.554546,0.571567,-0.677609,-0.651280,0.612178,0.530568,-0.842492,0.068643,0.628192,-0.514417,0.011823,-0.353592,-0.290479,0.320734,-0.141810,-0.609592,-0.020215,-0.454448,-0.336665,-0.025292,-0.516102,-0.271055,-0.131694,1.077815,-0.391289,-0.386318,0.001004,-0.505593,-0.006201,-0.089466,-0.600268,-0.242206,-0.108254,-0.139138,-0.195560,-0.084315,-0.611031,0.097149,0.436741,-0.501315,-0.314886,1.183762,-0.674477,-0.832531,1.010739,-0.615110,-0.209272,0.130727,-0.425746,0.861932,-0.292274,-0.765524,1.131265,-0.589658,-1.005660,1.075815,0.741905,-0.923902,1.059329,0.910885,-0.796206,0.682446,-0.683391,-0.791297,0.378923,-0.158915,-0.545415,0.926049,-0.386377,-0.680939,1.093193,-0.240882,-0.703478,0.711465,-0.909763,-0.569163,0.965303,0.262338,-0.658289,-0.115561,0.194843,-0.693095,1.207464,-0.317997,-0.589088,0.542888,-0.942839,-0.420157,0.645141,-0.052777,-0.419448,0.728915,0.685532,-0.514731,0.749707,-0.052713,-0.460675,0.577555,0.495584,-0.401885,0.308321,0.648211,-0.443347,0.797955,0.654825,-0.416156,0.733702,-0.536839,-0.822796,0.995227,0.440074,-0.505243,0.712595,-0.587927,-0.685726,0.779763,-0.349942,-0.705684,1.517143,0.243147,-0.782278,0.449227,0.019983,-0.500629,0.779844,-0.746540,-0.465559,0.783271,-0.525784,-0.754765,-0.011410,-0.179096,-0.420707,0.100448,0.059751,-0.540770,0.174678,0.796454,-0.461797,1.047658,0.990526,-0.647804,0.774414,0.420567,-0.621551,0.325224,-0.152612,-0.291736,0.132797,-0.499670,-0.424837,0.299058,0.207172,-0.441369,0.474732,-0.021024,-0.372808,0.450707,-0.006928,-0.670403,0.423105,0.529845,-0.217458,-0.048525,-1.080727,-0.686002,-0.306489,0.815273,-0.576868,-0.204747,0.076101,-0.518169,-0.321343,-0.472473,-0.445230,-0.280114,-0.557593,-0.368164,-0.249937,-0.535608,-0.447726,-0.045279,-0.645061,-0.511153,0.570080,1.116689,-0.476489,0.505411,0.934925,-0.402722,0.375753,0.553419,-0.309140,-0.293699,0.873947,-0.415839,0.050619,0.775237,-0.479220,0.059944,1.329370,-0.464034,0.142020,1.332645,-0.530480,0.091297,-1.973636,-0.414569,0.655384,0.831607
-0.444173,1.051911,0.186047,-0.314009,0.649341,-0.246664,0.377457,0.682279,0.140271,0.500114,1.308037,1.004689,0.383465,0.318662,-0.446042,-2.211859,-0.740993,-0.244812,0.007912,-0.007493,-0.168476,0.151133,0.263623,-0.377162,0.447808,-0.184043,2.790865,-0.147227,-0.398468,3.147418,1.578621,1.599522,1.281914,-0.000000,-0.000000,-0.000000,-0.106323,-0.302215,1.941769,-0.717797,-0.717800,-0.711982,-0.000000,-0.000000,-0.000000,-0.630731,0.862520,0.316098,-0.830003,1.165209,-0.795281,-1.537560,-0.038521,-0.752479,-0.675894,-0.095434,0.104790,-0.000000,-0.000000,-0.000000,-0.000000,-0.000000,-0.000000,-0.000000,-0.000000,-0.000000,-0.000000,-0.000000,-0.000000,-0.000000,-0.000000,-0.000000,-0.000000,-0.000000,-0.000000,-0.406099,-0.141351,0.826183,-0.485896,0.074404,-0.194738,-0.035132,-0.427496,0.781283,0.234988,0.052294,-0.408686,-0.114711,0.080240,0.601801,-0.282135,1.889863,0.470211,0.092532,-0.454372,-0.079914,0.150533,-0.132558,-0.538338,0.515021,-0.007280,-0.791039,0.456185,0.970996,-0.736173,-0.202936,-0.395113,-1.698026,0.076741,-0.120410,-1.032962,0.156414,0.350124,-0.586292,0.291593,0.770331,1.089185,-0.458924,0.420914,-0.373718,0.015824,-0.361924,0.743548,0.121511,0.273501,0.349955,0.693033,1.429315,1.183783,0.315912,0.437105,-0.314070,-0.274233,0.637864,-0.167514,0.002327,0.057202,0.397713,0.532554,0.147402,0.220417,0.913619,0.162708,-0.237441,0.577425,0.316935,-0.761423,0.278800,0.141822,0.588183,-0.744565,0.170678,0.989179,-0.237318,-0.478341,-1.074740,-1.364271,-1.244299,0.789449,-1.912606,-1.605889,-0.378363,-1.952620,-1.673109,-1.658987,-1.228811,-0.618347,0.405170,-1.644670,-0.771969,0.536544,-1.320106,-0.063968,-0.002846,-1.010652,0.227735,-0.825467,-1.602917,-0.585697,1.271954,-1.378146,-0.529592,1.324156,-0.973921,-0.223478,-0.240313,-0.703964,0.085155,-0.666248,-1.414727,-0.552163,1.999389,-1.026901,-0.423525,0.983714,-0.594845,-0.049225,1.228777,-0.220117,0.233858,1.484082,-0.550304,1.342597,-1.304393,-0.646864,1.517480,-0.494996,-0.838220,0.683302,0.301902,-0.511280,0.482927,-0.786457,-0.288079,0.190548,-0.880704,-0.607466,-0.105481,0.024159,-0.335853,-0.301082,-0.349423,-0.489222,0.025486,0.767362,-0.393024,-0.251574,0.404916,-0.508574,0.153890,-0.735908,-0.604350,-0.030805,0.122172,-0.145075,0.175755,-0.183960,-0.618716,-0.086054,0.885118,-0.509962,0.284899,1.702548,-0.681940,-0.105131,1.483737,-0.621878,0.729754,0.538995,-0.432874,0.576472,-0.176029,-0.501757,1.620823,-0.415725,-1.003781,0.972435,-0.219332,-0.922851,0.899854,1.337282,-0.795986,0.577795,-0.474021,-0.791973,0.251740,0.307162,-0.547828,1.540441,0.158375,-0.442399,0.897039,-0.743305,-0.707947,0.586380,-1.242483,-0.574742,1.704499,-0.246270,-0.663929,0.465062,0.694646,-0.474040,1.020309,-0.875743,-0.376444,0.431601,-0.998421,-0.421876,1.205159,0.754551,-0.421159,1.146002,0.318313,-0.515554,0.642008,-0.757293,-0.462057,0.974389,0.188550,-0.403622,0.766884,0.679467,-0.445469,0.677906,0.328791,-0.418591,0.227449,-0.028102,-0.821289,1.584518,-0.259627,-0.504395,1.387706,-0.333924,-0.685501,1.430489,-0.322269,-0.468632,1.304809,0.442164,-0.782036,0.947322,0.401762,-0.499773,0.624503,-0.244266,-0.468764,0.611639,-1.040086,-0.758425,-0.135248,0.505586,-0.425075,-0.027760,1.545571,-0.545683,0.794211,1.453702,-0.466254,1.713450,0.712139,-0.651492,1.416805,-0.094329,-0.621796,0.246648,-0.220257,-0.515034,0.471886,-0.372739,-0.426151,0.189381,0.574707,-0.443047,0.384357,-0.237770,-0.374842,0.332140,0.622961,-0.672920,0.290192,0.768508,-0.220683,-0.123139,-0.690125,-0.688426,-0.123365,1.051047,-0.578902,-0.262218,0.482953,-0.519903,-0.170537,0.018386,-0.446563,-0.128284,0.000874,-0.369000,-0.086136,-0.420224,-0.448332,-0.116342,-0.283509,-0.512522,0.476843,0.668246,-0.478185,0.408409,0.716651,-0.404805,0.620707,0.009213,-0.312484,-0.081716,1.162573,-0.417852,0.244219,0.406047,-0.480911,-0.009512,1.101964,-0.465347,0.071942,0.883625,-0.530056,0.501871,-1.600294,-0.418848,1.346823,0.630456
-0.445211,1.046562,0.234616,-0.311948,0.653600,-0.361164,0.362625,0.698621,0.232213,1.041294,1.301652,0.785448,0.386299,0.322361,-0.130925,0.307017,-0.751396,1.100333,0.011822,-0.015852,0.016705,0.157964,0.266937,-0.205507,-1.569536,-0.188686,1.718302,-0.233065,-0.406064,2.303486,1.578086,1.599522,1.804806,-0.000000,-0.000000,-0.000000,-1.212279,-0.308398,1.044057,-0.717797,-0.717800,-0.711982,-0.000000,-0.000000,-0.000000,-0.632786,0.863801,0.291865,-0.831329,1.165209,-0.709067,-1.532033,-0.031146,-0.699023,-0.672874,-0.111628,0.258775,-0.000000,-0.000000,-0.000000,-0.000000,-0.000000,-0.000000,-0.000000,-0.000000,-0.000000,-0.000000,-0.000000,-0.000000,-0.000000,-0.000000,-0.000000,-0.000000,-0.000000,-0.000000,-0.376206,0.603797,0.570946,-0.438215,0.172452,-0.207420,0.030454,-0.373324,0.885718,0.317877,0.046961,-0.408997,-0.014569,0.007785,0.667680,-0.244689,1.856977,0.696379,0.150318,-0.531654,-0.166584,-0.199973,-0.264112,0.335336,0.154804,-0.152760,-0.964201,0.060160,0.939101,-0.692539,-0.139294,0.201072,-1.173319,-0.371590,0.451852,-0.395927,-0.234678,0.176903,-0.562856,0.322562,0.736887,1.216724,-0.393847,0.359123,0.418455,0.108172,-0.470424,0.830072,0.241329,0.104505,0.042481,0.726620,1.409641,1.321124,0.378626,0.381475,-0.411776,-0.163170,0.556721,0.268079,-0.567508,-0.026397,0.948143,0.637938,0.188369,0.264917,0.901736,0.167577,-0.657673,0.535912,0.340972,-0.423420,0.264038,0.131467,0.684749,-0.728281,0.125342,1.165062,-0.450926,-0.466017,-1.010917,-1.548994,-1.226443,0.261586,-2.097806,-1.623544,0.295032,-2.106025,-1.796180,-0.526121,-1.405482,-0.569003,0.136802,-1.757851,-0.781557,0.797146,-1.333355,-0.100127,0.301297,-1.046080,0.195306,-0.338702,-1.656965,-0.558467,1.462786,-1.427069,-0.542182,1.432446,-0.983802,-0.215424,-0.474014,-0.686602,0.033120,-0.734411,-1.451160,-0.473015,2.029438,-1.029588,-0.416281,0.965406,-0.539732,-0.043698,1.569263,-0.167187,0.253824,1.722265,-0.550548,0.316151,-1.385472,-0.647134,1.517480,-0.518615,-0.838492,0.684070,0.341181,-0.511280,0.482927,-0.771316,-0.288282,0.190991,-0.827716,-0.607674,-0.104933,0.030361,-0.335853,-0.085346,-0.264427,-0.489029,0.025891,0.879607,-0.392837,-0.251227,0.400286,-0.315310,0.154303,-0.637844,-0.603987,-0.030284,-0.152211,-0.144660,0.176683,0.073785,-0.618216,-0.085451,0.816788,-0.509159,0.285623,1.840556,-0.681268,-0.105131,1.574140,-0.621260,0.729754,0.565237,-0.432251,0.575447,-0.196951,-0.501989,1.620202,-0.305359,-0.772593,1.404444,-0.165184,-0.922851,0.899234,1.123936,-0.795986,0.577407,-0.625845,-0.791748,0.251269,0.228842,-0.547631,1.539725,0.222506,-0.442184,1.720459,-0.665850,-0.461478,0.585892,-1.222154,-0.574288,1.703638,-0.222331,-0.663343,0.464386,0.712595,-0.473845,1.019604,-0.720477,-0.376254,0.431203,-0.906805,-0.421689,1.204496,0.651165,-0.420972,1.146002,0.493548,-0.515554,0.642008,-0.646158,-0.461865,0.974885,0.280063,-0.403418,0.767457,0.737993,-0.445281,0.677906,0.365038,-0.418393,0.629312,-0.300535,-0.821289,1.583824,-0.043810,-0.504395,1.386879,-0.300836,-0.685501,1.429693,-0.307886,-0.468421,1.304047,0.463394,-0.782036,0.946711,0.347872,-0.499773,0.623922,-0.169891,-0.468337,0.610994,-0.992618,-0.758206,-0.135735,0.496333,-0.424651,-0.028266,1.474944,-0.545267,0.793483,1.417694,-0.465830,1.712666,0.782519,-0.651291,1.416048,-0.041226,-0.621796,0.247175,-0.226907,-0.515034,0.472296,-0.376564,-0.425965,0.189748,0.512269,-0.442851,0.725454,-0.285681,-0.374661,0.332537,0.581693,-0.672731,0.290192,0.769250,-0.220497,-0.122893,-0.626614,-0.688244,-0.123143,1.107593,-0.578721,-0.262029,0.506100,-0.519700,-0.170338,0.001701,-0.446375,-0.128085,-0.005246,-0.369000,-0.085938,-0.385378,-0.448135,-0.116108,-0.266714,-0.512328,0.477178,0.698175,-0.477986,0.408757,0.714550,-0.404620,0.621028,0.030198,-0.312069,-0.081459,1.240111,-0.417673,0.244473,0.425503,-0.480713,-0.009263,1.102117,-0.465162,0.072194,0.910135,-0.530056,0.501871,-1.617915,-0.418413,1.345977,0.556222
-0.443731,1.048621,0.186973,-0.322570,0.678713,-0.199341,0.364299,0.747645,0.032841,1.050282,1.302451,0.773725,0.380789,0.421457,0.729888,0.271128,-0.750182,-0.365558,0.013933,0.009226,0.964126,0.160337,-1.381808,-0.166400,0.507877,-0.784175,0.156804,-0.119407,-0.965367,0.439238,-0.663942,-0.663956,-0.651622,-0.000000,-0.000000,-0.000000,-0.096262,-0.313356,0.514910,-0.717797,-0.717800,-0.711982,-0.000000,-0.000000,-0.000000,-0.630731,0.865525,0.339343,-0.829451,1.171489,-0.836139,-1.529906,-0.018473,-0.769202,-0.672428,-0.127822,0.292329,-0.000000,-0.000000,-0.000000,-0.000000,-0.000000,-0.000000,-0.000000,-0.000000,-0.000000,-0.000000,-0.000000,-0.000000,-0.000000,-0.000000,-0.000000,-0.000000,-0.000000,-0.000000,-0.374998,0.078069,0.399616,-0.438823,-0.396324,0.531360,0.028408,0.590159,2.114866,0.314736,0.174835,0.548579,-0.019119,1.181834,0.237619,0.096038,0.678921,1.171097,-0.204828,0.204606,1.448334,-0.203829,0.629398,1.246481,0.149975,-0.026693,1.127005,0.060466,1.048342,0.354431,-1.082413,1.024665,1.422077,-0.375597,0.587122,0.589661,0.270223,0.322163,0.614855,0.323162,1.413463,2.056808,-0.944512,1.449268,1.296684,-0.452073,0.890405,0.953824,0.236494,1.028206,0.768841,0.727271,1.488257,2.151567,0.378183,1.074690,-0.063026,-0.165936,1.286785,1.479803,-0.570983,1.638206,0.125524,0.464725,0.289542,0.097396,0.584958,0.152925,-0.788447,0.414823,0.418482,-0.295078,0.230682,0.173073,0.684696,-0.678451,0.130175,1.250684,-0.537543,-0.379281,-0.646368,-1.726739,-1.132704,0.389616,-2.232332,-1.514028,-0.083046,-2.181722,-1.722516,-0.215402,-1.582112,-0.487130,0.603424,-1.814248,-0.703411,0.492234,-1.262121,-0.048287,0.662141,-1.023692,0.278874,-0.070816,-1.715093,-0.461999,1.265390,-1.391850,-0.490660,1.317856,-0.988398,-0.187401,-0.675231,-0.689993,0.076366,-0.668580,-1.455410,-0.378132,1.881202,-0.944442,-0.333421,0.689030,-0.482777,0.039091,1.545772,-0.111283,0.322438,1.801243,-0.554292,1.351929,-0.996266,-0.651280,1.531792,-0.193902,-0.842492,0.696145,0.095431,-0.267914,0.494584,-0.415983,-0.290878,0.200984,-0.589982,-0.610223,-0.097902,0.044817,-0.337892,-0.295399,0.099579,-0.490615,0.031663,0.999263,-0.393595,-0.246279,0.565921,-0.508217,0.159976,-0.532685,-0.603609,-0.023082,0.111478,-0.143597,0.187835,-0.032616,-0.616662,-0.071895,0.784739,-0.507255,-0.516524,1.931499,-0.679676,-0.090893,1.564743,-0.619822,0.744583,0.551168,-0.430561,0.585950,-0.189952,-0.505074,1.624306,-0.255609,-0.775114,1.406811,-0.270537,-0.924937,0.902281,1.106115,-0.797868,0.579803,-0.647013,-0.793063,0.784565,0.177708,-0.548033,1.544081,0.155261,-0.684240,1.724206,-0.562689,-0.707282,0.587823,-1.202749,-0.573399,1.708048,-0.296599,-0.662370,0.468502,0.929236,-0.474636,1.025866,-0.641877,-0.377046,0.435681,-0.962339,-0.422470,1.212616,0.574737,-0.421750,1.152596,0.438146,-0.516585,0.648397,-0.508812,-0.462847,0.982681,0.289855,-0.404193,0.776466,0.714775,-0.445666,0.685036,0.325144,-0.418773,0.635148,-0.597116,-0.823663,1.590940,-0.096753,-0.506502,1.394217,-0.268898,-0.687215,1.436766,-0.485096,-0.469932,1.311860,0.550929,-0.784110,0.952725,0.235594,-0.501901,0.629639,-0.060260,-0.468555,0.617334,-0.970730,-0.757996,-0.132044,0.450516,-0.424228,-0.024411,1.238798,-0.544451,0.800946,1.203938,-0.465398,1.720705,0.940564,-0.651075,1.423805,0.090982,-0.623411,0.252731,-0.305753,-0.516243,0.480253,-0.411906,-0.426738,0.610419,0.323148,-0.443599,0.731625,-0.255622,-0.375030,0.340269,0.274208,-0.672920,0.798730,0.631920,-0.220497,-0.117599,-0.730596,-0.688426,-0.118360,0.939046,-0.579091,-0.257776,0.315682,-0.520473,-0.166217,-0.186551,-0.447159,-0.123935,-0.209998,-0.370069,-0.081461,-0.470655,-0.449543,0.153315,-0.346043,-0.513134,0.483813,0.880125,-0.478742,0.415660,0.737507,-0.404998,0.627409,0.196071,-0.312272,-0.075937,1.107996,-0.418039,0.249516,0.540939,-0.481467,0.254865,1.184744,-0.465934,0.077181,1.039949,-0.531726,0.506319,-1.538375,-0.418187,1.353493,0.643292
-0.443731,1.048621,0.188322,-0.323044,0.678271,-0.176776,0.364299,0.747645,0.033454,1.050392,1.302451,0.775964,0.380789,0.421457,0.731657,0.270634,-0.750481,-0.368196,0.013621,0.009226,0.963426,0.160029,-1.385122,-0.112523,0.507453,-0.784175,0.190054,-0.120207,-0.965367,0.479024,-0.663942,-0.663956,-0.651622,-0.000000,-0.000000,-0.000000,-0.095830,-0.313356,0.536171,-0.717797,-0.717800,-0.711982,-0.000000,-0.000000,-0.000000,-0.631019,0.865525,0.338356,-0.829451,1.171489,-0.831021,-1.530334,-0.019273,-0.772083,-0.672428,-0.127822,0.291429,-0.000000,-0.000000,-0.000000,-0.000000,-0.000000,-0.000000,-0.000000,-0.000000,-0.000000,-0.000000,-0.000000,-0.000000,-0.000000,-0.000000,-0.000000,-0.000000,-0.000000,-0.000000,-0.374998,0.068918,0.319467,-0.439118,-0.401232,0.522276,0.028105,0.584131,2.112730,0.314457,0.164233,0.575008,-0.019414,1.174580,0.298678,0.095796,0.674223,1.169063,-0.205079,0.200056,1.488363,-0.203829,0.623911,1.325936,0.149639,-0.031546,1.121088,0.060160,1.043786,0.342495,-1.082413,1.019607,1.411536,-0.375597,0.581915,0.659421,0.269861,0.310979,0.595374,0.322871,1.409283,2.069907,-0.944512,1.441993,1.242501,-0.452073,0.885879,0.912178,0.236102,1.022568,0.777237,0.726955,1.484978,2.135826,0.377767,1.070407,-0.170199,-0.166476,1.282274,1.366681,-0.571466,1.634402,-0.000182,0.464725,0.289542,0.096743,0.584928,0.152925,-0.787760,0.414800,0.418482,-0.295652,0.230682,0.173059,0.684145,-0.678451,0.130175,1.251014,-0.537543,-0.379281,-0.647642,-1.726772,-1.132704,0.387870,-2.232332,-1.514028,-0.079797,-2.181722,-1.722526,-0.212115,-1.582112,-0.487130,0.603533,-1.814287,-0.703411,0.497897,-1.262121,-0.048287,0.662317,-1.023692,0.278874,-0.071447,-1.715093,-0.461999,1.265139,-1.391882,-0.490660,1.318912,-0.988398,-0.187401,-0.673995,-0.689993,0.076366,-0.667590,-1.455410,-0.378132,1.881417,-0.944442,-0.333421,0.688836,-0.482800,0.039091,1.544693,-0.111306,0.322438,1.800040,-0.554546,1.351929,-1.000484,-0.651561,1.531792,-0.192692,-0.842763,0.696145,0.098590,-0.268133,0.493968,-0.413949,-0.291081,0.200559,-0.585783,-0.610439,-0.098176,0.042253,-0.338090,-0.295590,0.082094,-0.490615,0.031468,1.001269,-0.393783,-0.246446,0.544690,-0.508402,0.159976,-0.522711,-0.603791,-0.023364,0.095431,-0.143805,0.187835,-0.053738,-0.616662,-0.072498,0.780786,-0.507519,-0.517308,1.917502,-0.679916,-0.091763,1.548158,-0.620040,0.743467,0.543171,-0.430774,0.584840,-0.187293,-0.505306,1.624306,-0.249541,-0.775327,1.406811,-0.259845,-0.925158,0.902281,1.119308,-0.797868,0.579398,-0.627278,-0.793297,0.784075,0.201259,-0.548230,1.543365,0.157451,-0.684455,1.724206,-0.568898,-0.707510,0.587823,-1.204994,-0.573626,1.707188,-0.294940,-0.662560,0.467825,0.925831,-0.474848,1.025866,-0.638017,-0.377236,0.435282,-0.961295,-0.422658,1.212616,0.576218,-0.421936,1.152596,0.436835,-0.516795,0.648030,-0.510073,-0.463039,0.982681,0.289590,-0.404381,0.776466,0.716753,-0.445855,0.684628,0.326408,-0.418971,0.635148,-0.596858,-0.823873,1.590188,-0.092550,-0.506708,1.394217,-0.270803,-0.687422,1.436766,-0.478791,-0.470143,1.311034,0.544484,-0.784110,0.952725,0.236870,-0.502109,0.629639,-0.059260,-0.468764,0.616715,-0.966811,-0.758206,-0.132044,0.456654,-0.424448,-0.024411,1.246717,-0.544650,0.800157,1.200335,-0.465623,1.719855,0.941392,-0.651291,1.422985,0.088958,-0.623647,0.252473,-0.303258,-0.516457,0.480253,-0.412345,-0.426924,0.610052,0.322454,-0.443781,0.731323,-0.255288,-0.375211,0.339840,0.273158,-0.673109,0.798730,0.636796,-0.220683,-0.117599,-0.724669,-0.688607,-0.118360,0.942425,-0.579271,-0.257965,0.312896,-0.520660,-0.166400,-0.189115,-0.447347,-0.124119,-0.214360,-0.370284,-0.081660,-0.472715,-0.449739,0.153315,-0.346107,-0.513327,0.483478,0.880585,-0.478926,0.415312,0.735563,-0.405183,0.627088,0.192989,-0.312484,-0.076194,1.112917,-0.418218,0.249262,0.537891,-0.481650,0.254616,1.183340,-0.466119,0.076929,1.039487,-0.531929,0.505836,-1.544906,-0.418413,1.353493,0.649942
-0.444615,1.061781,0.180825,-0.339683,2.849944,-0.098171,-1.041952,2.868186,-0.858005,1.041960,1.292069,0.316460,0.379934,0.526196,0.947930,-2.229541,-0.752629,-0.776873,0.015732,-0.040879,0.309187,0.170720,-1.391750,-0.088402,0.453543,-0.802788,-0.282849,-0.197313,-0.977312,0.211511,1.578389,1.599511,1.364897,-0.000000,-0.000000,-0.000000,-0.104402,-0.964770,-0.051513,-0.717797,-0.717800,-0.711982,-0.000000,-0.000000,-0.000000,-0.633688,0.866806,0.320923,-0.829673,1.177769,-0.880317,-1.530762,-0.031571,-0.877157,-0.661688,-0.213922,0.516285,-0.000000,-0.000000,-0.000000,-0.000000,-0.000000,-0.000000,-0.000000,-0.000000,-0.000000,-0.000000,-0.000000,-0.000000,-0.000000,-0.000000,-0.000000,-0.000000,-0.000000,-0.000000,-0.373789,-0.013393,0.484270,-0.461153,-0.464982,0.701002,-0.010655,0.572077,1.976397,0.259570,0.201503,0.638960,-0.089967,1.276052,0.372121,0.080417,0.721203,1.276847,-0.239998,0.295536,1.539094,-0.264426,0.771926,1.208124,0.070493,0.118787,1.279459,0.048208,1.098406,0.250991,-1.118359,1.135810,1.370198,-0.441246,0.738015,0.712771,0.188294,0.500907,0.657159,0.315724,1.459398,1.948649,-0.976856,1.518333,1.687447,-0.508792,1.003430,1.332401,0.156092,1.197202,1.150158,0.719204,1.969827,1.935614,0.351317,1.143171,-0.191327,-0.227825,2.003317,1.888927,-0.638790,1.729413,0.570430,0.701289,0.390686,-0.231307,0.498424,0.325519,-0.953753,0.450957,0.491723,0.044079,0.198207,0.201804,0.493787,-0.567840,0.179096,0.655118,-0.740702,-0.236702,-1.115812,-1.989500,-0.962759,0.042815,-2.372158,-1.368475,0.182917,-2.194879,-1.461410,0.190963,-1.672863,-0.355318,0.282800,-1.875091,-0.605921,0.939521,-1.172262,0.076473,1.400741,-0.988627,0.341463,0.117325,-1.837934,-0.341809,0.326174,-1.394767,-0.365120,1.020794,-0.966883,0.015939,-0.859969,-0.725143,0.190683,-0.608245,-1.350155,-0.249471,1.323891,-0.819433,-0.155825,0.581623,-0.365559,0.191489,1.561356,-0.059212,0.430019,1.272218,-0.498796,0.702102,-0.424448,-0.587210,2.243039,-0.397216,-0.481362,1.350871,-1.583217,-0.448088,0.482311,-0.026753,-0.216682,-0.199142,-0.639552,-0.509779,0.005045,0.285367,-0.203905,-0.194471,1.592111,-0.320104,-0.060975,-0.065741,-0.389749,-0.132882,1.456093,-0.462673,-0.161048,-0.910197,-0.515547,0.111785,0.391409,-0.239372,0.350242,-1.548887,-0.421634,0.696812,1.560890,-0.284201,0.242635,2.719087,-0.490829,0.623139,2.336486,-0.674448,0.137965,1.036614,-0.482598,0.951080,0.010209,-0.678071,1.698161,0.522581,-0.675800,0.987359,-1.009195,-0.797377,0.894355,0.440305,-0.868945,0.585760,-1.012625,-0.838013,0.818282,0.096495,-0.519798,1.588829,0.053295,-0.624878,1.714459,-0.305582,-0.611782,1.096333,-1.051109,-0.688660,1.688689,-0.596511,-0.743039,0.510791,1.419726,-0.476242,1.209579,-0.602366,-0.376840,0.592611,-0.718959,-0.422267,1.556068,0.971991,-0.421548,1.480279,0.316259,-0.546896,0.549754,-0.614239,-0.477176,0.864190,0.165660,-0.402080,1.264920,0.701780,-0.429440,1.043822,-0.112173,-0.389036,0.532971,0.059473,-0.703960,1.838307,-0.670405,-0.599785,1.617568,0.027431,-0.521717,1.652050,-0.867193,-0.515489,1.583454,0.922800,-0.607280,1.173207,-0.057186,-0.596108,0.839248,0.763416,-0.422773,0.825689,-1.101213,-0.692157,-0.027053,0.227776,-0.331658,0.080359,0.532791,-0.661499,1.011907,1.279800,-0.368822,2.000185,0.240695,-0.586289,1.693463,0.076292,-0.687708,-0.015052,-0.609385,-0.100762,0.941467,0.295464,-0.438889,0.581518,1.292587,-0.441558,0.372594,-0.232841,-0.359487,0.756064,0.945442,-0.640643,0.793303,0.844694,-0.165570,0.180404,-0.014051,-0.657341,0.163624,0.727057,-0.563537,-0.016632,1.116411,-0.518364,-0.139014,0.986390,-0.459487,-0.096548,0.958192,-0.167948,-0.053749,0.648758,-0.491985,0.172759,0.794443,-0.525791,0.497391,0.066984,-0.476680,0.795053,0.413957,-0.389076,0.303113,-0.423266,-0.263795,0.232294,1.528179,-0.402645,0.259837,0.004983,-0.479411,0.267337,0.793115,-0.478073,0.351266,0.415981,-0.379205,0.655703,-1.161664,-0.573989,1.582246,0.363395
-0.442106,1.056432,0.240513,0.480048,0.653185,-0.886802,0.368221,0.701562,-0.215747,1.044844,0.895972,0.000328,0.939840,0.628601,-0.095263,0.295908,-0.730589,-0.223422,0.014227,-0.007493,0.678968,0.161823,-1.381808,-0.013447,-1.557692,-0.179386,1.578832,-0.265664,-0.390859,0.895448,-0.663942,-0.663956,-0.651622,-0.000000,-0.000000,-0.000000,-0.106114,-0.298496,1.369348,-0.717797,-0.717800,-0.711982,-0.000000,-0.000000,-0.000000,-0.629541,0.865081,0.300175,-0.825594,1.177769,-1.040153,0.535157,-0.029522,-0.646846,-0.659535,-0.249339,0.744976,-0.000000,-0.000000,-0.000000,-0.000000,-0.000000,-0.000000,-0.000000,-0.000000,-0.000000,-0.000000,-0.000000,-0.000000,-0.000000,-0.000000,-0.000000,-0.000000,-0.000000,-0.000000,-0.370139,0.096317,-0.334568,-0.432485,-0.381659,0.618864,0.036573,0.602140,1.953033,-0.068286,0.174835,0.253445,-0.006894,1.181834,0.269859,0.101002,0.683619,0.966740,-0.197368,0.200056,1.461238,-0.192281,-0.132558,1.421674,0.164086,-0.041253,1.060804,0.065819,1.048342,0.297310,-1.073870,1.019607,1.208460,-0.362379,1.289447,0.819707,-0.225039,0.305386,0.338182,0.327635,1.989810,1.837711,-0.935738,1.445630,0.934341,-0.439908,0.881354,0.555875,0.251392,1.011293,0.605525,0.732123,1.940316,1.462980,-0.200195,1.660928,-0.943911,-0.151568,1.282274,0.693584,-0.556599,1.630598,-0.895101,0.748878,0.541126,-0.303123,0.537367,0.456173,-0.431308,0.398253,0.485703,0.356778,0.091605,0.265247,0.731634,-0.191902,0.028267,0.980799,-1.344529,0.030653,-0.177233,-2.287388,-0.657901,0.024217,-2.413468,-1.043327,0.107754,-2.087912,-1.231306,0.886967,-2.296355,-0.083027,-0.015228,-1.727044,-0.338923,1.022650,-1.317968,0.156319,0.301323,-1.190275,0.392069,-0.356474,-2.004278,-0.079845,-0.882338,-1.236581,-0.062252,0.317894,-0.964944,0.204982,-0.642266,-0.920467,0.260252,-0.583477,-1.099988,0.010819,0.209857,-0.531067,0.182358,-0.606978,-0.215718,0.416379,0.268417,-0.206066,0.537775,-0.376919,-0.479549,0.679720,-2.739808,-0.269362,1.701618,-1.851869,-0.183532,0.654603,1.817532,-0.463097,0.340811,-1.929170,-0.477264,0.474449,-0.703583,-0.364523,0.031686,0.421548,-0.582625,-0.018448,-0.414638,-0.549957,-0.145832,1.805729,-0.289865,-0.214855,-0.714458,-0.453376,0.202741,1.921124,-0.582607,-0.225936,0.301491,-0.388457,-0.096918,-0.609629,-0.376782,0.347628,0.240647,-0.270944,0.142540,1.146993,-0.483816,-0.085568,1.545805,-0.443848,0.990251,0.566135,-0.254551,1.039246,-0.251849,-0.728080,2.000122,-1.928083,-0.532178,1.260180,0.414390,-0.483269,1.372260,1.504465,-0.614669,0.876204,0.368708,-0.385740,0.592339,0.677293,-0.462123,2.058774,-0.026507,-0.617408,2.302099,0.120012,-0.672173,0.974602,-1.389439,-0.817074,2.395297,-1.731645,-0.681029,0.954906,1.691996,-0.580265,1.380091,-1.431559,-0.481309,0.597520,-2.108319,-0.315469,1.406093,-0.800186,-0.315321,1.230837,-0.604918,-0.373085,1.045652,-1.070094,-0.554315,0.955861,-0.415806,-0.298812,0.745473,-0.315772,-0.353308,1.122454,-0.113520,-0.342285,1.026779,-1.384626,-0.826668,1.898038,1.330009,-0.761296,1.801981,-1.060977,-0.734648,1.829802,1.335432,-0.306504,1.649034,-0.382314,-0.582256,1.202078,0.762568,-0.759221,0.866695,-1.920104,-0.626049,0.901712,-1.570684,-0.464894,0.119360,0.328313,-0.395321,0.240609,-0.227194,-0.533809,1.168504,1.212291,-0.437802,2.067669,-0.518433,-0.597561,1.758575,-0.112050,-0.433577,0.441916,-0.279156,-0.813513,0.366119,-0.258491,-0.309532,0.530806,-1.304641,-0.341761,0.657975,-1.163842,-0.286561,0.701242,-1.110940,-0.384534,0.675343,1.196522,-0.165949,0.069474,-1.557705,-0.410695,-0.210159,1.236246,-0.288155,-0.126171,-1.106953,-0.205537,-0.040163,-2.032298,-0.328237,0.002974,-2.770929,-0.683836,-0.165401,-0.565680,-0.297289,0.329328,-1.965634,-0.391036,0.726169,0.795434,-0.375853,0.667803,0.264646,-0.314371,0.528627,-0.311134,-0.014316,-0.165882,0.253463,-0.330420,0.171443,0.054673,-0.174332,0.176222,0.568735,-0.348835,0.259337,0.738186,-0.796766,0.741766,-1.323384,-0.608835,1.771119,-0.429008
-0.441222,1.057663,0.160218,-0.317336,0.636149,-0.211402,0.337984,0.710359,-0.021027,1.048062,0.887989,-0.558963,1.213989,0.833995,-0.584324,0.346980,0.813594,0.740164,0.024452,-0.020032,0.384047,0.160627,0.260309,-0.274751,-1.583425,0.423088,0.969066,-0.287905,-0.391946,1.280422,-0.663942,-0.663956,-0.651622,-0.000000,-0.000000,-0.000000,-1.208855,0.993191,0.968727,-0.717797,-0.717800,-0.711982,-0.000000,-0.000000,-0.000000,-0.624221,0.866361,0.050525,-0.271141,1.180270,-1.257169,0.559818,-0.024197,-0.362998,-0.644910,-0.237224,0.600052,-0.000000,-0.000000,-0.000000,-0.000000,-0.000000,-0.000000,-0.000000,-0.000000,-0.000000,-0.000000,-0.000000,-0.000000,-0.000000,-0.000000,-0.000000,-0.000000,-0.000000,-0.000000,0.259839,-0.118527,-0.516030,-0.250161,-0.077577,-0.456344,-0.092553,-0.174571,0.460181,0.287014,0.691731,-0.239992,0.038341,-0.376340,-0.290946,-0.435887,1.049720,0.910245,-0.306514,0.918174,-0.070356,-0.240704,0.563621,0.734566,-0.279392,1.107849,-0.742868,-0.228381,1.353337,-0.091155,-0.346323,1.065064,-0.346860,0.069143,0.441437,0.116450,0.289862,-0.700180,-0.553752,0.431325,0.569821,1.023430,-0.137880,0.529902,-0.623792,0.494624,-0.999402,-0.056375,0.212786,-0.712147,-1.444795,0.844581,0.859333,0.448839,1.199685,-0.508564,-0.232339,0.292715,-0.484271,0.584265,-0.095214,-0.444439,1.192514,0.823814,0.789714,0.130771,0.397468,0.748418,-1.620844,0.148744,0.433361,-0.805505,-0.213641,0.230791,-0.055569,0.028572,-0.093380,0.650940,-1.770733,0.292610,0.160660,-2.187113,-0.375275,-1.261368,-1.763553,-0.664136,-0.644009,-1.551094,-0.778392,-0.425628,-2.052037,0.277635,-0.907641,-1.464037,0.157278,-1.333907,-1.191601,0.429122,-1.878555,-1.155634,0.548457,-1.024761,-1.317690,0.318951,-1.236797,-0.704383,0.320507,-0.830182,-0.649337,0.579205,-1.303309,-0.739386,0.507357,-1.017696,-0.341220,0.403439,0.177417,0.179607,0.643985,-0.817078,0.245120,0.782207,-0.608258,0.070061,0.825285,-1.020069,-0.243274,1.123484,-0.864481,-0.306375,1.390683,-0.257847,-0.507534,0.684807,0.187771,-0.227354,0.551046,-0.732447,-0.248279,0.289836,-0.927244,-0.553952,-0.015718,0.515488,-0.489989,-0.006908,-0.188656,-0.399029,0.118124,1.781757,-0.278531,-0.170449,0.208705,-0.382065,0.247122,1.275727,-0.449772,0.073952,1.516731,-0.417562,0.320442,-0.001410,-0.367042,0.719028,0.746709,-0.235266,0.350875,0.521671,-0.200867,-0.134511,1.225845,-0.411204,0.560691,0.580138,-0.447565,1.453689,0.358510,-0.191309,1.395104,-0.201127,-0.719476,1.236586,0.889603,-0.624374,1.294926,0.565976,-0.480650,1.281644,-0.809464,-0.440851,0.582714,-0.545244,-0.192111,1.233260,-0.664546,-0.524841,1.379109,0.384002,-0.527238,0.887858,-0.976889,-0.375209,1.297491,-0.399088,-0.479464,0.941064,1.057510,-0.357598,1.570010,-0.483612,-0.262444,0.780523,-1.172538,-0.096879,1.078219,-0.547074,-0.097900,1.087584,0.130510,-0.182797,1.055458,-1.000733,-0.354496,0.975361,-0.114083,-0.289979,0.768007,0.163338,-0.323764,1.139181,0.091182,-0.293662,1.026423,-1.250296,-0.757570,1.393323,0.691759,-0.429851,2.035943,-0.757213,-0.597861,1.189271,0.169792,-0.366089,1.094889,-0.053493,-0.434590,0.791109,0.116620,-0.424490,1.107702,-1.251680,-0.319611,1.135400,-0.757127,-0.360097,0.730365,-0.274890,-0.254899,0.340123,-0.984699,-0.368257,0.568325,0.632912,-0.291551,1.497434,0.456477,-0.270922,1.208382,0.463833,-0.262781,0.586924,-0.329502,-0.414190,0.523062,-0.581824,-0.321111,0.636356,-0.520790,-0.333225,0.757014,-0.975929,-0.258261,0.366243,-0.622871,-0.329063,0.845010,1.268428,-0.080983,-0.081303,-1.159558,-0.357275,-0.079185,1.386332,-0.257410,-0.223710,-0.361393,-0.194214,-0.132259,-1.032431,-0.127016,-0.089747,-1.340150,-0.496543,-0.045601,-0.833974,-0.130354,0.189096,-1.169809,-0.184443,0.524561,0.793963,-0.159594,0.821674,0.356474,-0.285381,0.666599,-0.263453,0.064740,-0.039370,0.714348,-0.099664,0.280490,0.136675,-0.163289,0.286399,0.818463,-0.150699,0.370499,0.739133,-0.449212,0.904011,-1.911874,-0.251288,1.090513,0.045398
-0.429092,1.067533,-0.191513,-0.325898,0.580833,0.118765,0.334345,0.644584,0.613944,1.053720,0.877607,-1.112754,1.489528,1.339788,1.340565,0.326243,-0.737014,1.215508,0.019349,-0.040879,-0.878631,0.159740,-1.388436,0.025293,0.468654,-0.783011,1.558694,-0.137695,-0.403904,1.317369,-0.663942,-0.663956,-0.651622,-0.000000,-0.000000,-0.000000,-0.095830,-0.944951,0.603866,-0.717797,-0.717800,-0.711982,-0.000000,-0.000000,-0.000000,-0.600003,0.851389,0.046691,-0.256802,1.181113,-1.289249,0.575968,-0.051219,-0.067632,-0.616946,-0.202796,0.400672,-0.000000,-0.000000,-0.000000,-0.000000,-0.000000,-0.000000,-0.000000,-0.000000,-0.000000,-0.000000,-0.000000,-0.000000,-0.000000,-0.000000,-0.000000,-0.000000,-0.000000,-0.000000,0.180642,0.100893,-0.500495,-0.434585,-0.371842,1.071704,0.035683,0.608167,2.196367,-0.068007,0.180169,0.690269,-0.005748,1.181834,0.560935,0.099020,0.683619,0.584241,-0.198152,0.200056,1.296988,-0.192281,-0.138045,1.261035,0.165115,-0.046106,1.303126,0.062673,1.671946,-0.047045,-0.605047,1.014550,0.616478,-0.363185,1.284239,0.661551,0.285790,0.299794,0.110935,0.324362,1.989810,1.745322,-0.938127,1.943461,0.804801,-0.441144,1.500730,0.443388,0.251785,1.005655,0.594209,0.728573,1.940316,1.965179,0.383312,1.070407,-0.745356,-0.154334,1.899674,1.057591,-0.558110,1.630598,-0.542975,0.735183,1.231897,0.068648,-0.663347,0.869290,0.199007,-1.022384,0.455547,0.645531,-1.233389,0.126481,0.366432,-1.389702,-0.195094,0.763758,-1.033792,1.336930,-0.146443,-0.601568,1.137598,-0.800662,-0.181609,0.590546,-0.029672,0.315408,0.276971,0.402633,-0.412701,1.623005,0.560919,0.224129,1.479500,0.537519,-0.913112,1.472150,-1.441779,-1.222796,1.365243,-1.159299,0.805615,1.749320,-0.012648,1.023804,1.512952,0.698134,0.072078,1.570206,-0.195521,-0.410029,1.494139,-0.199892,1.609031,1.741315,-0.269889,1.474132,1.530382,0.839365,1.096778,1.688321,1.213524,0.848346,1.640566,0.431638,0.050002,1.101103,-0.154488,0.017551,1.362012,0.308415,-0.194477,0.662899,-0.550278,0.035298,0.532992,0.262296,-0.013899,0.275449,-0.423940,-0.305479,-0.025534,0.142663,-0.026968,-0.014341,0.150267,-0.168596,0.110553,1.083306,-0.267572,-0.177107,0.056457,-0.178805,0.239420,0.350231,-0.234605,0.064082,0.852346,-0.172054,0.303705,-0.293479,-0.071298,0.698670,0.506319,0.076735,0.327888,0.646953,-0.190016,0.825212,0.898099,-0.174246,0.530941,0.048766,-0.205673,1.429524,-0.117812,-0.175899,1.383367,0.753569,-0.241577,1.229116,-0.837243,-0.150384,1.283382,-0.275285,-0.007124,1.274083,-1.339711,-0.182952,1.105895,-1.226875,0.042011,1.218583,0.266031,-0.026899,1.364885,-0.451441,-0.020886,1.408830,-0.344847,-0.117492,2.255158,0.803186,-0.254946,0.927193,0.003527,0.097132,1.554778,0.927188,-0.036193,1.221561,0.137402,-0.085929,1.061260,0.490543,-0.087009,1.074376,1.215168,0.057408,0.628080,0.161989,-0.126211,0.961217,0.748644,-0.066347,0.751662,0.871220,-0.099245,1.127048,0.878353,-0.076556,1.016205,-0.142824,-0.029696,1.376952,-0.358655,0.048984,2.018093,0.282053,-0.114559,1.172066,-0.940934,-0.114358,1.939334,1.018405,-0.166832,0.777297,-0.636412,0.059092,1.094571,0.370231,0.165478,1.120814,-0.148615,-0.110471,0.720229,-0.399984,-0.014001,0.858718,-0.118137,-0.131695,1.376492,0.317823,-0.045952,1.478938,1.268388,-0.259859,1.190535,0.183844,-0.248853,0.578461,-0.512609,0.044534,0.510067,-0.122897,-0.100194,0.624710,0.512856,-0.117111,0.747418,0.063219,-0.043195,0.353653,0.204530,-0.318438,0.830962,0.668810,0.139491,0.189227,-1.054655,-0.347042,-0.086692,0.978835,-0.247033,-0.016049,0.203890,-0.183265,-0.138449,-0.292927,-0.115833,-0.095979,-0.201655,-0.015621,-0.052332,-0.214587,-0.118282,0.181162,-0.241118,-0.172961,0.863961,1.025005,-0.148884,0.811159,1.007334,-0.065070,0.656879,0.612158,0.075966,-0.047803,0.971720,-0.089394,0.272807,0.816915,-0.152612,0.278870,1.369707,-0.139687,0.362902,1.341122,0.024410,0.893143,-0.942168,-0.003574,1.992458,1.312730
-0.420220,1.070421,-0.372389,-0.323682,0.582132,-0.412583,0.324263,0.690233,0.380351,0.497230,0.047893,-1.320295,1.213239,1.648169,-0.859001,0.329267,-0.745270,0.540882,0.019349,-2.137022,-0.759828,0.153507,0.266937,-0.107250,2.588955,-0.787667,-0.538493,3.926035,-0.402816,-0.468827,-0.663942,-0.663956,-0.651622,-0.000000,-0.000000,-0.000000,1.014829,-0.953629,-0.263544,1.479878,1.479546,1.197918,-0.000000,-0.000000,-0.000000,-0.594972,0.850109,0.047273,0.307802,1.177335,-1.160797,0.580210,-0.027872,0.035921,-0.585962,-0.203785,0.706194,-0.000000,-0.000000,-0.000000,-0.000000,-0.000000,-0.000000,-0.000000,-0.000000,-0.000000,-0.000000,-0.000000,-0.000000,-0.000000,-0.000000,-0.000000,-0.000000,-0.000000,-0.000000,0.249332,0.649500,-0.929688,-0.258913,0.084221,-0.117856,-0.101572,0.024109,1.196634,0.277575,-0.576410,-0.590372,0.028391,-0.129870,0.459638,-0.443091,1.209281,0.343975,-0.314475,1.072683,-0.153043,-0.251292,0.004483,0.570166,-0.291445,-0.041253,-0.571513,-0.237186,0.889037,-0.668841,0.107775,0.549740,-0.497714,0.056316,0.623512,1.337702,0.276898,-0.504659,-0.072814,0.423269,0.711855,1.068326,-0.149847,0.653483,-0.216891,0.482089,-0.845648,-0.230277,0.199116,-0.515031,-1.005360,0.835844,0.967419,1.126387,1.187319,0.218866,0.013331,0.276155,0.277315,0.692268,-0.110534,0.201621,1.051237,0.875623,1.461003,1.164251,-0.672841,1.236483,1.089723,-1.372850,0.883479,0.824104,-1.706493,0.411749,0.828597,-2.063034,0.024753,0.992267,-0.936411,1.976760,0.476585,-0.543733,1.627086,-0.411969,-0.026359,0.885402,0.634938,0.559263,0.462541,0.631904,0.201743,2.138745,0.852588,0.464716,1.929669,0.364494,-0.532556,1.702134,-1.491973,-0.929641,1.522361,-1.226158,1.552108,2.107312,0.457877,1.365451,1.819399,0.644899,0.405322,1.716619,-0.425733,-0.181841,1.616829,0.047458,2.024364,2.016529,0.140666,1.751431,1.762962,1.077313,1.418288,1.749474,0.339396,1.201488,1.688789,0.090127,-0.054509,1.554199,1.131219,-0.094005,1.048834,1.138030,0.000782,0.701400,-0.902613,-0.033055,0.757751,0.907469,0.168484,0.096063,-0.291174,-0.079100,-0.066763,0.342922,0.018848,0.003454,0.724489,-0.284698,0.164735,0.572292,-0.090269,-0.125711,0.783405,-0.147099,0.291701,0.472062,-0.141144,0.379155,1.772012,-0.249569,0.743879,0.438200,0.168582,0.401298,1.012346,0.053489,0.552513,-0.284917,0.046788,-0.200371,0.794858,0.043605,0.094642,0.970968,-0.214909,0.677233,0.807206,0.043548,0.757787,1.000050,0.220371,1.200420,-0.002285,-0.112243,1.196312,-1.389225,0.080625,1.239469,-0.388498,-0.046355,1.097701,-1.187521,0.270685,1.185588,-1.116859,-0.226956,1.247375,-0.881463,-0.171408,1.320623,0.091066,0.035215,1.130931,0.044816,-0.092043,0.905710,0.079609,0.055037,0.970382,0.215514,0.140852,0.957821,0.046825,0.088876,1.486162,-0.478719,0.086861,0.930089,0.784371,0.201740,1.058461,0.030711,0.030630,0.986073,0.624410,0.111115,0.780386,0.442625,0.100919,1.148369,0.519134,0.138115,1.427900,-0.774071,-0.008173,0.856589,-0.169441,0.102262,1.344635,0.187475,-0.024998,1.388975,-0.709574,0.012588,1.379758,0.549531,-0.073362,1.027824,-1.034886,0.112898,1.340156,-0.474027,0.192226,1.357697,-0.164445,-0.053449,1.343655,1.020582,0.081693,1.500266,-0.792187,-0.008710,0.768850,-0.341400,0.054891,0.891023,0.417597,0.024129,1.491220,0.968013,-0.134903,0.436102,-0.538809,0.180539,0.677921,-0.095778,0.054035,0.738513,0.352982,0.054386,0.854190,-0.294752,0.148540,0.470997,-0.185647,-0.094024,1.012424,1.290898,-0.030813,0.043252,-1.320336,-0.130920,0.052243,1.381830,-0.055168,-0.109335,0.272853,-0.006138,-0.018777,-0.296549,0.040655,0.024506,-0.045716,0.126965,0.074796,-0.075889,-0.000017,0.042132,0.221537,-0.012295,0.667406,0.861422,0.024383,0.606667,0.687172,0.131343,0.803977,0.075381,0.338127,0.086863,0.515131,0.100499,0.389067,0.388049,0.020128,0.396106,1.146514,0.014402,0.215171,1.065999,0.097554,1.057360,-0.465294,0.074005,1.302711,0.475899
-0.413866,1.067131,-0.540224,-0.326691,0.555747,-0.245855,-1.033835,0.692330,0.477620,1.042958,0.054287,-1.416173,0.944332,1.956358,0.210120,0.338370,-0.744056,0.592605,0.034678,-0.065957,-0.289371,0.164795,-1.385122,-0.067992,0.531565,-0.186357,-0.086675,3.827463,-0.396294,-0.017636,-0.663942,-0.663956,-0.651622,-0.000000,-0.000000,-0.000000,1.012477,-0.305934,0.001247,-0.717797,-0.717800,-0.711982,-0.000000,-0.000000,-0.000000,-0.586713,0.851389,-0.132932,0.315854,1.175675,-1.153466,0.586165,-0.016423,-0.175983,-0.567897,-0.204774,0.723665,-0.000000,-0.000000,-0.000000,-0.000000,-0.000000,-0.000000,-0.000000,-0.000000,-0.000000,-0.000000,-0.000000,-0.000000,-0.000000,-0.000000,-0.000000,-0.000000,-0.000000,-0.000000,0.183478,-0.507089,1.257626,-0.431877,-1.028909,1.206964,0.038903,0.632276,1.975542,0.328746,0.196169,1.004320,-0.001494,1.203597,0.294726,0.101245,0.054715,1.929614,-0.195315,0.209155,1.565730,-0.188112,-0.121584,1.293994,0.169924,-0.031546,1.501323,0.065493,1.062011,0.832077,-0.601266,1.029722,1.456359,-0.357981,0.581915,1.251434,0.290971,0.310979,0.061506,0.327035,1.426005,1.786139,-0.385049,0.951437,1.030756,0.120337,0.890405,0.518181,0.257012,1.022568,0.296893,0.731472,0.600533,1.822087,0.973613,1.083257,0.225995,-0.148229,1.291296,1.058687,-0.552641,1.638206,-0.660648,0.850817,1.645159,1.363443,-0.650074,1.450145,1.096907,-1.410368,1.122957,1.050656,-1.831327,0.695320,0.983826,-2.228744,0.272379,1.291710,-0.763082,2.236450,1.091143,-0.256597,1.955090,-0.443255,0.288503,1.149845,1.045289,0.842893,0.688825,0.694525,0.379073,2.396691,0.572002,0.739937,2.213603,0.085324,-0.427518,2.018607,-1.570297,-0.780076,1.793208,-1.394010,1.754688,2.367530,0.770081,1.467657,2.107157,1.114238,0.528861,1.998063,-0.545455,-0.135181,1.876336,0.122384,2.093069,2.235888,0.004344,1.797218,2.023312,1.283994,1.497071,1.954976,0.058793,1.253607,1.858133,0.064901,-0.048517,1.544867,1.087745,-0.087656,1.038873,1.107051,0.306090,0.696145,-0.992679,-0.027903,0.754837,1.174408,0.173285,0.581975,0.073648,-0.073795,-0.067334,-0.137004,0.252389,0.003263,0.827012,-0.057629,0.387868,0.938063,-0.084313,-0.125711,0.839173,-0.141496,0.291701,-0.363061,-0.134831,0.379155,1.171446,-0.004278,0.742497,-0.396398,0.177811,0.398813,0.965628,0.366040,0.548078,0.178753,0.055154,-0.207508,1.100268,0.051208,0.084322,0.914248,0.027828,0.665705,0.912734,0.049478,0.750177,1.108977,0.225617,1.195318,0.036280,0.126627,1.187791,-1.424577,0.086460,1.234305,-0.359805,-0.040158,1.091447,-1.650457,0.276937,1.176072,-1.025511,-0.219925,1.237659,-1.039503,-0.164019,1.313934,0.103311,0.042798,1.118635,0.142107,-0.085059,0.896717,0.117508,0.285525,0.962766,0.564917,0.146686,1.409871,0.607185,0.094636,1.479368,-0.211892,0.092590,0.925500,1.020888,0.207713,1.055841,0.434875,0.036325,0.982681,0.708750,0.117077,0.776466,0.721710,0.106705,1.145460,0.926210,0.143913,1.016576,-0.030169,0.238329,0.848779,-0.144961,0.107942,1.334917,0.471335,0.219215,1.379608,-0.687400,0.018843,1.371184,0.567270,-0.066923,1.021223,-1.230777,0.118635,1.334439,-0.218416,0.199070,1.350739,0.149125,-0.046567,1.338597,1.136869,0.088770,1.494542,-0.650184,-0.001749,0.759931,-0.298566,0.062104,0.882199,0.612177,0.030695,1.482706,1.148874,0.131513,0.731416,-0.714592,0.412734,0.675821,0.132339,0.059739,0.736266,0.347230,0.060147,1.198989,0.222582,0.154083,0.923357,-0.111241,-0.087842,1.010154,0.657098,0.188161,0.324369,-1.399519,-0.124967,0.051325,0.915329,-0.049622,0.106641,0.110060,-0.000188,-0.019532,-0.429863,0.046443,0.023745,-0.254749,0.370396,0.073975,0.157076,0.231081,0.309874,-0.219625,-0.006353,1.020062,1.018199,0.030204,0.973565,1.011537,0.137020,0.802753,0.533295,0.344799,0.085547,0.549501,0.105988,0.388099,0.735249,0.025931,0.395157,1.377257,0.020101,0.480230,1.406541,0.103176,1.605906,0.063550,0.081058,1.292758,0.627342
-0.410165,1.070421,-0.680456,-0.327484,0.558734,-0.072606,-1.049231,0.682279,0.619026,1.069474,0.051090,-1.859081,0.939946,2.057009,0.620010,0.359107,-0.743141,0.598911,0.044003,-0.086855,-0.092099,0.173401,-1.388436,0.186110,0.469053,-0.798131,-0.565739,-0.073323,-0.411500,-0.777165,-0.663942,-0.663956,-0.651622,-0.000000,-0.000000,-0.000000,-0.090904,-1.595126,-1.341454,-0.717797,-0.717800,-0.711982,-0.000000,-0.000000,-0.000000,-0.579031,0.851807,-0.271589,0.317732,1.179428,-1.162317,0.591691,-0.025822,-0.072750,-0.568343,-0.149084,0.550414,-0.000000,-0.000000,-0.000000,-0.000000,-0.000000,-0.000000,-0.000000,-0.000000,-0.000000,-0.000000,-0.000000,-0.000000,-0.000000,-0.000000,-0.000000,-0.000000,-0.000000,-0.000000,0.196008,-0.502514,0.275263,-0.421007,-1.024001,0.832377,0.050554,0.632276,1.665749,0.341046,0.196169,0.865946,0.011599,1.196343,0.542574,-0.230809,0.050017,1.388133,-0.185049,0.204606,1.892388,-0.174314,-0.132558,1.439284,0.185421,-0.041253,1.423881,0.075871,1.057454,0.428509,-1.059145,1.024665,0.869282,-0.341563,0.576707,1.026519,0.307284,0.299794,0.334845,0.336582,1.426005,1.814325,-0.919773,0.947799,1.808777,0.136531,0.881354,1.148417,0.274707,1.011293,0.810957,0.741826,1.501373,2.020690,0.988556,1.078974,0.466658,0.632545,1.286785,2.439104,-0.532849,1.634402,0.823974,0.948879,1.748251,1.284606,-0.618266,1.574222,1.224641,-1.386422,1.255507,1.166356,-1.863015,0.811638,0.802808,-2.258000,0.420110,1.149016,-0.730127,2.422485,1.087700,-0.017444,2.134836,-0.227395,0.526642,1.276394,0.899203,0.971662,0.803044,0.229241,0.586406,2.535698,0.729599,0.874069,2.432386,0.249075,-0.324321,2.185012,-1.654036,-0.784194,1.935710,-1.453757,1.845737,2.482787,0.882714,1.537812,2.250507,0.768471,0.588412,2.138268,-0.546301,-0.067787,1.997241,-0.015755,2.194983,2.314981,0.589313,1.933135,2.127150,1.519354,1.578972,2.096004,-0.078738,1.277227,1.975120,-0.102967,-0.044264,1.556096,1.004498,-0.082690,1.051077,1.000696,0.310905,0.702905,-0.914413,0.226898,0.759481,1.444415,0.176686,0.585040,0.799479,0.405291,0.248526,-0.889930,0.483494,0.442343,-0.009039,0.609767,0.388663,1.824124,0.133160,0.066253,0.490826,0.449176,0.519494,-0.646777,0.074945,0.380240,-0.331568,0.235276,0.745262,-1.029754,0.180126,0.403156,1.124158,0.368208,0.553991,0.473808,0.056976,-0.198632,1.122817,0.052854,0.096873,0.865015,0.029279,0.678257,0.770533,0.053509,1.415023,0.880324,0.228975,1.200820,-0.073998,0.129960,1.196932,-1.504891,0.322807,1.239874,-0.315192,-0.037059,1.637759,-1.829509,0.279358,1.186304,-1.063095,0.028724,1.248136,-1.217276,0.088712,1.320623,0.205911,0.045030,1.130931,0.269806,-0.083500,0.906415,-0.229201,0.287931,0.971116,0.730908,0.149021,1.414764,0.823819,0.096942,1.487543,-0.097974,0.094884,0.931123,1.149570,0.210599,1.059227,1.408795,0.258715,0.987046,1.082592,0.119393,1.412502,0.790618,0.109032,1.149203,1.343248,0.146165,1.428984,0.270542,0.241772,0.858035,-0.128097,0.111104,1.345462,0.443643,0.222184,1.389771,-0.712491,0.021865,1.380520,0.543707,0.193481,1.028435,-1.392194,0.121828,1.341318,-0.248859,0.201438,1.358985,0.153735,-0.044185,1.344573,1.196546,0.090852,1.500772,-0.516853,0.000300,1.604653,-0.371343,0.064228,0.892657,0.705189,0.032947,1.491976,1.203659,0.134761,1.029616,-0.634242,0.415357,1.148765,-0.415948,0.062212,1.159963,-0.556792,0.062385,1.548121,0.800484,0.156312,0.926595,-0.526440,-0.085522,1.013790,-0.342323,0.403128,0.608513,-1.945847,0.085565,0.308027,-0.143764,0.160026,0.324760,-0.647525,0.217071,0.401776,-1.300608,0.264815,0.447911,-0.589294,0.373146,0.303570,-0.502685,0.233692,0.849453,-0.687165,0.217849,1.022274,1.631664,0.032465,0.975866,1.270515,0.139304,1.145265,1.580288,0.347085,0.382199,-0.119685,0.108196,0.658805,1.558240,0.028186,0.396805,1.422971,0.235125,0.481892,1.954231,0.339677,1.611864,0.193297,0.083406,1.303558,0.690592
-0.405283,1.065473,-0.812766,-0.334614,-1.509970,0.357810,-1.043917,0.684376,0.655078,1.065924,-0.364162,-1.941932,0.664888,2.059930,0.556474,0.351516,-0.758737,0.980766,0.022359,-2.178767,-0.360981,0.163001,0.276879,-0.156160,-1.634492,-3.838385,-0.257736,-0.291083,-2.115458,0.630114,1.579208,1.599534,1.628645,-0.000000,-0.000000,-0.000000,-3.425889,-3.551848,-2.183461,1.480127,1.479558,1.668109,-0.000000,-0.000000,-0.000000,-0.577552,0.857373,-0.304189,0.317618,1.178177,-1.195984,0.589564,0.002825,-0.308823,-0.566190,-0.162250,0.752815,-0.000000,-0.000000,-0.000000,-0.000000,-0.000000,-0.000000,-0.000000,-0.000000,-0.000000,-0.000000,-0.000000,-0.000000,-0.000000,-0.000000,-0.000000,-0.000000,-0.000000,-0.000000,0.265907,-1.169927,0.935001,-0.245021,-1.205432,-0.012359,-0.086718,0.072254,1.360543,0.293295,-0.539141,-0.963424,0.431235,-0.086433,0.770134,-0.431679,-0.034433,0.005905,0.047081,-0.136256,-0.109475,0.201186,0.037405,0.919141,-0.271475,-0.016987,-0.683892,-0.223355,-0.312664,-0.338275,0.124213,-0.107136,-0.111219,0.077548,0.649550,1.844074,0.298030,-0.476766,0.694394,0.436089,0.173082,0.842552,-0.131079,0.184707,1.132949,0.502734,-0.208225,0.097628,-0.324039,-0.486911,0.244201,0.849748,0.102608,0.797307,1.206922,-0.333105,-0.076076,0.303204,0.304381,1.482144,-0.085303,0.224446,2.071663,0.983634,1.775971,1.124054,-0.552957,1.630997,1.188623,-1.362432,1.317118,1.389388,-1.898173,0.900878,0.901032,-2.313805,0.464140,1.062668,-0.672078,2.499448,1.358192,0.052178,2.206396,0.099260,0.617992,1.387542,0.934331,1.066186,0.894350,0.501156,0.545160,2.636646,0.770256,0.943608,2.502905,0.391677,-0.336916,2.296186,-1.503807,-0.738511,1.993410,-1.496307,1.891908,2.539634,1.007290,1.588617,2.354535,0.834148,0.540733,2.198281,-0.459246,-0.096349,2.100599,-0.009674,2.113674,2.418989,0.637531,1.912744,2.209858,0.970432,1.533615,2.179806,-0.088313,1.238440,2.058164,-0.041346,0.159751,1.177580,0.823852,0.140164,1.595774,0.953340,0.222486,0.917378,-1.162692,0.143089,0.801987,0.436438,0.311669,1.012609,1.764216,0.760361,1.100476,-0.890738,0.563710,1.005446,1.175828,0.647748,0.498632,-0.724828,0.339674,0.726674,-0.329199,0.789097,0.633175,0.666505,0.814058,0.562550,-2.442144,0.810615,0.615911,-0.638200,0.277766,0.356263,-0.288240,0.454723,0.647449,0.058402,0.127306,0.108536,0.253686,0.114866,0.732032,-0.185752,-0.142103,0.317311,0.053551,0.211337,1.336444,0.981469,0.113488,1.179194,0.178904,0.219388,1.190219,-1.486022,0.149607,1.663608,-0.261865,-0.000306,1.590065,-1.891274,0.247300,1.133531,-0.950638,-0.031300,1.246613,-1.401116,0.242801,1.328307,0.336496,0.165189,1.137133,0.996679,0.002618,1.620050,-0.921823,0.284318,0.787403,1.056131,0.361657,1.252940,1.787279,0.306887,1.152212,-0.288404,0.303706,1.182073,1.165961,0.233888,1.169561,2.747447,0.267149,1.125513,1.311320,0.114198,0.941515,0.897918,0.090282,0.803384,1.938647,0.114739,1.538855,1.615504,0.106362,1.408943,-0.709998,0.194062,1.122838,0.135502,0.281753,1.175188,-0.923539,0.061369,1.112038,0.009042,0.259844,1.478420,-1.635528,0.205608,1.763975,-0.840770,0.392097,1.146172,0.546472,0.128613,1.226224,1.381906,0.232315,1.913623,0.333518,-0.105916,1.386958,-0.451885,0.206653,1.515082,0.915063,-0.032055,1.225409,0.903657,0.447364,1.307983,0.266636,0.440018,2.104747,-1.302562,0.281413,1.621228,-1.261330,0.057365,1.573511,1.775429,0.138351,1.880057,-1.326761,0.095014,1.042828,-2.125297,0.347814,1.440785,-0.479748,0.051133,0.543765,-3.187508,0.140396,0.951616,-0.652791,0.210160,1.007856,0.451011,0.271363,1.058103,0.383940,0.634362,0.965264,-1.135327,0.268891,1.373173,1.242340,0.224573,1.023226,1.317190,0.235968,0.976856,0.999120,0.120905,1.146180,1.770873,0.297558,1.254831,-1.246776,0.090408,0.659529,1.485994,0.231069,0.397514,0.722733,0.241573,0.482607,1.227292,0.175693,1.454570,0.057640,0.241765,1.075549,0.645358
-0.404398,1.067131,-0.788391,-0.327484,0.550215,-0.048884,-1.036356,0.674326,0.674423,1.065037,-0.364162,-2.003626,0.661143,2.059540,0.553378,0.340901,-0.771289,1.344455,0.050630,-2.191307,-0.409802,0.182008,-1.408279,0.418914,0.529919,-0.800459,-1.455948,-0.169493,-0.407152,-1.257722,-0.663942,-0.663956,-0.651622,-0.000000,-0.000000,-0.000000,1.049730,-1.596365,-1.682660,1.479644,1.479546,1.470997,-0.000000,-0.000000,-0.000000,-0.578436,0.857817,-0.313895,0.319604,1.185300,-1.197438,0.595518,-0.008624,-0.086835,-0.564457,-0.160272,0.600787,-0.000000,-0.000000,-0.000000,-0.000000,-0.000000,-0.000000,-0.000000,-0.000000,-0.000000,-0.000000,-0.000000,-0.000000,-0.000000,-0.000000,-0.000000,-0.000000,-0.000000,-0.000000,0.287340,0.082645,2.479763,-0.229618,0.138153,0.470697,-0.072719,0.909237,1.009573,0.306449,0.201503,0.859271,0.057981,0.928198,-1.199546,-0.082506,-0.015698,2.297871,-0.637508,1.118120,1.133034,-0.218900,1.544855,1.059164,-0.255999,0.007221,0.610945,-0.207010,0.939101,0.860490,-0.787785,1.287415,0.782818,0.096361,1.377912,0.570346,0.315068,1.065170,0.548581,0.451583,1.321594,1.151620,-0.652618,1.184006,0.311110,-0.027544,1.039578,-0.089718,0.785787,0.301621,-1.386536,0.866552,0.557946,1.895380,1.228685,0.843653,0.742267,0.330286,0.935259,1.645865,-0.061522,1.786430,0.141789,1.031783,1.775671,1.144424,-0.519184,1.612072,1.330642,-1.337102,1.299595,1.409818,-1.900269,0.883115,0.996990,-2.315763,0.446765,1.163810,-0.674950,2.498975,1.321604,0.049340,2.205887,0.051965,0.615294,1.419776,1.208406,1.130709,0.907000,0.605737,0.594445,2.636348,0.790457,0.940438,2.524748,0.314864,-0.303467,2.317143,-1.415362,-0.764653,2.048220,-1.468515,1.888435,2.556545,1.094074,1.586108,2.418189,1.055024,0.570669,2.239497,-0.453862,-0.074549,2.118295,-0.050694,2.075747,2.418709,0.656758,1.910884,2.264342,1.093278,1.560262,2.197773,-0.043384,1.264592,2.073070,-0.050663,-0.041507,1.559813,0.771702,-0.079645,1.055474,0.573859,0.612745,1.552439,-1.290733,0.229369,1.414567,0.874532,0.402660,1.075328,1.690973,0.883323,1.192773,-1.005456,0.485731,1.100692,0.680907,0.833688,0.836322,-0.871990,0.350633,1.214937,-0.452935,0.843939,0.974865,-0.081574,0.701651,0.979214,-2.856391,0.476117,1.269669,-1.524861,0.183714,1.097809,-0.383777,0.372256,1.388839,-0.474998,0.060142,0.802969,0.122359,0.055720,1.380950,0.487000,0.032438,0.682441,0.747786,0.055872,1.416765,0.889613,0.231290,1.202004,0.176649,0.365709,1.880585,-1.640574,0.325309,1.686695,0.154126,0.213543,2.178778,-2.154715,0.281975,1.188542,-1.242502,0.031586,1.250390,-1.484448,-0.158649,1.322085,0.422170,0.048150,1.133584,0.106242,-0.080780,0.908473,0.061880,0.290532,1.750254,0.848537,0.151546,1.416373,1.745592,0.314578,1.490250,-0.167001,0.311356,1.502108,1.187804,0.213082,1.482850,2.311908,0.261079,0.989505,1.350909,0.121897,1.415299,0.975636,0.111548,1.151313,2.072319,0.148600,1.839595,1.771407,0.244137,0.860175,-0.277404,0.113417,1.348668,0.536140,0.224738,1.392862,-0.772851,0.024465,1.383633,0.112605,0.196247,1.703718,-1.620556,0.124164,1.982718,-0.498291,0.204225,1.360892,0.488207,-0.041383,1.345941,1.699804,0.093764,2.038016,-0.112649,0.003164,1.606868,-0.333258,0.067191,1.794562,0.840343,0.035609,1.495067,1.225429,0.397467,1.623646,-0.086591,0.417783,2.091325,-1.362271,0.277239,1.582530,-1.266769,0.064804,1.549960,1.214601,0.158722,1.838221,-0.946567,0.133285,1.524174,-1.691814,0.405603,1.457179,-0.861835,0.087989,0.564488,-2.983403,0.162430,1.192744,-0.994369,0.219562,1.243271,0.186822,0.267128,1.083585,0.316811,0.612982,0.989096,-1.268494,0.236098,1.657487,0.799047,0.220225,1.378119,1.425368,0.245165,1.346082,1.103551,0.141772,1.147095,1.957013,0.349794,1.267180,-1.477906,0.110582,0.929287,1.621373,0.240238,0.661891,0.919809,0.237403,0.749348,1.484513,0.342187,1.613836,0.510160,0.325554,1.306842,0.485835
-0.403956,1.067533,-0.801680,-0.327329,0.549774,-0.058062,-1.036074,0.673891,0.678707,1.065037,-0.364162,-2.004694,0.660447,2.059540,0.562079,0.340901,-0.770990,1.328192,0.050025,-2.199666,-0.413176,0.182298,-1.408279,0.424182,0.530742,-0.800459,-1.460924,-0.169493,-0.407152,-1.247206,-0.663942,-0.663956,-0.651622,-0.000000,-0.000000,-0.000000,1.050579,-1.596365,-1.688112,1.479638,1.479558,1.473580,-0.000000,-0.000000,-0.000000,-0.578129,0.857817,-0.328304,0.320048,1.184023,-1.176694,0.595090,-0.008624,-0.091237,-0.564037,-0.163300,0.619732,-0.000000,-0.000000,-0.000000,-0.000000,-0.000000,-0.000000,-0.000000,-0.000000,-0.000000,-0.000000,-0.000000,-0.000000,-0.000000,-0.000000,-0.000000,-0.000000,-0.000000,-0.000000,0.288129,0.082645,2.497248,-0.228716,0.138153,0.473782,-0.071278,0.909237,0.992983,0.307880,0.206836,0.879291,0.059682,0.928198,-1.182679,-0.081765,-0.015698,2.320015,-0.636223,1.118120,1.148418,-0.217295,1.544855,1.058455,-0.253941,0.002367,0.609232,-0.206070,0.939101,0.877681,-0.786406,1.287415,0.789143,0.098364,1.377912,0.580174,0.317308,1.065170,0.578733,0.452474,1.321594,1.160317,-0.651400,1.184006,0.304600,-0.025516,1.039578,-0.061513,0.787799,0.301621,-1.333336,0.867518,0.557946,1.901102,1.229961,0.843653,0.718800,0.333052,0.935259,1.636506,-0.059075,1.786430,0.169012,1.031051,1.775671,1.156210,-0.519698,1.612072,1.345924,-1.337488,1.299454,1.409986,-1.900652,0.883087,0.994595,-2.316116,0.446723,1.164063,-0.675487,2.498975,1.311163,0.048805,2.205887,0.047150,0.614761,1.419641,1.201108,1.130241,0.906968,0.603260,0.593699,2.636348,0.787750,0.939781,2.524748,0.316086,-0.303972,2.317143,-1.409704,-0.764996,2.048220,-1.469556,1.887748,2.556545,1.096901,1.585575,2.418012,1.057528,0.570243,2.239497,-0.457321,-0.074859,2.136142,-0.049039,2.075248,2.418709,0.656072,1.910493,2.264342,1.095651,1.559884,2.197773,-0.041721,1.264221,2.073070,-0.052120,-0.041253,1.558903,0.747636,-0.079645,1.054397,0.570122,0.613005,1.551702,-1.290857,0.229588,1.414567,0.874697,0.402864,1.074885,1.691010,0.883531,1.192476,-1.005017,0.486145,1.100692,0.683335,0.833882,0.836322,-0.865802,0.351008,1.214937,-0.456696,0.844295,0.974865,-0.071947,0.702029,0.979214,-2.853496,0.476549,1.269177,-1.522750,0.184225,1.097809,-0.381782,0.372806,1.388055,-0.475540,0.060814,0.802100,0.122077,0.056338,1.379835,0.483917,0.032856,0.681417,0.734518,0.056113,1.416192,0.868837,0.231495,1.201220,0.127238,0.365912,1.879371,-1.644159,0.325513,1.685901,0.136219,0.213759,2.177818,-2.188148,0.282385,2.008925,-0.929107,0.032016,2.087273,-1.826038,0.092288,1.321598,0.479560,0.048595,1.132724,0.141670,-0.080194,0.907796,0.055537,0.290923,1.748872,0.880008,0.369636,1.415975,1.837098,0.314766,1.489587,-0.202226,0.311542,1.501612,1.185787,0.213283,1.482850,2.314974,0.261463,0.989505,1.350529,0.122085,1.414748,0.973461,0.111925,1.151313,2.073443,0.148783,1.839239,1.777756,0.244365,0.859481,-0.268355,0.113846,1.347048,0.533042,0.224945,1.391300,-0.767883,0.024676,1.382871,0.108024,0.196471,1.702495,-1.627556,0.124597,1.982160,-0.509376,0.204643,1.360274,0.415428,-0.040962,1.345491,1.692087,0.094179,2.037549,-0.083520,0.003572,1.606140,-0.320710,0.067398,1.793778,0.808759,0.036009,1.494310,1.198738,0.397693,1.623646,-0.086906,0.418178,2.090898,-1.362490,0.277610,1.582530,-1.267358,0.064986,1.549657,1.213987,0.159083,1.838221,-0.947456,0.133662,1.524174,-1.691814,0.405982,1.456912,-0.862009,0.088353,0.564488,-2.982855,0.162792,1.192744,-0.994313,0.219750,1.243080,0.186211,0.267505,1.083585,0.315743,0.613189,0.989096,-1.268838,0.236499,1.657487,0.799079,0.220611,1.377785,1.424815,0.245348,1.345734,1.102798,0.142143,1.146798,1.956292,0.350209,1.267180,-1.477382,0.110940,0.929033,1.620732,0.240421,0.661642,0.919326,0.237774,0.749096,1.484179,0.342390,1.613353,0.517000,0.325980,1.305183,0.476460
-0.404254,1.071249,-0.813689,-0.333511,-1.515943,0.372525,-1.033835,0.671794,0.646511,1.060600,-0.356978,-2.034890,0.381860,2.058568,0.727234,0.315133,-0.771289,1.192799,0.056046,-2.187127,0.288144,0.169542,0.273565,-0.000757,0.505832,-0.791160,-0.653165,-0.166316,-0.403904,-0.479340,-0.663942,-0.663956,-0.651622,-0.000000,-0.000000,-0.000000,1.009903,-0.954868,-0.238145,-0.717797,-0.717800,-0.711982,-0.000000,-0.000000,-0.000000,-0.576073,0.864219,-0.464055,0.323131,1.191988,-1.185962,0.601901,-0.008224,0.088180,-0.567477,-0.092405,0.464277,-0.000000,-0.000000,-0.000000,-0.000000,-0.000000,-0.000000,-0.000000,-0.000000,-0.000000,-0.000000,-0.000000,-0.000000,-0.000000,-0.000000,-0.000000,-0.000000,-0.000000,-0.000000,0.261862,-1.179079,1.479990,-0.249553,-0.548365,-0.043544,-0.092251,0.072254,1.306725,0.286735,-0.533807,-0.453987,0.423837,-0.079178,0.997984,-0.098626,0.603867,-0.363014,-0.306247,1.104472,-0.058023,-0.241017,0.788387,0.604410,-0.280420,0.652115,-0.811746,0.199394,-0.312664,-0.793596,0.118741,-0.097020,0.081792,0.069143,0.659965,0.824307,0.289116,-0.465582,1.128623,0.432507,0.173082,0.963884,0.404815,-0.305849,0.121843,0.495044,-0.814025,0.322268,0.758029,-0.475636,-0.428725,0.845863,-0.342894,1.453577,1.779755,-0.328874,1.844257,1.043675,-0.299540,2.073050,0.577116,0.228250,1.379362,0.889490,1.756043,1.131508,-0.472772,1.573460,1.418745,-1.329793,1.280660,1.289371,-1.865652,0.846622,1.092511,-2.309037,0.427819,1.317517,-0.626306,2.459155,1.185493,0.141968,2.203852,-0.075544,0.667799,1.401703,0.934814,1.174420,0.892521,0.473991,0.556141,2.616872,0.967353,1.001087,2.500314,0.264438,-0.292952,2.293700,-1.509631,-0.733182,2.009701,-1.483042,1.755738,2.538071,0.575461,1.635439,2.394913,1.062301,0.580178,2.216905,-0.515584,-0.067748,2.080670,-0.092337,2.050539,2.417590,0.818265,1.863650,2.262834,1.355830,1.540183,2.196264,-0.143573,1.244711,2.056661,0.000306,0.163251,1.191578,0.879099,0.144030,1.612285,0.869570,0.522989,0.928716,-1.756268,0.395200,0.810754,0.279179,0.536853,1.019572,2.068274,0.999485,1.416621,-0.271234,0.566776,1.008566,1.266656,0.870471,1.387143,-1.088634,0.555982,1.108879,-1.003791,0.986575,0.861579,-0.691987,1.023464,0.862981,-2.206122,0.814011,0.623352,-0.684186,0.281864,1.051569,-0.986301,0.459047,1.482237,-0.446967,0.130932,1.111006,-0.603096,-0.109978,0.749231,-0.561485,0.094317,0.333023,-0.160974,-0.048399,1.344674,0.933605,0.116640,1.184696,0.320569,0.222509,1.875086,-1.561333,0.384284,1.669177,0.084682,0.248962,2.132045,-1.936269,0.250516,1.958330,-0.879766,0.216472,2.088735,-1.896366,0.246378,1.334996,0.560510,0.168763,1.149466,0.839319,-0.210242,0.859982,-0.658543,0.287335,1.567274,0.929012,0.364570,1.259044,2.471055,0.309763,1.162404,-0.548919,0.306567,1.189680,1.251630,0.236992,1.175184,3.471444,0.270097,1.132833,1.508506,0.117077,0.949974,0.717791,0.093183,0.809629,2.065307,0.117745,1.544350,2.491110,0.348765,1.419587,-0.681742,0.197232,1.134242,0.113691,0.284930,1.186180,-1.079050,0.064611,1.123725,-0.502996,0.263301,2.154925,-1.630446,0.208809,2.407094,-0.720600,0.395519,1.155037,0.820644,0.132055,1.744209,1.880510,0.235633,1.920359,0.861348,0.124717,2.225703,-0.456217,0.210064,1.527108,1.128718,-0.028776,1.237013,0.989172,0.966504,1.311945,-0.596362,0.667559,2.577265,-0.849517,0.284273,2.044161,-0.971342,0.266598,1.578133,1.676799,0.141130,1.886137,-1.173302,0.098097,1.553655,-2.684755,0.350854,1.444827,0.218972,0.260908,1.306569,-2.787553,0.143350,1.169726,0.340042,0.213041,1.219251,0.932878,0.274265,1.061123,0.840241,0.637551,1.421204,0.258352,0.495356,1.377023,0.439125,0.227552,1.027970,0.381307,0.238786,0.981792,0.613473,0.123752,1.150743,1.634403,0.300894,1.551226,-0.652663,0.093160,0.930010,0.975769,0.233879,0.662599,0.383314,0.244430,1.013924,-0.147280,0.178822,2.011046,0.334760,0.245200,1.087229,0.602014
0.325489,1.091818,-0.962730,0.481789,0.590624,-1.200523,0.330150,0.699465,0.472052,1.042848,-0.365761,-1.521142,0.655795,1.954022,-0.166941,0.373272,-0.742524,1.103119,0.063260,-0.078496,0.474836,0.177261,0.276879,0.112938,0.506231,-0.800459,-1.910687,-0.163138,-0.963193,-1.185823,-0.663942,-0.663956,-0.651622,-0.000000,-0.000000,-0.000000,1.005839,-1.595126,-0.754098,1.479407,1.479546,1.235579,-0.000000,-0.000000,-0.000000,-0.567508,0.877936,-0.864332,0.880566,1.192805,-1.121596,0.626976,2.095227,0.422759,-0.558444,-0.061006,0.325314,-0.000000,-0.000000,-0.000000,-0.000000,-0.000000,-0.000000,-0.000000,-0.000000,-0.000000,-0.000000,-0.000000,-0.000000,-0.000000,-0.000000,-0.000000,-0.000000,-0.000000,-0.000000,0.193985,0.667748,1.078262,0.406691,0.231293,-0.660829,0.047940,-0.313051,-0.058330,0.337888,0.830272,0.707858,0.399370,0.065819,1.062416,-0.232792,1.251563,-0.107843,0.165724,0.122830,-0.033251,0.263075,0.525279,-0.169943,0.654349,-0.128494,-0.752863,0.506159,0.347391,-1.041011,-0.120809,-0.460800,-0.860467,0.204840,-0.234849,0.026310,0.303212,0.199272,1.328807,0.335091,0.198165,1.004808,0.175195,-0.116884,0.709914,0.689902,-1.062647,1.974895,0.822773,0.132694,0.105562,0.740209,0.086253,0.860364,1.572036,-0.765301,1.715886,0.627588,-0.033612,2.182588,0.143440,-0.003572,1.325459,0.867915,1.649805,0.986773,-0.525261,1.443278,1.465648,-1.232219,1.122816,0.930657,-1.685308,0.736116,0.990084,-1.965957,0.300505,1.161210,-0.677854,2.248727,1.031014,0.179868,2.097869,0.374543,0.792863,1.365153,0.893462,1.249539,0.914799,0.420331,0.381973,2.457050,0.991571,1.001435,2.499758,0.816614,-0.295002,2.271500,-1.207035,-0.809973,1.990975,-1.199610,1.501614,2.456211,0.968439,1.561271,2.396676,1.209901,0.547268,2.239325,-0.282498,-0.117412,2.046764,0.174955,1.726011,2.372094,0.776368,1.781420,2.285019,0.801781,1.483039,2.236278,0.206341,1.158335,2.059918,-0.086604,0.268259,1.819896,0.955561,0.266362,1.733608,0.726905,0.659481,2.281923,-1.544277,0.535262,2.172721,1.065807,0.698242,1.782440,1.204776,0.997783,1.412706,-1.331885,0.875048,1.525304,-0.616330,1.054045,1.299498,-0.685117,0.634745,1.626356,0.027898,0.975524,1.443199,-0.857991,0.687899,1.240705,-1.648066,0.507987,1.608382,-0.416516,0.552247,2.047912,-1.425670,0.174351,2.291081,-1.307695,0.667197,2.584499,-1.416290,0.609712,1.987568,0.487480,0.363474,0.872435,1.544421,0.137404,1.325304,0.857251,0.338788,1.091154,0.571981,0.282752,2.364559,-1.263017,0.052690,1.574500,1.119107,0.218407,2.629722,-0.106607,0.159577,1.833691,-1.900217,-0.061635,1.825268,0.266931,-0.203387,1.133230,1.411482,-0.193065,0.798815,0.165220,0.400132,1.527889,-0.759774,0.123994,1.797416,-0.569660,0.210490,1.524410,0.050400,0.375457,1.774650,-2.005800,0.371909,1.245576,-0.394670,0.232042,1.414299,-0.852926,0.301302,1.453629,-0.290965,0.400703,1.959526,-0.198425,0.413527,1.549423,0.200254,0.461643,1.767714,-0.252644,0.137363,1.785027,-0.111068,0.277242,1.403935,-0.809411,0.187726,1.446133,-0.352715,0.264970,1.524956,-0.862444,0.153058,1.837073,-0.867858,0.289613,2.118095,-1.105018,-0.147150,1.466655,1.089051,0.367268,1.364826,-0.103303,0.057772,2.057638,-0.469467,0.460517,1.679190,-1.240583,0.033444,1.939988,-0.996571,0.427859,1.635382,1.259050,0.639756,2.027447,0.008842,0.433752,1.703554,-1.729172,0.534244,1.193771,-0.238182,0.544953,1.242325,-0.871755,0.447986,0.957460,-1.204908,0.462442,1.606728,-0.078898,0.114603,2.120516,-0.494671,0.404984,1.431833,-2.157490,0.454481,1.723810,0.153060,0.500536,1.547898,0.369501,0.527896,1.601809,-0.468993,0.632465,1.542413,-2.202214,0.691050,2.020564,1.164518,0.487955,1.824938,1.172768,0.520015,1.810945,0.299992,0.653072,1.572574,1.069183,0.249708,1.952024,-2.540810,0.604911,1.268918,0.822982,0.514252,1.261710,0.180815,0.494174,1.085180,0.833497,0.291332,2.243031,0.037589,0.028471,1.363446,-1.615597
0.331708,1.101688,-1.122290,0.495893,0.584262,-1.266716,0.357866,0.671385,0.288592,0.483250,-0.362563,-1.314669,0.109368,1.647002,-0.667093,0.375278,-0.759054,1.504617,0.053329,-2.132842,0.375677,0.168944,0.300036,-0.237271,0.528298,-0.796967,-2.769936,-0.166316,-0.404977,-1.656905,-0.663942,-0.663956,-0.651622,-0.000000,-0.000000,-0.000000,1.006048,-0.962291,-0.920450,1.480073,1.479546,1.282522,-0.000000,-0.000000,-0.000000,0.864543,0.877074,-0.993398,0.885527,1.196992,-1.012433,0.652052,2.094827,0.613858,1.491057,-0.073182,0.433905,-0.000000,-0.000000,-0.000000,-0.000000,-0.000000,-0.000000,-0.000000,-0.000000,-0.000000,-0.000000,-0.000000,-0.000000,-0.000000,-0.000000,-0.000000,-0.000000,-0.000000,-0.000000,0.261467,0.082645,-0.129989,0.158262,-0.523823,-0.770786,0.300036,0.102390,1.228369,0.282443,-0.507139,-0.366480,0.418437,-0.035652,0.858131,-0.100367,0.631998,-0.353411,0.039386,1.131768,0.390123,0.189639,0.826729,1.007756,0.647461,0.026634,-0.581726,0.624329,0.333722,-0.972427,0.115650,-0.066736,-0.852768,0.063939,-0.011177,-0.181613,0.785871,0.333347,1.405586,0.431325,0.198165,0.856554,0.944317,-0.284069,-0.069746,1.040306,-0.782347,1.104202,1.843336,-0.436171,-0.330069,0.844581,0.122282,1.630162,2.356414,-0.303174,2.729967,1.788565,0.340414,3.068185,1.243978,0.254833,1.705008,0.770799,1.482282,0.544765,-0.557310,1.249609,0.847379,-0.979009,0.904986,1.030913,-1.238798,0.565143,0.593709,-1.425996,0.181415,1.098422,-0.746036,2.068203,0.658211,0.203710,2.045810,0.189798,0.947014,1.388351,1.138597,1.416873,0.971886,0.507265,0.238158,2.344805,0.794510,0.938351,2.469404,1.140622,-0.237225,2.155355,-1.037415,-0.723814,1.872985,-0.952317,1.176397,2.386146,0.848561,1.473584,2.435468,1.367432,0.502777,2.192418,-0.107869,-0.152581,1.952478,-0.183586,1.599769,2.321980,0.909100,1.660820,2.302528,0.849943,1.415429,2.197773,0.272214,1.117714,1.982511,-0.067757,0.503283,2.012909,-0.247423,0.524566,1.840574,0.812985,0.604191,2.268311,-0.366439,0.736719,2.098204,0.828197,0.870428,1.680105,0.931353,0.688588,1.954662,-1.390344,1.021446,1.665149,-1.263540,0.728444,1.431776,-2.080930,0.946341,1.542160,0.882501,0.841493,1.349984,-0.596850,0.737699,1.437441,-1.605643,0.549173,1.990413,0.981732,0.298278,1.920187,-1.911009,0.205441,1.379186,-0.726285,0.689137,1.587354,-1.486499,0.860632,0.840526,0.581069,0.619835,1.124252,1.799769,0.610193,1.531103,0.182361,0.272027,1.245240,2.054978,0.202086,2.611724,-0.472467,0.428264,1.730455,1.512017,0.602075,2.258758,0.237085,0.021038,1.283109,-1.340293,0.270762,1.290779,1.569080,0.118225,1.338838,1.838819,-0.141794,1.172374,1.884973,0.432402,1.004807,-1.219172,0.001133,1.989450,0.329283,0.090268,1.610803,0.142727,0.038931,1.883942,-2.006777,0.252878,1.294857,-0.574651,0.119062,1.410928,-0.863144,0.408088,1.446805,-0.633224,0.497415,1.949371,-0.843426,0.503558,1.543569,-0.355675,0.541859,1.766244,-0.765351,0.060942,1.955628,1.616704,0.429705,1.628972,-2.072020,0.329818,1.663042,0.778996,0.397301,1.712265,-1.748487,0.307611,1.973484,-0.231603,0.443587,2.244874,-2.093617,0.183241,1.621794,2.009131,0.443878,1.496533,-1.654058,0.120182,1.654326,-0.091089,0.510660,1.878987,-1.952552,0.096058,1.225928,-0.630123,0.499828,1.821355,-0.283684,0.787351,1.974001,1.416679,0.323813,1.647750,-1.549186,0.635674,1.157334,-1.345980,0.637483,1.208284,-1.544648,0.534226,1.378559,-2.386759,0.761839,1.548671,0.029331,0.186630,2.070842,0.838125,0.693318,1.896933,-1.215586,0.748943,1.678325,0.109892,0.812785,1.715786,0.543225,0.848612,1.770836,-0.253977,0.516370,1.726581,-1.808719,0.812532,1.973253,1.488721,0.817234,1.772489,1.106354,0.613501,1.756377,0.097744,0.740475,1.866771,0.466994,0.333141,2.199525,-1.789558,0.689412,1.229050,0.297626,0.818767,1.221699,-0.591976,0.809973,1.314161,0.053027,-0.035178,2.366189,-0.447990,-0.142063,1.593926,-0.854683
0.330968,1.113215,-1.234204,-0.312906,0.583820,-0.439480,0.338548,0.677676,0.484968,0.485026,0.060672,-1.237028,0.655313,1.340373,0.202686,0.370741,-0.734568,1.130081,0.036183,-2.195486,-2.228260,0.177551,0.283507,-0.182134,0.457608,0.423088,-0.502717,-0.244998,0.734256,-1.730605,-0.663942,-0.663956,-0.651622,-0.000000,-0.000000,-0.000000,1.004768,-0.294777,-0.102205,-0.717797,-0.717800,-0.711982,-0.000000,-0.000000,-0.000000,0.872224,0.873651,-1.050463,0.884868,1.192805,-1.039947,0.661834,2.103826,0.686679,1.501796,-0.107610,0.528042,-0.000000,-0.000000,-0.000000,-0.000000,-0.000000,-0.000000,-0.000000,-0.000000,-0.000000,-0.000000,-0.000000,-0.000000,-0.000000,-0.000000,-0.000000,-0.000000,-0.000000,-0.000000,0.288129,0.100893,0.012976,0.184221,-0.509097,-0.488732,0.329761,0.102390,1.368383,0.316167,-0.517806,-0.105994,0.455701,-0.057415,1.367661,0.257236,0.622602,-0.281349,0.414029,-0.122608,-0.813034,0.226533,0.042892,-0.723707,0.691160,-0.012133,-1.159970,0.648846,-0.298995,-0.885039,0.611521,-0.779123,-0.637259,0.650777,-0.755099,-1.218326,0.831847,0.288610,0.568559,0.857668,0.189804,1.049523,0.978659,-0.792812,0.032841,1.081621,-0.814025,0.716136,1.345117,-0.481274,-0.734438,0.868800,0.115724,1.524893,1.812608,-0.320307,2.060869,1.091196,-0.295029,1.608206,0.622170,-0.284803,0.479980,0.385612,1.256919,0.124647,-0.491458,0.990161,0.488470,-0.644884,0.654936,0.976508,-0.591548,0.375454,0.995662,-0.722700,0.075242,1.127720,-0.668258,1.800957,0.541484,0.280277,1.963568,0.303070,1.127584,1.387272,1.259715,1.581782,1.049606,0.731896,-0.078991,2.065302,0.729650,0.747321,2.435160,0.963691,-0.315588,2.076858,-1.151831,-0.807530,1.768087,-0.716726,0.742922,2.213758,0.895982,1.322487,2.410782,1.152385,0.302687,2.123607,-0.209589,-0.257006,1.838712,0.038623,1.146478,2.173873,0.354031,1.434912,2.269475,0.706647,1.239154,2.124995,-0.009834,0.880931,1.922514,-0.166440,0.576530,2.013820,0.920283,0.605469,1.841650,0.800626,0.682186,2.267574,-1.476592,0.802163,2.097043,1.005408,0.928822,1.679237,1.273237,1.230106,1.637113,-1.422846,1.080692,1.664369,0.094281,1.009334,1.655898,-1.629506,0.784985,1.541479,1.275207,1.089777,1.577975,-1.417388,0.791014,1.737329,-2.369634,0.609923,1.989012,-0.491607,0.661159,1.918982,-1.547983,0.282770,2.215482,-1.282673,0.753816,1.587354,-0.967698,0.687331,0.840526,1.013039,0.442776,1.125277,1.696755,0.411826,1.532272,1.014211,0.570181,1.246024,0.411258,0.498060,1.926238,-1.139430,0.488918,1.731249,0.381960,0.416322,2.260189,-0.531187,0.306977,1.285287,-1.588633,0.334087,1.292302,0.485720,0.182410,1.340281,1.218162,-0.077814,1.175027,0.380030,0.488180,1.006188,-0.099386,0.511789,1.208169,-0.567410,0.585968,1.611217,-0.573569,0.528361,1.884604,-1.396191,0.523995,1.295353,-0.326981,0.411617,1.410530,-0.995202,0.464812,1.446805,-0.317267,0.552988,1.948821,-0.164387,0.559195,1.543569,0.390873,0.595900,1.765888,0.044663,0.609914,1.153765,-0.091061,0.728711,1.630559,0.073836,0.391724,1.664571,-0.450259,0.459900,1.713027,-0.292879,0.374441,1.295805,-0.663717,0.505475,1.600616,-0.698700,0.244878,1.622464,0.487485,0.748810,1.496982,0.207599,0.414959,1.654793,-1.196396,0.569397,1.879715,-0.752767,0.396851,1.226778,-0.878186,0.558881,1.822111,1.219698,0.854642,1.973462,0.559501,0.610575,1.646897,-1.999038,0.690768,1.156952,-0.529450,0.691181,1.557088,-0.779958,0.587520,1.378145,-1.268727,0.599281,1.547766,-0.667842,0.455967,2.070349,-0.669935,0.536767,1.896470,-2.052520,0.593197,1.677939,0.484417,0.651565,1.715222,0.779173,0.686713,1.770267,0.217345,0.816991,1.726183,-1.557008,0.870859,1.972784,1.866471,0.651012,1.771859,1.106966,0.667753,1.755722,0.568347,0.795076,1.866165,0.805278,0.628176,2.198734,-1.907733,0.742201,1.228572,0.560060,0.661541,1.221220,-0.227822,0.650556,1.313678,0.028564,0.495954,1.808707,-0.148695,0.402055,1.595551,-1.294419
0.333035,1.086469,-1.117173,1.316417,0.560837,-1.120532,0.380541,0.606018,0.262760,0.476038,0.463154,-0.576313,-0.177297,0.529117,1.024593,0.410179,-0.738546,2.445339,0.071375,-2.174639,0.687920,0.186755,0.309978,0.431087,0.513587,0.434715,0.073092,-0.195713,0.736417,0.125592,-0.663942,-0.663956,-0.651622,-0.000000,-0.000000,-0.000000,1.037304,0.346720,-0.075061,-0.717797,-0.717800,-0.711982,-0.000000,-0.000000,-0.000000,0.876643,0.855230,-1.017222,0.886746,1.195741,-1.027989,0.675014,2.088678,0.646188,1.516001,-0.187591,1.133365,-0.000000,-0.000000,-0.000000,-0.000000,-0.000000,-0.000000,-0.000000,-0.000000,-0.000000,-0.000000,-0.000000,-0.000000,-0.000000,-0.000000,-0.000000,-0.000000,-0.000000,-0.000000,0.836493,0.137500,-0.942968,0.591723,0.196994,-1.246358,0.326559,0.156562,0.852063,0.699207,0.260106,0.207614,0.836092,0.015039,0.579008,0.592271,0.669582,-0.347920,0.411208,-0.072622,-0.533802,0.221718,0.108669,0.775004,0.217759,0.046047,-0.940598,1.074108,0.365561,-0.627655,0.608764,-0.036390,-0.262591,0.645573,0.009653,-0.264880,0.322127,0.355648,0.235783,0.857067,0.231558,1.179588,0.434380,-0.262245,-0.112040,1.077171,-0.759775,0.499269,1.338295,-0.413689,-1.066262,0.867834,0.148474,1.295147,1.810031,-0.277527,1.676627,1.086204,-0.245464,1.753136,-0.055086,0.273854,0.411946,-0.146002,0.538279,-0.443172,-0.366192,0.189202,-0.344505,-0.200747,-0.007613,0.772314,-0.024733,-0.138374,0.642538,0.014267,-0.432095,0.920780,-0.409069,0.776973,0.375209,0.674268,1.371184,-0.073903,1.333704,1.237214,0.461882,1.629292,1.105758,0.907161,-0.432907,1.069993,0.328492,0.574495,1.892279,0.071636,-0.564965,1.576042,-1.214153,-0.906547,1.204166,-0.846530,-0.339332,1.288290,-0.138068,0.593591,1.945999,-0.352894,-0.188014,1.644880,-0.472381,-0.498874,1.295010,-0.374680,0.033606,1.407729,-0.400942,0.637944,1.859103,0.519702,0.566370,1.711725,-0.304877,0.300527,1.501283,-0.362504,1.008569,1.970953,-0.154287,0.770893,1.790950,0.520024,0.842198,2.233620,-0.599294,0.936398,2.071406,0.735981,1.048807,1.660528,0.607664,0.877802,1.625037,-1.549553,0.972978,1.656156,-1.751173,0.904887,1.422810,-1.453750,0.900816,1.534474,1.114404,0.799784,1.340666,-0.082765,0.903240,1.425184,-1.549382,0.738406,1.443664,1.289165,0.526864,1.892423,-1.800338,0.446626,1.345821,-0.670952,0.890869,1.547251,-1.307755,1.043576,0.788045,1.018596,0.806745,1.075921,1.792625,0.821578,0.842234,0.353585,0.459103,1.227549,1.468264,0.623339,1.209714,-0.362583,0.614177,1.262945,0.066651,0.799530,1.148766,-0.421321,0.428579,1.250115,-0.747677,0.466659,1.256360,1.570331,0.317498,1.317288,1.314987,0.308761,1.132724,1.178634,0.825250,0.972921,-0.458667,0.406167,1.175618,-0.082844,0.483446,1.131867,-0.919660,0.643991,1.087057,-1.267246,0.639007,1.271994,-0.976667,0.768510,1.393982,-1.276380,0.804787,1.424864,-0.557120,0.886014,1.287431,-0.549935,0.893824,1.524750,-0.195938,0.708669,1.749833,-0.867531,0.496027,1.120328,0.542452,0.855272,1.592381,-0.450885,0.519570,1.627772,0.177009,0.833614,1.676314,-0.643905,0.771719,1.267521,-0.154242,0.873373,0.928911,-1.147271,0.374126,1.592673,0.838156,0.878571,1.475325,-1.141641,0.540610,1.092203,-1.343244,0.924032,1.844706,-0.996572,0.764740,1.189000,-0.977282,0.914221,1.785661,0.878926,0.994125,1.961823,1.079527,0.503868,1.628438,-1.572207,0.805122,1.140431,-0.773908,0.803234,1.194040,-1.120517,0.908058,1.360284,-1.647547,0.934062,1.527793,-0.042872,0.355997,2.059259,0.081064,0.859178,2.143829,-1.169377,0.913958,1.888112,0.202988,0.983969,1.707146,0.917659,1.020330,1.762137,0.015589,0.705344,1.947422,-1.049810,0.991948,1.962222,1.427816,0.993536,1.758267,1.240778,0.992913,1.741581,0.520175,0.909386,1.853093,0.542193,0.518743,2.187411,-1.872244,0.852717,1.489426,0.103674,0.985712,1.476651,-0.754684,0.979058,1.571392,-0.347225,0.621183,1.227032,-1.074765,0.531142,1.556449,-1.438515
0.338802,1.072882,-1.143072,-0.302913,-1.520618,-0.625195,0.360104,-1.451688,0.454054,0.482363,0.465552,-0.377864,-0.461555,0.118136,-0.235845,0.392466,0.818170,1.520583,0.071687,-2.162100,0.021472,0.201595,0.303350,0.462701,0.534433,1.645470,-0.681359,-0.130540,2.434954,-0.643601,-0.663942,-0.663956,-0.651622,-0.000000,-0.000000,-0.000000,2.126560,0.996895,-0.974627,-0.717797,-0.717800,-0.711982,-0.000000,-0.000000,-0.000000,0.883152,0.853088,-1.043896,0.893249,1.199928,-0.923523,0.680112,2.098102,0.630585,1.519441,-0.158232,1.084461,-0.000000,-0.000000,-0.000000,-0.000000,-0.000000,-0.000000,-0.000000,-0.000000,-0.000000,-0.000000,-0.000000,-0.000000,-0.000000,-0.000000,-0.000000,-0.000000,-0.000000,-0.000000,0.395222,0.041462,-0.579745,0.382537,-0.048186,-0.964076,0.614784,0.349288,1.229491,0.687483,0.174835,-1.013187,0.901522,0.594854,0.548695,0.411230,1.138925,-0.986919,-0.022256,1.340812,-0.520430,0.202478,0.903480,0.369535,0.278299,1.277536,-0.967378,0.799399,0.169862,-1.138368,0.421243,0.130327,-0.398133,0.563505,-0.005970,-0.368818,0.863343,-0.521435,-0.418607,0.580295,0.064491,0.924257,0.706312,-0.087829,-0.254656,0.935793,-1.288697,-0.330898,0.790622,-0.475636,-2.228716,1.006149,0.053463,1.535438,2.062552,-0.577044,1.313550,0.823203,-0.669056,1.333631,0.443950,-0.151796,1.025253,-0.465600,-0.029636,-0.961168,-0.387992,-0.264082,-0.841889,-0.090212,-0.399283,0.652814,0.356779,-0.465206,0.548116,0.399263,-0.738863,0.836352,-0.018819,0.186594,-0.342251,0.737511,1.064919,-0.047749,1.245087,1.116841,0.478038,1.498707,1.121570,0.980212,-0.399699,0.368696,-0.164952,0.199081,1.450662,0.694578,-0.858930,1.218581,-1.063102,-1.110698,0.837405,-0.842515,-0.725383,0.589201,0.012225,0.084663,1.488269,-0.353715,-0.623944,1.216506,-0.321845,-0.870261,0.848271,-0.611545,-0.620669,0.707377,0.480583,0.141902,1.357571,0.774596,-0.003866,1.303740,-0.457378,-0.235493,1.114246,-0.220029,0.791299,1.579388,1.058174,0.840200,2.333448,0.737453,0.904694,1.594780,-1.641085,0.977176,1.457074,0.689728,0.847228,1.601742,1.334740,1.357311,1.535844,-1.178269,1.170909,1.342436,0.433822,1.058979,1.753724,-1.600080,0.788440,1.427915,1.494315,1.246594,1.680920,-2.345905,0.923502,1.905257,-2.756901,0.732037,1.315733,-1.375473,1.068652,1.841213,-1.395116,1.004136,1.439249,-1.486388,0.842479,0.847528,0.054151,0.765969,0.140289,1.084178,0.523119,0.700331,0.871107,0.582701,0.760172,1.020829,0.699731,1.199636,-0.051010,0.833016,1.192646,-1.231089,1.028313,1.238288,-0.645704,0.714297,1.098191,-1.882282,0.743163,1.185588,-0.885161,0.536559,1.242898,-0.473967,0.608032,1.316801,0.491504,0.815050,1.123904,0.202617,0.589643,0.905710,0.273755,0.971330,0.981496,0.895023,0.812417,0.968037,0.634650,0.751946,0.749019,0.039434,0.746384,0.952455,0.713815,0.911197,1.503550,0.706017,0.926876,1.016306,0.863083,0.775071,1.446887,0.605668,0.769013,1.174302,1.877913,0.785910,1.450177,1.486900,0.967062,0.871514,-0.020822,0.822010,1.357593,0.779965,0.942256,1.401464,-0.683291,0.754377,1.396939,0.563506,0.970825,1.041636,-1.156637,0.839781,1.353868,-0.077433,0.934540,1.370995,0.427046,0.694582,1.350549,1.336762,0.807097,1.507001,-0.371098,0.706288,1.616575,-0.239687,0.795300,0.907886,0.783085,0.737060,1.508278,1.323742,0.921027,1.645891,0.581234,0.875496,1.652361,-1.932425,0.708808,0.766681,-0.197468,0.696020,1.224983,-0.172442,0.788503,0.956237,-0.198299,0.792378,1.557292,-2.515590,0.842374,1.760230,-0.708738,0.931405,2.114895,-1.463816,0.792838,1.643494,0.072776,0.871705,1.680142,-0.621048,0.921084,1.734949,-0.399134,0.855551,1.691533,-0.654152,0.916321,1.946608,2.344354,0.891641,1.756698,0.037274,0.883096,1.739949,0.180350,0.786914,1.511187,0.595178,1.060117,2.172430,-0.579392,0.734310,1.755333,-0.426470,0.876228,1.999025,-0.355418,0.881333,2.098437,-0.088494,0.810798,1.066740,0.188067,0.818172,1.315982,0.536457
0.338504,1.073309,-1.138206,0.483530,-1.521475,-0.673498,0.361506,-1.452097,0.446096,0.481476,0.464753,-0.387505,-0.461931,0.118136,-0.234637,0.393485,0.813594,1.583013,0.069869,-2.170459,-0.276934,0.203969,0.296722,0.535205,0.537699,1.042996,-0.642345,-0.122584,1.871316,-0.650989,-0.663942,-0.663956,-0.651622,-0.000000,-0.000000,-0.000000,2.123777,0.990712,-0.968523,-0.717797,-0.717800,-0.711982,-0.000000,-0.000000,-0.000000,0.882846,0.852670,-1.044305,0.893249,1.198677,-0.908936,0.680112,2.091552,0.642267,1.519021,-0.158232,1.124221,-0.000000,-0.000000,-0.000000,-0.000000,-0.000000,-0.000000,-0.000000,-0.000000,-0.000000,-0.000000,-0.000000,-0.000000,-0.000000,-0.000000,-0.000000,-0.000000,-0.000000,-0.000000,0.400476,-0.575672,-0.531789,0.386775,-0.053095,-0.989893,0.618875,0.343261,1.196421,0.691478,0.169502,-1.065911,0.905794,0.587599,0.557223,0.414711,1.134227,-1.026050,0.325180,0.727272,-0.741558,0.207273,0.163472,0.212920,0.283465,0.622995,-1.145272,0.803485,0.165305,-1.082915,0.425692,-0.551776,-0.323889,0.569515,-0.011177,-0.253407,0.868909,-0.527027,-0.383594,0.584459,0.060311,1.044760,0.711894,-0.091467,-0.019019,0.941455,-1.293223,-0.231196,0.796635,-0.481274,-1.966140,1.010665,0.050184,1.607803,2.068097,-0.581328,1.134806,0.830926,-0.673567,1.073678,0.450869,-0.155600,1.009583,-0.410948,-0.029516,-0.969172,-0.388203,-0.263960,-0.859395,-0.090393,-0.399156,0.647889,0.356576,-0.465064,0.547080,0.425645,-0.738724,0.849153,-0.019071,0.186735,-0.341386,0.737212,1.065056,-0.044607,1.244753,1.116949,0.473454,1.498405,1.121678,0.981336,-0.400006,0.368815,-0.147931,0.198733,1.450810,0.690713,-0.859197,1.218705,-1.064054,-1.110859,0.837511,-0.843271,-0.725667,0.589300,0.018270,0.084380,1.488269,-0.364530,-0.624157,1.216677,-0.314250,-0.845670,0.867306,-0.606048,-0.620874,0.707517,0.488658,0.141719,1.357571,0.782384,-0.004056,1.303891,-0.449058,-0.235679,1.114372,-0.221201,1.000065,1.581246,0.374380,1.071065,2.332371,0.728935,0.828568,1.591708,-0.787474,0.913319,1.453614,0.656088,1.014011,1.597809,0.937341,1.058097,1.533048,-1.343484,1.111853,1.340080,-1.176558,1.001415,1.527803,-1.911926,0.947123,1.425692,1.260473,0.998310,1.451115,-2.317473,0.867759,1.902068,-2.263148,0.668107,1.311530,-0.141293,0.991253,1.836293,-1.884909,0.619382,1.434754,-1.806897,1.027479,0.844847,-0.530855,0.703958,0.139173,1.151592,0.694732,0.702380,1.405282,0.780345,0.762486,0.659486,0.639266,1.201604,0.640219,0.539127,1.196312,-0.865386,0.734229,1.240263,-0.532800,0.897834,1.100112,-1.205860,0.683674,1.188542,-1.063851,0.471275,1.246613,0.650160,0.541380,1.319667,0.635852,0.748167,1.129210,-0.226261,0.748852,0.909178,0.415174,0.912411,0.982878,0.236963,0.755223,0.968833,-0.183642,0.910610,0.749019,-0.639926,0.904200,0.951918,0.194760,0.850995,1.080310,-0.274152,0.869370,1.014858,0.169075,0.934085,1.444595,0.080258,0.928619,1.173060,1.257882,0.940179,1.857862,1.097224,0.663734,0.872960,0.111401,0.760936,1.360105,0.043536,0.642100,1.403885,-0.558985,0.933144,1.398464,0.260925,0.646572,1.042834,-0.633383,0.778102,1.355031,-0.602015,0.871213,1.372283,0.195079,0.871688,1.351936,1.356763,0.744890,1.507955,-0.829115,0.874304,1.618092,-0.363648,0.969570,0.909520,-0.154033,0.675962,1.509792,1.175560,0.853490,1.643780,1.140125,0.590157,1.649424,-2.200285,0.865912,0.764816,-0.748648,0.849688,1.223132,-0.013186,0.941388,0.954221,-0.901865,0.735161,1.554560,-1.717051,0.572859,1.758455,-0.862930,0.876295,2.113079,-0.651795,0.945623,1.641746,-0.001479,0.815276,1.678646,-0.127463,0.864422,1.733443,-0.767135,0.793689,1.689908,-1.114693,0.857593,1.675729,2.396582,0.833466,1.754487,0.165135,0.827896,1.737648,0.096992,0.943529,1.509060,0.287462,0.998526,2.170578,-1.032994,0.885726,1.753651,-0.622931,0.821197,1.997368,-0.427226,0.825541,2.096765,-0.204809,0.750380,1.067746,-0.763087,0.993854,1.318555,-0.225895
0.337917,1.065900,-1.071944,0.487332,-1.549132,-0.622251,0.363744,-1.470127,0.611984,0.491792,0.048692,-0.530277,-0.745762,-0.391492,-0.319824,0.371235,-0.751396,1.158213,0.047014,-2.224744,-1.458703,0.218229,0.270251,0.853203,0.526254,0.423088,-1.752105,-0.148828,0.170605,-2.957807,-0.663942,-0.663956,-0.651622,-0.000000,-0.000000,-0.000000,1.041158,-0.299735,-0.672338,-0.717797,-0.717800,-0.711982,-0.000000,-0.000000,-0.000000,0.883747,0.851389,-1.095558,0.893034,1.197834,-0.834754,0.676285,2.076404,0.802237,1.524613,-0.175415,1.296577,-0.000000,-0.000000,-0.000000,-0.000000,-0.000000,-0.000000,-0.000000,-0.000000,-0.000000,-0.000000,-0.000000,-0.000000,-0.000000,-0.000000,-0.000000,-0.000000,-0.000000,-0.000000,0.356844,0.087221,-0.846836,0.645153,0.805038,-1.371163,0.379604,0.084308,0.745704,0.752943,0.190836,0.443041,0.890721,-0.086433,0.929359,0.299390,1.242167,-0.462472,0.109741,0.477284,0.661218,0.281688,0.771926,1.834753,0.283822,0.632702,-0.642011,1.128474,0.920932,-0.517049,0.205985,-0.112193,-0.942024,0.176425,0.639135,0.584918,0.392924,0.266309,0.483046,0.908621,0.741068,1.054683,-0.036438,0.671626,0.323734,0.601585,-0.212695,0.579795,1.413886,0.262225,-0.670381,0.923748,0.993611,0.871837,1.306733,0.244566,0.241384,1.186238,0.299870,2.208841,0.035505,0.216838,1.210663,-0.810046,-0.624027,-1.506583,-0.604660,-0.744182,-1.056972,0.105211,-0.711241,0.437924,0.561936,-0.757666,0.580223,0.739406,-1.018117,0.904145,0.374431,-0.304300,-0.245183,0.618202,0.782191,-0.029309,0.899174,0.989280,0.284033,1.165475,1.111029,0.548688,-0.226980,-0.139061,0.048787,-0.122642,1.038975,0.678302,-1.175144,0.735099,-1.421554,-1.219284,0.464234,-1.018461,-0.963268,-0.011102,-0.437802,-0.366498,1.043761,-0.175823,-0.967414,0.740931,-0.676370,-1.091608,0.347132,-0.708280,-0.972545,0.092263,0.909687,-0.295882,0.877622,0.682108,-0.424074,0.824938,-0.340320,-0.643680,0.671097,-0.282213,1.002567,1.561672,0.340147,1.073829,1.071985,0.729704,0.831242,1.573610,-0.925583,0.915334,1.438450,0.687819,1.015810,1.586062,1.076132,1.060007,1.839080,-1.128967,1.113278,1.334223,-0.949738,1.002405,1.744953,-1.399784,0.947881,1.420396,1.360126,1.194904,1.672014,-2.345613,0.867941,1.894063,-2.281687,0.668107,1.298031,-0.505917,0.991003,1.819624,-1.692516,0.921933,1.416261,-1.760193,1.027038,0.824343,-0.428493,0.703557,0.113979,1.164985,0.694322,0.680349,1.348084,0.782476,0.751346,0.822962,0.640941,1.194134,0.182837,0.774240,1.184744,-0.879731,0.735476,1.233107,-0.583100,0.898924,1.631016,-1.469550,0.910124,1.175326,-0.937324,0.718152,1.233151,-0.018096,0.541598,1.310560,0.464311,0.748167,1.113329,-0.109707,0.748654,0.896012,0.410628,0.913218,0.969000,0.259158,0.973899,1.416771,-0.053526,0.911384,0.734767,-0.514166,0.904969,0.940755,0.300470,0.852018,1.071270,0.005106,0.870153,1.003154,0.201720,0.934664,1.431093,0.104410,0.929193,1.163020,1.104152,0.940750,1.849100,0.577807,0.665223,0.858729,0.037813,0.762409,1.343842,0.109357,0.881622,1.388210,-0.645773,0.934215,1.382077,0.391041,0.905369,1.030220,-0.686358,0.779590,1.343038,-0.577801,0.871849,1.359604,0.193663,0.872117,1.342718,1.367957,0.745313,1.498377,-0.842526,0.874304,1.603167,-0.372971,0.969795,0.893441,-0.161110,0.676371,1.493521,1.099481,0.854888,1.636620,1.166209,0.817501,1.638939,-2.144835,0.866855,0.755432,-0.659977,0.850248,1.215387,-0.080867,0.941938,0.944076,-0.988843,0.735751,1.542782,-1.686197,0.573431,1.751653,-0.890146,0.876856,2.106934,-0.804745,0.946362,1.636525,0.035409,0.815854,1.673387,-0.205719,0.865379,1.728149,-0.636526,0.794749,1.684412,-0.950973,0.858591,1.669251,2.490384,0.834449,1.392341,0.300877,0.828462,1.360878,0.212212,0.944092,1.501170,0.383988,0.998941,2.163483,-1.019187,0.886271,1.747396,-0.707746,0.821760,1.991017,-0.354803,0.826483,2.090357,-0.092490,0.985211,1.057863,-0.686195,0.994271,1.301899,-0.240552
0.340282,1.068361,-1.125841,0.499695,-1.571258,-0.349795,0.412179,-1.486877,0.205527,0.471823,-0.787408,-0.053030,-0.745120,-1.003467,-1.101761,0.373272,-0.769141,1.200415,0.068070,-2.182947,-1.173663,0.202193,0.280193,0.655057,0.521342,0.423088,-0.534939,-0.118631,0.168431,-1.316736,-0.663942,-0.663956,-0.651622,-0.000000,-0.000000,-0.000000,1.024250,0.339298,-0.183311,-0.717797,-0.717800,-0.711982,-0.000000,-0.000000,-0.000000,0.881674,0.849247,-1.114213,0.895235,1.199085,-0.852523,0.670759,2.078029,0.615217,1.522014,-0.165340,1.219341,-0.000000,-0.000000,-0.000000,-0.000000,-0.000000,-0.000000,-0.000000,-0.000000,-0.000000,-0.000000,-0.000000,-0.000000,-0.000000,-0.000000,-0.000000,-0.000000,-0.000000,-0.000000,0.864388,0.068918,-1.493888,1.020063,0.128337,-1.588101,0.342586,0.078281,0.318619,0.713496,0.196169,0.604928,0.848890,0.913690,1.127813,0.271116,1.251563,0.122917,0.425329,0.495481,0.688809,0.237748,0.793874,1.738263,0.700463,0.656968,-0.381007,1.094519,0.310941,-0.891369,0.628962,-0.091963,-1.157663,0.666780,0.665173,1.286000,0.842594,0.299794,0.780318,0.472441,0.749429,0.712378,0.458729,0.191982,0.079380,1.099448,-0.194649,0.692546,1.358395,0.295983,-0.295328,0.450681,0.551388,0.435881,1.836897,-0.324591,0.634253,1.118279,0.317859,1.823628,0.643957,0.232054,0.856454,-0.880503,-1.204484,-2.523688,-0.421644,-1.225410,-1.728646,0.400432,-1.006099,-0.406081,0.847891,-0.995116,0.473855,0.986096,-1.237964,0.951357,0.592962,-0.753786,-0.288027,0.434782,0.457919,-0.382224,0.525076,0.818559,0.484040,0.630171,1.057244,0.156373,-0.156215,-0.630211,-0.036863,-0.355151,0.645502,0.575479,-1.158538,0.514047,-1.471980,-1.176911,0.260909,-1.085508,-0.965894,-0.544725,-0.463844,-0.765600,0.525269,-0.065464,-1.198634,0.303159,-0.768425,-1.156600,0.013831,-0.829777,-1.138385,-0.462264,0.362081,-0.653068,0.353495,0.595468,-0.704810,0.358760,-0.153620,-0.853081,0.227044,-0.552052,1.006820,0.511933,0.373496,1.078245,1.065435,0.741570,0.835513,1.569093,-0.912477,0.918917,1.434991,0.645176,1.019008,1.583015,0.954525,1.063195,1.837117,-1.076467,1.116335,1.332838,-1.192363,1.005375,1.743348,-1.468002,0.950578,1.419034,1.251760,1.001105,1.670398,-2.319804,0.870549,2.190762,-2.325801,0.670863,1.294812,-0.572715,0.994340,1.815306,-1.795247,0.925453,1.411766,-1.864227,1.029964,0.818981,-0.407451,0.706214,0.108308,1.165242,0.697037,0.675098,1.293991,0.786266,0.748435,0.887180,0.644299,1.192566,0.151601,0.777378,1.182317,-0.896484,0.972247,1.231520,-0.540321,0.902257,1.629075,-1.543376,0.687096,1.172402,-1.069035,0.474781,1.230166,0.107881,0.544510,1.308649,0.494903,0.751070,1.109815,-0.092799,0.751177,0.893249,0.435306,0.916024,0.966264,0.351376,0.976820,1.414764,0.159538,0.914268,0.730707,-0.358854,0.907838,0.937737,0.440906,0.855105,1.491139,0.224801,0.873100,1.000238,0.285529,0.937551,1.427723,0.116505,0.931889,1.160519,1.278052,0.943367,1.846902,1.084063,0.668683,0.855171,-0.066213,1.001617,1.339743,0.222686,0.885033,1.384259,-0.643099,0.937466,1.378170,0.557682,0.908817,1.027237,-0.727857,0.782783,1.340156,-0.507015,0.874844,1.356434,0.212852,0.875129,1.340414,1.359425,0.748022,1.496450,-0.765253,0.877169,1.599405,-0.356096,0.972766,0.889421,0.067836,0.908889,1.489643,1.243149,0.858363,1.635038,1.545560,0.820535,1.636002,-2.119148,0.869514,0.752803,-0.374046,0.853037,1.213535,0.084715,0.944521,0.941234,-0.734989,0.738449,1.540050,-1.982855,0.788963,1.749889,-0.881278,0.879461,2.105330,-0.905349,0.948961,1.635171,-0.022601,0.818735,1.672265,-0.441464,0.868077,1.727019,-0.724187,0.797931,1.911155,-1.043423,0.861619,1.667571,2.530798,0.837219,1.390116,0.423068,0.831280,1.358563,0.425466,0.946738,1.499031,0.573511,1.001853,2.161643,-0.862770,0.888829,2.014750,-0.719907,0.824571,1.989599,-0.311132,0.829139,2.088927,-0.002327,0.988323,1.055388,-0.573747,0.997045,1.297701,-0.041990
0.335255,1.066302,-0.974881,-0.307034,-1.573388,0.822331,0.451369,-1.484371,-1.711631,0.445086,-1.623507,1.609414,-0.466851,-1.816863,0.175932,0.376296,-0.739162,-0.154844,0.085510,-0.086855,-0.448285,0.207248,0.296722,0.631087,0.552810,0.428894,-0.897198,-0.106697,0.164096,-1.284909,-0.663942,-0.663956,-0.651622,-0.000000,-0.000000,-0.000000,2.115427,0.347960,-0.007365,-0.717797,-0.717800,-0.711982,-0.000000,-0.000000,-0.000000,0.881674,0.844099,-1.049476,0.893693,1.202863,-0.920898,0.673314,0.008974,0.727012,1.517288,-0.170347,1.407532,-0.000000,-0.000000,-0.000000,-0.000000,-0.000000,-0.000000,-0.000000,-0.000000,-0.000000,-0.000000,-0.000000,-0.000000,-0.000000,-0.000000,-0.000000,-0.000000,-0.000000,-0.000000,0.794070,1.335218,0.614774,1.270316,0.947262,-0.219414,0.481318,-0.258879,-0.972935,0.370478,0.872875,0.286857,0.431808,0.131020,1.342168,0.476708,1.293788,-0.203705,0.194484,0.786357,-0.570737,0.299636,0.569108,-0.379511,0.693575,1.243623,-0.911048,0.973202,0.388343,-1.022450,0.858235,0.276875,-0.687889,0.250064,0.524695,-0.053665,0.345477,0.243941,0.216753,0.367860,0.235739,0.595666,0.219530,0.413639,0.275444,0.735273,-0.407123,0.775704,0.868619,0.954984,-0.298018,0.331438,0.564504,0.047889,1.032916,-0.140566,0.615867,0.690016,0.002420,0.716690,-0.481842,0.026815,0.135738,-0.083728,-1.759588,-2.640760,0.139891,-1.577359,-1.582173,0.725977,-1.474784,-1.269810,1.055369,-1.461569,0.651755,1.234577,-1.681172,0.955847,0.939778,-1.390233,-0.515664,0.368566,-0.219489,0.183348,0.039672,0.361386,0.990134,0.079975,0.718515,0.282142,0.108223,-1.365524,-0.087445,-0.679193,-0.132061,0.183835,-1.469882,-0.316453,-1.253098,-1.334854,-0.536237,-0.995448,-0.784845,-1.325631,-0.625725,-1.114053,-0.330719,-0.382073,-1.455672,-0.673339,-0.527221,-1.291970,-0.892214,-0.527681,-1.160778,-1.325910,-0.987168,-0.886553,-0.616667,-0.692508,-1.003641,-0.646677,-0.434064,-1.028340,-0.586421,-0.533278,0.799549,0.782296,1.177704,0.849312,1.376370,0.871709,0.913248,0.930222,-1.521223,0.732697,0.937706,0.615394,0.852225,1.208119,1.557274,0.885449,1.593921,-0.742907,0.944684,1.381146,0.126072,0.837439,1.791759,-0.724741,0.785743,1.269085,1.030118,1.045452,1.719826,-2.259954,0.708153,1.958319,-1.566151,0.722056,1.413428,-1.259722,1.055074,1.976318,-1.703734,0.988976,1.610478,-1.810053,0.829576,1.064708,-0.393388,0.754272,0.432721,0.557431,0.511168,-0.193709,0.832722,0.854047,0.923724,1.084290,0.703730,0.870607,0.257487,0.835323,1.366786,-1.547577,0.795511,1.351276,0.161967,0.713855,1.773136,-1.556401,0.739126,0.571196,-1.539252,0.530619,0.618616,-1.300366,0.600205,0.917560,0.495367,0.805244,0.389979,-0.065537,0.579930,1.101084,-0.412100,0.968728,1.170061,0.656172,0.809892,1.076439,2.246956,0.749452,0.925509,-0.797196,0.743904,1.080990,0.798531,0.910157,1.172579,1.965988,0.925119,1.133805,0.760598,0.772567,0.951097,0.279279,0.765742,0.806736,1.808200,0.781983,1.538498,2.152467,0.970066,1.062738,-0.356418,0.823895,0.668764,0.437494,0.942888,0.737515,-0.817491,0.753736,0.731927,-0.181316,0.714308,1.874940,-1.420082,0.841685,1.506374,-0.454355,0.929412,0.832029,0.641340,0.688338,1.476261,2.429048,0.799606,1.637604,0.532097,0.697911,1.818617,-0.316171,0.787448,1.123934,0.490060,0.730919,0.848008,1.121652,0.661324,1.407738,1.067255,0.648367,1.277618,-2.354716,0.707108,0.853829,-0.687732,0.693600,1.296190,0.700399,0.785370,1.050450,-1.021175,0.788131,1.152610,-2.500221,0.624174,1.815946,-0.365148,0.718639,1.909241,-0.543274,0.789500,1.685302,-0.322363,0.654064,1.930753,-0.825053,0.703292,1.775739,-1.221604,0.617431,1.735749,-1.190221,0.690453,1.730485,2.085189,0.668034,1.119613,1.311059,0.670197,1.077136,1.345844,0.783705,1.238879,1.500122,0.821880,1.935994,-0.204274,0.731208,2.077928,-0.771032,0.663978,2.051278,-0.204494,0.666880,2.151157,0.013168,0.812053,1.754304,0.589647,0.811119,0.610493,-0.238839
0.334813,1.065071,-0.963619,0.499221,-1.551677,-0.349045,0.453053,-1.488974,-2.330012,0.444753,-2.044354,1.764537,-0.452409,-2.018577,0.146791,0.391972,-0.726611,-0.374938,0.078295,-0.065957,-0.803536,0.189437,2.001764,0.311160,0.512365,1.030204,-1.497252,-0.122584,0.166257,-1.623846,-0.663942,-0.663956,-0.651622,-0.000000,-0.000000,-0.000000,1.017821,0.993191,-1.323686,-0.717797,-0.717800,-0.711982,-0.000000,-0.000000,-0.000000,0.880790,0.845380,-1.140129,0.892367,1.199928,-0.847891,0.682655,0.013073,0.848090,1.516421,-0.140987,1.336745,-0.000000,-0.000000,-0.000000,-0.000000,-0.000000,-0.000000,-0.000000,-0.000000,-0.000000,-0.000000,-0.000000,-0.000000,-0.000000,-0.000000,-0.000000,-0.000000,-0.000000,-0.000000,0.209746,1.316914,-0.336067,0.419072,0.255835,-0.293041,0.060178,1.372896,0.314085,0.350467,0.851541,2.210978,0.412185,1.094871,-0.453687,0.800073,0.627300,1.280397,0.176507,0.763610,0.641764,-0.163744,0.547160,-0.348102,0.669489,0.555108,0.976886,0.518724,1.621882,-0.152222,-0.576975,1.646137,1.060444,-0.328369,0.498657,0.006218,0.319525,0.992540,0.246699,0.346711,1.939695,0.210378,-0.357507,1.394751,0.015800,0.149908,1.441955,0.065472,0.840468,1.704051,-0.166429,0.752812,1.452228,0.514061,0.416582,1.605297,-0.018870,-0.109005,1.841086,0.420177,-0.516501,1.581190,-1.214995,0.648532,-2.174439,-2.636567,0.388458,-1.745633,-2.083752,0.918586,-1.590984,-2.085777,1.150613,-1.675743,-0.170731,1.215086,-1.884101,0.409893,1.138739,-1.574393,0.229084,0.410172,-0.454601,0.606240,-0.002739,0.197099,0.819673,-0.026881,0.568013,0.454663,0.308001,-1.595117,0.049697,-0.612474,-0.418272,0.406992,-1.517677,-0.672991,-1.314199,-1.317918,-0.837821,-1.302686,-0.724414,-1.582678,-0.424156,-1.118319,-0.648415,-0.157024,-1.425364,-0.999965,-0.629246,-1.244747,-1.239046,-0.579317,-1.138238,-1.567190,-0.662119,-0.878700,-0.869591,-0.423661,-0.995987,-0.951685,-0.764432,-1.018330,-0.822100,-0.731007,1.013066,0.797167,0.614887,1.085145,1.392881,0.831719,0.842198,0.940054,-0.719618,0.924069,0.944672,0.622693,1.023011,1.212902,0.959033,0.828746,1.596158,-0.443045,0.662071,1.382531,-0.706804,0.562296,1.792958,-0.030739,0.733496,1.270114,0.449950,0.604938,1.721261,-1.512766,0.657060,1.960184,-0.306876,0.663440,1.417631,-0.720785,0.984079,1.983146,-2.117644,0.611274,2.449761,-1.896027,1.020246,1.077207,-0.856710,0.697391,0.449873,0.575576,0.688022,-0.175819,1.230782,0.791010,0.934840,0.820256,0.647665,0.878477,0.974414,0.546006,1.378949,-1.075121,0.739445,1.359241,0.410494,0.901807,1.782291,-0.735962,0.684084,0.585873,-1.655754,0.470380,0.633571,-0.456495,0.538695,0.927155,0.729640,0.743704,0.407617,-0.697170,0.743798,1.114278,-0.066540,0.689760,1.181823,-0.077914,0.756981,1.082974,0.989254,0.912346,0.936364,-1.570666,0.691941,0.519638,-0.045755,0.854283,1.177835,0.555931,0.871718,0.594596,-0.017940,0.720272,0.958433,-0.263045,0.712991,0.812572,1.055537,0.730933,1.543607,1.565547,0.671259,1.074858,0.010673,0.767465,0.682548,-0.316276,0.647424,0.750801,-0.449013,0.937237,0.745233,-0.672280,0.652543,1.212248,-0.946746,0.784695,1.516089,-1.047996,0.631325,0.842801,0.589594,0.870401,1.484074,2.090700,0.742392,1.645721,-0.044451,0.870624,1.831267,-0.393281,0.966815,1.137627,-0.072052,0.674736,0.861220,1.417274,0.858825,1.410645,1.909948,0.367262,1.282656,-2.066697,0.868185,0.858353,-1.102285,0.851177,1.299893,-0.079016,0.734840,1.055341,-1.687436,0.735366,1.158037,-1.267696,0.359214,1.536337,-0.019098,0.667823,1.911743,0.687572,0.738943,1.687428,-0.595231,0.816814,1.722717,-1.049440,0.866728,1.566307,-1.806851,0.322724,1.737987,-0.610037,0.861406,1.464179,1.485619,0.835834,1.123406,1.759192,0.829401,1.081082,1.325867,0.731943,1.242527,1.275069,0.532052,1.938883,-1.233921,0.681163,1.811542,-1.319149,0.822697,1.790206,-0.599328,0.827811,1.887751,-0.455115,0.755993,1.208717,-0.248701,0.991714,0.624611,-0.979186
0.336735,1.064669,-0.959107,0.511110,-1.569544,-0.415067,0.445773,-1.506978,-2.087607,-0.096651,-2.453222,1.266655,-0.188531,-2.126764,-1.397558,0.398545,0.823680,-0.514288,0.083711,-0.045059,-0.759939,0.205763,0.329862,0.260321,0.545055,-0.177058,-1.509178,-0.110675,0.165183,-1.196717,-0.663942,-0.663956,-0.651622,-0.000000,-0.000000,-0.000000,1.043301,-0.293537,-1.108712,-0.717797,-0.717800,-0.711982,-0.000000,-0.000000,-0.000000,0.880790,0.845824,-1.029251,0.889614,1.192805,-0.835723,0.677556,2.081728,0.827842,1.515581,-0.123804,1.264078,-0.000000,-0.000000,-0.000000,-0.000000,-0.000000,-0.000000,-0.000000,-0.000000,-0.000000,-0.000000,-0.000000,-0.000000,-0.000000,-0.000000,-0.000000,-0.000000,-0.000000,-0.000000,0.864783,1.883769,-0.645558,1.022477,1.403265,-0.904728,0.346660,0.006027,-0.857347,0.718922,1.570850,0.204432,0.469367,0.819472,0.727967,0.609617,1.185848,0.318234,0.428918,1.045387,-0.015429,0.243835,0.711636,1.283288,0.708022,1.898164,0.785040,0.669583,0.870812,-0.882236,0.168347,1.206555,-0.777875,0.129979,0.587122,0.913382,0.850740,0.970240,-1.144544,0.473623,0.122967,0.355169,0.462312,0.631659,-0.112607,0.555398,0.352431,-0.630927,0.820368,0.971897,-1.521420,0.452279,0.508802,-0.137572,1.261513,0.197502,-0.453227,1.124889,0.250304,0.487962,-0.020941,0.178842,1.096758,0.850386,-2.331128,-2.335732,1.013971,-1.975961,-2.049421,1.113032,-1.768103,-2.025649,1.256560,-1.818683,0.186596,1.308248,-2.020220,0.540404,1.265950,-1.679513,0.536760,0.384059,-0.557311,0.513106,0.123359,0.110242,0.478038,-0.022091,0.482559,0.645742,0.449049,-1.695886,0.722715,-0.587581,-0.620543,0.321502,-1.356793,-0.783171,-1.674359,-1.184340,-0.877010,-1.202845,-0.630133,-1.697594,-0.009110,-1.089215,-0.822339,-0.429252,-1.306872,-1.127494,-0.613753,-1.202175,-1.328692,-0.546915,-1.062323,-1.715492,0.109914,-0.904625,-1.070461,-0.066400,-0.940591,-1.116540,-0.732427,-0.935531,-0.972042,-0.780691,1.010319,1.567248,0.847360,1.082111,1.073062,1.103257,0.839252,1.571367,-0.804164,0.921835,1.434375,1.233560,1.021213,1.093169,1.130989,0.589622,1.834880,-0.636440,0.661657,1.330690,-0.500427,0.562883,1.517637,-0.641876,0.735035,1.416630,1.521722,0.607405,1.213790,-0.988458,0.660591,1.889269,-1.711404,0.668314,1.291537,0.381537,0.990743,1.813449,-1.820102,0.921383,1.411766,-1.712220,1.026356,0.822568,-0.367194,0.702939,0.117419,1.074221,0.693673,0.688760,1.439764,0.788879,0.758407,0.541199,0.411232,1.199636,0.450436,0.545386,1.193885,-0.580452,0.739648,1.238288,-0.629188,0.654754,1.097211,-0.934856,0.686300,1.184842,-0.925400,0.473475,1.244390,0.340151,0.542727,1.317756,0.495464,0.748621,1.126557,-0.154440,0.748654,0.905034,0.299260,0.691358,0.975262,-0.085635,0.758540,0.962730,-0.564668,0.913878,0.737447,-0.685767,0.693473,0.941252,-0.195430,0.624397,1.070534,-0.556056,0.873100,1.001686,-0.160961,0.721805,1.429420,-0.199261,0.715114,1.161761,0.675220,0.733170,1.439588,0.823864,0.670409,0.863704,0.035792,0.767036,1.350321,-0.044584,0.647631,1.394455,-0.547610,0.938107,1.388333,0.425552,0.652767,1.034425,-0.348742,0.784263,0.707310,-0.457172,0.634111,1.364036,0.092475,0.873623,1.346877,0.761414,0.746142,1.503166,-1.195528,0.874921,1.609841,-0.374048,0.733109,0.899062,-0.348484,0.677806,1.499733,0.947191,0.859288,1.633972,1.645782,0.368068,1.165551,-1.441041,0.869514,0.753170,-0.170407,0.852667,0.866582,-0.314566,0.736873,0.941631,-0.681798,0.737678,1.031475,-0.166616,0.361890,1.749130,0.190271,0.670050,1.849092,-0.399127,0.740978,1.634399,0.359331,0.818353,1.671326,0.305120,0.868077,1.514560,-0.270147,0.323569,1.681967,-0.165354,0.862217,1.666847,0.708441,0.837219,1.035544,1.859180,0.830906,0.989672,1.491326,0.734025,1.158027,1.440428,0.301723,1.866296,-1.864667,0.683177,1.475986,-0.988819,0.824197,1.725232,-0.869353,0.829139,1.556180,-0.688411,0.755993,0.507808,-0.995641,0.995341,1.308534,-0.549522
0.337620,1.070421,-1.002415,1.319271,-1.594241,-0.273787,1.869950,-1.597483,-2.918094,0.449523,-2.455620,1.276425,-0.177351,-2.224846,-1.580262,0.410673,0.834401,-0.362187,0.084317,-0.011673,-0.405506,0.206940,0.329862,0.481549,0.530742,-0.174730,0.094729,-0.127362,-0.395207,-0.558438,-0.663942,-0.663956,-0.651622,-0.000000,-0.000000,-0.000000,1.033449,-0.291058,0.817310,-0.717797,-0.717800,-0.711982,-0.000000,-0.000000,-0.000000,0.882557,0.845824,-1.064644,0.889944,1.200770,-0.838698,0.687766,2.084178,1.041110,1.520727,-0.102542,1.195743,-0.000000,-0.000000,-0.000000,-0.000000,-0.000000,-0.000000,-0.000000,-0.000000,-0.000000,-0.000000,-0.000000,-0.000000,-0.000000,-0.000000,-0.000000,-0.000000,-0.000000,-0.000000,0.865991,1.243755,-1.029049,1.022182,1.383691,-1.031932,0.345788,-0.011981,-1.097161,0.717212,1.554915,0.575936,0.467093,0.797798,0.895094,0.609375,1.171754,0.535981,0.428150,1.036344,-0.223990,0.241917,1.446157,1.278510,0.705607,1.888458,0.677240,0.669909,0.238151,-0.476995,0.632053,0.509279,-0.629859,0.127976,0.576707,0.807799,0.847776,0.959055,-0.921950,0.474223,0.114606,0.466466,0.461922,0.130191,0.320282,0.554187,-0.271470,0.019933,1.363623,0.960621,-1.262461,0.014121,0.056742,-0.256666,0.682302,0.184652,-0.141505,1.123236,0.241282,0.890064,-0.022421,0.167430,1.481663,1.042506,-2.431268,-2.344000,1.185014,-2.024813,-2.013181,1.136728,-1.780751,-2.100250,1.254600,-1.848183,-0.356150,1.331050,-2.081543,0.141263,1.335174,-1.675310,0.524771,0.535290,-0.591395,0.199561,0.158441,0.036562,0.849040,-0.024872,0.436605,0.457058,0.544106,-1.726349,0.382415,-0.593031,-0.743483,0.111422,-1.188601,-0.798018,-1.666542,-1.117037,-0.942947,-1.330857,-0.496831,-1.759572,0.140449,-1.057980,-0.959782,-0.348129,-1.311335,-1.242072,-0.711965,-1.205547,-1.445031,-0.671101,-1.068420,-1.792610,0.216939,-0.908987,-1.153109,0.272827,-0.945009,-1.216845,-0.909421,-0.939967,-1.069928,-0.818230,1.226329,1.570056,0.006306,1.011410,1.075306,0.975868,1.070303,1.571367,-0.045629,1.115451,1.433238,0.614939,0.970013,1.091858,0.314296,0.772891,1.519294,-0.182008,0.380874,1.329528,-0.434155,0.511452,1.293126,0.806026,0.684898,1.415448,0.784513,0.561319,1.439554,0.109687,0.819449,2.186489,0.147346,0.611617,1.810795,0.298952,0.635286,2.502579,-2.725399,0.546112,3.071749,-1.628966,0.965745,2.817728,-1.215737,0.878095,1.400380,0.689044,0.872627,0.691877,1.541721,0.993630,0.761341,0.111799,0.592438,1.202004,1.186114,0.725065,1.197551,-0.122179,0.685457,1.240667,-0.205394,0.845137,1.639680,-0.526831,0.407607,1.189258,-0.828363,0.661876,0.410492,1.263544,0.483446,1.321110,0.606911,0.689322,1.131827,-0.323160,0.696752,0.909178,-0.016605,0.638849,0.978732,-0.114370,0.707766,0.964355,-0.790417,0.648618,0.739546,-1.397334,0.643609,0.942285,-0.919779,0.570579,1.070534,-0.855511,0.602029,1.001686,-0.420168,0.886985,0.798426,-0.837899,0.880695,1.161761,0.067169,0.893428,1.439588,0.209597,0.373748,0.866539,0.925777,0.712508,1.354386,-0.840467,0.592321,1.398373,0.328319,0.881973,1.390651,-0.415424,0.850257,1.036820,-0.086019,0.729194,1.349313,-1.640731,0.577619,1.366562,0.336557,1.058041,1.349182,-0.302927,0.691223,0.969251,-1.523966,1.049882,1.612844,-0.592553,0.914601,0.902265,-0.852379,0.853523,1.502035,0.760262,0.798947,1.337096,1.584586,0.315525,0.694723,-0.372658,0.819939,0.752803,-1.062783,0.804171,0.866255,-0.974363,0.895482,0.486429,-1.402946,0.903327,1.030589,0.461685,0.311898,1.748637,1.536670,0.829578,1.848416,0.110677,0.899686,1.633816,-0.327150,0.768265,1.670769,-0.427787,0.817776,1.513991,-1.033753,0.268483,1.681353,0.513563,0.809921,1.666378,-0.350930,0.785574,1.034914,1.141003,0.781910,0.989016,1.138140,0.684161,1.157421,0.936167,0.246795,1.865771,-1.354880,0.840261,1.475508,-1.220122,0.775350,1.724533,-1.391454,0.779609,1.555465,-1.145398,0.702035,1.063781,-1.500963,0.938919,1.312698,-1.222284
0.339398,1.068763,-1.019043,1.322280,-1.603175,-0.372130,1.849786,-1.566488,-2.564097,0.452741,-2.450824,1.445903,-0.173232,-2.227221,-1.856621,0.382375,-0.733335,-0.591653,0.071687,-0.007493,-0.562903,0.219406,0.313292,0.864412,0.478453,1.030204,-1.750368,-0.237843,0.730995,-1.892873,-0.663942,-0.663956,-0.651622,-0.000000,-0.000000,-0.000000,-0.066509,0.989472,-1.089853,-0.717797,-0.717800,-0.711982,-0.000000,-0.000000,-0.000000,0.881674,0.840676,-1.024721,0.891600,1.202021,-0.859367,0.688609,2.078454,0.770384,1.522460,-0.114656,1.150023,-0.000000,-0.000000,-0.000000,-0.000000,-0.000000,-0.000000,-0.000000,-0.000000,-0.000000,-0.000000,-0.000000,-0.000000,-0.000000,-0.000000,-0.000000,-0.000000,-0.000000,-0.000000,0.820338,1.321490,1.127494,1.286308,1.614147,1.206790,0.493254,0.566049,-1.394527,0.772378,1.613518,0.143002,0.438354,0.145528,0.498672,0.489846,0.655488,-0.450833,0.558078,0.177366,-1.212906,0.309892,1.347525,-0.129196,0.702521,1.936990,-0.600191,0.558952,-0.854310,-0.659829,0.874673,-0.400170,-0.390606,0.264479,0.545525,0.513900,0.355116,1.042870,0.255348,0.385445,-0.332247,0.085077,0.239906,-0.076917,0.907560,0.751863,-0.384496,1.493981,0.881086,0.983173,-0.494635,-0.538447,-0.781837,-0.401057,1.055513,-0.718237,1.068098,0.714873,0.020464,1.118501,0.219165,0.042031,1.236152,1.146641,-2.434010,-2.293663,1.187614,-2.045341,-1.873293,1.191269,-1.750439,-1.965486,1.387142,-1.850690,0.001662,1.380837,-2.051652,0.427229,1.337762,-1.659839,0.597942,0.576729,-0.555209,0.521071,0.161006,0.049590,1.046083,-0.022807,0.446921,0.279073,0.599014,-1.746301,0.488266,-0.544867,-0.704021,0.205891,-1.151588,-0.739519,-1.587370,-1.091843,-0.892767,-1.341098,-0.446094,-1.778686,0.313335,-0.982274,-0.942714,-0.282986,-1.278080,-1.205306,-0.721441,-1.158750,-1.413266,-0.823047,-0.997400,-1.795214,0.243398,-0.880124,-1.156036,0.490000,-0.860438,-1.184654,-0.768306,-0.910772,-1.057754,-0.847143,1.227834,0.515613,0.263928,1.013073,1.064268,1.032396,1.071912,1.563808,-0.200007,1.116791,1.427978,0.853459,0.971217,1.088386,0.449238,0.774169,1.202874,-0.350790,0.610339,1.327952,-0.772591,0.513038,1.068405,0.876250,0.686430,1.414239,0.998591,0.562887,1.437938,0.092865,0.821127,2.184363,-0.353281,0.613742,1.285497,0.452406,0.924888,2.497006,-2.705177,0.548819,2.234004,-1.799102,1.221554,1.811743,-0.964964,0.880150,1.387737,0.798918,0.874727,0.680349,1.530092,0.995057,0.754304,0.308569,0.593702,1.197285,0.788834,0.726506,0.508399,-0.174100,0.687128,1.235892,-0.294697,0.846696,1.094349,-0.445905,0.635066,0.359328,-0.707776,0.663853,0.401506,1.225034,0.736185,1.315357,0.453621,0.691544,1.121252,-0.348502,0.698698,0.900861,-0.009406,0.640660,0.970382,-0.057488,0.709318,0.959877,-0.870225,0.650150,0.732033,-1.200399,0.645133,0.937200,-0.907847,0.803158,1.066765,-0.982700,0.603594,0.996806,-0.398421,0.888518,0.792787,-0.731502,0.882440,1.157575,0.133319,0.895117,1.435935,0.291286,0.616361,0.858729,0.799402,0.950028,1.344635,-0.558200,0.594026,1.388975,0.147045,0.883493,1.382077,-0.129693,0.852098,1.029608,-0.086935,0.969068,0.702731,-1.329370,0.579544,1.359604,0.238398,1.059985,1.343655,0.024364,0.693085,0.963995,-1.467329,1.051730,1.604653,-0.483767,0.916501,0.893441,-0.646420,0.855376,1.493521,0.939913,0.800807,1.334706,1.673290,0.317136,0.690933,-0.369880,0.821454,0.749043,-0.871412,0.805653,0.516519,-0.851999,0.897154,0.482365,-1.341475,0.905065,1.026491,0.503864,0.313599,1.746360,1.440241,0.831252,1.846367,0.061295,0.901359,1.632068,-0.293724,0.769795,1.669074,-0.407645,0.819313,1.512285,-0.944038,0.270172,1.679729,0.458565,0.811337,1.664209,-0.313774,0.787152,1.032072,1.086362,0.783407,0.986060,1.116878,0.685873,1.154688,0.835604,0.248666,1.863406,-1.331001,0.841917,1.473338,-1.252816,0.776843,1.722406,-1.368718,0.781123,1.553320,-1.108974,0.703485,1.058347,-1.415929,0.940841,1.302711,-1.007208
0.339244,1.067959,-1.004689,1.321332,-1.603590,-0.346273,1.850068,-1.569429,-2.576462,0.452963,-2.451623,1.414404,-0.172964,-2.227650,-1.929214,0.380832,-0.729674,-0.654520,0.073779,-0.011673,-0.672753,0.220892,0.309978,0.901887,0.484587,0.430059,-1.706852,-0.222732,0.170605,-1.836605,-0.663942,-0.663956,-0.651622,-0.000000,-0.000000,-0.000000,1.006271,0.354158,-1.086692,-0.717797,-0.717800,-0.711982,-0.000000,-0.000000,-0.000000,0.881962,0.840676,-1.009844,0.892259,1.202429,-0.853491,0.689037,2.076404,0.772946,1.523301,-0.115707,1.150266,-0.000000,-0.000000,-0.000000,-0.000000,-0.000000,-0.000000,-0.000000,-0.000000,-0.000000,-0.000000,-0.000000,-0.000000,-0.000000,-0.000000,-0.000000,-0.000000,-0.000000,-0.000000,0.821966,1.321490,1.244493,1.288427,1.609238,1.211247,0.495584,0.560022,-1.380179,0.775239,1.608185,0.217956,0.441202,0.138274,0.423155,0.491587,0.650790,-0.592589,0.560131,0.168267,-1.138654,0.312789,1.336550,0.021003,0.705964,1.927284,-0.496500,0.560832,-0.858866,-0.683944,0.877075,-0.405228,-0.568820,0.268095,0.540318,0.536750,0.358827,1.037278,0.248098,0.387227,-0.336427,-0.038240,0.242684,-0.080554,0.950816,0.755102,0.230355,1.478230,0.884694,0.977535,-0.486935,-0.536514,-0.785116,-0.395275,0.471590,-0.722520,1.228965,0.718751,0.011442,1.302478,0.223123,0.038227,1.366072,1.146857,-2.416988,-2.290233,1.187765,-2.045722,-1.875940,1.191337,-1.750807,-1.954398,1.387231,-1.851046,0.006437,1.380899,-2.051986,0.424744,1.337888,-1.660249,0.614251,0.576830,-0.555650,0.510208,0.161106,0.049226,1.052250,-0.022698,0.446631,0.287146,0.650232,-1.729412,0.495907,-0.544713,-0.704521,0.206852,-1.151439,-0.739998,-1.559105,-1.091763,-0.893178,-1.325211,-0.445892,-1.779056,0.310878,-0.982149,-0.943190,-0.296862,-1.277947,-1.205754,-0.707142,-1.181170,-1.396372,-0.805004,-0.997253,-1.795578,0.250116,-0.880009,-1.156429,0.497196,-0.860320,-1.185045,-0.788707,-0.937644,-1.058079,-0.839066,1.227580,1.557917,0.277387,1.012793,1.062025,1.027559,1.071640,1.563070,-0.194192,1.116572,1.427409,0.856571,0.971014,1.087960,0.458958,0.774169,1.202874,-0.327471,0.610339,1.327952,-0.753340,0.513038,1.068599,0.874463,0.686618,1.414406,1.027861,0.563058,1.438136,-0.003065,0.821490,2.184363,-0.420601,0.614175,1.285497,0.452775,0.925389,2.497006,-2.680676,0.549358,2.234004,-1.850268,1.221996,1.810801,-0.889707,0.880551,1.385506,0.795543,0.875154,0.678257,1.486020,0.994816,0.753111,0.296160,0.593702,1.196101,0.765885,0.726506,0.506590,-0.199818,0.687128,1.235098,-0.538610,0.846912,0.553310,-0.476162,0.635279,0.357120,-0.675502,0.664068,0.399283,1.144158,0.736413,1.313934,0.441871,0.941459,1.118635,-0.405206,0.916802,0.898775,0.030605,0.640660,0.969000,-0.094267,0.709318,0.959048,-0.859622,0.650150,0.730707,-1.231266,0.645133,0.936166,-0.888837,0.803158,1.066367,-0.956193,0.603594,0.996330,-0.407456,0.888706,0.792237,-0.728723,0.882629,1.157167,0.135170,0.895300,1.435563,0.292164,0.616361,0.857283,0.823188,0.949822,1.342983,-0.527147,0.594026,1.387381,0.168121,0.883704,1.380520,-0.123949,0.852098,1.028435,-0.086129,0.968861,0.701616,-1.322965,0.579761,1.358315,0.251303,1.060196,1.342718,0.062281,0.693305,0.963021,-1.455594,1.052130,1.602439,-0.494613,0.916933,0.891807,-0.658062,0.855576,1.491976,0.944695,0.800807,1.334448,1.674278,0.317136,0.690523,-0.375821,0.821639,0.749043,-0.853810,0.805835,0.516519,-0.816846,0.897335,0.481968,-1.289659,0.905253,1.026048,0.531508,0.313785,1.746113,1.399111,0.831433,1.846367,0.034782,0.901540,1.631879,-0.276152,0.769983,1.669074,-0.401134,0.819501,1.512100,-0.913279,0.270172,1.679530,0.417610,0.811534,1.663975,-0.319192,0.787346,1.031764,1.039019,0.783590,0.985739,1.092510,0.686058,1.154391,0.765981,0.248878,1.863150,-1.346812,0.842096,1.473338,-1.269509,0.777026,1.722406,-1.349801,0.781308,1.553320,-1.112508,0.703485,1.057360,-1.419454,0.941267,1.301019,-1.011720
0.345309,1.062183,-1.070559,0.507618,-1.599773,0.309503,0.444090,-1.499434,-2.274494,0.448414,-2.057134,1.318345,-0.171359,-2.127095,-2.012749,0.384381,-0.733951,-0.296246,0.086722,0.013405,0.494597,0.208426,0.326548,0.687414,0.451499,3.467984,1.461950,-0.236242,2.441476,-0.350132,-0.663942,-0.663956,-0.651622,-0.000000,-0.000000,-0.000000,1.003265,3.581493,1.478141,-0.717797,-0.717800,-0.711982,-0.000000,-0.000000,-0.000000,0.886398,0.843681,-1.081900,0.897880,1.204114,-0.924010,0.695835,2.091127,0.795035,1.526767,-0.123804,1.275266,-0.000000,-0.000000,-0.000000,-0.000000,-0.000000,-0.000000,-0.000000,-0.000000,-0.000000,-0.000000,-0.000000,-0.000000,-0.000000,-0.000000,-0.000000,-0.000000,-0.000000,-0.000000,0.792862,1.330642,0.649146,1.679937,1.623963,1.493359,0.872128,-0.240797,-1.459174,0.749506,1.629519,-0.099010,0.414460,0.174457,0.186969,0.471986,0.674223,-0.817483,0.891894,-0.431681,-1.458975,0.284252,0.618424,-0.976192,1.147363,1.292096,-0.996118,0.536641,-0.840696,-0.555371,0.849338,-0.374944,-0.506790,0.233254,0.571500,0.323838,0.324706,0.305386,0.307247,0.364587,-0.315576,0.169671,0.210755,-0.058775,1.060028,0.163680,0.257452,1.481396,0.295618,1.011293,-0.237025,-0.561384,-0.768761,-0.184207,0.438320,-0.110635,0.850828,0.672883,0.038453,1.259556,-0.499670,0.061006,1.138710,1.201034,-2.390076,-2.456108,1.235960,-1.965263,-1.838967,1.208791,-1.678371,-1.953871,1.438324,-1.797033,0.078441,1.456258,-1.969689,0.439405,1.394740,-1.597986,0.602297,0.641611,-0.540082,0.591805,0.228036,0.097254,1.332850,0.034722,0.475589,0.671129,0.716473,-1.669706,0.640369,-0.479734,-0.685123,0.370816,-1.033004,-0.513211,-1.626392,-1.083022,-0.772005,-1.404532,-0.395440,-1.720632,0.365448,-0.936738,-0.923353,-0.168211,-1.271492,-1.127443,-0.767700,-1.155127,-1.313983,-0.794222,-0.933386,-1.768757,0.701096,-0.852890,-1.087228,0.649262,-0.831217,-1.098677,-0.601707,-0.856239,-0.987937,-0.783706,1.018570,1.561672,1.117718,1.091223,1.067588,1.299978,1.147233,1.567556,-1.002962,0.929221,1.431461,1.581845,1.027812,1.090972,1.275805,0.834475,1.519294,-0.642864,0.896423,1.329719,-0.159075,0.569419,1.293516,-0.448553,0.741563,1.415782,1.750138,0.613358,1.212767,-0.687621,0.666723,1.887946,-1.640386,0.675322,1.289208,0.268954,0.999200,1.810386,-1.706581,0.930316,1.408116,-1.699165,1.034032,0.818112,-0.019492,0.939889,0.111701,1.055563,0.700810,0.682441,1.042105,0.796699,0.754876,0.999020,0.888507,0.757007,-0.610883,1.019369,0.508399,-1.038082,0.979965,1.236296,-1.083103,0.910004,0.554760,-1.296635,0.919002,0.359328,-0.491795,0.727169,0.401506,-0.096565,0.800817,1.315357,0.237394,1.005884,1.121252,0.192961,0.755069,0.900861,0.463819,0.922433,0.971793,0.564491,0.983042,0.960690,0.009149,0.920412,0.734077,0.003314,0.913948,0.938730,0.301002,0.862119,1.068635,0.236461,0.879569,0.999266,0.326485,0.943700,1.426577,0.120358,0.937880,1.159685,1.176922,0.948785,1.437776,1.509297,0.918839,0.860175,-0.114366,1.009825,1.346255,0.615629,0.892909,1.390536,-0.701545,0.945231,1.383633,0.961500,0.917545,1.031442,-0.697913,1.029459,0.704474,0.149782,1.120506,1.360892,0.334517,0.880935,1.344573,0.827639,0.986203,0.964462,-0.761436,0.881873,0.770367,0.053883,0.977854,0.895075,0.626166,0.914437,1.495067,1.210262,0.866956,1.336289,1.377695,0.601266,0.693443,-1.345906,0.875976,0.751275,0.354678,0.858980,0.865033,0.170529,0.950259,0.484414,0.074794,0.744057,1.029204,-0.307752,0.368348,1.747868,-0.143664,0.676193,1.847961,-0.583885,0.747089,1.633430,0.657600,0.824873,1.460298,0.648868,0.874633,1.513614,0.372900,0.568051,1.680939,-0.088625,0.868854,1.665646,0.548499,0.843950,1.033975,1.434687,0.837285,0.988040,1.433529,0.740290,1.156518,1.096635,0.541619,1.864980,-1.905372,0.894512,1.474784,-0.919389,0.830557,1.724054,-0.655598,0.835595,1.554992,-0.548684,0.996250,1.059333,-0.296269,1.002611,1.304370,0.165180
0.352999,1.040384,-1.057877,1.310710,-1.589541,0.041203,1.833553,-1.486443,-2.684808,-0.088550,-2.049141,1.456898,-0.172804,-2.020524,-0.473297,0.382375,-0.743440,0.219396,0.089420,-0.020032,0.546100,0.205165,1.991822,1.014467,0.500521,0.424252,-0.462913,-0.180626,0.166257,0.120858,-0.663942,-0.663956,-0.651622,-0.000000,-0.000000,-0.000000,1.028745,0.986993,-0.539235,1.496120,1.479546,1.656587,-0.000000,-0.000000,-0.000000,0.893792,0.832132,-1.007520,1.453552,1.215398,-0.608821,0.701361,2.072304,0.878497,1.536219,-0.080229,1.004120,-0.000000,-0.000000,-0.000000,-0.000000,-0.000000,-0.000000,-0.000000,-0.000000,-0.000000,-0.000000,-0.000000,-0.000000,-0.000000,-0.000000,-0.000000,-0.000000,-0.000000,-0.000000,0.786399,1.262059,0.132074,1.260957,0.873696,0.002094,0.468492,1.318724,-0.365030,0.354759,0.808938,2.225388,0.413609,1.051433,-2.060871,0.810003,0.594471,1.453904,0.536261,0.118281,-0.487817,0.282315,0.525279,0.736868,1.145998,1.209709,0.808364,0.100061,-0.289882,0.358135,0.375042,1.620911,1.303354,0.230469,0.483098,2.276718,0.323236,1.741208,0.651102,-0.049263,-0.958708,-0.044087,-0.343127,0.878778,1.460756,0.160020,0.800007,0.495514,0.293213,1.687207,0.384325,-0.121274,0.079695,-0.558253,-1.913539,1.583933,0.767854,-1.612578,1.201187,-0.440263,-1.184873,-0.528038,-0.573769,1.322568,-2.315860,-2.591818,1.231334,-1.853716,-1.941165,1.272298,-1.595407,-1.860716,1.380898,-1.633239,0.135050,1.533428,-1.847431,0.641796,1.438616,-1.561802,0.342461,0.695939,-0.487956,0.682738,0.325717,0.098184,1.252702,0.184383,0.494532,0.377048,0.807356,-1.633965,0.574083,-0.479928,-0.646031,0.617003,-0.822749,-0.262021,-1.261194,-0.822893,-0.272227,-1.867948,-0.377788,-1.684136,0.304699,-0.912308,-0.779246,-0.355092,-1.158340,-0.865900,-0.810915,-1.028632,-1.075029,-1.026196,-0.932388,-1.679908,0.086773,-0.845611,-0.982439,0.468151,-0.765592,-0.922920,-0.197394,-0.683698,-0.829916,-0.825949,1.121819,0.975234,1.240506,1.209140,0.741219,1.221364,1.268769,1.605320,-1.010421,1.046870,0.994168,1.485733,1.154999,1.396665,1.066801,1.001827,1.483669,-0.857968,0.879522,1.353578,-0.695898,0.835057,1.124970,0.365500,1.076601,1.476921,1.215004,0.783486,1.495480,0.842380,1.117107,1.913262,-0.600479,0.999416,1.725653,1.961068,0.564552,2.200288,-2.273714,0.494196,2.470516,-1.040559,1.191479,2.795521,-2.282648,1.318542,2.252574,-0.244748,1.087673,1.110590,0.917074,0.947420,0.125813,0.997001,1.056906,0.731846,0.341952,0.996231,1.117789,-1.181821,1.003304,1.210830,0.131481,0.977744,1.097211,-0.375754,0.623981,0.332926,-1.318470,0.694402,0.291490,0.237661,0.820055,0.694693,1.266079,0.827977,-0.007385,-0.848850,1.070554,1.681002,-0.303419,0.812009,1.168002,-0.373435,0.878375,1.155120,-0.233187,0.817069,1.161023,-1.460998,0.811158,0.788366,-0.616352,0.939436,1.076908,-0.841266,0.752384,1.016802,-0.394774,1.060989,0.815894,-0.641055,1.077376,1.174727,-0.002600,1.104561,1.440687,0.213620,0.874058,0.334143,0.031161,0.998250,0.666351,-0.194141,0.916730,0.735189,-0.090195,1.005248,0.817006,-0.482385,0.940046,0.611453,-0.448579,1.017768,0.952918,-0.851086,0.831196,0.892229,1.139352,1.107751,0.946304,-0.112103,0.774025,1.080231,-0.674863,1.165706,1.002199,-1.305320,1.005036,1.211484,-1.075638,1.133415,0.932481,1.377381,0.908959,1.492678,1.422304,0.439409,0.854176,-0.256646,0.970767,0.432394,-0.619090,0.972326,0.615256,-0.479027,0.874020,0.594852,-0.980717,0.907762,1.202969,1.096465,0.552898,1.896880,1.207476,1.044942,1.746376,-0.741784,1.090820,1.771800,0.072129,0.941941,1.594412,0.430054,0.970813,1.648638,-0.291026,0.398362,1.823966,0.261956,1.152852,1.535263,-0.624068,0.942697,1.185667,-0.023287,0.951801,1.145857,0.403544,0.874517,1.302405,-0.211458,0.257403,1.718489,-1.575843,1.026850,1.327786,-0.924484,0.944724,1.319385,-1.226594,0.930300,1.412720,-1.007821,1.005000,1.233453,-0.529132,1.006246,0.608022,-1.767077
1.110838,-0.946206,-1.260033,2.965069,-1.634650,-1.129881,3.339758,-1.583674,-4.313527,-0.106302,-2.031574,1.623978,0.657346,-1.820387,-2.670712,0.424344,-0.746503,0.866762,1.549682,-0.032571,0.286752,0.211688,2.008392,1.043706,0.520544,-0.187522,-1.449236,-0.045502,-0.406064,-0.795637,-0.663942,-0.663956,-0.651622,-0.000000,-0.000000,-0.000000,1.004768,0.341777,-1.138257,1.479702,1.479546,2.084379,-0.000000,-0.000000,-0.000000,0.920083,0.829990,-1.144140,1.464363,1.222521,0.097044,0.708587,2.073529,0.943400,1.568490,-0.085297,0.706603,-0.000000,-0.000000,-0.000000,-0.000000,-0.000000,-0.000000,-0.000000,-0.000000,-0.000000,-0.000000,-0.000000,-0.000000,-0.000000,-0.000000,-0.000000,-0.000000,-0.000000,-0.000000,0.135802,1.184324,-0.556252,1.585459,1.496464,0.799418,1.162132,2.143653,-0.468079,0.227556,0.856875,2.440043,1.056016,0.167203,-3.412016,0.735609,0.650790,1.418273,0.439200,0.849991,0.323435,0.584085,0.689688,-0.272315,0.981198,0.710295,2.121011,0.878282,-0.854310,1.473330,0.730262,1.060068,0.772970,0.065527,-0.063190,0.611496,0.147137,1.182537,0.690770,0.280555,-0.908593,0.841903,0.629244,0.460880,0.792177,0.004055,0.935604,0.562926,0.665969,1.112704,0.646992,0.235468,-0.336336,-0.615185,0.301411,0.488453,-0.063026,0.470657,-0.551880,0.382151,-0.694752,-0.946126,0.143227,1.701468,-2.649078,-3.079670,1.291563,-1.791524,-2.245296,1.381289,-1.101174,-1.602575,1.389148,-1.018006,-0.447005,1.895332,-1.101469,0.064638,1.547297,-1.520016,0.397522,1.055903,-0.616408,0.392646,0.488729,0.065195,0.488344,0.157627,0.433475,0.349960,0.996328,-1.628984,0.770292,-0.029253,-0.827849,0.872353,-0.404169,-0.050312,0.588383,-0.442529,0.090820,-0.981930,-0.023607,-1.694780,0.280485,-0.704979,-0.907767,1.077411,-0.506913,-0.373426,0.818476,-0.415416,-0.279702,-0.539589,-0.753564,-1.687817,0.069208,-0.810868,-1.075033,0.122441,-0.699684,-0.491878,1.754258,-0.313925,0.020162,1.517816,1.287582,-0.165890,0.585232,1.394711,0.887847,1.095839,1.147766,1.012570,0.522069,1.467511,1.322588,0.352685,1.316192,1.238610,-0.016586,0.951276,1.434576,0.138244,0.864053,1.127480,-0.794845,1.085097,0.914402,2.165483,1.369562,1.500840,-0.667091,1.290227,1.281277,2.319831,1.482210,1.295610,-0.548925,1.446886,1.627466,1.577491,0.834663,1.243407,-0.364262,1.102819,2.015292,-0.042186,0.935209,2.056528,-1.732744,1.324273,1.049658,-1.979184,1.573113,-0.230384,-1.057777,1.409303,-0.089935,0.666345,1.008821,0.109554,1.868979,1.214881,1.523834,-0.537070,1.251744,0.580984,2.060571,1.522565,1.457589,0.827976,0.951266,0.861522,-0.804053,1.330202,0.777306,1.043500,1.245450,0.449302,2.645501,1.031075,-0.450530,0.597288,1.492366,1.407338,-1.145666,0.881349,0.225883,1.006108,0.725071,1.118417,1.743889,0.665704,1.167127,-2.005993,0.878988,0.275756,-0.213059,0.984797,0.774544,-0.692680,0.807926,0.629709,-0.077722,0.912944,0.368587,-1.361498,0.942330,0.842691,-0.606975,0.987303,1.144313,-0.637932,0.840263,0.225356,1.451859,1.226722,-0.437678,-2.482083,1.170300,-0.328964,0.658656,1.285898,-0.187468,-2.342352,1.211719,1.909214,-0.019992,1.248505,1.538958,-1.710607,0.949316,0.071384,2.818306,1.003822,0.838559,-0.757787,0.933789,0.963995,2.798764,0.876753,0.854581,-2.636174,0.686622,0.177845,1.345238,1.270594,-0.064829,-3.451164,1.461282,1.377569,1.262196,0.707571,0.614980,0.756425,0.810819,0.620950,-1.326090,1.041629,0.425212,-1.707543,0.954522,0.334552,-1.550670,1.451094,0.944380,-0.002653,0.885337,1.499015,1.472235,1.357105,1.659601,-1.059018,1.174714,1.482091,-1.134129,1.013519,1.528007,-0.620967,0.808522,1.581783,-1.026735,0.679500,1.750015,0.867475,1.186226,1.428633,-1.174448,1.002248,1.025437,-1.054437,1.021819,0.979157,-0.840037,0.740290,1.148307,-0.400505,0.608205,1.599350,-0.623438,0.898734,1.210324,-1.481559,1.014530,1.475463,-2.111399,0.987413,1.298717,-1.974869,0.767879,1.148858,0.525393,0.670274,0.428290,0.181728
1.117345,-0.944573,-1.280142,2.989795,-1.555079,-1.503855,3.335273,-1.506160,-3.436637,-0.114068,-1.636287,1.250346,1.499530,-2.018382,0.525768,0.449093,-0.746204,2.038426,0.092431,-2.149561,0.175266,0.204567,1.995136,0.720515,2.617556,-0.191014,-2.623281,3.853707,-0.404977,-1.707208,-0.663942,-0.663956,-0.651622,-0.000000,-0.000000,-0.000000,2.120353,-0.302215,-1.240945,1.479788,1.479546,1.922565,-0.000000,-0.000000,-0.000000,0.925096,0.825705,-1.160527,1.466565,1.220427,0.354916,0.708587,2.080079,1.036388,1.587842,-0.090365,0.673536,-0.000000,-0.000000,-0.000000,-0.000000,-0.000000,-0.000000,-0.000000,-0.000000,-0.000000,-0.000000,-0.000000,-0.000000,-0.000000,-0.000000,-0.000000,-0.000000,-0.000000,-0.000000,0.857926,0.727179,0.114288,1.425170,0.834488,0.725049,0.733984,1.764302,-0.805875,0.709501,1.682789,2.220878,0.844913,-0.013978,-0.737294,0.940445,1.284392,2.699249,0.421724,1.145416,-0.033294,0.233266,0.837703,0.680371,0.695633,1.350276,0.780651,0.662984,0.966439,1.193503,0.159449,2.004921,2.337966,0.117568,0.706770,1.473300,0.837775,1.858507,0.625319,0.467676,0.214836,0.885714,-0.089158,1.205786,0.732163,0.544049,1.681581,0.235155,1.352750,1.867409,-0.900118,0.884007,1.023122,0.621929,-1.642274,2.033210,-0.037550,-0.389713,0.353947,-0.362680,-0.706627,0.779298,-1.523532,1.036347,-1.412329,-1.599673,0.765737,-0.877599,-2.247441,1.551950,-0.903649,-1.552387,1.542041,-0.544631,-0.063652,2.024913,-0.508558,0.518758,1.814377,-1.479362,0.070847,1.350085,-0.540507,-0.624580,0.622923,0.084684,-0.497046,0.004333,0.376291,-0.289405,1.824606,-1.679459,-1.280564,0.433406,-0.988122,-2.839390,0.242043,-0.278875,-1.755386,-0.174224,0.154778,-1.418949,1.112251,-1.775204,-2.130190,0.757202,-1.376376,-0.178056,0.350844,-0.552502,-0.522587,0.163695,-0.181193,-0.092716,0.412243,-1.847835,-1.039746,0.441704,-1.129473,0.890614,0.477807,-0.539155,0.650878,0.790793,-0.045434,0.190967,1.289088,-0.155610,0.631238,1.396363,0.913242,1.169237,1.149635,1.037458,0.195863,1.469754,1.347608,0.523923,1.318788,1.261678,0.181997,0.954888,1.451971,0.062789,0.869132,1.364720,-0.224996,1.092010,1.157055,2.015840,1.378583,1.514154,-0.096984,1.300380,1.296483,2.276305,1.494843,1.313768,-0.309209,1.463020,1.123544,1.914179,0.855165,1.274887,-0.278805,1.125262,1.198303,0.125302,0.954204,2.084133,-1.796571,1.341735,1.071366,-1.837390,1.591159,-0.222016,-0.896036,1.412389,-0.091127,0.893695,1.012598,0.107186,1.552042,1.219885,1.519573,-0.530836,1.258198,0.578588,2.163087,1.530978,1.456139,0.945228,0.961752,0.858598,-1.106070,1.342940,0.771275,0.948910,1.259992,0.444992,2.526960,1.047132,-0.458453,0.402484,1.507726,1.404576,-1.190084,0.890369,0.229380,0.722275,0.956380,1.122911,1.199567,0.894087,1.178037,-2.142564,0.887765,0.286423,-0.423204,0.992842,0.786587,-0.764630,1.040731,0.645777,-0.386732,1.141560,0.387155,-1.462330,1.172824,0.856474,-0.688889,0.997210,1.155986,-0.780624,1.090847,0.231054,0.923696,1.232205,-0.433580,-2.004870,1.176887,-0.325013,0.337492,1.293892,-0.181211,-2.285950,1.218840,1.228504,-0.245992,1.254043,1.544629,-1.689480,0.961079,0.076461,2.673306,1.016738,0.840395,-0.864097,0.947316,0.965883,2.701612,0.891291,0.859101,-2.676477,0.700425,0.184283,1.153787,1.283093,-0.058617,-3.234512,1.469176,1.390802,1.257801,0.715251,0.633012,0.616543,1.036110,0.635989,-1.351212,1.262756,0.437907,-1.622290,0.963589,0.350811,-1.661692,1.461727,0.963874,0.220702,0.896358,1.511634,1.436247,1.367345,1.671668,-0.931149,1.183975,1.713746,-0.994539,1.241906,1.538144,-0.519147,1.037113,1.591988,-1.112768,0.687551,1.760808,0.615938,1.193673,1.440651,-1.168495,1.010767,1.040302,-1.041286,1.245229,0.994622,-0.693238,0.966271,1.162603,-0.471872,0.619642,1.612235,-0.721342,1.117400,1.221603,-1.429871,1.237260,1.486766,-2.056051,1.212499,1.310112,-1.921079,1.012080,1.152320,0.466995,0.683527,0.432454,0.092764
1.123699,1.036667,-1.333683,3.782584,-1.527422,-1.196367,3.332752,-1.509919,-3.669190,-0.134149,-1.627504,0.872440,1.768277,-1.713972,-0.464566,0.430886,-0.735782,1.637958,0.092137,-0.007493,1.605110,0.197736,2.008392,0.607638,0.469876,-0.785339,0.063456,-0.070145,-0.411500,0.548269,-0.663942,-0.663956,-0.651622,-0.000000,-0.000000,-0.000000,-0.081915,-0.310877,-0.236400,1.479535,1.479546,1.972916,-0.000000,-0.000000,-0.000000,0.930128,0.820139,-1.172498,1.471310,1.219993,0.533007,0.711571,2.091127,1.027907,1.589995,-0.031647,0.127244,-0.000000,-0.000000,-0.000000,-0.000000,-0.000000,-0.000000,-0.000000,-0.000000,-0.000000,-0.000000,-0.000000,-0.000000,-0.000000,-0.000000,-0.000000,-0.000000,-0.000000,-0.000000,0.771847,0.658652,0.357663,1.665751,0.903146,0.504341,0.859320,2.179743,-0.237869,0.738357,0.840874,2.752414,0.795685,1.087616,-2.793431,1.142555,0.622602,2.262714,1.233937,0.140972,-0.288771,0.712676,-0.203822,0.769208,1.134637,0.564815,1.650726,0.953711,-0.890760,1.411552,0.833944,0.953920,1.468835,0.216836,-0.203667,1.939684,0.310995,1.774693,0.325825,0.349984,-1.510023,1.159667,0.192378,0.399090,1.212100,0.703674,0.203202,0.436271,0.832835,1.715327,0.562158,-0.132595,-0.356009,-0.749062,-1.928456,0.428539,-0.402528,-1.631364,-0.633023,-1.380626,-1.201704,-1.029724,-0.572034,1.325711,-1.227890,-0.744243,1.152692,-0.948672,-2.229845,1.375706,-0.198975,-1.702401,1.558673,-0.093221,-0.809072,1.939893,0.116759,0.719297,2.104564,-1.362628,-0.669990,1.576616,-0.599212,0.569413,0.727800,0.103700,0.353887,-0.142602,0.365566,0.505395,2.068046,-1.641265,-1.666418,0.929190,-1.097070,0.369855,-0.024771,-0.275340,0.296959,-0.233291,0.102649,0.161978,1.188717,-1.755848,-2.151836,0.057065,-1.309162,0.379577,-0.145542,-0.590804,0.074555,-0.081001,-0.069865,0.932294,0.289724,-1.930441,-1.524804,0.540972,-1.254728,-3.848712,0.608631,-0.700763,-1.188132,0.666166,-0.270429,-1.249540,1.408095,-0.106218,-1.511152,1.839037,0.748891,-0.240428,1.575685,0.779200,1.838730,1.305710,1.036106,-1.319671,1.161005,1.441950,-0.815898,1.252409,1.520709,0.259238,0.893780,1.384282,0.966760,1.079157,1.159243,1.514589,1.321347,1.507664,-1.010801,1.410248,1.300128,2.368910,1.576971,1.046376,-0.235574,1.529508,1.256189,1.917821,0.916671,0.859681,0.535342,1.174989,0.836477,0.850342,0.991974,0.804744,-1.175828,1.371095,0.957108,-1.082739,1.617792,-0.115021,-0.094193,1.492735,0.086547,0.001022,1.066561,0.701182,2.307155,1.246780,0.375701,-0.008950,1.258198,0.727793,1.118431,1.755457,1.062533,-0.142003,0.883720,0.277200,0.618523,1.480790,0.226338,1.856272,1.371364,0.652043,2.147708,1.129399,-0.084894,1.756667,1.557476,0.844730,-1.405937,1.066138,0.349261,1.549862,0.904450,0.681874,0.424389,0.842815,0.383141,-0.645849,0.836766,0.791901,-0.306308,0.962943,1.091234,-0.538324,0.999510,1.036303,-0.167793,1.087340,0.838428,-1.304346,1.105788,0.716397,-1.100623,1.134115,0.625302,-1.265365,1.130889,0.308515,1.992468,1.013416,0.629726,-1.286357,1.176887,0.699888,2.373709,1.272950,0.790457,-1.500562,1.481318,0.592238,0.381651,1.033085,0.935767,-2.363768,1.109170,0.869396,2.579327,1.146490,0.924178,-2.139840,1.050907,1.056773,0.774944,1.208889,0.123955,-2.195246,1.047273,0.271800,0.784560,1.403252,0.906121,-3.210456,1.721438,1.517291,0.482674,0.920163,0.884827,1.308262,0.994697,0.456068,-0.890504,1.208695,0.284701,-1.176828,0.900844,0.620445,-0.788780,1.596829,1.236105,-0.270505,1.017055,1.634167,0.262035,1.497454,1.510870,-1.817736,1.328614,1.572471,-1.265803,1.186070,1.614303,-0.517155,0.995093,1.668664,-0.956057,0.902379,1.613926,0.597364,1.174163,1.557355,-1.970519,0.967626,0.852902,-1.970544,1.190610,0.799654,-1.441821,0.901995,0.982375,-1.123147,0.763634,1.145163,-0.908623,1.053804,1.348194,-1.266948,1.182807,1.072441,-1.882698,1.169611,1.163569,-1.751843,1.022093,0.652724,-0.812157,0.803640,0.570512,0.726028
1.125179,1.058491,-1.420516,2.989321,-1.514671,-1.537153,3.308676,-1.527949,-3.012670,-0.705062,-1.626704,0.548882,1.784003,-1.204207,1.314873,0.445050,-0.759054,2.261446,1.547571,-0.011673,2.036502,1.660706,0.319920,0.890161,0.458854,-0.186357,-1.401454,-0.205245,-0.395207,-1.249196,-0.663942,-0.663956,-0.651622,-0.000000,-0.000000,-0.000000,-0.070573,-0.304694,-1.985498,1.479740,1.479546,1.794483,-0.000000,-0.000000,-0.000000,0.933680,0.829990,-1.230786,1.470866,1.225431,0.612719,0.717097,2.077629,1.258056,1.599027,-0.070092,0.478073,-0.000000,-0.000000,-0.000000,-0.000000,-0.000000,-0.000000,-0.000000,-0.000000,-0.000000,-0.000000,-0.000000,-0.000000,-0.000000,-0.000000,-0.000000,-0.000000,-0.000000,-0.000000,1.644301,1.220932,0.787383,1.044825,1.535672,-0.323712,1.442779,0.541940,-0.503178,1.289757,2.380764,1.157632,1.327148,1.247123,0.285086,1.317876,0.697713,-0.210849,1.040315,0.272789,-0.364211,0.891296,0.749978,1.333546,0.360531,1.437576,-1.108093,1.183473,-0.808802,0.808738,1.060482,1.115641,1.909873,1.001819,1.435132,2.643914,1.012742,0.478607,-0.381905,0.981015,-0.290493,0.319476,1.015804,1.002315,0.983256,0.393350,1.609230,0.705393,-0.058633,0.403032,0.934429,-0.342306,-0.755645,-0.129902,-0.462062,1.126038,-0.060065,-0.520674,0.741506,-0.267985,0.464225,0.669070,-0.951335,1.718996,-0.938006,-0.153058,1.879797,-0.431181,-0.358311,1.320779,0.023250,-1.050536,1.180790,0.095201,-0.317705,1.673171,0.233140,0.945255,2.181743,-1.201682,-0.378114,1.826753,-0.524381,0.904501,0.895209,0.151095,-0.912248,-0.308641,0.339856,-1.680023,2.219636,-1.471586,-1.655503,1.117400,-1.060716,-0.004477,0.300146,-0.277810,-1.475050,-0.160457,0.158539,-0.274152,1.320768,-1.644854,-1.772926,0.240277,-1.273229,-0.710155,0.302236,-0.592614,-1.566266,0.009839,-0.104664,-0.704790,0.343978,-1.820300,-1.272546,-0.362841,-2.328305,-2.705130,0.775458,-0.684184,0.032861,-0.332250,-2.364810,0.333509,1.498352,-0.075415,-0.718915,1.625296,0.769889,0.533261,1.368404,0.783717,0.820582,1.385489,1.032007,-0.305180,1.231596,1.433676,-0.535282,1.085066,1.512011,0.015954,0.962389,1.376275,-0.155278,1.143441,1.149873,1.606219,1.598549,1.499130,0.084931,1.263063,1.290810,1.888720,1.418476,1.036267,-0.365989,1.346445,1.243144,2.477774,0.985362,0.849790,-0.047851,1.246388,0.834245,0.752800,1.051683,1.823300,-1.959006,1.657942,0.982209,-0.679483,1.672544,-0.077193,0.578793,1.576148,0.115269,0.630241,1.139414,0.722408,1.213302,1.317218,0.410405,-0.295573,1.326773,0.749682,0.482962,1.575027,1.087586,-0.106497,0.944816,0.316071,-0.432386,1.296120,0.269773,1.807892,1.181482,0.679833,1.639490,1.191148,-0.033807,0.568846,1.609964,0.880760,-0.776177,1.128457,0.378371,0.218625,0.964946,1.157973,-0.264441,1.120564,0.401480,-1.501278,1.113030,0.801575,-0.864622,1.262729,0.666860,-1.316472,1.061338,1.039219,-0.543150,1.365184,0.841798,-1.055580,1.384002,0.719341,-0.845734,1.190393,1.042848,-1.101050,1.204305,0.334837,0.655790,1.323157,0.662252,-0.967908,1.246878,0.731239,0.790846,1.587508,0.818594,-0.955877,1.296228,0.613898,0.057287,1.345897,0.307522,-1.690119,1.172923,0.892847,1.827357,1.453576,0.943513,-2.077907,1.110406,1.076902,-0.058322,1.266176,0.153776,-2.203393,1.107771,0.301539,-0.617135,1.463123,0.934058,-0.759090,1.533455,1.513307,0.790025,0.755460,0.881873,0.518050,1.269934,0.454922,-0.892271,1.266294,0.283454,-0.669512,1.167539,0.619206,-1.151113,1.435443,1.232911,0.833428,0.857401,1.630371,0.767278,1.342032,1.506764,-1.166443,1.384913,1.568793,-0.417543,1.463389,1.610364,0.284609,1.274361,1.664698,-0.944552,0.729706,1.610055,0.013096,1.467213,1.553739,-1.609843,1.254350,0.849739,-1.574201,1.248804,0.796364,-0.858009,0.960199,0.979333,-1.214366,0.825623,1.141739,-1.053789,1.109703,1.345320,-1.042735,1.240824,1.336799,-1.591493,1.444598,1.160728,-1.285532,1.091270,0.672026,-1.326337,0.865610,0.603824,-0.465810
1.871637,1.053971,-1.369781,2.167684,-1.524461,-1.415209,1.885064,-1.489384,-1.912780,-0.715159,-1.618721,0.269538,2.049914,-1.002864,0.943182,0.429374,-0.760885,1.482783,1.559907,0.038432,2.677375,1.668424,0.286821,1.279036,0.462919,-0.180551,-0.638238,-0.165515,-0.401729,0.001025,-0.663942,-0.663956,-0.651622,-0.000000,-0.000000,-0.000000,-0.080425,0.341777,-1.779247,-0.717797,-0.717800,-0.711982,-0.000000,-0.000000,-0.000000,0.934564,0.824424,-1.171102,1.473626,1.224614,0.741658,0.715397,0.007349,1.199960,1.591728,-0.035664,0.192883,-0.000000,-0.000000,-0.000000,-0.000000,-0.000000,-0.000000,-0.000000,-0.000000,-0.000000,-0.000000,-0.000000,-0.000000,-0.000000,-0.000000,-0.000000,-0.000000,-0.000000,-0.000000,1.649949,1.129469,0.935301,1.045728,1.442532,-1.385843,1.440751,0.433596,-0.814624,1.285186,2.290224,1.202138,1.320307,1.131142,0.063406,1.660842,0.622602,-0.670425,1.392891,0.209155,-0.953424,0.886481,1.435183,1.450166,0.827401,2.048497,-0.565159,1.185679,-0.253487,0.394186,1.060147,1.044895,1.865825,1.549443,1.367497,2.620966,1.004959,0.411569,-0.367530,0.983706,-0.357330,0.205217,1.016194,0.951437,1.140707,0.390111,1.550454,0.518444,0.488623,1.107066,0.845419,-0.340038,-0.811308,-0.352442,-0.461646,1.061841,0.050067,-0.523979,0.678408,-0.250290,1.142992,0.615905,-0.501470,1.753492,-0.645604,0.308381,1.563290,-0.096617,1.052667,1.299012,0.333031,0.258007,1.373484,0.373945,0.259212,1.415549,0.201833,0.892411,2.189224,-0.999422,-0.724402,1.909299,-0.433863,0.822594,1.019275,0.120910,0.207421,0.131533,0.222874,-1.033527,2.345266,-1.208082,-1.800082,1.360886,-0.961469,-0.619394,0.523056,-0.209613,-0.181355,-0.056817,0.122182,-0.329806,1.541322,-1.410645,-1.473858,0.559125,-1.201325,-1.699716,0.601719,-0.589665,-0.946909,0.205764,-0.194979,-1.630198,0.403215,-1.522493,-1.442400,-0.344265,-2.095591,-1.014053,-0.330644,-2.567047,0.329119,-0.172853,-2.365210,0.898616,1.509604,0.224727,0.095943,1.637723,1.106175,1.038875,1.380425,1.000463,0.657945,1.394452,1.189239,-0.165676,1.238594,1.049621,-0.134889,1.090795,1.578489,0.072533,0.965256,1.420078,-0.213472,1.142854,1.192917,0.538249,1.594133,1.341662,1.020691,1.255705,1.104973,0.849779,1.407703,1.399326,-0.646766,1.331573,1.355266,2.420797,0.965642,1.008367,-1.003679,1.224209,1.878152,0.070551,1.289399,2.082358,-2.278509,1.640296,1.335256,-1.152435,1.654293,0.264839,0.306605,1.583968,0.317514,0.791762,1.144882,0.414205,1.445085,1.320356,0.625293,-0.560595,1.327604,0.889334,1.271409,1.573487,1.254288,0.264666,1.167246,1.403333,-1.661022,1.286888,0.534763,0.487885,1.169624,0.306958,1.777369,1.176661,0.278986,-0.455973,1.595197,1.906909,-0.620001,1.124461,0.608541,-0.072605,1.181674,0.826995,0.409286,1.116531,1.385046,-2.346486,1.109018,0.379899,-0.797288,1.260666,0.775310,-0.830747,1.280781,0.626277,-0.459075,1.360756,1.003500,-1.107974,1.378585,0.839747,-0.397557,1.184214,1.148323,-0.509229,0.964478,0.567279,1.240297,1.325685,0.010743,-1.880924,1.247726,0.103261,0.419217,1.341382,0.187944,-2.048659,1.297378,1.490447,-0.274770,1.348449,1.140843,-1.842411,1.165226,0.381714,2.036583,1.443891,1.096840,-0.815480,1.099173,1.236685,0.364094,1.485552,1.246773,-2.209351,1.096093,0.564156,-0.905514,1.686214,0.307905,0.050147,1.533229,1.281518,1.787837,0.754054,0.518878,-0.170727,1.266889,0.558225,-1.305024,1.262015,0.367960,-1.491474,1.372408,0.270411,-1.803107,1.428483,0.840487,0.453183,1.065145,1.695680,2.188386,1.335329,1.823123,-0.175534,1.379532,1.617555,-0.331796,1.458969,1.444911,-0.378874,1.271271,1.498122,-1.032209,0.968482,1.661591,0.450604,1.466002,1.615941,-0.759634,1.475582,0.933165,-0.173718,1.457562,0.883158,0.245831,1.170066,1.059566,-0.050105,0.818138,1.508624,-1.014792,1.312603,1.408488,-1.464662,1.448947,1.398487,-1.577954,1.441370,1.492530,-1.635426,1.092931,1.395698,0.034480,1.097713,-0.063443,-1.682030
1.127544,1.050254,-1.359904,2.972682,-1.514229,-1.156661,1.897939,-1.522501,-1.756746,-1.272204,-1.618721,0.190857,2.050985,-0.593439,0.811771,0.443538,0.814509,0.816796,1.551481,0.030073,2.408147,0.221490,1.991822,0.734094,0.457608,-0.182879,1.105613,-0.184580,-0.400642,1.782480,-0.663942,-0.663956,-0.651622,-0.000000,-0.000000,-0.000000,-0.069933,-0.291058,0.067091,1.479644,1.479546,1.218143,-0.000000,-0.000000,-0.000000,0.936926,0.825260,-1.159076,1.472085,1.217083,0.676463,0.719639,0.016348,1.246690,1.593855,-0.040732,-0.156316,-0.000000,-0.000000,-0.000000,-0.000000,-0.000000,-0.000000,-0.000000,-0.000000,-0.000000,-0.000000,-0.000000,-0.000000,-0.000000,-0.000000,-0.000000,-0.000000,-0.000000,-0.000000,0.774265,1.047214,-0.336818,1.747553,1.207168,0.056413,1.020199,2.306242,-1.124417,0.578861,1.496311,1.396463,1.083886,2.754516,-2.448236,1.206535,0.500568,-0.157524,1.721566,0.445495,-0.302164,1.397951,0.782900,-0.486619,1.459072,0.676322,1.157895,1.436178,-1.027283,2.555342,1.440683,1.241958,1.712476,0.493849,0.670380,0.177980,0.655748,2.612698,1.466711,0.798985,-1.050577,0.100270,0.872440,0.646209,0.056281,0.386872,1.636382,0.568857,1.167378,1.844858,1.779531,0.363428,-0.867011,-0.650595,-0.034702,0.775173,-0.368169,-0.589747,0.890204,-1.700907,-0.900682,-0.820681,-1.233690,1.709005,-0.422820,0.727486,1.578045,0.168065,1.268205,1.399265,0.526358,0.540220,1.451531,0.550116,0.218659,1.135626,0.371524,0.746275,2.175335,-0.718689,-1.213120,1.861048,-0.210790,0.661348,0.929358,0.285466,-0.368197,-0.011798,0.381454,-0.369642,2.317504,-0.979068,-1.654476,1.392660,-0.741040,-0.315793,0.366657,0.029198,-0.020178,-0.139967,0.310344,-0.422360,1.509048,-1.226064,-1.530263,0.501515,-1.011691,-0.533733,0.491196,-0.378685,-0.751020,-0.017929,-0.047112,-1.212388,0.372938,-1.339404,-1.978258,-0.340154,-1.846816,-2.152141,0.856910,-0.478440,-0.370721,-0.082460,-2.286512,-0.488292,1.503103,0.211715,0.239300,1.630262,1.100701,0.998116,1.373480,1.003474,0.497877,1.643427,1.196821,-0.071677,1.461371,1.059188,0.030535,1.087399,1.587186,-0.198099,0.963218,1.427511,-0.727556,1.142854,1.201283,0.221390,1.596056,1.349181,1.142840,1.259213,1.343288,0.760447,1.413093,1.408914,-0.678898,1.338996,1.368784,2.504973,0.975632,1.020692,-1.137529,1.235563,1.887051,0.041976,1.298897,2.084133,-2.252736,1.649319,1.327214,-1.019214,1.663529,0.248059,0.374478,1.579233,0.301721,0.672446,1.141516,0.402417,1.468646,1.318269,1.297378,-0.560727,1.326773,0.877402,1.568212,1.573919,1.241272,0.497954,1.170257,0.551387,-1.567357,1.291289,0.511554,0.444417,1.175430,0.291142,1.752917,1.183791,0.250772,-0.516698,1.602576,1.888189,-0.535105,1.126255,0.594663,-0.003498,1.183415,0.820875,0.406099,1.118250,1.378252,-2.367185,1.110729,0.377377,-0.797040,1.261286,0.776443,-0.829782,1.282163,0.628260,-0.512444,1.362680,1.005747,-1.117420,1.381101,0.841449,-0.371441,1.187220,1.149422,-0.453595,0.961674,0.555189,1.201879,1.324005,-0.005520,-1.926355,1.246878,0.087585,0.344951,1.341610,0.174669,-2.082858,1.296228,1.480816,-0.311772,1.346753,1.131687,-1.834959,1.168865,0.370993,2.076907,1.448620,1.087660,-0.770606,1.104777,1.226641,0.619075,1.491897,0.386397,-2.179200,1.101828,0.550496,-0.765105,1.690928,0.294725,0.090441,1.533002,1.286546,1.735908,0.754449,0.524342,-0.336024,1.268041,0.562352,-1.403153,1.474779,0.722658,-1.427886,1.374818,0.735345,-1.859327,1.431762,0.846394,0.420485,1.068950,1.700471,2.242154,1.338487,1.828147,-0.231980,1.382132,1.622004,-0.305719,1.460890,1.449223,-0.398531,1.272440,1.502464,-1.055825,0.969112,1.666067,0.492244,1.466198,1.620504,-0.684098,1.476967,0.938231,-0.009857,1.459441,0.888429,0.380525,1.172534,1.064438,0.084554,0.821677,1.513354,-0.994818,1.314990,1.412564,-1.405808,1.450820,1.402491,-1.577448,1.442698,1.496570,-1.620468,1.091685,1.386802,0.044273,1.102853,-0.080099,-1.508726
1.128284,1.040786,-1.280320,2.979812,-1.522332,-0.964770,1.887866,-1.515366,-1.554189,-1.288734,-1.616323,-0.037059,1.788283,-0.388280,2.202085,0.464769,-0.747418,2.233463,1.553280,0.017534,1.305893,0.206940,2.031590,0.546781,0.450676,-1.397112,0.007068,-0.155183,-1.548559,-0.943320,1.603965,1.599522,1.322111,-0.000000,-0.000000,-0.000000,-0.071853,-0.944951,-1.204754,1.480217,1.479546,1.546444,-0.000000,-0.000000,-0.000000,0.939288,0.828683,-1.186561,1.473626,1.213305,0.783483,0.723894,0.017173,1.333677,1.600314,-0.038755,-0.359779,-0.000000,-0.000000,-0.000000,-0.000000,-0.000000,-0.000000,-0.000000,-0.000000,-0.000000,-0.000000,-0.000000,-0.000000,-0.000000,-0.000000,-0.000000,-0.000000,-0.000000,-0.000000,1.238991,1.198052,-0.741771,1.574275,2.187891,0.818895,1.551502,2.173789,0.267998,0.607159,1.618852,0.877700,1.432118,2.210974,-2.306987,1.068647,0.678921,-0.662666,0.781996,0.881780,0.272216,1.452794,1.484565,-0.339650,0.962278,1.423016,1.832544,1.301337,0.429294,1.764920,1.660724,1.792686,1.147807,0.598321,0.696355,-0.485536,0.638326,2.769142,1.447846,1.093052,0.269131,-0.074582,1.715828,0.987766,1.735231,0.544470,1.591183,1.380245,1.199554,1.934994,1.294871,1.116339,0.132079,-0.017178,0.874244,1.108957,0.476273,0.447453,0.723462,0.201684,-0.034297,-0.395031,-0.465419,1.744965,-0.212862,0.679314,1.566646,0.307388,0.921207,1.418581,0.638107,0.372899,1.443351,0.697500,0.193810,1.000984,0.481281,1.044151,2.163625,-0.498424,-1.791791,1.848858,-0.056225,0.692251,0.835807,0.392028,-0.815545,0.011683,0.466489,-0.829536,2.408257,-0.752851,-1.573266,1.284001,-0.504527,-0.229281,0.464477,0.169533,0.081737,-0.122828,0.430695,-0.404330,1.444376,-1.027171,-0.902430,0.528046,-0.807898,-1.373139,0.513747,-0.221357,-0.655524,0.045765,0.106763,-1.598073,0.433201,-1.160544,-1.461884,-0.320980,-1.709366,-1.571419,0.848027,-0.285380,-0.027570,-0.119737,-2.157300,-0.332792,1.506349,0.203294,0.077142,1.634127,-0.158608,0.953397,1.376958,0.998958,0.524344,1.646563,1.193314,-0.074582,1.463974,1.057026,0.072171,1.090380,1.586057,-0.060282,0.966267,1.426731,-0.475615,1.145816,1.200683,0.233727,1.599331,1.348667,1.204510,1.262364,1.342695,0.588244,1.627126,1.407851,-0.703910,1.343032,1.366455,2.452376,0.980492,1.017630,-1.299939,1.240711,1.041071,-0.113366,1.303186,2.077866,-2.326657,1.653230,1.318104,-0.825358,1.667507,-0.951251,0.628224,1.582551,0.296425,0.733716,1.144463,0.398882,1.348133,1.321187,1.291284,-0.606357,1.329902,0.873824,1.487860,1.577459,1.236940,0.445822,1.173482,0.544078,-1.572500,1.295243,0.504061,0.352524,1.179462,0.286345,1.724600,1.188037,0.241989,-0.520190,1.606278,1.881958,-0.615202,1.129460,0.589134,-0.048693,1.186542,0.817608,0.444932,1.121338,1.372811,-2.350229,1.113799,0.373801,-0.761709,1.264575,0.774160,-0.812657,1.285302,0.624829,-0.528689,1.365763,1.002377,-1.061442,1.384379,0.838505,-0.255777,1.402461,1.146868,-0.161558,1.209035,0.549519,1.134037,1.326953,-0.011999,-1.833194,1.250072,0.081341,0.367793,1.344843,0.168444,-1.982049,1.299676,1.476024,-0.318187,1.349730,1.127131,-1.770217,1.172496,0.365272,1.919068,1.452289,1.083501,-0.640593,1.108324,1.222825,0.619654,1.495785,0.380421,-2.114915,1.105654,0.544091,-0.778225,1.694415,0.288545,0.411002,1.536467,1.285221,1.700365,0.757680,0.521815,-0.330384,1.271078,0.560105,-1.394660,1.477758,0.720794,-1.350302,1.377958,0.732916,-1.838918,1.435050,0.843662,0.484812,1.072369,1.699209,2.203005,1.341653,1.827007,-0.274738,1.385093,1.621043,-0.274464,1.463967,1.448292,-0.240677,1.275522,1.501527,-1.036833,0.972292,1.665056,0.435462,1.469422,1.619302,-0.760010,1.480139,0.936637,0.132725,1.462451,0.886770,0.508950,1.175573,1.062905,0.173822,0.825208,1.512049,-1.069468,1.318100,1.138730,-1.227292,1.453821,1.401313,-1.518852,1.445741,1.226031,-1.575360,1.094814,1.382837,-0.018581,1.106688,-0.086735,-1.503302
1.128284,1.040786,-1.275310,2.980605,-1.523163,-0.872372,1.888421,-1.513679,-1.547271,-1.288623,-1.617921,0.013822,1.788605,-0.388280,2.193384,0.465787,-0.752312,2.419408,1.554786,0.021714,1.251606,0.206940,2.034863,0.571645,0.453119,-1.399441,-0.111711,-0.144850,-2.105688,-0.956108,1.604083,1.599534,1.499654,-0.000000,-0.000000,-0.000000,-0.073147,-0.947431,-1.129644,1.480163,1.479546,1.541475,-0.000000,-0.000000,-0.000000,0.939577,0.829545,-1.195570,1.473519,1.214556,0.771867,0.724751,0.018398,1.331760,1.599894,-0.035664,-0.378802,-0.000000,-0.000000,-0.000000,-0.000000,-0.000000,-0.000000,-0.000000,-0.000000,-0.000000,-0.000000,-0.000000,-0.000000,-0.000000,-0.000000,-0.000000,-0.000000,-0.000000,-0.000000,1.238177,1.198052,-0.681057,1.573078,2.192739,1.003674,1.549741,2.173789,0.261812,0.605153,1.624185,0.687706,1.429843,2.225482,-2.445970,1.067663,0.683619,-0.865317,0.780460,0.890879,0.202647,1.450543,1.495473,-0.710390,0.959527,1.427870,1.784093,1.300397,0.433850,1.510278,1.659012,1.797743,1.072358,0.595926,0.706770,-0.788247,0.635362,2.780327,1.355992,1.092142,0.273312,-0.116987,1.714219,0.995041,1.655969,0.542022,1.600179,1.334247,1.196732,1.940632,0.944540,1.115353,0.135358,-0.003478,0.872526,1.113188,0.467865,1.206676,0.732484,0.272906,-0.037288,-0.391227,-0.476973,1.745396,-0.212817,0.691622,1.566888,0.307449,0.926410,1.418717,0.638149,0.393768,1.443440,0.697571,0.204513,1.001046,0.481364,1.055500,2.163813,-0.498282,-1.783583,1.848992,-0.056089,0.709466,0.835973,0.392110,-0.788574,-0.021789,0.466531,-0.804980,2.408564,-0.752716,-1.570166,1.284233,-0.504397,-0.177708,0.464626,0.169622,0.088451,-0.122707,0.430770,-0.387350,1.444739,-1.027042,-0.890153,0.528266,-0.807775,-1.284047,0.513906,-0.221270,-0.682301,0.045900,0.106838,-1.600794,0.397705,-1.143340,-1.376138,-0.320751,-1.709215,-1.395536,0.848216,-0.285304,-0.046892,-0.119505,-2.157137,-0.297142,1.506857,0.206139,0.050339,1.634689,-0.156410,0.943565,1.377491,0.999695,0.518318,1.647010,1.194475,-0.095819,1.464381,1.057469,0.024896,1.090588,1.586057,-0.062430,0.966465,1.426923,-0.458526,1.146009,1.200683,0.251031,1.599331,1.348667,1.195479,1.262364,1.342695,0.574247,1.627126,1.408134,-0.710948,1.343032,1.366910,2.433311,0.980492,1.018232,-1.313825,1.240425,1.042580,-0.115648,1.303186,2.079677,-2.326938,1.653029,1.320428,-0.815207,1.667507,-0.949159,0.637301,1.583023,0.298167,0.736768,1.144882,0.399665,1.348479,1.321611,1.293117,-0.608311,1.330105,0.874618,1.483008,1.577693,1.237881,0.455101,1.173695,0.546286,-1.561165,1.295243,0.506315,0.374567,1.179462,0.287788,1.741760,1.188037,0.244606,-0.496383,1.606278,1.883311,-0.629028,1.129656,0.590545,-0.037381,1.186732,0.818437,0.442902,1.121525,1.374192,-2.342212,1.113986,0.374814,-0.746488,1.264776,0.774544,-0.846434,1.285509,0.625801,-0.550818,1.365951,1.002927,-1.067875,1.384379,0.839339,-0.255610,1.402461,1.147580,-0.153713,1.209254,0.550937,1.129834,1.327373,-0.010346,-1.844120,1.250279,0.082934,0.361963,1.345062,0.170000,-1.989734,1.300125,1.477198,-0.325576,1.350154,1.128247,-1.777807,1.172496,0.367153,1.908962,1.452499,1.084438,-0.641903,1.108527,1.223760,0.605149,1.495785,0.381937,-2.084175,1.105654,0.545692,-0.783524,1.694624,0.290090,0.439102,1.536713,1.285501,1.681324,0.757894,0.522652,-0.349390,1.271264,0.560472,-1.393796,1.477940,0.721424,-1.335577,1.377958,0.733312,-1.831684,1.435050,0.844567,0.489152,1.072369,1.699476,2.210948,1.341653,1.827229,-0.280027,1.385274,1.621240,-0.281643,1.464155,1.448483,-0.250363,1.275710,1.501719,-1.057794,0.972499,1.665263,0.417198,1.469627,1.619556,-0.776207,1.480332,0.936945,0.127603,1.462634,0.887091,0.505216,1.175759,1.063202,0.161570,0.825208,1.512305,-1.079438,1.318100,1.138975,-1.226446,1.454004,1.401543,-1.518523,1.445926,1.226272,-1.574002,1.095017,1.383823,-0.022831,1.106688,-0.085042,-1.505334
1.871637,1.037496,-1.244648,2.962379,-1.537628,-1.167971,1.879186,-1.558535,-1.059825,-1.851992,-1.616323,-0.144321,1.790851,-0.288660,2.070176,0.459215,0.825828,0.906475,1.561413,0.042612,1.853649,0.194184,3.729963,0.450231,0.480099,-0.795817,0.139905,-0.152806,-0.980573,-0.020572,1.605165,1.599534,1.693557,-0.000000,-0.000000,-0.000000,1.015038,-0.947431,0.169997,1.479993,1.479558,1.817474,-0.000000,-0.000000,-0.000000,0.939288,0.828683,-1.180575,1.475390,1.212896,0.793921,0.721767,2.070655,1.300389,1.594721,-0.043761,-0.283273,-0.000000,-0.000000,-0.000000,-0.000000,-0.000000,-0.000000,-0.000000,-0.000000,-0.000000,-0.000000,-0.000000,-0.000000,-0.000000,-0.000000,-0.000000,-0.000000,-0.000000,-0.000000,0.720521,2.368369,-1.350999,1.707407,2.624260,1.079872,1.774746,1.577603,-1.157860,0.929886,2.306160,-0.563147,0.658556,1.884883,-0.405160,1.173297,1.213979,-1.645079,1.687164,-0.099862,-0.600405,1.791752,1.616119,-0.811969,1.413315,1.413310,-1.253604,1.822133,0.288215,1.183655,1.860924,0.635597,-0.047728,1.530215,1.461170,-1.216630,0.606084,1.176945,0.042312,1.164845,0.152180,0.747565,1.906305,0.704362,-0.691506,0.884340,1.093828,0.228171,1.113507,1.169013,-1.018348,1.200338,0.079695,0.389833,1.070013,0.843653,0.041733,0.840876,0.349436,-1.279204,2.402955,0.790711,-1.804054,1.756163,-0.070438,0.479492,1.658260,0.433968,1.116922,1.438600,0.737434,0.480083,1.358226,0.761357,0.530110,0.948469,0.558230,0.755738,2.035655,-0.321000,-1.554830,1.720702,0.053896,0.730086,0.910766,0.416764,-1.176196,-0.063436,0.513970,-1.279498,2.060183,-0.640083,-1.264234,1.271245,-0.407278,-0.050620,0.382134,0.246395,0.043206,-0.106073,0.498565,-0.545034,1.066605,-0.832001,-0.988776,0.472349,-0.736012,-0.291333,0.338679,-0.167776,-0.985787,-0.107607,0.173433,-1.424896,0.188807,-0.967097,-0.117342,-0.427941,-1.616184,-0.412109,-0.414695,-2.168967,0.674062,-0.197983,-2.086368,0.587302,1.710618,-0.083837,-1.717387,1.859746,0.753333,-0.332118,1.595184,0.767124,1.332862,1.575529,1.015137,-0.914805,1.400585,1.417997,-0.683015,1.263875,1.500232,-0.024140,1.132831,1.367075,-0.477822,1.307626,1.139724,1.215866,1.756653,1.490249,0.367846,1.405863,1.280667,1.638501,1.568609,1.023988,-0.438054,1.517186,1.224060,2.474291,1.190651,0.828829,0.079593,1.462391,0.813520,0.986211,1.232175,0.794963,-1.333634,1.588762,0.967381,-0.532454,1.601641,-0.084580,0.673244,1.776405,0.780664,0.160728,1.077898,0.723192,2.057385,1.255321,0.412832,-0.177256,1.264033,1.202071,0.957375,1.758556,1.088076,-0.026928,1.109973,0.318279,-0.154552,1.475289,0.272757,2.018211,1.362864,0.682231,1.866868,1.370824,-0.029397,0.809391,1.765661,0.882170,-0.762854,1.066138,0.374929,0.899148,1.125263,1.154291,0.161292,1.060834,1.163785,-1.369542,1.053620,0.793947,-0.428513,0.965418,1.085581,-0.750204,1.000485,1.028506,-0.279765,1.305190,0.829419,-1.170014,1.323334,0.710118,-0.959151,1.343361,1.034829,-1.196574,1.140796,0.330556,1.537208,1.260412,0.659013,-1.374121,1.182842,0.728116,1.814212,1.521659,0.813100,-1.314551,1.487747,0.609082,0.317288,1.282529,0.951199,-2.185121,1.105095,0.889033,2.115386,1.384505,0.941696,-2.233155,1.278914,1.074975,0.014325,1.431328,0.150105,-2.143126,1.038791,0.296702,-0.491717,1.629822,0.928603,-1.575337,1.726320,1.504317,1.012316,0.922991,0.869271,0.783711,1.211239,0.444789,-1.089117,1.419025,0.274789,-1.197594,1.109614,0.608252,-1.238168,1.593352,1.219288,0.485079,1.012306,1.622061,1.085017,1.494107,1.498803,-1.122014,1.536763,1.561824,-0.726400,1.403306,1.603601,-0.224885,1.214806,1.657890,-1.189603,0.905344,1.833947,0.422278,1.405866,1.545825,-1.633092,1.417601,0.839632,-1.739166,1.403111,0.785849,-1.058906,1.115858,0.969613,-1.048732,0.759672,1.431553,-1.043261,1.260187,1.337618,-1.301277,1.394662,1.329270,-1.848834,1.385762,1.422694,-1.821438,1.028757,0.669067,-1.015124,1.039361,0.600506,-0.346308
1.881096,-0.950324,-1.162506,2.975690,0.567226,-1.377119,1.869386,-1.492325,-1.369568,-1.846445,-1.199472,-0.828824,1.774428,-0.185417,0.995155,0.466281,0.820934,0.897244,1.569821,2.130395,1.277180,0.211108,2.015020,0.428044,-1.562579,-0.181715,1.777614,-0.229888,-0.406064,1.576545,1.605118,1.599522,1.468919,-0.000000,-0.000000,-0.000000,-0.077642,0.343017,0.269635,1.480281,1.479546,1.489057,-0.000000,-0.000000,-0.000000,0.947565,0.832132,-1.411804,1.479470,1.207050,1.039419,0.715397,0.012248,1.145059,1.586135,0.007850,-0.703835,-0.000000,-0.000000,-0.000000,-0.000000,-0.000000,-0.000000,-0.000000,-0.000000,-0.000000,-0.000000,-0.000000,-0.000000,-0.000000,-0.000000,-0.000000,-0.000000,-0.000000,-0.000000,0.682143,2.299787,-0.142295,1.575786,2.692918,1.543678,1.955725,1.956954,0.602917,1.004767,1.427040,-0.443998,1.436389,1.950084,-1.081862,1.069645,0.509964,-0.267533,0.784049,1.968000,0.067322,1.456317,2.794618,-0.535108,0.967087,0.569668,1.167453,1.302277,0.260877,2.476610,1.662771,1.605738,1.243732,1.706762,1.934551,-0.891701,0.643530,2.562437,1.829103,1.093633,0.690953,1.150284,2.268905,0.853316,2.474184,1.106742,1.423908,1.808441,1.204782,1.720965,1.645713,1.117305,0.014155,1.047154,1.464545,0.950631,1.573073,1.213860,1.178632,0.052951,2.701500,1.558411,-0.409087,1.394662,0.128852,0.894433,1.536351,0.504080,1.114093,1.359795,0.730749,0.625997,1.345763,0.698582,0.819226,0.860491,0.458057,1.002645,1.490289,-0.092629,-1.614520,1.656790,0.007466,0.316589,0.679859,0.402414,-1.645561,-0.224905,0.545563,-1.317624,1.557577,-0.462153,-1.135817,1.041328,-0.458549,0.548543,0.205446,0.273496,0.302917,-0.228466,0.582469,-0.858790,0.739449,-0.731581,-0.082854,0.389650,-0.761437,-0.643315,0.139732,-0.098484,0.117970,-0.135840,0.237603,0.099542,-0.060130,-0.865887,0.545298,-0.536371,-1.478629,0.292787,-0.494871,-2.039278,0.574038,-0.275650,-1.937528,0.868922,1.597359,-0.511744,0.828073,1.739346,-0.543441,1.241800,1.483528,1.063883,-0.427047,1.504933,0.816014,1.057427,1.592561,1.451092,0.560506,1.263668,1.300776,-0.640250,1.196361,1.289242,-1.273299,1.220588,1.098673,1.674219,1.772217,1.669566,-0.065812,1.496460,1.468729,2.754066,1.738989,0.894696,0.309049,1.770972,1.389232,1.948717,1.246265,0.800438,1.078826,1.554066,0.483581,1.059097,1.056211,0.025721,-0.439716,1.203141,-0.496032,-1.003057,1.452905,-1.884058,-0.805161,1.465947,-0.469257,0.709887,1.319578,-0.176623,1.232663,1.313062,1.770998,-0.413030,1.379709,0.291334,2.176339,1.688149,1.137200,1.294306,1.161592,1.198774,-1.538030,1.588959,1.067730,0.643568,1.540442,0.070674,2.611707,1.357018,-1.138639,0.282652,1.801040,1.738515,-1.138324,1.061718,-0.124168,0.312180,1.124282,0.967208,1.348476,1.059865,0.982516,-2.211478,1.052655,0.196502,-0.508485,1.144590,0.793374,-1.111147,1.198347,0.658453,-0.484813,1.310948,0.401803,-1.258991,1.355983,0.867347,-0.843518,1.400970,0.738811,-0.997374,1.174381,-0.082437,0.539259,1.576066,0.087892,-2.070604,1.300907,0.177624,0.216961,1.441561,0.373696,-2.231141,1.350649,1.675458,-0.257216,1.356324,1.316730,-1.483301,1.185766,-0.208536,2.744277,1.510606,0.601880,-0.766409,1.208174,0.714236,2.621280,1.165298,0.498248,-2.564852,1.211145,-0.169904,1.107647,1.757156,-0.400356,-3.103247,1.616318,1.487650,1.040734,0.858722,0.733314,0.248983,1.409169,0.270875,-1.139846,1.427765,0.142325,-1.121189,1.137560,0.420239,-1.403393,1.662940,1.072309,0.341387,1.107342,1.601646,0.445151,1.561123,1.241860,-1.377990,1.574547,1.576534,-0.683652,1.412333,1.621233,0.023961,1.415635,1.675641,-0.998927,0.837965,1.614739,0.134280,1.562948,1.526381,-1.306849,1.399396,0.770428,-1.818337,1.411942,0.713850,-1.105947,1.144485,0.903057,-1.314758,0.838110,1.098355,-0.774673,1.291161,1.297506,-1.235739,1.403466,1.293962,-1.714151,1.368302,1.113449,-1.577204,1.122725,0.925769,0.794272,0.937006,-0.942841,0.118651
1.884354,-0.947863,-1.163573,2.987734,0.597428,-1.490639,1.877502,-1.424452,-2.332095,-1.264437,-0.788207,-0.955861,1.504344,-0.086323,0.275752,0.474891,0.842974,0.388493,1.570426,2.147114,1.602325,0.220294,2.011706,0.775431,0.460475,-0.175894,-0.254813,-0.185380,-0.401729,-0.882978,1.604341,1.599522,1.259622,-0.000000,-0.000000,-0.000000,1.028105,-0.289833,-0.482004,1.479711,1.479535,1.282237,-0.000000,-0.000000,-0.000000,0.954652,0.834249,-1.534012,1.479032,1.202429,1.045089,0.726022,0.006924,1.382253,1.584822,-0.050869,0.099154,-0.000000,-0.000000,-0.000000,-0.000000,-0.000000,-0.000000,-0.000000,-0.000000,-0.000000,-0.000000,-0.000000,-0.000000,-0.000000,-0.000000,-0.000000,-0.000000,-0.000000,-0.000000,1.256355,2.295211,-0.524059,1.589383,2.011308,1.596456,1.969422,1.944973,0.953780,1.019056,0.681064,-0.103607,1.451184,1.928321,-0.859654,1.080801,0.495870,0.329118,0.442021,2.581540,0.542019,1.472034,2.778224,0.216946,1.459072,1.224210,1.207872,1.316108,0.251764,2.618731,1.678165,1.590565,1.687482,1.725966,2.636876,-0.321181,0.662061,2.545660,2.141489,1.106745,0.682592,1.567258,2.286868,0.846042,1.825252,0.567143,2.034233,2.022802,1.224489,1.704051,1.619043,1.577118,0.459657,1.479864,1.483758,0.942065,1.511263,2.001853,1.165099,0.363798,2.724767,1.550803,-0.411864,1.126486,0.190407,0.665979,1.509713,0.546888,1.143155,1.402897,0.663047,1.007247,1.308847,0.646478,0.503489,0.904886,0.439750,0.966330,1.229239,-0.057311,-1.100911,1.432463,0.002701,-0.185680,0.705112,0.384638,-1.173907,-0.171752,0.519531,-1.322527,1.187628,-0.410758,-1.674918,1.162896,-0.487257,-0.411120,0.410622,0.228973,0.403077,-0.090145,0.508309,-1.080402,0.595078,-0.646680,-0.052624,0.482479,-0.765810,-1.477941,0.319155,-0.141442,-0.457437,-0.103247,0.295944,-0.474082,-0.097061,-0.728477,1.185070,-0.593158,-1.372572,0.238784,-0.492911,-1.690890,-0.465727,-0.011019,-1.650947,-0.143907,1.603361,-0.510834,0.847158,1.745976,-0.543441,1.418033,1.489940,1.063883,-0.431723,1.510313,0.816014,1.165075,1.597362,1.450667,0.426146,1.268758,1.300776,-0.658076,1.201241,1.289242,-1.266101,1.225337,1.098673,1.643702,1.776821,1.669399,0.031345,1.500488,1.468729,2.740467,1.743253,0.894696,0.280017,1.775863,1.388777,1.986999,1.252157,0.800438,1.125225,1.560271,0.483581,1.285690,1.321739,0.025721,-0.487512,1.444202,-0.496032,-0.910081,1.699399,-1.884058,-0.478474,1.471636,-0.469257,0.913237,1.324618,-0.176239,0.835956,1.318066,1.070303,-0.756172,1.384712,0.291723,2.069686,1.693248,1.137200,1.124995,1.166228,0.354197,-1.538074,1.594013,0.206144,0.608471,1.545803,0.070674,2.541283,1.362134,-1.138639,0.372080,1.805517,0.940359,-1.086992,1.066334,-0.123491,0.394960,1.128762,0.967606,0.919333,1.285568,0.982516,-2.231815,1.277151,0.196502,-0.585092,1.386842,0.793374,-1.343042,1.203051,0.658453,-0.632238,1.536888,0.401803,-1.148138,1.583002,0.385603,-0.853196,1.405452,0.738811,-0.969140,1.179322,-0.082437,0.560436,1.580898,-0.847095,-1.983816,1.306014,-0.723592,0.255387,1.446744,-0.525405,-2.181338,1.356162,0.983967,-0.331077,1.361213,1.317334,-1.569718,1.190685,-0.208536,2.700759,1.515553,0.602349,-0.965581,1.213160,0.714236,2.056118,1.405749,0.498248,-2.676339,1.216249,-0.169904,0.762663,1.761879,-0.400356,-2.424129,1.621644,1.487650,0.779260,1.096180,0.733314,0.143920,1.413543,0.270875,-0.972105,1.432226,0.142325,-0.846678,1.355012,0.420239,-1.260115,1.667376,1.072309,0.580617,1.111704,1.311193,0.362549,1.565395,1.241860,-1.363589,1.578812,1.576345,-0.564368,1.416940,1.621050,-0.031057,1.420074,1.675457,-0.993239,1.086913,1.614532,-0.041697,1.567777,1.526381,-1.329594,1.631908,0.406379,-1.916732,1.416449,0.713850,-1.143673,1.148836,0.903057,-1.550972,0.842893,1.098099,-0.661617,1.295375,1.297272,-1.306168,1.407959,1.293723,-1.697252,1.591296,1.113217,-1.578870,1.127728,0.925769,0.676961,0.941911,-0.942028,-0.112234
1.889670,-0.957306,-1.001670,1.323866,0.606803,-1.616738,0.395937,0.606453,0.758349,-1.272537,-0.781023,-0.898934,1.500867,0.016704,0.068092,0.466806,0.857655,0.834822,1.577641,2.184680,1.880388,0.220602,2.018334,0.986489,0.498476,1.036011,-0.620863,-0.196513,1.304417,-0.713984,1.605412,1.599522,1.198154,-0.000000,-0.000000,-0.000000,1.048658,0.999374,0.596124,1.479529,1.479546,1.227357,-0.000000,-0.000000,-0.000000,0.956419,0.830826,-1.472067,1.482667,1.196992,1.247307,0.726865,-0.002900,1.394979,1.592568,-0.048829,-0.010332,-0.000000,-0.000000,-0.000000,-0.000000,-0.000000,-0.000000,-0.000000,-0.000000,-0.000000,-0.000000,-0.000000,-0.000000,-0.000000,-0.000000,-0.000000,-0.000000,-0.000000,-0.000000,1.253124,2.290635,-0.224847,1.585754,2.683101,1.717263,1.965046,1.944973,1.184152,1.013630,0.681064,-0.037227,1.444933,1.935575,-0.458458,1.077819,0.500568,0.607000,1.146373,1.336263,0.004448,1.908482,2.032729,-0.144857,1.451848,0.564815,1.172312,1.312962,0.256320,2.796851,1.673716,1.595623,1.876709,1.719174,1.929344,-1.052616,0.654640,1.780285,1.585134,1.103763,0.686772,1.490209,2.282067,0.849679,2.314131,1.119302,1.419383,2.288762,1.216857,1.715327,1.874985,1.127956,0.459657,1.008931,1.478629,0.942065,1.223667,1.231533,1.174121,0.115617,2.716851,1.554607,-0.491057,0.999870,0.190766,0.911594,1.313877,0.512275,0.303640,1.292203,0.618690,-0.309215,1.157734,0.606522,0.528911,1.070658,0.424194,0.886368,1.133025,-0.027943,-2.673912,1.259226,0.015114,-0.270460,0.614227,0.435889,-0.944031,-0.207041,0.542552,-0.710662,-0.061114,-0.692505,-3.095260,1.449908,-0.404076,-0.220618,0.592508,0.227943,0.605383,-0.087339,0.576515,-0.429938,0.357638,-0.864588,-2.707886,1.118389,-0.819676,-0.981912,0.689904,-0.058406,0.138310,0.076982,0.249604,0.044644,0.755648,-0.895788,-0.343391,0.948354,-0.685565,1.164984,1.059359,-0.123726,0.758267,0.965611,0.272600,0.267688,1.165584,-0.525742,1.693876,1.262434,-0.555555,0.814522,1.945640,0.188693,-1.194977,1.376525,0.814829,1.522900,1.247798,1.451518,0.838280,1.631898,0.979003,-1.092949,1.550035,1.290802,-0.752063,1.565167,1.100878,0.620678,1.443721,1.671442,0.890817,1.399382,1.470972,1.856710,1.636985,0.896844,0.712683,1.410151,1.391106,2.167966,1.106590,0.801090,-0.040762,1.406988,0.480624,0.796894,1.715061,0.018584,-1.929373,1.801265,-0.509699,-0.112138,1.822560,-1.901905,0.893924,1.330394,-0.481567,0.542949,1.683673,-0.185277,1.002597,1.675115,0.354398,-1.574312,1.502254,0.282575,0.673270,1.563749,0.571619,-0.652004,1.746376,0.338058,-1.726877,1.467157,0.188174,-1.508033,1.417431,0.059188,0.967814,1.491890,-1.159791,-1.386556,1.695101,0.925107,-0.003852,1.642326,-0.136664,-0.004248,1.687879,0.491540,1.122011,1.616333,0.191046,-0.839880,1.606146,0.190921,0.660607,1.503958,0.356957,-0.124725,1.540870,0.655061,0.192990,1.646494,0.397884,0.092520,1.470935,0.382659,0.330729,1.512605,0.736257,0.189935,1.795893,-0.913456,0.495999,1.456667,-0.862532,0.496326,1.671044,-0.738471,-0.779733,1.568938,-0.538680,-0.187258,1.485448,0.281622,-1.412001,1.480730,0.650184,-0.159716,1.313734,-0.219308,1.005146,1.639719,0.593618,0.794776,1.333410,0.705164,-0.053697,1.760175,0.485567,-1.380245,1.583482,-0.183564,-1.135502,1.643972,-0.413536,1.501374,1.485418,1.487650,-0.297838,1.443560,0.732478,-0.795501,1.521814,0.269377,0.780701,1.538147,0.141091,0.724862,1.460870,0.418620,0.540271,1.555664,1.071404,1.373148,1.002043,1.311193,0.378393,1.457811,1.242101,-1.499477,1.471399,1.576723,0.882572,1.526339,1.621431,1.567306,1.529930,1.458279,0.893674,1.207034,1.614938,-1.447632,1.449912,1.249747,-0.460275,1.516743,0.769785,-0.207017,1.523463,0.713181,0.058545,1.475681,0.552333,-0.785032,0.962536,1.098099,-1.412934,1.400215,1.297272,-0.350946,1.514648,1.022535,-0.415704,1.480846,1.113217,-0.031323,1.485083,0.917356,1.361307,1.557851,-0.957838,-1.832948
1.893668,-0.969662,-0.862683,0.494307,0.592338,-1.367192,0.390896,0.627398,0.682812,-1.264437,-0.365761,-0.826244,1.502847,0.017484,0.038890,0.465294,0.836530,0.694739,1.572831,2.138755,1.304494,1.659800,2.021648,1.060404,0.478852,-0.787667,0.420977,-0.094788,-0.410413,-0.124299,1.604021,1.599522,1.272434,-0.000000,-0.000000,-0.000000,-0.067581,-0.314596,-0.465652,1.479679,1.479546,1.385609,-0.000000,-0.000000,-0.000000,0.959377,0.835111,-1.639195,2.015396,1.188210,1.459069,0.732820,0.014723,1.433391,1.595587,-0.085297,0.410390,-0.000000,-0.000000,-0.000000,-0.000000,-0.000000,-0.000000,-0.000000,-0.000000,-0.000000,-0.000000,-0.000000,-0.000000,-0.000000,-0.000000,-0.000000,-0.000000,-0.000000,-0.000000,1.631772,2.313514,-0.412915,1.453230,2.030942,-1.307760,1.436091,1.975036,0.666229,1.678223,0.707666,0.309970,1.322304,2.964715,0.967961,1.653153,-0.128336,0.933619,1.388785,0.722722,0.060285,1.327412,1.292655,0.973114,1.303574,0.579375,-0.004852,1.174668,0.274546,1.407076,1.051939,1.615853,2.519664,1.545436,1.944966,2.256436,1.517281,1.797061,0.627543,1.383536,0.127148,0.036104,1.005421,0.860591,0.944758,1.501699,1.432904,0.087282,1.043143,1.732240,1.256420,1.431388,0.472773,-0.521884,-0.473152,1.549667,-0.222324,0.990083,1.187654,-1.634364,1.135559,2.090485,-2.036921,0.597886,0.210710,0.028826,1.091494,0.435082,-0.100815,1.253141,0.490493,-1.082746,1.128143,0.491687,-1.319476,1.074968,0.446528,0.462370,0.829613,-0.125759,-1.273593,0.917627,0.140920,-3.986341,0.399210,0.458507,-3.615432,0.092170,0.644194,-2.827801,1.075528,-0.437905,-1.407300,1.341752,-0.359079,-1.506253,0.806772,0.303226,-0.075035,0.331096,0.589274,-0.314615,0.748618,-0.548861,-1.286024,1.258384,-0.710551,-1.456174,1.240024,-0.091085,-0.775222,0.835857,0.318474,-0.112176,0.567150,-0.528618,-1.688983,1.072077,-0.419148,0.697424,1.425138,0.093509,1.297268,1.583152,0.549925,1.077571,1.131575,-1.097233,1.869736,1.228747,-0.878605,-0.663148,2.238394,0.210601,0.445576,1.111867,1.018620,1.152465,1.263389,1.236431,1.091877,1.933039,0.911681,-0.461382,1.650417,1.293540,0.277031,1.720635,1.365045,1.721995,1.440445,1.515864,-0.169148,1.457204,1.503396,1.904200,1.755531,1.193261,1.909786,1.588332,1.260354,0.885834,1.355949,1.157027,0.866639,1.695193,-0.183658,1.768578,1.440938,-0.026772,-1.277597,1.797171,-0.934703,-0.731062,1.821279,-2.643735,-0.027776,1.351966,-1.084222,-0.260787,1.739533,-0.178591,2.296348,1.772252,1.050213,-0.632130,1.641066,-0.174185,0.979460,1.494676,0.618842,-0.218398,1.545543,0.390115,-1.916608,1.539705,0.161218,-0.955502,1.539105,-0.536085,1.668762,1.404061,-1.215323,-1.292018,1.878988,0.993022,-0.165368,1.633502,-0.700243,-0.092337,1.681847,0.711230,1.754597,1.610377,-0.134094,-0.916952,1.600222,0.042087,0.837683,1.693634,0.357708,0.137403,1.513778,0.101232,0.221307,1.643216,0.414228,0.234624,1.485628,0.389381,0.029803,1.546824,-0.118559,0.403535,1.878989,-0.597102,1.169317,1.317905,-0.576575,0.151824,1.815699,-1.375052,-0.741402,1.495753,-1.090475,-0.366204,1.903172,0.581433,-1.386666,1.340592,0.942646,0.099849,1.364226,-0.675318,1.135433,1.725163,0.212829,1.098994,1.449496,0.303292,0.743275,1.907308,-0.091495,-1.741707,1.460147,-0.751381,-1.054958,1.728038,-0.961396,1.421049,1.655525,1.328612,-1.793587,1.624214,0.884827,-0.190832,1.498070,0.365542,1.300383,1.534979,-0.131897,1.692752,1.474944,0.522581,0.948310,1.596246,0.707556,1.248182,1.062299,1.152856,-0.025548,1.496894,0.851710,-1.001072,1.488053,1.706580,0.548059,1.523067,1.531198,1.677386,1.505838,1.584995,1.213423,1.393689,1.274123,-1.867457,1.616242,1.098943,-0.696443,1.492007,0.173486,-1.082831,1.520262,0.092801,-0.740812,1.490099,0.328959,-1.020457,1.011631,0.925828,-0.978156,1.627861,1.133453,0.322893,1.511457,1.136237,-0.023415,1.457123,0.951230,0.551560,1.610108,0.554785,2.592998,1.410597,-1.634246,-1.931075
1.897955,-0.965971,-0.855079,0.506515,0.577432,-1.321256,0.398740,-1.442456,0.161207,-1.272647,0.057475,-0.924831,1.211954,-0.085603,-0.770657,0.433416,2.445899,0.504252,1.558402,0.034253,1.051305,1.685040,0.300036,1.854255,-1.584248,0.427730,1.408878,-0.295861,0.167344,0.364781,1.603846,1.599522,1.753535,-0.000000,-0.000000,-0.000000,1.007982,0.349200,1.615715,-0.717797,-0.717800,-0.711982,-0.000000,-0.000000,-0.000000,2.416222,0.823980,-1.585847,2.016608,1.174833,1.671313,0.740901,-0.045070,1.924020,1.602047,-0.056927,-0.041521,-0.000000,-0.000000,-0.000000,-0.000000,-0.000000,-0.000000,-0.000000,-0.000000,-0.000000,-0.000000,-0.000000,-0.000000,-0.000000,-0.000000,-0.000000,-0.000000,-0.000000,-0.000000,1.862926,1.586614,-0.516853,1.453838,2.295756,-1.294853,1.629610,2.486840,-1.458372,1.279464,2.833657,0.410116,1.856893,2.326954,-2.130172,1.626120,1.608269,-0.441039,1.559290,1.245388,-0.462198,1.728904,1.555829,0.330911,0.975339,1.883604,0.885650,1.504376,0.634161,0.736272,1.165897,2.060494,0.855085,1.943731,1.325900,0.077865,1.620320,2.428361,-0.967878,1.652270,0.486313,-0.523386,1.586040,1.289401,0.175515,0.712971,1.668005,-1.445281,1.080939,1.732240,-1.394235,1.301160,0.816746,-1.669994,-0.425381,2.178737,-0.858195,0.534198,1.047923,-1.372877,0.171633,0.289024,-1.801872,0.277342,0.172366,-0.201890,0.563521,0.153963,-0.985296,0.307873,0.003636,-1.463934,0.612511,0.250135,-1.801882,0.770870,0.580023,-1.097099,0.210540,-0.089434,0.332822,0.903269,0.140089,0.101605,1.116455,0.399851,-0.496620,0.584643,0.578351,-1.206899,0.310021,-0.042603,-1.230847,0.982340,0.135604,-0.806210,1.035713,0.525538,-0.294782,0.692948,0.632665,-0.241198,0.390358,-0.002177,-0.982538,0.798442,0.147271,-0.648059,1.136540,0.456902,-0.088174,1.033525,0.554529,-0.144270,0.563076,0.126672,-0.093349,1.133090,0.385115,-0.930997,1.590949,0.582141,0.553147,2.134710,0.691889,0.162830,1.365103,-0.563981,1.586719,1.482794,-0.602936,1.380291,1.850809,0.154678,-1.017545,1.555131,0.786871,1.561808,1.406981,0.928576,0.450718,1.800943,0.641547,-1.124375,1.711694,1.280440,-1.237843,1.493751,1.089919,0.638072,1.595485,1.465482,-0.491551,1.537277,1.226357,1.814924,1.782657,0.882722,0.977656,1.576657,1.367364,0.644989,1.307249,0.770841,0.219281,1.618414,-0.408284,1.382217,1.631147,-0.020577,-1.541519,1.961633,-0.557717,-0.461890,1.986388,-1.943874,0.269749,1.519041,-0.503824,0.992268,1.850808,-0.199833,0.541242,1.600496,-0.368839,-1.484471,1.427234,0.267843,0.570117,1.483821,0.553800,0.110912,1.440680,-0.533667,-1.814137,1.640172,-0.701099,-0.291527,1.592998,-0.510187,1.440259,1.666677,-1.191518,-0.875323,1.847311,0.101295,-0.352207,1.569772,-0.163714,-0.383247,1.617457,0.474822,-0.175239,1.768080,-0.619400,-0.763370,1.757082,0.169092,0.162687,1.666830,0.340011,-0.276860,1.695738,0.071475,-0.350899,1.576876,0.372507,-0.231621,1.623379,0.363856,-0.282905,1.659957,-0.121083,0.034131,1.719034,-0.941918,0.136249,1.623859,-0.894231,0.436876,1.594458,-0.769026,-0.543978,1.739710,-0.569898,-0.059977,1.667567,-0.434510,-1.060415,1.649580,-0.031189,-0.348675,1.482138,-0.244666,0.843288,1.808866,0.045226,-0.105560,1.496712,0.135372,-0.736703,1.920606,-0.403113,-1.421035,1.750108,-1.140960,-1.290985,1.805147,-0.444531,1.084926,1.669218,1.170123,-0.927896,1.603394,0.712345,-0.470984,1.671877,0.251739,0.919092,1.684942,-0.230030,1.245723,1.606895,0.399553,0.468611,1.707974,0.526998,1.276450,1.151627,1.008388,0.083348,1.604493,0.968550,-1.570973,1.617515,1.567242,0.508889,1.677954,1.396145,1.262788,1.682191,1.449026,0.838789,1.618672,1.370273,-1.676545,1.609007,1.238217,-0.670876,1.673068,-0.337509,-1.086728,1.671774,-0.060080,-1.052882,1.625268,-0.162482,-1.278442,1.126279,0.782216,-0.888943,1.544836,1.285504,-1.000544,1.662507,1.011002,-0.625641,1.630772,1.101581,-0.254605,1.650313,0.327751,0.632450,1.725619,-0.990305,-1.628191
1.898100,-0.964313,-0.873625,0.507463,0.578289,-1.354612,0.399021,-1.442891,0.160105,-1.272647,0.057475,-0.926550,1.211954,-0.085583,-0.769006,0.434959,2.448962,0.501615,1.558402,0.034253,1.074787,1.685040,0.300036,1.853662,-1.584647,0.428894,1.368680,-0.296661,0.168431,0.316943,1.603851,1.599522,1.744943,-0.000000,-0.000000,-0.000000,1.008400,0.350439,1.570804,-0.717797,-0.717800,-0.711982,-0.000000,-0.000000,-0.000000,2.417124,0.822700,-1.584978,2.016722,1.173148,1.666129,0.740473,-0.046320,1.914256,1.602913,-0.047841,-0.164808,-0.000000,-0.000000,-0.000000,-0.000000,-0.000000,-0.000000,-0.000000,-0.000000,-0.000000,-0.000000,-0.000000,-0.000000,-0.000000,-0.000000,-0.000000,-0.000000,-0.000000,-0.000000,1.862926,1.586614,-0.496366,1.454132,2.295756,-1.302735,1.630180,2.480813,-1.494858,1.280319,2.833657,0.415287,1.857744,2.319700,-2.163423,1.626378,1.608269,-0.463657,1.559791,1.240839,-0.419265,1.299501,1.550342,0.469120,0.976725,1.878810,0.852268,1.504702,0.634161,0.773042,1.166565,2.060494,0.840461,1.944928,1.320692,0.058018,1.621451,2.422769,-0.867869,1.652580,0.486313,-0.530928,1.586430,1.289401,0.189216,0.713787,1.663480,-1.394475,1.082141,1.726602,-1.549064,1.301495,0.816746,-1.689476,-0.424965,2.178737,-0.842659,0.535311,1.047923,-1.270211,0.172630,0.289024,-1.756498,0.277342,0.172381,-0.199386,0.563521,0.153979,-0.985033,0.307873,0.003650,-1.462557,0.612533,0.250135,-1.801168,0.770870,0.580036,-1.098339,0.210540,-0.089434,0.333716,0.903303,0.140106,0.105354,1.116490,0.399851,-0.493270,0.584643,0.578361,-1.205450,0.310021,-0.042603,-1.229617,0.982340,0.135622,-0.805922,1.035742,0.525555,-0.294648,0.692968,0.632679,-0.235856,0.390358,-0.002163,-0.979163,0.798474,0.147289,-0.644264,1.136540,0.456918,-0.077931,1.033544,0.554529,-0.135770,0.563076,0.126672,-0.093689,1.133090,0.385115,-0.921507,1.590949,0.582155,0.557947,2.134732,0.691889,0.167766,1.365591,-0.563032,1.540317,1.483356,-0.601859,1.364854,1.851342,0.155477,-1.043633,1.555578,0.787463,1.548703,1.407583,0.929037,0.438118,1.801366,0.641833,-1.107797,1.712108,1.280631,-1.248086,1.494146,1.090113,0.638637,1.595673,1.268738,-0.494362,1.537627,1.226572,1.832194,1.783028,0.882982,0.959960,1.576864,1.367856,0.816397,1.307520,0.770841,0.205395,1.618677,0.446475,1.248596,1.631386,-0.019671,-1.634766,1.961850,-0.556555,-0.464108,1.986593,-1.942849,0.290929,1.519745,-0.503251,1.012668,1.851235,-0.199433,0.543685,1.600911,-0.368220,-1.484205,1.427650,0.268247,0.565661,1.484263,0.554290,0.125363,1.441082,-0.532951,-1.849320,1.640610,-0.700337,-0.305246,1.593453,-0.509719,1.430623,1.666894,-1.190622,-0.979257,1.847500,0.102000,-0.347085,1.569968,-0.163038,-0.383942,1.617663,0.475651,-0.110207,1.768276,-0.618019,-0.805186,1.757276,0.169588,0.133236,1.667249,0.340379,-0.304026,1.696138,0.071951,-0.364980,1.577072,0.373103,-0.221741,1.623765,0.364265,-0.292443,1.660338,-0.120727,-0.003950,1.719472,-0.941166,0.173018,1.624287,-0.893438,0.466733,1.594891,-0.768261,-0.558552,1.740132,-0.569135,-0.115135,1.668025,-0.433924,-1.050942,1.650012,-0.030632,-0.274983,1.482564,-0.243996,0.930882,1.809295,0.045694,-0.162259,1.497118,0.135839,-0.683130,1.921022,-0.402384,-1.324969,1.750540,-1.140111,-1.280952,1.805547,-0.443775,1.098871,1.669690,1.170123,-0.907116,1.603805,0.712755,-0.491281,1.672063,0.252106,0.892654,1.685124,-0.229728,1.220197,1.607264,0.399949,0.472209,1.708359,0.527460,1.289651,1.152014,1.008634,0.085323,1.604864,0.968772,-1.552644,1.617892,1.567431,0.538879,1.678141,1.396329,1.280895,1.682379,1.449211,0.839431,1.619103,1.370472,-1.681799,1.609400,1.238217,-0.673132,1.673262,-0.337201,-1.105860,1.671957,-0.059745,-1.053416,1.625646,-0.162186,-1.264612,1.126694,0.782494,-0.887697,1.545202,1.285739,-0.978374,1.662690,1.011232,-0.621647,1.630957,1.101813,-0.255961,1.650737,0.328234,0.774012,1.479845,-0.989492,-1.704072
2.640118,-0.961425,-0.963300,0.489238,0.574030,-0.540299,0.387539,0.627807,0.362050,-1.267767,0.469539,-0.727138,0.098831,0.118526,-0.360175,0.428386,0.842040,1.128474,1.565323,0.013405,2.276553,1.699590,0.263623,2.512072,-1.564225,0.432387,1.577333,-0.255331,0.734256,1.001261,1.606030,1.599522,1.323624,-0.000000,-0.000000,-0.000000,-0.090486,0.345481,1.370111,1.479398,1.479546,1.198496,-0.000000,-0.000000,-0.000000,2.426573,-1.241157,-1.655350,2.017604,-0.851231,1.766856,0.745572,-0.045495,1.908656,1.606353,-0.095434,0.332828,-0.000000,-0.000000,-0.000000,-0.000000,-0.000000,-0.000000,-0.000000,-0.000000,-0.000000,-0.000000,-0.000000,-0.000000,-0.000000,-0.000000,-0.000000,-0.000000,-0.000000,-0.000000,1.795839,1.623221,1.703853,1.691102,1.824968,-0.331540,1.761333,2.233989,-0.203625,1.696804,2.151683,0.841593,1.811085,1.667431,-0.035771,2.172439,1.077908,-1.771741,2.024836,-0.236229,-1.812398,1.778599,0.700662,-0.569837,1.869518,1.917577,-1.205090,1.804235,0.151636,-0.111271,1.378064,1.171213,0.286632,2.057805,0.592330,0.660050,1.601789,1.003724,-2.455340,1.553054,0.599084,-0.608231,1.342040,1.089523,1.209495,1.417436,1.568556,0.345136,1.098217,2.520772,0.761047,1.621395,1.766730,-1.477142,-0.113609,1.297213,-0.442261,0.062833,0.822594,-0.142653,1.032579,0.156017,-0.741031,-0.419259,0.317713,0.322891,-0.080013,0.125622,-0.580372,0.145203,0.031488,-1.095150,0.538182,0.278210,-1.778342,0.889373,0.678737,-1.340648,0.024553,0.001946,1.041326,0.964409,0.173359,0.715962,1.605058,0.357300,0.084631,1.553072,0.461798,0.830773,0.219928,0.177296,0.281178,1.251261,0.433162,1.074710,1.585590,0.742966,1.270686,1.222009,0.858187,1.036796,0.462786,0.353969,0.442478,1.177284,0.611808,0.475996,1.628037,0.845093,0.805242,1.541289,0.870280,1.220784,0.578024,0.585309,0.117591,1.115983,0.899053,-0.027568,1.725057,1.018966,1.410175,2.326342,0.973962,1.205725,1.563858,-2.087338,1.501062,1.702625,-1.124526,1.038325,1.755717,-0.195699,-1.360146,1.475799,0.521927,1.109987,1.567164,0.733971,1.479361,1.727252,1.164716,-1.415300,1.642472,1.195938,-0.802706,1.428082,1.234356,-0.597894,1.754933,1.392725,1.144820,1.482614,1.139624,1.691401,1.726167,0.767010,-0.461219,1.758027,0.626173,2.238776,1.231645,0.493853,-0.648557,1.850918,0.106973,0.182306,1.565327,0.590208,-2.113270,1.902094,-1.100372,-1.580005,1.925541,-2.451735,-0.787078,1.709106,-1.468245,0.651157,1.777946,-0.395187,0.718383,1.529413,0.731213,-0.796931,1.357201,0.070118,2.134711,1.665801,0.870798,1.985429,1.144255,0.792610,-1.644674,1.571587,0.650780,0.168151,1.524562,-0.749825,2.135796,1.599567,-1.631150,-1.132689,2.013900,0.557195,-0.118764,1.504835,-1.299870,-0.821971,1.554619,0.278352,0.953551,1.706037,-0.161244,-2.149548,1.695371,-0.071213,-0.070713,1.836933,0.164911,0.075494,1.631946,-0.154734,-0.350974,1.736477,-0.537878,-0.558377,1.784322,0.169821,0.151888,1.816296,0.550110,0.380621,1.893206,-1.285925,-0.444853,1.795052,-1.289831,-0.901644,1.523204,-1.150337,-1.062133,1.668256,-0.947659,-1.769255,1.590403,0.660126,-0.648023,1.577274,0.351470,-0.528366,1.414736,-0.551156,1.961958,1.990070,-0.179463,0.077317,1.433057,-0.098113,1.445930,2.094759,0.093376,-2.262967,1.440833,-1.529625,-1.034670,1.977785,-1.712287,-0.876817,1.859297,1.051042,1.267301,1.536921,0.037959,-1.326984,1.828958,0.080072,-0.078204,1.625105,-0.014609,-0.353919,1.761061,-0.254236,-0.537676,1.646896,0.320578,1.189150,1.311288,1.476076,1.106261,1.545672,1.391518,-1.366523,1.771784,1.480918,0.336128,1.837245,1.312476,0.515635,1.841572,1.364789,0.480067,1.548982,1.513905,-0.543712,1.774323,1.130161,0.412872,1.836705,0.247744,-0.763697,1.827593,0.170058,-0.140503,1.564603,0.049948,-1.166139,1.060743,1.269813,-1.101018,1.697520,1.177171,-1.830271,1.817853,1.447454,-1.112014,1.787710,1.268313,-0.974139,1.580102,0.087875,1.539973,1.413371,-1.395472,-2.107705
2.645000,-0.968432,-0.851455,0.503342,0.584677,-0.717130,0.382498,0.621107,0.222727,-1.846445,0.467141,-1.190497,-0.183074,0.321778,0.283980,0.455172,0.864996,0.747492,1.569821,0.021714,1.273341,1.696328,0.270251,2.125577,-1.574025,1.030204,0.665483,-0.273595,0.735343,0.597623,1.605340,1.599522,1.448043,-0.000000,-0.000000,-0.000000,-0.085560,0.998134,-0.039087,-0.717797,-0.717800,-0.711982,-0.000000,-0.000000,-0.000000,2.434255,-1.246723,-1.668890,2.018594,-0.862540,1.851616,0.743872,-0.041395,1.610723,1.605487,-0.124793,0.311679,-0.000000,-0.000000,-0.000000,-0.000000,-0.000000,-0.000000,-0.000000,-0.000000,-0.000000,-0.000000,-0.000000,-0.000000,-0.000000,-0.000000,-0.000000,-0.000000,-0.000000,-0.000000,1.788982,1.636893,1.536124,1.687786,1.834785,-0.148531,1.759288,2.246043,-0.474215,2.084973,2.157017,0.901743,1.811363,0.689071,0.519250,1.831955,1.720907,-1.873613,1.673545,0.999950,-1.519941,1.777640,0.700662,-0.399465,1.869518,1.917577,-1.618890,1.800148,1.394289,-0.070025,1.374639,1.858373,0.766688,2.055826,0.587122,0.853643,1.601789,0.998132,-1.842759,1.548890,1.171250,-0.328036,1.337652,1.583717,2.386941,1.415013,1.568556,1.117116,1.097824,2.520772,0.504875,2.056654,2.215511,-0.163920,-0.118295,1.883451,-0.351975,0.058415,1.439994,-0.025510,1.702915,0.156017,-0.157030,-0.880675,0.413911,0.149496,-0.435613,0.160328,-0.502008,0.001213,0.224603,-0.957681,0.227978,0.381110,-2.057783,0.339000,0.655278,-1.709548,0.147345,0.357187,0.773675,1.151938,0.468737,-0.096058,1.800452,0.298144,0.600109,2.073704,0.193851,0.676371,0.842059,0.554000,0.586505,1.518209,0.783490,-0.281567,2.066372,0.715173,0.420802,1.863268,0.698191,1.173509,1.138467,0.772120,0.750855,1.311228,1.086078,-1.314674,1.678771,1.066126,0.242430,1.955810,0.946720,1.380380,1.068101,0.946334,0.187271,1.181954,1.172382,-0.178134,1.583814,1.098237,0.523076,2.100685,0.926615,0.500342,1.569362,-2.096670,1.627342,1.708693,-1.134442,0.658729,1.761597,-0.201752,-1.578963,1.480951,0.517851,0.756928,1.571762,0.730906,1.481932,2.221633,1.163027,-1.535709,1.881920,1.420269,-0.340194,1.888772,1.003652,-1.133444,1.759733,1.391696,1.259088,1.689018,1.138618,1.130564,1.945235,0.765426,-0.415452,1.763747,0.623352,2.496630,1.534063,-0.221811,-0.527880,1.858509,0.101060,0.317559,1.571658,-0.443454,-2.132205,1.907843,-1.111807,-1.462616,1.931431,-2.462238,-0.756787,1.714313,-1.474686,0.573328,2.024879,-0.852373,0.956773,2.014659,0.022616,-1.288225,1.842608,-0.392617,1.299823,1.926365,0.310509,0.474296,1.381798,-0.060052,-1.640080,1.577079,0.642556,-0.171323,1.530386,-0.755110,2.052236,1.605590,-1.640865,-0.856103,2.019136,-0.249278,-0.341998,1.740926,-1.307515,-0.928983,1.783601,0.274272,1.021111,1.710844,-0.168039,-1.909090,1.700152,-0.661527,0.117481,1.841874,0.161892,0.384326,1.862978,-0.159138,-0.058742,1.741281,-0.542967,-0.282541,1.789149,0.166044,0.446306,1.820968,0.546813,0.865098,1.898156,-1.293763,-0.230525,1.799902,-1.297962,-0.621145,1.773363,-1.158175,-1.221089,1.922360,-0.955472,-1.390745,1.860693,0.654112,-0.979246,1.827368,0.345753,-0.489705,1.420291,-1.287756,1.528139,1.995665,-0.184071,0.702501,1.678323,-0.103369,1.458184,2.100280,0.085974,-1.989078,1.690890,-1.538481,-1.013686,1.983117,-1.720832,0.169020,1.864859,1.049201,0.743198,1.774773,0.035022,-1.167049,1.833719,-0.356036,0.394250,1.843812,-0.017090,0.037471,1.765684,-0.257491,-0.163619,1.874582,0.317402,1.085823,1.316037,1.183612,1.075403,1.764944,1.389701,-1.417646,1.776411,1.479579,0.583202,1.842040,1.311178,1.021794,1.846403,1.363483,0.980907,1.798344,1.512471,-0.464751,1.779167,1.128236,0.674073,1.841665,0.245211,-0.500489,1.832284,0.167422,0.046846,1.787930,0.047845,-1.001154,1.066145,0.965006,-1.248153,1.702100,1.452187,-1.568297,1.822529,1.445797,-0.867796,1.792467,1.266399,-0.745403,1.825150,0.082924,1.364054,1.665354,-1.403800,-2.125268
2.643664,-0.957306,-0.982767,0.509524,0.611919,-1.377119,0.382498,0.628242,0.195975,-1.847887,0.463954,-1.261650,-0.455940,0.423793,0.826403,2.951305,2.435794,0.266576,1.564111,0.017534,1.601971,1.686816,0.323234,1.791027,-1.643070,0.420759,2.031678,-0.326058,-0.398468,0.489729,1.605479,1.599534,1.248977,-0.000000,-0.000000,-0.000000,-1.215493,0.986993,0.761823,-0.717797,-0.717800,-0.711982,-0.000000,-0.000000,-0.000000,2.438691,-1.245024,-1.657907,2.016608,-0.850388,1.597061,0.752369,-0.039745,1.795177,1.601601,-0.144016,0.697620,-0.000000,-0.000000,-0.000000,-0.000000,-0.000000,-0.000000,-0.000000,-0.000000,-0.000000,-0.000000,-0.000000,-0.000000,-0.000000,-0.000000,-0.000000,-0.000000,-0.000000,-0.000000,1.882732,1.746659,-0.228975,1.495494,2.433072,-0.811167,1.691105,1.782384,-1.073905,1.744538,2.151683,0.565904,1.955038,0.370147,-0.995310,1.657376,0.993401,-2.271299,1.613471,0.586355,-0.941600,1.817724,0.722610,1.512502,1.091632,1.117556,0.242233,1.536758,0.638662,0.216369,1.683992,1.317699,-0.095261,2.042999,0.519487,0.551126,1.739333,2.283102,-1.154512,1.677893,0.494674,-0.083279,1.644755,1.253027,0.918997,1.347366,1.586658,-0.071729,1.739987,2.357414,-0.132662,2.196566,1.707749,-0.036538,0.209723,1.579650,-0.812321,1.384046,0.998357,-0.830669,1.609847,0.235859,-0.455798,-1.172364,0.518500,0.542459,-0.874573,0.207989,0.455827,-0.650468,-0.004617,0.979996,-0.390154,0.150069,0.609752,0.036401,0.447876,-1.112927,0.340339,0.650008,0.737864,1.140451,0.587404,0.086163,1.659928,0.270753,0.623792,1.992942,0.047136,0.698764,1.337242,0.907257,0.757012,2.003481,0.984558,0.560639,2.170905,0.793545,1.230286,2.090452,0.667178,1.407081,1.645944,1.054649,1.302103,1.947701,1.322878,1.190175,2.251945,1.230991,1.425508,2.198917,1.050523,2.104782,1.209496,1.188650,-0.192648,1.144525,1.336290,0.439184,1.149150,1.203631,-1.414277,0.594840,1.143306,-1.298902,1.572862,-2.076110,1.657957,1.712277,-1.112412,0.628955,1.765336,-0.188140,-1.730474,1.483869,0.527163,0.642648,1.574162,0.736983,1.283229,2.223966,1.166405,-1.635313,1.883958,1.422418,-0.543921,1.890349,1.235150,-1.503615,1.760874,1.393406,1.316436,1.689731,1.140630,1.074240,1.945605,0.768615,-0.356340,1.763747,0.629391,2.362182,1.534063,-0.212548,-0.306329,1.858245,-0.741209,0.590678,1.571437,-0.426572,-2.120282,1.907625,-2.404903,-1.271716,1.931226,-2.439097,-0.604380,1.717399,-1.460611,0.157366,2.027186,-0.842551,1.110392,2.016745,0.037825,-1.308055,1.844491,-0.382677,1.208929,1.928140,0.322075,0.177138,1.615108,-0.041705,-1.674208,1.577965,0.661258,-0.296485,1.531051,-0.742648,1.978643,1.605808,-2.633773,-0.817790,2.019136,-0.231968,-0.271646,1.742124,-1.291578,-0.908982,1.784765,0.283261,1.553075,1.711993,-0.153787,-1.872832,1.921592,-0.065632,0.330562,1.843326,0.168680,0.193722,1.864360,-0.150370,-0.000552,1.742439,0.116749,-0.264418,1.790124,0.173565,0.567439,1.821912,0.553763,0.947928,1.900521,-1.277421,-0.178165,1.802010,-1.279253,-0.572086,1.775285,-1.140141,-1.298131,1.924081,-0.938259,-1.259118,1.862749,0.667337,-1.076332,1.829496,0.358326,-0.388794,1.421144,-0.543579,1.371024,1.996313,-0.173467,1.019000,1.678738,0.459260,1.798762,2.100496,0.103084,-1.864665,1.691529,-1.520017,-1.089670,1.983926,-1.703017,-0.315083,1.866946,1.053152,0.818326,1.776385,0.041733,-1.151317,1.834848,0.083067,0.304538,1.844916,0.344434,0.128262,1.766618,0.217208,-0.518600,1.652684,0.324657,1.216437,1.316803,1.187408,0.909536,1.765876,1.393103,-1.705462,1.777526,1.259130,0.551410,1.843180,1.313797,1.289647,1.847548,1.366119,1.152118,1.800034,1.515314,-0.324648,1.780771,1.131852,1.078860,1.842841,0.250277,0.065176,1.833399,0.172693,0.304067,1.788887,0.402811,-0.813546,1.066974,0.968955,-1.107840,1.703024,1.179087,-1.532251,1.823641,1.449332,-0.863055,1.793594,1.269975,-0.623606,1.827024,0.093792,1.305446,1.665998,-1.384639,-2.283530
2.642924,1.048195,-1.149078,0.500169,0.611919,-1.433214,0.369904,0.662587,0.053897,-1.852436,0.476724,-1.145503,-0.475410,0.628991,-0.101221,0.473873,0.846019,0.972416,1.559302,0.046791,1.781339,1.683554,0.319920,1.655144,-1.556046,0.419595,0.073485,-0.275196,0.165183,-0.131687,1.631533,1.599522,1.251419,-0.000000,-0.000000,-0.000000,-0.079131,0.347960,0.552304,-0.717797,-0.717800,-0.711982,-0.000000,-0.000000,-0.000000,2.441342,0.827847,-1.819632,2.017490,1.204114,1.367881,0.752369,-0.048769,1.860958,1.605907,-0.167318,0.992280,-0.000000,-0.000000,-0.000000,-0.000000,-0.000000,-0.000000,-0.000000,-0.000000,-0.000000,-0.000000,-0.000000,-0.000000,-0.000000,-0.000000,-0.000000,-0.000000,-0.000000,-0.000000,2.318749,1.088342,0.618751,1.670264,1.251284,-0.396369,1.740343,1.529459,-0.739257,2.064962,1.533581,0.582168,1.789466,0.826726,0.758087,1.817818,1.171754,-1.992043,1.656853,0.472735,-2.185294,1.755190,0.064773,-1.849998,1.843374,1.359983,-1.866598,1.782845,0.242652,-0.708717,1.819505,-0.102078,-0.054266,2.028584,-0.011177,-0.557618,2.078882,-0.404136,-1.956237,1.938299,0.114606,0.180028,1.314108,0.667988,1.810363,1.939604,0.429253,0.239703,1.068471,1.107066,-0.014570,1.599424,0.492447,-0.967922,-0.143443,0.800820,-0.194251,1.527722,0.299870,-0.253289,1.670734,-0.284803,0.424938,-1.526372,0.766488,0.573323,-1.239938,0.421026,0.820950,-1.012442,0.101366,1.207823,-0.749399,0.330386,1.160130,-0.698296,0.910432,-1.426127,0.325756,1.032068,1.316501,0.953122,0.802099,0.442662,1.559217,0.389291,0.950511,1.838905,0.113905,0.467589,1.373656,1.268276,1.033064,1.986202,1.338440,1.055833,2.157866,1.064358,1.188433,2.081731,0.879699,1.292311,1.679432,1.381520,0.777082,1.771829,1.705673,1.168373,2.103173,1.627634,1.247944,2.165492,1.392568,1.857199,1.498442,1.402269,-0.024994,1.104433,1.547135,-1.945986,1.016507,1.414569,-2.226470,0.823866,1.205181,-1.760690,1.775869,-1.572711,-0.227291,1.934030,0.500816,0.415316,1.669712,0.757292,-0.497974,1.649928,1.133345,1.122428,1.708355,1.599988,0.081385,1.854664,1.029227,-1.876156,1.964995,1.741231,-2.064975,1.930898,1.312841,-1.640360,1.974314,1.647870,0.853432,1.844259,1.454958,-0.171399,1.859576,0.912290,0.785835,1.880348,0.954169,0.041836,1.651964,1.048457,0.077776,1.656809,0.076564,2.122738,1.916130,-0.283186,-0.544007,1.980315,-0.662817,1.091855,2.003802,-1.817966,0.810560,1.874282,-0.314460,0.881251,1.902045,-0.042964,-0.597442,1.865013,-0.105227,-1.185889,1.903678,0.426615,-0.683748,1.963776,0.170799,-0.943845,1.817763,-0.259450,-1.254256,1.773844,-0.370256,0.469353,1.698791,0.261909,1.169815,1.739792,-0.795015,0.202617,1.889674,-1.235900,0.420586,1.740926,-0.033397,-0.271459,1.781860,0.503349,-0.727030,1.928863,0.146274,-0.015263,1.917005,0.677608,0.171327,1.867445,0.646513,-1.044428,1.873577,1.022158,-0.420626,1.957597,0.822083,0.040563,1.992984,0.700929,-0.067597,1.791239,0.185479,0.204384,1.757139,-0.037661,-0.354925,1.884128,-0.741518,0.211760,1.835693,-0.621829,-0.744893,1.962505,0.416601,0.735663,1.667324,-0.372636,-0.193908,1.912428,-0.630360,0.745016,1.625073,0.560974,-0.076789,2.176852,0.139632,-0.384453,1.831222,0.237280,-1.576386,1.994888,-0.275638,-0.439028,1.845208,-0.119315,-0.881705,1.919550,-0.351545,0.811406,1.922641,0.688273,-0.526619,1.803471,0.958269,-0.263219,1.842075,0.497380,0.711020,1.838792,1.031539,0.338397,1.749223,0.665106,0.234479,1.840370,0.796940,2.038514,1.268906,0.553812,0.176311,1.731997,0.546268,-0.009034,1.758446,1.421510,0.394082,1.836855,1.469297,1.910889,1.854881,1.522674,0.978598,1.586275,1.220324,-2.004916,1.816568,0.803100,-0.050754,1.850369,0.923675,0.151859,1.827211,0.873286,0.313947,1.771067,1.050439,-0.329240,1.741113,0.613391,0.069825,1.895475,1.133218,0.830687,1.817472,1.131064,-0.004498,1.800815,0.950998,0.904886,1.895361,-0.165888,-0.691532,1.835688,0.117102,-1.206576
2.640118,1.057663,-1.210329,0.501756,0.617451,-1.611141,0.375782,0.650440,0.056594,-1.866304,0.878406,-1.117990,-0.751164,0.731785,-0.958731,0.490043,0.848783,1.393985,1.561706,0.055151,2.027439,1.688301,0.286821,2.112736,0.507453,-0.785339,-0.876112,-0.115453,-0.962106,0.951907,1.605464,1.599522,2.470828,-0.000000,-0.000000,-0.000000,1.024250,-0.308398,-0.341161,-0.717797,-0.717800,-0.711982,-0.000000,-0.000000,-0.000000,2.442225,0.842819,-1.923188,1.482782,1.204523,1.184602,0.764278,-0.054919,2.036612,1.607193,-0.240253,1.512532,-0.000000,-0.000000,-0.000000,-0.000000,-0.000000,-0.000000,-0.000000,-0.000000,-0.000000,-0.000000,-0.000000,-0.000000,-0.000000,-0.000000,-0.000000,-0.000000,-0.000000,-0.000000,2.326025,1.641469,0.882769,2.086241,1.177718,-0.608507,1.745306,1.439123,-0.766563,2.069254,1.453643,0.332730,1.793720,0.725254,0.352749,1.822283,1.101341,-2.376767,2.010714,-0.208989,-2.378916,1.760005,-0.011978,-1.898927,1.848876,1.292096,-1.658219,1.788197,-0.440129,-0.735934,1.825333,-0.177881,0.047035,2.035009,0.623512,-0.459927,2.084449,0.277494,-1.866527,1.943663,0.056131,0.148196,1.320884,0.617110,2.094064,1.394764,0.980803,0.771026,1.622181,1.794187,0.883223,1.605243,0.446581,-0.856776,0.444307,0.158952,0.064945,1.536558,0.236771,0.062969,1.678651,0.178842,0.875001,-1.627147,0.815486,0.582575,-1.339323,0.499562,1.109113,-1.078128,0.183128,1.346310,-0.859652,0.375568,1.072340,-0.794810,0.924114,-1.135240,0.336394,1.131491,1.254682,0.860861,0.925294,0.310824,1.441280,0.449484,1.024676,1.790651,0.145638,0.551311,1.221451,1.369818,1.183297,1.838774,1.460436,1.248792,2.060848,1.156671,1.175605,2.026520,0.958304,1.424734,1.592988,1.466364,0.604847,1.648454,1.810583,1.337290,2.045693,1.730588,1.564188,2.107496,1.500831,1.819268,1.435717,1.454065,0.253641,1.092767,1.542759,-2.780420,0.973631,1.466965,-2.488795,0.747362,1.280209,-2.036123,1.882882,-2.049100,-1.233922,1.736582,0.804079,-0.446815,1.777097,0.724813,-0.053048,1.722084,0.923110,0.639160,1.751752,1.304784,-0.175283,1.866779,0.768339,-1.997810,1.925500,1.283942,-2.646394,1.834765,1.271013,-2.596430,1.809870,1.405372,1.019621,2.029994,1.186033,-0.630252,1.792320,0.916303,-1.009703,1.518240,1.071932,-0.116952,2.050228,0.686947,-0.664014,1.750079,-0.122117,0.042013,1.982172,-0.238699,0.178502,1.802719,-0.242461,1.861147,1.582349,-1.083436,1.400177,1.922391,0.282351,0.765018,1.911486,-0.040229,-1.441984,1.832911,-0.068715,-0.702728,1.827394,0.429384,-1.231306,1.841573,0.141885,-0.877585,1.840967,0.544794,-0.699602,1.761311,0.530255,0.001301,1.638628,0.309357,0.030641,1.881577,0.276333,-0.135789,1.760228,-0.475860,1.239299,2.032926,0.524653,0.589583,1.842941,0.295070,-0.098234,1.769432,0.468651,0.731672,1.758427,0.817326,0.579361,1.740035,0.640874,0.088234,1.731472,1.001190,0.147860,1.795501,0.797853,0.740705,1.809636,0.688780,0.925648,1.807698,0.194241,1.035191,1.743789,0.459967,-0.713986,1.840335,-0.087562,0.685788,1.757835,0.008507,-0.704796,1.849158,0.070122,1.124646,1.848751,0.031731,-0.151852,1.868202,-0.245934,1.236659,1.874584,0.288630,-0.553302,1.904196,0.522687,-0.002181,2.004936,0.100916,-1.194600,1.904652,0.305125,0.590980,2.019495,0.442913,0.191779,1.891458,0.190923,0.676365,1.822157,0.846514,-0.486682,1.912390,0.801719,-0.686283,1.702075,1.245981,-0.341612,1.682145,1.631997,1.891524,1.785309,1.015521,-0.039585,1.633754,1.146260,0.663252,1.690286,0.426487,-1.597342,1.743540,0.670402,-1.367000,1.791972,1.292810,-0.002213,1.675064,1.342121,1.839308,1.712831,1.394636,1.405514,1.463594,1.090353,-2.200737,1.710971,0.949829,-0.345794,1.704527,1.137949,1.008017,1.668947,1.096212,1.445131,1.808033,0.912777,0.883799,1.978088,0.483733,0.414472,1.721536,1.018160,0.699254,1.659689,1.015006,-0.008492,1.660943,1.105621,0.657218,1.832857,-0.352890,-0.473687,2.034024,-0.164126,-0.190422
1.896620,1.074941,-1.307109,0.499695,0.630202,-1.585284,0.370741,0.668878,0.207180,-1.863309,0.877607,-1.112911,-0.741963,0.732952,-0.728329,0.493592,0.861335,1.408492,1.574043,2.142934,1.929091,1.690675,0.290135,2.214112,0.529919,1.029040,-0.142273,-0.072522,0.737504,-0.039422,1.605113,1.599534,1.328939,-0.000000,-0.000000,-0.000000,1.033449,0.994416,-0.158783,-0.717797,-0.717800,-0.711982,-0.000000,-0.000000,-0.000000,2.442532,0.855230,-1.947015,1.481126,1.210394,1.053455,2.789800,-0.059418,2.240035,1.612786,-0.263555,1.688071,-0.000000,-0.000000,-0.000000,-0.000000,-0.000000,-0.000000,-0.000000,-0.000000,-0.000000,-0.000000,-0.000000,-0.000000,-0.000000,-0.000000,-0.000000,-0.000000,-0.000000,-0.000000,1.688352,1.028911,2.869556,1.913572,0.653057,0.676499,1.881992,1.107990,-0.937464,1.723096,1.405706,0.635777,1.760449,-0.086433,-0.459472,2.031099,1.134227,-1.552908,2.135768,-0.563443,-1.896971,2.261865,-0.264112,-2.077837,2.307493,1.204856,-1.668744,2.086789,-0.390010,-0.489113,2.046732,-0.516373,-0.240869,1.607079,-0.250472,-0.870059,2.087412,-0.560512,-1.275280,1.836701,0.097935,0.602090,1.614801,0.333706,2.342214,1.563265,0.148953,1.608640,1.106267,1.681569,0.910311,1.923191,1.353979,0.281965,0.177728,0.338694,0.760871,1.835512,-0.092200,1.344087,1.893525,-0.562275,0.853230,-1.786063,0.875273,0.328956,-1.372038,0.520776,0.850337,-1.162129,0.239850,0.989711,-0.884375,0.432745,1.038557,-0.817736,0.997937,-1.012570,0.219220,1.235666,1.217024,0.867440,0.993309,0.655076,1.447577,0.468366,1.062181,1.795633,0.202908,0.729809,1.173176,1.409810,1.190909,1.846272,1.486109,1.195401,2.066343,1.250957,1.319663,2.003709,0.999365,1.317620,1.442962,1.485976,0.891660,1.613612,1.858015,1.565878,2.015970,1.754387,1.430605,2.060350,1.579501,1.240774,1.288547,1.546455,0.509829,0.917355,1.642371,-2.440891,0.854925,1.527211,-2.349125,0.812834,1.281086,-1.871673,1.803632,-2.672790,-2.168791,1.958616,-0.204912,-1.404098,1.687330,0.714274,0.710079,1.885908,0.787463,0.263084,1.658962,1.107963,-0.077857,1.745096,1.536130,-1.671380,1.773402,1.344967,-1.850124,1.868988,1.758101,-1.986644,1.793932,1.240552,1.202288,1.970597,1.230612,-1.191385,1.901929,1.011732,-2.223052,1.614455,0.793200,-0.408333,2.135823,0.447588,-0.195338,1.827947,-0.247432,-0.058612,2.039176,-0.194213,1.202385,1.622433,-1.214537,2.035186,1.633311,-0.560931,1.425439,1.810300,0.702681,0.447188,1.789070,0.277811,-2.005331,1.682833,-0.236736,-0.246998,1.880542,0.305257,-1.489903,1.869678,0.509948,-0.857712,1.800425,0.288924,-0.244677,1.690955,0.323654,0.047228,1.784900,0.727768,-0.502365,1.990814,0.041945,-0.112020,1.616180,-0.717667,1.550614,2.019894,0.921189,0.554785,1.830291,0.479731,0.078848,1.972273,0.701486,0.951515,1.960183,0.921986,0.855458,1.756932,1.064498,0.369479,1.733037,0.994385,0.297674,1.781277,0.789990,0.992086,1.781224,1.155499,1.233673,1.766547,0.615069,0.638494,1.843906,0.813953,-1.372296,1.681129,0.377122,0.300896,1.812081,0.456407,-0.622213,1.880677,0.458776,1.466047,1.909610,0.320101,0.214706,1.707417,0.028214,1.008805,2.057537,0.609757,-0.674569,1.825214,-0.238384,-0.129755,1.901954,-0.144522,-0.337174,1.784731,-0.118343,1.017316,1.912727,0.842852,0.246212,1.814366,0.576806,0.550691,1.870902,0.750990,-0.772777,1.704238,1.170178,-1.594157,1.701890,2.438941,-1.076750,1.668399,1.909633,2.748301,1.758093,2.308838,-0.691781,1.589491,1.036016,-0.112904,2.053708,0.342281,-1.555291,1.699049,0.579743,-1.377887,1.763080,1.207077,-0.265029,1.660867,1.257330,1.945439,1.712643,1.309269,1.247348,1.486689,0.775194,-2.219105,1.740335,0.865291,-1.043237,1.704334,1.040932,2.274535,1.655060,1.363821,1.616738,1.780154,1.163209,2.581790,2.152227,0.398508,-0.055794,1.694582,0.942247,2.034111,1.645844,0.938720,0.700106,1.660757,0.762163,1.511536,1.895565,-0.083810,-0.809720,1.941913,0.311797,0.132716
1.897513,1.056005,-1.202477,0.512851,0.637863,-1.984764,0.366820,0.669722,0.276289,-2.427567,0.872821,-1.220512,-0.739771,0.732175,-0.643231,2.950287,2.444984,0.822219,1.553280,0.063510,0.687802,1.678517,1.991822,1.509092,0.478054,1.032532,-0.310018,-0.151205,1.298981,0.165948,1.605118,1.599522,2.279526,-0.000000,-0.000000,-0.000000,-0.067581,1.639647,-0.948140,-0.717797,-0.717800,-0.711982,-0.000000,-0.000000,-0.000000,2.439574,0.853950,-1.981767,1.481900,1.207458,0.959848,0.772775,-0.046720,2.082788,1.614519,-0.264544,1.534163,-0.000000,-0.000000,-0.000000,-0.000000,-0.000000,-0.000000,-0.000000,-0.000000,-0.000000,-0.000000,-0.000000,-0.000000,-0.000000,-0.000000,-0.000000,-0.000000,-0.000000,-0.000000,1.871411,1.120373,1.132522,1.485527,1.104151,0.118846,2.070264,1.764302,-0.048353,2.114999,0.718333,0.492451,1.941962,2.297937,-1.003215,1.981498,0.355101,0.612488,1.260127,1.190853,-0.547003,1.804258,2.191651,-0.268866,1.075798,0.467868,0.271409,1.526687,0.629605,1.018967,1.671669,1.317699,0.630200,2.026996,1.913785,-0.399462,1.723020,1.534503,0.138533,1.668964,0.490493,-0.240773,1.631155,0.766109,0.417379,1.331962,0.980803,-1.565344,1.184288,0.848004,-0.015081,1.754207,0.387599,0.547120,0.195196,1.001979,0.625700,2.102965,0.993846,-1.002655,2.253441,1.759847,-1.127968,-1.782059,0.917678,0.390257,-1.443666,0.559006,0.677243,-1.212290,0.271392,1.299035,-0.868780,0.464323,0.911193,-0.855717,0.994743,-0.846116,0.241537,1.274746,1.626679,0.903202,1.010283,0.982298,1.490854,0.533522,0.902211,1.728910,0.225778,0.992824,1.206252,1.469279,0.959057,1.840977,1.582431,0.824219,2.108524,1.296260,1.371984,1.957359,1.077756,1.293330,1.473378,1.526621,0.480907,1.566162,1.862246,1.202389,1.946512,1.871826,1.270117,1.988054,1.642259,1.706124,1.310413,1.570533,0.670443,0.907412,1.647653,-2.503929,0.844862,1.551521,-2.339266,0.741021,1.284092,-1.851105,1.686121,-2.020193,-0.782677,1.831295,-0.419964,-0.289158,1.566599,0.733140,-0.730872,1.545274,0.924295,1.154828,1.593163,1.301736,0.435439,1.937497,1.398118,-2.062348,1.761587,1.500474,-0.905011,1.897472,1.715868,-1.777236,1.651579,1.400411,1.138603,1.883694,1.180772,-1.039131,1.635874,1.212178,-2.219555,1.578126,1.065382,0.037984,2.121213,0.684461,-0.443810,1.824449,-0.118437,-0.075546,2.043924,-0.226201,0.857420,1.626744,-0.216151,1.929621,1.639611,-1.049877,1.570117,1.734458,0.306397,0.667064,1.981203,0.421675,-0.841331,2.136400,-0.040699,-0.922551,2.129602,0.896895,-0.543585,1.911313,0.707486,-1.875039,1.901851,0.577072,-0.195635,1.826390,0.564704,-0.798234,1.956217,0.873954,0.075689,1.944677,0.318601,0.499473,1.594809,-0.445356,0.779542,1.867986,0.549616,1.504505,1.902660,0.768316,1.217089,1.828396,0.486328,0.860757,1.817075,0.827476,1.121922,1.804567,1.070534,1.587796,1.792317,1.006566,0.849611,1.637254,1.440698,1.259782,1.649849,1.165947,1.461521,1.652668,0.611060,0.894308,1.814630,0.482702,-0.089412,1.670813,-0.058309,0.984065,2.066283,0.036704,-0.425358,1.673431,0.095083,1.432585,1.922458,0.050946,-0.621521,1.696999,-0.227667,1.514444,1.938363,0.308886,-0.276433,1.724288,0.539268,0.028066,2.065052,0.118611,-0.664289,1.731739,0.331245,0.349844,2.080848,0.468600,0.780347,1.720046,0.215707,0.602643,1.633957,0.247703,-0.668992,1.975640,1.750563,-1.395467,1.760964,2.944881,-0.726714,1.739200,1.982363,3.018612,1.632250,2.852156,0.204977,1.691741,1.146721,-0.592072,2.175921,0.140825,0.077687,1.799195,0.411883,-0.260782,1.638811,1.072763,-1.387905,1.733992,1.128834,0.658473,1.554791,1.179901,1.056158,1.530327,0.628519,-1.827463,1.547260,0.406421,-0.353059,1.765874,1.137306,2.227807,1.726591,1.467070,1.537930,1.865474,1.255895,2.985111,2.040085,0.483198,1.216167,1.777069,1.017681,2.649786,1.717158,0.748522,1.257694,1.719778,0.836754,2.173593,1.899940,0.222888,0.188170,2.096211,0.806002,0.541353
1.898542,1.056005,-1.197644,0.513645,0.636590,-1.993711,0.367666,0.669288,0.270779,-2.428897,0.477523,-1.221215,-0.739181,0.732175,-0.627332,2.951305,2.443135,0.847714,1.552987,0.063510,0.683853,1.682376,0.329862,1.518815,0.480897,1.031368,-0.311044,-0.146451,0.740766,0.173526,1.605273,1.599522,2.251582,-0.000000,-0.000000,-0.000000,-0.066509,1.638407,-0.979098,-0.717797,-0.717800,-0.711982,-0.000000,-0.000000,-0.000000,2.441053,0.853950,-1.980139,1.482230,1.208301,0.946294,0.772360,-0.045070,2.075424,1.614519,-0.261515,1.513510,-0.000000,-0.000000,-0.000000,-0.000000,-0.000000,-0.000000,-0.000000,-0.000000,-0.000000,-0.000000,-0.000000,-0.000000,-0.000000,-0.000000,-0.000000,-0.000000,-0.000000,-0.000000,2.419380,0.516911,-1.429046,1.894853,0.461809,-1.592500,2.075227,0.168617,-0.869616,2.120145,1.442976,-0.366435,1.946790,0.377401,-1.281086,1.653653,0.369195,-1.347415,1.264499,1.204500,-1.554461,1.809700,0.739004,0.038036,1.081657,1.132116,0.373450,1.953214,-0.576652,-0.599481,1.677830,-0.026275,-0.304144,2.569807,0.535110,0.260713,1.729310,1.551211,-2.315211,1.674019,-0.620446,0.182048,1.637955,0.286464,0.861646,1.881278,0.388579,-1.437044,1.729531,0.864848,-1.148358,0.894992,-0.922713,-0.145675,0.773574,0.441389,0.215139,2.112915,-0.200354,0.202854,2.261871,-0.265828,1.427958,-1.806090,0.934012,0.392314,-1.470455,0.566561,0.726618,-1.210747,0.250039,1.144301,-0.881288,0.461760,0.979439,-0.844681,1.023300,-0.954342,0.182004,1.283308,1.564504,0.857322,1.025901,0.833668,1.471931,0.513588,1.042198,1.808709,0.239924,0.828210,1.176120,1.451290,0.970176,1.829766,1.564293,0.881750,2.083839,1.303311,1.300550,2.010270,1.084303,1.225794,1.445669,1.522499,0.617161,1.561709,1.880408,1.332253,1.931000,1.843544,1.206173,2.019076,1.655941,1.571539,1.290775,1.579772,0.627437,0.885620,1.679196,-2.392000,0.852728,1.545632,-2.417120,0.811719,1.296994,-1.911037,1.687118,-2.019283,-0.782799,1.832407,-0.418798,-0.285862,1.567664,0.733878,-0.724719,1.546168,0.924864,1.158560,1.593961,1.301736,0.445546,1.938336,1.398118,-2.058831,1.762399,1.500474,-0.893575,1.898253,1.715868,-1.774402,1.652150,1.400411,1.136145,1.884214,1.180772,-1.035155,1.636237,1.212178,-2.199005,1.578783,1.065874,0.067238,2.121984,0.684461,-0.451004,1.824977,-0.118437,-0.077793,2.044605,-0.225331,0.840096,1.627362,-0.214943,1.922426,1.640242,-1.048853,1.570155,1.735403,0.307542,0.677418,1.982041,0.422059,-0.853552,2.137223,-0.039485,-0.904354,2.130230,0.897283,-0.486160,1.911980,0.707976,-1.943372,1.902474,0.577818,-0.181983,1.827266,0.566197,-0.806942,1.956891,0.874422,0.102220,1.945348,0.319497,0.447136,1.595197,-0.444651,0.816222,1.868581,0.550293,1.530185,1.903246,0.768714,1.200170,1.828975,0.487019,0.880477,1.817651,0.827993,1.115974,1.805380,1.070902,1.607271,1.792908,1.007042,0.840082,1.637833,1.441248,1.249630,1.650423,1.166355,1.463146,1.653231,0.611416,0.900706,1.815480,0.483397,-0.076214,1.671661,-0.057515,1.006054,2.066923,0.037468,-0.412023,1.674072,0.095846,1.413604,1.923393,0.051533,-0.635745,1.697856,-0.227109,1.499358,1.938999,0.309504,-0.277254,1.724953,0.539736,0.027209,2.065679,0.119098,-0.667753,1.732347,0.331973,0.350607,2.081478,0.469384,0.770138,1.720655,0.216464,0.596779,1.634647,0.247703,-0.668319,1.976445,1.750563,-1.401382,1.761528,2.945248,-0.723145,1.739751,1.982666,3.019675,1.632800,2.852552,0.207238,1.692315,1.146721,-0.586693,2.176493,0.141071,0.078562,1.799755,0.411883,-0.255388,1.639368,1.072763,-1.388975,1.734562,1.128834,0.654485,1.555371,1.179901,1.051154,1.530982,0.628718,-1.826363,1.547857,0.406655,-0.351369,1.766461,1.137615,2.234033,1.727149,1.467391,1.543197,1.866045,1.256192,2.990587,2.040720,0.483455,1.220692,1.777621,1.017916,2.654778,1.717714,0.748752,1.260284,1.720342,0.836986,2.177178,1.900788,0.223874,0.210815,2.096846,0.806814,0.535198
1.895735,1.058893,-1.247598,0.502868,0.610205,-1.490291,0.361779,0.660925,0.337564,-2.440325,0.472737,-1.373054,-0.746725,0.833411,-0.885136,0.473379,0.858570,1.556191,1.550270,0.055151,0.250715,1.686236,0.286821,2.296117,0.533186,-0.180551,1.252348,3.838596,0.167344,2.244754,1.606133,1.599522,2.393196,-0.000000,-0.000000,-0.000000,1.021898,-0.300975,0.914768,1.463133,1.479546,1.367115,-0.000000,-0.000000,-0.000000,2.436905,0.853532,-1.881290,1.482008,1.215832,0.899145,0.766834,-0.044270,2.000924,1.610633,-0.215962,1.300003,-0.000000,-0.000000,-0.000000,-0.000000,-0.000000,-0.000000,-0.000000,-0.000000,-0.000000,-0.000000,-0.000000,-0.000000,-0.000000,-0.000000,-0.000000,-0.000000,-0.000000,-0.000000,2.328047,-0.219086,-0.294417,2.088655,0.515741,-1.412518,1.748223,-0.192653,-0.547875,2.072970,1.453643,0.404371,1.797992,0.718000,0.297665,1.824023,-0.175259,-1.796347,1.314308,0.404607,-1.415471,1.764174,0.728097,0.054005,1.853705,1.946638,-0.535330,1.790403,-1.063734,-0.528392,1.828403,-0.865041,-0.252612,2.039798,-0.089228,0.234085,2.089653,0.271902,-1.626756,1.945446,-0.516035,0.032855,1.867576,-0.374915,1.321426,2.501876,-0.868275,0.453538,2.174664,0.250950,-0.728035,1.167381,-0.889963,-0.179722,1.028204,-0.427286,0.973790,3.046236,-0.380628,1.334069,2.357901,-0.341819,2.718988,-1.756778,0.921275,0.539368,-1.435865,0.593161,0.686213,-1.184782,0.274670,1.358360,-0.884736,0.468098,0.944778,-0.847867,0.993423,-0.728037,0.259120,1.269882,1.453640,0.895522,1.055457,0.502368,1.466799,0.572109,1.201241,1.804470,0.258673,0.575381,1.169354,1.515814,1.296920,1.823814,1.620561,1.251476,2.079265,1.357246,1.241515,2.007161,1.110824,1.270138,1.439447,1.584178,1.085718,1.475466,1.956931,1.267431,1.892432,1.895970,1.799253,2.016092,1.701151,1.171643,1.286261,1.604130,0.147202,0.882107,1.705609,-2.483356,0.849114,1.571905,-2.162272,0.687556,1.367636,-1.831986,1.683872,-2.013669,-0.903092,1.828823,-0.414401,-0.557675,1.564197,0.735414,-0.850902,1.543031,0.924295,0.965294,1.590966,1.300851,0.224959,1.694969,1.396977,-2.133429,1.758944,1.499487,-1.064669,1.670983,1.489347,-1.873830,1.648116,1.399215,0.704070,1.682188,1.179337,-1.103793,1.631602,1.210594,-1.833857,1.573036,1.064000,0.184837,2.114799,0.683206,-0.628120,1.817408,-0.118437,-0.081202,2.038034,-0.223556,0.742079,1.621397,-0.210434,1.864103,1.634164,-1.041509,1.601141,1.731854,0.312265,0.651257,1.978683,0.425994,-0.905557,2.133686,-0.033391,-0.856608,2.126481,0.901266,-0.431359,1.907764,0.712309,-2.011096,1.897830,0.584411,-0.190451,1.821989,0.573689,-0.799772,1.951285,0.879219,0.068592,1.939543,0.328316,0.424374,1.589937,-0.438421,0.748521,1.864373,0.555173,1.552597,1.899161,0.771136,1.193251,1.824942,0.490416,0.838550,1.813639,0.829998,1.227595,1.801261,1.071653,1.881059,1.788787,1.008034,0.943589,1.633796,1.441798,1.313046,1.646367,1.167206,1.503208,1.648932,0.612159,0.914638,1.812046,0.488372,-0.078396,1.668071,-0.051797,0.999417,2.063097,0.042980,-0.380195,1.669978,0.101308,1.448618,1.919253,0.055151,-0.650244,1.694230,-0.223669,1.465872,1.934079,0.313963,-0.257702,1.719769,0.542959,0.083725,2.060261,0.122933,-0.681798,1.727026,0.337221,0.346935,2.075968,0.475005,0.756977,1.715741,0.221887,0.615245,1.630463,-0.051574,-0.319449,1.972416,1.750563,-1.517667,1.757540,2.944881,-0.752943,1.735850,1.982363,2.692996,1.837872,2.852552,0.139902,1.906466,1.146721,-1.394861,2.386704,0.140569,0.943596,2.005819,0.411420,-0.546892,1.635299,0.635187,-1.636557,1.730533,1.128468,-0.340378,1.769108,0.966135,0.521135,1.766137,0.398104,-1.216209,1.544044,0.406166,-0.396705,1.762307,1.137306,2.203309,1.723207,1.467070,1.443062,1.861879,1.255895,2.814137,2.270828,0.186022,1.104029,1.773594,0.746242,2.870620,1.713784,0.748522,1.239720,1.716357,0.836754,2.333963,1.897032,0.226833,0.218277,2.091724,0.812637,0.610411
1.891448,1.054775,-1.182438,0.496687,0.619139,-1.328813,0.362898,0.674326,0.364009,-2.439770,0.470339,-1.430294,-0.742338,0.831464,-0.776823,0.468812,2.423859,0.961717,1.565617,2.188859,0.984116,1.682956,0.263623,2.687066,0.540965,-0.793488,0.444669,3.847352,-0.966454,1.556461,1.606025,1.599522,2.417685,-0.000000,-0.000000,-0.000000,1.033671,-0.310877,-0.012924,1.463110,1.479535,1.220860,-0.000000,-0.000000,-0.000000,2.432181,0.850109,-1.799989,1.481348,1.220836,0.953555,0.755353,-0.031971,1.918096,1.600760,-0.174426,1.223419,-0.000000,-0.000000,-0.000000,-0.000000,-0.000000,-0.000000,-0.000000,-0.000000,-0.000000,-0.000000,-0.000000,-0.000000,-0.000000,-0.000000,-0.000000,-0.000000,-0.000000,-0.000000,2.315099,0.215179,1.073610,2.078393,0.976653,-0.926262,1.738013,0.373324,-1.319690,2.062676,1.235164,0.988277,1.787469,0.420927,-0.138997,1.815593,-0.367706,-1.436700,2.004288,-1.636015,-2.321086,1.752626,-0.242164,-1.299904,1.840959,1.088495,-1.270980,1.780025,-1.869368,0.363863,2.282522,-1.759380,-0.934627,2.025798,-0.302484,-1.333977,2.076303,0.042828,-2.670560,1.530123,-1.255268,0.015677,1.854000,-1.018107,0.397846,1.936365,-0.438746,0.589415,1.612929,0.791626,-0.538933,0.277142,-1.473022,-0.824181,0.433217,-1.184698,0.616305,2.275377,-0.560902,0.386758,2.340587,-1.014508,1.743240,-1.751739,0.919327,0.590631,-1.393203,0.611124,0.853949,-1.182307,0.291415,1.419660,-0.882483,0.503466,1.065364,-0.791791,0.991798,-0.697533,0.262277,1.267994,1.413644,0.898527,1.097512,0.570256,1.469564,0.588092,1.103966,1.842345,0.299367,0.766932,1.173703,1.513881,1.337387,1.827178,1.618154,1.363971,2.081640,1.401289,1.409039,2.008654,1.168236,1.240520,1.443446,1.600806,1.258168,1.559670,1.977561,1.461197,1.894637,1.893728,1.523239,1.967300,1.737883,1.414518,1.137011,1.656765,-0.277129,0.824677,1.781828,-1.432340,0.790033,1.628830,-1.713383,0.780249,1.366009,-1.468740,1.675866,-2.004336,-0.836960,1.507930,-0.401165,-0.372933,1.555654,0.745984,-0.596849,1.535864,0.934175,0.931321,1.584969,1.309142,0.174804,1.928787,1.085888,-2.201314,1.753236,1.503976,-1.698498,1.889359,1.044102,-1.787216,1.643699,1.210323,0.061682,1.678509,1.184203,-0.983047,1.628064,0.915500,-1.305079,1.569433,1.073769,0.406516,2.110701,0.694954,-0.455311,1.507827,-0.105827,0.026999,1.779059,-0.211094,0.523046,1.618322,-0.196721,1.829674,1.631006,-1.032031,1.606790,1.724747,0.316345,0.694081,1.972591,0.428361,-0.836597,2.127851,-0.030369,-0.890436,2.121053,0.903662,-0.455516,1.902233,0.170799,-2.058195,1.893596,0.589512,-0.141747,1.817373,0.577405,-0.788747,1.947044,0.881618,0.093442,1.935533,0.332726,0.409782,1.586836,-0.433600,0.820307,1.859766,0.561435,1.550292,1.894681,0.774818,1.140083,1.820518,0.497873,1.121746,1.809239,0.836117,1.207380,1.796110,1.076908,2.303132,1.784074,1.014858,1.203064,1.629367,1.450234,1.358338,1.641925,1.173060,1.343248,1.644815,0.205201,0.734841,1.805801,0.494793,-0.045569,1.662193,-0.044459,1.023481,2.057558,0.050053,-0.309272,1.664576,0.108358,1.472372,1.913039,0.061116,-0.612439,1.688294,-0.217999,1.529479,1.929586,0.319684,-0.301120,1.715479,0.547118,0.097362,2.056520,0.126768,-0.802241,1.723346,0.343167,0.470759,2.072141,0.482260,0.528031,1.711644,0.228887,0.672724,1.624439,-0.046815,0.294384,1.967351,1.283475,-1.218150,1.752988,2.951285,-0.796984,1.731578,1.987615,2.444011,1.833791,2.859062,-0.169481,1.902218,1.154419,-1.367661,2.382915,-0.139800,1.500155,2.001910,0.158388,-0.538940,1.631214,0.201282,-1.415557,1.726121,0.708098,-1.345251,1.764489,0.542906,0.442330,1.760844,0.171767,-0.259934,1.539010,0.139147,-0.013847,1.757564,1.142681,2.135606,1.718891,1.101135,1.377833,1.857698,1.261064,2.677120,2.266672,0.190473,1.417354,1.769551,0.750328,2.927403,1.709481,0.752507,1.242265,1.711809,0.572390,2.153151,1.891410,0.231301,0.246362,1.845958,0.820119,0.508889
1.893073,1.060124,-1.246105,0.510791,0.597870,-1.751726,0.375782,0.667625,0.197139,-2.433224,0.467141,-1.521533,-0.746885,0.833411,-0.961091,0.482976,0.862549,0.665873,1.585773,2.180500,0.862985,1.686816,0.263623,2.802765,0.535230,-0.789996,-0.135088,-0.102719,-0.409326,1.027688,1.605700,1.599534,2.299554,-0.000000,-0.000000,-0.000000,1.039656,-0.944951,-0.029603,1.479478,1.479546,1.426070,-0.000000,-0.000000,-0.000000,2.427168,0.844962,-1.812310,1.482230,1.212054,1.102401,0.743872,-0.042620,1.803744,1.601601,-0.154153,1.015795,-0.000000,-0.000000,-0.000000,-0.000000,-0.000000,-0.000000,-0.000000,-0.000000,-0.000000,-0.000000,-0.000000,-0.000000,-0.000000,-0.000000,-0.000000,-0.000000,-0.000000,-0.000000,1.674614,0.329466,3.002685,1.901191,0.574582,0.066981,1.868010,0.186698,-1.978534,2.101565,1.331102,0.051033,1.743362,-0.180650,-0.367327,2.020927,-0.869878,-2.207046,2.831908,-2.499543,-2.016127,2.244543,-0.329889,-2.608776,2.287208,1.151529,-1.893283,2.074531,-1.700951,0.170886,2.503587,-1.971554,-0.639797,2.138284,-1.025639,-1.072272,2.065918,-0.622026,-0.577807,1.414813,-1.109053,-0.248639,1.597618,-1.214303,0.979068,2.102048,-0.524674,1.761787,1.638257,0.065109,0.604087,0.128177,-1.400964,-1.156877,0.159375,-0.897979,0.503942,1.809543,-0.146277,0.750181,1.869261,-0.604075,1.270070,-1.757295,0.921574,0.544545,-1.357918,0.613490,0.811743,-1.155888,0.293647,1.282167,-0.885570,0.505731,1.126700,-0.794685,1.048038,-0.707838,0.339866,1.290862,1.234281,0.980438,1.122184,0.649239,1.507945,0.607729,0.909077,1.873946,0.315040,1.011966,1.167641,1.535438,1.294548,1.821610,1.669055,1.012985,2.077274,1.427041,1.203166,2.031810,1.210104,1.263888,1.437872,1.602938,1.156236,1.555187,2.003127,1.399129,1.890759,1.963400,1.194480,1.989565,1.759297,1.671358,1.132966,1.658865,-0.108217,0.821485,1.784092,-1.547976,0.817388,1.650572,-1.787865,0.776997,1.367887,-1.523165,1.678867,-2.016475,-0.880070,1.511245,-0.415478,-0.477472,1.558860,0.736152,-0.608565,1.538545,0.926617,0.888553,1.587166,1.303473,0.268810,1.931121,1.082235,-2.374298,1.755473,1.501254,-1.682869,2.115052,1.266424,-1.879671,1.645810,1.208099,-0.355621,1.878432,1.181366,-1.189847,1.630294,0.912029,-1.240575,1.571766,1.067275,0.144180,2.113538,0.686319,-0.403753,1.510797,-0.115480,0.045203,1.781563,-0.222687,0.529640,1.620578,-0.211549,1.892011,1.633311,-1.045693,1.559804,1.727351,0.308735,0.815798,1.974898,0.423259,-1.046345,1.894817,-0.037677,-0.897716,2.123343,0.898497,-0.777944,1.904665,0.165017,-1.715577,1.895812,0.579996,-0.131380,1.820021,0.568420,-0.848630,1.949501,0.875865,0.152450,1.937982,0.322150,0.470725,1.588782,-0.442593,0.749022,1.861976,0.552409,1.464346,1.896834,0.769925,1.141454,1.822644,0.489035,1.017803,1.811354,0.829502,1.292239,1.798375,1.072021,2.414033,1.786439,1.008510,1.260304,1.631495,0.806312,1.269161,1.644055,0.695059,1.209293,1.647060,0.200449,1.067342,1.808166,0.485537,-0.085471,1.664507,-0.055036,0.945714,1.819533,0.039858,-0.553394,1.666948,0.098196,1.420591,1.915581,0.053317,-0.572301,1.690630,-0.225413,1.552924,1.931937,0.311463,-0.259282,1.717843,0.541123,0.065442,2.058805,0.120538,-0.769359,1.725594,0.334188,0.479181,1.834601,0.471802,0.537670,1.713897,0.218797,0.755678,1.364736,-0.349256,0.884980,1.969785,1.278028,-0.851718,1.755260,2.521948,-1.122520,1.733620,1.983597,2.230518,1.835824,2.853792,-0.612850,1.904342,1.148512,-1.326582,2.385003,-0.143072,1.894134,2.003955,0.155422,-0.653536,1.633249,0.198762,-1.020560,1.728229,0.493689,-1.337557,1.766795,0.327050,0.717802,2.002792,0.168915,0.240432,1.541220,0.136021,0.190458,1.759931,1.138566,1.885337,1.720953,1.096854,1.343523,1.859781,1.257107,2.478010,2.268957,0.187060,1.364842,1.771565,0.747200,2.790872,1.711537,0.483436,1.289252,1.714079,0.569298,1.922467,1.893903,0.225344,-0.023193,1.848306,0.809353,0.518683
2.640271,1.057663,-1.155827,0.496213,0.602960,-1.392815,0.359540,0.659646,0.635920,-2.439437,0.468740,-1.513561,-0.746671,0.933674,-0.847262,0.470848,0.866527,0.916589,1.588766,2.222245,0.780566,1.683862,0.276879,2.606326,2.583644,-0.188686,0.332130,3.857685,-0.403904,0.721908,1.606107,1.599534,1.889350,-0.000000,-0.000000,-0.000000,2.125489,-0.299735,1.310808,-0.717797,-0.717800,-0.711982,-0.000000,-0.000000,-0.000000,2.421848,0.835111,-1.713288,1.482337,1.202021,1.190548,0.720924,-0.029097,1.468120,1.594721,-0.217940,1.285311,-0.000000,-0.000000,-0.000000,-0.000000,-0.000000,-0.000000,-0.000000,-0.000000,-0.000000,-0.000000,-0.000000,-0.000000,-0.000000,-0.000000,-0.000000,-0.000000,-0.000000,-0.000000,1.666524,0.329466,2.696123,1.893047,0.579491,-0.149787,1.858671,-0.632203,-1.458640,2.090975,0.611793,0.395222,1.731138,-0.158887,0.045962,2.014722,-1.503480,-1.156167,2.469583,-3.108589,-1.024837,2.232682,-0.302454,-1.707142,2.273097,0.506635,-1.657161,2.067299,-2.315499,0.946024,2.493666,-1.951385,-0.468121,2.124260,-1.722756,-1.051600,2.050713,-0.594065,-0.533691,1.818825,-1.672909,0.175696,2.137509,-1.701266,1.020285,2.088672,-1.130473,1.700899,1.622574,0.093229,0.911607,0.566354,-1.843187,-0.678150,0.736034,-1.471366,0.540861,2.554972,-0.750199,0.249213,1.852913,-0.588858,0.887447,-1.700577,0.926819,0.344686,-1.318007,0.598961,0.904486,-1.096421,0.298481,1.069616,-0.884917,0.510588,0.949232,-0.767012,1.052829,-0.608967,0.381754,1.337150,1.552339,1.068257,1.106007,0.761530,1.552454,0.629848,0.571829,1.875102,0.290783,0.933992,1.168959,1.540641,1.227680,1.823002,1.723658,1.130353,2.078462,1.433257,1.155203,2.032677,1.215432,1.378380,1.439083,1.626388,0.518197,1.474901,2.009298,1.160496,1.891769,1.991855,1.614137,1.940075,1.745319,1.436408,1.247952,1.645565,0.444336,0.881809,1.750284,-2.169859,0.879469,1.636379,-2.129052,0.838010,1.339830,-1.744862,1.584357,-2.055624,-1.777935,1.719188,-0.443116,-0.914804,1.458160,0.729392,0.529780,1.708415,0.930124,-0.116354,1.513767,1.312615,-0.495240,1.614910,1.091778,-1.930292,1.684826,1.289242,-2.533449,2.049391,1.051868,-1.739659,1.802374,1.024530,-1.289835,1.826392,0.962908,-1.155802,1.577349,0.622012,0.423742,1.513574,1.082156,0.128174,2.045348,0.696812,-0.260822,1.439420,-0.114696,0.986903,1.978343,-0.235113,0.197718,1.799226,-0.244693,2.051859,1.578781,-1.092914,1.533702,1.640611,0.273548,1.013799,1.662254,0.397298,-1.050891,1.586315,-0.080258,-0.774048,1.581667,0.872222,-0.933949,1.831610,0.134181,-0.593698,1.833902,0.533070,-0.906819,1.505855,0.516062,0.189380,1.632367,0.841834,0.330789,1.624314,0.260488,-0.225258,1.756146,-0.486940,1.065103,1.798442,0.517714,0.157664,1.835349,0.752809,-0.049021,1.761937,0.465282,0.296374,1.966868,0.816810,0.980212,1.964343,1.068251,1.375319,1.945220,1.004146,0.640503,1.788005,0.801269,0.991114,1.802482,0.690873,0.864017,1.801146,0.195711,0.731954,1.732174,0.453546,-0.722021,1.829591,-0.095694,0.318857,1.747630,0.000669,-0.598030,1.839451,0.063071,0.818184,1.577993,0.026915,0.010786,1.617044,-0.250513,0.781225,1.625291,0.998610,-0.353721,1.897524,0.517629,0.088285,1.764029,0.095192,-1.581820,1.899539,0.297723,0.359963,2.013760,0.435658,-0.150687,1.653400,0.183923,0.856080,1.549008,-0.346069,1.638656,1.903501,0.806347,-0.465648,1.908940,1.674538,-1.488114,1.674901,1.985461,2.019489,1.778456,1.478455,-0.639686,2.064202,1.151262,-0.915541,2.543705,-0.140046,2.188738,2.157893,0.158842,-0.950565,1.785107,-0.016632,0.118396,1.884639,0.073136,-0.079446,1.922725,0.117042,1.521918,1.933301,-0.058027,0.623079,1.474644,-0.132445,0.514383,1.920025,1.142064,1.672908,1.873954,1.100493,1.465705,2.015238,0.917031,1.795519,2.441657,-0.107217,1.624245,1.921862,0.749859,2.252383,1.864073,0.486042,1.504128,1.867619,0.571927,1.843730,1.822649,-0.357821,-0.788841,1.786110,0.767713,-0.836317
1.900176,1.054775,-1.153980,0.500808,0.610205,-1.621815,0.372143,0.658828,0.637879,-2.435777,0.469539,-1.457338,-0.745868,0.934646,-0.823840,0.475909,0.851846,0.801415,1.577347,2.147114,2.265980,1.690095,-1.381808,2.607065,0.510719,-0.181715,-1.207808,3.828264,-0.406064,-1.273543,1.604995,1.599534,1.534769,-0.000000,-0.000000,-0.000000,1.021467,-0.296016,-1.131496,-0.717797,-0.717800,-0.711982,-0.000000,-0.000000,-0.000000,2.418891,0.829545,-1.629199,1.482008,1.192397,1.325433,0.719224,-0.023372,1.500531,1.600760,-0.270601,1.618504,-0.000000,-0.000000,-0.000000,-0.000000,-0.000000,-0.000000,-0.000000,-0.000000,-0.000000,-0.000000,-0.000000,-0.000000,-0.000000,-0.000000,-0.000000,-0.000000,-0.000000,-0.000000,1.685515,1.106645,-0.169612,1.910255,0.054770,-0.876569,1.877616,0.379351,0.713539,1.717670,-0.704284,1.680770,1.754459,0.044057,-0.963119,2.028359,-1.372108,-0.395475,2.840120,-1.736043,-1.335285,3.140517,-2.429332,-1.315122,2.774720,-0.710354,-0.331247,1.649903,-0.936268,0.507418,2.042283,-0.425458,0.488678,2.152284,-1.587549,-0.029461,2.080014,0.316571,-1.940792,1.834027,-0.979611,-0.441284,1.609609,-0.603847,0.492223,2.115819,-0.389021,1.315401,1.098634,0.234036,2.480101,1.474679,-0.395317,-0.570839,0.172183,-0.174780,0.103726,-0.458785,0.615309,-1.186412,0.520671,-1.014508,-2.044159,-1.700318,0.927718,0.372443,-1.317795,0.599816,0.959987,-1.066756,0.317571,1.156402,-0.855415,0.511358,0.936496,-0.766741,1.053594,-0.667541,0.382133,1.358460,1.615993,1.112135,1.106923,0.779620,1.553086,0.648068,0.575746,1.875680,0.305316,0.872738,1.169487,1.541534,1.242655,1.823660,1.724584,1.226950,2.079028,1.457232,1.159096,2.033122,1.216194,1.283822,1.439569,1.627240,0.651284,1.475404,2.033278,1.103986,1.857796,1.992889,1.679725,1.940463,1.765544,1.511599,1.210258,1.646546,0.412260,0.882107,1.770810,-1.782333,0.879776,1.637285,-1.868066,0.838336,1.356739,-1.622347,1.668114,-0.995568,-1.095546,1.499368,-0.446392,-0.502029,1.547643,0.720297,-0.063793,1.529590,0.917898,0.512227,1.579566,1.299539,0.104786,1.683718,1.081117,-2.345068,1.749574,1.280631,-1.863325,2.110496,1.042302,-1.661893,1.642542,1.015968,-1.993257,2.074861,0.953177,-1.232032,1.629546,0.610818,-0.474610,1.571973,0.539611,-1.425271,2.114549,-0.016970,0.315248,1.512150,-0.128060,0.328763,1.782906,-0.244025,1.012420,1.621814,-0.245855,2.236913,1.397522,-1.083436,1.615721,1.718344,0.284116,0.830231,1.967764,0.405552,-1.057191,1.888354,-0.066262,-0.967966,1.882425,0.430987,-0.960054,1.649415,0.143806,-1.137671,1.893186,0.547747,-0.094258,1.817820,0.533271,-0.789278,1.695670,0.853340,0.190136,1.686062,0.280707,0.024720,1.589359,-0.473069,1.073663,1.858559,0.525386,1.123150,1.673678,0.755678,0.793660,1.819377,0.467326,0.734103,1.808104,0.815280,1.184121,1.794046,1.063747,2.071476,1.782701,0.998274,1.333033,1.628225,0.794484,1.147256,1.641351,0.685870,0.825642,1.644632,0.192058,1.224069,1.801280,0.459967,-0.357107,1.658398,-0.086703,0.845476,1.814002,0.009335,-0.677221,1.661984,0.070122,1.252047,1.650112,0.031731,-0.439355,1.684461,-0.245934,1.549562,1.687773,0.288630,-0.404813,1.716127,0.523175,0.332238,1.822690,0.101889,-1.202229,1.725178,0.305914,0.534386,1.833538,0.442913,0.228401,1.712253,0.190923,0.764777,1.358948,-0.352422,2.020025,1.965328,0.797536,0.376380,1.751651,1.667049,-1.512922,1.730459,1.629214,0.954255,1.833234,1.011886,-0.480769,2.120639,0.629082,-1.497948,2.383487,-0.431258,2.085284,2.422596,0.152920,-1.236574,1.839936,-0.021853,-0.733272,1.724965,0.067877,-0.365200,1.763132,0.111747,1.607950,1.998120,-0.063324,1.198043,1.309312,-0.138444,1.068709,1.756171,1.134451,0.948381,1.717760,1.092574,0.885905,1.857127,0.909747,1.499232,2.501995,-0.113552,0.977885,1.769000,0.472663,1.919624,1.708354,0.480371,0.905083,1.710473,0.566205,1.244302,1.652620,0.206585,-0.131279,1.847019,0.777700,-0.039854
1.900762,1.055603,-1.152523,0.500963,0.610621,-1.633821,0.372143,0.658828,0.628819,-2.436774,0.468740,-1.470468,-0.745762,0.934454,-0.811009,0.475909,0.851846,0.812988,1.577035,2.151294,2.243655,1.690385,-1.381808,2.610776,0.510719,-0.180551,-1.275647,3.826687,-0.403904,-1.304518,1.604964,1.599534,1.526910,-0.000000,-0.000000,-0.000000,1.022748,-0.294777,-1.165290,-0.717797,-0.717800,-0.711982,-0.000000,-0.000000,-0.000000,2.418891,0.829990,-1.630886,1.482559,1.192805,1.327506,0.719639,-0.024197,1.515174,1.601180,-0.278760,1.650346,-0.000000,-0.000000,-0.000000,-0.000000,-0.000000,-0.000000,-0.000000,-0.000000,-0.000000,-0.000000,-0.000000,-0.000000,-0.000000,-0.000000,-0.000000,-0.000000,-0.000000,-0.000000,1.686329,1.106645,-0.149577,1.910550,0.059679,-0.869201,1.877918,0.379351,0.736637,1.718246,-0.704284,1.688902,1.754754,0.044057,-0.948952,2.028859,-1.372108,-0.410332,2.840637,-1.736043,-1.336598,3.140830,-2.429332,-1.307071,2.775393,-0.705501,-0.317795,1.650536,-0.931712,0.513327,2.042972,-0.420401,0.472633,2.153090,-1.587549,-0.006126,2.080376,0.316571,-1.923945,1.834609,-0.979611,-0.471130,1.610389,-0.603847,0.482262,2.116240,-0.389021,1.266768,1.099027,0.239674,2.422956,1.475014,-0.395317,-0.595764,0.173016,-0.174780,0.094005,-0.457673,0.615309,-1.245862,0.521185,-1.014508,-2.026803,-1.700102,0.927718,0.361626,-1.317644,0.599831,0.957458,-1.066643,0.317614,1.156836,-0.855325,0.511386,0.936483,-0.766678,1.053608,-0.667166,0.382259,1.358476,1.610697,1.112235,1.106956,0.779291,1.553119,0.648096,0.579039,1.875680,0.305337,0.871994,1.169618,1.541534,1.235895,1.823738,1.724584,1.222453,2.079057,1.457232,1.159112,2.033141,1.216346,1.284190,1.439690,1.627240,0.633975,1.475466,2.033278,1.101033,1.857823,1.992889,1.678946,1.940482,1.765544,1.512563,1.210375,1.646546,0.378032,0.882199,1.770810,-1.810470,0.879848,1.637285,-1.879280,0.808258,1.356739,-1.618107,1.668613,-0.996554,-1.118367,1.499918,-0.446392,-0.547787,1.547904,0.719559,-0.086130,1.529809,0.917898,0.478294,1.579964,1.299539,0.041457,1.684142,1.081391,-2.311835,1.749773,1.280631,-1.861472,2.110899,1.042302,-1.676845,1.643121,1.016149,-1.977811,2.075382,0.953375,-1.248257,1.630113,0.610818,-0.495802,1.572621,0.539611,-1.460119,2.115310,-0.016970,0.341062,1.512954,-0.128784,0.310668,1.783808,-0.244025,1.052084,1.622633,-0.246970,2.243080,1.398359,-1.084546,1.583133,1.718817,0.282923,0.832425,1.967969,0.405168,-1.078270,1.888761,-0.066882,-0.972596,1.882832,0.430193,-0.973704,1.649856,0.142865,-1.137172,1.893596,0.546286,-0.113137,1.818473,0.532509,-0.790093,1.696334,0.852385,0.206769,1.686742,0.279847,0.022408,1.589937,-0.474451,1.115824,1.858967,0.524653,1.105079,1.674074,0.755247,0.779381,1.819760,0.466635,0.709241,1.808485,0.815280,1.172299,1.794457,1.063747,2.084584,1.783092,0.997798,1.331362,1.628608,0.793933,1.143369,1.641736,0.685870,0.826061,1.645005,0.191701,1.230676,1.801710,0.459215,-0.352963,1.658603,-0.087562,0.839816,1.814418,0.008507,-0.682144,1.662415,0.069296,1.241293,1.650336,0.031096,-0.434271,1.684668,-0.246538,1.541882,1.688208,0.287986,-0.411165,1.716556,0.522687,0.361535,1.823324,0.101422,-1.208356,1.725802,0.305125,0.571295,1.834169,0.442064,0.211414,1.712870,0.190103,0.772462,1.359174,-0.352422,2.030751,1.965739,0.797536,0.376104,1.752037,1.667049,-1.510601,1.731019,1.628899,0.967632,1.833610,1.011886,-0.468159,2.121025,0.629082,-1.492508,2.383866,-0.431258,2.090202,2.422967,0.152920,-1.246777,1.840306,-0.021853,-0.710828,1.725543,0.067877,-0.343105,1.763524,0.111747,1.633365,1.998551,-0.063324,1.200550,1.309722,-0.138444,1.084500,1.756574,1.134451,0.960891,1.718326,1.092574,0.894342,1.857513,0.909747,1.503033,2.502410,-0.113552,0.984511,1.769372,0.472663,1.923361,1.708917,0.480371,0.912918,1.710859,0.566205,1.254366,1.653027,0.206062,-0.141488,1.847663,0.776041,-0.026001
1.896033,1.056834,-1.174977,0.485910,0.607660,-1.079962,0.360660,0.667191,0.642593,-2.442543,0.467141,-1.530234,-0.741214,0.934646,-0.816288,0.456190,0.830721,1.570410,1.576448,2.134575,2.698072,1.683862,-1.391750,2.610776,2.619999,-0.179386,-1.089660,-0.047103,0.166257,-0.356385,1.605566,1.599534,1.788450,-0.000000,-0.000000,-0.000000,2.140045,-0.299735,0.143071,-0.717797,-0.717800,-0.711982,-0.000000,-0.000000,-0.000000,0.951695,0.823562,-1.440394,1.481455,1.187367,1.183357,0.697119,-0.037296,1.411702,1.602047,-5.229745,2.153613,-0.000000,-0.000000,-0.000000,-0.000000,-0.000000,-0.000000,-0.000000,-0.000000,-0.000000,-0.000000,-0.000000,-0.000000,-0.000000,-0.000000,-0.000000,-0.000000,-0.000000,-0.000000,1.673800,1.088342,0.299579,1.900583,0.040105,-0.898961,1.867708,0.361343,1.036402,1.707097,-0.720285,1.434338,1.743362,0.029548,-0.373641,2.020670,-1.381504,-0.645488,2.123183,-1.117954,-1.113267,2.686434,-1.683837,-1.234781,2.761638,-0.715208,-0.340495,1.640464,-0.945380,0.691027,1.559089,-0.430516,1.716950,1.585872,-1.597901,0.553402,2.065556,0.305386,-1.059486,1.414213,-0.992152,0.055663,1.046148,-0.109653,1.255808,1.543015,-0.398072,0.949342,1.083344,0.228398,2.122579,1.464995,-0.401835,-0.099194,-0.429651,-0.183346,0.608995,0.284418,-0.015624,-1.098299,-0.179852,-0.497651,-2.393112,-1.638345,0.927868,0.401845,-1.313623,0.600166,0.935049,-1.063692,0.354665,1.210965,-0.852507,0.511757,0.980074,-0.764117,1.053941,-0.649235,0.427146,1.358822,1.614625,1.072833,1.129374,0.712865,1.600162,0.665953,0.661704,1.878736,0.319601,0.798959,1.232126,1.580337,1.186048,1.828259,1.749016,1.343055,2.082413,1.503761,1.282406,2.035321,1.256083,1.296142,1.444739,1.664332,0.834567,1.479167,2.056376,1.100904,1.860877,1.993234,1.688489,1.917481,1.746359,1.610899,1.252055,1.646684,0.385247,0.914806,1.751340,-2.277338,0.852067,1.637436,-2.160073,0.811092,1.356990,-1.865071,1.131076,-1.307925,0.960663,1.222118,-0.432079,1.358868,1.592510,0.127516,-0.785280,1.329464,0.654683,1.465491,1.194400,1.248177,0.665162,1.796061,1.125998,-1.909853,1.677907,1.363351,-0.949341,2.106955,0.929155,-0.695929,1.488660,0.733165,-2.366596,2.005119,1.064435,-0.896251,1.607069,0.701453,-0.312744,1.593422,0.581491,-1.459591,2.186817,-0.158903,-0.013666,1.293959,-0.535107,0.859298,1.871808,-1.028373,0.214936,1.705382,-1.633824,1.747422,1.482902,-1.522087,1.272814,1.536341,-0.156777,-0.095494,1.844297,0.061199,1.438976,2.047804,0.751327,-1.110392,1.849690,0.532043,1.181628,1.907989,0.850567,-1.749010,1.770787,0.774293,-0.924178,1.724161,1.538590,-2.256732,1.649812,0.386994,0.641397,1.692974,-0.564211,-0.937013,1.627847,-0.258976,0.186926,1.692429,0.158637,1.377442,1.734964,1.085395,3.695316,1.662822,0.343810,-0.211443,1.652387,0.828985,1.796422,1.580234,0.763236,2.844943,1.600940,0.615564,2.208626,1.691474,0.996738,1.278106,1.726358,0.830558,1.141714,1.747661,0.297904,0.639888,1.698799,-0.650411,1.112699,1.346334,-0.516481,0.682381,1.780591,-0.404920,-0.229458,1.414153,-0.256160,-0.183337,1.870336,1.172009,-1.578000,1.369303,0.838109,-0.192700,1.820452,0.015050,0.462928,1.636277,0.793427,2.631739,1.786088,0.916613,-0.030406,1.717409,-0.067651,-0.193386,1.799152,0.107158,0.178611,1.639058,-0.133032,1.345576,1.332026,-0.737962,2.001264,1.984125,0.614143,1.106248,1.795723,1.476613,-2.210149,1.794198,1.484975,-0.268438,1.705538,1.259182,-1.616914,2.458889,0.424009,-1.365761,2.530410,-0.516962,2.201906,2.540601,-0.160038,-0.434173,1.926611,-0.063661,-1.492800,1.790796,0.029996,-1.132741,1.587368,-0.142439,0.685930,2.017827,-0.110193,2.511803,1.305712,-0.216729,2.238926,1.802083,1.027032,0.271903,1.782157,0.980816,0.167774,1.943202,0.802159,0.435227,2.407319,-0.202951,0.436511,1.852218,0.387630,0.946302,1.772555,0.400349,0.190670,1.754505,0.485468,0.566057,1.602596,1.104357,1.482872,1.788458,-0.603418,-0.615046
