# Normalized Keypoints for sign
-0.405383,0.946874,0.836434,-1.498585,0.614144,0.408907,-1.120365,0.011239,-0.287294,-1.527801,-0.284061,-1.794867,-0.937476,-0.615940,-3.092609,-1.695678,1.473850,1.045074,-0.917876,1.242390,2.216586,-0.194601,0.577973,-0.588936,-1.968243,-0.378020,0.185769,-1.770570,-0.676977,-0.390854,-0.134858,-0.134858,-0.134858,-0.134858,-0.134858,-0.134858,-0.134858,-0.134858,-0.134858,-0.134858,-0.134858,-0.134858,-0.134858,-0.134858,-0.134858,-0.160608,0.460469,0.107276,-0.378171,0.402830,0.638983,-0.491679,0.120476,0.431778,-0.304784,1.537857,1.283563,-0.134858,-0.134858,-0.134858,-0.134858,-0.134858,-0.134858,-0.134858,-0.134858,-0.134858,-0.134858,-0.134858,-0.134858,-0.134858,-0.134858,-0.134858,-0.134858,-0.134858,-0.134858,-0.229786,-0.229786,-0.229786,-0.229786,-0.229786,-0.229786,-0.229786,-0.229786,-0.229786,-0.229786,-0.229786,-0.229786,-0.229786,-0.229786,-0.229786,-0.229786,-0.229786,-0.229786,-0.229786,-0.229786,-0.229786,-0.229786,-0.229786,-0.229786,-0.229786,-0.229786,-0.229786,-0.229786,-0.229786,-0.229786,-0.229786,-0.229786,-0.229786,-0.229786,-0.229786,-0.229786,-0.229786,-0.229786,-0.229786,-0.229786,-0.229786,-0.229786,-0.229786,-0.229786,-0.229786,-0.229786,-0.229786,-0.229786,-0.229786,-0.229786,-0.229786,-0.229786,-0.229786,-0.229786,-0.229786,-0.229786,-0.229786,-0.229786,-0.229786,-0.229786,-0.229786,-0.229786,-0.229786,-0.722852,-0.637078,-0.039949,-0.670376,-0.868080,-0.039949,-0.489394,-1.075200,-0.039949,-0.408937,-1.307231,-0.039949,-0.389727,-1.479351,-0.039949,0.071022,-0.742879,-0.039949,0.363501,-0.584968,-0.039949,0.507655,-0.473794,-0.039949,0.613755,-0.405467,-0.039949,0.190453,-0.558176,-0.039949,0.304345,-0.263209,-0.039949,0.055356,-0.237823,-0.039949,-0.169526,-0.236387,-0.039949,0.231408,-0.373183,-0.039949,0.306746,-0.196091,-0.039949,0.132620,-0.199782,-0.039949,-0.085633,-0.201376,-0.039949,0.230016,-0.214510,-0.039949,0.318187,-0.072686,-0.039949,0.249625,-0.041258,-0.039949,0.108779,-0.037436,-0.039949,-0.595617,-0.116298,1.019857,-0.593883,-0.094394,1.019857,-0.608013,-0.072840,1.019857,-0.507531,0.058339,1.019857,-0.580631,0.051065,1.019857,-0.510576,0.180956,1.019857,-0.410657,0.250075,1.019857,-0.201872,0.236905,1.019857,-0.080339,0.183439,1.019857,0.017524,-0.036261,1.019857,0.036444,-0.307624,1.019857,-0.094359,-0.430596,1.019857,-0.214855,-0.668164,1.019857,-0.266499,-0.791698,1.019857,-0.585165,-0.965785,1.019857,-0.711558,-0.990644,1.019857,-0.640679,-0.999164,1.019857,-0.526249,-0.328696,1.019857,-0.544710,-0.430826,1.019857,-0.556739,-0.530911,1.019857,-0.521723,-0.606108,1.019857,-0.409010,-0.564725,1.019857,-0.316433,-0.757239,1.019857,-0.343027,-0.782527,1.019857,-0.335001,-0.865967,1.019857,-0.388113,-0.897641,1.019857,-0.557447,-0.973778,1.019857,-0.273016,-0.447111,1.019857,-0.134858,-0.134858,-0.134858,-0.111774,-0.430388,1.019857,-0.063349,-0.438518,1.019857,-0.163129,-0.331562,1.019857,-0.134858,-0.134858,-0.134858,-0.085730,-0.283004,1.019857,-0.066516,-0.353833,1.019857,-0.060697,-0.569723,1.019857,-0.134858,-0.134858,-0.134858,-0.134858,-0.134858,-0.134858,-0.134858,-0.134858,-0.134858,-0.134858,-0.134858,-0.134858,-0.134858,-0.134858,-0.134858,-0.404324,-0.115958,1.019857,-0.134858,-0.134858,-0.134858,-0.372115,-0.506810,1.019857,-0.419407,-0.445627,1.019857,-0.134858,-0.134858,-0.134858,-0.393147,-0.673895,1.019857,-0.134858,-0.134858,-0.134858,0.050411,-0.034115,1.019857,-0.134858,-0.134858,-0.134858,-0.134858,-0.134858,-0.134858,-0.134858,-0.134858,-0.134858,-0.134858,-0.134858,-0.134858,-0.134858,-0.134858,-0.134858,-0.180393,-0.393557,1.019857,-0.064840,-0.209447,1.019857,-0.029672,-0.096605,1.019857,-0.029672,-0.096605,1.019857,0.001529,-0.081743,1.019857,0.026655,-0.080841,1.019857,0.050411,-0.034115,1.019857,-0.134858,-0.134858,-0.134858,-0.134858,-0.134858,-0.134858,-0.134858,-0.134858,-0.134858,-0.134858,-0.134858,-0.134858,-0.134858,-0.134858,-0.134858,-0.134858,-0.134858,-0.134858,-0.134858,-0.134858,-0.134858,-0.377731,-0.084412,1.019857,-0.385103,-0.612196,1.019857
-0.405383,0.946874,0.836434,-1.498585,0.614144,0.408907,-1.120365,0.011239,-0.287294,-1.527801,-0.284061,-1.794867,-0.937476,-0.615940,-3.092609,-1.695678,1.473850,1.045074,-0.917876,1.242390,2.216586,-0.194601,0.577973,-0.588936,-1.968243,-0.378020,0.185769,-1.770570,-0.676977,-0.390854,-0.134858,-0.134858,-0.134858,-0.134858,-0.134858,-0.134858,-0.134858,-0.134858,-0.134858,-0.134858,-0.134858,-0.134858,-0.134858,-0.134858,-0.134858,-0.160608,0.460469,0.107276,-0.378171,0.402830,0.638983,-0.491679,0.120476,0.431778,-0.304784,1.537857,1.283563,-0.134858,-0.134858,-0.134858,-0.134858,-0.134858,-0.134858,-0.134858,-0.134858,-0.134858,-0.134858,-0.134858,-0.134858,-0.134858,-0.134858,-0.134858,-0.134858,-0.134858,-0.134858,-0.229786,-0.229786,-0.229786,-0.229786,-0.229786,-0.229786,-0.229786,-0.229786,-0.229786,-0.229786,-0.229786,-0.229786,-0.229786,-0.229786,-0.229786,-0.229786,-0.229786,-0.229786,-0.229786,-0.229786,-0.229786,-0.229786,-0.229786,-0.229786,-0.229786,-0.229786,-0.229786,-0.229786,-0.229786,-0.229786,-0.229786,-0.229786,-0.229786,-0.229786,-0.229786,-0.229786,-0.229786,-0.229786,-0.229786,-0.229786,-0.229786,-0.229786,-0.229786,-0.229786,-0.229786,-0.229786,-0.229786,-0.229786,-0.229786,-0.229786,-0.229786,-0.229786,-0.229786,-0.229786,-0.229786,-0.229786,-0.229786,-0.229786,-0.229786,-0.229786,-0.229786,-0.229786,-0.229786,-0.722852,-0.637078,-0.039949,-0.670376,-0.868080,-0.039949,-0.489394,-1.075200,-0.039949,-0.408937,-1.307231,-0.039949,-0.389727,-1.479351,-0.039949,0.071022,-0.742879,-0.039949,0.363501,-0.584968,-0.039949,0.507655,-0.473794,-0.039949,0.613755,-0.405467,-0.039949,0.190453,-0.558176,-0.039949,0.304345,-0.263209,-0.039949,0.055356,-0.237823,-0.039949,-0.169526,-0.236387,-0.039949,0.231408,-0.373183,-0.039949,0.306746,-0.196091,-0.039949,0.132620,-0.199782,-0.039949,-0.085633,-0.201376,-0.039949,0.230016,-0.214510,-0.039949,0.318187,-0.072686,-0.039949,0.249625,-0.041258,-0.039949,0.108779,-0.037436,-0.039949,-0.595617,-0.116298,1.019857,-0.593883,-0.094394,1.019857,-0.608013,-0.072840,1.019857,-0.507531,0.058339,1.019857,-0.580631,0.051065,1.019857,-0.510576,0.180956,1.019857,-0.410657,0.250075,1.019857,-0.201872,0.236905,1.019857,-0.080339,0.183439,1.019857,0.017524,-0.036261,1.019857,0.036444,-0.307624,1.019857,-0.094359,-0.430596,1.019857,-0.214855,-0.668164,1.019857,-0.266499,-0.791698,1.019857,-0.585165,-0.965785,1.019857,-0.711558,-0.990644,1.019857,-0.640679,-0.999164,1.019857,-0.526249,-0.328696,1.019857,-0.544710,-0.430826,1.019857,-0.556739,-0.530911,1.019857,-0.521723,-0.606108,1.019857,-0.409010,-0.564725,1.019857,-0.316433,-0.757239,1.019857,-0.343027,-0.782527,1.019857,-0.335001,-0.865967,1.019857,-0.388113,-0.897641,1.019857,-0.557447,-0.973778,1.019857,-0.273016,-0.447111,1.019857,-0.134858,-0.134858,-0.134858,-0.111774,-0.430388,1.019857,-0.063349,-0.438518,1.019857,-0.163129,-0.331562,1.019857,-0.134858,-0.134858,-0.134858,-0.085730,-0.283004,1.019857,-0.066516,-0.353833,1.019857,-0.060697,-0.569723,1.019857,-0.134858,-0.134858,-0.134858,-0.134858,-0.134858,-0.134858,-0.134858,-0.134858,-0.134858,-0.134858,-0.134858,-0.134858,-0.134858,-0.134858,-0.134858,-0.404324,-0.115958,1.019857,-0.134858,-0.134858,-0.134858,-0.372115,-0.506810,1.019857,-0.419407,-0.445627,1.019857,-0.134858,-0.134858,-0.134858,-0.393147,-0.673895,1.019857,-0.134858,-0.134858,-0.134858,0.050411,-0.034115,1.019857,-0.134858,-0.134858,-0.134858,-0.134858,-0.134858,-0.134858,-0.134858,-0.134858,-0.134858,-0.134858,-0.134858,-0.134858,-0.134858,-0.134858,-0.134858,-0.180393,-0.393557,1.019857,-0.064840,-0.209447,1.019857,-0.029672,-0.096605,1.019857,-0.029672,-0.096605,1.019857,0.001529,-0.081743,1.019857,0.026655,-0.080841,1.019857,0.050411,-0.034115,1.019857,-0.134858,-0.134858,-0.134858,-0.134858,-0.134858,-0.134858,-0.134858,-0.134858,-0.134858,-0.134858,-0.134858,-0.134858,-0.134858,-0.134858,-0.134858,-0.134858,-0.134858,-0.134858,-0.134858,-0.134858,-0.134858,-0.377731,-0.084412,1.019857,-0.385103,-0.612196,1.019857
-0.291054,0.990392,0.448330,-1.718239,0.705159,0.432970,-1.325130,0.215995,-0.258953,-1.540524,-0.264260,-1.565646,-0.979811,-0.631519,-2.684765,-1.755051,1.130479,1.033269,-0.613056,0.829028,2.099186,0.056616,0.536605,-0.406946,-1.717085,-0.241186,0.139626,-1.682553,-0.416163,-0.415481,-0.134858,-0.134858,-0.134858,-0.134858,-0.134858,-0.134858,-0.134858,-0.134858,-0.134858,-0.134858,-0.134858,-0.134858,-0.134858,-0.134858,-0.134858,-0.113383,0.433424,-0.515862,-0.322093,0.574844,0.127344,-0.764986,0.120823,0.091274,-0.363721,1.532558,1.008853,-0.134858,-0.134858,-0.134858,-0.134858,-0.134858,-0.134858,-0.134858,-0.134858,-0.134858,-0.134858,-0.134858,-0.134858,-0.134858,-0.134858,-0.134858,-0.134858,-0.134858,-0.134858,-0.229786,-0.229786,-0.229786,-0.229786,-0.229786,-0.229786,-0.229786,-0.229786,-0.229786,-0.229786,-0.229786,-0.229786,-0.229786,-0.229786,-0.229786,-0.229786,-0.229786,-0.229786,-0.229786,-0.229786,-0.229786,-0.229786,-0.229786,-0.229786,-0.229786,-0.229786,-0.229786,-0.229786,-0.229786,-0.229786,-0.229786,-0.229786,-0.229786,-0.229786,-0.229786,-0.229786,-0.229786,-0.229786,-0.229786,-0.229786,-0.229786,-0.229786,-0.229786,-0.229786,-0.229786,-0.229786,-0.229786,-0.229786,-0.229786,-0.229786,-0.229786,-0.229786,-0.229786,-0.229786,-0.229786,-0.229786,-0.229786,-0.229786,-0.229786,-0.229786,-0.229786,-0.229786,-0.229786,-0.624804,-0.708182,-0.039949,-0.640685,-0.964965,-0.039949,-0.508334,-1.212876,-0.039949,-0.421559,-1.430205,-0.039949,-0.329035,-1.504555,-0.039949,0.076972,-0.863596,-0.039949,0.376125,-0.749278,-0.039949,0.525721,-0.629497,-0.039949,0.627134,-0.544265,-0.039949,0.214910,-0.656633,-0.039949,0.332331,-0.463407,-0.039949,0.075905,-0.424942,-0.039949,-0.163324,-0.394243,-0.039949,0.277557,-0.470237,-0.039949,0.386465,-0.462784,-0.039949,0.213337,-0.501317,-0.039949,-0.014557,-0.463875,-0.039949,0.303245,-0.319418,-0.039949,0.438155,-0.368602,-0.039949,0.385601,-0.363670,-0.039949,0.238589,-0.324355,-0.039949,-0.247233,-0.473254,1.019857,-0.213978,-0.423042,1.019857,-0.203292,-0.382162,1.019857,-0.108738,-0.203500,1.019857,-0.138065,-0.192010,1.019857,-0.197971,0.017310,1.019857,-0.290984,0.194915,1.019857,-0.164163,0.297820,1.019857,0.001774,0.296824,1.019857,0.293361,0.144652,1.019857,0.498800,-0.093741,1.019857,0.300626,-0.204541,1.019857,0.161320,-0.472213,1.019857,0.155706,-0.632173,1.019857,0.159244,-0.895659,1.019857,0.049598,-0.962299,1.019857,-0.047626,-1.001221,1.019857,-0.387633,-0.623870,1.019857,-0.444553,-0.661147,1.019857,-0.482965,-0.725728,1.019857,-0.479555,-0.785449,1.019857,-0.375190,-0.791627,1.019857,-0.350544,-0.868122,1.019857,-0.367557,-0.886733,1.019857,-0.316328,-0.907587,1.019857,-0.295061,-0.890608,1.019857,-0.248992,-0.957099,1.019857,-0.364360,-0.644766,1.019857,-0.134858,-0.134858,-0.134858,-0.339113,-0.534739,1.019857,-0.321226,-0.519107,1.019857,-0.188759,-0.376956,1.019857,-0.134858,-0.134858,-0.134858,-0.165007,-0.333404,1.019857,-0.191346,-0.392634,1.019857,-0.205578,-0.511332,1.019857,-0.134858,-0.134858,-0.134858,-0.134858,-0.134858,-0.134858,-0.134858,-0.134858,-0.134858,-0.134858,-0.134858,-0.134858,-0.134858,-0.134858,-0.134858,-0.292730,-0.475738,1.019857,-0.134858,-0.134858,-0.134858,-0.262047,-0.661346,1.019857,-0.270751,-0.512799,1.019857,-0.134858,-0.134858,-0.134858,-0.260153,-0.754655,1.019857,-0.134858,-0.134858,-0.134858,0.269612,0.010889,1.019857,-0.134858,-0.134858,-0.134858,-0.134858,-0.134858,-0.134858,-0.134858,-0.134858,-0.134858,-0.134858,-0.134858,-0.134858,-0.134858,-0.134858,-0.134858,-0.060786,-0.158109,1.019857,-0.045207,-0.080025,1.019857,-0.008457,-0.028127,1.019857,-0.008457,-0.028127,1.019857,0.113403,-0.056414,1.019857,0.188014,-0.049150,1.019857,0.269612,0.010889,1.019857,-0.134858,-0.134858,-0.134858,-0.134858,-0.134858,-0.134858,-0.134858,-0.134858,-0.134858,-0.134858,-0.134858,-0.134858,-0.134858,-0.134858,-0.134858,-0.134858,-0.134858,-0.134858,-0.134858,-0.134858,-0.134858,-0.293328,-0.499244,1.019857,-0.286492,-0.768635,1.019857
-0.291054,0.990392,0.448330,-1.718239,0.705159,0.432970,-1.325130,0.215995,-0.258953,-1.540524,-0.264260,-1.565646,-0.979811,-0.631519,-2.684765,-1.755051,1.130479,1.033269,-0.613056,0.829028,2.099186,0.056616,0.536605,-0.406946,-1.717085,-0.241186,0.139626,-1.682553,-0.416163,-0.415481,-0.134858,-0.134858,-0.134858,-0.134858,-0.134858,-0.134858,-0.134858,-0.134858,-0.134858,-0.134858,-0.134858,-0.134858,-0.134858,-0.134858,-0.134858,-0.113383,0.433424,-0.515862,-0.322093,0.574844,0.127344,-0.764986,0.120823,0.091274,-0.363721,1.532558,1.008853,-0.134858,-0.134858,-0.134858,-0.134858,-0.134858,-0.134858,-0.134858,-0.134858,-0.134858,-0.134858,-0.134858,-0.134858,-0.134858,-0.134858,-0.134858,-0.134858,-0.134858,-0.134858,-0.229786,-0.229786,-0.229786,-0.229786,-0.229786,-0.229786,-0.229786,-0.229786,-0.229786,-0.229786,-0.229786,-0.229786,-0.229786,-0.229786,-0.229786,-0.229786,-0.229786,-0.229786,-0.229786,-0.229786,-0.229786,-0.229786,-0.229786,-0.229786,-0.229786,-0.229786,-0.229786,-0.229786,-0.229786,-0.229786,-0.229786,-0.229786,-0.229786,-0.229786,-0.229786,-0.229786,-0.229786,-0.229786,-0.229786,-0.229786,-0.229786,-0.229786,-0.229786,-0.229786,-0.229786,-0.229786,-0.229786,-0.229786,-0.229786,-0.229786,-0.229786,-0.229786,-0.229786,-0.229786,-0.229786,-0.229786,-0.229786,-0.229786,-0.229786,-0.229786,-0.229786,-0.229786,-0.229786,-0.624804,-0.708182,-0.039949,-0.640685,-0.964965,-0.039949,-0.508334,-1.212876,-0.039949,-0.421559,-1.430205,-0.039949,-0.329035,-1.504555,-0.039949,0.076972,-0.863596,-0.039949,0.376125,-0.749278,-0.039949,0.525721,-0.629497,-0.039949,0.627134,-0.544265,-0.039949,0.214910,-0.656633,-0.039949,0.332331,-0.463407,-0.039949,0.075905,-0.424942,-0.039949,-0.163324,-0.394243,-0.039949,0.277557,-0.470237,-0.039949,0.386465,-0.462784,-0.039949,0.213337,-0.501317,-0.039949,-0.014557,-0.463875,-0.039949,0.303245,-0.319418,-0.039949,0.438155,-0.368602,-0.039949,0.385601,-0.363670,-0.039949,0.238589,-0.324355,-0.039949,-0.247233,-0.473254,1.019857,-0.213978,-0.423042,1.019857,-0.203292,-0.382162,1.019857,-0.108738,-0.203500,1.019857,-0.138065,-0.192010,1.019857,-0.197971,0.017310,1.019857,-0.290984,0.194915,1.019857,-0.164163,0.297820,1.019857,0.001774,0.296824,1.019857,0.293361,0.144652,1.019857,0.498800,-0.093741,1.019857,0.300626,-0.204541,1.019857,0.161320,-0.472213,1.019857,0.155706,-0.632173,1.019857,0.159244,-0.895659,1.019857,0.049598,-0.962299,1.019857,-0.047626,-1.001221,1.019857,-0.387633,-0.623870,1.019857,-0.444553,-0.661147,1.019857,-0.482965,-0.725728,1.019857,-0.479555,-0.785449,1.019857,-0.375190,-0.791627,1.019857,-0.350544,-0.868122,1.019857,-0.367557,-0.886733,1.019857,-0.316328,-0.907587,1.019857,-0.295061,-0.890608,1.019857,-0.248992,-0.957099,1.019857,-0.364360,-0.644766,1.019857,-0.134858,-0.134858,-0.134858,-0.339113,-0.534739,1.019857,-0.321226,-0.519107,1.019857,-0.188759,-0.376956,1.019857,-0.134858,-0.134858,-0.134858,-0.165007,-0.333404,1.019857,-0.191346,-0.392634,1.019857,-0.205578,-0.511332,1.019857,-0.134858,-0.134858,-0.134858,-0.134858,-0.134858,-0.134858,-0.134858,-0.134858,-0.134858,-0.134858,-0.134858,-0.134858,-0.134858,-0.134858,-0.134858,-0.292730,-0.475738,1.019857,-0.134858,-0.134858,-0.134858,-0.262047,-0.661346,1.019857,-0.270751,-0.512799,1.019857,-0.134858,-0.134858,-0.134858,-0.260153,-0.754655,1.019857,-0.134858,-0.134858,-0.134858,0.269612,0.010889,1.019857,-0.134858,-0.134858,-0.134858,-0.134858,-0.134858,-0.134858,-0.134858,-0.134858,-0.134858,-0.134858,-0.134858,-0.134858,-0.134858,-0.134858,-0.134858,-0.060786,-0.158109,1.019857,-0.045207,-0.080025,1.019857,-0.008457,-0.028127,1.019857,-0.008457,-0.028127,1.019857,0.113403,-0.056414,1.019857,0.188014,-0.049150,1.019857,0.269612,0.010889,1.019857,-0.134858,-0.134858,-0.134858,-0.134858,-0.134858,-0.134858,-0.134858,-0.134858,-0.134858,-0.134858,-0.134858,-0.134858,-0.134858,-0.134858,-0.134858,-0.134858,-0.134858,-0.134858,-0.134858,-0.134858,-0.134858,-0.293328,-0.499244,1.019857,-0.286492,-0.768635,1.019857
-0.188741,0.999733,0.294405,-1.828200,0.639836,0.543032,-1.435424,0.279707,-0.129324,-1.516886,-0.256174,-1.373402,-0.923284,-0.700451,-2.303077,-1.752265,0.769871,1.065809,-0.542716,0.334728,1.984120,0.315643,0.496852,-0.217629,-1.486881,-0.254958,0.029537,-1.624415,-0.378087,-0.465363,-0.134858,-0.134858,-0.134858,-0.134858,-0.134858,-0.134858,-0.134858,-0.134858,-0.134858,-0.134858,-0.134858,-0.134858,-0.134858,-0.134858,-0.134858,-0.018004,0.220585,-0.712150,-0.286642,0.583595,-0.101821,-0.835008,0.017856,0.020499,-0.360664,1.494726,0.859134,-0.134858,-0.134858,-0.134858,-0.134858,-0.134858,-0.134858,-0.134858,-0.134858,-0.134858,-0.134858,-0.134858,-0.134858,-0.134858,-0.134858,-0.134858,-0.134858,-0.134858,-0.134858,-0.229786,-0.229786,-0.229786,-0.229786,-0.229786,-0.229786,-0.229786,-0.229786,-0.229786,-0.229786,-0.229786,-0.229786,-0.229786,-0.229786,-0.229786,-0.229786,-0.229786,-0.229786,-0.229786,-0.229786,-0.229786,-0.229786,-0.229786,-0.229786,-0.229786,-0.229786,-0.229786,-0.229786,-0.229786,-0.229786,-0.229786,-0.229786,-0.229786,-0.229786,-0.229786,-0.229786,-0.229786,-0.229786,-0.229786,-0.229786,-0.229786,-0.229786,-0.229786,-0.229786,-0.229786,-0.229786,-0.229786,-0.229786,-0.229786,-0.229786,-0.229786,-0.229786,-0.229786,-0.229786,-0.229786,-0.229786,-0.229786,-0.229786,-0.229786,-0.229786,-0.229786,-0.229786,-0.229786,-0.598344,-0.736280,-0.039949,-0.660720,-1.001803,-0.039949,-0.555964,-1.299214,-0.039949,-0.443046,-1.548447,-0.039949,-0.373478,-1.668923,-0.039949,0.037707,-0.921357,-0.039949,0.348257,-0.843515,-0.039949,0.507249,-0.723561,-0.039949,0.612294,-0.642706,-0.039949,0.203260,-0.721800,-0.039949,0.349906,-0.554760,-0.039949,0.103991,-0.502814,-0.039949,-0.138312,-0.464550,-0.039949,0.286513,-0.551520,-0.039949,0.412943,-0.567282,-0.039949,0.268599,-0.631530,-0.039949,0.055306,-0.613303,-0.039949,0.333603,-0.417338,-0.039949,0.512249,-0.471826,-0.039949,0.514550,-0.525608,-0.039949,0.401498,-0.548643,-0.039949,-0.373061,-0.484529,1.019857,-0.284357,-0.485952,1.019857,-0.182004,-0.491081,1.019857,0.214661,-0.301885,1.019857,0.088393,-0.419022,1.019857,0.240081,-0.235988,1.019857,0.277766,-0.105835,1.019857,0.425642,-0.067042,1.019857,0.513343,-0.124563,1.019857,0.484322,-0.393785,1.019857,0.195325,-0.764664,1.019857,0.080173,-0.760913,1.019857,-0.582341,-1.100985,1.019857,-0.790371,-1.258485,1.019857,-1.019637,-1.495333,1.019857,-1.037515,-1.486667,1.019857,-0.844906,-1.331587,1.019857,-0.349085,-0.410521,1.019857,-0.363304,-0.437660,1.019857,-0.387521,-0.504954,1.019857,-0.370258,-0.563674,1.019857,-0.272305,-0.621855,1.019857,-0.299348,-0.679933,1.019857,-0.325923,-0.680407,1.019857,-0.348433,-0.725013,1.019857,-0.417655,-0.737948,1.019857,-0.636513,-0.956222,1.019857,-0.170937,-0.475142,1.019857,-0.134858,-0.134858,-0.134858,0.018187,-0.328086,1.019857,0.094043,-0.311658,1.019857,0.193866,-0.241559,1.019857,-0.134858,-0.134858,-0.134858,0.265214,-0.255164,1.019857,0.221073,-0.336777,1.019857,0.034760,-0.521649,1.019857,-0.134858,-0.134858,-0.134858,-0.134858,-0.134858,-0.134858,-0.134858,-0.134858,-0.134858,-0.134858,-0.134858,-0.134858,-0.134858,-0.134858,-0.134858,-0.131658,-0.324599,1.019857,-0.134858,-0.134858,-0.134858,-0.381933,-0.722425,1.019857,-0.425703,-0.657088,1.019857,-0.134858,-0.134858,-0.134858,-0.450834,-0.847501,1.019857,-0.134858,-0.134858,-0.134858,0.774700,0.031909,1.019857,-0.134858,-0.134858,-0.134858,-0.134858,-0.134858,-0.134858,-0.134858,-0.134858,-0.134858,-0.134858,-0.134858,-0.134858,-0.134858,-0.134858,-0.134858,0.070021,-0.406673,1.019857,0.327509,-0.198017,1.019857,0.484552,-0.175785,1.019857,0.484552,-0.175785,1.019857,0.650195,-0.118347,1.019857,0.719465,-0.074684,1.019857,0.774700,0.031909,1.019857,-0.134858,-0.134858,-0.134858,-0.134858,-0.134858,-0.134858,-0.134858,-0.134858,-0.134858,-0.134858,-0.134858,-0.134858,-0.134858,-0.134858,-0.134858,-0.134858,-0.134858,-0.134858,-0.134858,-0.134858,-0.134858,-0.139596,-0.335849,1.019857,-0.428320,-0.805427,1.019857
-0.189426,0.982321,0.079451,-1.910717,0.638436,0.622625,-1.485123,0.328456,-0.035581,-1.495061,-0.258150,-1.133886,-0.921740,-0.722079,-1.954704,-1.888133,0.625607,1.047496,-0.631442,0.318636,1.817759,0.366395,0.472208,-0.096866,-1.224253,-0.259435,-0.067425,-1.437174,-0.350577,-0.506668,-0.134858,-0.134858,-0.134858,-0.134858,-0.134858,-0.134858,-0.134858,-0.134858,-0.134858,-0.134858,-0.134858,-0.134858,-0.134858,-0.134858,-0.134858,0.017871,-0.040203,-0.935589,-0.291100,0.572798,-0.398829,-0.849412,-0.258963,-0.070332,-0.362504,1.447687,0.661487,-0.134858,-0.134858,-0.134858,-0.134858,-0.134858,-0.134858,-0.134858,-0.134858,-0.134858,-0.134858,-0.134858,-0.134858,-0.134858,-0.134858,-0.134858,-0.134858,-0.134858,-0.134858,-0.229786,-0.229786,-0.229786,-0.229786,-0.229786,-0.229786,-0.229786,-0.229786,-0.229786,-0.229786,-0.229786,-0.229786,-0.229786,-0.229786,-0.229786,-0.229786,-0.229786,-0.229786,-0.229786,-0.229786,-0.229786,-0.229786,-0.229786,-0.229786,-0.229786,-0.229786,-0.229786,-0.229786,-0.229786,-0.229786,-0.229786,-0.229786,-0.229786,-0.229786,-0.229786,-0.229786,-0.229786,-0.229786,-0.229786,-0.229786,-0.229786,-0.229786,-0.229786,-0.229786,-0.229786,-0.229786,-0.229786,-0.229786,-0.229786,-0.229786,-0.229786,-0.229786,-0.229786,-0.229786,-0.229786,-0.229786,-0.229786,-0.229786,-0.229786,-0.229786,-0.229786,-0.229786,-0.229786,-0.635294,-0.770549,-0.039949,-0.684632,-1.019324,-0.039949,-0.577895,-1.329016,-0.039949,-0.505459,-1.638886,-0.039949,-0.439859,-1.846790,-0.039949,0.008569,-0.976131,-0.039949,0.316965,-0.873567,-0.039949,0.487212,-0.746183,-0.039949,0.604387,-0.659156,-0.039949,0.180075,-0.801820,-0.039949,0.310491,-0.558943,-0.039949,0.053583,-0.481547,-0.039949,-0.187959,-0.447620,-0.039949,0.267799,-0.631355,-0.039949,0.363169,-0.542004,-0.039949,0.193651,-0.550976,-0.039949,-0.025870,-0.525868,-0.039949,0.311062,-0.480285,-0.039949,0.437414,-0.440960,-0.039949,0.398322,-0.428679,-0.039949,0.269993,-0.419290,-0.039949,-0.531432,-0.881784,1.019857,-0.487055,-0.794632,1.019857,-0.409806,-0.706439,1.019857,0.023854,-0.319315,1.019857,-0.135569,-0.458531,1.019857,0.103226,-0.206096,1.019857,0.152106,-0.095608,1.019857,0.230973,-0.034029,1.019857,0.298107,-0.041241,1.019857,0.283894,-0.170051,1.019857,0.130646,-0.327962,1.019857,0.097993,-0.269333,1.019857,-0.274496,-0.449796,1.019857,-0.285680,-0.597167,1.019857,-0.200151,-0.978015,1.019857,-0.149229,-1.055824,1.019857,-0.013744,-0.916733,1.019857,-0.321659,-0.812325,1.019857,-0.271710,-0.796600,1.019857,-0.253553,-0.831788,1.019857,-0.206879,-0.833191,1.019857,-0.119621,-0.759010,1.019857,-0.026739,-0.699155,1.019857,-0.031270,-0.747378,1.019857,-0.000769,-0.679713,1.019857,-0.007067,-0.602825,1.019857,-0.022880,-0.677872,1.019857,-0.035987,-0.329274,1.019857,-0.134858,-0.134858,-0.134858,0.081267,-0.007637,1.019857,0.123515,0.060214,1.019857,0.244465,0.127988,1.019857,-0.134858,-0.134858,-0.134858,0.289830,0.060902,1.019857,0.228456,-0.009329,1.019857,0.034753,-0.001531,1.019857,-0.134858,-0.134858,-0.134858,-0.134858,-0.134858,-0.134858,-0.134858,-0.134858,-0.134858,-0.134858,-0.134858,-0.134858,-0.134858,-0.134858,-0.134858,-0.158635,-0.501487,1.019857,-0.134858,-0.134858,-0.134858,-0.059839,-0.550217,1.019857,-0.032868,-0.496891,1.019857,-0.134858,-0.134858,-0.134858,-0.036807,-0.493790,1.019857,-0.134858,-0.134858,-0.134858,0.841392,0.320591,1.019857,-0.134858,-0.134858,-0.134858,-0.134858,-0.134858,-0.134858,-0.134858,-0.134858,-0.134858,-0.134858,-0.134858,-0.134858,-0.134858,-0.134858,-0.134858,0.096548,0.123795,1.019857,0.332750,0.262854,1.019857,0.425759,0.155977,1.019857,0.425759,0.155977,1.019857,0.622076,0.185001,1.019857,0.722687,0.221291,1.019857,0.841392,0.320591,1.019857,-0.134858,-0.134858,-0.134858,-0.134858,-0.134858,-0.134858,-0.134858,-0.134858,-0.134858,-0.134858,-0.134858,-0.134858,-0.134858,-0.134858,-0.134858,-0.134858,-0.134858,-0.134858,-0.134858,-0.134858,-0.134858,-0.143259,-0.515904,1.019857,-0.047973,-0.487081,1.019857
-0.189426,0.982321,0.079451,-1.910717,0.638436,0.622625,-1.485123,0.328456,-0.035581,-1.495061,-0.258150,-1.133886,-0.921740,-0.722079,-1.954704,-1.888133,0.625607,1.047496,-0.631442,0.318636,1.817759,0.366395,0.472208,-0.096866,-1.224253,-0.259435,-0.067425,-1.437174,-0.350577,-0.506668,-0.134858,-0.134858,-0.134858,-0.134858,-0.134858,-0.134858,-0.134858,-0.134858,-0.134858,-0.134858,-0.134858,-0.134858,-0.134858,-0.134858,-0.134858,0.017871,-0.040203,-0.935589,-0.291100,0.572798,-0.398829,-0.849412,-0.258963,-0.070332,-0.362504,1.447687,0.661487,-0.134858,-0.134858,-0.134858,-0.134858,-0.134858,-0.134858,-0.134858,-0.134858,-0.134858,-0.134858,-0.134858,-0.134858,-0.134858,-0.134858,-0.134858,-0.134858,-0.134858,-0.134858,-0.229786,-0.229786,-0.229786,-0.229786,-0.229786,-0.229786,-0.229786,-0.229786,-0.229786,-0.229786,-0.229786,-0.229786,-0.229786,-0.229786,-0.229786,-0.229786,-0.229786,-0.229786,-0.229786,-0.229786,-0.229786,-0.229786,-0.229786,-0.229786,-0.229786,-0.229786,-0.229786,-0.229786,-0.229786,-0.229786,-0.229786,-0.229786,-0.229786,-0.229786,-0.229786,-0.229786,-0.229786,-0.229786,-0.229786,-0.229786,-0.229786,-0.229786,-0.229786,-0.229786,-0.229786,-0.229786,-0.229786,-0.229786,-0.229786,-0.229786,-0.229786,-0.229786,-0.229786,-0.229786,-0.229786,-0.229786,-0.229786,-0.229786,-0.229786,-0.229786,-0.229786,-0.229786,-0.229786,-0.635294,-0.770549,-0.039949,-0.684632,-1.019324,-0.039949,-0.577895,-1.329016,-0.039949,-0.505459,-1.638886,-0.039949,-0.439859,-1.846790,-0.039949,0.008569,-0.976131,-0.039949,0.316965,-0.873567,-0.039949,0.487212,-0.746183,-0.039949,0.604387,-0.659156,-0.039949,0.180075,-0.801820,-0.039949,0.310491,-0.558943,-0.039949,0.053583,-0.481547,-0.039949,-0.187959,-0.447620,-0.039949,0.267799,-0.631355,-0.039949,0.363169,-0.542004,-0.039949,0.193651,-0.550976,-0.039949,-0.025870,-0.525868,-0.039949,0.311062,-0.480285,-0.039949,0.437414,-0.440960,-0.039949,0.398322,-0.428679,-0.039949,0.269993,-0.419290,-0.039949,-0.531432,-0.881784,1.019857,-0.487055,-0.794632,1.019857,-0.409806,-0.706439,1.019857,0.023854,-0.319315,1.019857,-0.135569,-0.458531,1.019857,0.103226,-0.206096,1.019857,0.152106,-0.095608,1.019857,0.230973,-0.034029,1.019857,0.298107,-0.041241,1.019857,0.283894,-0.170051,1.019857,0.130646,-0.327962,1.019857,0.097993,-0.269333,1.019857,-0.274496,-0.449796,1.019857,-0.285680,-0.597167,1.019857,-0.200151,-0.978015,1.019857,-0.149229,-1.055824,1.019857,-0.013744,-0.916733,1.019857,-0.321659,-0.812325,1.019857,-0.271710,-0.796600,1.019857,-0.253553,-0.831788,1.019857,-0.206879,-0.833191,1.019857,-0.119621,-0.759010,1.019857,-0.026739,-0.699155,1.019857,-0.031270,-0.747378,1.019857,-0.000769,-0.679713,1.019857,-0.007067,-0.602825,1.019857,-0.022880,-0.677872,1.019857,-0.035987,-0.329274,1.019857,-0.134858,-0.134858,-0.134858,0.081267,-0.007637,1.019857,0.123515,0.060214,1.019857,0.244465,0.127988,1.019857,-0.134858,-0.134858,-0.134858,0.289830,0.060902,1.019857,0.228456,-0.009329,1.019857,0.034753,-0.001531,1.019857,-0.134858,-0.134858,-0.134858,-0.134858,-0.134858,-0.134858,-0.134858,-0.134858,-0.134858,-0.134858,-0.134858,-0.134858,-0.134858,-0.134858,-0.134858,-0.158635,-0.501487,1.019857,-0.134858,-0.134858,-0.134858,-0.059839,-0.550217,1.019857,-0.032868,-0.496891,1.019857,-0.134858,-0.134858,-0.134858,-0.036807,-0.493790,1.019857,-0.134858,-0.134858,-0.134858,0.841392,0.320591,1.019857,-0.134858,-0.134858,-0.134858,-0.134858,-0.134858,-0.134858,-0.134858,-0.134858,-0.134858,-0.134858,-0.134858,-0.134858,-0.134858,-0.134858,-0.134858,0.096548,0.123795,1.019857,0.332750,0.262854,1.019857,0.425759,0.155977,1.019857,0.425759,0.155977,1.019857,0.622076,0.185001,1.019857,0.722687,0.221291,1.019857,0.841392,0.320591,1.019857,-0.134858,-0.134858,-0.134858,-0.134858,-0.134858,-0.134858,-0.134858,-0.134858,-0.134858,-0.134858,-0.134858,-0.134858,-0.134858,-0.134858,-0.134858,-0.134858,-0.134858,-0.134858,-0.134858,-0.134858,-0.134858,-0.143259,-0.515904,1.019857,-0.047973,-0.487081,1.019857
-0.191745,0.900667,-0.053443,-1.864413,0.520330,0.735820,-1.433199,0.208947,0.097738,-1.469039,-0.300985,-0.937008,-0.902179,-0.737158,-1.636079,-1.912168,0.649909,1.081398,-0.539444,0.298587,1.715459,0.486187,0.461373,0.079191,-1.212433,-0.269315,-0.141716,-1.419726,-0.360833,-0.532211,-0.134858,-0.134858,-0.134858,-0.134858,-0.134858,-0.134858,-0.134858,-0.134858,-0.134858,-0.134858,-0.134858,-0.134858,-0.134858,-0.134858,-0.134858,0.113601,-0.080775,-1.075350,-0.290901,0.581409,-0.622202,-0.854453,-0.419237,-0.100996,-0.360059,1.396732,0.502865,-0.134858,-0.134858,-0.134858,-0.134858,-0.134858,-0.134858,-0.134858,-0.134858,-0.134858,-0.134858,-0.134858,-0.134858,-0.134858,-0.134858,-0.134858,-0.134858,-0.134858,-0.134858,-0.229786,-0.229786,-0.229786,-0.229786,-0.229786,-0.229786,-0.229786,-0.229786,-0.229786,-0.229786,-0.229786,-0.229786,-0.229786,-0.229786,-0.229786,-0.229786,-0.229786,-0.229786,-0.229786,-0.229786,-0.229786,-0.229786,-0.229786,-0.229786,-0.229786,-0.229786,-0.229786,-0.229786,-0.229786,-0.229786,-0.229786,-0.229786,-0.229786,-0.229786,-0.229786,-0.229786,-0.229786,-0.229786,-0.229786,-0.229786,-0.229786,-0.229786,-0.229786,-0.229786,-0.229786,-0.229786,-0.229786,-0.229786,-0.229786,-0.229786,-0.229786,-0.229786,-0.229786,-0.229786,-0.229786,-0.229786,-0.229786,-0.229786,-0.229786,-0.229786,-0.229786,-0.229786,-0.229786,-0.662118,-0.746418,-0.039949,-0.710901,-1.015298,-0.039949,-0.586671,-1.322647,-0.039949,-0.522202,-1.648942,-0.039949,-0.487202,-1.894813,-0.039949,-0.018713,-0.934863,-0.039949,0.302708,-0.851449,-0.039949,0.476226,-0.733734,-0.039949,0.596221,-0.645355,-0.039949,0.147063,-0.721620,-0.039949,0.300306,-0.525722,-0.039949,0.024869,-0.507991,-0.039949,-0.234793,-0.480929,-0.039949,0.208280,-0.523469,-0.039949,0.320656,-0.486783,-0.039949,0.134023,-0.558428,-0.039949,-0.098929,-0.544739,-0.039949,0.229211,-0.361015,-0.039949,0.343536,-0.371781,-0.039949,0.279680,-0.380861,-0.039949,0.140800,-0.363063,-0.039949,-0.435879,-0.478150,1.019857,-0.375727,-0.404853,1.019857,-0.296652,-0.335098,1.019857,0.024450,-0.066477,1.019857,-0.023701,-0.184411,1.019857,0.180359,-0.054321,1.019857,0.218885,-0.060751,1.019857,0.242837,-0.072940,1.019857,0.268823,-0.084460,1.019857,0.262384,-0.179801,1.019857,0.195532,-0.252283,1.019857,0.150341,-0.187115,1.019857,-0.061873,-0.312177,1.019857,-0.033377,-0.436476,1.019857,0.045942,-0.735106,1.019857,0.050098,-0.806830,1.019857,0.098940,-0.731945,1.019857,-0.370177,-0.423164,1.019857,-0.319284,-0.409219,1.019857,-0.278405,-0.430311,1.019857,-0.222391,-0.432264,1.019857,-0.161264,-0.409229,1.019857,-0.038631,-0.429143,1.019857,-0.055136,-0.493860,1.019857,-0.011746,-0.460360,1.019857,0.003167,-0.463056,1.019857,0.053019,-0.583438,1.019857,-0.078495,-0.194058,1.019857,-0.134858,-0.134858,-0.134858,-0.014567,-0.074687,1.019857,0.004027,-0.051804,1.019857,0.082780,0.086855,1.019857,-0.134858,-0.134858,-0.134858,0.125130,0.017805,1.019857,0.078565,-0.049225,1.019857,0.025146,-0.012528,1.019857,-0.134858,-0.134858,-0.134858,-0.134858,-0.134858,-0.134858,-0.134858,-0.134858,-0.134858,-0.134858,-0.134858,-0.134858,-0.134858,-0.134858,-0.134858,-0.237225,-0.161248,1.019857,-0.134858,-0.134858,-0.134858,0.013958,-0.347457,1.019857,0.025905,-0.342994,1.019857,-0.134858,-0.134858,-0.134858,0.087800,-0.329285,1.019857,-0.134858,-0.134858,-0.134858,0.625583,0.399386,1.019857,-0.134858,-0.134858,-0.134858,-0.134858,-0.134858,-0.134858,-0.134858,-0.134858,-0.134858,-0.134858,-0.134858,-0.134858,-0.134858,-0.134858,-0.134858,0.042801,0.243468,1.019857,0.186273,0.275440,1.019857,0.273424,0.164835,1.019857,0.273424,0.164835,1.019857,0.455615,0.215024,1.019857,0.541348,0.277418,1.019857,0.625583,0.399386,1.019857,-0.134858,-0.134858,-0.134858,-0.134858,-0.134858,-0.134858,-0.134858,-0.134858,-0.134858,-0.134858,-0.134858,-0.134858,-0.134858,-0.134858,-0.134858,-0.134858,-0.134858,-0.134858,-0.134858,-0.134858,-0.134858,-0.218713,-0.154198,1.019857,0.078432,-0.307927,1.019857
-0.191745,0.900667,-0.053443,-1.864413,0.520330,0.735820,-1.433199,0.208947,0.097738,-1.469039,-0.300985,-0.937008,-0.902179,-0.737158,-1.636079,-1.912168,0.649909,1.081398,-0.539444,0.298587,1.715459,0.486187,0.461373,0.079191,-1.212433,-0.269315,-0.141716,-1.419726,-0.360833,-0.532211,-0.134858,-0.134858,-0.134858,-0.134858,-0.134858,-0.134858,-0.134858,-0.134858,-0.134858,-0.134858,-0.134858,-0.134858,-0.134858,-0.134858,-0.134858,0.113601,-0.080775,-1.075350,-0.290901,0.581409,-0.622202,-0.854453,-0.419237,-0.100996,-0.360059,1.396732,0.502865,-0.134858,-0.134858,-0.134858,-0.134858,-0.134858,-0.134858,-0.134858,-0.134858,-0.134858,-0.134858,-0.134858,-0.134858,-0.134858,-0.134858,-0.134858,-0.134858,-0.134858,-0.134858,-0.229786,-0.229786,-0.229786,-0.229786,-0.229786,-0.229786,-0.229786,-0.229786,-0.229786,-0.229786,-0.229786,-0.229786,-0.229786,-0.229786,-0.229786,-0.229786,-0.229786,-0.229786,-0.229786,-0.229786,-0.229786,-0.229786,-0.229786,-0.229786,-0.229786,-0.229786,-0.229786,-0.229786,-0.229786,-0.229786,-0.229786,-0.229786,-0.229786,-0.229786,-0.229786,-0.229786,-0.229786,-0.229786,-0.229786,-0.229786,-0.229786,-0.229786,-0.229786,-0.229786,-0.229786,-0.229786,-0.229786,-0.229786,-0.229786,-0.229786,-0.229786,-0.229786,-0.229786,-0.229786,-0.229786,-0.229786,-0.229786,-0.229786,-0.229786,-0.229786,-0.229786,-0.229786,-0.229786,-0.662118,-0.746418,-0.039949,-0.710901,-1.015298,-0.039949,-0.586671,-1.322647,-0.039949,-0.522202,-1.648942,-0.039949,-0.487202,-1.894813,-0.039949,-0.018713,-0.934863,-0.039949,0.302708,-0.851449,-0.039949,0.476226,-0.733734,-0.039949,0.596221,-0.645355,-0.039949,0.147063,-0.721620,-0.039949,0.300306,-0.525722,-0.039949,0.024869,-0.507991,-0.039949,-0.234793,-0.480929,-0.039949,0.208280,-0.523469,-0.039949,0.320656,-0.486783,-0.039949,0.134023,-0.558428,-0.039949,-0.098929,-0.544739,-0.039949,0.229211,-0.361015,-0.039949,0.343536,-0.371781,-0.039949,0.279680,-0.380861,-0.039949,0.140800,-0.363063,-0.039949,-0.435879,-0.478150,1.019857,-0.375727,-0.404853,1.019857,-0.296652,-0.335098,1.019857,0.024450,-0.066477,1.019857,-0.023701,-0.184411,1.019857,0.180359,-0.054321,1.019857,0.218885,-0.060751,1.019857,0.242837,-0.072940,1.019857,0.268823,-0.084460,1.019857,0.262384,-0.179801,1.019857,0.195532,-0.252283,1.019857,0.150341,-0.187115,1.019857,-0.061873,-0.312177,1.019857,-0.033377,-0.436476,1.019857,0.045942,-0.735106,1.019857,0.050098,-0.806830,1.019857,0.098940,-0.731945,1.019857,-0.370177,-0.423164,1.019857,-0.319284,-0.409219,1.019857,-0.278405,-0.430311,1.019857,-0.222391,-0.432264,1.019857,-0.161264,-0.409229,1.019857,-0.038631,-0.429143,1.019857,-0.055136,-0.493860,1.019857,-0.011746,-0.460360,1.019857,0.003167,-0.463056,1.019857,0.053019,-0.583438,1.019857,-0.078495,-0.194058,1.019857,-0.134858,-0.134858,-0.134858,-0.014567,-0.074687,1.019857,0.004027,-0.051804,1.019857,0.082780,0.086855,1.019857,-0.134858,-0.134858,-0.134858,0.125130,0.017805,1.019857,0.078565,-0.049225,1.019857,0.025146,-0.012528,1.019857,-0.134858,-0.134858,-0.134858,-0.134858,-0.134858,-0.134858,-0.134858,-0.134858,-0.134858,-0.134858,-0.134858,-0.134858,-0.134858,-0.134858,-0.134858,-0.237225,-0.161248,1.019857,-0.134858,-0.134858,-0.134858,0.013958,-0.347457,1.019857,0.025905,-0.342994,1.019857,-0.134858,-0.134858,-0.134858,0.087800,-0.329285,1.019857,-0.134858,-0.134858,-0.134858,0.625583,0.399386,1.019857,-0.134858,-0.134858,-0.134858,-0.134858,-0.134858,-0.134858,-0.134858,-0.134858,-0.134858,-0.134858,-0.134858,-0.134858,-0.134858,-0.134858,-0.134858,0.042801,0.243468,1.019857,0.186273,0.275440,1.019857,0.273424,0.164835,1.019857,0.273424,0.164835,1.019857,0.455615,0.215024,1.019857,0.541348,0.277418,1.019857,0.625583,0.399386,1.019857,-0.134858,-0.134858,-0.134858,-0.134858,-0.134858,-0.134858,-0.134858,-0.134858,-0.134858,-0.134858,-0.134858,-0.134858,-0.134858,-0.134858,-0.134858,-0.134858,-0.134858,-0.134858,-0.134858,-0.134858,-0.134858,-0.218713,-0.154198,1.019857,0.078432,-0.307927,1.019857
-0.187643,0.705712,-0.159888,-1.665285,0.278716,0.818688,-1.213212,0.051032,0.195337,-1.372112,-0.313338,-0.753496,-0.906863,-0.729176,-1.360586,-2.001690,0.450219,1.095171,-0.557346,0.223610,1.723529,0.438009,0.450488,0.316504,-0.995559,-0.483679,-0.231750,-1.186851,-0.606613,-0.574221,-0.134858,-0.134858,-0.134858,-0.134858,-0.134858,-0.134858,-0.134858,-0.134858,-0.134858,-0.134858,-0.134858,-0.134858,-0.134858,-0.134858,-0.134858,0.168993,-0.187437,-1.172381,-0.303082,0.543531,-0.767702,-0.846884,-0.486892,-0.140089,-0.359805,1.128420,0.391902,-0.134858,-0.134858,-0.134858,-0.134858,-0.134858,-0.134858,-0.134858,-0.134858,-0.134858,-0.134858,-0.134858,-0.134858,-0.134858,-0.134858,-0.134858,-0.134858,-0.134858,-0.134858,-0.229786,-0.229786,-0.229786,-0.229786,-0.229786,-0.229786,-0.229786,-0.229786,-0.229786,-0.229786,-0.229786,-0.229786,-0.229786,-0.229786,-0.229786,-0.229786,-0.229786,-0.229786,-0.229786,-0.229786,-0.229786,-0.229786,-0.229786,-0.229786,-0.229786,-0.229786,-0.229786,-0.229786,-0.229786,-0.229786,-0.229786,-0.229786,-0.229786,-0.229786,-0.229786,-0.229786,-0.229786,-0.229786,-0.229786,-0.229786,-0.229786,-0.229786,-0.229786,-0.229786,-0.229786,-0.229786,-0.229786,-0.229786,-0.229786,-0.229786,-0.229786,-0.229786,-0.229786,-0.229786,-0.229786,-0.229786,-0.229786,-0.229786,-0.229786,-0.229786,-0.229786,-0.229786,-0.229786,-0.680345,-0.706568,-0.039949,-0.744489,-0.985624,-0.039949,-0.622221,-1.268846,-0.039949,-0.548266,-1.584751,-0.039949,-0.511216,-1.835380,-0.039949,-0.059511,-0.893128,-0.039949,0.271176,-0.810821,-0.039949,0.446588,-0.706452,-0.039949,0.567702,-0.625384,-0.039949,0.116179,-0.663823,-0.039949,0.265179,-0.509981,-0.039949,0.003006,-0.495889,-0.039949,-0.249679,-0.469337,-0.039949,0.182783,-0.460892,-0.039949,0.291207,-0.468291,-0.039949,0.109671,-0.537702,-0.039949,-0.117790,-0.521175,-0.039949,0.210943,-0.307311,-0.039949,0.312083,-0.353154,-0.039949,0.242497,-0.356053,-0.039949,0.106028,-0.328936,-0.039949,-0.236282,-0.120642,1.019857,-0.093263,-0.061985,1.019857,0.066666,-0.020209,1.019857,0.501325,0.145456,1.019857,0.500712,0.073845,1.019857,0.733971,0.143842,1.019857,0.731377,0.092522,1.019857,0.763386,0.058979,1.019857,0.816152,0.025794,1.019857,0.868802,-0.122053,1.019857,0.768938,-0.229948,1.019857,0.639816,-0.168588,1.019857,0.188090,-0.351122,1.019857,0.097270,-0.499586,1.019857,0.058548,-0.766276,1.019857,-0.000908,-0.835842,1.019857,-0.023686,-0.842315,1.019857,-0.374229,-0.361643,1.019857,-0.372550,-0.429632,1.019857,-0.366955,-0.488213,1.019857,-0.332282,-0.512134,1.019857,-0.210517,-0.455227,1.019857,-0.120602,-0.592352,1.019857,-0.163685,-0.657831,1.019857,-0.104007,-0.681132,1.019857,-0.100201,-0.721628,1.019857,-0.087639,-0.832106,1.019857,-0.102832,-0.299342,1.019857,-0.134858,-0.134858,-0.134858,-0.002274,-0.289675,1.019857,0.047797,-0.293656,1.019857,0.274285,0.043443,1.019857,-0.134858,-0.134858,-0.134858,0.304799,-0.055084,1.019857,0.228299,-0.163015,1.019857,0.090134,-0.132345,1.019857,-0.134858,-0.134858,-0.134858,-0.134858,-0.134858,-0.134858,-0.134858,-0.134858,-0.134858,-0.134858,-0.134858,-0.134858,-0.134858,-0.134858,-0.134858,-0.182305,-0.033074,1.019857,-0.134858,-0.134858,-0.134858,-0.061100,-0.375845,1.019857,-0.062523,-0.364662,1.019857,-0.134858,-0.134858,-0.134858,0.056949,-0.390011,1.019857,-0.134858,-0.134858,-0.134858,0.953427,0.613955,1.019857,-0.134858,-0.134858,-0.134858,-0.134858,-0.134858,-0.134858,-0.134858,-0.134858,-0.134858,-0.134858,-0.134858,-0.134858,-0.134858,-0.134858,-0.134858,0.391151,0.347182,1.019857,0.528034,0.380493,1.019857,0.636747,0.281121,1.019857,0.636747,0.281121,1.019857,0.807873,0.370113,1.019857,0.887172,0.457529,1.019857,0.953427,0.613955,1.019857,-0.134858,-0.134858,-0.134858,-0.134858,-0.134858,-0.134858,-0.134858,-0.134858,-0.134858,-0.134858,-0.134858,-0.134858,-0.134858,-0.134858,-0.134858,-0.134858,-0.134858,-0.134858,-0.134858,-0.134858,-0.134858,-0.196114,-0.025172,1.019857,0.039490,-0.335191,1.019857
-0.192496,0.597469,-0.399227,-1.520828,0.285518,0.883045,-1.070071,0.052087,0.271136,-1.284568,-0.333203,-0.645367,-0.932892,-0.671628,-1.119233,-1.998033,0.465590,1.090934,-0.556586,0.230066,1.627873,0.420042,0.452805,0.413624,-0.977902,-0.468525,-0.302111,-1.164580,-0.585349,-0.603761,-0.134858,-0.134858,-0.134858,-0.134858,-0.134858,-0.134858,-0.134858,-0.134858,-0.134858,-0.134858,-0.134858,-0.134858,-0.134858,-0.134858,-0.134858,0.208680,-0.231429,-1.465924,-0.327047,0.485731,-1.074042,-0.823227,-0.486217,-0.326546,-0.356231,0.932004,0.140212,-0.134858,-0.134858,-0.134858,-0.134858,-0.134858,-0.134858,-0.134858,-0.134858,-0.134858,-0.134858,-0.134858,-0.134858,-0.134858,-0.134858,-0.134858,-0.134858,-0.134858,-0.134858,-0.229786,-0.229786,-0.229786,-0.229786,-0.229786,-0.229786,-0.229786,-0.229786,-0.229786,-0.229786,-0.229786,-0.229786,-0.229786,-0.229786,-0.229786,-0.229786,-0.229786,-0.229786,-0.229786,-0.229786,-0.229786,-0.229786,-0.229786,-0.229786,-0.229786,-0.229786,-0.229786,-0.229786,-0.229786,-0.229786,-0.229786,-0.229786,-0.229786,-0.229786,-0.229786,-0.229786,-0.229786,-0.229786,-0.229786,-0.229786,-0.229786,-0.229786,-0.229786,-0.229786,-0.229786,-0.229786,-0.229786,-0.229786,-0.229786,-0.229786,-0.229786,-0.229786,-0.229786,-0.229786,-0.229786,-0.229786,-0.229786,-0.229786,-0.229786,-0.229786,-0.229786,-0.229786,-0.229786,-0.718536,-0.662621,-0.039949,-0.806832,-0.925255,-0.039949,-0.694647,-1.205863,-0.039949,-0.612567,-1.525691,-0.039949,-0.568701,-1.799460,-0.039949,-0.142647,-0.871127,-0.039949,0.215065,-0.810460,-0.039949,0.393446,-0.722090,-0.039949,0.520909,-0.646653,-0.039949,0.045479,-0.651901,-0.039949,0.290914,-0.506080,-0.039949,0.020738,-0.474190,-0.039949,-0.253277,-0.443726,-0.039949,0.129041,-0.444479,-0.039949,0.307443,-0.433556,-0.039949,0.115305,-0.475545,-0.039949,-0.127718,-0.452264,-0.039949,0.173250,-0.277879,-0.039949,0.303277,-0.288800,-0.039949,0.203746,-0.271383,-0.039949,0.044174,-0.239508,-0.039949,0.116839,-0.555499,1.019857,0.247416,-0.607659,1.019857,0.380948,-0.654618,1.019857,0.677782,-0.472201,1.019857,0.720132,-0.693011,1.019857,0.768382,-0.513977,1.019857,0.570732,-0.354458,1.019857,0.509197,-0.176665,1.019857,0.560818,-0.156667,1.019857,0.643347,-0.382199,1.019857,0.527671,-0.663153,1.019857,0.389362,-0.495477,1.019857,-0.115019,-0.760387,1.019857,-0.152527,-0.930983,1.019857,-0.055701,-1.230137,1.019857,-0.066124,-1.202221,1.019857,-0.030170,-0.983454,1.019857,-0.192692,-0.514604,1.019857,-0.260942,-0.530964,1.019857,-0.298156,-0.565427,1.019857,-0.298865,-0.583229,1.019857,-0.153857,-0.507674,1.019857,-0.010185,-0.624447,1.019857,-0.044147,-0.646984,1.019857,0.042119,-0.703250,1.019857,0.035360,-0.723268,1.019857,-0.015440,-0.851821,1.019857,-0.080414,-0.245146,1.019857,-0.134858,-0.134858,-0.134858,-0.051770,-0.193669,1.019857,-0.028222,-0.205259,1.019857,0.215075,-0.028425,1.019857,-0.134858,-0.134858,-0.134858,0.218130,-0.106796,1.019857,0.139720,-0.195752,1.019857,0.019834,-0.158403,1.019857,-0.134858,-0.134858,-0.134858,-0.134858,-0.134858,-0.134858,-0.134858,-0.134858,-0.134858,-0.134858,-0.134858,-0.134858,-0.134858,-0.134858,-0.134858,-0.065135,-0.176284,1.019857,-0.134858,-0.134858,-0.134858,0.005565,-0.366023,1.019857,0.022335,-0.324789,1.019857,-0.134858,-0.134858,-0.134858,0.069762,-0.407223,1.019857,-0.134858,-0.134858,-0.134858,0.928641,0.431757,1.019857,-0.134858,-0.134858,-0.134858,-0.134858,-0.134858,-0.134858,-0.134858,-0.134858,-0.134858,-0.134858,-0.134858,-0.134858,-0.134858,-0.134858,-0.134858,0.188047,0.251890,1.019857,0.385365,0.448950,1.019857,0.469762,0.305096,1.019857,0.469762,0.305096,1.019857,0.674215,0.301471,1.019857,0.806242,0.325238,1.019857,0.928641,0.431757,1.019857,-0.134858,-0.134858,-0.134858,-0.134858,-0.134858,-0.134858,-0.134858,-0.134858,-0.134858,-0.134858,-0.134858,-0.134858,-0.134858,-0.134858,-0.134858,-0.134858,-0.134858,-0.134858,-0.134858,-0.134858,-0.134858,-0.094192,-0.141838,1.019857,0.068005,-0.351453,1.019857
-0.192496,0.597469,-0.399227,-1.520828,0.285518,0.883045,-1.070071,0.052087,0.271136,-1.284568,-0.333203,-0.645367,-0.932892,-0.671628,-1.119233,-1.998033,0.465590,1.090934,-0.556586,0.230066,1.627873,0.420042,0.452805,0.413624,-0.977902,-0.468525,-0.302111,-1.164580,-0.585349,-0.603761,-0.134858,-0.134858,-0.134858,-0.134858,-0.134858,-0.134858,-0.134858,-0.134858,-0.134858,-0.134858,-0.134858,-0.134858,-0.134858,-0.134858,-0.134858,0.208680,-0.231429,-1.465924,-0.327047,0.485731,-1.074042,-0.823227,-0.486217,-0.326546,-0.356231,0.932004,0.140212,-0.134858,-0.134858,-0.134858,-0.134858,-0.134858,-0.134858,-0.134858,-0.134858,-0.134858,-0.134858,-0.134858,-0.134858,-0.134858,-0.134858,-0.134858,-0.134858,-0.134858,-0.134858,-0.229786,-0.229786,-0.229786,-0.229786,-0.229786,-0.229786,-0.229786,-0.229786,-0.229786,-0.229786,-0.229786,-0.229786,-0.229786,-0.229786,-0.229786,-0.229786,-0.229786,-0.229786,-0.229786,-0.229786,-0.229786,-0.229786,-0.229786,-0.229786,-0.229786,-0.229786,-0.229786,-0.229786,-0.229786,-0.229786,-0.229786,-0.229786,-0.229786,-0.229786,-0.229786,-0.229786,-0.229786,-0.229786,-0.229786,-0.229786,-0.229786,-0.229786,-0.229786,-0.229786,-0.229786,-0.229786,-0.229786,-0.229786,-0.229786,-0.229786,-0.229786,-0.229786,-0.229786,-0.229786,-0.229786,-0.229786,-0.229786,-0.229786,-0.229786,-0.229786,-0.229786,-0.229786,-0.229786,-0.718536,-0.662621,-0.039949,-0.806832,-0.925255,-0.039949,-0.694647,-1.205863,-0.039949,-0.612567,-1.525691,-0.039949,-0.568701,-1.799460,-0.039949,-0.142647,-0.871127,-0.039949,0.215065,-0.810460,-0.039949,0.393446,-0.722090,-0.039949,0.520909,-0.646653,-0.039949,0.045479,-0.651901,-0.039949,0.290914,-0.506080,-0.039949,0.020738,-0.474190,-0.039949,-0.253277,-0.443726,-0.039949,0.129041,-0.444479,-0.039949,0.307443,-0.433556,-0.039949,0.115305,-0.475545,-0.039949,-0.127718,-0.452264,-0.039949,0.173250,-0.277879,-0.039949,0.303277,-0.288800,-0.039949,0.203746,-0.271383,-0.039949,0.044174,-0.239508,-0.039949,0.116839,-0.555499,1.019857,0.247416,-0.607659,1.019857,0.380948,-0.654618,1.019857,0.677782,-0.472201,1.019857,0.720132,-0.693011,1.019857,0.768382,-0.513977,1.019857,0.570732,-0.354458,1.019857,0.509197,-0.176665,1.019857,0.560818,-0.156667,1.019857,0.643347,-0.382199,1.019857,0.527671,-0.663153,1.019857,0.389362,-0.495477,1.019857,-0.115019,-0.760387,1.019857,-0.152527,-0.930983,1.019857,-0.055701,-1.230137,1.019857,-0.066124,-1.202221,1.019857,-0.030170,-0.983454,1.019857,-0.192692,-0.514604,1.019857,-0.260942,-0.530964,1.019857,-0.298156,-0.565427,1.019857,-0.298865,-0.583229,1.019857,-0.153857,-0.507674,1.019857,-0.010185,-0.624447,1.019857,-0.044147,-0.646984,1.019857,0.042119,-0.703250,1.019857,0.035360,-0.723268,1.019857,-0.015440,-0.851821,1.019857,-0.080414,-0.245146,1.019857,-0.134858,-0.134858,-0.134858,-0.051770,-0.193669,1.019857,-0.028222,-0.205259,1.019857,0.215075,-0.028425,1.019857,-0.134858,-0.134858,-0.134858,0.218130,-0.106796,1.019857,0.139720,-0.195752,1.019857,0.019834,-0.158403,1.019857,-0.134858,-0.134858,-0.134858,-0.134858,-0.134858,-0.134858,-0.134858,-0.134858,-0.134858,-0.134858,-0.134858,-0.134858,-0.134858,-0.134858,-0.134858,-0.065135,-0.176284,1.019857,-0.134858,-0.134858,-0.134858,0.005565,-0.366023,1.019857,0.022335,-0.324789,1.019857,-0.134858,-0.134858,-0.134858,0.069762,-0.407223,1.019857,-0.134858,-0.134858,-0.134858,0.928641,0.431757,1.019857,-0.134858,-0.134858,-0.134858,-0.134858,-0.134858,-0.134858,-0.134858,-0.134858,-0.134858,-0.134858,-0.134858,-0.134858,-0.134858,-0.134858,-0.134858,0.188047,0.251890,1.019857,0.385365,0.448950,1.019857,0.469762,0.305096,1.019857,0.469762,0.305096,1.019857,0.674215,0.301471,1.019857,0.806242,0.325238,1.019857,0.928641,0.431757,1.019857,-0.134858,-0.134858,-0.134858,-0.134858,-0.134858,-0.134858,-0.134858,-0.134858,-0.134858,-0.134858,-0.134858,-0.134858,-0.134858,-0.134858,-0.134858,-0.134858,-0.134858,-0.134858,-0.134858,-0.134858,-0.134858,-0.094192,-0.141838,1.019857,0.068005,-0.351453,1.019857
-0.169394,0.561557,-0.481545,-1.481751,0.535146,0.922059,-1.036622,0.250803,0.317085,-1.141246,-0.328558,-0.572075,-0.926709,-0.640470,-0.899647,-1.975043,0.569461,1.080036,-0.558971,0.287054,1.472481,0.400467,0.456786,0.454294,-0.850921,-0.352912,-0.365370,-1.036303,-0.457699,-0.634657,-0.134858,-0.134858,-0.134858,-0.134858,-0.134858,-0.134858,-0.134858,-0.134858,-0.134858,-0.134858,-0.134858,-0.134858,-0.134858,-0.134858,-0.134858,0.307330,-0.227887,-1.516220,-0.321561,0.485225,-1.154542,-0.790736,-0.353571,-0.323494,-0.345787,0.924928,0.094442,-0.134858,-0.134858,-0.134858,-0.134858,-0.134858,-0.134858,-0.134858,-0.134858,-0.134858,-0.134858,-0.134858,-0.134858,-0.134858,-0.134858,-0.134858,-0.134858,-0.134858,-0.134858,-0.229786,-0.229786,-0.229786,-0.229786,-0.229786,-0.229786,-0.229786,-0.229786,-0.229786,-0.229786,-0.229786,-0.229786,-0.229786,-0.229786,-0.229786,-0.229786,-0.229786,-0.229786,-0.229786,-0.229786,-0.229786,-0.229786,-0.229786,-0.229786,-0.229786,-0.229786,-0.229786,-0.229786,-0.229786,-0.229786,-0.229786,-0.229786,-0.229786,-0.229786,-0.229786,-0.229786,-0.229786,-0.229786,-0.229786,-0.229786,-0.229786,-0.229786,-0.229786,-0.229786,-0.229786,-0.229786,-0.229786,-0.229786,-0.229786,-0.229786,-0.229786,-0.229786,-0.229786,-0.229786,-0.229786,-0.229786,-0.229786,-0.229786,-0.229786,-0.229786,-0.229786,-0.229786,-0.229786,-0.750359,-0.596256,-0.039949,-0.872702,-0.870862,-0.039949,-0.753067,-1.167702,-0.039949,-0.632871,-1.476162,-0.039949,-0.570896,-1.752229,-0.039949,-0.293309,-0.900882,-0.039949,0.097101,-0.895358,-0.039949,0.300676,-0.826347,-0.039949,0.443090,-0.761069,-0.039949,-0.079186,-0.696918,-0.039949,0.287975,-0.587306,-0.039949,0.079389,-0.504146,-0.039949,-0.164956,-0.448230,-0.039949,0.074898,-0.508485,-0.039949,0.402577,-0.551670,-0.039949,0.293763,-0.609141,-0.039949,0.091240,-0.603457,-0.039949,0.180389,-0.361806,-0.039949,0.465022,-0.465672,-0.039949,0.506555,-0.516393,-0.039949,0.435469,-0.552590,-0.039949,-0.389363,-0.354379,1.019857,-0.297755,-0.322788,1.019857,-0.178777,-0.285776,1.019857,0.181095,-0.087415,1.019857,0.112594,-0.215062,1.019857,0.290104,-0.112427,1.019857,0.304514,-0.102682,1.019857,0.333261,-0.112944,1.019857,0.383647,-0.153633,1.019857,0.402403,-0.310264,1.019857,0.282650,-0.485443,1.019857,0.222002,-0.401854,1.019857,-0.174598,-0.613862,1.019857,-0.255002,-0.760547,1.019857,-0.264072,-1.019560,1.019857,-0.271985,-1.051955,1.019857,-0.209138,-0.951796,1.019857,-0.363784,-0.285572,1.019857,-0.331591,-0.316653,1.019857,-0.310468,-0.390522,1.019857,-0.264774,-0.450872,1.019857,-0.181338,-0.444688,1.019857,-0.131974,-0.536151,1.019857,-0.147070,-0.585869,1.019857,-0.120622,-0.568000,1.019857,-0.134626,-0.553934,1.019857,-0.179359,-0.674832,1.019857,-0.112278,-0.277791,1.019857,-0.134858,-0.134858,-0.134858,-0.025870,-0.134211,1.019857,0.007423,-0.100920,1.019857,0.224243,0.048369,1.019857,-0.134858,-0.134858,-0.134858,0.209960,0.002227,1.019857,0.114673,-0.073823,1.019857,-0.048980,-0.149232,1.019857,-0.134858,-0.134858,-0.134858,-0.134858,-0.134858,-0.134858,-0.134858,-0.134858,-0.134858,-0.134858,-0.134858,-0.134858,-0.134858,-0.134858,-0.134858,-0.187327,-0.121410,1.019857,-0.134858,-0.134858,-0.134858,-0.107216,-0.492407,1.019857,-0.113797,-0.463193,1.019857,-0.134858,-0.134858,-0.134858,-0.065817,-0.501396,1.019857,-0.134858,-0.134858,-0.134858,0.735525,0.373587,1.019857,-0.134858,-0.134858,-0.134858,-0.134858,-0.134858,-0.134858,-0.134858,-0.134858,-0.134858,-0.134858,-0.134858,-0.134858,-0.134858,-0.134858,-0.134858,0.088772,0.075230,1.019857,0.249956,0.134131,1.019857,0.355131,0.066354,1.019857,0.355131,0.066354,1.019857,0.551501,0.157006,1.019857,0.643633,0.236806,1.019857,0.735525,0.373587,1.019857,-0.134858,-0.134858,-0.134858,-0.134858,-0.134858,-0.134858,-0.134858,-0.134858,-0.134858,-0.134858,-0.134858,-0.134858,-0.134858,-0.134858,-0.134858,-0.134858,-0.134858,-0.134858,-0.134858,-0.134858,-0.134858,-0.185797,-0.145698,1.019857,-0.068141,-0.477522,1.019857
-0.169394,0.561557,-0.481545,-1.481751,0.535146,0.922059,-1.036622,0.250803,0.317085,-1.141246,-0.328558,-0.572075,-0.926709,-0.640470,-0.899647,-1.975043,0.569461,1.080036,-0.558971,0.287054,1.472481,0.400467,0.456786,0.454294,-0.850921,-0.352912,-0.365370,-1.036303,-0.457699,-0.634657,-0.134858,-0.134858,-0.134858,-0.134858,-0.134858,-0.134858,-0.134858,-0.134858,-0.134858,-0.134858,-0.134858,-0.134858,-0.134858,-0.134858,-0.134858,0.307330,-0.227887,-1.516220,-0.321561,0.485225,-1.154542,-0.790736,-0.353571,-0.323494,-0.345787,0.924928,0.094442,-0.134858,-0.134858,-0.134858,-0.134858,-0.134858,-0.134858,-0.134858,-0.134858,-0.134858,-0.134858,-0.134858,-0.134858,-0.134858,-0.134858,-0.134858,-0.134858,-0.134858,-0.134858,-0.229786,-0.229786,-0.229786,-0.229786,-0.229786,-0.229786,-0.229786,-0.229786,-0.229786,-0.229786,-0.229786,-0.229786,-0.229786,-0.229786,-0.229786,-0.229786,-0.229786,-0.229786,-0.229786,-0.229786,-0.229786,-0.229786,-0.229786,-0.229786,-0.229786,-0.229786,-0.229786,-0.229786,-0.229786,-0.229786,-0.229786,-0.229786,-0.229786,-0.229786,-0.229786,-0.229786,-0.229786,-0.229786,-0.229786,-0.229786,-0.229786,-0.229786,-0.229786,-0.229786,-0.229786,-0.229786,-0.229786,-0.229786,-0.229786,-0.229786,-0.229786,-0.229786,-0.229786,-0.229786,-0.229786,-0.229786,-0.229786,-0.229786,-0.229786,-0.229786,-0.229786,-0.229786,-0.229786,-0.750359,-0.596256,-0.039949,-0.872702,-0.870862,-0.039949,-0.753067,-1.167702,-0.039949,-0.632871,-1.476162,-0.039949,-0.570896,-1.752229,-0.039949,-0.293309,-0.900882,-0.039949,0.097101,-0.895358,-0.039949,0.300676,-0.826347,-0.039949,0.443090,-0.761069,-0.039949,-0.079186,-0.696918,-0.039949,0.287975,-0.587306,-0.039949,0.079389,-0.504146,-0.039949,-0.164956,-0.448230,-0.039949,0.074898,-0.508485,-0.039949,0.402577,-0.551670,-0.039949,0.293763,-0.609141,-0.039949,0.091240,-0.603457,-0.039949,0.180389,-0.361806,-0.039949,0.465022,-0.465672,-0.039949,0.506555,-0.516393,-0.039949,0.435469,-0.552590,-0.039949,-0.389363,-0.354379,1.019857,-0.297755,-0.322788,1.019857,-0.178777,-0.285776,1.019857,0.181095,-0.087415,1.019857,0.112594,-0.215062,1.019857,0.290104,-0.112427,1.019857,0.304514,-0.102682,1.019857,0.333261,-0.112944,1.019857,0.383647,-0.153633,1.019857,0.402403,-0.310264,1.019857,0.282650,-0.485443,1.019857,0.222002,-0.401854,1.019857,-0.174598,-0.613862,1.019857,-0.255002,-0.760547,1.019857,-0.264072,-1.019560,1.019857,-0.271985,-1.051955,1.019857,-0.209138,-0.951796,1.019857,-0.363784,-0.285572,1.019857,-0.331591,-0.316653,1.019857,-0.310468,-0.390522,1.019857,-0.264774,-0.450872,1.019857,-0.181338,-0.444688,1.019857,-0.131974,-0.536151,1.019857,-0.147070,-0.585869,1.019857,-0.120622,-0.568000,1.019857,-0.134626,-0.553934,1.019857,-0.179359,-0.674832,1.019857,-0.112278,-0.277791,1.019857,-0.134858,-0.134858,-0.134858,-0.025870,-0.134211,1.019857,0.007423,-0.100920,1.019857,0.224243,0.048369,1.019857,-0.134858,-0.134858,-0.134858,0.209960,0.002227,1.019857,0.114673,-0.073823,1.019857,-0.048980,-0.149232,1.019857,-0.134858,-0.134858,-0.134858,-0.134858,-0.134858,-0.134858,-0.134858,-0.134858,-0.134858,-0.134858,-0.134858,-0.134858,-0.134858,-0.134858,-0.134858,-0.187327,-0.121410,1.019857,-0.134858,-0.134858,-0.134858,-0.107216,-0.492407,1.019857,-0.113797,-0.463193,1.019857,-0.134858,-0.134858,-0.134858,-0.065817,-0.501396,1.019857,-0.134858,-0.134858,-0.134858,0.735525,0.373587,1.019857,-0.134858,-0.134858,-0.134858,-0.134858,-0.134858,-0.134858,-0.134858,-0.134858,-0.134858,-0.134858,-0.134858,-0.134858,-0.134858,-0.134858,-0.134858,0.088772,0.075230,1.019857,0.249956,0.134131,1.019857,0.355131,0.066354,1.019857,0.355131,0.066354,1.019857,0.551501,0.157006,1.019857,0.643633,0.236806,1.019857,0.735525,0.373587,1.019857,-0.134858,-0.134858,-0.134858,-0.134858,-0.134858,-0.134858,-0.134858,-0.134858,-0.134858,-0.134858,-0.134858,-0.134858,-0.134858,-0.134858,-0.134858,-0.134858,-0.134858,-0.134858,-0.134858,-0.134858,-0.134858,-0.185797,-0.145698,1.019857,-0.068141,-0.477522,1.019857
-0.084147,0.497847,-0.377293,-1.317706,1.636432,0.927612,-1.080873,1.022374,0.323625,-0.843387,-0.320728,-0.588954,-0.957426,-0.545320,-0.706056,-1.108141,1.330540,1.046134,-0.300931,0.672488,1.264510,0.513571,0.535616,0.433721,-0.674184,0.490637,-0.411777,-0.917024,0.560972,-0.657319,-0.134858,-0.134858,-0.134858,-0.134858,-0.134858,-0.134858,-0.134858,-0.134858,-0.134858,-0.134858,-0.134858,-0.134858,-0.134858,-0.134858,-0.134858,0.344329,-0.228474,-1.340851,-0.246851,0.485408,-1.004965,-0.785287,-0.209502,-0.180345,-0.170805,0.929305,0.185263,-0.134858,-0.134858,-0.134858,-0.134858,-0.134858,-0.134858,-0.134858,-0.134858,-0.134858,-0.134858,-0.134858,-0.134858,-0.134858,-0.134858,-0.134858,-0.134858,-0.134858,-0.134858,-0.229786,-0.229786,-0.229786,-0.229786,-0.229786,-0.229786,-0.229786,-0.229786,-0.229786,-0.229786,-0.229786,-0.229786,-0.229786,-0.229786,-0.229786,-0.229786,-0.229786,-0.229786,-0.229786,-0.229786,-0.229786,-0.229786,-0.229786,-0.229786,-0.229786,-0.229786,-0.229786,-0.229786,-0.229786,-0.229786,-0.229786,-0.229786,-0.229786,-0.229786,-0.229786,-0.229786,-0.229786,-0.229786,-0.229786,-0.229786,-0.229786,-0.229786,-0.229786,-0.229786,-0.229786,-0.229786,-0.229786,-0.229786,-0.229786,-0.229786,-0.229786,-0.229786,-0.229786,-0.229786,-0.229786,-0.229786,-0.229786,-0.229786,-0.229786,-0.229786,-0.229786,-0.229786,-0.229786,-0.784256,-0.486458,-0.039949,-0.891301,-0.767445,-0.039949,-0.740176,-1.075067,-0.039949,-0.538316,-1.359198,-0.039949,-0.341454,-1.462688,-0.039949,-0.436570,-0.931564,-0.039949,-0.071835,-1.005054,-0.039949,0.115810,-0.998332,-0.039949,0.250217,-0.989474,-0.039949,-0.202476,-0.744765,-0.039949,0.191048,-0.693163,-0.039949,0.134327,-0.581810,-0.039949,0.007369,-0.520842,-0.039949,0.013558,-0.568649,-0.039949,0.405676,-0.707680,-0.039949,0.396504,-0.801216,-0.039949,0.274961,-0.816282,-0.039949,0.179678,-0.424606,-0.039949,0.559785,-0.627190,-0.039949,0.727948,-0.748899,-0.039949,0.762834,-0.813144,-0.039949,-0.301602,0.253860,1.019857,-0.285283,0.338098,1.019857,-0.275954,0.417336,1.019857,-0.269622,0.490869,1.019857,-0.175325,0.570664,1.019857,-0.034623,0.608452,1.019857,0.105091,0.572016,1.019857,0.209658,0.500938,1.019857,0.281571,0.463861,1.019857,0.487511,0.366401,1.019857,0.724178,0.274150,1.019857,0.700289,0.149424,1.019857,0.909492,0.018240,1.019857,0.873923,-0.071032,1.019857,0.619818,-0.225233,1.019857,0.438343,-0.337239,1.019857,0.270700,-0.498342,1.019857,-0.408440,-0.224400,1.019857,-0.411543,-0.326972,1.019857,-0.417876,-0.382666,1.019857,-0.405191,-0.412664,1.019857,-0.343138,-0.267749,1.019857,-0.181851,-0.511923,1.019857,-0.212342,-0.601691,1.019857,-0.132501,-0.634562,1.019857,-0.100383,-0.694213,1.019857,0.001228,-0.744946,1.019857,-0.247210,-0.217577,1.019857,-0.134858,-0.134858,-0.134858,-0.215517,-0.239116,1.019857,-0.203943,-0.220125,1.019857,-0.261168,-0.018714,1.019857,-0.134858,-0.134858,-0.134858,-0.115530,0.007559,1.019857,-0.052268,-0.034474,1.019857,0.109931,-0.174529,1.019857,-0.134858,-0.134858,-0.134858,-0.134858,-0.134858,-0.134858,-0.134858,-0.134858,-0.134858,-0.134858,-0.134858,-0.134858,-0.134858,-0.134858,-0.134858,-0.363458,0.038029,1.019857,-0.134858,-0.134858,-0.134858,-0.048648,-0.216438,1.019857,-0.034709,-0.229662,1.019857,-0.134858,-0.134858,-0.134858,0.062007,-0.312886,1.019857,-0.134858,-0.134858,-0.134858,-0.028028,0.163520,1.019857,-0.134858,-0.134858,-0.134858,-0.134858,-0.134858,-0.134858,-0.134858,-0.134858,-0.134858,-0.134858,-0.134858,-0.134858,-0.134858,-0.134858,-0.134858,0.534086,-0.085987,1.019857,0.297083,-0.052757,1.019857,0.156271,0.123889,1.019857,0.156271,0.123889,1.019857,0.066043,0.153212,1.019857,0.019681,0.161878,1.019857,-0.028028,0.163520,1.019857,-0.134858,-0.134858,-0.134858,-0.134858,-0.134858,-0.134858,-0.134858,-0.134858,-0.134858,-0.134858,-0.134858,-0.134858,-0.134858,-0.134858,-0.134858,-0.134858,-0.134858,-0.134858,-0.134858,-0.134858,-0.134858,-0.353490,0.025731,1.019857,0.009231,-0.281650,1.019857
-0.075492,0.347986,-0.577667,-1.444199,1.952979,0.778251,-1.250702,1.252152,0.147711,-0.217082,-0.054582,-0.659945,-0.896288,-0.508596,-0.581245,-0.925735,1.526236,0.880858,-0.277362,1.002391,1.023401,0.495849,0.674500,0.284511,-0.657631,0.785988,-0.502537,-0.904199,0.794299,-0.705342,-0.134858,-0.134858,-0.134858,-0.134858,-0.134858,-0.134858,-0.134858,-0.134858,-0.134858,-0.134858,-0.134858,-0.134858,-0.134858,-0.134858,-0.134858,0.271576,-0.467034,-1.526680,-0.172835,0.387419,-1.200182,-0.899146,-0.231419,-0.466061,0.059583,0.919103,-0.105903,-0.134858,-0.134858,-0.134858,-0.134858,-0.134858,-0.134858,-0.134858,-0.134858,-0.134858,-0.134858,-0.134858,-0.134858,-0.134858,-0.134858,-0.134858,-0.134858,-0.134858,-0.134858,-0.229786,-0.229786,-0.229786,-0.229786,-0.229786,-0.229786,-0.229786,-0.229786,-0.229786,-0.229786,-0.229786,-0.229786,-0.229786,-0.229786,-0.229786,-0.229786,-0.229786,-0.229786,-0.229786,-0.229786,-0.229786,-0.229786,-0.229786,-0.229786,-0.229786,-0.229786,-0.229786,-0.229786,-0.229786,-0.229786,-0.229786,-0.229786,-0.229786,-0.229786,-0.229786,-0.229786,-0.229786,-0.229786,-0.229786,-0.229786,-0.229786,-0.229786,-0.229786,-0.229786,-0.229786,-0.229786,-0.229786,-0.229786,-0.229786,-0.229786,-0.229786,-0.229786,-0.229786,-0.229786,-0.229786,-0.229786,-0.229786,-0.229786,-0.229786,-0.229786,-0.229786,-0.229786,-0.229786,-0.673963,-0.281673,-0.039949,-0.852570,-0.563786,-0.039949,-0.678468,-0.725186,-0.039949,-0.439582,-0.686400,-0.039949,-0.283437,-0.483653,-0.039949,-0.508718,-0.822039,-0.039949,-0.192997,-1.046772,-0.039949,-0.030424,-1.090556,-0.039949,0.097347,-1.095398,-0.039949,-0.176816,-0.661841,-0.039949,0.153603,-0.778557,-0.039949,-0.039461,-0.601756,-0.039949,-0.240251,-0.459775,-0.039949,0.102205,-0.508295,-0.039949,0.399797,-0.786721,-0.039949,0.284196,-0.830068,-0.039949,0.129587,-0.753915,-0.039949,0.302697,-0.388326,-0.039949,0.594968,-0.685662,-0.039949,0.680451,-0.783649,-0.039949,0.676976,-0.789441,-0.039949,-0.131843,-0.288087,1.019857,-0.157026,-0.222939,1.019857,-0.195135,-0.150690,1.019857,-0.297636,-0.016488,1.019857,-0.276849,-0.021969,1.019857,-0.278685,0.020137,1.019857,-0.200977,-0.058063,1.019857,-0.167638,-0.114629,1.019857,-0.155673,-0.128990,1.019857,-0.081846,-0.130685,1.019857,0.088910,-0.105474,1.019857,0.075580,-0.089291,1.019857,0.321604,-0.121792,1.019857,0.390817,-0.187950,1.019857,0.329081,-0.389468,1.019857,0.235678,-0.485362,1.019857,0.128237,-0.531475,1.019857,-0.131429,-0.364884,1.019857,-0.136206,-0.354122,1.019857,-0.156066,-0.360130,1.019857,-0.188193,-0.387953,1.019857,-0.205650,-0.385430,1.019857,-0.171428,-0.464804,1.019857,-0.175571,-0.504239,1.019857,-0.152301,-0.510792,1.019857,-0.146295,-0.529436,1.019857,-0.077920,-0.580295,1.019857,-0.207634,-0.325085,1.019857,-0.134858,-0.134858,-0.134858,-0.219825,-0.281015,1.019857,-0.223611,-0.259207,1.019857,-0.262935,-0.146622,1.019857,-0.134858,-0.134858,-0.134858,-0.212631,-0.146872,1.019857,-0.175783,-0.172518,1.019857,-0.071823,-0.193029,1.019857,-0.134858,-0.134858,-0.134858,-0.134858,-0.134858,-0.134858,-0.134858,-0.134858,-0.134858,-0.134858,-0.134858,-0.134858,-0.134858,-0.134858,-0.134858,-0.172123,-0.308037,1.019857,-0.134858,-0.134858,-0.134858,-0.151617,-0.401693,1.019857,-0.153584,-0.390494,1.019857,-0.134858,-0.134858,-0.134858,-0.111677,-0.469807,1.019857,-0.134858,-0.134858,-0.134858,-0.252846,0.072855,1.019857,-0.134858,-0.134858,-0.134858,-0.134858,-0.134858,-0.134858,-0.134858,-0.134858,-0.134858,-0.134858,-0.134858,-0.134858,-0.134858,-0.134858,-0.134858,-0.014426,0.007149,1.019857,-0.110599,-0.044739,1.019857,-0.155176,-0.084473,1.019857,-0.155176,-0.084473,1.019857,-0.194872,-0.022737,1.019857,-0.218685,0.024085,1.019857,-0.252846,0.072855,1.019857,-0.134858,-0.134858,-0.134858,-0.134858,-0.134858,-0.134858,-0.134858,-0.134858,-0.134858,-0.134858,-0.134858,-0.134858,-0.134858,-0.134858,-0.134858,-0.134858,-0.134858,-0.134858,-0.134858,-0.134858,-0.134858,-0.169043,-0.352723,1.019857,-0.140276,-0.507625,1.019857
-0.075492,0.347986,-0.577667,-1.444199,1.952979,0.778251,-1.250702,1.252152,0.147711,-0.217082,-0.054582,-0.659945,-0.896288,-0.508596,-0.581245,-0.925735,1.526236,0.880858,-0.277362,1.002391,1.023401,0.495849,0.674500,0.284511,-0.657631,0.785988,-0.502537,-0.904199,0.794299,-0.705342,-0.134858,-0.134858,-0.134858,-0.134858,-0.134858,-0.134858,-0.134858,-0.134858,-0.134858,-0.134858,-0.134858,-0.134858,-0.134858,-0.134858,-0.134858,0.271576,-0.467034,-1.526680,-0.172835,0.387419,-1.200182,-0.899146,-0.231419,-0.466061,0.059583,0.919103,-0.105903,-0.134858,-0.134858,-0.134858,-0.134858,-0.134858,-0.134858,-0.134858,-0.134858,-0.134858,-0.134858,-0.134858,-0.134858,-0.134858,-0.134858,-0.134858,-0.134858,-0.134858,-0.134858,-0.229786,-0.229786,-0.229786,-0.229786,-0.229786,-0.229786,-0.229786,-0.229786,-0.229786,-0.229786,-0.229786,-0.229786,-0.229786,-0.229786,-0.229786,-0.229786,-0.229786,-0.229786,-0.229786,-0.229786,-0.229786,-0.229786,-0.229786,-0.229786,-0.229786,-0.229786,-0.229786,-0.229786,-0.229786,-0.229786,-0.229786,-0.229786,-0.229786,-0.229786,-0.229786,-0.229786,-0.229786,-0.229786,-0.229786,-0.229786,-0.229786,-0.229786,-0.229786,-0.229786,-0.229786,-0.229786,-0.229786,-0.229786,-0.229786,-0.229786,-0.229786,-0.229786,-0.229786,-0.229786,-0.229786,-0.229786,-0.229786,-0.229786,-0.229786,-0.229786,-0.229786,-0.229786,-0.229786,-0.673963,-0.281673,-0.039949,-0.852570,-0.563786,-0.039949,-0.678468,-0.725186,-0.039949,-0.439582,-0.686400,-0.039949,-0.283437,-0.483653,-0.039949,-0.508718,-0.822039,-0.039949,-0.192997,-1.046772,-0.039949,-0.030424,-1.090556,-0.039949,0.097347,-1.095398,-0.039949,-0.176816,-0.661841,-0.039949,0.153603,-0.778557,-0.039949,-0.039461,-0.601756,-0.039949,-0.240251,-0.459775,-0.039949,0.102205,-0.508295,-0.039949,0.399797,-0.786721,-0.039949,0.284196,-0.830068,-0.039949,0.129587,-0.753915,-0.039949,0.302697,-0.388326,-0.039949,0.594968,-0.685662,-0.039949,0.680451,-0.783649,-0.039949,0.676976,-0.789441,-0.039949,-0.131843,-0.288087,1.019857,-0.157026,-0.222939,1.019857,-0.195135,-0.150690,1.019857,-0.297636,-0.016488,1.019857,-0.276849,-0.021969,1.019857,-0.278685,0.020137,1.019857,-0.200977,-0.058063,1.019857,-0.167638,-0.114629,1.019857,-0.155673,-0.128990,1.019857,-0.081846,-0.130685,1.019857,0.088910,-0.105474,1.019857,0.075580,-0.089291,1.019857,0.321604,-0.121792,1.019857,0.390817,-0.187950,1.019857,0.329081,-0.389468,1.019857,0.235678,-0.485362,1.019857,0.128237,-0.531475,1.019857,-0.131429,-0.364884,1.019857,-0.136206,-0.354122,1.019857,-0.156066,-0.360130,1.019857,-0.188193,-0.387953,1.019857,-0.205650,-0.385430,1.019857,-0.171428,-0.464804,1.019857,-0.175571,-0.504239,1.019857,-0.152301,-0.510792,1.019857,-0.146295,-0.529436,1.019857,-0.077920,-0.580295,1.019857,-0.207634,-0.325085,1.019857,-0.134858,-0.134858,-0.134858,-0.219825,-0.281015,1.019857,-0.223611,-0.259207,1.019857,-0.262935,-0.146622,1.019857,-0.134858,-0.134858,-0.134858,-0.212631,-0.146872,1.019857,-0.175783,-0.172518,1.019857,-0.071823,-0.193029,1.019857,-0.134858,-0.134858,-0.134858,-0.134858,-0.134858,-0.134858,-0.134858,-0.134858,-0.134858,-0.134858,-0.134858,-0.134858,-0.134858,-0.134858,-0.134858,-0.172123,-0.308037,1.019857,-0.134858,-0.134858,-0.134858,-0.151617,-0.401693,1.019857,-0.153584,-0.390494,1.019857,-0.134858,-0.134858,-0.134858,-0.111677,-0.469807,1.019857,-0.134858,-0.134858,-0.134858,-0.252846,0.072855,1.019857,-0.134858,-0.134858,-0.134858,-0.134858,-0.134858,-0.134858,-0.134858,-0.134858,-0.134858,-0.134858,-0.134858,-0.134858,-0.134858,-0.134858,-0.134858,-0.014426,0.007149,1.019857,-0.110599,-0.044739,1.019857,-0.155176,-0.084473,1.019857,-0.155176,-0.084473,1.019857,-0.194872,-0.022737,1.019857,-0.218685,0.024085,1.019857,-0.252846,0.072855,1.019857,-0.134858,-0.134858,-0.134858,-0.134858,-0.134858,-0.134858,-0.134858,-0.134858,-0.134858,-0.134858,-0.134858,-0.134858,-0.134858,-0.134858,-0.134858,-0.134858,-0.134858,-0.134858,-0.134858,-0.134858,-0.134858,-0.169043,-0.352723,1.019857,-0.140276,-0.507625,1.019857
-0.087939,0.171078,-0.489544,-1.234636,1.119123,0.696095,-1.039248,0.468012,0.050950,0.301276,-0.058999,-0.688746,-0.464180,-0.379094,-0.468412,-0.936272,1.526077,0.783086,-0.341399,1.001260,0.894414,0.315785,0.661070,0.215296,-0.728163,0.539406,-0.572944,-0.933871,0.475300,-0.748504,-0.134858,-0.134858,-0.134858,-0.134858,-0.134858,-0.134858,-0.134858,-0.134858,-0.134858,-0.134858,-0.134858,-0.134858,-0.134858,-0.134858,-0.134858,0.210165,-0.581326,-1.334175,-0.154221,0.270051,-1.010168,-0.959737,-0.230701,-0.406040,0.214133,0.771387,-0.038012,-0.134858,-0.134858,-0.134858,-0.134858,-0.134858,-0.134858,-0.134858,-0.134858,-0.134858,-0.134858,-0.134858,-0.134858,-0.134858,-0.134858,-0.134858,-0.134858,-0.134858,-0.134858,-0.229786,-0.229786,-0.229786,-0.229786,-0.229786,-0.229786,-0.229786,-0.229786,-0.229786,-0.229786,-0.229786,-0.229786,-0.229786,-0.229786,-0.229786,-0.229786,-0.229786,-0.229786,-0.229786,-0.229786,-0.229786,-0.229786,-0.229786,-0.229786,-0.229786,-0.229786,-0.229786,-0.229786,-0.229786,-0.229786,-0.229786,-0.229786,-0.229786,-0.229786,-0.229786,-0.229786,-0.229786,-0.229786,-0.229786,-0.229786,-0.229786,-0.229786,-0.229786,-0.229786,-0.229786,-0.229786,-0.229786,-0.229786,-0.229786,-0.229786,-0.229786,-0.229786,-0.229786,-0.229786,-0.229786,-0.229786,-0.229786,-0.229786,-0.229786,-0.229786,-0.229786,-0.229786,-0.229786,-0.419850,0.017003,-0.039949,-0.693966,-0.311245,-0.039949,-0.647825,-0.594055,-0.039949,-0.495349,-0.805488,-0.039949,-0.365726,-0.885569,-0.039949,-0.502495,-0.543267,-0.039949,-0.289650,-0.906327,-0.039949,-0.185849,-1.056801,-0.039949,-0.084507,-1.121723,-0.039949,-0.113035,-0.387607,-0.039949,0.103993,-0.792213,-0.039949,-0.145125,-0.654962,-0.039949,-0.353129,-0.461503,-0.039949,0.208192,-0.262254,-0.039949,0.396045,-0.819020,-0.039949,0.196444,-0.871999,-0.039949,0.011653,-0.678189,-0.039949,0.435720,-0.186815,-0.039949,0.598917,-0.720644,-0.039949,0.568905,-0.809325,-0.039949,0.490274,-0.676451,-0.039949,-0.399418,0.033438,1.019857,-0.433088,0.146094,1.019857,-0.483760,0.255402,1.019857,-0.593149,0.352638,1.019857,-0.570295,0.444701,1.019857,-0.533005,0.455606,1.019857,-0.436086,0.368319,1.019857,-0.391328,0.281602,1.019857,-0.349126,0.266678,1.019857,-0.162256,0.308954,1.019857,0.139954,0.404094,1.019857,0.145172,0.340187,1.019857,0.552349,0.368450,1.019857,0.681235,0.339053,1.019857,0.728731,0.196269,1.019857,0.641009,0.069936,1.019857,0.462716,-0.109822,1.019857,-0.284061,-0.251714,1.019857,-0.253206,-0.302078,1.019857,-0.257993,-0.345618,1.019857,-0.267875,-0.384441,1.019857,-0.270833,-0.283431,1.019857,-0.167542,-0.466945,1.019857,-0.161047,-0.553762,1.019857,-0.083080,-0.540736,1.019857,-0.020786,-0.551643,1.019857,0.151169,-0.456234,1.019857,-0.291074,-0.218969,1.019857,-0.134858,-0.134858,-0.134858,-0.354212,-0.143871,1.019857,-0.379782,-0.104325,1.019857,-0.427175,0.049254,1.019857,-0.134858,-0.134858,-0.134858,-0.389214,0.070430,1.019857,-0.348437,0.060094,1.019857,-0.226481,0.060581,1.019857,-0.134858,-0.134858,-0.134858,-0.134858,-0.134858,-0.134858,-0.134858,-0.134858,-0.134858,-0.134858,-0.134858,-0.134858,-0.134858,-0.134858,-0.134858,-0.321127,-0.155652,1.019857,-0.134858,-0.134858,-0.134858,-0.111090,-0.230795,1.019857,-0.062391,-0.260620,1.019857,-0.134858,-0.134858,-0.134858,-0.006046,-0.165741,1.019857,-0.134858,-0.134858,-0.134858,-0.502553,0.215866,1.019857,-0.134858,-0.134858,-0.134858,-0.134858,-0.134858,-0.134858,-0.134858,-0.134858,-0.134858,-0.134858,-0.134858,-0.134858,-0.134858,-0.134858,-0.134858,-0.050714,0.209345,1.019857,-0.251068,0.095260,1.019857,-0.363694,0.115647,1.019857,-0.363694,0.115647,1.019857,-0.442070,0.164155,1.019857,-0.475885,0.193040,1.019857,-0.502553,0.215866,1.019857,-0.134858,-0.134858,-0.134858,-0.134858,-0.134858,-0.134858,-0.134858,-0.134858,-0.134858,-0.134858,-0.134858,-0.134858,-0.134858,-0.134858,-0.134858,-0.134858,-0.134858,-0.134858,-0.134858,-0.134858,-0.134858,-0.312818,-0.193258,1.019857,-0.050101,-0.186316,1.019857
-0.087939,0.171078,-0.489544,-1.234636,1.119123,0.696095,-1.039248,0.468012,0.050950,0.301276,-0.058999,-0.688746,-0.464180,-0.379094,-0.468412,-0.936272,1.526077,0.783086,-0.341399,1.001260,0.894414,0.315785,0.661070,0.215296,-0.728163,0.539406,-0.572944,-0.933871,0.475300,-0.748504,-0.134858,-0.134858,-0.134858,-0.134858,-0.134858,-0.134858,-0.134858,-0.134858,-0.134858,-0.134858,-0.134858,-0.134858,-0.134858,-0.134858,-0.134858,0.210165,-0.581326,-1.334175,-0.154221,0.270051,-1.010168,-0.959737,-0.230701,-0.406040,0.214133,0.771387,-0.038012,-0.134858,-0.134858,-0.134858,-0.134858,-0.134858,-0.134858,-0.134858,-0.134858,-0.134858,-0.134858,-0.134858,-0.134858,-0.134858,-0.134858,-0.134858,-0.134858,-0.134858,-0.134858,-0.229786,-0.229786,-0.229786,-0.229786,-0.229786,-0.229786,-0.229786,-0.229786,-0.229786,-0.229786,-0.229786,-0.229786,-0.229786,-0.229786,-0.229786,-0.229786,-0.229786,-0.229786,-0.229786,-0.229786,-0.229786,-0.229786,-0.229786,-0.229786,-0.229786,-0.229786,-0.229786,-0.229786,-0.229786,-0.229786,-0.229786,-0.229786,-0.229786,-0.229786,-0.229786,-0.229786,-0.229786,-0.229786,-0.229786,-0.229786,-0.229786,-0.229786,-0.229786,-0.229786,-0.229786,-0.229786,-0.229786,-0.229786,-0.229786,-0.229786,-0.229786,-0.229786,-0.229786,-0.229786,-0.229786,-0.229786,-0.229786,-0.229786,-0.229786,-0.229786,-0.229786,-0.229786,-0.229786,-0.419850,0.017003,-0.039949,-0.693966,-0.311245,-0.039949,-0.647825,-0.594055,-0.039949,-0.495349,-0.805488,-0.039949,-0.365726,-0.885569,-0.039949,-0.502495,-0.543267,-0.039949,-0.289650,-0.906327,-0.039949,-0.185849,-1.056801,-0.039949,-0.084507,-1.121723,-0.039949,-0.113035,-0.387607,-0.039949,0.103993,-0.792213,-0.039949,-0.145125,-0.654962,-0.039949,-0.353129,-0.461503,-0.039949,0.208192,-0.262254,-0.039949,0.396045,-0.819020,-0.039949,0.196444,-0.871999,-0.039949,0.011653,-0.678189,-0.039949,0.435720,-0.186815,-0.039949,0.598917,-0.720644,-0.039949,0.568905,-0.809325,-0.039949,0.490274,-0.676451,-0.039949,-0.399418,0.033438,1.019857,-0.433088,0.146094,1.019857,-0.483760,0.255402,1.019857,-0.593149,0.352638,1.019857,-0.570295,0.444701,1.019857,-0.533005,0.455606,1.019857,-0.436086,0.368319,1.019857,-0.391328,0.281602,1.019857,-0.349126,0.266678,1.019857,-0.162256,0.308954,1.019857,0.139954,0.404094,1.019857,0.145172,0.340187,1.019857,0.552349,0.368450,1.019857,0.681235,0.339053,1.019857,0.728731,0.196269,1.019857,0.641009,0.069936,1.019857,0.462716,-0.109822,1.019857,-0.284061,-0.251714,1.019857,-0.253206,-0.302078,1.019857,-0.257993,-0.345618,1.019857,-0.267875,-0.384441,1.019857,-0.270833,-0.283431,1.019857,-0.167542,-0.466945,1.019857,-0.161047,-0.553762,1.019857,-0.083080,-0.540736,1.019857,-0.020786,-0.551643,1.019857,0.151169,-0.456234,1.019857,-0.291074,-0.218969,1.019857,-0.134858,-0.134858,-0.134858,-0.354212,-0.143871,1.019857,-0.379782,-0.104325,1.019857,-0.427175,0.049254,1.019857,-0.134858,-0.134858,-0.134858,-0.389214,0.070430,1.019857,-0.348437,0.060094,1.019857,-0.226481,0.060581,1.019857,-0.134858,-0.134858,-0.134858,-0.134858,-0.134858,-0.134858,-0.134858,-0.134858,-0.134858,-0.134858,-0.134858,-0.134858,-0.134858,-0.134858,-0.134858,-0.321127,-0.155652,1.019857,-0.134858,-0.134858,-0.134858,-0.111090,-0.230795,1.019857,-0.062391,-0.260620,1.019857,-0.134858,-0.134858,-0.134858,-0.006046,-0.165741,1.019857,-0.134858,-0.134858,-0.134858,-0.502553,0.215866,1.019857,-0.134858,-0.134858,-0.134858,-0.134858,-0.134858,-0.134858,-0.134858,-0.134858,-0.134858,-0.134858,-0.134858,-0.134858,-0.134858,-0.134858,-0.134858,-0.050714,0.209345,1.019857,-0.251068,0.095260,1.019857,-0.363694,0.115647,1.019857,-0.363694,0.115647,1.019857,-0.442070,0.164155,1.019857,-0.475885,0.193040,1.019857,-0.502553,0.215866,1.019857,-0.134858,-0.134858,-0.134858,-0.134858,-0.134858,-0.134858,-0.134858,-0.134858,-0.134858,-0.134858,-0.134858,-0.134858,-0.134858,-0.134858,-0.134858,-0.134858,-0.134858,-0.134858,-0.134858,-0.134858,-0.134858,-0.312818,-0.193258,1.019857,-0.050101,-0.186316,1.019857
-0.186770,0.065071,-0.758172,-1.037225,1.204916,0.500744,-0.912827,0.504323,-0.179129,0.783041,1.280134,-0.751799,-0.300319,0.210478,-0.391174,-0.642591,1.653932,0.631735,-0.191559,1.455777,0.786945,0.286762,0.650779,0.086491,-0.764870,0.804131,-0.670055,-0.935811,0.803662,-0.800246,-0.134858,-0.134858,-0.134858,-0.134858,-0.134858,-0.134858,-0.134858,-0.134858,-0.134858,-0.134858,-0.134858,-0.134858,-0.134858,-0.134858,-0.134858,0.152223,-0.608543,-1.432764,-0.179070,0.188156,-1.137863,-1.007284,-0.233907,-0.745237,0.209875,0.565888,-0.315510,-0.134858,-0.134858,-0.134858,-0.134858,-0.134858,-0.134858,-0.134858,-0.134858,-0.134858,-0.134858,-0.134858,-0.134858,-0.134858,-0.134858,-0.134858,-0.134858,-0.134858,-0.134858,-0.229786,-0.229786,-0.229786,-0.229786,-0.229786,-0.229786,-0.229786,-0.229786,-0.229786,-0.229786,-0.229786,-0.229786,-0.229786,-0.229786,-0.229786,-0.229786,-0.229786,-0.229786,-0.229786,-0.229786,-0.229786,-0.229786,-0.229786,-0.229786,-0.229786,-0.229786,-0.229786,-0.229786,-0.229786,-0.229786,-0.229786,-0.229786,-0.229786,-0.229786,-0.229786,-0.229786,-0.229786,-0.229786,-0.229786,-0.229786,-0.229786,-0.229786,-0.229786,-0.229786,-0.229786,-0.229786,-0.229786,-0.229786,-0.229786,-0.229786,-0.229786,-0.229786,-0.229786,-0.229786,-0.229786,-0.229786,-0.229786,-0.229786,-0.229786,-0.229786,-0.229786,-0.229786,-0.229786,-0.207474,0.338721,-0.039949,-0.668153,0.031092,-0.039949,-0.670388,-0.152190,-0.039949,-0.470018,-0.079200,-0.039949,-0.324639,0.123640,-0.039949,-0.541302,-0.146426,-0.039949,-0.420325,-0.627753,-0.039949,-0.373487,-0.865793,-0.039949,-0.338282,-0.968861,-0.039949,-0.103003,-0.028263,-0.039949,0.057416,-0.570393,-0.039949,-0.030384,-0.647998,-0.039949,-0.163340,-0.573167,-0.039949,0.252123,0.065821,-0.039949,0.408944,-0.599197,-0.039949,0.312418,-0.864685,-0.039949,0.171066,-0.839953,-0.039949,0.492986,0.122986,-0.039949,0.528037,-0.370725,-0.039949,0.504691,-0.561595,-0.039949,0.448074,-0.555169,-0.039949,-0.731773,0.055318,1.019857,-0.742378,0.168593,1.019857,-0.754174,0.287886,1.019857,-0.729182,0.484643,1.019857,-0.743082,0.502224,1.019857,-0.613907,0.579958,1.019857,-0.424031,0.516652,1.019857,-0.316819,0.448992,1.019857,-0.271169,0.424641,1.019857,-0.174316,0.415932,1.019857,-0.050200,0.432983,1.019857,-0.034765,0.405455,1.019857,0.172533,0.343766,1.019857,0.238606,0.259661,1.019857,0.260481,0.010891,1.019857,0.224288,-0.128027,1.019857,0.148525,-0.236614,1.019857,-0.527793,-0.123637,1.019857,-0.458023,-0.152138,1.019857,-0.435943,-0.207202,1.019857,-0.419939,-0.256077,1.019857,-0.417426,-0.151817,1.019857,-0.297061,-0.363876,1.019857,-0.294877,-0.462299,1.019857,-0.233730,-0.447597,1.019857,-0.192445,-0.463728,1.019857,-0.070275,-0.447623,1.019857,-0.366951,-0.045500,1.019857,-0.134858,-0.134858,-0.134858,-0.337788,0.066932,1.019857,-0.338135,0.114236,1.019857,-0.373452,0.267123,1.019857,-0.134858,-0.134858,-0.134858,-0.340970,0.272272,1.019857,-0.320621,0.247702,1.019857,-0.308627,0.218949,1.019857,-0.134858,-0.134858,-0.134858,-0.134858,-0.134858,-0.134858,-0.134858,-0.134858,-0.134858,-0.134858,-0.134858,-0.134858,-0.134858,-0.134858,-0.134858,-0.488829,0.031436,1.019857,-0.134858,-0.134858,-0.134858,-0.296736,-0.096838,1.019857,-0.266503,-0.080216,1.019857,-0.134858,-0.134858,-0.134858,-0.187729,-0.118150,1.019857,-0.134858,-0.134858,-0.134858,-0.415568,0.476076,1.019857,-0.134858,-0.134858,-0.134858,-0.134858,-0.134858,-0.134858,-0.134858,-0.134858,-0.134858,-0.134858,-0.134858,-0.134858,-0.134858,-0.134858,-0.134858,-0.165970,0.392256,1.019857,-0.229314,0.328059,1.019857,-0.287339,0.340050,1.019857,-0.287339,0.340050,1.019857,-0.359327,0.399543,1.019857,-0.394477,0.438569,1.019857,-0.415568,0.476076,1.019857,-0.134858,-0.134858,-0.134858,-0.134858,-0.134858,-0.134858,-0.134858,-0.134858,-0.134858,-0.134858,-0.134858,-0.134858,-0.134858,-0.134858,-0.134858,-0.134858,-0.134858,-0.134858,-0.134858,-0.134858,-0.134858,-0.461649,-0.016550,1.019857,-0.232775,-0.135793,1.019857
-0.592642,0.066922,-0.835070,-0.665569,1.225189,0.355086,-0.638920,0.537532,-0.350683,0.757246,1.403667,-0.749024,0.087069,0.398115,-0.365796,-0.239445,1.613199,0.487951,-0.082842,1.969732,0.670950,0.245355,0.665156,-0.046781,-0.811257,1.000273,-0.771752,-0.937638,0.939628,-0.853217,-0.134858,-0.134858,-0.134858,-0.134858,-0.134858,-0.134858,-0.134858,-0.134858,-0.134858,-0.134858,-0.134858,-0.134858,-0.134858,-0.134858,-0.134858,-0.054084,-0.590229,-1.322825,-0.436712,0.184503,-1.061761,-1.071204,-0.168886,-0.820517,-0.125527,0.401832,-0.387357,-0.134858,-0.134858,-0.134858,-0.134858,-0.134858,-0.134858,-0.134858,-0.134858,-0.134858,-0.134858,-0.134858,-0.134858,-0.134858,-0.134858,-0.134858,-0.134858,-0.134858,-0.134858,-0.229786,-0.229786,-0.229786,-0.229786,-0.229786,-0.229786,-0.229786,-0.229786,-0.229786,-0.229786,-0.229786,-0.229786,-0.229786,-0.229786,-0.229786,-0.229786,-0.229786,-0.229786,-0.229786,-0.229786,-0.229786,-0.229786,-0.229786,-0.229786,-0.229786,-0.229786,-0.229786,-0.229786,-0.229786,-0.229786,-0.229786,-0.229786,-0.229786,-0.229786,-0.229786,-0.229786,-0.229786,-0.229786,-0.229786,-0.229786,-0.229786,-0.229786,-0.229786,-0.229786,-0.229786,-0.229786,-0.229786,-0.229786,-0.229786,-0.229786,-0.229786,-0.229786,-0.229786,-0.229786,-0.229786,-0.229786,-0.229786,-0.229786,-0.229786,-0.229786,-0.229786,-0.229786,-0.229786,0.045731,0.687352,-0.039949,-0.520314,0.391838,-0.039949,-0.657654,0.230661,-0.039949,-0.491938,0.229367,-0.039949,-0.353725,0.339883,-0.039949,-0.585370,0.289234,-0.039949,-0.590387,-0.286296,-0.039949,-0.584986,-0.647180,-0.039949,-0.570504,-0.850437,-0.039949,-0.118050,0.380696,-0.039949,-0.061442,-0.232236,-0.039949,0.000635,-0.499703,-0.039949,0.038927,-0.588686,-0.039949,0.280806,0.432429,-0.039949,0.305931,-0.284719,-0.039949,0.307955,-0.712616,-0.039949,0.307898,-0.858272,-0.039949,0.563112,0.438946,-0.039949,0.508451,-0.057160,-0.039949,0.484770,-0.291945,-0.039949,0.468301,-0.361709,-0.039949,-0.693433,0.001165,1.019857,-0.687177,0.049004,1.019857,-0.683237,0.112967,1.019857,-0.731385,0.309007,1.019857,-0.695795,0.234459,1.019857,-0.719702,0.353293,1.019857,-0.732762,0.399752,1.019857,-0.740829,0.431821,1.019857,-0.724104,0.431308,1.019857,-0.674197,0.389069,1.019857,-0.663819,0.311243,1.019857,-0.600002,0.356744,1.019857,-0.531285,0.241435,1.019857,-0.442200,0.162965,1.019857,-0.158659,-0.058850,1.019857,-0.054395,-0.132192,1.019857,-0.069571,-0.112954,1.019857,-0.691815,-0.027477,1.019857,-0.676413,-0.047337,1.019857,-0.667733,-0.081362,1.019857,-0.659509,-0.117267,1.019857,-0.633263,0.001273,1.019857,-0.469671,-0.199236,1.019857,-0.453679,-0.267334,1.019857,-0.362960,-0.270763,1.019857,-0.298570,-0.276262,1.019857,-0.162924,-0.256003,1.019857,-0.617379,0.156418,1.019857,-0.134858,-0.134858,-0.134858,-0.652404,0.271586,1.019857,-0.672444,0.306421,1.019857,-0.690321,0.427826,1.019857,-0.134858,-0.134858,-0.134858,-0.683413,0.434339,1.019857,-0.662310,0.409814,1.019857,-0.619787,0.400672,1.019857,-0.134858,-0.134858,-0.134858,-0.134858,-0.134858,-0.134858,-0.134858,-0.134858,-0.134858,-0.134858,-0.134858,-0.134858,-0.134858,-0.134858,-0.134858,-0.706933,0.209588,1.019857,-0.134858,-0.134858,-0.134858,-0.437769,0.014183,1.019857,-0.363201,-0.019891,1.019857,-0.134858,-0.134858,-0.134858,-0.339776,0.089381,1.019857,-0.134858,-0.134858,-0.134858,-0.755695,0.524729,1.019857,-0.134858,-0.134858,-0.134858,-0.134858,-0.134858,-0.134858,-0.134858,-0.134858,-0.134858,-0.134858,-0.134858,-0.134858,-0.134858,-0.134858,-0.134858,-0.501951,0.470195,1.019857,-0.570656,0.458576,1.019857,-0.672906,0.460534,1.019857,-0.672906,0.460534,1.019857,-0.728870,0.490690,1.019857,-0.744707,0.509112,1.019857,-0.755695,0.524729,1.019857,-0.134858,-0.134858,-0.134858,-0.134858,-0.134858,-0.134858,-0.134858,-0.134858,-0.134858,-0.134858,-0.134858,-0.134858,-0.134858,-0.134858,-0.134858,-0.134858,-0.134858,-0.134858,-0.134858,-0.134858,-0.134858,-0.697955,0.203884,1.019857,-0.370967,0.072897,1.019857
-0.592642,0.066922,-0.835070,-0.665569,1.225189,0.355086,-0.638920,0.537532,-0.350683,0.757246,1.403667,-0.749024,0.087069,0.398115,-0.365796,-0.239445,1.613199,0.487951,-0.082842,1.969732,0.670950,0.245355,0.665156,-0.046781,-0.811257,1.000273,-0.771752,-0.937638,0.939628,-0.853217,-0.134858,-0.134858,-0.134858,-0.134858,-0.134858,-0.134858,-0.134858,-0.134858,-0.134858,-0.134858,-0.134858,-0.134858,-0.134858,-0.134858,-0.134858,-0.054084,-0.590229,-1.322825,-0.436712,0.184503,-1.061761,-1.071204,-0.168886,-0.820517,-0.125527,0.401832,-0.387357,-0.134858,-0.134858,-0.134858,-0.134858,-0.134858,-0.134858,-0.134858,-0.134858,-0.134858,-0.134858,-0.134858,-0.134858,-0.134858,-0.134858,-0.134858,-0.134858,-0.134858,-0.134858,-0.229786,-0.229786,-0.229786,-0.229786,-0.229786,-0.229786,-0.229786,-0.229786,-0.229786,-0.229786,-0.229786,-0.229786,-0.229786,-0.229786,-0.229786,-0.229786,-0.229786,-0.229786,-0.229786,-0.229786,-0.229786,-0.229786,-0.229786,-0.229786,-0.229786,-0.229786,-0.229786,-0.229786,-0.229786,-0.229786,-0.229786,-0.229786,-0.229786,-0.229786,-0.229786,-0.229786,-0.229786,-0.229786,-0.229786,-0.229786,-0.229786,-0.229786,-0.229786,-0.229786,-0.229786,-0.229786,-0.229786,-0.229786,-0.229786,-0.229786,-0.229786,-0.229786,-0.229786,-0.229786,-0.229786,-0.229786,-0.229786,-0.229786,-0.229786,-0.229786,-0.229786,-0.229786,-0.229786,0.045731,0.687352,-0.039949,-0.520314,0.391838,-0.039949,-0.657654,0.230661,-0.039949,-0.491938,0.229367,-0.039949,-0.353725,0.339883,-0.039949,-0.585370,0.289234,-0.039949,-0.590387,-0.286296,-0.039949,-0.584986,-0.647180,-0.039949,-0.570504,-0.850437,-0.039949,-0.118050,0.380696,-0.039949,-0.061442,-0.232236,-0.039949,0.000635,-0.499703,-0.039949,0.038927,-0.588686,-0.039949,0.280806,0.432429,-0.039949,0.305931,-0.284719,-0.039949,0.307955,-0.712616,-0.039949,0.307898,-0.858272,-0.039949,0.563112,0.438946,-0.039949,0.508451,-0.057160,-0.039949,0.484770,-0.291945,-0.039949,0.468301,-0.361709,-0.039949,-0.693433,0.001165,1.019857,-0.687177,0.049004,1.019857,-0.683237,0.112967,1.019857,-0.731385,0.309007,1.019857,-0.695795,0.234459,1.019857,-0.719702,0.353293,1.019857,-0.732762,0.399752,1.019857,-0.740829,0.431821,1.019857,-0.724104,0.431308,1.019857,-0.674197,0.389069,1.019857,-0.663819,0.311243,1.019857,-0.600002,0.356744,1.019857,-0.531285,0.241435,1.019857,-0.442200,0.162965,1.019857,-0.158659,-0.058850,1.019857,-0.054395,-0.132192,1.019857,-0.069571,-0.112954,1.019857,-0.691815,-0.027477,1.019857,-0.676413,-0.047337,1.019857,-0.667733,-0.081362,1.019857,-0.659509,-0.117267,1.019857,-0.633263,0.001273,1.019857,-0.469671,-0.199236,1.019857,-0.453679,-0.267334,1.019857,-0.362960,-0.270763,1.019857,-0.298570,-0.276262,1.019857,-0.162924,-0.256003,1.019857,-0.617379,0.156418,1.019857,-0.134858,-0.134858,-0.134858,-0.652404,0.271586,1.019857,-0.672444,0.306421,1.019857,-0.690321,0.427826,1.019857,-0.134858,-0.134858,-0.134858,-0.683413,0.434339,1.019857,-0.662310,0.409814,1.019857,-0.619787,0.400672,1.019857,-0.134858,-0.134858,-0.134858,-0.134858,-0.134858,-0.134858,-0.134858,-0.134858,-0.134858,-0.134858,-0.134858,-0.134858,-0.134858,-0.134858,-0.134858,-0.706933,0.209588,1.019857,-0.134858,-0.134858,-0.134858,-0.437769,0.014183,1.019857,-0.363201,-0.019891,1.019857,-0.134858,-0.134858,-0.134858,-0.339776,0.089381,1.019857,-0.134858,-0.134858,-0.134858,-0.755695,0.524729,1.019857,-0.134858,-0.134858,-0.134858,-0.134858,-0.134858,-0.134858,-0.134858,-0.134858,-0.134858,-0.134858,-0.134858,-0.134858,-0.134858,-0.134858,-0.134858,-0.501951,0.470195,1.019857,-0.570656,0.458576,1.019857,-0.672906,0.460534,1.019857,-0.672906,0.460534,1.019857,-0.728870,0.490690,1.019857,-0.744707,0.509112,1.019857,-0.755695,0.524729,1.019857,-0.134858,-0.134858,-0.134858,-0.134858,-0.134858,-0.134858,-0.134858,-0.134858,-0.134858,-0.134858,-0.134858,-0.134858,-0.134858,-0.134858,-0.134858,-0.134858,-0.134858,-0.134858,-0.134858,-0.134858,-0.134858,-0.697955,0.203884,1.019857,-0.370967,0.072897,1.019857
-0.763568,0.181134,-0.807201,-0.372618,1.194040,0.144785,-0.400790,0.716955,-0.598371,1.363496,1.479092,-0.904157,0.464251,0.816241,-0.487441,-0.014421,1.011756,0.383217,0.293911,1.745037,0.481766,0.156221,0.359363,-0.236494,-0.477326,0.957358,-0.832927,-0.440699,0.921955,-0.890829,-0.134858,-0.134858,-0.134858,-0.134858,-0.134858,-0.134858,-0.134858,-0.134858,-0.134858,-0.134858,-0.134858,-0.134858,-0.134858,-0.134858,-0.134858,-0.314281,-0.402896,-1.146566,-0.641516,0.235100,-0.916421,-1.120449,0.016463,-0.862372,-0.460788,0.321346,-0.366046,-0.134858,-0.134858,-0.134858,-0.134858,-0.134858,-0.134858,-0.134858,-0.134858,-0.134858,-0.134858,-0.134858,-0.134858,-0.134858,-0.134858,-0.134858,-0.134858,-0.134858,-0.134858,-0.229786,-0.229786,-0.229786,-0.229786,-0.229786,-0.229786,-0.229786,-0.229786,-0.229786,-0.229786,-0.229786,-0.229786,-0.229786,-0.229786,-0.229786,-0.229786,-0.229786,-0.229786,-0.229786,-0.229786,-0.229786,-0.229786,-0.229786,-0.229786,-0.229786,-0.229786,-0.229786,-0.229786,-0.229786,-0.229786,-0.229786,-0.229786,-0.229786,-0.229786,-0.229786,-0.229786,-0.229786,-0.229786,-0.229786,-0.229786,-0.229786,-0.229786,-0.229786,-0.229786,-0.229786,-0.229786,-0.229786,-0.229786,-0.229786,-0.229786,-0.229786,-0.229786,-0.229786,-0.229786,-0.229786,-0.229786,-0.229786,-0.229786,-0.229786,-0.229786,-0.229786,-0.229786,-0.229786,0.303107,1.081063,-0.039949,-0.391540,0.862624,-0.039949,-0.612264,0.723902,-0.039949,-0.515505,0.666903,-0.039949,-0.393360,0.718679,-0.039949,-0.562997,0.825639,-0.039949,-0.731910,0.190233,-0.039949,-0.813767,-0.278287,-0.039949,-0.852409,-0.567918,-0.039949,-0.095957,0.873549,-0.039949,-0.317350,0.213287,-0.039949,-0.465603,0.246942,-0.039949,-0.516508,0.367964,-0.039949,0.311326,0.892511,-0.039949,0.110354,0.235118,-0.039949,-0.053798,0.353252,-0.039949,-0.116221,0.589134,-0.039949,0.610097,0.853893,-0.039949,0.482060,0.328530,-0.039949,0.421571,0.399439,-0.039949,0.425856,0.591739,-0.039949,-0.987947,0.278238,1.019857,-1.021993,0.318064,1.019857,-1.052434,0.378926,1.019857,-1.137241,0.570650,1.019857,-1.128186,0.507740,1.019857,-1.135490,0.614818,1.019857,-1.078169,0.632493,1.019857,-1.080010,0.630246,1.019857,-1.095278,0.614866,1.019857,-1.114343,0.568978,1.019857,-1.105901,0.490619,1.019857,-1.062699,0.492737,1.019857,-0.916108,0.390072,1.019857,-0.825855,0.317188,1.019857,-0.592454,0.077836,1.019857,-0.518747,-0.002849,1.019857,-0.540930,0.018082,1.019857,-0.896714,0.331966,1.019857,-0.881519,0.324503,1.019857,-0.885698,0.285973,1.019857,-0.898355,0.232334,1.019857,-0.910912,0.319958,1.019857,-0.828500,0.068692,1.019857,-0.812025,-0.002824,1.019857,-0.767346,-0.041954,1.019857,-0.734239,-0.079396,1.019857,-0.654873,-0.096272,1.019857,-0.913649,0.415777,1.019857,-0.134858,-0.134858,-0.134858,-0.947214,0.513789,1.019857,-0.962147,0.549761,1.019857,-0.984459,0.569509,1.019857,-0.134858,-0.134858,-0.134858,-0.995048,0.562333,1.019857,-0.994155,0.557602,1.019857,-0.993025,0.519568,1.019857,-0.134858,-0.134858,-0.134858,-0.134858,-0.134858,-0.134858,-0.134858,-0.134858,-0.134858,-0.134858,-0.134858,-0.134858,-0.134858,-0.134858,-0.134858,-0.928242,0.469132,1.019857,-0.134858,-0.134858,-0.134858,-0.833234,0.246645,1.019857,-0.799924,0.208247,1.019857,-0.134858,-0.134858,-0.134858,-0.798314,0.234012,1.019857,-0.134858,-0.134858,-0.134858,-1.039386,0.535444,1.019857,-0.134858,-0.134858,-0.134858,-0.134858,-0.134858,-0.134858,-0.134858,-0.134858,-0.134858,-0.134858,-0.134858,-0.134858,-0.134858,-0.134858,-0.134858,-1.035059,0.461100,1.019857,-1.033167,0.452845,1.019857,-1.048263,0.506609,1.019857,-1.048263,0.506609,1.019857,-1.049144,0.531190,1.019857,-1.051122,0.538931,1.019857,-1.039386,0.535444,1.019857,-0.134858,-0.134858,-0.134858,-0.134858,-0.134858,-0.134858,-0.134858,-0.134858,-0.134858,-0.134858,-0.134858,-0.134858,-0.134858,-0.134858,-0.134858,-0.134858,-0.134858,-0.134858,-0.134858,-0.134858,-0.134858,-0.916861,0.462861,1.019857,-0.810746,0.225999,1.019857
-0.763568,0.181134,-0.807201,-0.372618,1.194040,0.144785,-0.400790,0.716955,-0.598371,1.363496,1.479092,-0.904157,0.464251,0.816241,-0.487441,-0.014421,1.011756,0.383217,0.293911,1.745037,0.481766,0.156221,0.359363,-0.236494,-0.477326,0.957358,-0.832927,-0.440699,0.921955,-0.890829,-0.134858,-0.134858,-0.134858,-0.134858,-0.134858,-0.134858,-0.134858,-0.134858,-0.134858,-0.134858,-0.134858,-0.134858,-0.134858,-0.134858,-0.134858,-0.314281,-0.402896,-1.146566,-0.641516,0.235100,-0.916421,-1.120449,0.016463,-0.862372,-0.460788,0.321346,-0.366046,-0.134858,-0.134858,-0.134858,-0.134858,-0.134858,-0.134858,-0.134858,-0.134858,-0.134858,-0.134858,-0.134858,-0.134858,-0.134858,-0.134858,-0.134858,-0.134858,-0.134858,-0.134858,-0.229786,-0.229786,-0.229786,-0.229786,-0.229786,-0.229786,-0.229786,-0.229786,-0.229786,-0.229786,-0.229786,-0.229786,-0.229786,-0.229786,-0.229786,-0.229786,-0.229786,-0.229786,-0.229786,-0.229786,-0.229786,-0.229786,-0.229786,-0.229786,-0.229786,-0.229786,-0.229786,-0.229786,-0.229786,-0.229786,-0.229786,-0.229786,-0.229786,-0.229786,-0.229786,-0.229786,-0.229786,-0.229786,-0.229786,-0.229786,-0.229786,-0.229786,-0.229786,-0.229786,-0.229786,-0.229786,-0.229786,-0.229786,-0.229786,-0.229786,-0.229786,-0.229786,-0.229786,-0.229786,-0.229786,-0.229786,-0.229786,-0.229786,-0.229786,-0.229786,-0.229786,-0.229786,-0.229786,0.303107,1.081063,-0.039949,-0.391540,0.862624,-0.039949,-0.612264,0.723902,-0.039949,-0.515505,0.666903,-0.039949,-0.393360,0.718679,-0.039949,-0.562997,0.825639,-0.039949,-0.731910,0.190233,-0.039949,-0.813767,-0.278287,-0.039949,-0.852409,-0.567918,-0.039949,-0.095957,0.873549,-0.039949,-0.317350,0.213287,-0.039949,-0.465603,0.246942,-0.039949,-0.516508,0.367964,-0.039949,0.311326,0.892511,-0.039949,0.110354,0.235118,-0.039949,-0.053798,0.353252,-0.039949,-0.116221,0.589134,-0.039949,0.610097,0.853893,-0.039949,0.482060,0.328530,-0.039949,0.421571,0.399439,-0.039949,0.425856,0.591739,-0.039949,-0.987947,0.278238,1.019857,-1.021993,0.318064,1.019857,-1.052434,0.378926,1.019857,-1.137241,0.570650,1.019857,-1.128186,0.507740,1.019857,-1.135490,0.614818,1.019857,-1.078169,0.632493,1.019857,-1.080010,0.630246,1.019857,-1.095278,0.614866,1.019857,-1.114343,0.568978,1.019857,-1.105901,0.490619,1.019857,-1.062699,0.492737,1.019857,-0.916108,0.390072,1.019857,-0.825855,0.317188,1.019857,-0.592454,0.077836,1.019857,-0.518747,-0.002849,1.019857,-0.540930,0.018082,1.019857,-0.896714,0.331966,1.019857,-0.881519,0.324503,1.019857,-0.885698,0.285973,1.019857,-0.898355,0.232334,1.019857,-0.910912,0.319958,1.019857,-0.828500,0.068692,1.019857,-0.812025,-0.002824,1.019857,-0.767346,-0.041954,1.019857,-0.734239,-0.079396,1.019857,-0.654873,-0.096272,1.019857,-0.913649,0.415777,1.019857,-0.134858,-0.134858,-0.134858,-0.947214,0.513789,1.019857,-0.962147,0.549761,1.019857,-0.984459,0.569509,1.019857,-0.134858,-0.134858,-0.134858,-0.995048,0.562333,1.019857,-0.994155,0.557602,1.019857,-0.993025,0.519568,1.019857,-0.134858,-0.134858,-0.134858,-0.134858,-0.134858,-0.134858,-0.134858,-0.134858,-0.134858,-0.134858,-0.134858,-0.134858,-0.134858,-0.134858,-0.134858,-0.928242,0.469132,1.019857,-0.134858,-0.134858,-0.134858,-0.833234,0.246645,1.019857,-0.799924,0.208247,1.019857,-0.134858,-0.134858,-0.134858,-0.798314,0.234012,1.019857,-0.134858,-0.134858,-0.134858,-1.039386,0.535444,1.019857,-0.134858,-0.134858,-0.134858,-0.134858,-0.134858,-0.134858,-0.134858,-0.134858,-0.134858,-0.134858,-0.134858,-0.134858,-0.134858,-0.134858,-0.134858,-1.035059,0.461100,1.019857,-1.033167,0.452845,1.019857,-1.048263,0.506609,1.019857,-1.048263,0.506609,1.019857,-1.049144,0.531190,1.019857,-1.051122,0.538931,1.019857,-1.039386,0.535444,1.019857,-0.134858,-0.134858,-0.134858,-0.134858,-0.134858,-0.134858,-0.134858,-0.134858,-0.134858,-0.134858,-0.134858,-0.134858,-0.134858,-0.134858,-0.134858,-0.134858,-0.134858,-0.134858,-0.134858,-0.134858,-0.134858,-0.916861,0.462861,1.019857,-0.810746,0.225999,1.019857
-0.989381,0.297289,-0.992350,-0.144639,0.711328,-0.208897,-0.173061,0.751255,-1.014929,1.772289,1.328385,-1.118815,0.713862,1.101805,-0.756813,-0.016232,-0.395164,0.106699,0.272727,0.782638,0.127729,-0.445646,-0.662946,-0.471654,0.025951,0.690767,-0.874440,0.283176,0.833640,-0.912279,-0.134858,-0.134858,-0.134858,-0.134858,-0.134858,-0.134858,-0.134858,-0.134858,-0.134858,-0.134858,-0.134858,-0.134858,-0.134858,-0.134858,-0.134858,-0.631501,-0.074949,-1.170823,-0.927057,0.315338,-0.945864,-1.121332,0.163373,-1.154627,-0.782978,0.253565,-0.544989,-0.134858,-0.134858,-0.134858,-0.134858,-0.134858,-0.134858,-0.134858,-0.134858,-0.134858,-0.134858,-0.134858,-0.134858,-0.134858,-0.134858,-0.134858,-0.134858,-0.134858,-0.134858,-0.229786,-0.229786,-0.229786,-0.229786,-0.229786,-0.229786,-0.229786,-0.229786,-0.229786,-0.229786,-0.229786,-0.229786,-0.229786,-0.229786,-0.229786,-0.229786,-0.229786,-0.229786,-0.229786,-0.229786,-0.229786,-0.229786,-0.229786,-0.229786,-0.229786,-0.229786,-0.229786,-0.229786,-0.229786,-0.229786,-0.229786,-0.229786,-0.229786,-0.229786,-0.229786,-0.229786,-0.229786,-0.229786,-0.229786,-0.229786,-0.229786,-0.229786,-0.229786,-0.229786,-0.229786,-0.229786,-0.229786,-0.229786,-0.229786,-0.229786,-0.229786,-0.229786,-0.229786,-0.229786,-0.229786,-0.229786,-0.229786,-0.229786,-0.229786,-0.229786,-0.229786,-0.229786,-0.229786,0.515772,1.334934,-0.039949,-0.238266,1.199603,-0.039949,-0.585054,1.090822,-0.039949,-0.567992,0.988526,-0.039949,-0.467399,0.986510,-0.039949,-0.508406,1.323473,-0.039949,-0.805701,0.661992,-0.039949,-0.946531,0.155862,-0.039949,-0.999706,-0.177146,-0.039949,0.000237,1.346495,-0.039949,-0.306754,0.546895,-0.039949,-0.496274,0.496754,-0.039949,-0.535680,0.576298,-0.039949,0.429205,1.320372,-0.039949,0.138352,0.555022,-0.039949,-0.066183,0.608350,-0.039949,-0.114932,0.805782,-0.039949,0.726567,1.232414,-0.039949,0.551007,0.720478,-0.039949,0.466991,0.712201,-0.039949,0.486345,0.836844,-0.039949,-1.451906,0.706874,1.019857,-1.485311,0.754392,1.019857,-1.521384,0.818900,1.019857,-1.649636,0.982347,1.019857,-1.614192,0.961978,1.019857,-1.648490,1.066438,1.019857,-1.611381,1.085976,1.019857,-1.584165,1.070632,1.019857,-1.548705,1.052946,1.019857,-1.450572,1.020132,1.019857,-1.324955,0.959864,1.019857,-1.295531,0.898826,1.019857,-1.063421,0.754404,1.019857,-0.977734,0.645616,1.019857,-0.766989,0.376929,1.019857,-0.721466,0.262710,1.019857,-0.833515,0.213792,1.019857,-1.463569,0.582074,1.019857,-1.451201,0.532557,1.019857,-1.438087,0.492458,1.019857,-1.426418,0.450726,1.019857,-1.425604,0.560954,1.019857,-1.292391,0.252223,1.019857,-1.276621,0.175798,1.019857,-1.200397,0.104381,1.019857,-1.140120,0.027267,1.019857,-0.993961,-0.019140,1.019857,-1.429041,0.600274,1.019857,-0.134858,-0.134858,-0.134858,-1.485457,0.653981,1.019857,-1.507227,0.686263,1.019857,-1.498412,0.810206,1.019857,-0.134858,-0.134858,-0.134858,-1.533850,0.791388,1.019857,-1.532636,0.779622,1.019857,-1.484780,0.746474,1.019857,-0.134858,-0.134858,-0.134858,-0.134858,-0.134858,-0.134858,-0.134858,-0.134858,-0.134858,-0.134858,-0.134858,-0.134858,-0.134858,-0.134858,-0.134858,-1.488445,0.750796,1.019857,-0.134858,-0.134858,-0.134858,-1.217081,0.399585,1.019857,-1.157034,0.339801,1.019857,-0.134858,-0.134858,-0.134858,-1.159692,0.374819,1.019857,-0.134858,-0.134858,-0.134858,-1.673072,0.806471,1.019857,-0.134858,-0.134858,-0.134858,-0.134858,-0.134858,-0.134858,-0.134858,-0.134858,-0.134858,-0.134858,-0.134858,-0.134858,-0.134858,-0.134858,-0.134858,-1.358485,0.724466,1.019857,-1.480288,0.642960,1.019857,-1.551637,0.753938,1.019857,-1.551637,0.753938,1.019857,-1.627205,0.802233,1.019857,-1.660081,0.822355,1.019857,-1.673072,0.806471,1.019857,-0.134858,-0.134858,-0.134858,-0.134858,-0.134858,-0.134858,-0.134858,-0.134858,-0.134858,-0.134858,-0.134858,-0.134858,-0.134858,-0.134858,-0.134858,-0.134858,-0.134858,-0.134858,-0.134858,-0.134858,-0.134858,-1.471526,0.709799,1.019857,-1.184549,0.335419,1.019857
-1.430907,0.518876,-0.820490,0.010010,0.557523,-0.424894,-0.019282,0.823684,-1.269325,1.858864,1.330298,-1.215438,0.977180,1.566823,-0.993487,-0.014543,-1.020677,-0.005755,0.240302,-0.078764,-0.120429,-1.213450,-0.770001,-0.653823,0.346632,0.228034,-0.944816,0.717839,0.490215,-0.949284,-0.134858,-0.134858,-0.134858,-0.134858,-0.134858,-0.134858,-0.134858,-0.134858,-0.134858,-0.134858,-0.134858,-0.134858,-0.134858,-0.134858,-0.134858,-1.751773,0.456913,-0.883068,-1.437009,0.496381,-0.654434,-1.439998,0.275440,-0.995638,-1.562878,0.266631,-0.324861,-0.134858,-0.134858,-0.134858,-0.134858,-0.134858,-0.134858,-0.134858,-0.134858,-0.134858,-0.134858,-0.134858,-0.134858,-0.134858,-0.134858,-0.134858,-0.134858,-0.134858,-0.134858,-0.229786,-0.229786,-0.229786,-0.229786,-0.229786,-0.229786,-0.229786,-0.229786,-0.229786,-0.229786,-0.229786,-0.229786,-0.229786,-0.229786,-0.229786,-0.229786,-0.229786,-0.229786,-0.229786,-0.229786,-0.229786,-0.229786,-0.229786,-0.229786,-0.229786,-0.229786,-0.229786,-0.229786,-0.229786,-0.229786,-0.229786,-0.229786,-0.229786,-0.229786,-0.229786,-0.229786,-0.229786,-0.229786,-0.229786,-0.229786,-0.229786,-0.229786,-0.229786,-0.229786,-0.229786,-0.229786,-0.229786,-0.229786,-0.229786,-0.229786,-0.229786,-0.229786,-0.229786,-0.229786,-0.229786,-0.229786,-0.229786,-0.229786,-0.229786,-0.229786,-0.229786,-0.229786,-0.229786,0.757106,1.530983,-0.039949,-0.068503,1.432702,-0.039949,-0.509300,1.347856,-0.039949,-0.555249,1.199044,-0.039949,-0.481225,1.137157,-0.039949,-0.415771,1.688711,-0.039949,-0.787199,1.055968,-0.039949,-0.963286,0.518933,-0.039949,-1.030002,0.145183,-0.039949,0.109714,1.709456,-0.039949,-0.296299,0.911621,-0.039949,-0.503245,0.867160,-0.039949,-0.522988,0.928848,-0.039949,0.553822,1.648752,-0.039949,0.173845,0.890539,-0.039949,-0.030647,1.067136,-0.039949,-0.053218,1.304834,-0.039949,0.857165,1.507416,-0.039949,0.608048,1.008247,-0.039949,0.529234,1.123296,-0.039949,0.590470,1.317233,-0.039949,-1.905276,1.104243,1.019857,-1.938846,1.160759,1.019857,-1.978630,1.229221,1.019857,-2.178170,1.362833,1.019857,-2.080312,1.353285,1.019857,-2.157015,1.405273,1.019857,-2.152789,1.343691,1.019857,-2.166849,1.281626,1.019857,-2.151323,1.264215,1.019857,-2.049165,1.254282,1.019857,-1.853967,1.248759,1.019857,-1.829303,1.168878,1.019857,-1.467193,1.073494,1.019857,-1.307324,0.981169,1.019857,-0.893497,0.709071,1.019857,-0.813479,0.569653,1.019857,-1.010263,0.479261,1.019857,-1.973066,0.967819,1.019857,-1.975509,0.888253,1.019857,-1.960922,0.827066,1.019857,-1.957977,0.754196,1.019857,-1.993199,0.842070,1.019857,-1.843935,0.498945,1.019857,-1.817408,0.403019,1.019857,-1.715174,0.337636,1.019857,-1.606466,0.259846,1.019857,-1.328529,0.232460,1.019857,-2.042212,0.853974,1.019857,-0.134858,-0.134858,-0.134858,-2.146926,0.866573,1.019857,-2.181553,0.893575,1.019857,-2.133466,1.071409,1.019857,-0.134858,-0.134858,-0.134858,-2.166747,0.985308,1.019857,-2.155245,0.961275,1.019857,-2.078152,0.978872,1.019857,-0.134858,-0.134858,-0.134858,-0.134858,-0.134858,-0.134858,-0.134858,-0.134858,-0.134858,-0.134858,-0.134858,-0.134858,-0.134858,-0.134858,-0.134858,-2.068251,1.098572,1.019857,-0.134858,-0.134858,-0.134858,-1.691485,0.686338,1.019857,-1.611015,0.607744,1.019857,-0.134858,-0.134858,-0.134858,-1.589255,0.642456,1.019857,-0.134858,-0.134858,-0.134858,-2.191654,1.060857,1.019857,-0.134858,-0.134858,-0.134858,-0.134858,-0.134858,-0.134858,-0.134858,-0.134858,-0.134858,-0.134858,-0.134858,-0.134858,-0.134858,-0.134858,-0.134858,-1.878127,0.949527,1.019857,-2.022749,0.862827,1.019857,-2.135784,0.974969,1.019857,-2.135784,0.974969,1.019857,-2.190960,1.032641,1.019857,-2.203943,1.060742,1.019857,-2.191654,1.060857,1.019857,-0.134858,-0.134858,-0.134858,-0.134858,-0.134858,-0.134858,-0.134858,-0.134858,-0.134858,-0.134858,-0.134858,-0.134858,-0.134858,-0.134858,-0.134858,-0.134858,-0.134858,-0.134858,-0.134858,-0.134858,-0.134858,-2.057746,1.058337,1.019857,-1.631585,0.608188,1.019857
-1.430907,0.518876,-0.820490,0.010010,0.557523,-0.424894,-0.019282,0.823684,-1.269325,1.858864,1.330298,-1.215438,0.977180,1.566823,-0.993487,-0.014543,-1.020677,-0.005755,0.240302,-0.078764,-0.120429,-1.213450,-0.770001,-0.653823,0.346632,0.228034,-0.944816,0.717839,0.490215,-0.949284,-0.134858,-0.134858,-0.134858,-0.134858,-0.134858,-0.134858,-0.134858,-0.134858,-0.134858,-0.134858,-0.134858,-0.134858,-0.134858,-0.134858,-0.134858,-1.751773,0.456913,-0.883068,-1.437009,0.496381,-0.654434,-1.439998,0.275440,-0.995638,-1.562878,0.266631,-0.324861,-0.134858,-0.134858,-0.134858,-0.134858,-0.134858,-0.134858,-0.134858,-0.134858,-0.134858,-0.134858,-0.134858,-0.134858,-0.134858,-0.134858,-0.134858,-0.134858,-0.134858,-0.134858,-0.229786,-0.229786,-0.229786,-0.229786,-0.229786,-0.229786,-0.229786,-0.229786,-0.229786,-0.229786,-0.229786,-0.229786,-0.229786,-0.229786,-0.229786,-0.229786,-0.229786,-0.229786,-0.229786,-0.229786,-0.229786,-0.229786,-0.229786,-0.229786,-0.229786,-0.229786,-0.229786,-0.229786,-0.229786,-0.229786,-0.229786,-0.229786,-0.229786,-0.229786,-0.229786,-0.229786,-0.229786,-0.229786,-0.229786,-0.229786,-0.229786,-0.229786,-0.229786,-0.229786,-0.229786,-0.229786,-0.229786,-0.229786,-0.229786,-0.229786,-0.229786,-0.229786,-0.229786,-0.229786,-0.229786,-0.229786,-0.229786,-0.229786,-0.229786,-0.229786,-0.229786,-0.229786,-0.229786,0.757106,1.530983,-0.039949,-0.068503,1.432702,-0.039949,-0.509300,1.347856,-0.039949,-0.555249,1.199044,-0.039949,-0.481225,1.137157,-0.039949,-0.415771,1.688711,-0.039949,-0.787199,1.055968,-0.039949,-0.963286,0.518933,-0.039949,-1.030002,0.145183,-0.039949,0.109714,1.709456,-0.039949,-0.296299,0.911621,-0.039949,-0.503245,0.867160,-0.039949,-0.522988,0.928848,-0.039949,0.553822,1.648752,-0.039949,0.173845,0.890539,-0.039949,-0.030647,1.067136,-0.039949,-0.053218,1.304834,-0.039949,0.857165,1.507416,-0.039949,0.608048,1.008247,-0.039949,0.529234,1.123296,-0.039949,0.590470,1.317233,-0.039949,-1.905276,1.104243,1.019857,-1.938846,1.160759,1.019857,-1.978630,1.229221,1.019857,-2.178170,1.362833,1.019857,-2.080312,1.353285,1.019857,-2.157015,1.405273,1.019857,-2.152789,1.343691,1.019857,-2.166849,1.281626,1.019857,-2.151323,1.264215,1.019857,-2.049165,1.254282,1.019857,-1.853967,1.248759,1.019857,-1.829303,1.168878,1.019857,-1.467193,1.073494,1.019857,-1.307324,0.981169,1.019857,-0.893497,0.709071,1.019857,-0.813479,0.569653,1.019857,-1.010263,0.479261,1.019857,-1.973066,0.967819,1.019857,-1.975509,0.888253,1.019857,-1.960922,0.827066,1.019857,-1.957977,0.754196,1.019857,-1.993199,0.842070,1.019857,-1.843935,0.498945,1.019857,-1.817408,0.403019,1.019857,-1.715174,0.337636,1.019857,-1.606466,0.259846,1.019857,-1.328529,0.232460,1.019857,-2.042212,0.853974,1.019857,-0.134858,-0.134858,-0.134858,-2.146926,0.866573,1.019857,-2.181553,0.893575,1.019857,-2.133466,1.071409,1.019857,-0.134858,-0.134858,-0.134858,-2.166747,0.985308,1.019857,-2.155245,0.961275,1.019857,-2.078152,0.978872,1.019857,-0.134858,-0.134858,-0.134858,-0.134858,-0.134858,-0.134858,-0.134858,-0.134858,-0.134858,-0.134858,-0.134858,-0.134858,-0.134858,-0.134858,-0.134858,-2.068251,1.098572,1.019857,-0.134858,-0.134858,-0.134858,-1.691485,0.686338,1.019857,-1.611015,0.607744,1.019857,-0.134858,-0.134858,-0.134858,-1.589255,0.642456,1.019857,-0.134858,-0.134858,-0.134858,-2.191654,1.060857,1.019857,-0.134858,-0.134858,-0.134858,-0.134858,-0.134858,-0.134858,-0.134858,-0.134858,-0.134858,-0.134858,-0.134858,-0.134858,-0.134858,-0.134858,-0.134858,-1.878127,0.949527,1.019857,-2.022749,0.862827,1.019857,-2.135784,0.974969,1.019857,-2.135784,0.974969,1.019857,-2.190960,1.032641,1.019857,-2.203943,1.060742,1.019857,-2.191654,1.060857,1.019857,-0.134858,-0.134858,-0.134858,-0.134858,-0.134858,-0.134858,-0.134858,-0.134858,-0.134858,-0.134858,-0.134858,-0.134858,-0.134858,-0.134858,-0.134858,-0.134858,-0.134858,-0.134858,-0.134858,-0.134858,-0.134858,-2.057746,1.058337,1.019857,-1.631585,0.608188,1.019857
-1.942651,0.897955,-0.634051,0.060594,0.706770,-0.643880,0.020483,1.085766,-1.527242,2.145550,1.339053,-1.357625,1.129720,1.831107,-1.322409,0.029975,-1.371437,-0.054490,0.280084,-0.636030,-0.290281,-1.383466,-0.887678,-0.821933,0.931696,0.198959,-1.013276,1.268322,0.488226,-0.987127,-0.134858,-0.134858,-0.134858,-0.134858,-0.134858,-0.134858,-0.134858,-0.134858,-0.134858,-0.134858,-0.134858,-0.134858,-0.134858,-0.134858,-0.134858,-2.351376,1.264771,-0.588190,-1.890496,0.792636,-0.358230,-1.653623,0.604755,-0.812234,-2.146332,0.325649,-0.083782,-0.134858,-0.134858,-0.134858,-0.134858,-0.134858,-0.134858,-0.134858,-0.134858,-0.134858,-0.134858,-0.134858,-0.134858,-0.134858,-0.134858,-0.134858,-0.134858,-0.134858,-0.134858,-0.229786,-0.229786,-0.229786,-0.229786,-0.229786,-0.229786,-0.229786,-0.229786,-0.229786,-0.229786,-0.229786,-0.229786,-0.229786,-0.229786,-0.229786,-0.229786,-0.229786,-0.229786,-0.229786,-0.229786,-0.229786,-0.229786,-0.229786,-0.229786,-0.229786,-0.229786,-0.229786,-0.229786,-0.229786,-0.229786,-0.229786,-0.229786,-0.229786,-0.229786,-0.229786,-0.229786,-0.229786,-0.229786,-0.229786,-0.229786,-0.229786,-0.229786,-0.229786,-0.229786,-0.229786,-0.229786,-0.229786,-0.229786,-0.229786,-0.229786,-0.229786,-0.229786,-0.229786,-0.229786,-0.229786,-0.229786,-0.229786,-0.229786,-0.229786,-0.229786,-0.229786,-0.229786,-0.229786,0.987671,1.587760,-0.039949,0.100594,1.568767,-0.039949,-0.487547,1.516204,-0.039949,-0.662699,1.310878,-0.039949,-0.661194,1.118916,-0.039949,-0.272332,1.952847,-0.039949,-0.731545,1.298448,-0.039949,-0.940490,0.757960,-0.039949,-1.029306,0.366844,-0.039949,0.269811,1.944252,-0.039949,-0.272984,1.174776,-0.039949,-0.516018,1.076903,-0.039949,-0.544129,1.082836,-0.039949,0.696334,1.827509,-0.039949,0.206449,1.148989,-0.039949,-0.010960,1.359378,-0.039949,-0.028246,1.570910,-0.039949,0.963099,1.610810,-0.039949,0.623663,1.093620,-0.039949,0.544440,1.249393,-0.039949,0.620320,1.459889,-0.039949,-2.618703,1.678716,1.019857,-2.630661,1.735353,1.019857,-2.638939,1.791381,1.019857,-2.717862,1.872214,1.019857,-2.644377,1.895936,1.019857,-2.590362,1.896747,1.019857,-2.491030,1.772402,1.019857,-2.421152,1.642414,1.019857,-2.382021,1.585891,1.019857,-2.332303,1.528250,1.019857,-2.251762,1.497118,1.019857,-2.272374,1.352757,1.019857,-2.103240,1.216346,1.019857,-2.057441,1.107441,1.019857,-1.812190,0.843989,1.019857,-1.776265,0.682055,1.019857,-1.981877,0.553879,1.019857,-2.689137,1.415627,1.019857,-2.686070,1.295101,1.019857,-2.664644,1.218164,1.019857,-2.655393,1.133201,1.019857,-2.691725,1.174713,1.019857,-2.607477,0.801201,1.019857,-2.596102,0.717242,1.019857,-2.536640,0.609838,1.019857,-2.463828,0.494165,1.019857,-2.255041,0.381227,1.019857,-2.702666,1.078558,1.019857,-0.134858,-0.134858,-0.134858,-2.719738,1.003159,1.019857,-2.712820,1.015796,1.019857,-2.709741,1.264192,1.019857,-0.134858,-0.134858,-0.134858,-2.681704,1.131255,1.019857,-2.661413,1.083383,1.019857,-2.623172,1.036728,1.019857,-0.134858,-0.134858,-0.134858,-0.134858,-0.134858,-0.134858,-0.134858,-0.134858,-0.134858,-0.134858,-0.134858,-0.134858,-0.134858,-0.134858,-0.134858,-2.733203,1.498019,1.019857,-0.134858,-0.134858,-0.134858,-2.495050,0.921145,1.019857,-2.448064,0.851280,1.019857,-0.134858,-0.134858,-0.134858,-2.426932,0.763965,1.019857,-0.134858,-0.134858,-0.134858,-2.631400,1.354795,1.019857,-0.134858,-0.134858,-0.134858,-0.134858,-0.134858,-0.134858,-0.134858,-0.134858,-0.134858,-0.134858,-0.134858,-0.134858,-0.134858,-0.134858,-0.134858,-2.323082,1.048295,1.019857,-2.403544,1.008118,1.019857,-2.484876,1.191592,1.019857,-2.484876,1.191592,1.019857,-2.583593,1.293091,1.019857,-2.619425,1.334463,1.019857,-2.631400,1.354795,1.019857,-0.134858,-0.134858,-0.134858,-0.134858,-0.134858,-0.134858,-0.134858,-0.134858,-0.134858,-0.134858,-0.134858,-0.134858,-0.134858,-0.134858,-0.134858,-0.134858,-0.134858,-0.134858,-0.134858,-0.134858,-0.134858,-2.718991,1.446047,1.019857,-2.465516,0.760710,1.019857
-1.942651,0.897955,-0.634051,0.060594,0.706770,-0.643880,0.020483,1.085766,-1.527242,2.145550,1.339053,-1.357625,1.129720,1.831107,-1.322409,0.029975,-1.371437,-0.054490,0.280084,-0.636030,-0.290281,-1.383466,-0.887678,-0.821933,0.931696,0.198959,-1.013276,1.268322,0.488226,-0.987127,-0.134858,-0.134858,-0.134858,-0.134858,-0.134858,-0.134858,-0.134858,-0.134858,-0.134858,-0.134858,-0.134858,-0.134858,-0.134858,-0.134858,-0.134858,-2.351376,1.264771,-0.588190,-1.890496,0.792636,-0.358230,-1.653623,0.604755,-0.812234,-2.146332,0.325649,-0.083782,-0.134858,-0.134858,-0.134858,-0.134858,-0.134858,-0.134858,-0.134858,-0.134858,-0.134858,-0.134858,-0.134858,-0.134858,-0.134858,-0.134858,-0.134858,-0.134858,-0.134858,-0.134858,-0.229786,-0.229786,-0.229786,-0.229786,-0.229786,-0.229786,-0.229786,-0.229786,-0.229786,-0.229786,-0.229786,-0.229786,-0.229786,-0.229786,-0.229786,-0.229786,-0.229786,-0.229786,-0.229786,-0.229786,-0.229786,-0.229786,-0.229786,-0.229786,-0.229786,-0.229786,-0.229786,-0.229786,-0.229786,-0.229786,-0.229786,-0.229786,-0.229786,-0.229786,-0.229786,-0.229786,-0.229786,-0.229786,-0.229786,-0.229786,-0.229786,-0.229786,-0.229786,-0.229786,-0.229786,-0.229786,-0.229786,-0.229786,-0.229786,-0.229786,-0.229786,-0.229786,-0.229786,-0.229786,-0.229786,-0.229786,-0.229786,-0.229786,-0.229786,-0.229786,-0.229786,-0.229786,-0.229786,0.987671,1.587760,-0.039949,0.100594,1.568767,-0.039949,-0.487547,1.516204,-0.039949,-0.662699,1.310878,-0.039949,-0.661194,1.118916,-0.039949,-0.272332,1.952847,-0.039949,-0.731545,1.298448,-0.039949,-0.940490,0.757960,-0.039949,-1.029306,0.366844,-0.039949,0.269811,1.944252,-0.039949,-0.272984,1.174776,-0.039949,-0.516018,1.076903,-0.039949,-0.544129,1.082836,-0.039949,0.696334,1.827509,-0.039949,0.206449,1.148989,-0.039949,-0.010960,1.359378,-0.039949,-0.028246,1.570910,-0.039949,0.963099,1.610810,-0.039949,0.623663,1.093620,-0.039949,0.544440,1.249393,-0.039949,0.620320,1.459889,-0.039949,-2.618703,1.678716,1.019857,-2.630661,1.735353,1.019857,-2.638939,1.791381,1.019857,-2.717862,1.872214,1.019857,-2.644377,1.895936,1.019857,-2.590362,1.896747,1.019857,-2.491030,1.772402,1.019857,-2.421152,1.642414,1.019857,-2.382021,1.585891,1.019857,-2.332303,1.528250,1.019857,-2.251762,1.497118,1.019857,-2.272374,1.352757,1.019857,-2.103240,1.216346,1.019857,-2.057441,1.107441,1.019857,-1.812190,0.843989,1.019857,-1.776265,0.682055,1.019857,-1.981877,0.553879,1.019857,-2.689137,1.415627,1.019857,-2.686070,1.295101,1.019857,-2.664644,1.218164,1.019857,-2.655393,1.133201,1.019857,-2.691725,1.174713,1.019857,-2.607477,0.801201,1.019857,-2.596102,0.717242,1.019857,-2.536640,0.609838,1.019857,-2.463828,0.494165,1.019857,-2.255041,0.381227,1.019857,-2.702666,1.078558,1.019857,-0.134858,-0.134858,-0.134858,-2.719738,1.003159,1.019857,-2.712820,1.015796,1.019857,-2.709741,1.264192,1.019857,-0.134858,-0.134858,-0.134858,-2.681704,1.131255,1.019857,-2.661413,1.083383,1.019857,-2.623172,1.036728,1.019857,-0.134858,-0.134858,-0.134858,-0.134858,-0.134858,-0.134858,-0.134858,-0.134858,-0.134858,-0.134858,-0.134858,-0.134858,-0.134858,-0.134858,-0.134858,-2.733203,1.498019,1.019857,-0.134858,-0.134858,-0.134858,-2.495050,0.921145,1.019857,-2.448064,0.851280,1.019857,-0.134858,-0.134858,-0.134858,-2.426932,0.763965,1.019857,-0.134858,-0.134858,-0.134858,-2.631400,1.354795,1.019857,-0.134858,-0.134858,-0.134858,-0.134858,-0.134858,-0.134858,-0.134858,-0.134858,-0.134858,-0.134858,-0.134858,-0.134858,-0.134858,-0.134858,-0.134858,-2.323082,1.048295,1.019857,-2.403544,1.008118,1.019857,-2.484876,1.191592,1.019857,-2.484876,1.191592,1.019857,-2.583593,1.293091,1.019857,-2.619425,1.334463,1.019857,-2.631400,1.354795,1.019857,-0.134858,-0.134858,-0.134858,-0.134858,-0.134858,-0.134858,-0.134858,-0.134858,-0.134858,-0.134858,-0.134858,-0.134858,-0.134858,-0.134858,-0.134858,-0.134858,-0.134858,-0.134858,-0.134858,-0.134858,-0.134858,-2.718991,1.446047,1.019857,-2.465516,0.760710,1.019857
-2.427452,1.279233,-0.669274,0.142273,0.905194,-0.951857,0.048604,1.293126,-1.889970,2.359161,1.312522,-1.491086,1.185323,1.802372,-1.539715,0.252387,-1.431228,-0.304068,0.135068,-1.049679,-0.574358,-1.375017,-0.851510,-0.998904,1.135046,0.181928,-1.062174,1.439910,0.486782,-1.009145,-0.134858,-0.134858,-0.134858,-0.134858,-0.134858,-0.134858,-0.134858,-0.134858,-0.134858,-0.134858,-0.134858,-0.134858,-0.134858,-0.134858,-0.134858,-2.738980,2.191573,-0.484482,-2.473814,1.100128,-0.237722,-1.864219,1.210310,-0.868040,-2.605488,0.331137,-0.054018,-0.134858,-0.134858,-0.134858,-0.134858,-0.134858,-0.134858,-0.134858,-0.134858,-0.134858,-0.134858,-0.134858,-0.134858,-0.134858,-0.134858,-0.134858,-0.134858,-0.134858,-0.134858,-0.229786,-0.229786,-0.229786,-0.229786,-0.229786,-0.229786,-0.229786,-0.229786,-0.229786,-0.229786,-0.229786,-0.229786,-0.229786,-0.229786,-0.229786,-0.229786,-0.229786,-0.229786,-0.229786,-0.229786,-0.229786,-0.229786,-0.229786,-0.229786,-0.229786,-0.229786,-0.229786,-0.229786,-0.229786,-0.229786,-0.229786,-0.229786,-0.229786,-0.229786,-0.229786,-0.229786,-0.229786,-0.229786,-0.229786,-0.229786,-0.229786,-0.229786,-0.229786,-0.229786,-0.229786,-0.229786,-0.229786,-0.229786,-0.229786,-0.229786,-0.229786,-0.229786,-0.229786,-0.229786,-0.229786,-0.229786,-0.229786,-0.229786,-0.229786,-0.229786,-0.229786,-0.229786,-0.229786,1.094139,1.628531,-0.039949,0.197125,1.659987,-0.039949,-0.399031,1.601328,-0.039949,-0.575690,1.391656,-0.039949,-0.567715,1.225795,-0.039949,-0.172927,2.058651,-0.039949,-0.667067,1.406500,-0.039949,-0.894795,0.862473,-0.039949,-0.994677,0.461597,-0.039949,0.342801,2.042381,-0.039949,-0.191065,1.303757,-0.039949,-0.407727,1.237937,-0.039949,-0.420065,1.253860,-0.039949,0.755826,1.926262,-0.039949,0.301891,1.291975,-0.039949,0.111915,1.532351,-0.039949,0.113584,1.742304,-0.039949,1.015251,1.701945,-0.039949,0.718293,1.222668,-0.039949,0.664810,1.403247,-0.039949,0.761531,1.617172,-0.039949,-2.844561,1.965281,1.019857,-2.844440,2.027606,1.019857,-2.845900,2.101846,1.019857,-2.944138,2.197170,1.019857,-2.870568,2.242489,1.019857,-2.842850,2.216626,1.019857,-2.770680,2.046284,1.019857,-2.753325,1.878811,1.019857,-2.762484,1.801607,1.019857,-2.808196,1.714590,1.019857,-2.795763,1.647652,1.019857,-2.818071,1.465457,1.019857,-2.665786,1.298785,1.019857,-2.624690,1.177002,1.019857,-2.411433,0.865005,1.019857,-2.379512,0.675107,1.019857,-2.593480,0.516666,1.019857,-2.874868,1.695967,1.019857,-2.878522,1.527206,1.019857,-2.881988,1.399868,1.019857,-2.901192,1.259238,1.019857,-2.946486,1.267272,1.019857,-3.048152,0.807948,1.019857,-3.045701,0.715599,1.019857,-3.056740,0.592453,1.019857,-3.032833,0.477528,1.019857,-2.885062,0.388244,1.019857,-3.003842,1.163017,1.019857,-0.134858,-0.134858,-0.134858,-2.996704,1.093589,1.019857,-2.979983,1.104609,1.019857,-2.994757,1.368394,1.019857,-0.134858,-0.134858,-0.134858,-2.985465,1.297785,1.019857,-2.966752,1.240222,1.019857,-2.946388,1.085934,1.019857,-0.134858,-0.134858,-0.134858,-0.134858,-0.134858,-0.134858,-0.134858,-0.134858,-0.134858,-0.134858,-0.134858,-0.134858,-0.134858,-0.134858,-0.134858,-2.906286,1.690368,1.019857,-0.134858,-0.134858,-0.134858,-3.000045,0.884871,1.019857,-2.989130,0.768648,1.019857,-0.134858,-0.134858,-0.134858,-2.986884,0.764648,1.019857,-0.134858,-0.134858,-0.134858,-3.037992,1.471045,1.019857,-0.134858,-0.134858,-0.134858,-0.134858,-0.134858,-0.134858,-0.134858,-0.134858,-0.134858,-0.134858,-0.134858,-0.134858,-0.134858,-0.134858,-0.134858,-2.745122,1.082288,1.019857,-2.785136,1.133052,1.019857,-2.858233,1.372565,1.019857,-2.858233,1.372565,1.019857,-2.976271,1.466597,1.019857,-3.015001,1.483572,1.019857,-3.037992,1.471045,1.019857,-0.134858,-0.134858,-0.134858,-0.134858,-0.134858,-0.134858,-0.134858,-0.134858,-0.134858,-0.134858,-0.134858,-0.134858,-0.134858,-0.134858,-0.134858,-0.134858,-0.134858,-0.134858,-0.134858,-0.134858,-0.134858,-2.902144,1.632849,1.019857,-3.009884,0.777497,1.019857
-2.538224,1.394208,-0.558572,0.181928,1.046404,-1.316929,0.075525,1.451277,-2.319944,2.597330,1.363101,-1.616229,1.281368,1.778264,-1.778580,0.304985,-1.504292,-0.655051,0.075569,-1.035248,-0.847923,-3.265820,-2.063989,-1.166406,1.486267,0.157224,-1.117079,1.807045,0.490308,-1.031211,-0.134858,-0.134858,-0.134858,-0.134858,-0.134858,-0.134858,-0.134858,-0.134858,-0.134858,-0.134858,-0.134858,-0.134858,-0.134858,-0.134858,-0.134858,-2.922456,2.501013,-0.238565,-2.752236,1.188552,-0.021428,-2.200142,1.608642,-0.715009,-2.958509,0.324572,0.096420,-0.134858,-0.134858,-0.134858,-0.134858,-0.134858,-0.134858,-0.134858,-0.134858,-0.134858,-0.134858,-0.134858,-0.134858,-0.134858,-0.134858,-0.134858,-0.134858,-0.134858,-0.134858,-0.229786,-0.229786,-0.229786,-0.229786,-0.229786,-0.229786,-0.229786,-0.229786,-0.229786,-0.229786,-0.229786,-0.229786,-0.229786,-0.229786,-0.229786,-0.229786,-0.229786,-0.229786,-0.229786,-0.229786,-0.229786,-0.229786,-0.229786,-0.229786,-0.229786,-0.229786,-0.229786,-0.229786,-0.229786,-0.229786,-0.229786,-0.229786,-0.229786,-0.229786,-0.229786,-0.229786,-0.229786,-0.229786,-0.229786,-0.229786,-0.229786,-0.229786,-0.229786,-0.229786,-0.229786,-0.229786,-0.229786,-0.229786,-0.229786,-0.229786,-0.229786,-0.229786,-0.229786,-0.229786,-0.229786,-0.229786,-0.229786,-0.229786,-0.229786,-0.229786,-0.229786,-0.229786,-0.229786,1.135856,1.606281,-0.039949,0.214111,1.642255,-0.039949,-0.370965,1.570910,-0.039949,-0.518111,1.354537,-0.039949,-0.514348,1.184622,-0.039949,-0.149197,2.060819,-0.039949,-0.625190,1.411576,-0.039949,-0.840098,0.856859,-0.039949,-0.928987,0.449521,-0.039949,0.369434,2.053788,-0.039949,-0.151715,1.303168,-0.039949,-0.384100,1.216670,-0.039949,-0.408662,1.225593,-0.039949,0.787710,1.951421,-0.039949,0.343965,1.296264,-0.039949,0.139325,1.525198,-0.039949,0.134660,1.733422,-0.039949,1.055211,1.751742,-0.039949,0.774955,1.266375,-0.039949,0.706001,1.438241,-0.039949,0.791173,1.644497,-0.039949,-3.142568,1.990893,1.019857,-3.097394,2.003016,1.019857,-3.054027,2.036844,1.019857,-3.044324,2.110103,1.019857,-2.947204,2.083678,1.019857,-2.853362,2.032506,1.019857,-2.780393,1.846372,1.019857,-2.758563,1.676520,1.019857,-2.768960,1.591048,1.019857,-2.825310,1.452824,1.019857,-2.863673,1.338607,1.019857,-2.918901,1.223381,1.019857,-2.887190,0.987991,1.019857,-2.900069,0.824947,1.019857,-2.811199,0.449819,1.019857,-2.815353,0.273093,1.019857,-3.000937,0.196975,1.019857,-3.254180,1.728717,1.019857,-3.252408,1.548855,1.019857,-3.260001,1.404986,1.019857,-3.274870,1.239831,1.019857,-3.284296,1.262743,1.019857,-3.321286,0.707246,1.019857,-3.339463,0.613851,1.019857,-3.337564,0.445770,1.019857,-3.330577,0.298951,1.019857,-3.240059,0.114991,1.019857,-3.267458,1.172034,1.019857,-0.134858,-0.134858,-0.134858,-3.207289,1.043168,1.019857,-3.174282,1.025625,1.019857,-3.219623,1.369668,1.019857,-0.134858,-0.134858,-0.134858,-3.177518,1.307072,1.019857,-3.148667,1.219765,1.019857,-3.115504,1.025216,1.019857,-0.134858,-0.134858,-0.134858,-0.134858,-0.134858,-0.134858,-0.134858,-0.134858,-0.134858,-0.134858,-0.134858,-0.134858,-0.134858,-0.134858,-0.134858,-3.225613,1.815966,1.019857,-0.134858,-0.134858,-0.134858,-3.284830,0.864138,1.019857,-3.285507,0.755072,1.019857,-0.134858,-0.134858,-0.134858,-3.272092,0.669190,1.019857,-0.134858,-0.134858,-0.134858,-3.193578,1.525135,1.019857,-0.134858,-0.134858,-0.134858,-0.134858,-0.134858,-0.134858,-0.134858,-0.134858,-0.134858,-0.134858,-0.134858,-0.134858,-0.134858,-0.134858,-0.134858,-2.909828,1.062751,1.019857,-2.962453,1.085056,1.019857,-2.982252,1.284014,1.019857,-2.982252,1.284014,1.019857,-3.084096,1.413725,1.019857,-3.135281,1.477660,1.019857,-3.193578,1.525135,1.019857,-0.134858,-0.134858,-0.134858,-0.134858,-0.134858,-0.134858,-0.134858,-0.134858,-0.134858,-0.134858,-0.134858,-0.134858,-0.134858,-0.134858,-0.134858,-0.134858,-0.134858,-0.134858,-0.134858,-0.134858,-0.134858,-3.222337,1.768683,1.019857,-3.293316,0.707546,1.019857
-2.538224,1.394208,-0.558572,0.181928,1.046404,-1.316929,0.075525,1.451277,-2.319944,2.597330,1.363101,-1.616229,1.281368,1.778264,-1.778580,0.304985,-1.504292,-0.655051,0.075569,-1.035248,-0.847923,-3.265820,-2.063989,-1.166406,1.486267,0.157224,-1.117079,1.807045,0.490308,-1.031211,-0.134858,-0.134858,-0.134858,-0.134858,-0.134858,-0.134858,-0.134858,-0.134858,-0.134858,-0.134858,-0.134858,-0.134858,-0.134858,-0.134858,-0.134858,-2.922456,2.501013,-0.238565,-2.752236,1.188552,-0.021428,-2.200142,1.608642,-0.715009,-2.958509,0.324572,0.096420,-0.134858,-0.134858,-0.134858,-0.134858,-0.134858,-0.134858,-0.134858,-0.134858,-0.134858,-0.134858,-0.134858,-0.134858,-0.134858,-0.134858,-0.134858,-0.134858,-0.134858,-0.134858,-0.229786,-0.229786,-0.229786,-0.229786,-0.229786,-0.229786,-0.229786,-0.229786,-0.229786,-0.229786,-0.229786,-0.229786,-0.229786,-0.229786,-0.229786,-0.229786,-0.229786,-0.229786,-0.229786,-0.229786,-0.229786,-0.229786,-0.229786,-0.229786,-0.229786,-0.229786,-0.229786,-0.229786,-0.229786,-0.229786,-0.229786,-0.229786,-0.229786,-0.229786,-0.229786,-0.229786,-0.229786,-0.229786,-0.229786,-0.229786,-0.229786,-0.229786,-0.229786,-0.229786,-0.229786,-0.229786,-0.229786,-0.229786,-0.229786,-0.229786,-0.229786,-0.229786,-0.229786,-0.229786,-0.229786,-0.229786,-0.229786,-0.229786,-0.229786,-0.229786,-0.229786,-0.229786,-0.229786,1.135856,1.606281,-0.039949,0.214111,1.642255,-0.039949,-0.370965,1.570910,-0.039949,-0.518111,1.354537,-0.039949,-0.514348,1.184622,-0.039949,-0.149197,2.060819,-0.039949,-0.625190,1.411576,-0.039949,-0.840098,0.856859,-0.039949,-0.928987,0.449521,-0.039949,0.369434,2.053788,-0.039949,-0.151715,1.303168,-0.039949,-0.384100,1.216670,-0.039949,-0.408662,1.225593,-0.039949,0.787710,1.951421,-0.039949,0.343965,1.296264,-0.039949,0.139325,1.525198,-0.039949,0.134660,1.733422,-0.039949,1.055211,1.751742,-0.039949,0.774955,1.266375,-0.039949,0.706001,1.438241,-0.039949,0.791173,1.644497,-0.039949,-3.142568,1.990893,1.019857,-3.097394,2.003016,1.019857,-3.054027,2.036844,1.019857,-3.044324,2.110103,1.019857,-2.947204,2.083678,1.019857,-2.853362,2.032506,1.019857,-2.780393,1.846372,1.019857,-2.758563,1.676520,1.019857,-2.768960,1.591048,1.019857,-2.825310,1.452824,1.019857,-2.863673,1.338607,1.019857,-2.918901,1.223381,1.019857,-2.887190,0.987991,1.019857,-2.900069,0.824947,1.019857,-2.811199,0.449819,1.019857,-2.815353,0.273093,1.019857,-3.000937,0.196975,1.019857,-3.254180,1.728717,1.019857,-3.252408,1.548855,1.019857,-3.260001,1.404986,1.019857,-3.274870,1.239831,1.019857,-3.284296,1.262743,1.019857,-3.321286,0.707246,1.019857,-3.339463,0.613851,1.019857,-3.337564,0.445770,1.019857,-3.330577,0.298951,1.019857,-3.240059,0.114991,1.019857,-3.267458,1.172034,1.019857,-0.134858,-0.134858,-0.134858,-3.207289,1.043168,1.019857,-3.174282,1.025625,1.019857,-3.219623,1.369668,1.019857,-0.134858,-0.134858,-0.134858,-3.177518,1.307072,1.019857,-3.148667,1.219765,1.019857,-3.115504,1.025216,1.019857,-0.134858,-0.134858,-0.134858,-0.134858,-0.134858,-0.134858,-0.134858,-0.134858,-0.134858,-0.134858,-0.134858,-0.134858,-0.134858,-0.134858,-0.134858,-3.225613,1.815966,1.019857,-0.134858,-0.134858,-0.134858,-3.284830,0.864138,1.019857,-3.285507,0.755072,1.019857,-0.134858,-0.134858,-0.134858,-3.272092,0.669190,1.019857,-0.134858,-0.134858,-0.134858,-3.193578,1.525135,1.019857,-0.134858,-0.134858,-0.134858,-0.134858,-0.134858,-0.134858,-0.134858,-0.134858,-0.134858,-0.134858,-0.134858,-0.134858,-0.134858,-0.134858,-0.134858,-2.909828,1.062751,1.019857,-2.962453,1.085056,1.019857,-2.982252,1.284014,1.019857,-2.982252,1.284014,1.019857,-3.084096,1.413725,1.019857,-3.135281,1.477660,1.019857,-3.193578,1.525135,1.019857,-0.134858,-0.134858,-0.134858,-0.134858,-0.134858,-0.134858,-0.134858,-0.134858,-0.134858,-0.134858,-0.134858,-0.134858,-0.134858,-0.134858,-0.134858,-0.134858,-0.134858,-0.134858,-0.134858,-0.134858,-0.134858,-3.222337,1.768683,1.019857,-3.293316,0.707546,1.019857
-2.817761,1.517670,-0.460901,0.170211,1.073815,-1.583899,0.071115,1.501456,-2.634375,2.522408,1.404062,-1.685083,1.294062,1.849289,-1.931026,0.274680,-1.574597,-0.926423,0.129252,-1.230117,-1.109146,-2.663580,-1.498022,-1.316068,1.610086,0.166045,-1.165446,1.941543,0.527256,-1.051367,-0.134858,-0.134858,-0.134858,-0.134858,-0.134858,-0.134858,-0.134858,-0.134858,-0.134858,-0.134858,-0.134858,-0.134858,-0.134858,-0.134858,-0.134858,-3.101141,2.624093,-0.038716,-3.094522,1.249690,0.165583,-2.329899,1.687678,-0.592352,-3.082044,0.321322,0.227796,-0.134858,-0.134858,-0.134858,-0.134858,-0.134858,-0.134858,-0.134858,-0.134858,-0.134858,-0.134858,-0.134858,-0.134858,-0.134858,-0.134858,-0.134858,-0.134858,-0.134858,-0.134858,-0.229786,-0.229786,-0.229786,-0.229786,-0.229786,-0.229786,-0.229786,-0.229786,-0.229786,-0.229786,-0.229786,-0.229786,-0.229786,-0.229786,-0.229786,-0.229786,-0.229786,-0.229786,-0.229786,-0.229786,-0.229786,-0.229786,-0.229786,-0.229786,-0.229786,-0.229786,-0.229786,-0.229786,-0.229786,-0.229786,-0.229786,-0.229786,-0.229786,-0.229786,-0.229786,-0.229786,-0.229786,-0.229786,-0.229786,-0.229786,-0.229786,-0.229786,-0.229786,-0.229786,-0.229786,-0.229786,-0.229786,-0.229786,-0.229786,-0.229786,-0.229786,-0.229786,-0.229786,-0.229786,-0.229786,-0.229786,-0.229786,-0.229786,-0.229786,-0.229786,-0.229786,-0.229786,-0.229786,1.070544,1.525146,-0.039949,0.203840,1.544983,-0.039949,-0.362338,1.491749,-0.039949,-0.520792,1.312022,-0.039949,-0.520881,1.189994,-0.039949,-0.164663,1.958225,-0.039949,-0.635684,1.307717,-0.039949,-0.828185,0.781302,-0.039949,-0.905166,0.396446,-0.039949,0.340526,1.976585,-0.039949,-0.151145,1.252340,-0.039949,-0.371900,1.155135,-0.039949,-0.412801,1.154850,-0.039949,0.758279,1.895856,-0.039949,0.343838,1.234626,-0.039949,0.145926,1.457752,-0.039949,0.126123,1.669376,-0.039949,1.032900,1.717839,-0.039949,0.766003,1.217933,-0.039949,0.700264,1.381398,-0.039949,0.779662,1.587624,-0.039949,-3.152684,1.982695,1.019857,-3.082109,1.975006,1.019857,-3.012453,1.979942,1.019857,-3.019193,1.995536,1.019857,-2.869914,1.959312,1.019857,-2.797213,1.880475,1.019857,-2.758774,1.723015,1.019857,-2.741730,1.562866,1.019857,-2.738807,1.471527,1.019857,-2.752973,1.303391,1.019857,-2.784440,1.142257,1.019857,-2.814386,1.050476,1.019857,-2.786030,0.768981,1.019857,-2.808325,0.602431,1.019857,-2.752460,0.271960,1.019857,-2.761206,0.120308,1.019857,-2.934540,0.058842,1.019857,-3.398060,1.738694,1.019857,-3.399213,1.554804,1.019857,-3.377877,1.421837,1.019857,-3.351916,1.262979,1.019857,-3.327909,1.256820,1.019857,-3.274966,0.673794,1.019857,-3.295225,0.574038,1.019857,-3.250649,0.395889,1.019857,-3.212407,0.212743,1.019857,-3.094780,-0.020626,1.019857,-3.260843,1.101213,1.019857,-0.134858,-0.134858,-0.134858,-3.176562,0.977462,1.019857,-3.140882,0.968517,1.019857,-3.246829,1.272467,1.019857,-0.134858,-0.134858,-0.134858,-3.189849,1.200450,1.019857,-3.131807,1.123681,1.019857,-3.027395,0.917110,1.019857,-0.134858,-0.134858,-0.134858,-0.134858,-0.134858,-0.134858,-0.134858,-0.134858,-0.134858,-0.134858,-0.134858,-0.134858,-0.134858,-0.134858,-0.134858,-3.340796,1.769173,1.019857,-0.134858,-0.134858,-0.134858,-3.169573,0.736647,1.019857,-3.136491,0.587734,1.019857,-0.134858,-0.134858,-0.134858,-3.117516,0.553553,1.019857,-0.134858,-0.134858,-0.134858,-3.294812,1.400796,1.019857,-0.134858,-0.134858,-0.134858,-0.134858,-0.134858,-0.134858,-0.134858,-0.134858,-0.134858,-0.134858,-0.134858,-0.134858,-0.134858,-0.134858,-0.134858,-2.818703,0.914949,1.019857,-2.915745,0.985394,1.019857,-2.982178,1.209667,1.019857,-2.982178,1.209667,1.019857,-3.150305,1.331895,1.019857,-3.223081,1.379771,1.019857,-3.294812,1.400796,1.019857,-0.134858,-0.134858,-0.134858,-0.134858,-0.134858,-0.134858,-0.134858,-0.134858,-0.134858,-0.134858,-0.134858,-0.134858,-0.134858,-0.134858,-0.134858,-0.134858,-0.134858,-0.134858,-0.134858,-0.134858,-0.134858,-3.337225,1.717226,1.019857,-3.140341,0.596361,1.019857
-2.817761,1.517670,-0.460901,0.170211,1.073815,-1.583899,0.071115,1.501456,-2.634375,2.522408,1.404062,-1.685083,1.294062,1.849289,-1.931026,0.274680,-1.574597,-0.926423,0.129252,-1.230117,-1.109146,-2.663580,-1.498022,-1.316068,1.610086,0.166045,-1.165446,1.941543,0.527256,-1.051367,-0.134858,-0.134858,-0.134858,-0.134858,-0.134858,-0.134858,-0.134858,-0.134858,-0.134858,-0.134858,-0.134858,-0.134858,-0.134858,-0.134858,-0.134858,-3.101141,2.624093,-0.038716,-3.094522,1.249690,0.165583,-2.329899,1.687678,-0.592352,-3.082044,0.321322,0.227796,-0.134858,-0.134858,-0.134858,-0.134858,-0.134858,-0.134858,-0.134858,-0.134858,-0.134858,-0.134858,-0.134858,-0.134858,-0.134858,-0.134858,-0.134858,-0.134858,-0.134858,-0.134858,-0.229786,-0.229786,-0.229786,-0.229786,-0.229786,-0.229786,-0.229786,-0.229786,-0.229786,-0.229786,-0.229786,-0.229786,-0.229786,-0.229786,-0.229786,-0.229786,-0.229786,-0.229786,-0.229786,-0.229786,-0.229786,-0.229786,-0.229786,-0.229786,-0.229786,-0.229786,-0.229786,-0.229786,-0.229786,-0.229786,-0.229786,-0.229786,-0.229786,-0.229786,-0.229786,-0.229786,-0.229786,-0.229786,-0.229786,-0.229786,-0.229786,-0.229786,-0.229786,-0.229786,-0.229786,-0.229786,-0.229786,-0.229786,-0.229786,-0.229786,-0.229786,-0.229786,-0.229786,-0.229786,-0.229786,-0.229786,-0.229786,-0.229786,-0.229786,-0.229786,-0.229786,-0.229786,-0.229786,1.070544,1.525146,-0.039949,0.203840,1.544983,-0.039949,-0.362338,1.491749,-0.039949,-0.520792,1.312022,-0.039949,-0.520881,1.189994,-0.039949,-0.164663,1.958225,-0.039949,-0.635684,1.307717,-0.039949,-0.828185,0.781302,-0.039949,-0.905166,0.396446,-0.039949,0.340526,1.976585,-0.039949,-0.151145,1.252340,-0.039949,-0.371900,1.155135,-0.039949,-0.412801,1.154850,-0.039949,0.758279,1.895856,-0.039949,0.343838,1.234626,-0.039949,0.145926,1.457752,-0.039949,0.126123,1.669376,-0.039949,1.032900,1.717839,-0.039949,0.766003,1.217933,-0.039949,0.700264,1.381398,-0.039949,0.779662,1.587624,-0.039949,-3.152684,1.982695,1.019857,-3.082109,1.975006,1.019857,-3.012453,1.979942,1.019857,-3.019193,1.995536,1.019857,-2.869914,1.959312,1.019857,-2.797213,1.880475,1.019857,-2.758774,1.723015,1.019857,-2.741730,1.562866,1.019857,-2.738807,1.471527,1.019857,-2.752973,1.303391,1.019857,-2.784440,1.142257,1.019857,-2.814386,1.050476,1.019857,-2.786030,0.768981,1.019857,-2.808325,0.602431,1.019857,-2.752460,0.271960,1.019857,-2.761206,0.120308,1.019857,-2.934540,0.058842,1.019857,-3.398060,1.738694,1.019857,-3.399213,1.554804,1.019857,-3.377877,1.421837,1.019857,-3.351916,1.262979,1.019857,-3.327909,1.256820,1.019857,-3.274966,0.673794,1.019857,-3.295225,0.574038,1.019857,-3.250649,0.395889,1.019857,-3.212407,0.212743,1.019857,-3.094780,-0.020626,1.019857,-3.260843,1.101213,1.019857,-0.134858,-0.134858,-0.134858,-3.176562,0.977462,1.019857,-3.140882,0.968517,1.019857,-3.246829,1.272467,1.019857,-0.134858,-0.134858,-0.134858,-3.189849,1.200450,1.019857,-3.131807,1.123681,1.019857,-3.027395,0.917110,1.019857,-0.134858,-0.134858,-0.134858,-0.134858,-0.134858,-0.134858,-0.134858,-0.134858,-0.134858,-0.134858,-0.134858,-0.134858,-0.134858,-0.134858,-0.134858,-3.340796,1.769173,1.019857,-0.134858,-0.134858,-0.134858,-3.169573,0.736647,1.019857,-3.136491,0.587734,1.019857,-0.134858,-0.134858,-0.134858,-3.117516,0.553553,1.019857,-0.134858,-0.134858,-0.134858,-3.294812,1.400796,1.019857,-0.134858,-0.134858,-0.134858,-0.134858,-0.134858,-0.134858,-0.134858,-0.134858,-0.134858,-0.134858,-0.134858,-0.134858,-0.134858,-0.134858,-0.134858,-2.818703,0.914949,1.019857,-2.915745,0.985394,1.019857,-2.982178,1.209667,1.019857,-2.982178,1.209667,1.019857,-3.150305,1.331895,1.019857,-3.223081,1.379771,1.019857,-3.294812,1.400796,1.019857,-0.134858,-0.134858,-0.134858,-0.134858,-0.134858,-0.134858,-0.134858,-0.134858,-0.134858,-0.134858,-0.134858,-0.134858,-0.134858,-0.134858,-0.134858,-0.134858,-0.134858,-0.134858,-0.134858,-0.134858,-0.134858,-3.337225,1.717226,1.019857,-3.140341,0.596361,1.019857
-2.948217,1.564842,-0.495995,0.158905,1.080250,-1.751343,0.070113,1.524238,-2.831586,2.554307,1.389174,-1.743529,1.268821,1.772401,-2.004806,0.231835,-1.622819,-1.087460,-0.021728,-1.288828,-1.330215,-2.065611,-1.183685,-1.442100,1.580681,0.110204,-1.207291,1.864534,0.505060,-1.071194,-0.134858,-0.134858,-0.134858,-0.134858,-0.134858,-0.134858,-0.134858,-0.134858,-0.134858,-0.134858,-0.134858,-0.134858,-0.134858,-0.134858,-0.134858,-3.210550,2.632652,0.033835,-3.256386,1.281120,0.253591,-2.455878,1.708330,-0.597002,-3.155008,0.326011,0.263225,-0.134858,-0.134858,-0.134858,-0.134858,-0.134858,-0.134858,-0.134858,-0.134858,-0.134858,-0.134858,-0.134858,-0.134858,-0.134858,-0.134858,-0.134858,-0.134858,-0.134858,-0.134858,-0.229786,-0.229786,-0.229786,-0.229786,-0.229786,-0.229786,-0.229786,-0.229786,-0.229786,-0.229786,-0.229786,-0.229786,-0.229786,-0.229786,-0.229786,-0.229786,-0.229786,-0.229786,-0.229786,-0.229786,-0.229786,-0.229786,-0.229786,-0.229786,-0.229786,-0.229786,-0.229786,-0.229786,-0.229786,-0.229786,-0.229786,-0.229786,-0.229786,-0.229786,-0.229786,-0.229786,-0.229786,-0.229786,-0.229786,-0.229786,-0.229786,-0.229786,-0.229786,-0.229786,-0.229786,-0.229786,-0.229786,-0.229786,-0.229786,-0.229786,-0.229786,-0.229786,-0.229786,-0.229786,-0.229786,-0.229786,-0.229786,-0.229786,-0.229786,-0.229786,-0.229786,-0.229786,-0.229786,1.038270,1.480397,-0.039949,0.171844,1.515826,-0.039949,-0.423569,1.462116,-0.039949,-0.596797,1.273050,-0.039949,-0.608859,1.119688,-0.039949,-0.186001,1.900730,-0.039949,-0.638905,1.242670,-0.039949,-0.844866,0.726003,-0.039949,-0.942904,0.353147,-0.039949,0.316071,1.902968,-0.039949,-0.174214,1.171233,-0.039949,-0.395396,1.077376,-0.039949,-0.442878,1.088278,-0.039949,0.722221,1.814329,-0.039949,0.288753,1.159894,-0.039949,0.084242,1.371625,-0.039949,0.055649,1.592817,-0.039949,0.989597,1.631735,-0.039949,0.708618,1.133065,-0.039949,0.626168,1.279263,-0.039949,0.679420,1.481933,-0.039949,-2.890612,1.865571,1.019857,-2.862123,1.859354,1.019857,-2.836429,1.863664,1.019857,-2.840933,1.867791,1.019857,-2.790296,1.873905,1.019857,-2.744438,1.827976,1.019857,-2.717663,1.691019,1.019857,-2.674804,1.543981,1.019857,-2.661695,1.455992,1.019857,-2.691987,1.285812,1.019857,-2.815623,1.122225,1.019857,-2.826349,1.016723,1.019857,-2.995994,0.760059,1.019857,-3.083228,0.604508,1.019857,-3.053600,0.341600,1.019857,-3.021446,0.225490,1.019857,-3.093430,0.128844,1.019857,-3.031059,1.478684,1.019857,-3.047372,1.266623,1.019857,-3.053836,1.139362,1.019857,-3.061623,0.999211,1.019857,-3.085654,1.015849,1.019857,-3.086424,0.511013,1.019857,-3.091173,0.436976,1.019857,-3.085563,0.277812,1.019857,-3.087356,0.136253,1.019857,-3.083764,-0.016813,1.019857,-3.056594,0.892456,1.019857,-0.134858,-0.134858,-0.134858,-2.978135,0.758905,1.019857,-2.942716,0.751260,1.019857,-2.998173,1.109060,1.019857,-0.134858,-0.134858,-0.134858,-2.950752,1.033887,1.019857,-2.928025,0.950524,1.019857,-2.940893,0.782562,1.019857,-0.134858,-0.134858,-0.134858,-0.134858,-0.134858,-0.134858,-0.134858,-0.134858,-0.134858,-0.134858,-0.134858,-0.134858,-0.134858,-0.134858,-0.134858,-3.050041,1.488362,1.019857,-0.134858,-0.134858,-0.134858,-3.086956,0.595524,1.019857,-3.071556,0.472356,1.019857,-0.134858,-0.134858,-0.134858,-3.084997,0.458979,1.019857,-0.134858,-0.134858,-0.134858,-2.992664,1.352627,1.019857,-0.134858,-0.134858,-0.134858,-0.134858,-0.134858,-0.134858,-0.134858,-0.134858,-0.134858,-0.134858,-0.134858,-0.134858,-0.134858,-0.134858,-0.134858,-2.751147,0.875718,1.019857,-2.761348,0.930246,1.019857,-2.801843,1.144037,1.019857,-2.801843,1.144037,1.019857,-2.907001,1.266110,1.019857,-2.949830,1.320450,1.019857,-2.992664,1.352627,1.019857,-0.134858,-0.134858,-0.134858,-0.134858,-0.134858,-0.134858,-0.134858,-0.134858,-0.134858,-0.134858,-0.134858,-0.134858,-0.134858,-0.134858,-0.134858,-0.134858,-0.134858,-0.134858,-0.134858,-0.134858,-0.134858,-3.063444,1.415212,1.019857,-3.081117,0.485019,1.019857
-2.930372,1.629426,-0.367617,0.095466,1.131422,-1.728561,0.066084,1.596953,-2.804754,2.491231,1.376846,-1.732220,1.238336,1.758137,-2.004062,-0.015257,-1.693659,-1.052952,-0.108618,-1.494488,-1.475112,-1.259129,-0.897833,-1.530038,1.546607,0.045604,-1.220036,1.805316,0.490902,-1.079750,-0.134858,-0.134858,-0.134858,-0.134858,-0.134858,-0.134858,-0.134858,-0.134858,-0.134858,-0.134858,-0.134858,-0.134858,-0.134858,-0.134858,-0.134858,-3.204368,2.662309,0.220999,-3.216558,1.336280,0.430734,-2.493450,1.745357,-0.447459,-3.176377,0.378119,0.409077,-0.134858,-0.134858,-0.134858,-0.134858,-0.134858,-0.134858,-0.134858,-0.134858,-0.134858,-0.134858,-0.134858,-0.134858,-0.134858,-0.134858,-0.134858,-0.134858,-0.134858,-0.134858,-0.229786,-0.229786,-0.229786,-0.229786,-0.229786,-0.229786,-0.229786,-0.229786,-0.229786,-0.229786,-0.229786,-0.229786,-0.229786,-0.229786,-0.229786,-0.229786,-0.229786,-0.229786,-0.229786,-0.229786,-0.229786,-0.229786,-0.229786,-0.229786,-0.229786,-0.229786,-0.229786,-0.229786,-0.229786,-0.229786,-0.229786,-0.229786,-0.229786,-0.229786,-0.229786,-0.229786,-0.229786,-0.229786,-0.229786,-0.229786,-0.229786,-0.229786,-0.229786,-0.229786,-0.229786,-0.229786,-0.229786,-0.229786,-0.229786,-0.229786,-0.229786,-0.229786,-0.229786,-0.229786,-0.229786,-0.229786,-0.229786,-0.229786,-0.229786,-0.229786,-0.229786,-0.229786,-0.229786,0.990304,1.460180,-0.039949,0.116778,1.488696,-0.039949,-0.451652,1.424823,-0.039949,-0.582520,1.224270,-0.039949,-0.549708,1.116429,-0.039949,-0.245868,1.870001,-0.039949,-0.677160,1.209030,-0.039949,-0.861417,0.694968,-0.039949,-0.942544,0.323328,-0.039949,0.269003,1.879853,-0.039949,-0.190605,1.169587,-0.039949,-0.397025,1.114215,-0.039949,-0.433475,1.135146,-0.039949,0.689897,1.798766,-0.039949,0.294098,1.154790,-0.039949,0.107273,1.382249,-0.039949,0.084417,1.604058,-0.039949,0.965226,1.619846,-0.039949,0.714152,1.131062,-0.039949,0.653806,1.298468,-0.039949,0.723564,1.511017,-0.039949,-2.998927,1.570546,1.019857,-2.992849,1.587385,1.019857,-2.979259,1.612302,1.019857,-2.917271,1.634292,1.019857,-2.924466,1.656599,1.019857,-2.800062,1.629941,1.019857,-2.683048,1.530372,1.019857,-2.577835,1.415300,1.019857,-2.551363,1.345785,1.019857,-2.615148,1.237743,1.019857,-2.777859,1.132001,1.019857,-2.751059,1.000798,1.019857,-2.930540,0.804732,1.019857,-3.049919,0.678980,1.019857,-3.137571,0.445229,1.019857,-3.108836,0.318741,1.019857,-3.116372,0.211875,1.019857,-3.003959,1.193640,1.019857,-2.980913,1.018304,1.019857,-2.959553,0.914594,1.019857,-2.940124,0.815929,1.019857,-2.970857,0.856205,1.019857,-2.968187,0.502246,1.019857,-2.971768,0.433177,1.019857,-3.000627,0.351082,1.019857,-3.026566,0.268402,1.019857,-3.076345,0.148200,1.019857,-2.907604,0.754725,1.019857,-0.134858,-0.134858,-0.134858,-2.781540,0.666883,1.019857,-2.734086,0.669844,1.019857,-2.880308,0.973273,1.019857,-0.134858,-0.134858,-0.134858,-2.783995,0.925484,1.019857,-2.744841,0.862089,1.019857,-2.742523,0.691852,1.019857,-0.134858,-0.134858,-0.134858,-0.134858,-0.134858,-0.134858,-0.134858,-0.134858,-0.134858,-0.134858,-0.134858,-0.134858,-0.134858,-0.134858,-0.134858,-2.984134,1.228935,1.019857,-0.134858,-0.134858,-0.134858,-3.012345,0.587416,1.019857,-3.024749,0.533835,1.019857,-0.134858,-0.134858,-0.134858,-3.045585,0.442133,1.019857,-0.134858,-0.134858,-0.134858,-2.881944,1.151142,1.019857,-0.134858,-0.134858,-0.134858,-0.134858,-0.134858,-0.134858,-0.134858,-0.134858,-0.134858,-0.134858,-0.134858,-0.134858,-0.134858,-0.134858,-0.134858,-2.597657,0.767051,1.019857,-2.587753,0.793672,1.019857,-2.643569,0.993118,1.019857,-2.643569,0.993118,1.019857,-2.768918,1.088516,1.019857,-2.826041,1.129321,1.019857,-2.881944,1.151142,1.019857,-0.134858,-0.134858,-0.134858,-0.134858,-0.134858,-0.134858,-0.134858,-0.134858,-0.134858,-0.134858,-0.134858,-0.134858,-0.134858,-0.134858,-0.134858,-0.134858,-0.134858,-0.134858,-0.134858,-0.134858,-0.134858,-2.981118,1.154226,1.019857,-3.040930,0.457824,1.019857
-2.930372,1.629426,-0.367617,0.095466,1.131422,-1.728561,0.066084,1.596953,-2.804754,2.491231,1.376846,-1.732220,1.238336,1.758137,-2.004062,-0.015257,-1.693659,-1.052952,-0.108618,-1.494488,-1.475112,-1.259129,-0.897833,-1.530038,1.546607,0.045604,-1.220036,1.805316,0.490902,-1.079750,-0.134858,-0.134858,-0.134858,-0.134858,-0.134858,-0.134858,-0.134858,-0.134858,-0.134858,-0.134858,-0.134858,-0.134858,-0.134858,-0.134858,-0.134858,-3.204368,2.662309,0.220999,-3.216558,1.336280,0.430734,-2.493450,1.745357,-0.447459,-3.176377,0.378119,0.409077,-0.134858,-0.134858,-0.134858,-0.134858,-0.134858,-0.134858,-0.134858,-0.134858,-0.134858,-0.134858,-0.134858,-0.134858,-0.134858,-0.134858,-0.134858,-0.134858,-0.134858,-0.134858,-0.229786,-0.229786,-0.229786,-0.229786,-0.229786,-0.229786,-0.229786,-0.229786,-0.229786,-0.229786,-0.229786,-0.229786,-0.229786,-0.229786,-0.229786,-0.229786,-0.229786,-0.229786,-0.229786,-0.229786,-0.229786,-0.229786,-0.229786,-0.229786,-0.229786,-0.229786,-0.229786,-0.229786,-0.229786,-0.229786,-0.229786,-0.229786,-0.229786,-0.229786,-0.229786,-0.229786,-0.229786,-0.229786,-0.229786,-0.229786,-0.229786,-0.229786,-0.229786,-0.229786,-0.229786,-0.229786,-0.229786,-0.229786,-0.229786,-0.229786,-0.229786,-0.229786,-0.229786,-0.229786,-0.229786,-0.229786,-0.229786,-0.229786,-0.229786,-0.229786,-0.229786,-0.229786,-0.229786,0.990304,1.460180,-0.039949,0.116778,1.488696,-0.039949,-0.451652,1.424823,-0.039949,-0.582520,1.224270,-0.039949,-0.549708,1.116429,-0.039949,-0.245868,1.870001,-0.039949,-0.677160,1.209030,-0.039949,-0.861417,0.694968,-0.039949,-0.942544,0.323328,-0.039949,0.269003,1.879853,-0.039949,-0.190605,1.169587,-0.039949,-0.397025,1.114215,-0.039949,-0.433475,1.135146,-0.039949,0.689897,1.798766,-0.039949,0.294098,1.154790,-0.039949,0.107273,1.382249,-0.039949,0.084417,1.604058,-0.039949,0.965226,1.619846,-0.039949,0.714152,1.131062,-0.039949,0.653806,1.298468,-0.039949,0.723564,1.511017,-0.039949,-2.998927,1.570546,1.019857,-2.992849,1.587385,1.019857,-2.979259,1.612302,1.019857,-2.917271,1.634292,1.019857,-2.924466,1.656599,1.019857,-2.800062,1.629941,1.019857,-2.683048,1.530372,1.019857,-2.577835,1.415300,1.019857,-2.551363,1.345785,1.019857,-2.615148,1.237743,1.019857,-2.777859,1.132001,1.019857,-2.751059,1.000798,1.019857,-2.930540,0.804732,1.019857,-3.049919,0.678980,1.019857,-3.137571,0.445229,1.019857,-3.108836,0.318741,1.019857,-3.116372,0.211875,1.019857,-3.003959,1.193640,1.019857,-2.980913,1.018304,1.019857,-2.959553,0.914594,1.019857,-2.940124,0.815929,1.019857,-2.970857,0.856205,1.019857,-2.968187,0.502246,1.019857,-2.971768,0.433177,1.019857,-3.000627,0.351082,1.019857,-3.026566,0.268402,1.019857,-3.076345,0.148200,1.019857,-2.907604,0.754725,1.019857,-0.134858,-0.134858,-0.134858,-2.781540,0.666883,1.019857,-2.734086,0.669844,1.019857,-2.880308,0.973273,1.019857,-0.134858,-0.134858,-0.134858,-2.783995,0.925484,1.019857,-2.744841,0.862089,1.019857,-2.742523,0.691852,1.019857,-0.134858,-0.134858,-0.134858,-0.134858,-0.134858,-0.134858,-0.134858,-0.134858,-0.134858,-0.134858,-0.134858,-0.134858,-0.134858,-0.134858,-0.134858,-2.984134,1.228935,1.019857,-0.134858,-0.134858,-0.134858,-3.012345,0.587416,1.019857,-3.024749,0.533835,1.019857,-0.134858,-0.134858,-0.134858,-3.045585,0.442133,1.019857,-0.134858,-0.134858,-0.134858,-2.881944,1.151142,1.019857,-0.134858,-0.134858,-0.134858,-0.134858,-0.134858,-0.134858,-0.134858,-0.134858,-0.134858,-0.134858,-0.134858,-0.134858,-0.134858,-0.134858,-0.134858,-2.597657,0.767051,1.019857,-2.587753,0.793672,1.019857,-2.643569,0.993118,1.019857,-2.643569,0.993118,1.019857,-2.768918,1.088516,1.019857,-2.826041,1.129321,1.019857,-2.881944,1.151142,1.019857,-0.134858,-0.134858,-0.134858,-0.134858,-0.134858,-0.134858,-0.134858,-0.134858,-0.134858,-0.134858,-0.134858,-0.134858,-0.134858,-0.134858,-0.134858,-0.134858,-0.134858,-0.134858,-0.134858,-0.134858,-0.134858,-2.981118,1.154226,1.019857,-3.040930,0.457824,1.019857
-2.920365,1.651940,-0.242463,0.048609,1.199779,-1.735111,0.062535,1.658059,-2.812469,2.494520,1.389990,-1.778559,1.227168,1.730596,-2.053405,-0.195328,-1.684501,-1.061276,-0.226666,-1.519484,-1.637989,-1.248510,-0.869186,-1.631583,1.547088,0.009968,-1.261491,1.792567,0.481245,-1.100706,-0.134858,-0.134858,-0.134858,-0.134858,-0.134858,-0.134858,-0.134858,-0.134858,-0.134858,-0.134858,-0.134858,-0.134858,-0.134858,-0.134858,-0.134858,-3.172538,2.669945,0.410165,-3.206570,1.374429,0.599779,-2.535453,1.749305,-0.300532,-3.153589,0.520108,0.543240,-0.134858,-0.134858,-0.134858,-0.134858,-0.134858,-0.134858,-0.134858,-0.134858,-0.134858,-0.134858,-0.134858,-0.134858,-0.134858,-0.134858,-0.134858,-0.134858,-0.134858,-0.134858,-0.229786,-0.229786,-0.229786,-0.229786,-0.229786,-0.229786,-0.229786,-0.229786,-0.229786,-0.229786,-0.229786,-0.229786,-0.229786,-0.229786,-0.229786,-0.229786,-0.229786,-0.229786,-0.229786,-0.229786,-0.229786,-0.229786,-0.229786,-0.229786,-0.229786,-0.229786,-0.229786,-0.229786,-0.229786,-0.229786,-0.229786,-0.229786,-0.229786,-0.229786,-0.229786,-0.229786,-0.229786,-0.229786,-0.229786,-0.229786,-0.229786,-0.229786,-0.229786,-0.229786,-0.229786,-0.229786,-0.229786,-0.229786,-0.229786,-0.229786,-0.229786,-0.229786,-0.229786,-0.229786,-0.229786,-0.229786,-0.229786,-0.229786,-0.229786,-0.229786,-0.229786,-0.229786,-0.229786,0.929805,1.458951,-0.039949,0.077147,1.489020,-0.039949,-0.488762,1.424240,-0.039949,-0.619077,1.225453,-0.039949,-0.569608,1.135773,-0.039949,-0.304284,1.878677,-0.039949,-0.693224,1.225784,-0.039949,-0.864336,0.707052,-0.039949,-0.932169,0.328936,-0.039949,0.210649,1.903448,-0.039949,-0.230207,1.169913,-0.039949,-0.445331,1.093966,-0.039949,-0.486017,1.098385,-0.039949,0.636621,1.829820,-0.039949,0.251750,1.197049,-0.039949,0.056933,1.409938,-0.039949,0.027496,1.619692,-0.039949,0.920005,1.655949,-0.039949,0.661888,1.169040,-0.039949,0.594178,1.322217,-0.039949,0.658023,1.529902,-0.039949,-2.927489,1.701908,1.019857,-2.923653,1.724604,1.019857,-2.915963,1.751198,1.019857,-2.864238,1.745913,1.019857,-2.872580,1.799282,1.019857,-2.762514,1.735114,1.019857,-2.648302,1.568420,1.019857,-2.535758,1.399013,1.019857,-2.506634,1.316646,1.019857,-2.547447,1.211583,1.019857,-2.661850,1.141833,1.019857,-2.663562,1.004486,1.019857,-2.813554,0.833350,1.019857,-2.910468,0.717825,1.019857,-2.944049,0.511563,1.019857,-2.927273,0.380922,1.019857,-2.974053,0.223620,1.019857,-2.923196,1.292863,1.019857,-2.893624,1.110335,1.019857,-2.874219,1.002838,1.019857,-2.859883,0.893927,1.019857,-2.897228,0.908018,1.019857,-2.934446,0.522604,1.019857,-2.937507,0.449777,1.019857,-2.970300,0.351913,1.019857,-2.985053,0.248003,1.019857,-2.992317,0.118092,1.019857,-2.856957,0.738294,1.019857,-0.134858,-0.134858,-0.134858,-2.749298,0.596072,1.019857,-2.706105,0.587106,1.019857,-2.808833,0.934908,1.019857,-0.134858,-0.134858,-0.134858,-2.740057,0.881597,1.019857,-2.717228,0.806354,1.019857,-2.751119,0.648343,1.019857,-0.134858,-0.134858,-0.134858,-0.134858,-0.134858,-0.134858,-0.134858,-0.134858,-0.134858,-0.134858,-0.134858,-0.134858,-0.134858,-0.134858,-0.134858,-2.912420,1.299415,1.019857,-0.134858,-0.134858,-0.134858,-2.976606,0.551673,1.019857,-2.991384,0.463812,1.019857,-0.134858,-0.134858,-0.134858,-2.973543,0.438738,1.019857,-0.134858,-0.134858,-0.134858,-2.816639,1.193583,1.019857,-0.134858,-0.134858,-0.134858,-0.134858,-0.134858,-0.134858,-0.134858,-0.134858,-0.134858,-0.134858,-0.134858,-0.134858,-0.134858,-0.134858,-0.134858,-2.618588,0.778657,1.019857,-2.605880,0.766299,1.019857,-2.620788,0.961234,1.019857,-2.620788,0.961234,1.019857,-2.720481,1.080022,1.019857,-2.769256,1.143764,1.019857,-2.816639,1.193583,1.019857,-0.134858,-0.134858,-0.134858,-0.134858,-0.134858,-0.134858,-0.134858,-0.134858,-0.134858,-0.134858,-0.134858,-0.134858,-0.134858,-0.134858,-0.134858,-0.134858,-0.134858,-0.134858,-0.134858,-0.134858,-0.134858,-2.918978,1.237819,1.019857,-2.967657,0.470711,1.019857
-2.920365,1.651940,-0.242463,0.048609,1.199779,-1.735111,0.062535,1.658059,-2.812469,2.494520,1.389990,-1.778559,1.227168,1.730596,-2.053405,-0.195328,-1.684501,-1.061276,-0.226666,-1.519484,-1.637989,-1.248510,-0.869186,-1.631583,1.547088,0.009968,-1.261491,1.792567,0.481245,-1.100706,-0.134858,-0.134858,-0.134858,-0.134858,-0.134858,-0.134858,-0.134858,-0.134858,-0.134858,-0.134858,-0.134858,-0.134858,-0.134858,-0.134858,-0.134858,-3.172538,2.669945,0.410165,-3.206570,1.374429,0.599779,-2.535453,1.749305,-0.300532,-3.153589,0.520108,0.543240,-0.134858,-0.134858,-0.134858,-0.134858,-0.134858,-0.134858,-0.134858,-0.134858,-0.134858,-0.134858,-0.134858,-0.134858,-0.134858,-0.134858,-0.134858,-0.134858,-0.134858,-0.134858,-0.229786,-0.229786,-0.229786,-0.229786,-0.229786,-0.229786,-0.229786,-0.229786,-0.229786,-0.229786,-0.229786,-0.229786,-0.229786,-0.229786,-0.229786,-0.229786,-0.229786,-0.229786,-0.229786,-0.229786,-0.229786,-0.229786,-0.229786,-0.229786,-0.229786,-0.229786,-0.229786,-0.229786,-0.229786,-0.229786,-0.229786,-0.229786,-0.229786,-0.229786,-0.229786,-0.229786,-0.229786,-0.229786,-0.229786,-0.229786,-0.229786,-0.229786,-0.229786,-0.229786,-0.229786,-0.229786,-0.229786,-0.229786,-0.229786,-0.229786,-0.229786,-0.229786,-0.229786,-0.229786,-0.229786,-0.229786,-0.229786,-0.229786,-0.229786,-0.229786,-0.229786,-0.229786,-0.229786,0.929805,1.458951,-0.039949,0.077147,1.489020,-0.039949,-0.488762,1.424240,-0.039949,-0.619077,1.225453,-0.039949,-0.569608,1.135773,-0.039949,-0.304284,1.878677,-0.039949,-0.693224,1.225784,-0.039949,-0.864336,0.707052,-0.039949,-0.932169,0.328936,-0.039949,0.210649,1.903448,-0.039949,-0.230207,1.169913,-0.039949,-0.445331,1.093966,-0.039949,-0.486017,1.098385,-0.039949,0.636621,1.829820,-0.039949,0.251750,1.197049,-0.039949,0.056933,1.409938,-0.039949,0.027496,1.619692,-0.039949,0.920005,1.655949,-0.039949,0.661888,1.169040,-0.039949,0.594178,1.322217,-0.039949,0.658023,1.529902,-0.039949,-2.927489,1.701908,1.019857,-2.923653,1.724604,1.019857,-2.915963,1.751198,1.019857,-2.864238,1.745913,1.019857,-2.872580,1.799282,1.019857,-2.762514,1.735114,1.019857,-2.648302,1.568420,1.019857,-2.535758,1.399013,1.019857,-2.506634,1.316646,1.019857,-2.547447,1.211583,1.019857,-2.661850,1.141833,1.019857,-2.663562,1.004486,1.019857,-2.813554,0.833350,1.019857,-2.910468,0.717825,1.019857,-2.944049,0.511563,1.019857,-2.927273,0.380922,1.019857,-2.974053,0.223620,1.019857,-2.923196,1.292863,1.019857,-2.893624,1.110335,1.019857,-2.874219,1.002838,1.019857,-2.859883,0.893927,1.019857,-2.897228,0.908018,1.019857,-2.934446,0.522604,1.019857,-2.937507,0.449777,1.019857,-2.970300,0.351913,1.019857,-2.985053,0.248003,1.019857,-2.992317,0.118092,1.019857,-2.856957,0.738294,1.019857,-0.134858,-0.134858,-0.134858,-2.749298,0.596072,1.019857,-2.706105,0.587106,1.019857,-2.808833,0.934908,1.019857,-0.134858,-0.134858,-0.134858,-2.740057,0.881597,1.019857,-2.717228,0.806354,1.019857,-2.751119,0.648343,1.019857,-0.134858,-0.134858,-0.134858,-0.134858,-0.134858,-0.134858,-0.134858,-0.134858,-0.134858,-0.134858,-0.134858,-0.134858,-0.134858,-0.134858,-0.134858,-2.912420,1.299415,1.019857,-0.134858,-0.134858,-0.134858,-2.976606,0.551673,1.019857,-2.991384,0.463812,1.019857,-0.134858,-0.134858,-0.134858,-2.973543,0.438738,1.019857,-0.134858,-0.134858,-0.134858,-2.816639,1.193583,1.019857,-0.134858,-0.134858,-0.134858,-0.134858,-0.134858,-0.134858,-0.134858,-0.134858,-0.134858,-0.134858,-0.134858,-0.134858,-0.134858,-0.134858,-0.134858,-2.618588,0.778657,1.019857,-2.605880,0.766299,1.019857,-2.620788,0.961234,1.019857,-2.620788,0.961234,1.019857,-2.720481,1.080022,1.019857,-2.769256,1.143764,1.019857,-2.816639,1.193583,1.019857,-0.134858,-0.134858,-0.134858,-0.134858,-0.134858,-0.134858,-0.134858,-0.134858,-0.134858,-0.134858,-0.134858,-0.134858,-0.134858,-0.134858,-0.134858,-0.134858,-0.134858,-0.134858,-0.134858,-0.134858,-0.134858,-2.918978,1.237819,1.019857,-2.967657,0.470711,1.019857
-2.911222,1.657994,-0.156921,-0.014327,1.138896,-1.632167,0.059605,1.652934,-2.691224,2.396359,1.368226,-1.727224,1.174275,1.733409,-1.972360,-0.444876,-1.834718,-1.084887,-0.425101,-1.485595,-1.787900,-1.242723,-0.841023,-1.712399,1.514659,-0.054987,-1.302318,1.744654,0.392500,-1.115371,-0.134858,-0.134858,-0.134858,-0.134858,-0.134858,-0.134858,-0.134858,-0.134858,-0.134858,-0.134858,-0.134858,-0.134858,-0.134858,-0.134858,-0.134858,-3.143524,2.659340,0.567285,-3.184608,1.394725,0.729244,-2.542329,1.745947,-0.150698,-3.154675,0.569475,0.646380,-0.134858,-0.134858,-0.134858,-0.134858,-0.134858,-0.134858,-0.134858,-0.134858,-0.134858,-0.134858,-0.134858,-0.134858,-0.134858,-0.134858,-0.134858,-0.134858,-0.134858,-0.134858,-0.229786,-0.229786,-0.229786,-0.229786,-0.229786,-0.229786,-0.229786,-0.229786,-0.229786,-0.229786,-0.229786,-0.229786,-0.229786,-0.229786,-0.229786,-0.229786,-0.229786,-0.229786,-0.229786,-0.229786,-0.229786,-0.229786,-0.229786,-0.229786,-0.229786,-0.229786,-0.229786,-0.229786,-0.229786,-0.229786,-0.229786,-0.229786,-0.229786,-0.229786,-0.229786,-0.229786,-0.229786,-0.229786,-0.229786,-0.229786,-0.229786,-0.229786,-0.229786,-0.229786,-0.229786,-0.229786,-0.229786,-0.229786,-0.229786,-0.229786,-0.229786,-0.229786,-0.229786,-0.229786,-0.229786,-0.229786,-0.229786,-0.229786,-0.229786,-0.229786,-0.229786,-0.229786,-0.229786,0.818994,1.460945,-0.039949,0.010216,1.505685,-0.039949,-0.526016,1.395604,-0.039949,-0.663808,1.185735,-0.039949,-0.622609,1.146658,-0.039949,-0.309307,1.892802,-0.039949,-0.608931,1.247848,-0.039949,-0.759377,0.700303,-0.039949,-0.816113,0.314507,-0.039949,0.178691,1.968277,-0.039949,-0.158802,1.212345,-0.039949,-0.374978,1.145249,-0.039949,-0.423149,1.193800,-0.039949,0.589854,1.940361,-0.039949,0.296359,1.301241,-0.039949,0.109096,1.469282,-0.039949,0.076509,1.686273,-0.039949,0.877821,1.789580,-0.039949,0.690405,1.306791,-0.039949,0.637049,1.431532,-0.039949,0.708329,1.636369,-0.039949,-2.978714,1.639000,1.019857,-2.969453,1.643941,1.019857,-2.942599,1.650797,1.019857,-2.811553,1.620820,1.019857,-2.854205,1.658748,1.019857,-2.721665,1.628815,1.019857,-2.614513,1.543295,1.019857,-2.483587,1.434728,1.019857,-2.444942,1.364637,1.019857,-2.533184,1.236030,1.019857,-2.795289,1.124740,1.019857,-2.759091,1.003170,1.019857,-3.076353,0.829011,1.019857,-3.217065,0.727460,1.019857,-3.266224,0.592836,1.019857,-3.197957,0.500779,1.019857,-3.137351,0.377519,1.019857,-2.911408,1.262325,1.019857,-2.855551,1.077695,1.019857,-2.815021,0.966661,1.019857,-2.782357,0.856157,1.019857,-2.832086,0.876853,1.019857,-2.849180,0.568583,1.019857,-2.851828,0.511421,1.019857,-2.896604,0.462652,1.019857,-2.928506,0.409195,1.019857,-2.996228,0.320487,1.019857,-2.762039,0.730058,1.019857,-0.134858,-0.134858,-0.134858,-2.609466,0.588643,1.019857,-2.556165,0.581484,1.019857,-2.702817,0.906884,1.019857,-0.134858,-0.134858,-0.134858,-2.628804,0.865073,1.019857,-2.601567,0.797290,1.019857,-2.675771,0.645227,1.019857,-0.134858,-0.134858,-0.134858,-0.134858,-0.134858,-0.134858,-0.134858,-0.134858,-0.134858,-0.134858,-0.134858,-0.134858,-0.134858,-0.134858,-0.134858,-2.894268,1.249351,1.019857,-0.134858,-0.134858,-0.134858,-2.918649,0.634995,1.019857,-2.937537,0.596685,1.019857,-0.134858,-0.134858,-0.134858,-2.934881,0.534666,1.019857,-0.134858,-0.134858,-0.134858,-2.746049,1.168671,1.019857,-0.134858,-0.134858,-0.134858,-0.134858,-0.134858,-0.134858,-0.134858,-0.134858,-0.134858,-0.134858,-0.134858,-0.134858,-0.134858,-0.134858,-0.134858,-2.603923,0.790827,1.019857,-2.514087,0.823808,1.019857,-2.526255,1.030933,1.019857,-2.526255,1.030933,1.019857,-2.650961,1.113049,1.019857,-2.702208,1.147871,1.019857,-2.746049,1.168671,1.019857,-0.134858,-0.134858,-0.134858,-0.134858,-0.134858,-0.134858,-0.134858,-0.134858,-0.134858,-0.134858,-0.134858,-0.134858,-0.134858,-0.134858,-0.134858,-0.134858,-0.134858,-0.134858,-0.134858,-0.134858,-0.134858,-2.892399,1.179586,1.019857,-2.918584,0.559804,1.019857
-2.857601,1.630367,-0.423097,-0.066611,1.024973,-1.754333,0.017706,1.540969,-2.835108,2.220379,1.367927,-1.800350,1.085268,1.677901,-2.099074,-0.487547,-1.820804,-1.127265,-0.490332,-1.468647,-1.875763,-1.255221,-0.825406,-1.780711,1.328569,-0.066722,-1.354547,1.477808,0.366451,-1.145179,-0.134858,-0.134858,-0.134858,-0.134858,-0.134858,-0.134858,-0.134858,-0.134858,-0.134858,-0.134858,-0.134858,-0.134858,-0.134858,-0.134858,-0.134858,-3.130902,2.626054,0.388801,-3.148390,1.394300,0.594255,-2.545563,1.729189,-0.544975,-3.135838,0.570981,0.421486,-0.134858,-0.134858,-0.134858,-0.134858,-0.134858,-0.134858,-0.134858,-0.134858,-0.134858,-0.134858,-0.134858,-0.134858,-0.134858,-0.134858,-0.134858,-0.134858,-0.134858,-0.134858,-0.229786,-0.229786,-0.229786,-0.229786,-0.229786,-0.229786,-0.229786,-0.229786,-0.229786,-0.229786,-0.229786,-0.229786,-0.229786,-0.229786,-0.229786,-0.229786,-0.229786,-0.229786,-0.229786,-0.229786,-0.229786,-0.229786,-0.229786,-0.229786,-0.229786,-0.229786,-0.229786,-0.229786,-0.229786,-0.229786,-0.229786,-0.229786,-0.229786,-0.229786,-0.229786,-0.229786,-0.229786,-0.229786,-0.229786,-0.229786,-0.229786,-0.229786,-0.229786,-0.229786,-0.229786,-0.229786,-0.229786,-0.229786,-0.229786,-0.229786,-0.229786,-0.229786,-0.229786,-0.229786,-0.229786,-0.229786,-0.229786,-0.229786,-0.229786,-0.229786,-0.229786,-0.229786,-0.229786,0.733901,1.321198,-0.039949,-0.050471,1.323354,-0.039949,-0.532654,1.196526,-0.039949,-0.643133,1.038746,-0.039949,-0.646732,0.937618,-0.039949,-0.336812,1.632002,-0.039949,-0.454916,1.093507,-0.039949,-0.549177,0.612590,-0.039949,-0.588225,0.295519,-0.039949,0.126985,1.784551,-0.039949,-0.013218,1.040505,-0.039949,-0.252559,0.922169,-0.039949,-0.366305,0.974346,-0.039949,0.521371,1.849848,-0.039949,0.382366,1.219797,-0.039949,0.173576,1.336440,-0.039949,0.088093,1.545067,-0.039949,0.804507,1.822171,-0.039949,0.713827,1.357010,-0.039949,0.648827,1.444841,-0.039949,0.673162,1.647077,-0.039949,-2.441117,1.270136,1.019857,-2.425121,1.278824,1.019857,-2.392710,1.285859,1.019857,-2.290994,1.265794,1.019857,-2.298060,1.284450,1.019857,-2.240595,1.296083,1.019857,-2.240882,1.306342,1.019857,-2.192971,1.278374,1.019857,-2.177550,1.236145,1.019857,-2.274656,1.119058,1.019857,-2.527334,0.990748,1.019857,-2.488888,0.890797,1.019857,-2.793353,0.720310,1.019857,-2.899987,0.624339,1.019857,-2.828562,0.502033,1.019857,-2.729106,0.417220,1.019857,-2.658735,0.315130,1.019857,-2.462682,0.961847,1.019857,-2.421200,0.833081,1.019857,-2.385843,0.759534,1.019857,-2.358443,0.702749,1.019857,-2.424522,0.732879,1.019857,-2.427687,0.524983,1.019857,-2.422263,0.470039,1.019857,-2.456569,0.437042,1.019857,-2.466190,0.367325,1.019857,-2.493822,0.244502,1.019857,-2.395331,0.592118,1.019857,-0.134858,-0.134858,-0.134858,-2.309924,0.459227,1.019857,-2.280719,0.453329,1.019857,-2.337448,0.704177,1.019857,-0.134858,-0.134858,-0.134858,-2.305327,0.674560,1.019857,-2.310869,0.626917,1.019857,-2.423554,0.505029,1.019857,-0.134858,-0.134858,-0.134858,-0.134858,-0.134858,-0.134858,-0.134858,-0.134858,-0.134858,-0.134858,-0.134858,-0.134858,-0.134858,-0.134858,-0.134858,-2.470820,0.995552,1.019857,-0.134858,-0.134858,-0.134858,-2.467198,0.613673,1.019857,-2.493622,0.645915,1.019857,-0.134858,-0.134858,-0.134858,-2.503831,0.459229,1.019857,-0.134858,-0.134858,-0.134858,-2.337482,0.956408,1.019857,-0.134858,-0.134858,-0.134858,-0.134858,-0.134858,-0.134858,-0.134858,-0.134858,-0.134858,-0.134858,-0.134858,-0.134858,-0.134858,-0.134858,-0.134858,-2.367621,0.667405,1.019857,-2.251000,0.726173,1.019857,-2.234111,0.928906,1.019857,-2.234111,0.928906,1.019857,-2.307951,0.963565,1.019857,-2.329386,0.969294,1.019857,-2.337482,0.956408,1.019857,-0.134858,-0.134858,-0.134858,-0.134858,-0.134858,-0.134858,-0.134858,-0.134858,-0.134858,-0.134858,-0.134858,-0.134858,-0.134858,-0.134858,-0.134858,-0.134858,-0.134858,-0.134858,-0.134858,-0.134858,-0.134858,-2.471472,0.932793,1.019857,-2.489609,0.466664,1.019857
-2.857601,1.630367,-0.423097,-0.066611,1.024973,-1.754333,0.017706,1.540969,-2.835108,2.220379,1.367927,-1.800350,1.085268,1.677901,-2.099074,-0.487547,-1.820804,-1.127265,-0.490332,-1.468647,-1.875763,-1.255221,-0.825406,-1.780711,1.328569,-0.066722,-1.354547,1.477808,0.366451,-1.145179,-0.134858,-0.134858,-0.134858,-0.134858,-0.134858,-0.134858,-0.134858,-0.134858,-0.134858,-0.134858,-0.134858,-0.134858,-0.134858,-0.134858,-0.134858,-3.130902,2.626054,0.388801,-3.148390,1.394300,0.594255,-2.545563,1.729189,-0.544975,-3.135838,0.570981,0.421486,-0.134858,-0.134858,-0.134858,-0.134858,-0.134858,-0.134858,-0.134858,-0.134858,-0.134858,-0.134858,-0.134858,-0.134858,-0.134858,-0.134858,-0.134858,-0.134858,-0.134858,-0.134858,-0.229786,-0.229786,-0.229786,-0.229786,-0.229786,-0.229786,-0.229786,-0.229786,-0.229786,-0.229786,-0.229786,-0.229786,-0.229786,-0.229786,-0.229786,-0.229786,-0.229786,-0.229786,-0.229786,-0.229786,-0.229786,-0.229786,-0.229786,-0.229786,-0.229786,-0.229786,-0.229786,-0.229786,-0.229786,-0.229786,-0.229786,-0.229786,-0.229786,-0.229786,-0.229786,-0.229786,-0.229786,-0.229786,-0.229786,-0.229786,-0.229786,-0.229786,-0.229786,-0.229786,-0.229786,-0.229786,-0.229786,-0.229786,-0.229786,-0.229786,-0.229786,-0.229786,-0.229786,-0.229786,-0.229786,-0.229786,-0.229786,-0.229786,-0.229786,-0.229786,-0.229786,-0.229786,-0.229786,0.733901,1.321198,-0.039949,-0.050471,1.323354,-0.039949,-0.532654,1.196526,-0.039949,-0.643133,1.038746,-0.039949,-0.646732,0.937618,-0.039949,-0.336812,1.632002,-0.039949,-0.454916,1.093507,-0.039949,-0.549177,0.612590,-0.039949,-0.588225,0.295519,-0.039949,0.126985,1.784551,-0.039949,-0.013218,1.040505,-0.039949,-0.252559,0.922169,-0.039949,-0.366305,0.974346,-0.039949,0.521371,1.849848,-0.039949,0.382366,1.219797,-0.039949,0.173576,1.336440,-0.039949,0.088093,1.545067,-0.039949,0.804507,1.822171,-0.039949,0.713827,1.357010,-0.039949,0.648827,1.444841,-0.039949,0.673162,1.647077,-0.039949,-2.441117,1.270136,1.019857,-2.425121,1.278824,1.019857,-2.392710,1.285859,1.019857,-2.290994,1.265794,1.019857,-2.298060,1.284450,1.019857,-2.240595,1.296083,1.019857,-2.240882,1.306342,1.019857,-2.192971,1.278374,1.019857,-2.177550,1.236145,1.019857,-2.274656,1.119058,1.019857,-2.527334,0.990748,1.019857,-2.488888,0.890797,1.019857,-2.793353,0.720310,1.019857,-2.899987,0.624339,1.019857,-2.828562,0.502033,1.019857,-2.729106,0.417220,1.019857,-2.658735,0.315130,1.019857,-2.462682,0.961847,1.019857,-2.421200,0.833081,1.019857,-2.385843,0.759534,1.019857,-2.358443,0.702749,1.019857,-2.424522,0.732879,1.019857,-2.427687,0.524983,1.019857,-2.422263,0.470039,1.019857,-2.456569,0.437042,1.019857,-2.466190,0.367325,1.019857,-2.493822,0.244502,1.019857,-2.395331,0.592118,1.019857,-0.134858,-0.134858,-0.134858,-2.309924,0.459227,1.019857,-2.280719,0.453329,1.019857,-2.337448,0.704177,1.019857,-0.134858,-0.134858,-0.134858,-2.305327,0.674560,1.019857,-2.310869,0.626917,1.019857,-2.423554,0.505029,1.019857,-0.134858,-0.134858,-0.134858,-0.134858,-0.134858,-0.134858,-0.134858,-0.134858,-0.134858,-0.134858,-0.134858,-0.134858,-0.134858,-0.134858,-0.134858,-2.470820,0.995552,1.019857,-0.134858,-0.134858,-0.134858,-2.467198,0.613673,1.019857,-2.493622,0.645915,1.019857,-0.134858,-0.134858,-0.134858,-2.503831,0.459229,1.019857,-0.134858,-0.134858,-0.134858,-2.337482,0.956408,1.019857,-0.134858,-0.134858,-0.134858,-0.134858,-0.134858,-0.134858,-0.134858,-0.134858,-0.134858,-0.134858,-0.134858,-0.134858,-0.134858,-0.134858,-0.134858,-2.367621,0.667405,1.019857,-2.251000,0.726173,1.019857,-2.234111,0.928906,1.019857,-2.234111,0.928906,1.019857,-2.307951,0.963565,1.019857,-2.329386,0.969294,1.019857,-2.337482,0.956408,1.019857,-0.134858,-0.134858,-0.134858,-0.134858,-0.134858,-0.134858,-0.134858,-0.134858,-0.134858,-0.134858,-0.134858,-0.134858,-0.134858,-0.134858,-0.134858,-0.134858,-0.134858,-0.134858,-0.134858,-0.134858,-0.134858,-2.471472,0.932793,1.019857,-2.489609,0.466664,1.019857
-2.626549,1.309451,-0.564765,0.100893,0.723806,-1.692253,0.029569,1.204058,-2.761992,1.304723,1.370397,-1.733758,0.631820,1.329733,-2.086272,0.159677,-1.666126,-1.034790,-0.384285,-0.878505,-1.648552,-0.796880,-0.203261,-1.732726,0.616785,-0.070173,-1.413390,0.577174,0.258763,-1.178050,-0.134858,-0.134858,-0.134858,-0.134858,-0.134858,-0.134858,-0.134858,-0.134858,-0.134858,-0.134858,-0.134858,-0.134858,-0.134858,-0.134858,-0.134858,-2.897401,2.368371,0.269514,-2.738331,1.254927,0.521048,-2.530344,1.725271,-0.802206,-2.709897,0.393620,0.268800,-0.134858,-0.134858,-0.134858,-0.134858,-0.134858,-0.134858,-0.134858,-0.134858,-0.134858,-0.134858,-0.134858,-0.134858,-0.134858,-0.134858,-0.134858,-0.134858,-0.134858,-0.134858,-0.229786,-0.229786,-0.229786,-0.229786,-0.229786,-0.229786,-0.229786,-0.229786,-0.229786,-0.229786,-0.229786,-0.229786,-0.229786,-0.229786,-0.229786,-0.229786,-0.229786,-0.229786,-0.229786,-0.229786,-0.229786,-0.229786,-0.229786,-0.229786,-0.229786,-0.229786,-0.229786,-0.229786,-0.229786,-0.229786,-0.229786,-0.229786,-0.229786,-0.229786,-0.229786,-0.229786,-0.229786,-0.229786,-0.229786,-0.229786,-0.229786,-0.229786,-0.229786,-0.229786,-0.229786,-0.229786,-0.229786,-0.229786,-0.229786,-0.229786,-0.229786,-0.229786,-0.229786,-0.229786,-0.229786,-0.229786,-0.229786,-0.229786,-0.229786,-0.229786,-0.229786,-0.229786,-0.229786,0.285677,1.066580,-0.039949,-0.330595,0.942721,-0.039949,-0.548694,0.773029,-0.039949,-0.511735,0.616161,-0.039949,-0.432487,0.526494,-0.039949,-0.274914,1.183059,-0.039949,-0.311029,0.685257,-0.039949,-0.513188,0.458250,-0.039949,-0.624440,0.376218,-0.039949,0.093086,1.417875,-0.039949,0.105887,0.834950,-0.039949,-0.063454,0.576968,-0.039949,-0.136582,0.527098,-0.039949,0.432225,1.595150,-0.039949,0.443261,1.031810,-0.039949,0.244278,1.019960,-0.039949,0.137360,1.170812,-0.039949,0.675187,1.683474,-0.039949,0.698023,1.272884,-0.039949,0.621350,1.308033,-0.039949,0.611974,1.492742,-0.039949,-2.051282,0.828736,1.019857,-2.062166,0.864876,1.019857,-2.054818,0.912098,1.019857,-1.931426,1.003808,1.019857,-1.992218,0.996919,1.019857,-1.874452,1.071032,1.019857,-1.763838,1.085210,1.019857,-1.652950,1.030607,1.019857,-1.612619,0.971996,1.019857,-1.661542,0.829884,1.019857,-1.813258,0.657868,1.019857,-1.784392,0.585817,1.019857,-1.934805,0.385465,1.019857,-1.987964,0.271031,1.019857,-1.909173,0.069403,1.019857,-1.849140,-0.032473,1.019857,-1.816778,-0.075926,1.019857,-1.911405,0.748516,1.019857,-1.836978,0.694301,1.019857,-1.794242,0.635272,1.019857,-1.761045,0.562761,1.019857,-1.832283,0.511356,1.019857,-1.838133,0.333772,1.019857,-1.825533,0.282847,1.019857,-1.847912,0.254539,1.019857,-1.828568,0.183070,1.019857,-1.777834,-0.005261,1.019857,-1.800229,0.398601,1.019857,-0.134858,-0.134858,-0.134858,-1.700757,0.378460,1.019857,-1.667909,0.401309,1.019857,-1.691644,0.547141,1.019857,-0.134858,-0.134858,-0.134858,-1.662083,0.526427,1.019857,-1.675687,0.487084,1.019857,-1.823343,0.336761,1.019857,-0.134858,-0.134858,-0.134858,-0.134858,-0.134858,-0.134858,-0.134858,-0.134858,-0.134858,-0.134858,-0.134858,-0.134858,-0.134858,-0.134858,-0.134858,-1.895972,0.694243,1.019857,-0.134858,-0.134858,-0.134858,-1.868179,0.309792,1.019857,-1.874185,0.363851,1.019857,-0.134858,-0.134858,-0.134858,-1.866355,0.127299,1.019857,-0.134858,-0.134858,-0.134858,-1.685376,0.737269,1.019857,-0.134858,-0.134858,-0.134858,-0.134858,-0.134858,-0.134858,-0.134858,-0.134858,-0.134858,-0.134858,-0.134858,-0.134858,-0.134858,-0.134858,-0.134858,-1.786931,0.406631,1.019857,-1.678830,0.470488,1.019857,-1.630638,0.660444,1.019857,-1.630638,0.660444,1.019857,-1.669359,0.716341,1.019857,-1.689213,0.738162,1.019857,-1.685376,0.737269,1.019857,-0.134858,-0.134858,-0.134858,-0.134858,-0.134858,-0.134858,-0.134858,-0.134858,-0.134858,-0.134858,-0.134858,-0.134858,-0.134858,-0.134858,-0.134858,-0.134858,-0.134858,-0.134858,-0.134858,-0.134858,-0.134858,-1.878852,0.606282,1.019857,-1.877677,0.105259,1.019857
-2.626549,1.309451,-0.564765,0.100893,0.723806,-1.692253,0.029569,1.204058,-2.761992,1.304723,1.370397,-1.733758,0.631820,1.329733,-2.086272,0.159677,-1.666126,-1.034790,-0.384285,-0.878505,-1.648552,-0.796880,-0.203261,-1.732726,0.616785,-0.070173,-1.413390,0.577174,0.258763,-1.178050,-0.134858,-0.134858,-0.134858,-0.134858,-0.134858,-0.134858,-0.134858,-0.134858,-0.134858,-0.134858,-0.134858,-0.134858,-0.134858,-0.134858,-0.134858,-2.897401,2.368371,0.269514,-2.738331,1.254927,0.521048,-2.530344,1.725271,-0.802206,-2.709897,0.393620,0.268800,-0.134858,-0.134858,-0.134858,-0.134858,-0.134858,-0.134858,-0.134858,-0.134858,-0.134858,-0.134858,-0.134858,-0.134858,-0.134858,-0.134858,-0.134858,-0.134858,-0.134858,-0.134858,-0.229786,-0.229786,-0.229786,-0.229786,-0.229786,-0.229786,-0.229786,-0.229786,-0.229786,-0.229786,-0.229786,-0.229786,-0.229786,-0.229786,-0.229786,-0.229786,-0.229786,-0.229786,-0.229786,-0.229786,-0.229786,-0.229786,-0.229786,-0.229786,-0.229786,-0.229786,-0.229786,-0.229786,-0.229786,-0.229786,-0.229786,-0.229786,-0.229786,-0.229786,-0.229786,-0.229786,-0.229786,-0.229786,-0.229786,-0.229786,-0.229786,-0.229786,-0.229786,-0.229786,-0.229786,-0.229786,-0.229786,-0.229786,-0.229786,-0.229786,-0.229786,-0.229786,-0.229786,-0.229786,-0.229786,-0.229786,-0.229786,-0.229786,-0.229786,-0.229786,-0.229786,-0.229786,-0.229786,0.285677,1.066580,-0.039949,-0.330595,0.942721,-0.039949,-0.548694,0.773029,-0.039949,-0.511735,0.616161,-0.039949,-0.432487,0.526494,-0.039949,-0.274914,1.183059,-0.039949,-0.311029,0.685257,-0.039949,-0.513188,0.458250,-0.039949,-0.624440,0.376218,-0.039949,0.093086,1.417875,-0.039949,0.105887,0.834950,-0.039949,-0.063454,0.576968,-0.039949,-0.136582,0.527098,-0.039949,0.432225,1.595150,-0.039949,0.443261,1.031810,-0.039949,0.244278,1.019960,-0.039949,0.137360,1.170812,-0.039949,0.675187,1.683474,-0.039949,0.698023,1.272884,-0.039949,0.621350,1.308033,-0.039949,0.611974,1.492742,-0.039949,-2.051282,0.828736,1.019857,-2.062166,0.864876,1.019857,-2.054818,0.912098,1.019857,-1.931426,1.003808,1.019857,-1.992218,0.996919,1.019857,-1.874452,1.071032,1.019857,-1.763838,1.085210,1.019857,-1.652950,1.030607,1.019857,-1.612619,0.971996,1.019857,-1.661542,0.829884,1.019857,-1.813258,0.657868,1.019857,-1.784392,0.585817,1.019857,-1.934805,0.385465,1.019857,-1.987964,0.271031,1.019857,-1.909173,0.069403,1.019857,-1.849140,-0.032473,1.019857,-1.816778,-0.075926,1.019857,-1.911405,0.748516,1.019857,-1.836978,0.694301,1.019857,-1.794242,0.635272,1.019857,-1.761045,0.562761,1.019857,-1.832283,0.511356,1.019857,-1.838133,0.333772,1.019857,-1.825533,0.282847,1.019857,-1.847912,0.254539,1.019857,-1.828568,0.183070,1.019857,-1.777834,-0.005261,1.019857,-1.800229,0.398601,1.019857,-0.134858,-0.134858,-0.134858,-1.700757,0.378460,1.019857,-1.667909,0.401309,1.019857,-1.691644,0.547141,1.019857,-0.134858,-0.134858,-0.134858,-1.662083,0.526427,1.019857,-1.675687,0.487084,1.019857,-1.823343,0.336761,1.019857,-0.134858,-0.134858,-0.134858,-0.134858,-0.134858,-0.134858,-0.134858,-0.134858,-0.134858,-0.134858,-0.134858,-0.134858,-0.134858,-0.134858,-0.134858,-1.895972,0.694243,1.019857,-0.134858,-0.134858,-0.134858,-1.868179,0.309792,1.019857,-1.874185,0.363851,1.019857,-0.134858,-0.134858,-0.134858,-1.866355,0.127299,1.019857,-0.134858,-0.134858,-0.134858,-1.685376,0.737269,1.019857,-0.134858,-0.134858,-0.134858,-0.134858,-0.134858,-0.134858,-0.134858,-0.134858,-0.134858,-0.134858,-0.134858,-0.134858,-0.134858,-0.134858,-0.134858,-1.786931,0.406631,1.019857,-1.678830,0.470488,1.019857,-1.630638,0.660444,1.019857,-1.630638,0.660444,1.019857,-1.669359,0.716341,1.019857,-1.689213,0.738162,1.019857,-1.685376,0.737269,1.019857,-0.134858,-0.134858,-0.134858,-0.134858,-0.134858,-0.134858,-0.134858,-0.134858,-0.134858,-0.134858,-0.134858,-0.134858,-0.134858,-0.134858,-0.134858,-0.134858,-0.134858,-0.134858,-0.134858,-0.134858,-0.134858,-1.878852,0.606282,1.019857,-1.877677,0.105259,1.019857
-2.178649,1.008097,-0.531219,0.140137,0.784665,-1.650250,0.040415,0.908972,-2.712521,0.808299,0.390698,-1.732689,0.204543,0.870510,-2.178042,0.277658,-0.650895,-0.894639,-0.385520,0.016695,-1.312132,-0.582394,0.335660,-1.623226,-0.121683,0.176116,-1.374001,-0.151334,0.255722,-1.173969,-0.134858,-0.134858,-0.134858,-0.134858,-0.134858,-0.134858,-0.134858,-0.134858,-0.134858,-0.134858,-0.134858,-0.134858,-0.134858,-0.134858,-0.134858,-2.123113,1.800333,0.254603,-2.365953,1.091818,0.566581,-2.279254,1.608332,-0.888386,-2.346739,0.112942,0.301621,-0.134858,-0.134858,-0.134858,-0.134858,-0.134858,-0.134858,-0.134858,-0.134858,-0.134858,-0.134858,-0.134858,-0.134858,-0.134858,-0.134858,-0.134858,-0.134858,-0.134858,-0.134858,-0.229786,-0.229786,-0.229786,-0.229786,-0.229786,-0.229786,-0.229786,-0.229786,-0.229786,-0.229786,-0.229786,-0.229786,-0.229786,-0.229786,-0.229786,-0.229786,-0.229786,-0.229786,-0.229786,-0.229786,-0.229786,-0.229786,-0.229786,-0.229786,-0.229786,-0.229786,-0.229786,-0.229786,-0.229786,-0.229786,-0.229786,-0.229786,-0.229786,-0.229786,-0.229786,-0.229786,-0.229786,-0.229786,-0.229786,-0.229786,-0.229786,-0.229786,-0.229786,-0.229786,-0.229786,-0.229786,-0.229786,-0.229786,-0.229786,-0.229786,-0.229786,-0.229786,-0.229786,-0.229786,-0.229786,-0.229786,-0.229786,-0.229786,-0.229786,-0.229786,-0.229786,-0.229786,-0.229786,-0.085119,0.620360,-0.039949,-0.503316,0.423089,-0.039949,-0.438721,0.196595,-0.039949,-0.206257,0.068859,-0.039949,-0.099466,-0.037418,-0.039949,-0.438610,0.507943,-0.039949,-0.312961,0.125095,-0.039949,-0.269128,-0.252570,-0.039949,-0.227641,-0.507592,-0.039949,-0.117102,0.790126,-0.039949,0.053732,0.309457,-0.039949,0.049469,-0.114041,-0.039949,0.061508,-0.313666,-0.039949,0.206808,1.039369,-0.039949,0.437987,0.530585,-0.039949,0.258926,0.388728,-0.039949,0.079706,0.456949,-0.039949,0.476057,1.203098,-0.039949,0.661708,0.749928,-0.039949,0.576217,0.668520,-0.039949,0.483163,0.791938,-0.039949,-1.492727,0.335096,1.019857,-1.527034,0.387698,1.019857,-1.534388,0.447177,1.019857,-1.360000,0.583004,1.019857,-1.494269,0.577513,1.019857,-1.362839,0.688789,1.019857,-1.232481,0.725154,1.019857,-1.116169,0.708555,1.019857,-1.075062,0.671772,1.019857,-1.124512,0.565351,1.019857,-1.257628,0.440087,1.019857,-1.216528,0.399894,1.019857,-1.353868,0.268411,1.019857,-1.387801,0.175604,1.019857,-1.294829,0.017152,1.019857,-1.227451,-0.060818,1.019857,-1.182442,-0.090822,1.019857,-1.205322,0.319398,1.019857,-1.103011,0.299999,1.019857,-1.054609,0.272823,1.019857,-1.026518,0.236621,1.019857,-1.107974,0.189709,1.019857,-1.164973,0.176820,1.019857,-1.146984,0.155072,1.019857,-1.196561,0.190054,1.019857,-1.195282,0.181920,1.019857,-1.156556,0.042587,1.019857,-1.107025,0.128206,1.019857,-0.134858,-0.134858,-0.134858,-1.033755,0.133908,1.019857,-1.012331,0.154956,1.019857,-0.944875,0.283694,1.019857,-0.134858,-0.134858,-0.134858,-0.960691,0.286962,1.019857,-1.015439,0.258879,1.019857,-1.259544,0.161883,1.019857,-0.134858,-0.134858,-0.134858,-0.134858,-0.134858,-0.134858,-0.134858,-0.134858,-0.134858,-0.134858,-0.134858,-0.134858,-0.134858,-0.134858,-0.134858,-1.189959,0.244832,1.019857,-0.134858,-0.134858,-0.134858,-1.234950,0.074595,1.019857,-1.243228,0.156121,1.019857,-0.134858,-0.134858,-0.134858,-1.235556,-0.015822,1.019857,-0.134858,-0.134858,-0.134858,-0.957871,0.481166,1.019857,-0.134858,-0.134858,-0.134858,-0.134858,-0.134858,-0.134858,-0.134858,-0.134858,-0.134858,-0.134858,-0.134858,-0.134858,-0.134858,-0.134858,-0.134858,-1.217185,0.265202,1.019857,-1.086187,0.294542,1.019857,-1.007700,0.429445,1.019857,-1.007700,0.429445,1.019857,-0.995493,0.462841,1.019857,-0.991019,0.482263,1.019857,-0.957871,0.481166,1.019857,-0.134858,-0.134858,-0.134858,-0.134858,-0.134858,-0.134858,-0.134858,-0.134858,-0.134858,-0.134858,-0.134858,-0.134858,-0.134858,-0.134858,-0.134858,-0.134858,-0.134858,-0.134858,-0.134858,-0.134858,-0.134858,-1.176600,0.146897,1.019857,-1.242932,-0.061256,1.019857
-1.495258,0.341913,-0.516768,0.001132,0.157311,-1.444932,0.110763,0.250303,-2.470703,0.757817,-0.114791,-1.509068,0.170918,0.071032,-1.867977,-0.593998,-0.452990,-0.861796,-0.758072,0.121582,-1.247991,-0.347949,0.426485,-1.518781,-0.064728,-0.067180,-1.273753,-0.065103,-0.076597,-1.115144,-0.134858,-0.134858,-0.134858,-0.134858,-0.134858,-0.134858,-0.134858,-0.134858,-0.134858,-0.134858,-0.134858,-0.134858,-0.134858,-0.134858,-0.134858,-1.398249,0.952404,0.222111,-1.714710,0.667082,0.487100,-2.165178,1.157290,-0.846240,-1.520614,-0.259650,0.178519,-0.134858,-0.134858,-0.134858,-0.134858,-0.134858,-0.134858,-0.134858,-0.134858,-0.134858,-0.134858,-0.134858,-0.134858,-0.134858,-0.134858,-0.134858,-0.134858,-0.134858,-0.134858,-0.229786,-0.229786,-0.229786,-0.229786,-0.229786,-0.229786,-0.229786,-0.229786,-0.229786,-0.229786,-0.229786,-0.229786,-0.229786,-0.229786,-0.229786,-0.229786,-0.229786,-0.229786,-0.229786,-0.229786,-0.229786,-0.229786,-0.229786,-0.229786,-0.229786,-0.229786,-0.229786,-0.229786,-0.229786,-0.229786,-0.229786,-0.229786,-0.229786,-0.229786,-0.229786,-0.229786,-0.229786,-0.229786,-0.229786,-0.229786,-0.229786,-0.229786,-0.229786,-0.229786,-0.229786,-0.229786,-0.229786,-0.229786,-0.229786,-0.229786,-0.229786,-0.229786,-0.229786,-0.229786,-0.229786,-0.229786,-0.229786,-0.229786,-0.229786,-0.229786,-0.229786,-0.229786,-0.229786,-0.217666,-0.064252,-0.039949,-0.347719,-0.335588,-0.039949,-0.227646,-0.467892,-0.039949,-0.031501,-0.455554,-0.039949,0.083252,-0.328953,-0.039949,-0.280480,-0.333527,-0.039949,0.054296,-0.536166,-0.039949,0.137051,-0.539402,-0.039949,0.183245,-0.524496,-0.039949,-0.086734,-0.065349,-0.039949,0.351953,-0.234369,-0.039949,0.580497,-0.320074,-0.039949,0.714982,-0.359223,-0.039949,0.132825,0.213637,-0.039949,0.503168,-0.106245,-0.039949,0.669060,-0.305579,-0.039949,0.743170,-0.390698,-0.039949,0.329074,0.459976,-0.039949,0.574748,0.202725,-0.039949,0.782438,-0.065658,-0.039949,0.937887,-0.246718,-0.039949,-0.851046,-0.022212,1.019857,-0.861126,-0.023996,1.019857,-0.848565,-0.010557,1.019857,-0.713481,0.093346,1.019857,-0.790822,0.028144,1.019857,-0.723209,0.118736,1.019857,-0.677848,0.173266,1.019857,-0.632265,0.211837,1.019857,-0.611912,0.204559,1.019857,-0.650875,0.111803,1.019857,-0.753338,-0.000654,1.019857,-0.708098,0.045490,1.019857,-0.806135,-0.040514,1.019857,-0.800956,-0.104115,1.019857,-0.614090,-0.192727,1.019857,-0.541920,-0.204554,1.019857,-0.535557,-0.145090,1.019857,-0.680894,0.084389,1.019857,-0.609480,0.086593,1.019857,-0.570713,0.082096,1.019857,-0.549613,0.070854,1.019857,-0.602345,0.025234,1.019857,-0.630931,0.079730,1.019857,-0.617011,0.089086,1.019857,-0.642633,0.130706,1.019857,-0.632588,0.145745,1.019857,-0.562389,0.043300,1.019857,-0.613750,0.000776,1.019857,-0.134858,-0.134858,-0.134858,-0.588063,-0.020227,1.019857,-0.582553,-0.018246,1.019857,-0.457041,0.072811,1.019857,-0.134858,-0.134858,-0.134858,-0.499497,0.077113,1.019857,-0.557480,0.052699,1.019857,-0.766148,0.001029,1.019857,-0.134858,-0.134858,-0.134858,-0.134858,-0.134858,-0.134858,-0.134858,-0.134858,-0.134858,-0.134858,-0.134858,-0.134858,-0.134858,-0.134858,-0.134858,-0.679026,0.030799,1.019857,-0.134858,-0.134858,-0.134858,-0.666942,-0.045200,1.019857,-0.658839,0.019978,1.019857,-0.134858,-0.134858,-0.134858,-0.630536,-0.078428,1.019857,-0.134858,-0.134858,-0.134858,-0.457798,0.234371,1.019857,-0.134858,-0.134858,-0.134858,-0.134858,-0.134858,-0.134858,-0.134858,-0.134858,-0.134858,-0.134858,-0.134858,-0.134858,-0.134858,-0.134858,-0.134858,-0.687074,0.096312,1.019857,-0.581327,0.162956,1.019857,-0.539339,0.219658,1.019857,-0.539339,0.219658,1.019857,-0.519401,0.227963,1.019857,-0.501073,0.235999,1.019857,-0.457798,0.234371,1.019857,-0.134858,-0.134858,-0.134858,-0.134858,-0.134858,-0.134858,-0.134858,-0.134858,-0.134858,-0.134858,-0.134858,-0.134858,-0.134858,-0.134858,-0.134858,-0.134858,-0.134858,-0.134858,-0.134858,-0.134858,-0.134858,-0.674659,-0.031303,1.019857,-0.637025,-0.116697,1.019857
-1.495258,0.341913,-0.516768,0.001132,0.157311,-1.444932,0.110763,0.250303,-2.470703,0.757817,-0.114791,-1.509068,0.170918,0.071032,-1.867977,-0.593998,-0.452990,-0.861796,-0.758072,0.121582,-1.247991,-0.347949,0.426485,-1.518781,-0.064728,-0.067180,-1.273753,-0.065103,-0.076597,-1.115144,-0.134858,-0.134858,-0.134858,-0.134858,-0.134858,-0.134858,-0.134858,-0.134858,-0.134858,-0.134858,-0.134858,-0.134858,-0.134858,-0.134858,-0.134858,-1.398249,0.952404,0.222111,-1.714710,0.667082,0.487100,-2.165178,1.157290,-0.846240,-1.520614,-0.259650,0.178519,-0.134858,-0.134858,-0.134858,-0.134858,-0.134858,-0.134858,-0.134858,-0.134858,-0.134858,-0.134858,-0.134858,-0.134858,-0.134858,-0.134858,-0.134858,-0.134858,-0.134858,-0.134858,-0.229786,-0.229786,-0.229786,-0.229786,-0.229786,-0.229786,-0.229786,-0.229786,-0.229786,-0.229786,-0.229786,-0.229786,-0.229786,-0.229786,-0.229786,-0.229786,-0.229786,-0.229786,-0.229786,-0.229786,-0.229786,-0.229786,-0.229786,-0.229786,-0.229786,-0.229786,-0.229786,-0.229786,-0.229786,-0.229786,-0.229786,-0.229786,-0.229786,-0.229786,-0.229786,-0.229786,-0.229786,-0.229786,-0.229786,-0.229786,-0.229786,-0.229786,-0.229786,-0.229786,-0.229786,-0.229786,-0.229786,-0.229786,-0.229786,-0.229786,-0.229786,-0.229786,-0.229786,-0.229786,-0.229786,-0.229786,-0.229786,-0.229786,-0.229786,-0.229786,-0.229786,-0.229786,-0.229786,-0.217666,-0.064252,-0.039949,-0.347719,-0.335588,-0.039949,-0.227646,-0.467892,-0.039949,-0.031501,-0.455554,-0.039949,0.083252,-0.328953,-0.039949,-0.280480,-0.333527,-0.039949,0.054296,-0.536166,-0.039949,0.137051,-0.539402,-0.039949,0.183245,-0.524496,-0.039949,-0.086734,-0.065349,-0.039949,0.351953,-0.234369,-0.039949,0.580497,-0.320074,-0.039949,0.714982,-0.359223,-0.039949,0.132825,0.213637,-0.039949,0.503168,-0.106245,-0.039949,0.669060,-0.305579,-0.039949,0.743170,-0.390698,-0.039949,0.329074,0.459976,-0.039949,0.574748,0.202725,-0.039949,0.782438,-0.065658,-0.039949,0.937887,-0.246718,-0.039949,-0.851046,-0.022212,1.019857,-0.861126,-0.023996,1.019857,-0.848565,-0.010557,1.019857,-0.713481,0.093346,1.019857,-0.790822,0.028144,1.019857,-0.723209,0.118736,1.019857,-0.677848,0.173266,1.019857,-0.632265,0.211837,1.019857,-0.611912,0.204559,1.019857,-0.650875,0.111803,1.019857,-0.753338,-0.000654,1.019857,-0.708098,0.045490,1.019857,-0.806135,-0.040514,1.019857,-0.800956,-0.104115,1.019857,-0.614090,-0.192727,1.019857,-0.541920,-0.204554,1.019857,-0.535557,-0.145090,1.019857,-0.680894,0.084389,1.019857,-0.609480,0.086593,1.019857,-0.570713,0.082096,1.019857,-0.549613,0.070854,1.019857,-0.602345,0.025234,1.019857,-0.630931,0.079730,1.019857,-0.617011,0.089086,1.019857,-0.642633,0.130706,1.019857,-0.632588,0.145745,1.019857,-0.562389,0.043300,1.019857,-0.613750,0.000776,1.019857,-0.134858,-0.134858,-0.134858,-0.588063,-0.020227,1.019857,-0.582553,-0.018246,1.019857,-0.457041,0.072811,1.019857,-0.134858,-0.134858,-0.134858,-0.499497,0.077113,1.019857,-0.557480,0.052699,1.019857,-0.766148,0.001029,1.019857,-0.134858,-0.134858,-0.134858,-0.134858,-0.134858,-0.134858,-0.134858,-0.134858,-0.134858,-0.134858,-0.134858,-0.134858,-0.134858,-0.134858,-0.134858,-0.679026,0.030799,1.019857,-0.134858,-0.134858,-0.134858,-0.666942,-0.045200,1.019857,-0.658839,0.019978,1.019857,-0.134858,-0.134858,-0.134858,-0.630536,-0.078428,1.019857,-0.134858,-0.134858,-0.134858,-0.457798,0.234371,1.019857,-0.134858,-0.134858,-0.134858,-0.134858,-0.134858,-0.134858,-0.134858,-0.134858,-0.134858,-0.134858,-0.134858,-0.134858,-0.134858,-0.134858,-0.134858,-0.687074,0.096312,1.019857,-0.581327,0.162956,1.019857,-0.539339,0.219658,1.019857,-0.539339,0.219658,1.019857,-0.519401,0.227963,1.019857,-0.501073,0.235999,1.019857,-0.457798,0.234371,1.019857,-0.134858,-0.134858,-0.134858,-0.134858,-0.134858,-0.134858,-0.134858,-0.134858,-0.134858,-0.134858,-0.134858,-0.134858,-0.134858,-0.134858,-0.134858,-0.134858,-0.134858,-0.134858,-0.134858,-0.134858,-0.134858,-0.674659,-0.031303,1.019857,-0.637025,-0.116697,1.019857
-1.275490,-0.613797,-0.269171,-0.253026,-0.215325,-1.204731,0.074415,-0.097855,-2.187799,0.478099,-0.203665,-1.342568,-0.071033,-0.359554,-1.617525,-1.499496,-0.459574,-0.703180,-1.196108,0.104669,-1.102116,-0.023947,0.366009,-1.374641,-0.002933,-0.448213,-1.271369,0.007356,-0.530984,-1.117149,-0.134858,-0.134858,-0.134858,-0.134858,-0.134858,-0.134858,-0.134858,-0.134858,-0.134858,-0.134858,-0.134858,-0.134858,-0.134858,-0.134858,-0.134858,-1.022135,-0.300234,0.443103,-1.370014,-0.011115,0.677973,-2.101339,0.213977,-0.550788,-1.132030,-0.614684,0.385518,-0.134858,-0.134858,-0.134858,-0.134858,-0.134858,-0.134858,-0.134858,-0.134858,-0.134858,-0.134858,-0.134858,-0.134858,-0.134858,-0.134858,-0.134858,-0.134858,-0.134858,-0.134858,-0.229786,-0.229786,-0.229786,-0.229786,-0.229786,-0.229786,-0.229786,-0.229786,-0.229786,-0.229786,-0.229786,-0.229786,-0.229786,-0.229786,-0.229786,-0.229786,-0.229786,-0.229786,-0.229786,-0.229786,-0.229786,-0.229786,-0.229786,-0.229786,-0.229786,-0.229786,-0.229786,-0.229786,-0.229786,-0.229786,-0.229786,-0.229786,-0.229786,-0.229786,-0.229786,-0.229786,-0.229786,-0.229786,-0.229786,-0.229786,-0.229786,-0.229786,-0.229786,-0.229786,-0.229786,-0.229786,-0.229786,-0.229786,-0.229786,-0.229786,-0.229786,-0.229786,-0.229786,-0.229786,-0.229786,-0.229786,-0.229786,-0.229786,-0.229786,-0.229786,-0.229786,-0.229786,-0.229786,-0.546522,-0.371537,-0.039949,-0.681946,-0.628743,-0.039949,-0.525694,-0.776491,-0.039949,-0.299480,-0.692365,-0.039949,-0.181006,-0.526287,-0.039949,-0.334875,-0.723469,-0.039949,0.002004,-0.748568,-0.039949,0.174557,-0.742115,-0.039949,0.297530,-0.729715,-0.039949,-0.120531,-0.495915,-0.039949,0.327366,-0.506822,-0.039949,0.641418,-0.531843,-0.039949,0.852936,-0.556577,-0.039949,0.081891,-0.279968,-0.039949,0.478925,-0.394574,-0.039949,0.798328,-0.515091,-0.039949,1.014966,-0.579313,-0.039949,0.243085,-0.100462,-0.039949,0.603131,-0.318078,-0.039949,0.966891,-0.528378,-0.039949,1.281902,-0.690638,-0.039949,-0.405748,-0.134319,1.019857,-0.414042,-0.115509,1.019857,-0.397152,-0.090062,1.019857,-0.267864,-0.014326,1.019857,-0.327030,-0.034433,1.019857,-0.211276,-0.028335,1.019857,-0.181666,-0.072390,1.019857,-0.178251,-0.093816,1.019857,-0.181497,-0.104994,1.019857,-0.263980,-0.161175,1.019857,-0.428600,-0.187825,1.019857,-0.358203,-0.129862,1.019857,-0.540491,-0.154903,1.019857,-0.552132,-0.180120,1.019857,-0.465734,-0.193246,1.019857,-0.398347,-0.195190,1.019857,-0.355784,-0.180252,1.019857,-0.241401,-0.102644,1.019857,-0.182685,-0.124971,1.019857,-0.150789,-0.128486,1.019857,-0.142070,-0.128473,1.019857,-0.209745,-0.207711,1.019857,-0.279582,-0.060307,1.019857,-0.280259,-0.021199,1.019857,-0.329296,0.009732,1.019857,-0.349314,0.041501,1.019857,-0.337859,-0.018806,1.019857,-0.233045,-0.172378,1.019857,-0.134858,-0.134858,-0.134858,-0.206235,-0.207470,1.019857,-0.197464,-0.216539,1.019857,-0.171846,-0.059408,1.019857,-0.134858,-0.134858,-0.134858,-0.138352,-0.090579,1.019857,-0.143111,-0.136991,1.019857,-0.265966,-0.148772,1.019857,-0.134858,-0.134858,-0.134858,-0.134858,-0.134858,-0.134858,-0.134858,-0.134858,-0.134858,-0.134858,-0.134858,-0.134858,-0.134858,-0.134858,-0.134858,-0.276985,-0.195319,1.019857,-0.134858,-0.134858,-0.134858,-0.309397,-0.163635,1.019857,-0.337806,-0.118074,1.019857,-0.134858,-0.134858,-0.134858,-0.294353,-0.202992,1.019857,-0.134858,-0.134858,-0.134858,-0.116628,0.235916,1.019857,-0.134858,-0.134858,-0.134858,-0.134858,-0.134858,-0.134858,-0.134858,-0.134858,-0.134858,-0.134858,-0.134858,-0.134858,-0.134858,-0.134858,-0.134858,-0.095635,0.062985,1.019857,-0.021680,0.155946,1.019857,-0.096926,0.132988,1.019857,-0.096926,0.132988,1.019857,-0.138294,0.179070,1.019857,-0.134070,0.202166,1.019857,-0.116628,0.235916,1.019857,-0.134858,-0.134858,-0.134858,-0.134858,-0.134858,-0.134858,-0.134858,-0.134858,-0.134858,-0.134858,-0.134858,-0.134858,-0.134858,-0.134858,-0.134858,-0.134858,-0.134858,-0.134858,-0.134858,-0.134858,-0.134858,-0.264715,-0.249201,1.019857,-0.297680,-0.235211,1.019857
-1.275490,-0.613797,-0.269171,-0.253026,-0.215325,-1.204731,0.074415,-0.097855,-2.187799,0.478099,-0.203665,-1.342568,-0.071033,-0.359554,-1.617525,-1.499496,-0.459574,-0.703180,-1.196108,0.104669,-1.102116,-0.023947,0.366009,-1.374641,-0.002933,-0.448213,-1.271369,0.007356,-0.530984,-1.117149,-0.134858,-0.134858,-0.134858,-0.134858,-0.134858,-0.134858,-0.134858,-0.134858,-0.134858,-0.134858,-0.134858,-0.134858,-0.134858,-0.134858,-0.134858,-1.022135,-0.300234,0.443103,-1.370014,-0.011115,0.677973,-2.101339,0.213977,-0.550788,-1.132030,-0.614684,0.385518,-0.134858,-0.134858,-0.134858,-0.134858,-0.134858,-0.134858,-0.134858,-0.134858,-0.134858,-0.134858,-0.134858,-0.134858,-0.134858,-0.134858,-0.134858,-0.134858,-0.134858,-0.134858,-0.229786,-0.229786,-0.229786,-0.229786,-0.229786,-0.229786,-0.229786,-0.229786,-0.229786,-0.229786,-0.229786,-0.229786,-0.229786,-0.229786,-0.229786,-0.229786,-0.229786,-0.229786,-0.229786,-0.229786,-0.229786,-0.229786,-0.229786,-0.229786,-0.229786,-0.229786,-0.229786,-0.229786,-0.229786,-0.229786,-0.229786,-0.229786,-0.229786,-0.229786,-0.229786,-0.229786,-0.229786,-0.229786,-0.229786,-0.229786,-0.229786,-0.229786,-0.229786,-0.229786,-0.229786,-0.229786,-0.229786,-0.229786,-0.229786,-0.229786,-0.229786,-0.229786,-0.229786,-0.229786,-0.229786,-0.229786,-0.229786,-0.229786,-0.229786,-0.229786,-0.229786,-0.229786,-0.229786,-0.546522,-0.371537,-0.039949,-0.681946,-0.628743,-0.039949,-0.525694,-0.776491,-0.039949,-0.299480,-0.692365,-0.039949,-0.181006,-0.526287,-0.039949,-0.334875,-0.723469,-0.039949,0.002004,-0.748568,-0.039949,0.174557,-0.742115,-0.039949,0.297530,-0.729715,-0.039949,-0.120531,-0.495915,-0.039949,0.327366,-0.506822,-0.039949,0.641418,-0.531843,-0.039949,0.852936,-0.556577,-0.039949,0.081891,-0.279968,-0.039949,0.478925,-0.394574,-0.039949,0.798328,-0.515091,-0.039949,1.014966,-0.579313,-0.039949,0.243085,-0.100462,-0.039949,0.603131,-0.318078,-0.039949,0.966891,-0.528378,-0.039949,1.281902,-0.690638,-0.039949,-0.405748,-0.134319,1.019857,-0.414042,-0.115509,1.019857,-0.397152,-0.090062,1.019857,-0.267864,-0.014326,1.019857,-0.327030,-0.034433,1.019857,-0.211276,-0.028335,1.019857,-0.181666,-0.072390,1.019857,-0.178251,-0.093816,1.019857,-0.181497,-0.104994,1.019857,-0.263980,-0.161175,1.019857,-0.428600,-0.187825,1.019857,-0.358203,-0.129862,1.019857,-0.540491,-0.154903,1.019857,-0.552132,-0.180120,1.019857,-0.465734,-0.193246,1.019857,-0.398347,-0.195190,1.019857,-0.355784,-0.180252,1.019857,-0.241401,-0.102644,1.019857,-0.182685,-0.124971,1.019857,-0.150789,-0.128486,1.019857,-0.142070,-0.128473,1.019857,-0.209745,-0.207711,1.019857,-0.279582,-0.060307,1.019857,-0.280259,-0.021199,1.019857,-0.329296,0.009732,1.019857,-0.349314,0.041501,1.019857,-0.337859,-0.018806,1.019857,-0.233045,-0.172378,1.019857,-0.134858,-0.134858,-0.134858,-0.206235,-0.207470,1.019857,-0.197464,-0.216539,1.019857,-0.171846,-0.059408,1.019857,-0.134858,-0.134858,-0.134858,-0.138352,-0.090579,1.019857,-0.143111,-0.136991,1.019857,-0.265966,-0.148772,1.019857,-0.134858,-0.134858,-0.134858,-0.134858,-0.134858,-0.134858,-0.134858,-0.134858,-0.134858,-0.134858,-0.134858,-0.134858,-0.134858,-0.134858,-0.134858,-0.276985,-0.195319,1.019857,-0.134858,-0.134858,-0.134858,-0.309397,-0.163635,1.019857,-0.337806,-0.118074,1.019857,-0.134858,-0.134858,-0.134858,-0.294353,-0.202992,1.019857,-0.134858,-0.134858,-0.134858,-0.116628,0.235916,1.019857,-0.134858,-0.134858,-0.134858,-0.134858,-0.134858,-0.134858,-0.134858,-0.134858,-0.134858,-0.134858,-0.134858,-0.134858,-0.134858,-0.134858,-0.134858,-0.095635,0.062985,1.019857,-0.021680,0.155946,1.019857,-0.096926,0.132988,1.019857,-0.096926,0.132988,1.019857,-0.138294,0.179070,1.019857,-0.134070,0.202166,1.019857,-0.116628,0.235916,1.019857,-0.134858,-0.134858,-0.134858,-0.134858,-0.134858,-0.134858,-0.134858,-0.134858,-0.134858,-0.134858,-0.134858,-0.134858,-0.134858,-0.134858,-0.134858,-0.134858,-0.134858,-0.134858,-0.134858,-0.134858,-0.134858,-0.264715,-0.249201,1.019857,-0.297680,-0.235211,1.019857
-1.087526,-1.339335,0.004875,0.176819,-0.770147,-0.925231,0.338318,-0.617733,-1.858610,0.106564,-0.523386,-1.180958,-0.661439,-0.730166,-1.369942,-0.812613,-0.465051,-0.519138,-1.107213,-0.291881,-1.023863,0.530645,0.270111,-1.273896,0.773287,-1.280751,-1.042475,0.616886,-1.276078,-0.974074,-0.134858,-0.134858,-0.134858,-0.134858,-0.134858,-0.134858,-0.134858,-0.134858,-0.134858,-0.134858,-0.134858,-0.134858,-0.134858,-0.134858,-0.134858,-0.457066,-0.623071,0.688797,-1.211408,-0.862933,0.884505,-1.366144,0.030855,-0.225688,-0.819653,-0.942195,0.608343,-0.134858,-0.134858,-0.134858,-0.134858,-0.134858,-0.134858,-0.134858,-0.134858,-0.134858,-0.134858,-0.134858,-0.134858,-0.134858,-0.134858,-0.134858,-0.134858,-0.134858,-0.134858,-0.229786,-0.229786,-0.229786,-0.229786,-0.229786,-0.229786,-0.229786,-0.229786,-0.229786,-0.229786,-0.229786,-0.229786,-0.229786,-0.229786,-0.229786,-0.229786,-0.229786,-0.229786,-0.229786,-0.229786,-0.229786,-0.229786,-0.229786,-0.229786,-0.229786,-0.229786,-0.229786,-0.229786,-0.229786,-0.229786,-0.229786,-0.229786,-0.229786,-0.229786,-0.229786,-0.229786,-0.229786,-0.229786,-0.229786,-0.229786,-0.229786,-0.229786,-0.229786,-0.229786,-0.229786,-0.229786,-0.229786,-0.229786,-0.229786,-0.229786,-0.229786,-0.229786,-0.229786,-0.229786,-0.229786,-0.229786,-0.229786,-0.229786,-0.229786,-0.229786,-0.229786,-0.229786,-0.229786,-0.590834,-0.838404,-0.039949,-0.603074,-1.095485,-0.039949,-0.247227,-1.109539,-0.039949,0.083001,-0.806408,-0.039949,0.215199,-0.458796,-0.039949,-0.240614,-1.228034,-0.039949,0.094829,-1.199373,-0.039949,0.271850,-1.083856,-0.039949,0.403151,-0.953563,-0.039949,-0.123474,-0.997586,-0.039949,0.369413,-0.902437,-0.039949,0.743505,-0.838870,-0.039949,0.996691,-0.779284,-0.039949,0.011914,-0.769959,-0.039949,0.512763,-0.767930,-0.039949,0.417686,-0.912536,-0.039949,0.220453,-0.918074,-0.039949,0.150878,-0.587538,-0.039949,0.559744,-0.706008,-0.039949,0.560795,-0.915806,-0.039949,0.447915,-0.989978,-0.039949,-0.339034,-0.573281,1.019857,-0.373423,-0.534695,1.019857,-0.379943,-0.498200,1.019857,-0.222716,-0.406472,1.019857,-0.349057,-0.399749,1.019857,-0.234296,-0.351961,1.019857,-0.142006,-0.334259,1.019857,-0.114777,-0.376177,1.019857,-0.170454,-0.392352,1.019857,-0.374425,-0.434936,1.019857,-0.578609,-0.473027,1.019857,-0.574584,-0.494674,1.019857,-0.721504,-0.494266,1.019857,-0.739786,-0.483969,1.019857,-0.789862,-0.490641,1.019857,-0.723662,-0.489019,1.019857,-0.514626,-0.422808,1.019857,-0.001352,-0.369932,1.019857,0.067945,-0.300734,1.019857,0.084667,-0.274352,1.019857,0.086955,-0.254655,1.019857,0.056104,-0.301440,1.019857,-0.003463,-0.180078,1.019857,-0.002286,-0.153332,1.019857,-0.082118,-0.199826,1.019857,-0.141369,-0.230312,1.019857,-0.279352,-0.312839,1.019857,0.096157,-0.209389,1.019857,-0.134858,-0.134858,-0.134858,0.167295,-0.185951,1.019857,0.183651,-0.209056,1.019857,0.039086,-0.328454,1.019857,-0.134858,-0.134858,-0.134858,0.037980,-0.343604,1.019857,0.042921,-0.340904,1.019857,-0.034000,-0.332060,1.019857,-0.134858,-0.134858,-0.134858,-0.134858,-0.134858,-0.134858,-0.134858,-0.134858,-0.134858,-0.134858,-0.134858,-0.134858,-0.134858,-0.134858,-0.134858,0.022631,-0.321792,1.019857,-0.134858,-0.134858,-0.134858,-0.113790,-0.244627,1.019857,-0.162771,-0.280631,1.019857,-0.134858,-0.134858,-0.134858,-0.209971,-0.264759,1.019857,-0.134858,-0.134858,-0.134858,-0.035135,-0.484992,1.019857,-0.134858,-0.134858,-0.134858,-0.134858,-0.134858,-0.134858,-0.134858,-0.134858,-0.134858,-0.134858,-0.134858,-0.134858,-0.134858,-0.134858,-0.134858,-0.375441,-0.490101,1.019857,-0.238624,-0.468983,1.019857,-0.115936,-0.468752,1.019857,-0.115936,-0.468752,1.019857,-0.042660,-0.474453,1.019857,-0.038803,-0.480663,1.019857,-0.035135,-0.484992,1.019857,-0.134858,-0.134858,-0.134858,-0.134858,-0.134858,-0.134858,-0.134858,-0.134858,-0.134858,-0.134858,-0.134858,-0.134858,-0.134858,-0.134858,-0.134858,-0.134858,-0.134858,-0.134858,-0.134858,-0.134858,-0.134858,0.054023,-0.246460,1.019857,-0.162820,-0.216986,1.019857
0.031759,-1.321392,0.172606,1.037480,-0.236685,-0.648152,0.637818,-0.513070,-1.532273,-0.641526,-0.724428,-0.914889,-0.624163,-1.305947,-1.127676,1.517714,0.678999,-0.358706,-0.219361,-0.128351,-1.104501,1.074822,0.414936,-1.283683,1.039960,-1.196233,-0.750473,0.729780,-1.184569,-0.734049,-0.134858,-0.134858,-0.134858,-0.134858,-0.134858,-0.134858,-0.134858,-0.134858,-0.134858,-0.134858,-0.134858,-0.134858,-0.134858,-0.134858,-0.134858,0.819051,-0.354524,0.795843,-0.393041,-0.839542,0.946824,1.062145,0.764092,-0.012346,0.381817,-0.325383,0.685406,-0.134858,-0.134858,-0.134858,-0.134858,-0.134858,-0.134858,-0.134858,-0.134858,-0.134858,-0.134858,-0.134858,-0.134858,-0.134858,-0.134858,-0.134858,-0.134858,-0.134858,-0.134858,-0.229786,-0.229786,-0.229786,-0.229786,-0.229786,-0.229786,-0.229786,-0.229786,-0.229786,-0.229786,-0.229786,-0.229786,-0.229786,-0.229786,-0.229786,-0.229786,-0.229786,-0.229786,-0.229786,-0.229786,-0.229786,-0.229786,-0.229786,-0.229786,-0.229786,-0.229786,-0.229786,-0.229786,-0.229786,-0.229786,-0.229786,-0.229786,-0.229786,-0.229786,-0.229786,-0.229786,-0.229786,-0.229786,-0.229786,-0.229786,-0.229786,-0.229786,-0.229786,-0.229786,-0.229786,-0.229786,-0.229786,-0.229786,-0.229786,-0.229786,-0.229786,-0.229786,-0.229786,-0.229786,-0.229786,-0.229786,-0.229786,-0.229786,-0.229786,-0.229786,-0.229786,-0.229786,-0.229786,-0.579840,-1.206728,-0.039949,-0.515474,-1.448918,-0.039949,-0.214298,-1.503510,-0.039949,0.018682,-1.242446,-0.039949,0.068079,-0.958055,-0.039949,-0.162890,-1.538113,-0.039949,0.180268,-1.553546,-0.039949,0.357394,-1.444003,-0.039949,0.498352,-1.326636,-0.039949,-0.024527,-1.327518,-0.039949,0.440014,-1.325384,-0.039949,0.799635,-1.171248,-0.039949,1.032085,-1.046837,-0.039949,0.122129,-1.114149,-0.039949,0.636382,-1.175835,-0.039949,0.997816,-1.187925,-0.039949,1.195671,-1.091984,-0.039949,0.265091,-0.930620,-0.039949,0.610563,-1.112186,-0.039949,0.656088,-1.287202,-0.039949,0.595779,-1.327917,-0.039949,0.180347,-0.020448,1.019857,0.120214,0.024417,1.019857,0.071193,0.027784,1.019857,0.121046,-0.253300,1.019857,0.042657,0.059684,1.019857,0.205448,-0.188578,1.019857,0.453771,-0.453802,1.019857,0.612614,-0.726813,1.019857,0.617739,-0.779822,1.019857,0.610602,-0.644353,1.019857,0.779826,-0.361684,1.019857,0.594461,-0.648436,1.019857,0.695897,-0.406650,1.019857,0.562334,-0.250371,1.019857,-0.104212,0.093513,1.019857,-0.380852,0.095211,1.019857,-0.414716,-0.141237,1.019857,0.358211,-0.548240,1.019857,0.333620,-0.620451,1.019857,0.313389,-0.628651,1.019857,0.291110,-0.577106,1.019857,0.314557,-0.542635,1.019857,0.140288,-0.391485,1.019857,0.100725,-0.344250,1.019857,-0.007265,-0.399566,1.019857,-0.115505,-0.417340,1.019857,-0.351510,-0.336299,1.019857,0.346758,-0.618313,1.019857,-0.134858,-0.134858,-0.134858,0.472477,-0.807431,1.019857,0.532511,-0.873993,1.019857,0.421910,-0.889842,1.019857,-0.134858,-0.134858,-0.134858,0.458968,-0.992770,1.019857,0.491737,-0.988169,1.019857,0.543252,-0.901871,1.019857,-0.134858,-0.134858,-0.134858,-0.134858,-0.134858,-0.134858,-0.134858,-0.134858,-0.134858,-0.134858,-0.134858,-0.134858,-0.134858,-0.134858,-0.134858,0.387175,-0.482462,1.019857,-0.134858,-0.134858,-0.134858,0.075271,-0.223431,1.019857,-0.015524,-0.232294,1.019857,-0.134858,-0.134858,-0.134858,-0.027593,-0.399935,1.019857,-0.134858,-0.134858,-0.134858,0.332142,-1.211551,1.019857,-0.134858,-0.134858,-0.134858,-0.134858,-0.134858,-0.134858,-0.134858,-0.134858,-0.134858,-0.134858,-0.134858,-0.134858,-0.134858,-0.134858,-0.134858,0.430895,-1.210684,1.019857,0.331129,-1.400838,1.019857,0.462793,-1.342149,1.019857,0.462793,-1.342149,1.019857,0.480070,-1.284819,1.019857,0.424085,-1.245794,1.019857,0.332142,-1.211551,1.019857,-0.134858,-0.134858,-0.134858,-0.134858,-0.134858,-0.134858,-0.134858,-0.134858,-0.134858,-0.134858,-0.134858,-0.134858,-0.134858,-0.134858,-0.134858,-0.134858,-0.134858,-0.134858,-0.134858,-0.134858,-0.134858,0.402793,-0.393979,1.019857,0.005462,-0.320949,1.019857
0.031759,-1.321392,0.172606,1.037480,-0.236685,-0.648152,0.637818,-0.513070,-1.532273,-0.641526,-0.724428,-0.914889,-0.624163,-1.305947,-1.127676,1.517714,0.678999,-0.358706,-0.219361,-0.128351,-1.104501,1.074822,0.414936,-1.283683,1.039960,-1.196233,-0.750473,0.729780,-1.184569,-0.734049,-0.134858,-0.134858,-0.134858,-0.134858,-0.134858,-0.134858,-0.134858,-0.134858,-0.134858,-0.134858,-0.134858,-0.134858,-0.134858,-0.134858,-0.134858,0.819051,-0.354524,0.795843,-0.393041,-0.839542,0.946824,1.062145,0.764092,-0.012346,0.381817,-0.325383,0.685406,-0.134858,-0.134858,-0.134858,-0.134858,-0.134858,-0.134858,-0.134858,-0.134858,-0.134858,-0.134858,-0.134858,-0.134858,-0.134858,-0.134858,-0.134858,-0.134858,-0.134858,-0.134858,-0.229786,-0.229786,-0.229786,-0.229786,-0.229786,-0.229786,-0.229786,-0.229786,-0.229786,-0.229786,-0.229786,-0.229786,-0.229786,-0.229786,-0.229786,-0.229786,-0.229786,-0.229786,-0.229786,-0.229786,-0.229786,-0.229786,-0.229786,-0.229786,-0.229786,-0.229786,-0.229786,-0.229786,-0.229786,-0.229786,-0.229786,-0.229786,-0.229786,-0.229786,-0.229786,-0.229786,-0.229786,-0.229786,-0.229786,-0.229786,-0.229786,-0.229786,-0.229786,-0.229786,-0.229786,-0.229786,-0.229786,-0.229786,-0.229786,-0.229786,-0.229786,-0.229786,-0.229786,-0.229786,-0.229786,-0.229786,-0.229786,-0.229786,-0.229786,-0.229786,-0.229786,-0.229786,-0.229786,-0.579840,-1.206728,-0.039949,-0.515474,-1.448918,-0.039949,-0.214298,-1.503510,-0.039949,0.018682,-1.242446,-0.039949,0.068079,-0.958055,-0.039949,-0.162890,-1.538113,-0.039949,0.180268,-1.553546,-0.039949,0.357394,-1.444003,-0.039949,0.498352,-1.326636,-0.039949,-0.024527,-1.327518,-0.039949,0.440014,-1.325384,-0.039949,0.799635,-1.171248,-0.039949,1.032085,-1.046837,-0.039949,0.122129,-1.114149,-0.039949,0.636382,-1.175835,-0.039949,0.997816,-1.187925,-0.039949,1.195671,-1.091984,-0.039949,0.265091,-0.930620,-0.039949,0.610563,-1.112186,-0.039949,0.656088,-1.287202,-0.039949,0.595779,-1.327917,-0.039949,0.180347,-0.020448,1.019857,0.120214,0.024417,1.019857,0.071193,0.027784,1.019857,0.121046,-0.253300,1.019857,0.042657,0.059684,1.019857,0.205448,-0.188578,1.019857,0.453771,-0.453802,1.019857,0.612614,-0.726813,1.019857,0.617739,-0.779822,1.019857,0.610602,-0.644353,1.019857,0.779826,-0.361684,1.019857,0.594461,-0.648436,1.019857,0.695897,-0.406650,1.019857,0.562334,-0.250371,1.019857,-0.104212,0.093513,1.019857,-0.380852,0.095211,1.019857,-0.414716,-0.141237,1.019857,0.358211,-0.548240,1.019857,0.333620,-0.620451,1.019857,0.313389,-0.628651,1.019857,0.291110,-0.577106,1.019857,0.314557,-0.542635,1.019857,0.140288,-0.391485,1.019857,0.100725,-0.344250,1.019857,-0.007265,-0.399566,1.019857,-0.115505,-0.417340,1.019857,-0.351510,-0.336299,1.019857,0.346758,-0.618313,1.019857,-0.134858,-0.134858,-0.134858,0.472477,-0.807431,1.019857,0.532511,-0.873993,1.019857,0.421910,-0.889842,1.019857,-0.134858,-0.134858,-0.134858,0.458968,-0.992770,1.019857,0.491737,-0.988169,1.019857,0.543252,-0.901871,1.019857,-0.134858,-0.134858,-0.134858,-0.134858,-0.134858,-0.134858,-0.134858,-0.134858,-0.134858,-0.134858,-0.134858,-0.134858,-0.134858,-0.134858,-0.134858,0.387175,-0.482462,1.019857,-0.134858,-0.134858,-0.134858,0.075271,-0.223431,1.019857,-0.015524,-0.232294,1.019857,-0.134858,-0.134858,-0.134858,-0.027593,-0.399935,1.019857,-0.134858,-0.134858,-0.134858,0.332142,-1.211551,1.019857,-0.134858,-0.134858,-0.134858,-0.134858,-0.134858,-0.134858,-0.134858,-0.134858,-0.134858,-0.134858,-0.134858,-0.134858,-0.134858,-0.134858,-0.134858,0.430895,-1.210684,1.019857,0.331129,-1.400838,1.019857,0.462793,-1.342149,1.019857,0.462793,-1.342149,1.019857,0.480070,-1.284819,1.019857,0.424085,-1.245794,1.019857,0.332142,-1.211551,1.019857,-0.134858,-0.134858,-0.134858,-0.134858,-0.134858,-0.134858,-0.134858,-0.134858,-0.134858,-0.134858,-0.134858,-0.134858,-0.134858,-0.134858,-0.134858,-0.134858,-0.134858,-0.134858,-0.134858,-0.134858,-0.134858,0.402793,-0.393979,1.019857,0.005462,-0.320949,1.019857
2.820139,-0.405211,-0.017059,1.061340,-0.156788,-0.456076,0.677575,-0.430465,-1.306050,-1.016569,-0.794670,-0.683037,-0.597054,-1.537331,-0.905204,1.451078,0.657494,-0.316781,-0.219995,-0.638467,-1.331121,1.123254,0.339115,-1.356166,1.083784,-0.715740,-0.513272,0.740508,-0.286415,-0.544893,-0.134858,-0.134858,-0.134858,-0.134858,-0.134858,-0.134858,-0.134858,-0.134858,-0.134858,-0.134858,-0.134858,-0.134858,-0.134858,-0.134858,-0.134858,2.004881,0.265694,0.250598,1.054471,-0.621090,0.486778,1.787176,1.041969,-0.247196,0.548458,0.563617,0.290381,-0.134858,-0.134858,-0.134858,-0.134858,-0.134858,-0.134858,-0.134858,-0.134858,-0.134858,-0.134858,-0.134858,-0.134858,-0.134858,-0.134858,-0.134858,-0.134858,-0.134858,-0.134858,-0.229786,-0.229786,-0.229786,-0.229786,-0.229786,-0.229786,-0.229786,-0.229786,-0.229786,-0.229786,-0.229786,-0.229786,-0.229786,-0.229786,-0.229786,-0.229786,-0.229786,-0.229786,-0.229786,-0.229786,-0.229786,-0.229786,-0.229786,-0.229786,-0.229786,-0.229786,-0.229786,-0.229786,-0.229786,-0.229786,-0.229786,-0.229786,-0.229786,-0.229786,-0.229786,-0.229786,-0.229786,-0.229786,-0.229786,-0.229786,-0.229786,-0.229786,-0.229786,-0.229786,-0.229786,-0.229786,-0.229786,-0.229786,-0.229786,-0.229786,-0.229786,-0.229786,-0.229786,-0.229786,-0.229786,-0.229786,-0.229786,-0.229786,-0.229786,-0.229786,-0.229786,-0.229786,-0.229786,-0.448143,-1.422590,-0.039949,-0.443655,-1.628594,-0.039949,-0.264533,-1.835563,-0.039949,-0.119414,-2.012279,-0.039949,-0.044580,-2.041220,-0.039949,-0.059004,-1.887933,-0.039949,0.304690,-1.882249,-0.039949,0.475558,-1.743954,-0.039949,0.584957,-1.613678,-0.039949,0.090342,-1.776649,-0.039949,0.584571,-1.721143,-0.039949,0.908862,-1.488546,-0.039949,1.106540,-1.354911,-0.039949,0.192529,-1.646571,-0.039949,0.719364,-1.664929,-0.039949,1.080658,-1.587484,-0.039949,1.314469,-1.453135,-0.039949,0.247236,-1.521166,-0.039949,0.464610,-1.773812,-0.039949,0.454844,-1.806740,-0.039949,0.385686,-1.726515,-0.039949,-0.007779,1.688108,1.019857,-0.032945,1.718364,1.019857,-0.009686,1.571735,1.019857,0.442589,0.276620,1.019857,0.179008,1.172056,1.019857,0.518554,0.178399,1.019857,0.930939,-0.681669,1.019857,1.391274,-1.278694,1.019857,1.482626,-1.407941,1.019857,1.352910,-1.250710,1.019857,0.945268,-0.604299,1.019857,0.867394,-1.163188,1.019857,0.092577,-0.445343,1.019857,-0.418254,0.004572,1.019857,-1.765902,1.497236,1.019857,-1.849104,1.693020,1.019857,-1.254180,0.664347,1.019857,0.382024,-0.462305,1.019857,0.453323,-0.954805,1.019857,0.535822,-1.149158,1.019857,0.626270,-1.302047,1.019857,0.695565,-1.235589,1.019857,0.783504,-1.336582,1.019857,0.718001,-1.300278,1.019857,0.620894,-1.118600,1.019857,0.469431,-0.927471,1.019857,-0.104020,-0.290513,1.019857,1.047106,-1.972773,1.019857,-0.134858,-0.134858,-0.134858,1.476148,-2.830708,1.019857,1.629953,-3.027323,1.019857,1.362765,-2.428147,1.019857,-0.134858,-0.134858,-0.134858,1.425874,-2.663682,1.019857,1.473306,-2.682990,1.019857,1.244666,-2.434526,1.019857,-0.134858,-0.134858,-0.134858,-0.134858,-0.134858,-0.134858,-0.134858,-0.134858,-0.134858,-0.134858,-0.134858,-0.134858,-0.134858,-0.134858,-0.134858,0.596347,-0.718729,1.019857,-0.134858,-0.134858,-0.134858,0.615663,-0.953890,1.019857,0.468990,-0.941217,1.019857,-0.134858,-0.134858,-0.134858,0.524750,-0.984303,1.019857,-0.134858,-0.134858,-0.134858,0.916704,-2.055947,1.019857,-0.134858,-0.134858,-0.134858,-0.134858,-0.134858,-0.134858,-0.134858,-0.134858,-0.134858,-0.134858,-0.134858,-0.134858,-0.134858,-0.134858,-0.134858,1.104844,-2.168892,1.019857,1.394202,-2.366983,1.019857,1.504150,-2.170025,1.019857,1.504150,-2.170025,1.019857,1.254983,-2.116293,1.019857,1.094413,-2.093683,1.019857,0.916704,-2.055947,1.019857,-0.134858,-0.134858,-0.134858,-0.134858,-0.134858,-0.134858,-0.134858,-0.134858,-0.134858,-0.134858,-0.134858,-0.134858,-0.134858,-0.134858,-0.134858,-0.134858,-0.134858,-0.134858,-0.134858,-0.134858,-0.134858,0.600884,-0.839278,1.019857,0.647611,-0.970237,1.019857
2.388855,-0.204659,-0.056411,1.178194,-0.330671,-0.273824,0.799978,-0.479037,-1.091399,-0.921935,-0.885286,-0.527328,-0.517150,-1.619019,-0.718363,1.426450,0.326241,-0.241106,0.234623,-0.811037,-1.515478,1.385743,0.293753,-1.431506,1.287634,-0.653172,-0.288661,0.896165,-0.179162,-0.369222,-0.134858,-0.134858,-0.134858,-0.134858,-0.134858,-0.134858,-0.134858,-0.134858,-0.134858,-0.134858,-0.134858,-0.134858,-0.134858,-0.134858,-0.134858,1.904385,0.463268,-0.056965,0.886716,-0.529204,0.258954,1.709042,1.249460,-0.391653,0.517399,0.599161,0.086349,-0.134858,-0.134858,-0.134858,-0.134858,-0.134858,-0.134858,-0.134858,-0.134858,-0.134858,-0.134858,-0.134858,-0.134858,-0.134858,-0.134858,-0.134858,-0.134858,-0.134858,-0.134858,-0.229786,-0.229786,-0.229786,-0.229786,-0.229786,-0.229786,-0.229786,-0.229786,-0.229786,-0.229786,-0.229786,-0.229786,-0.229786,-0.229786,-0.229786,-0.229786,-0.229786,-0.229786,-0.229786,-0.229786,-0.229786,-0.229786,-0.229786,-0.229786,-0.229786,-0.229786,-0.229786,-0.229786,-0.229786,-0.229786,-0.229786,-0.229786,-0.229786,-0.229786,-0.229786,-0.229786,-0.229786,-0.229786,-0.229786,-0.229786,-0.229786,-0.229786,-0.229786,-0.229786,-0.229786,-0.229786,-0.229786,-0.229786,-0.229786,-0.229786,-0.229786,-0.229786,-0.229786,-0.229786,-0.229786,-0.229786,-0.229786,-0.229786,-0.229786,-0.229786,-0.229786,-0.229786,-0.229786,-0.308654,-1.512615,-0.039949,-0.377502,-1.704359,-0.039949,-0.211051,-1.931324,-0.039949,-0.103299,-2.155067,-0.039949,-0.031107,-2.171113,-0.039949,0.056240,-1.926258,-0.039949,0.420333,-1.962805,-0.039949,0.579638,-1.845679,-0.039949,0.681480,-1.715275,-0.039949,0.222439,-1.849937,-0.039949,0.699761,-1.863791,-0.039949,1.013807,-1.641371,-0.039949,1.192552,-1.498293,-0.039949,0.343705,-1.768970,-0.039949,0.843056,-1.817709,-0.039949,1.213355,-1.758768,-0.039949,1.434189,-1.631475,-0.039949,0.390152,-1.699499,-0.039949,0.529355,-1.748521,-0.039949,0.472151,-1.701185,-0.039949,0.344881,-1.603944,-0.039949,-0.134502,2.462119,1.019857,-0.022044,2.501472,1.019857,0.207711,2.321637,1.019857,1.254912,0.660361,1.019857,0.968028,1.785731,1.019857,2.104310,0.371578,1.019857,3.214157,-0.963879,1.019857,4.075546,-1.893544,1.019857,4.281341,-2.154279,1.019857,4.037376,-2.134097,1.019857,3.304872,-1.428153,1.019857,3.245047,-2.044583,1.019857,1.992588,-1.228325,1.019857,1.020996,-0.713183,1.019857,-1.450416,1.150433,1.019857,-1.844195,1.386128,1.019857,-1.237046,0.111891,1.019857,0.357034,-0.782223,1.019857,0.474945,-1.594978,1.019857,0.620468,-1.870384,1.019857,0.775178,-2.055058,1.019857,0.956630,-1.894374,1.019857,1.230662,-2.148461,1.019857,1.053659,-2.113101,1.019857,0.967030,-1.924893,1.019857,0.715874,-1.716859,1.019857,-0.030497,-0.988233,1.019857,1.735518,-2.739769,1.019857,-0.134858,-0.134858,-0.134858,2.682277,-3.773510,1.019857,3.018306,-3.984617,1.019857,2.654592,-3.058586,1.019857,-0.134858,-0.134858,-0.134858,3.029765,-3.455441,1.019857,3.159334,-3.536167,1.019857,2.837864,-3.401681,1.019857,-0.134858,-0.134858,-0.134858,-0.134858,-0.134858,-0.134858,-0.134858,-0.134858,-0.134858,-0.134858,-0.134858,-0.134858,-0.134858,-0.134858,-0.134858,0.835978,-1.105458,1.019857,-0.134858,-0.134858,-0.134858,1.139729,-1.890655,1.019857,1.003109,-2.064955,1.019857,-0.134858,-0.134858,-0.134858,1.143861,-1.860290,1.019857,-0.134858,-0.134858,-0.134858,2.663217,-2.599810,1.019857,-0.134858,-0.134858,-0.134858,-0.134858,-0.134858,-0.134858,-0.134858,-0.134858,-0.134858,-0.134858,-0.134858,-0.134858,-0.134858,-0.134858,-0.134858,3.519936,-3.237691,1.019857,3.813189,-3.343817,1.019857,3.893004,-2.959026,1.019857,3.893004,-2.959026,1.019857,3.374396,-2.741649,1.019857,3.021458,-2.650451,1.019857,2.663217,-2.599810,1.019857,-0.134858,-0.134858,-0.134858,-0.134858,-0.134858,-0.134858,-0.134858,-0.134858,-0.134858,-0.134858,-0.134858,-0.134858,-0.134858,-0.134858,-0.134858,-0.134858,-0.134858,-0.134858,-0.134858,-0.134858,-0.134858,0.856487,-1.400543,1.019857,1.231540,-1.846519,1.019857
2.388855,-0.204659,-0.056411,1.178194,-0.330671,-0.273824,0.799978,-0.479037,-1.091399,-0.921935,-0.885286,-0.527328,-0.517150,-1.619019,-0.718363,1.426450,0.326241,-0.241106,0.234623,-0.811037,-1.515478,1.385743,0.293753,-1.431506,1.287634,-0.653172,-0.288661,0.896165,-0.179162,-0.369222,-0.134858,-0.134858,-0.134858,-0.134858,-0.134858,-0.134858,-0.134858,-0.134858,-0.134858,-0.134858,-0.134858,-0.134858,-0.134858,-0.134858,-0.134858,1.904385,0.463268,-0.056965,0.886716,-0.529204,0.258954,1.709042,1.249460,-0.391653,0.517399,0.599161,0.086349,-0.134858,-0.134858,-0.134858,-0.134858,-0.134858,-0.134858,-0.134858,-0.134858,-0.134858,-0.134858,-0.134858,-0.134858,-0.134858,-0.134858,-0.134858,-0.134858,-0.134858,-0.134858,-0.229786,-0.229786,-0.229786,-0.229786,-0.229786,-0.229786,-0.229786,-0.229786,-0.229786,-0.229786,-0.229786,-0.229786,-0.229786,-0.229786,-0.229786,-0.229786,-0.229786,-0.229786,-0.229786,-0.229786,-0.229786,-0.229786,-0.229786,-0.229786,-0.229786,-0.229786,-0.229786,-0.229786,-0.229786,-0.229786,-0.229786,-0.229786,-0.229786,-0.229786,-0.229786,-0.229786,-0.229786,-0.229786,-0.229786,-0.229786,-0.229786,-0.229786,-0.229786,-0.229786,-0.229786,-0.229786,-0.229786,-0.229786,-0.229786,-0.229786,-0.229786,-0.229786,-0.229786,-0.229786,-0.229786,-0.229786,-0.229786,-0.229786,-0.229786,-0.229786,-0.229786,-0.229786,-0.229786,-0.308654,-1.512615,-0.039949,-0.377502,-1.704359,-0.039949,-0.211051,-1.931324,-0.039949,-0.103299,-2.155067,-0.039949,-0.031107,-2.171113,-0.039949,0.056240,-1.926258,-0.039949,0.420333,-1.962805,-0.039949,0.579638,-1.845679,-0.039949,0.681480,-1.715275,-0.039949,0.222439,-1.849937,-0.039949,0.699761,-1.863791,-0.039949,1.013807,-1.641371,-0.039949,1.192552,-1.498293,-0.039949,0.343705,-1.768970,-0.039949,0.843056,-1.817709,-0.039949,1.213355,-1.758768,-0.039949,1.434189,-1.631475,-0.039949,0.390152,-1.699499,-0.039949,0.529355,-1.748521,-0.039949,0.472151,-1.701185,-0.039949,0.344881,-1.603944,-0.039949,-0.134502,2.462119,1.019857,-0.022044,2.501472,1.019857,0.207711,2.321637,1.019857,1.254912,0.660361,1.019857,0.968028,1.785731,1.019857,2.104310,0.371578,1.019857,3.214157,-0.963879,1.019857,4.075546,-1.893544,1.019857,4.281341,-2.154279,1.019857,4.037376,-2.134097,1.019857,3.304872,-1.428153,1.019857,3.245047,-2.044583,1.019857,1.992588,-1.228325,1.019857,1.020996,-0.713183,1.019857,-1.450416,1.150433,1.019857,-1.844195,1.386128,1.019857,-1.237046,0.111891,1.019857,0.357034,-0.782223,1.019857,0.474945,-1.594978,1.019857,0.620468,-1.870384,1.019857,0.775178,-2.055058,1.019857,0.956630,-1.894374,1.019857,1.230662,-2.148461,1.019857,1.053659,-2.113101,1.019857,0.967030,-1.924893,1.019857,0.715874,-1.716859,1.019857,-0.030497,-0.988233,1.019857,1.735518,-2.739769,1.019857,-0.134858,-0.134858,-0.134858,2.682277,-3.773510,1.019857,3.018306,-3.984617,1.019857,2.654592,-3.058586,1.019857,-0.134858,-0.134858,-0.134858,3.029765,-3.455441,1.019857,3.159334,-3.536167,1.019857,2.837864,-3.401681,1.019857,-0.134858,-0.134858,-0.134858,-0.134858,-0.134858,-0.134858,-0.134858,-0.134858,-0.134858,-0.134858,-0.134858,-0.134858,-0.134858,-0.134858,-0.134858,0.835978,-1.105458,1.019857,-0.134858,-0.134858,-0.134858,1.139729,-1.890655,1.019857,1.003109,-2.064955,1.019857,-0.134858,-0.134858,-0.134858,1.143861,-1.860290,1.019857,-0.134858,-0.134858,-0.134858,2.663217,-2.599810,1.019857,-0.134858,-0.134858,-0.134858,-0.134858,-0.134858,-0.134858,-0.134858,-0.134858,-0.134858,-0.134858,-0.134858,-0.134858,-0.134858,-0.134858,-0.134858,3.519936,-3.237691,1.019857,3.813189,-3.343817,1.019857,3.893004,-2.959026,1.019857,3.893004,-2.959026,1.019857,3.374396,-2.741649,1.019857,3.021458,-2.650451,1.019857,2.663217,-2.599810,1.019857,-0.134858,-0.134858,-0.134858,-0.134858,-0.134858,-0.134858,-0.134858,-0.134858,-0.134858,-0.134858,-0.134858,-0.134858,-0.134858,-0.134858,-0.134858,-0.134858,-0.134858,-0.134858,-0.134858,-0.134858,-0.134858,0.856487,-1.400543,1.019857,1.231540,-1.846519,1.019857
2.114048,-0.189190,0.115578,1.363629,-1.368983,-0.055692,0.993031,-0.886242,-0.834488,-0.651995,-0.925098,-0.248666,-0.482258,-1.653711,-0.526403,1.392348,-1.314110,-0.105798,0.393678,-2.032949,-1.637269,1.271453,0.087938,-1.469737,2.191524,-1.950590,-0.033105,1.725424,-1.358943,-0.138977,-0.134858,-0.134858,-0.134858,-0.134858,-0.134858,-0.134858,-0.134858,-0.134858,-0.134858,-0.134858,-0.134858,-0.134858,-0.134858,-0.134858,-0.134858,1.741009,0.533761,0.116178,0.848864,-0.514233,0.382627,1.642974,1.255415,-0.180927,0.443751,0.097992,0.208193,-0.134858,-0.134858,-0.134858,-0.134858,-0.134858,-0.134858,-0.134858,-0.134858,-0.134858,-0.134858,-0.134858,-0.134858,-0.134858,-0.134858,-0.134858,-0.134858,-0.134858,-0.134858,-0.229786,-0.229786,-0.229786,-0.229786,-0.229786,-0.229786,-0.229786,-0.229786,-0.229786,-0.229786,-0.229786,-0.229786,-0.229786,-0.229786,-0.229786,-0.229786,-0.229786,-0.229786,-0.229786,-0.229786,-0.229786,-0.229786,-0.229786,-0.229786,-0.229786,-0.229786,-0.229786,-0.229786,-0.229786,-0.229786,-0.229786,-0.229786,-0.229786,-0.229786,-0.229786,-0.229786,-0.229786,-0.229786,-0.229786,-0.229786,-0.229786,-0.229786,-0.229786,-0.229786,-0.229786,-0.229786,-0.229786,-0.229786,-0.229786,-0.229786,-0.229786,-0.229786,-0.229786,-0.229786,-0.229786,-0.229786,-0.229786,-0.229786,-0.229786,-0.229786,-0.229786,-0.229786,-0.229786,-0.199627,-1.425458,-0.039949,-0.255441,-1.656992,-0.039949,-0.037736,-1.745450,-0.039949,0.079133,-1.623188,-0.039949,0.119974,-1.415744,-0.039949,0.171426,-1.872715,-0.039949,0.510089,-1.953915,-0.039949,0.662151,-1.837667,-0.039949,0.782645,-1.698347,-0.039949,0.384688,-1.795553,-0.039949,0.820293,-1.839254,-0.039949,1.129518,-1.637828,-0.039949,1.329618,-1.483546,-0.039949,0.515706,-1.711668,-0.039949,0.946413,-1.756212,-0.039949,1.311923,-1.730173,-0.039949,1.550731,-1.576736,-0.039949,0.565941,-1.649704,-0.039949,0.575492,-1.789734,-0.039949,0.466117,-1.858897,-0.039949,0.343191,-1.770554,-0.039949,0.366170,-1.274786,1.019857,0.280830,-1.268721,1.019857,0.178603,-1.354630,1.019857,-0.076363,-2.055220,1.019857,-0.120054,-1.564638,1.019857,-0.358856,-2.068231,1.019857,-0.344455,-2.391390,1.019857,-0.160712,-2.594530,1.019857,-0.079208,-2.610941,1.019857,0.102187,-2.447531,1.019857,0.375549,-2.127172,1.019857,0.155368,-2.404957,1.019857,0.177725,-2.090253,1.019857,0.041693,-1.855152,1.019857,-0.336152,-1.131369,1.019857,-0.490147,-1.032273,1.019857,-0.550294,-1.524397,1.019857,0.287483,-2.253666,1.019857,0.169196,-2.396289,1.019857,0.107418,-2.437714,1.019857,0.057537,-2.460409,1.019857,0.139615,-2.459833,1.019857,0.032152,-2.426344,1.019857,0.036291,-2.383343,1.019857,-0.007198,-2.345336,1.019857,-0.061402,-2.285915,1.019857,-0.295828,-1.961852,1.019857,0.102010,-2.730165,1.019857,-0.134858,-0.134858,-0.134858,0.098646,-2.906835,1.019857,0.118280,-2.954264,1.019857,0.178768,-3.004124,1.019857,-0.134858,-0.134858,-0.134858,0.087048,-3.002512,1.019857,0.070789,-2.960701,1.019857,-0.047305,-2.893271,1.019857,-0.134858,-0.134858,-0.134858,-0.134858,-0.134858,-0.134858,-0.134858,-0.134858,-0.134858,-0.134858,-0.134858,-0.134858,-0.134858,-0.134858,-0.134858,0.205029,-2.436697,1.019857,-0.134858,-0.134858,-0.134858,-0.104707,-2.267495,1.019857,-0.156124,-2.179412,1.019857,-0.134858,-0.134858,-0.134858,-0.173095,-2.317549,1.019857,-0.134858,-0.134858,-0.134858,-0.156222,-3.104938,1.019857,-0.134858,-0.134858,-0.134858,-0.134858,-0.134858,-0.134858,-0.134858,-0.134858,-0.134858,-0.134858,-0.134858,-0.134858,-0.134858,-0.134858,-0.134858,-0.061168,-2.993910,1.019857,-0.118526,-3.170530,1.019857,-0.038104,-3.127595,1.019857,-0.038104,-3.127595,1.019857,-0.043478,-3.123887,1.019857,-0.084796,-3.113933,1.019857,-0.156222,-3.104938,1.019857,-0.134858,-0.134858,-0.134858,-0.134858,-0.134858,-0.134858,-0.134858,-0.134858,-0.134858,-0.134858,-0.134858,-0.134858,-0.134858,-0.134858,-0.134858,-0.134858,-0.134858,-0.134858,-0.134858,-0.134858,-0.134858,0.179689,-2.444339,1.019857,-0.126342,-2.310665,1.019857
2.114048,-0.189190,0.115578,1.363629,-1.368983,-0.055692,0.993031,-0.886242,-0.834488,-0.651995,-0.925098,-0.248666,-0.482258,-1.653711,-0.526403,1.392348,-1.314110,-0.105798,0.393678,-2.032949,-1.637269,1.271453,0.087938,-1.469737,2.191524,-1.950590,-0.033105,1.725424,-1.358943,-0.138977,-0.134858,-0.134858,-0.134858,-0.134858,-0.134858,-0.134858,-0.134858,-0.134858,-0.134858,-0.134858,-0.134858,-0.134858,-0.134858,-0.134858,-0.134858,1.741009,0.533761,0.116178,0.848864,-0.514233,0.382627,1.642974,1.255415,-0.180927,0.443751,0.097992,0.208193,-0.134858,-0.134858,-0.134858,-0.134858,-0.134858,-0.134858,-0.134858,-0.134858,-0.134858,-0.134858,-0.134858,-0.134858,-0.134858,-0.134858,-0.134858,-0.134858,-0.134858,-0.134858,-0.229786,-0.229786,-0.229786,-0.229786,-0.229786,-0.229786,-0.229786,-0.229786,-0.229786,-0.229786,-0.229786,-0.229786,-0.229786,-0.229786,-0.229786,-0.229786,-0.229786,-0.229786,-0.229786,-0.229786,-0.229786,-0.229786,-0.229786,-0.229786,-0.229786,-0.229786,-0.229786,-0.229786,-0.229786,-0.229786,-0.229786,-0.229786,-0.229786,-0.229786,-0.229786,-0.229786,-0.229786,-0.229786,-0.229786,-0.229786,-0.229786,-0.229786,-0.229786,-0.229786,-0.229786,-0.229786,-0.229786,-0.229786,-0.229786,-0.229786,-0.229786,-0.229786,-0.229786,-0.229786,-0.229786,-0.229786,-0.229786,-0.229786,-0.229786,-0.229786,-0.229786,-0.229786,-0.229786,-0.199627,-1.425458,-0.039949,-0.255441,-1.656992,-0.039949,-0.037736,-1.745450,-0.039949,0.079133,-1.623188,-0.039949,0.119974,-1.415744,-0.039949,0.171426,-1.872715,-0.039949,0.510089,-1.953915,-0.039949,0.662151,-1.837667,-0.039949,0.782645,-1.698347,-0.039949,0.384688,-1.795553,-0.039949,0.820293,-1.839254,-0.039949,1.129518,-1.637828,-0.039949,1.329618,-1.483546,-0.039949,0.515706,-1.711668,-0.039949,0.946413,-1.756212,-0.039949,1.311923,-1.730173,-0.039949,1.550731,-1.576736,-0.039949,0.565941,-1.649704,-0.039949,0.575492,-1.789734,-0.039949,0.466117,-1.858897,-0.039949,0.343191,-1.770554,-0.039949,0.366170,-1.274786,1.019857,0.280830,-1.268721,1.019857,0.178603,-1.354630,1.019857,-0.076363,-2.055220,1.019857,-0.120054,-1.564638,1.019857,-0.358856,-2.068231,1.019857,-0.344455,-2.391390,1.019857,-0.160712,-2.594530,1.019857,-0.079208,-2.610941,1.019857,0.102187,-2.447531,1.019857,0.375549,-2.127172,1.019857,0.155368,-2.404957,1.019857,0.177725,-2.090253,1.019857,0.041693,-1.855152,1.019857,-0.336152,-1.131369,1.019857,-0.490147,-1.032273,1.019857,-0.550294,-1.524397,1.019857,0.287483,-2.253666,1.019857,0.169196,-2.396289,1.019857,0.107418,-2.437714,1.019857,0.057537,-2.460409,1.019857,0.139615,-2.459833,1.019857,0.032152,-2.426344,1.019857,0.036291,-2.383343,1.019857,-0.007198,-2.345336,1.019857,-0.061402,-2.285915,1.019857,-0.295828,-1.961852,1.019857,0.102010,-2.730165,1.019857,-0.134858,-0.134858,-0.134858,0.098646,-2.906835,1.019857,0.118280,-2.954264,1.019857,0.178768,-3.004124,1.019857,-0.134858,-0.134858,-0.134858,0.087048,-3.002512,1.019857,0.070789,-2.960701,1.019857,-0.047305,-2.893271,1.019857,-0.134858,-0.134858,-0.134858,-0.134858,-0.134858,-0.134858,-0.134858,-0.134858,-0.134858,-0.134858,-0.134858,-0.134858,-0.134858,-0.134858,-0.134858,0.205029,-2.436697,1.019857,-0.134858,-0.134858,-0.134858,-0.104707,-2.267495,1.019857,-0.156124,-2.179412,1.019857,-0.134858,-0.134858,-0.134858,-0.173095,-2.317549,1.019857,-0.134858,-0.134858,-0.134858,-0.156222,-3.104938,1.019857,-0.134858,-0.134858,-0.134858,-0.134858,-0.134858,-0.134858,-0.134858,-0.134858,-0.134858,-0.134858,-0.134858,-0.134858,-0.134858,-0.134858,-0.134858,-0.061168,-2.993910,1.019857,-0.118526,-3.170530,1.019857,-0.038104,-3.127595,1.019857,-0.038104,-3.127595,1.019857,-0.043478,-3.123887,1.019857,-0.084796,-3.113933,1.019857,-0.156222,-3.104938,1.019857,-0.134858,-0.134858,-0.134858,-0.134858,-0.134858,-0.134858,-0.134858,-0.134858,-0.134858,-0.134858,-0.134858,-0.134858,-0.134858,-0.134858,-0.134858,-0.134858,-0.134858,-0.134858,-0.134858,-0.134858,-0.134858,0.179689,-2.444339,1.019857,-0.126342,-2.310665,1.019857
2.083925,-0.474377,0.257246,1.136454,-1.331142,0.102212,0.972708,-0.837592,-0.648512,-0.450217,-0.927753,-0.110313,-0.222222,-1.687285,-0.389829,0.532222,-1.351754,-0.073712,-0.362742,-2.111478,-1.796897,1.123282,0.055137,-1.556921,2.096629,-2.071473,-0.002266,1.682518,-1.630221,-0.094945,-0.134858,-0.134858,-0.134858,-0.134858,-0.134858,-0.134858,-0.134858,-0.134858,-0.134858,-0.134858,-0.134858,-0.134858,-0.134858,-0.134858,-0.134858,1.662520,0.448138,0.271962,0.812240,-0.757309,0.492892,1.445261,1.219331,-0.023681,0.376411,-0.187895,0.276443,-0.134858,-0.134858,-0.134858,-0.134858,-0.134858,-0.134858,-0.134858,-0.134858,-0.134858,-0.134858,-0.134858,-0.134858,-0.134858,-0.134858,-0.134858,-0.134858,-0.134858,-0.134858,-0.229786,-0.229786,-0.229786,-0.229786,-0.229786,-0.229786,-0.229786,-0.229786,-0.229786,-0.229786,-0.229786,-0.229786,-0.229786,-0.229786,-0.229786,-0.229786,-0.229786,-0.229786,-0.229786,-0.229786,-0.229786,-0.229786,-0.229786,-0.229786,-0.229786,-0.229786,-0.229786,-0.229786,-0.229786,-0.229786,-0.229786,-0.229786,-0.229786,-0.229786,-0.229786,-0.229786,-0.229786,-0.229786,-0.229786,-0.229786,-0.229786,-0.229786,-0.229786,-0.229786,-0.229786,-0.229786,-0.229786,-0.229786,-0.229786,-0.229786,-0.229786,-0.229786,-0.229786,-0.229786,-0.229786,-0.229786,-0.229786,-0.229786,-0.229786,-0.229786,-0.229786,-0.229786,-0.229786,-0.116614,-1.340755,-0.039949,-0.127759,-1.571857,-0.039949,0.082620,-1.623989,-0.039949,0.130904,-1.448758,-0.039949,0.126714,-1.239391,-0.039949,0.298028,-1.775461,-0.039949,0.627827,-1.876074,-0.039949,0.780217,-1.780772,-0.039949,0.893648,-1.650012,-0.039949,0.545634,-1.697874,-0.039949,0.954331,-1.725292,-0.039949,1.240762,-1.542348,-0.039949,1.419042,-1.397670,-0.039949,0.665880,-1.612001,-0.039949,1.054625,-1.665597,-0.039949,1.412322,-1.626506,-0.039949,1.643223,-1.460100,-0.039949,0.682729,-1.556705,-0.039949,0.633042,-1.709466,-0.039949,0.527064,-1.750711,-0.039949,0.403167,-1.626806,-0.039949,-0.081486,-1.613056,1.019857,-0.204440,-1.508181,1.019857,-0.378076,-1.483479,1.019857,-0.759429,-2.004049,1.019857,-0.778152,-1.473442,1.019857,-0.961769,-1.919164,1.019857,-0.847002,-2.260921,1.019857,-0.721877,-2.464025,1.019857,-0.707732,-2.452896,1.019857,-0.542330,-2.163512,1.019857,-0.064606,-1.737504,1.019857,-0.298429,-2.089071,1.019857,0.162624,-1.704047,1.019857,0.183961,-1.494218,1.019857,-0.013686,-0.996285,1.019857,-0.222390,-1.045778,1.019857,-0.511006,-1.655568,1.019857,-0.063518,-2.695693,1.019857,-0.149710,-2.799706,1.019857,-0.221917,-2.790492,1.019857,-0.298067,-2.727889,1.019857,-0.298065,-2.662152,1.019857,-0.531511,-2.568675,1.019857,-0.527500,-2.568115,1.019857,-0.608489,-2.513486,1.019857,-0.651377,-2.502026,1.019857,-0.718309,-2.235955,1.019857,-0.435248,-2.884064,1.019857,-0.134858,-0.134858,-0.134858,-0.544849,-2.947517,1.019857,-0.549619,-2.933503,1.019857,-0.454685,-3.002234,1.019857,-0.134858,-0.134858,-0.134858,-0.554665,-2.968302,1.019857,-0.584458,-2.903188,1.019857,-0.631979,-2.818122,1.019857,-0.134858,-0.134858,-0.134858,-0.134858,-0.134858,-0.134858,-0.134858,-0.134858,-0.134858,-0.134858,-0.134858,-0.134858,-0.134858,-0.134858,-0.134858,-0.212197,-2.789076,1.019857,-0.134858,-0.134858,-0.134858,-0.634244,-2.455317,1.019857,-0.713603,-2.381167,1.019857,-0.134858,-0.134858,-0.134858,-0.684206,-2.500972,1.019857,-0.134858,-0.134858,-0.134858,-0.691793,-3.245407,1.019857,-0.134858,-0.134858,-0.134858,-0.134858,-0.134858,-0.134858,-0.134858,-0.134858,-0.134858,-0.134858,-0.134858,-0.134858,-0.134858,-0.134858,-0.134858,-0.645945,-2.965692,1.019857,-0.814942,-3.253372,1.019857,-0.708191,-3.168739,1.019857,-0.708191,-3.168739,1.019857,-0.616223,-3.186796,1.019857,-0.640443,-3.193635,1.019857,-0.691793,-3.245407,1.019857,-0.134858,-0.134858,-0.134858,-0.134858,-0.134858,-0.134858,-0.134858,-0.134858,-0.134858,-0.134858,-0.134858,-0.134858,-0.134858,-0.134858,-0.134858,-0.134858,-0.134858,-0.134858,-0.134858,-0.134858,-0.134858,-0.242544,-2.796780,1.019857,-0.662396,-2.508990,1.019857
1.468056,-0.641870,0.460072,1.120852,-1.270670,0.231069,0.958255,-0.816148,-0.474611,-0.444342,-0.938036,0.066911,0.141448,-1.635910,-0.270672,0.527641,-1.249663,-0.003939,-0.040938,-1.451869,-1.795904,1.076986,0.058700,-1.602366,2.028569,-1.983047,0.088983,1.574533,-1.601437,-0.017345,-0.134858,-0.134858,-0.134858,-0.134858,-0.134858,-0.134858,-0.134858,-0.134858,-0.134858,-0.134858,-0.134858,-0.134858,-0.134858,-0.134858,-0.134858,1.023066,0.427320,0.512983,0.486149,-0.895985,0.696743,1.408775,1.188861,0.207827,0.318244,-0.210151,0.462581,-0.134858,-0.134858,-0.134858,-0.134858,-0.134858,-0.134858,-0.134858,-0.134858,-0.134858,-0.134858,-0.134858,-0.134858,-0.134858,-0.134858,-0.134858,-0.134858,-0.134858,-0.134858,-0.229786,-0.229786,-0.229786,-0.229786,-0.229786,-0.229786,-0.229786,-0.229786,-0.229786,-0.229786,-0.229786,-0.229786,-0.229786,-0.229786,-0.229786,-0.229786,-0.229786,-0.229786,-0.229786,-0.229786,-0.229786,-0.229786,-0.229786,-0.229786,-0.229786,-0.229786,-0.229786,-0.229786,-0.229786,-0.229786,-0.229786,-0.229786,-0.229786,-0.229786,-0.229786,-0.229786,-0.229786,-0.229786,-0.229786,-0.229786,-0.229786,-0.229786,-0.229786,-0.229786,-0.229786,-0.229786,-0.229786,-0.229786,-0.229786,-0.229786,-0.229786,-0.229786,-0.229786,-0.229786,-0.229786,-0.229786,-0.229786,-0.229786,-0.229786,-0.229786,-0.229786,-0.229786,-0.229786,-0.013487,-1.272667,-0.039949,0.048583,-1.547147,-0.039949,0.266013,-1.614554,-0.039949,0.302208,-1.378038,-0.039949,0.276773,-1.067645,-0.039949,0.436518,-1.726121,-0.039949,0.763728,-1.818098,-0.039949,0.894557,-1.721575,-0.039949,0.996632,-1.605101,-0.039949,0.656559,-1.602835,-0.039949,1.064742,-1.631350,-0.039949,1.338107,-1.483746,-0.039949,1.509219,-1.364680,-0.039949,0.774168,-1.488602,-0.039949,1.181248,-1.514731,-0.039949,1.534734,-1.509267,-0.039949,1.767469,-1.375055,-0.039949,0.809063,-1.426089,-0.039949,0.809009,-1.669363,-0.039949,0.723944,-1.794836,-0.039949,0.632861,-1.715517,-0.039949,-0.368098,-2.618406,1.019857,-0.480668,-2.602305,1.019857,-0.649065,-2.589097,1.019857,-1.010043,-2.536025,1.019857,-1.021458,-2.494001,1.019857,-1.334021,-2.442646,1.019857,-1.478581,-2.360866,1.019857,-1.489202,-2.218987,1.019857,-1.483119,-2.162084,1.019857,-1.378377,-2.156902,1.019857,-1.127302,-2.226718,1.019857,-1.341708,-2.260980,1.019857,-1.147183,-2.349191,1.019857,-0.985979,-2.410471,1.019857,-0.778087,-2.571378,1.019857,-0.812248,-2.598616,1.019857,-0.915534,-2.620663,1.019857,-0.436199,-2.715953,1.019857,-0.570181,-2.648429,1.019857,-0.662320,-2.583344,1.019857,-0.761157,-2.518771,1.019857,-0.768692,-2.517453,1.019857,-0.824888,-2.508551,1.019857,-0.796284,-2.495789,1.019857,-0.816481,-2.605299,1.019857,-0.849232,-2.689226,1.019857,-0.962796,-2.738134,1.019857,-0.918951,-2.309701,1.019857,-0.134858,-0.134858,-0.134858,-1.078336,-2.059933,1.019857,-1.117445,-2.000820,1.019857,-1.064308,-2.232667,1.019857,-0.134858,-0.134858,-0.134858,-1.176332,-2.180929,1.019857,-1.218285,-2.164444,1.019857,-1.215948,-2.142117,1.019857,-0.134858,-0.134858,-0.134858,-0.134858,-0.134858,-0.134858,-0.134858,-0.134858,-0.134858,-0.134858,-0.134858,-0.134858,-0.134858,-0.134858,-0.134858,-0.697958,-2.608279,1.019857,-0.134858,-0.134858,-0.134858,-0.935290,-2.596562,1.019857,-0.942538,-2.664710,1.019857,-0.134858,-0.134858,-0.134858,-1.004351,-2.549482,1.019857,-0.134858,-0.134858,-0.134858,-1.091534,-2.367823,1.019857,-0.134858,-0.134858,-0.134858,-0.134858,-0.134858,-0.134858,-0.134858,-0.134858,-0.134858,-0.134858,-0.134858,-0.134858,-0.134858,-0.134858,-0.134858,-1.557121,-2.258483,1.019857,-1.507167,-2.191687,1.019857,-1.385336,-2.216242,1.019857,-1.385336,-2.216242,1.019857,-1.203458,-2.276822,1.019857,-1.137583,-2.325219,1.019857,-1.091534,-2.367823,1.019857,-0.134858,-0.134858,-0.134858,-0.134858,-0.134858,-0.134858,-0.134858,-0.134858,-0.134858,-0.134858,-0.134858,-0.134858,-0.134858,-0.134858,-0.134858,-0.134858,-0.134858,-0.134858,-0.134858,-0.134858,-0.134858,-0.721506,-2.557919,1.019857,-0.965484,-2.557677,1.019857
1.468056,-0.641870,0.460072,1.120852,-1.270670,0.231069,0.958255,-0.816148,-0.474611,-0.444342,-0.938036,0.066911,0.141448,-1.635910,-0.270672,0.527641,-1.249663,-0.003939,-0.040938,-1.451869,-1.795904,1.076986,0.058700,-1.602366,2.028569,-1.983047,0.088983,1.574533,-1.601437,-0.017345,-0.134858,-0.134858,-0.134858,-0.134858,-0.134858,-0.134858,-0.134858,-0.134858,-0.134858,-0.134858,-0.134858,-0.134858,-0.134858,-0.134858,-0.134858,1.023066,0.427320,0.512983,0.486149,-0.895985,0.696743,1.408775,1.188861,0.207827,0.318244,-0.210151,0.462581,-0.134858,-0.134858,-0.134858,-0.134858,-0.134858,-0.134858,-0.134858,-0.134858,-0.134858,-0.134858,-0.134858,-0.134858,-0.134858,-0.134858,-0.134858,-0.134858,-0.134858,-0.134858,-0.229786,-0.229786,-0.229786,-0.229786,-0.229786,-0.229786,-0.229786,-0.229786,-0.229786,-0.229786,-0.229786,-0.229786,-0.229786,-0.229786,-0.229786,-0.229786,-0.229786,-0.229786,-0.229786,-0.229786,-0.229786,-0.229786,-0.229786,-0.229786,-0.229786,-0.229786,-0.229786,-0.229786,-0.229786,-0.229786,-0.229786,-0.229786,-0.229786,-0.229786,-0.229786,-0.229786,-0.229786,-0.229786,-0.229786,-0.229786,-0.229786,-0.229786,-0.229786,-0.229786,-0.229786,-0.229786,-0.229786,-0.229786,-0.229786,-0.229786,-0.229786,-0.229786,-0.229786,-0.229786,-0.229786,-0.229786,-0.229786,-0.229786,-0.229786,-0.229786,-0.229786,-0.229786,-0.229786,-0.013487,-1.272667,-0.039949,0.048583,-1.547147,-0.039949,0.266013,-1.614554,-0.039949,0.302208,-1.378038,-0.039949,0.276773,-1.067645,-0.039949,0.436518,-1.726121,-0.039949,0.763728,-1.818098,-0.039949,0.894557,-1.721575,-0.039949,0.996632,-1.605101,-0.039949,0.656559,-1.602835,-0.039949,1.064742,-1.631350,-0.039949,1.338107,-1.483746,-0.039949,1.509219,-1.364680,-0.039949,0.774168,-1.488602,-0.039949,1.181248,-1.514731,-0.039949,1.534734,-1.509267,-0.039949,1.767469,-1.375055,-0.039949,0.809063,-1.426089,-0.039949,0.809009,-1.669363,-0.039949,0.723944,-1.794836,-0.039949,0.632861,-1.715517,-0.039949,-0.368098,-2.618406,1.019857,-0.480668,-2.602305,1.019857,-0.649065,-2.589097,1.019857,-1.010043,-2.536025,1.019857,-1.021458,-2.494001,1.019857,-1.334021,-2.442646,1.019857,-1.478581,-2.360866,1.019857,-1.489202,-2.218987,1.019857,-1.483119,-2.162084,1.019857,-1.378377,-2.156902,1.019857,-1.127302,-2.226718,1.019857,-1.341708,-2.260980,1.019857,-1.147183,-2.349191,1.019857,-0.985979,-2.410471,1.019857,-0.778087,-2.571378,1.019857,-0.812248,-2.598616,1.019857,-0.915534,-2.620663,1.019857,-0.436199,-2.715953,1.019857,-0.570181,-2.648429,1.019857,-0.662320,-2.583344,1.019857,-0.761157,-2.518771,1.019857,-0.768692,-2.517453,1.019857,-0.824888,-2.508551,1.019857,-0.796284,-2.495789,1.019857,-0.816481,-2.605299,1.019857,-0.849232,-2.689226,1.019857,-0.962796,-2.738134,1.019857,-0.918951,-2.309701,1.019857,-0.134858,-0.134858,-0.134858,-1.078336,-2.059933,1.019857,-1.117445,-2.000820,1.019857,-1.064308,-2.232667,1.019857,-0.134858,-0.134858,-0.134858,-1.176332,-2.180929,1.019857,-1.218285,-2.164444,1.019857,-1.215948,-2.142117,1.019857,-0.134858,-0.134858,-0.134858,-0.134858,-0.134858,-0.134858,-0.134858,-0.134858,-0.134858,-0.134858,-0.134858,-0.134858,-0.134858,-0.134858,-0.134858,-0.697958,-2.608279,1.019857,-0.134858,-0.134858,-0.134858,-0.935290,-2.596562,1.019857,-0.942538,-2.664710,1.019857,-0.134858,-0.134858,-0.134858,-1.004351,-2.549482,1.019857,-0.134858,-0.134858,-0.134858,-1.091534,-2.367823,1.019857,-0.134858,-0.134858,-0.134858,-0.134858,-0.134858,-0.134858,-0.134858,-0.134858,-0.134858,-0.134858,-0.134858,-0.134858,-0.134858,-0.134858,-0.134858,-1.557121,-2.258483,1.019857,-1.507167,-2.191687,1.019857,-1.385336,-2.216242,1.019857,-1.385336,-2.216242,1.019857,-1.203458,-2.276822,1.019857,-1.137583,-2.325219,1.019857,-1.091534,-2.367823,1.019857,-0.134858,-0.134858,-0.134858,-0.134858,-0.134858,-0.134858,-0.134858,-0.134858,-0.134858,-0.134858,-0.134858,-0.134858,-0.134858,-0.134858,-0.134858,-0.134858,-0.134858,-0.134858,-0.134858,-0.134858,-0.134858,-0.721506,-2.557919,1.019857,-0.965484,-2.557677,1.019857
0.909995,-0.879586,0.634641,1.098709,-1.296811,0.317923,0.938291,-0.880973,-0.292157,-0.435967,-0.952918,0.134112,0.171510,-1.539189,-0.138583,0.518828,-1.133711,0.088385,-0.173299,-1.049673,-1.812525,1.027346,0.061731,-1.597290,1.909121,-1.983244,0.039243,1.443737,-1.640352,-0.039263,-0.134858,-0.134858,-0.134858,-0.134858,-0.134858,-0.134858,-0.134858,-0.134858,-0.134858,-0.134858,-0.134858,-0.134858,-0.134858,-0.134858,-0.134858,0.583403,0.129789,0.707713,0.213060,-1.195262,0.864608,1.246365,0.801612,0.429598,0.299889,-0.340324,0.636039,-0.134858,-0.134858,-0.134858,-0.134858,-0.134858,-0.134858,-0.134858,-0.134858,-0.134858,-0.134858,-0.134858,-0.134858,-0.134858,-0.134858,-0.134858,-0.134858,-0.134858,-0.134858,-0.229786,-0.229786,-0.229786,-0.229786,-0.229786,-0.229786,-0.229786,-0.229786,-0.229786,-0.229786,-0.229786,-0.229786,-0.229786,-0.229786,-0.229786,-0.229786,-0.229786,-0.229786,-0.229786,-0.229786,-0.229786,-0.229786,-0.229786,-0.229786,-0.229786,-0.229786,-0.229786,-0.229786,-0.229786,-0.229786,-0.229786,-0.229786,-0.229786,-0.229786,-0.229786,-0.229786,-0.229786,-0.229786,-0.229786,-0.229786,-0.229786,-0.229786,-0.229786,-0.229786,-0.229786,-0.229786,-0.229786,-0.229786,-0.229786,-0.229786,-0.229786,-0.229786,-0.229786,-0.229786,-0.229786,-0.229786,-0.229786,-0.229786,-0.229786,-0.229786,-0.229786,-0.229786,-0.229786,0.041003,-1.250324,-0.039949,0.089556,-1.529301,-0.039949,0.292788,-1.581902,-0.039949,0.310225,-1.356868,-0.039949,0.269168,-1.027835,-0.039949,0.491074,-1.686848,-0.039949,0.824398,-1.766279,-0.039949,0.945343,-1.679171,-0.039949,1.052659,-1.574964,-0.039949,0.725800,-1.558951,-0.039949,1.122420,-1.609034,-0.039949,1.386705,-1.463807,-0.039949,1.553518,-1.347344,-0.039949,0.841360,-1.433119,-0.039949,1.217741,-1.491719,-0.039949,1.577093,-1.488126,-0.039949,1.804931,-1.349599,-0.039949,0.864189,-1.377773,-0.039949,0.839335,-1.651933,-0.039949,0.754639,-1.774573,-0.039949,0.652793,-1.682107,-0.039949,-0.794263,-2.990555,1.019857,-0.853527,-3.004292,1.019857,-0.942993,-2.996425,1.019857,-1.066780,-2.790724,1.019857,-1.144946,-2.940682,1.019857,-1.323370,-2.805030,1.019857,-1.418142,-2.650164,1.019857,-1.395838,-2.452424,1.019857,-1.368541,-2.429060,1.019857,-1.355269,-2.609754,1.019857,-1.345912,-2.924306,1.019857,-1.464053,-2.740560,1.019857,-1.536888,-3.004646,1.019857,-1.380654,-3.131605,1.019857,-1.059254,-3.412859,1.019857,-0.984974,-3.392373,1.019857,-0.932765,-3.175288,1.019857,-0.699158,-2.747145,1.019857,-0.752825,-2.639169,1.019857,-0.804940,-2.603743,1.019857,-0.847350,-2.591192,1.019857,-0.805261,-2.606030,1.019857,-0.756809,-2.652829,1.019857,-0.716248,-2.653577,1.019857,-0.714211,-2.733327,1.019857,-0.741571,-2.787595,1.019857,-0.858339,-2.951115,1.019857,-0.858606,-2.302495,1.019857,-0.134858,-0.134858,-0.134858,-0.901012,-1.925582,1.019857,-0.918554,-1.848431,1.019857,-0.921191,-2.128139,1.019857,-0.134858,-0.134858,-0.134858,-1.006258,-2.017963,1.019857,-1.040415,-2.023088,1.019857,-1.111793,-2.132218,1.019857,-0.134858,-0.134858,-0.134858,-0.134858,-0.134858,-0.134858,-0.134858,-0.134858,-0.134858,-0.134858,-0.134858,-0.134858,-0.134858,-0.134858,-0.134858,-0.811406,-2.623550,1.019857,-0.134858,-0.134858,-0.134858,-0.934613,-2.811593,1.019857,-0.899381,-2.870881,1.019857,-0.134858,-0.134858,-0.134858,-0.967747,-2.733093,1.019857,-0.134858,-0.134858,-0.134858,-0.958047,-2.123473,1.019857,-0.134858,-0.134858,-0.134858,-0.134858,-0.134858,-0.134858,-0.134858,-0.134858,-0.134858,-0.134858,-0.134858,-0.134858,-0.134858,-0.134858,-0.134858,-1.502471,-2.210184,1.019857,-1.331342,-1.950894,1.019857,-1.226069,-2.036237,1.019857,-1.226069,-2.036237,1.019857,-1.090774,-2.078758,1.019857,-1.021666,-2.111909,1.019857,-0.958047,-2.123473,1.019857,-0.134858,-0.134858,-0.134858,-0.134858,-0.134858,-0.134858,-0.134858,-0.134858,-0.134858,-0.134858,-0.134858,-0.134858,-0.134858,-0.134858,-0.134858,-0.134858,-0.134858,-0.134858,-0.134858,-0.134858,-0.134858,-0.816898,-2.592581,1.019857,-0.930096,-2.727410,1.019857
0.909995,-0.879586,0.634641,1.098709,-1.296811,0.317923,0.938291,-0.880973,-0.292157,-0.435967,-0.952918,0.134112,0.171510,-1.539189,-0.138583,0.518828,-1.133711,0.088385,-0.173299,-1.049673,-1.812525,1.027346,0.061731,-1.597290,1.909121,-1.983244,0.039243,1.443737,-1.640352,-0.039263,-0.134858,-0.134858,-0.134858,-0.134858,-0.134858,-0.134858,-0.134858,-0.134858,-0.134858,-0.134858,-0.134858,-0.134858,-0.134858,-0.134858,-0.134858,0.583403,0.129789,0.707713,0.213060,-1.195262,0.864608,1.246365,0.801612,0.429598,0.299889,-0.340324,0.636039,-0.134858,-0.134858,-0.134858,-0.134858,-0.134858,-0.134858,-0.134858,-0.134858,-0.134858,-0.134858,-0.134858,-0.134858,-0.134858,-0.134858,-0.134858,-0.134858,-0.134858,-0.134858,-0.229786,-0.229786,-0.229786,-0.229786,-0.229786,-0.229786,-0.229786,-0.229786,-0.229786,-0.229786,-0.229786,-0.229786,-0.229786,-0.229786,-0.229786,-0.229786,-0.229786,-0.229786,-0.229786,-0.229786,-0.229786,-0.229786,-0.229786,-0.229786,-0.229786,-0.229786,-0.229786,-0.229786,-0.229786,-0.229786,-0.229786,-0.229786,-0.229786,-0.229786,-0.229786,-0.229786,-0.229786,-0.229786,-0.229786,-0.229786,-0.229786,-0.229786,-0.229786,-0.229786,-0.229786,-0.229786,-0.229786,-0.229786,-0.229786,-0.229786,-0.229786,-0.229786,-0.229786,-0.229786,-0.229786,-0.229786,-0.229786,-0.229786,-0.229786,-0.229786,-0.229786,-0.229786,-0.229786,0.041003,-1.250324,-0.039949,0.089556,-1.529301,-0.039949,0.292788,-1.581902,-0.039949,0.310225,-1.356868,-0.039949,0.269168,-1.027835,-0.039949,0.491074,-1.686848,-0.039949,0.824398,-1.766279,-0.039949,0.945343,-1.679171,-0.039949,1.052659,-1.574964,-0.039949,0.725800,-1.558951,-0.039949,1.122420,-1.609034,-0.039949,1.386705,-1.463807,-0.039949,1.553518,-1.347344,-0.039949,0.841360,-1.433119,-0.039949,1.217741,-1.491719,-0.039949,1.577093,-1.488126,-0.039949,1.804931,-1.349599,-0.039949,0.864189,-1.377773,-0.039949,0.839335,-1.651933,-0.039949,0.754639,-1.774573,-0.039949,0.652793,-1.682107,-0.039949,-0.794263,-2.990555,1.019857,-0.853527,-3.004292,1.019857,-0.942993,-2.996425,1.019857,-1.066780,-2.790724,1.019857,-1.144946,-2.940682,1.019857,-1.323370,-2.805030,1.019857,-1.418142,-2.650164,1.019857,-1.395838,-2.452424,1.019857,-1.368541,-2.429060,1.019857,-1.355269,-2.609754,1.019857,-1.345912,-2.924306,1.019857,-1.464053,-2.740560,1.019857,-1.536888,-3.004646,1.019857,-1.380654,-3.131605,1.019857,-1.059254,-3.412859,1.019857,-0.984974,-3.392373,1.019857,-0.932765,-3.175288,1.019857,-0.699158,-2.747145,1.019857,-0.752825,-2.639169,1.019857,-0.804940,-2.603743,1.019857,-0.847350,-2.591192,1.019857,-0.805261,-2.606030,1.019857,-0.756809,-2.652829,1.019857,-0.716248,-2.653577,1.019857,-0.714211,-2.733327,1.019857,-0.741571,-2.787595,1.019857,-0.858339,-2.951115,1.019857,-0.858606,-2.302495,1.019857,-0.134858,-0.134858,-0.134858,-0.901012,-1.925582,1.019857,-0.918554,-1.848431,1.019857,-0.921191,-2.128139,1.019857,-0.134858,-0.134858,-0.134858,-1.006258,-2.017963,1.019857,-1.040415,-2.023088,1.019857,-1.111793,-2.132218,1.019857,-0.134858,-0.134858,-0.134858,-0.134858,-0.134858,-0.134858,-0.134858,-0.134858,-0.134858,-0.134858,-0.134858,-0.134858,-0.134858,-0.134858,-0.134858,-0.811406,-2.623550,1.019857,-0.134858,-0.134858,-0.134858,-0.934613,-2.811593,1.019857,-0.899381,-2.870881,1.019857,-0.134858,-0.134858,-0.134858,-0.967747,-2.733093,1.019857,-0.134858,-0.134858,-0.134858,-0.958047,-2.123473,1.019857,-0.134858,-0.134858,-0.134858,-0.134858,-0.134858,-0.134858,-0.134858,-0.134858,-0.134858,-0.134858,-0.134858,-0.134858,-0.134858,-0.134858,-0.134858,-1.502471,-2.210184,1.019857,-1.331342,-1.950894,1.019857,-1.226069,-2.036237,1.019857,-1.226069,-2.036237,1.019857,-1.090774,-2.078758,1.019857,-1.021666,-2.111909,1.019857,-0.958047,-2.123473,1.019857,-0.134858,-0.134858,-0.134858,-0.134858,-0.134858,-0.134858,-0.134858,-0.134858,-0.134858,-0.134858,-0.134858,-0.134858,-0.134858,-0.134858,-0.134858,-0.134858,-0.134858,-0.134858,-0.134858,-0.134858,-0.134858,-0.816898,-2.592581,1.019857,-0.930096,-2.727410,1.019857
0.484503,-1.174017,0.807017,1.020965,-1.239873,0.365053,0.856599,-0.838673,-0.145087,-0.384642,-0.976294,0.190194,0.174971,-1.517699,-0.036620,0.536297,-1.101300,0.138482,-0.133464,-0.930501,-1.862796,0.987212,0.020847,-1.639001,1.779628,-1.946906,0.047460,1.310550,-1.623802,-0.019151,-0.134858,-0.134858,-0.134858,-0.134858,-0.134858,-0.134858,-0.134858,-0.134858,-0.134858,-0.134858,-0.134858,-0.134858,-0.134858,-0.134858,-0.134858,0.247370,-0.169260,0.910456,-0.113013,-1.503979,1.037139,1.074103,0.586080,0.632332,0.271100,-0.392761,0.792502,-0.134858,-0.134858,-0.134858,-0.134858,-0.134858,-0.134858,-0.134858,-0.134858,-0.134858,-0.134858,-0.134858,-0.134858,-0.134858,-0.134858,-0.134858,-0.134858,-0.134858,-0.134858,-0.229786,-0.229786,-0.229786,-0.229786,-0.229786,-0.229786,-0.229786,-0.229786,-0.229786,-0.229786,-0.229786,-0.229786,-0.229786,-0.229786,-0.229786,-0.229786,-0.229786,-0.229786,-0.229786,-0.229786,-0.229786,-0.229786,-0.229786,-0.229786,-0.229786,-0.229786,-0.229786,-0.229786,-0.229786,-0.229786,-0.229786,-0.229786,-0.229786,-0.229786,-0.229786,-0.229786,-0.229786,-0.229786,-0.229786,-0.229786,-0.229786,-0.229786,-0.229786,-0.229786,-0.229786,-0.229786,-0.229786,-0.229786,-0.229786,-0.229786,-0.229786,-0.229786,-0.229786,-0.229786,-0.229786,-0.229786,-0.229786,-0.229786,-0.229786,-0.229786,-0.229786,-0.229786,-0.229786,0.013134,-1.258674,-0.039949,0.067475,-1.518970,-0.039949,0.275600,-1.560176,-0.039949,0.305422,-1.351194,-0.039949,0.270077,-1.051606,-0.039949,0.485184,-1.688425,-0.039949,0.829396,-1.791286,-0.039949,0.944631,-1.704916,-0.039949,1.042502,-1.597303,-0.039949,0.707074,-1.567348,-0.039949,1.118654,-1.634348,-0.039949,1.379166,-1.484448,-0.039949,1.538472,-1.366585,-0.039949,0.821776,-1.447068,-0.039949,1.217919,-1.523190,-0.039949,1.564072,-1.516611,-0.039949,1.782040,-1.390473,-0.039949,0.833797,-1.377600,-0.039949,0.844725,-1.648815,-0.039949,0.735057,-1.738635,-0.039949,0.595471,-1.628758,-0.039949,-0.820935,-2.485944,1.019857,-0.844334,-2.517749,1.019857,-0.892865,-2.546326,1.019857,-0.951594,-2.557372,1.019857,-0.982445,-2.574312,1.019857,-1.082954,-2.572685,1.019857,-1.105461,-2.499804,1.019857,-0.973411,-2.377283,1.019857,-0.878846,-2.394453,1.019857,-0.741355,-2.641033,1.019857,-0.684352,-3.005337,1.019857,-0.860415,-2.920721,1.019857,-1.027074,-3.233830,1.019857,-1.012141,-3.359764,1.019857,-0.994289,-3.481673,1.019857,-1.044424,-3.456847,1.019857,-1.066669,-3.400664,1.019857,-0.874373,-2.659540,1.019857,-0.943575,-2.664220,1.019857,-0.991564,-2.656372,1.019857,-1.016499,-2.661845,1.019857,-0.936814,-2.715645,1.019857,-0.875010,-2.829682,1.019857,-0.870147,-2.821306,1.019857,-0.863497,-2.948170,1.019857,-0.892881,-3.062386,1.019857,-1.022723,-3.275849,1.019857,-0.911814,-2.620196,1.019857,-0.134858,-0.134858,-0.134858,-0.885006,-2.391677,1.019857,-0.871047,-2.320958,1.019857,-0.919225,-2.467100,1.019857,-0.134858,-0.134858,-0.134858,-0.910363,-2.385956,1.019857,-0.900917,-2.411940,1.019857,-0.894421,-2.587211,1.019857,-0.134858,-0.134858,-0.134858,-0.134858,-0.134858,-0.134858,-0.134858,-0.134858,-0.134858,-0.134858,-0.134858,-0.134858,-0.134858,-0.134858,-0.134858,-0.925722,-2.656271,1.019857,-0.134858,-0.134858,-0.134858,-0.972362,-3.095883,1.019857,-0.963438,-3.197009,1.019857,-0.134858,-0.134858,-0.134858,-0.972485,-3.107585,1.019857,-0.134858,-0.134858,-0.134858,-0.846571,-2.300968,1.019857,-0.134858,-0.134858,-0.134858,-0.134858,-0.134858,-0.134858,-0.134858,-0.134858,-0.134858,-0.134858,-0.134858,-0.134858,-0.134858,-0.134858,-0.134858,-1.035253,-2.561489,1.019857,-0.985208,-2.276179,1.019857,-0.928883,-2.240673,1.019857,-0.928883,-2.240673,1.019857,-0.892882,-2.256983,1.019857,-0.869018,-2.284448,1.019857,-0.846571,-2.300968,1.019857,-0.134858,-0.134858,-0.134858,-0.134858,-0.134858,-0.134858,-0.134858,-0.134858,-0.134858,-0.134858,-0.134858,-0.134858,-0.134858,-0.134858,-0.134858,-0.134858,-0.134858,-0.134858,-0.134858,-0.134858,-0.134858,-0.945655,-2.660312,1.019857,-0.941856,-3.089424,1.019857
0.432459,-1.458802,1.004810,1.040546,-1.208146,0.417592,0.882558,-0.809571,-0.030383,-0.330981,-0.998033,0.285801,0.215056,-1.610702,0.011837,0.509406,-1.099191,0.194331,-0.056518,-0.900592,-1.914294,0.971398,0.020700,-1.701808,1.754999,-1.950112,0.130628,1.332293,-1.651387,0.042462,-0.134858,-0.134858,-0.134858,-0.134858,-0.134858,-0.134858,-0.134858,-0.134858,-0.134858,-0.134858,-0.134858,-0.134858,-0.134858,-0.134858,-0.134858,0.196805,-0.207562,1.155037,-0.165951,-1.728395,1.248176,1.028595,0.586609,0.872124,0.254111,-0.504027,1.006335,-0.134858,-0.134858,-0.134858,-0.134858,-0.134858,-0.134858,-0.134858,-0.134858,-0.134858,-0.134858,-0.134858,-0.134858,-0.134858,-0.134858,-0.134858,-0.134858,-0.134858,-0.134858,-0.229786,-0.229786,-0.229786,-0.229786,-0.229786,-0.229786,-0.229786,-0.229786,-0.229786,-0.229786,-0.229786,-0.229786,-0.229786,-0.229786,-0.229786,-0.229786,-0.229786,-0.229786,-0.229786,-0.229786,-0.229786,-0.229786,-0.229786,-0.229786,-0.229786,-0.229786,-0.229786,-0.229786,-0.229786,-0.229786,-0.229786,-0.229786,-0.229786,-0.229786,-0.229786,-0.229786,-0.229786,-0.229786,-0.229786,-0.229786,-0.229786,-0.229786,-0.229786,-0.229786,-0.229786,-0.229786,-0.229786,-0.229786,-0.229786,-0.229786,-0.229786,-0.229786,-0.229786,-0.229786,-0.229786,-0.229786,-0.229786,-0.229786,-0.229786,-0.229786,-0.229786,-0.229786,-0.229786,-0.054005,-1.292846,-0.039949,0.018509,-1.558744,-0.039949,0.205894,-1.604051,-0.039949,0.201108,-1.412945,-0.039949,0.120778,-1.154861,-0.039949,0.428552,-1.706493,-0.039949,0.772384,-1.805886,-0.039949,0.894791,-1.725585,-0.039949,0.997064,-1.621705,-0.039949,0.660059,-1.576385,-0.039949,1.072791,-1.656705,-0.039949,1.337209,-1.512761,-0.039949,1.500254,-1.392998,-0.039949,0.778538,-1.454870,-0.039949,1.165574,-1.546896,-0.039949,1.512942,-1.560667,-0.039949,1.729502,-1.438477,-0.039949,0.792285,-1.396767,-0.039949,0.797967,-1.697496,-0.039949,0.681264,-1.787638,-0.039949,0.525471,-1.659247,-0.039949,-0.918922,-2.516660,1.019857,-0.987252,-2.512317,1.019857,-1.071085,-2.513476,1.019857,-1.125765,-2.502063,1.019857,-1.201671,-2.472670,1.019857,-1.250212,-2.434410,1.019857,-1.154365,-2.373398,1.019857,-0.931731,-2.327607,1.019857,-0.827820,-2.369768,1.019857,-0.719934,-2.585186,1.019857,-0.677722,-2.903205,1.019857,-0.871074,-2.895704,1.019857,-1.021819,-3.201450,1.019857,-1.050505,-3.323421,1.019857,-1.181450,-3.433223,1.019857,-1.281313,-3.422810,1.019857,-1.277171,-3.374632,1.019857,-0.863405,-2.631030,1.019857,-0.915310,-2.598751,1.019857,-0.940581,-2.575199,1.019857,-0.948874,-2.570917,1.019857,-0.898067,-2.678971,1.019857,-0.850152,-2.703540,1.019857,-0.850346,-2.687903,1.019857,-0.883242,-2.786219,1.019857,-0.937402,-2.886173,1.019857,-1.127111,-3.142431,1.019857,-0.827450,-2.594520,1.019857,-0.134858,-0.134858,-0.134858,-0.716869,-2.328689,1.019857,-0.680262,-2.247211,1.019857,-0.853951,-2.461727,1.019857,-0.134858,-0.134858,-0.134858,-0.808455,-2.426724,1.019857,-0.769633,-2.441442,1.019857,-0.730489,-2.609219,1.019857,-0.134858,-0.134858,-0.134858,-0.134858,-0.134858,-0.134858,-0.134858,-0.134858,-0.134858,-0.134858,-0.134858,-0.134858,-0.134858,-0.134858,-0.134858,-0.928475,-2.689363,1.019857,-0.134858,-0.134858,-0.134858,-0.960285,-3.059682,1.019857,-0.970458,-3.152247,1.019857,-0.134858,-0.134858,-0.134858,-1.008395,-3.111395,1.019857,-0.134858,-0.134858,-0.134858,-0.854287,-2.457720,1.019857,-0.134858,-0.134858,-0.134858,-0.134858,-0.134858,-0.134858,-0.134858,-0.134858,-0.134858,-0.134858,-0.134858,-0.134858,-0.134858,-0.134858,-0.134858,-1.047256,-2.727516,1.019857,-0.969173,-2.506494,1.019857,-0.856623,-2.435571,1.019857,-0.856623,-2.435571,1.019857,-0.830139,-2.426873,1.019857,-0.838444,-2.443873,1.019857,-0.854287,-2.457720,1.019857,-0.134858,-0.134858,-0.134858,-0.134858,-0.134858,-0.134858,-0.134858,-0.134858,-0.134858,-0.134858,-0.134858,-0.134858,-0.134858,-0.134858,-0.134858,-0.134858,-0.134858,-0.134858,-0.134858,-0.134858,-0.134858,-0.930555,-2.705233,1.019857,-0.960785,-3.095619,1.019857
0.432459,-1.458802,1.004810,1.040546,-1.208146,0.417592,0.882558,-0.809571,-0.030383,-0.330981,-0.998033,0.285801,0.215056,-1.610702,0.011837,0.509406,-1.099191,0.194331,-0.056518,-0.900592,-1.914294,0.971398,0.020700,-1.701808,1.754999,-1.950112,0.130628,1.332293,-1.651387,0.042462,-0.134858,-0.134858,-0.134858,-0.134858,-0.134858,-0.134858,-0.134858,-0.134858,-0.134858,-0.134858,-0.134858,-0.134858,-0.134858,-0.134858,-0.134858,0.196805,-0.207562,1.155037,-0.165951,-1.728395,1.248176,1.028595,0.586609,0.872124,0.254111,-0.504027,1.006335,-0.134858,-0.134858,-0.134858,-0.134858,-0.134858,-0.134858,-0.134858,-0.134858,-0.134858,-0.134858,-0.134858,-0.134858,-0.134858,-0.134858,-0.134858,-0.134858,-0.134858,-0.134858,-0.229786,-0.229786,-0.229786,-0.229786,-0.229786,-0.229786,-0.229786,-0.229786,-0.229786,-0.229786,-0.229786,-0.229786,-0.229786,-0.229786,-0.229786,-0.229786,-0.229786,-0.229786,-0.229786,-0.229786,-0.229786,-0.229786,-0.229786,-0.229786,-0.229786,-0.229786,-0.229786,-0.229786,-0.229786,-0.229786,-0.229786,-0.229786,-0.229786,-0.229786,-0.229786,-0.229786,-0.229786,-0.229786,-0.229786,-0.229786,-0.229786,-0.229786,-0.229786,-0.229786,-0.229786,-0.229786,-0.229786,-0.229786,-0.229786,-0.229786,-0.229786,-0.229786,-0.229786,-0.229786,-0.229786,-0.229786,-0.229786,-0.229786,-0.229786,-0.229786,-0.229786,-0.229786,-0.229786,-0.054005,-1.292846,-0.039949,0.018509,-1.558744,-0.039949,0.205894,-1.604051,-0.039949,0.201108,-1.412945,-0.039949,0.120778,-1.154861,-0.039949,0.428552,-1.706493,-0.039949,0.772384,-1.805886,-0.039949,0.894791,-1.725585,-0.039949,0.997064,-1.621705,-0.039949,0.660059,-1.576385,-0.039949,1.072791,-1.656705,-0.039949,1.337209,-1.512761,-0.039949,1.500254,-1.392998,-0.039949,0.778538,-1.454870,-0.039949,1.165574,-1.546896,-0.039949,1.512942,-1.560667,-0.039949,1.729502,-1.438477,-0.039949,0.792285,-1.396767,-0.039949,0.797967,-1.697496,-0.039949,0.681264,-1.787638,-0.039949,0.525471,-1.659247,-0.039949,-0.918922,-2.516660,1.019857,-0.987252,-2.512317,1.019857,-1.071085,-2.513476,1.019857,-1.125765,-2.502063,1.019857,-1.201671,-2.472670,1.019857,-1.250212,-2.434410,1.019857,-1.154365,-2.373398,1.019857,-0.931731,-2.327607,1.019857,-0.827820,-2.369768,1.019857,-0.719934,-2.585186,1.019857,-0.677722,-2.903205,1.019857,-0.871074,-2.895704,1.019857,-1.021819,-3.201450,1.019857,-1.050505,-3.323421,1.019857,-1.181450,-3.433223,1.019857,-1.281313,-3.422810,1.019857,-1.277171,-3.374632,1.019857,-0.863405,-2.631030,1.019857,-0.915310,-2.598751,1.019857,-0.940581,-2.575199,1.019857,-0.948874,-2.570917,1.019857,-0.898067,-2.678971,1.019857,-0.850152,-2.703540,1.019857,-0.850346,-2.687903,1.019857,-0.883242,-2.786219,1.019857,-0.937402,-2.886173,1.019857,-1.127111,-3.142431,1.019857,-0.827450,-2.594520,1.019857,-0.134858,-0.134858,-0.134858,-0.716869,-2.328689,1.019857,-0.680262,-2.247211,1.019857,-0.853951,-2.461727,1.019857,-0.134858,-0.134858,-0.134858,-0.808455,-2.426724,1.019857,-0.769633,-2.441442,1.019857,-0.730489,-2.609219,1.019857,-0.134858,-0.134858,-0.134858,-0.134858,-0.134858,-0.134858,-0.134858,-0.134858,-0.134858,-0.134858,-0.134858,-0.134858,-0.134858,-0.134858,-0.134858,-0.928475,-2.689363,1.019857,-0.134858,-0.134858,-0.134858,-0.960285,-3.059682,1.019857,-0.970458,-3.152247,1.019857,-0.134858,-0.134858,-0.134858,-1.008395,-3.111395,1.019857,-0.134858,-0.134858,-0.134858,-0.854287,-2.457720,1.019857,-0.134858,-0.134858,-0.134858,-0.134858,-0.134858,-0.134858,-0.134858,-0.134858,-0.134858,-0.134858,-0.134858,-0.134858,-0.134858,-0.134858,-0.134858,-1.047256,-2.727516,1.019857,-0.969173,-2.506494,1.019857,-0.856623,-2.435571,1.019857,-0.856623,-2.435571,1.019857,-0.830139,-2.426873,1.019857,-0.838444,-2.443873,1.019857,-0.854287,-2.457720,1.019857,-0.134858,-0.134858,-0.134858,-0.134858,-0.134858,-0.134858,-0.134858,-0.134858,-0.134858,-0.134858,-0.134858,-0.134858,-0.134858,-0.134858,-0.134858,-0.134858,-0.134858,-0.134858,-0.134858,-0.134858,-0.134858,-0.930555,-2.705233,1.019857,-0.960785,-3.095619,1.019857
0.328166,-1.531517,1.175380,1.062102,-1.234099,0.398940,0.904870,-0.848625,0.066043,-0.292676,-0.998792,0.429912,0.209094,-1.640588,0.021932,0.506010,-1.056986,0.174504,0.193754,-0.900169,-1.996162,1.005427,0.043583,-1.793520,1.868917,-1.933995,0.339654,1.494100,-1.643834,0.225734,-0.134858,-0.134858,-0.134858,-0.134858,-0.134858,-0.134858,-0.134858,-0.134858,-0.134858,-0.134858,-0.134858,-0.134858,-0.134858,-0.134858,-0.134858,0.039723,-0.328231,1.370242,-0.184322,-1.733559,1.428966,0.870859,0.511259,1.066573,0.243046,-0.456436,1.166935,-0.134858,-0.134858,-0.134858,-0.134858,-0.134858,-0.134858,-0.134858,-0.134858,-0.134858,-0.134858,-0.134858,-0.134858,-0.134858,-0.134858,-0.134858,-0.134858,-0.134858,-0.134858,-0.229786,-0.229786,-0.229786,-0.229786,-0.229786,-0.229786,-0.229786,-0.229786,-0.229786,-0.229786,-0.229786,-0.229786,-0.229786,-0.229786,-0.229786,-0.229786,-0.229786,-0.229786,-0.229786,-0.229786,-0.229786,-0.229786,-0.229786,-0.229786,-0.229786,-0.229786,-0.229786,-0.229786,-0.229786,-0.229786,-0.229786,-0.229786,-0.229786,-0.229786,-0.229786,-0.229786,-0.229786,-0.229786,-0.229786,-0.229786,-0.229786,-0.229786,-0.229786,-0.229786,-0.229786,-0.229786,-0.229786,-0.229786,-0.229786,-0.229786,-0.229786,-0.229786,-0.229786,-0.229786,-0.229786,-0.229786,-0.229786,-0.229786,-0.229786,-0.229786,-0.229786,-0.229786,-0.229786,-0.159678,-1.291018,-0.039949,-0.068387,-1.557777,-0.039949,0.145169,-1.620258,-0.039949,0.186767,-1.447782,-0.039949,0.166791,-1.181373,-0.039949,0.337229,-1.729646,-0.039949,0.681597,-1.803883,-0.039949,0.825657,-1.722323,-0.039949,0.935655,-1.615292,-0.039949,0.541915,-1.601966,-0.039949,0.983289,-1.589844,-0.039949,1.261977,-1.425855,-0.039949,1.432033,-1.306659,-0.039949,0.665579,-1.484564,-0.039949,1.076998,-1.542983,-0.039949,1.418347,-1.554737,-0.039949,1.625460,-1.452042,-0.039949,0.706366,-1.430688,-0.039949,0.697246,-1.711594,-0.039949,0.607233,-1.818305,-0.039949,0.485723,-1.743161,-0.039949,-0.565924,-2.668216,1.019857,-0.714849,-2.695849,1.019857,-0.899095,-2.737999,1.019857,-1.303444,-2.818876,1.019857,-1.348236,-2.771250,1.019857,-1.756273,-2.763739,1.019857,-1.873782,-2.680275,1.019857,-1.765014,-2.592490,1.019857,-1.684747,-2.572818,1.019857,-1.527526,-2.626523,1.019857,-1.270078,-2.772939,1.019857,-1.424452,-2.794921,1.019857,-1.237710,-2.927187,1.019857,-1.085430,-2.947117,1.019857,-0.826792,-2.884991,1.019857,-0.837545,-2.823613,1.019857,-0.930529,-2.782277,1.019857,-0.612900,-2.654475,1.019857,-0.707294,-2.558544,1.019857,-0.753655,-2.506357,1.019857,-0.793641,-2.464632,1.019857,-0.776426,-2.529137,1.019857,-0.749377,-2.419880,1.019857,-0.716784,-2.367890,1.019857,-0.748234,-2.411726,1.019857,-0.778314,-2.436032,1.019857,-0.867690,-2.565018,1.019857,-0.828476,-2.458804,1.019857,-0.134858,-0.134858,-0.134858,-0.888165,-2.240657,1.019857,-0.910931,-2.190176,1.019857,-1.052433,-2.530304,1.019857,-0.134858,-0.134858,-0.134858,-1.108575,-2.497387,1.019857,-1.074167,-2.470294,1.019857,-0.971105,-2.534532,1.019857,-0.134858,-0.134858,-0.134858,-0.134858,-0.134858,-0.134858,-0.134858,-0.134858,-0.134858,-0.134858,-0.134858,-0.134858,-0.134858,-0.134858,-0.134858,-0.821173,-2.661050,1.019857,-0.134858,-0.134858,-0.134858,-0.830804,-2.632473,1.019857,-0.853172,-2.618179,1.019857,-0.134858,-0.134858,-0.134858,-0.930204,-2.715068,1.019857,-0.134858,-0.134858,-0.134858,-1.296618,-2.797791,1.019857,-0.134858,-0.134858,-0.134858,-0.134858,-0.134858,-0.134858,-0.134858,-0.134858,-0.134858,-0.134858,-0.134858,-0.134858,-0.134858,-0.134858,-0.134858,-1.524694,-2.822808,1.019857,-1.522891,-2.793885,1.019857,-1.433293,-2.768992,1.019857,-1.433293,-2.768992,1.019857,-1.337286,-2.788584,1.019857,-1.315163,-2.789858,1.019857,-1.296618,-2.797791,1.019857,-0.134858,-0.134858,-0.134858,-0.134858,-0.134858,-0.134858,-0.134858,-0.134858,-0.134858,-0.134858,-0.134858,-0.134858,-0.134858,-0.134858,-0.134858,-0.134858,-0.134858,-0.134858,-0.134858,-0.134858,-0.134858,-0.823590,-2.626101,1.019857,-0.881064,-2.720690,1.019857
0.328166,-1.531517,1.175380,1.062102,-1.234099,0.398940,0.904870,-0.848625,0.066043,-0.292676,-0.998792,0.429912,0.209094,-1.640588,0.021932,0.506010,-1.056986,0.174504,0.193754,-0.900169,-1.996162,1.005427,0.043583,-1.793520,1.868917,-1.933995,0.339654,1.494100,-1.643834,0.225734,-0.134858,-0.134858,-0.134858,-0.134858,-0.134858,-0.134858,-0.134858,-0.134858,-0.134858,-0.134858,-0.134858,-0.134858,-0.134858,-0.134858,-0.134858,0.039723,-0.328231,1.370242,-0.184322,-1.733559,1.428966,0.870859,0.511259,1.066573,0.243046,-0.456436,1.166935,-0.134858,-0.134858,-0.134858,-0.134858,-0.134858,-0.134858,-0.134858,-0.134858,-0.134858,-0.134858,-0.134858,-0.134858,-0.134858,-0.134858,-0.134858,-0.134858,-0.134858,-0.134858,-0.229786,-0.229786,-0.229786,-0.229786,-0.229786,-0.229786,-0.229786,-0.229786,-0.229786,-0.229786,-0.229786,-0.229786,-0.229786,-0.229786,-0.229786,-0.229786,-0.229786,-0.229786,-0.229786,-0.229786,-0.229786,-0.229786,-0.229786,-0.229786,-0.229786,-0.229786,-0.229786,-0.229786,-0.229786,-0.229786,-0.229786,-0.229786,-0.229786,-0.229786,-0.229786,-0.229786,-0.229786,-0.229786,-0.229786,-0.229786,-0.229786,-0.229786,-0.229786,-0.229786,-0.229786,-0.229786,-0.229786,-0.229786,-0.229786,-0.229786,-0.229786,-0.229786,-0.229786,-0.229786,-0.229786,-0.229786,-0.229786,-0.229786,-0.229786,-0.229786,-0.229786,-0.229786,-0.229786,-0.159678,-1.291018,-0.039949,-0.068387,-1.557777,-0.039949,0.145169,-1.620258,-0.039949,0.186767,-1.447782,-0.039949,0.166791,-1.181373,-0.039949,0.337229,-1.729646,-0.039949,0.681597,-1.803883,-0.039949,0.825657,-1.722323,-0.039949,0.935655,-1.615292,-0.039949,0.541915,-1.601966,-0.039949,0.983289,-1.589844,-0.039949,1.261977,-1.425855,-0.039949,1.432033,-1.306659,-0.039949,0.665579,-1.484564,-0.039949,1.076998,-1.542983,-0.039949,1.418347,-1.554737,-0.039949,1.625460,-1.452042,-0.039949,0.706366,-1.430688,-0.039949,0.697246,-1.711594,-0.039949,0.607233,-1.818305,-0.039949,0.485723,-1.743161,-0.039949,-0.565924,-2.668216,1.019857,-0.714849,-2.695849,1.019857,-0.899095,-2.737999,1.019857,-1.303444,-2.818876,1.019857,-1.348236,-2.771250,1.019857,-1.756273,-2.763739,1.019857,-1.873782,-2.680275,1.019857,-1.765014,-2.592490,1.019857,-1.684747,-2.572818,1.019857,-1.527526,-2.626523,1.019857,-1.270078,-2.772939,1.019857,-1.424452,-2.794921,1.019857,-1.237710,-2.927187,1.019857,-1.085430,-2.947117,1.019857,-0.826792,-2.884991,1.019857,-0.837545,-2.823613,1.019857,-0.930529,-2.782277,1.019857,-0.612900,-2.654475,1.019857,-0.707294,-2.558544,1.019857,-0.753655,-2.506357,1.019857,-0.793641,-2.464632,1.019857,-0.776426,-2.529137,1.019857,-0.749377,-2.419880,1.019857,-0.716784,-2.367890,1.019857,-0.748234,-2.411726,1.019857,-0.778314,-2.436032,1.019857,-0.867690,-2.565018,1.019857,-0.828476,-2.458804,1.019857,-0.134858,-0.134858,-0.134858,-0.888165,-2.240657,1.019857,-0.910931,-2.190176,1.019857,-1.052433,-2.530304,1.019857,-0.134858,-0.134858,-0.134858,-1.108575,-2.497387,1.019857,-1.074167,-2.470294,1.019857,-0.971105,-2.534532,1.019857,-0.134858,-0.134858,-0.134858,-0.134858,-0.134858,-0.134858,-0.134858,-0.134858,-0.134858,-0.134858,-0.134858,-0.134858,-0.134858,-0.134858,-0.134858,-0.821173,-2.661050,1.019857,-0.134858,-0.134858,-0.134858,-0.830804,-2.632473,1.019857,-0.853172,-2.618179,1.019857,-0.134858,-0.134858,-0.134858,-0.930204,-2.715068,1.019857,-0.134858,-0.134858,-0.134858,-1.296618,-2.797791,1.019857,-0.134858,-0.134858,-0.134858,-0.134858,-0.134858,-0.134858,-0.134858,-0.134858,-0.134858,-0.134858,-0.134858,-0.134858,-0.134858,-0.134858,-0.134858,-1.524694,-2.822808,1.019857,-1.522891,-2.793885,1.019857,-1.433293,-2.768992,1.019857,-1.433293,-2.768992,1.019857,-1.337286,-2.788584,1.019857,-1.315163,-2.789858,1.019857,-1.296618,-2.797791,1.019857,-0.134858,-0.134858,-0.134858,-0.134858,-0.134858,-0.134858,-0.134858,-0.134858,-0.134858,-0.134858,-0.134858,-0.134858,-0.134858,-0.134858,-0.134858,-0.134858,-0.134858,-0.134858,-0.134858,-0.134858,-0.134858,-0.823590,-2.626101,1.019857,-0.881064,-2.720690,1.019857
0.935285,-1.426647,1.338079,1.092721,-0.993756,0.493910,0.904822,-0.761138,0.207914,-0.556415,-0.874409,0.615959,-0.022923,-1.580818,0.081189,0.633535,-0.657770,0.275455,0.915289,-0.899505,-2.061591,1.383058,0.149999,-1.851876,1.780947,-1.564612,0.433151,1.417493,-1.411897,0.315752,-0.134858,-0.134858,-0.134858,-0.134858,-0.134858,-0.134858,-0.134858,-0.134858,-0.134858,-0.134858,-0.134858,-0.134858,-0.134858,-0.134858,-0.134858,0.247705,-0.322441,1.579661,0.324629,-1.711011,1.599995,0.843478,0.509580,1.278607,0.224340,-0.446152,1.347048,-0.134858,-0.134858,-0.134858,-0.134858,-0.134858,-0.134858,-0.134858,-0.134858,-0.134858,-0.134858,-0.134858,-0.134858,-0.134858,-0.134858,-0.134858,-0.134858,-0.134858,-0.134858,-0.229786,-0.229786,-0.229786,-0.229786,-0.229786,-0.229786,-0.229786,-0.229786,-0.229786,-0.229786,-0.229786,-0.229786,-0.229786,-0.229786,-0.229786,-0.229786,-0.229786,-0.229786,-0.229786,-0.229786,-0.229786,-0.229786,-0.229786,-0.229786,-0.229786,-0.229786,-0.229786,-0.229786,-0.229786,-0.229786,-0.229786,-0.229786,-0.229786,-0.229786,-0.229786,-0.229786,-0.229786,-0.229786,-0.229786,-0.229786,-0.229786,-0.229786,-0.229786,-0.229786,-0.229786,-0.229786,-0.229786,-0.229786,-0.229786,-0.229786,-0.229786,-0.229786,-0.229786,-0.229786,-0.229786,-0.229786,-0.229786,-0.229786,-0.229786,-0.229786,-0.229786,-0.229786,-0.229786,-0.268868,-1.307721,-0.039949,-0.204004,-1.492226,-0.039949,-0.012522,-1.600687,-0.039949,0.148453,-1.470675,-0.039949,0.218678,-1.212234,-0.039949,0.101026,-1.788153,-0.039949,0.506766,-1.804044,-0.039949,0.688692,-1.659015,-0.039949,0.817737,-1.541696,-0.039949,0.190973,-1.677940,-0.039949,0.751243,-1.552317,-0.039949,1.098871,-1.317477,-0.039949,1.317944,-1.191185,-0.039949,0.302145,-1.556092,-0.039949,0.820150,-1.471689,-0.039949,1.173421,-1.372909,-0.039949,1.408513,-1.265099,-0.039949,0.395456,-1.434448,-0.039949,0.654451,-1.491500,-0.039949,0.616597,-1.480477,-0.039949,0.528189,-1.433418,-0.039949,-0.683774,-1.545638,1.019857,-0.797177,-1.582617,1.019857,-0.904585,-1.665781,1.019857,-0.964043,-2.028472,1.019857,-1.120098,-1.783664,1.019857,-1.195902,-2.038131,1.019857,-1.087371,-2.178577,1.019857,-0.881988,-2.260962,1.019857,-0.829738,-2.290928,1.019857,-0.850459,-2.332768,1.019857,-0.901341,-2.342014,1.019857,-1.067990,-2.484998,1.019857,-1.339367,-2.427089,1.019857,-1.487314,-2.324678,1.019857,-1.801923,-1.947409,1.019857,-1.887934,-1.839493,1.019857,-1.822730,-2.007946,1.019857,-0.515708,-2.078181,1.019857,-0.589147,-2.170486,1.019857,-0.650862,-2.190240,1.019857,-0.702091,-2.166253,1.019857,-0.686249,-2.168278,1.019857,-0.862748,-2.105815,1.019857,-0.873815,-2.032432,1.019857,-1.018226,-2.094049,1.019857,-1.174714,-2.105992,1.019857,-1.571221,-2.047998,1.019857,-0.684266,-2.264845,1.019857,-0.134858,-0.134858,-0.134858,-0.578021,-2.307078,1.019857,-0.530688,-2.318441,1.019857,-0.625213,-2.462931,1.019857,-0.134858,-0.134858,-0.134858,-0.636672,-2.474938,1.019857,-0.645463,-2.469249,1.019857,-0.752151,-2.505030,1.019857,-0.134858,-0.134858,-0.134858,-0.134858,-0.134858,-0.134858,-0.134858,-0.134858,-0.134858,-0.134858,-0.134858,-0.134858,-0.134858,-0.134858,-0.134858,-0.613597,-2.147722,1.019857,-0.134858,-0.134858,-0.134858,-1.069303,-2.181081,1.019857,-1.187161,-2.194020,1.019857,-0.134858,-0.134858,-0.134858,-1.239509,-2.262999,1.019857,-0.134858,-0.134858,-0.134858,-0.696300,-2.632174,1.019857,-0.134858,-0.134858,-0.134858,-0.134858,-0.134858,-0.134858,-0.134858,-0.134858,-0.134858,-0.134858,-0.134858,-0.134858,-0.134858,-0.134858,-0.134858,-1.053538,-2.722074,1.019857,-0.929893,-2.709622,1.019857,-0.771116,-2.635697,1.019857,-0.771116,-2.635697,1.019857,-0.683074,-2.622717,1.019857,-0.683037,-2.624289,1.019857,-0.696300,-2.632174,1.019857,-0.134858,-0.134858,-0.134858,-0.134858,-0.134858,-0.134858,-0.134858,-0.134858,-0.134858,-0.134858,-0.134858,-0.134858,-0.134858,-0.134858,-0.134858,-0.134858,-0.134858,-0.134858,-0.134858,-0.134858,-0.134858,-0.636102,-2.099783,1.019857,-1.146260,-2.211054,1.019857
0.935041,-1.419322,1.475619,0.981227,-0.781527,0.591301,0.791372,-0.650192,0.338550,-0.572962,-0.767621,0.838597,-0.388510,-1.385616,0.184763,0.643114,-0.402347,0.378979,0.906000,-0.846536,-1.847704,1.351599,0.233574,-1.709598,0.736504,-1.374557,0.517083,0.512022,-1.371706,0.357405,-0.134858,-0.134858,-0.134858,-0.134858,-0.134858,-0.134858,-0.134858,-0.134858,-0.134858,-0.134858,-0.134858,-0.134858,-0.134858,-0.134858,-0.134858,0.579247,-0.332911,1.759926,0.485427,-1.702458,1.745603,0.819426,0.503558,1.464046,0.494602,-0.453474,1.504230,-0.134858,-0.134858,-0.134858,-0.134858,-0.134858,-0.134858,-0.134858,-0.134858,-0.134858,-0.134858,-0.134858,-0.134858,-0.134858,-0.134858,-0.134858,-0.134858,-0.134858,-0.134858,-0.229786,-0.229786,-0.229786,-0.229786,-0.229786,-0.229786,-0.229786,-0.229786,-0.229786,-0.229786,-0.229786,-0.229786,-0.229786,-0.229786,-0.229786,-0.229786,-0.229786,-0.229786,-0.229786,-0.229786,-0.229786,-0.229786,-0.229786,-0.229786,-0.229786,-0.229786,-0.229786,-0.229786,-0.229786,-0.229786,-0.229786,-0.229786,-0.229786,-0.229786,-0.229786,-0.229786,-0.229786,-0.229786,-0.229786,-0.229786,-0.229786,-0.229786,-0.229786,-0.229786,-0.229786,-0.229786,-0.229786,-0.229786,-0.229786,-0.229786,-0.229786,-0.229786,-0.229786,-0.229786,-0.229786,-0.229786,-0.229786,-0.229786,-0.229786,-0.229786,-0.229786,-0.229786,-0.229786,-0.531539,-1.187618,-0.039949,-0.412621,-1.325473,-0.039949,-0.187414,-1.457667,-0.039949,0.049096,-1.357385,-0.039949,0.176929,-1.100386,-0.039949,-0.299608,-1.788461,-0.039949,0.148910,-1.738171,-0.039949,0.381969,-1.531277,-0.039949,0.535487,-1.367438,-0.039949,-0.336634,-1.788164,-0.039949,0.333181,-1.561424,-0.039949,0.713204,-1.231441,-0.039949,0.941821,-1.063313,-0.039949,-0.296328,-1.704335,-0.039949,0.338852,-1.565428,-0.039949,0.373136,-1.390463,-0.039949,0.291071,-1.285388,-0.039949,-0.216269,-1.529894,-0.039949,0.372437,-1.434462,-0.039949,0.488847,-1.283157,-0.039949,0.468955,-1.210404,-0.039949,0.048812,-0.504482,1.019857,0.135723,-0.597728,1.019857,0.225861,-0.739690,1.019857,0.236323,-1.400093,1.019857,0.461481,-1.006451,1.019857,0.632118,-1.520792,1.019857,0.913649,-1.881650,1.019857,1.231245,-2.101259,1.019857,1.405743,-2.160698,1.019857,1.813554,-2.187658,1.019857,2.288783,-2.098204,1.019857,1.901707,-2.306323,1.019857,1.981996,-2.171214,1.019857,1.709052,-2.014753,1.019857,0.909492,-1.451878,1.019857,0.444235,-1.351509,1.019857,-0.004959,-1.669352,1.019857,-0.377657,-1.554185,1.019857,-0.529782,-1.813517,1.019857,-0.600488,-1.915251,1.019857,-0.638600,-2.026072,1.019857,-0.435506,-1.993927,1.019857,-0.390864,-2.140894,1.019857,-0.482227,-2.086110,1.019857,-0.406189,-2.135074,1.019857,-0.411940,-2.102448,1.019857,-0.407506,-1.942673,1.019857,-0.312628,-2.183435,1.019857,-0.134858,-0.134858,-0.134858,-0.174235,-2.469363,1.019857,-0.090858,-2.539015,1.019857,0.016004,-2.455463,1.019857,-0.134858,-0.134858,-0.134858,0.159605,-2.471479,1.019857,0.248463,-2.482707,1.019857,0.344536,-2.570647,1.019857,-0.134858,-0.134858,-0.134858,-0.134858,-0.134858,-0.134858,-0.134858,-0.134858,-0.134858,-0.134858,-0.134858,-0.134858,-0.134858,-0.134858,-0.134858,-0.337034,-1.706171,1.019857,-0.134858,-0.134858,-0.134858,-0.235154,-1.990701,1.019857,-0.206733,-2.063029,1.019857,-0.134858,-0.134858,-0.134858,-0.091721,-2.067232,1.019857,-0.134858,-0.134858,-0.134858,0.348895,-2.496754,1.019857,-0.134858,-0.134858,-0.134858,-0.134858,-0.134858,-0.134858,-0.134858,-0.134858,-0.134858,-0.134858,-0.134858,-0.134858,-0.134858,-0.134858,-0.134858,1.223345,-2.716156,1.019857,0.812136,-2.690563,1.019857,0.788692,-2.555673,1.019857,0.788692,-2.555673,1.019857,0.607946,-2.526144,1.019857,0.487336,-2.510793,1.019857,0.348895,-2.496754,1.019857,-0.134858,-0.134858,-0.134858,-0.134858,-0.134858,-0.134858,-0.134858,-0.134858,-0.134858,-0.134858,-0.134858,-0.134858,-0.134858,-0.134858,-0.134858,-0.134858,-0.134858,-0.134858,-0.134858,-0.134858,-0.134858,-0.394603,-1.713570,1.019857,-0.129331,-1.992025,1.019857
0.935041,-1.419322,1.475619,0.981227,-0.781527,0.591301,0.791372,-0.650192,0.338550,-0.572962,-0.767621,0.838597,-0.388510,-1.385616,0.184763,0.643114,-0.402347,0.378979,0.906000,-0.846536,-1.847704,1.351599,0.233574,-1.709598,0.736504,-1.374557,0.517083,0.512022,-1.371706,0.357405,-0.134858,-0.134858,-0.134858,-0.134858,-0.134858,-0.134858,-0.134858,-0.134858,-0.134858,-0.134858,-0.134858,-0.134858,-0.134858,-0.134858,-0.134858,0.579247,-0.332911,1.759926,0.485427,-1.702458,1.745603,0.819426,0.503558,1.464046,0.494602,-0.453474,1.504230,-0.134858,-0.134858,-0.134858,-0.134858,-0.134858,-0.134858,-0.134858,-0.134858,-0.134858,-0.134858,-0.134858,-0.134858,-0.134858,-0.134858,-0.134858,-0.134858,-0.134858,-0.134858,-0.229786,-0.229786,-0.229786,-0.229786,-0.229786,-0.229786,-0.229786,-0.229786,-0.229786,-0.229786,-0.229786,-0.229786,-0.229786,-0.229786,-0.229786,-0.229786,-0.229786,-0.229786,-0.229786,-0.229786,-0.229786,-0.229786,-0.229786,-0.229786,-0.229786,-0.229786,-0.229786,-0.229786,-0.229786,-0.229786,-0.229786,-0.229786,-0.229786,-0.229786,-0.229786,-0.229786,-0.229786,-0.229786,-0.229786,-0.229786,-0.229786,-0.229786,-0.229786,-0.229786,-0.229786,-0.229786,-0.229786,-0.229786,-0.229786,-0.229786,-0.229786,-0.229786,-0.229786,-0.229786,-0.229786,-0.229786,-0.229786,-0.229786,-0.229786,-0.229786,-0.229786,-0.229786,-0.229786,-0.531539,-1.187618,-0.039949,-0.412621,-1.325473,-0.039949,-0.187414,-1.457667,-0.039949,0.049096,-1.357385,-0.039949,0.176929,-1.100386,-0.039949,-0.299608,-1.788461,-0.039949,0.148910,-1.738171,-0.039949,0.381969,-1.531277,-0.039949,0.535487,-1.367438,-0.039949,-0.336634,-1.788164,-0.039949,0.333181,-1.561424,-0.039949,0.713204,-1.231441,-0.039949,0.941821,-1.063313,-0.039949,-0.296328,-1.704335,-0.039949,0.338852,-1.565428,-0.039949,0.373136,-1.390463,-0.039949,0.291071,-1.285388,-0.039949,-0.216269,-1.529894,-0.039949,0.372437,-1.434462,-0.039949,0.488847,-1.283157,-0.039949,0.468955,-1.210404,-0.039949,0.048812,-0.504482,1.019857,0.135723,-0.597728,1.019857,0.225861,-0.739690,1.019857,0.236323,-1.400093,1.019857,0.461481,-1.006451,1.019857,0.632118,-1.520792,1.019857,0.913649,-1.881650,1.019857,1.231245,-2.101259,1.019857,1.405743,-2.160698,1.019857,1.813554,-2.187658,1.019857,2.288783,-2.098204,1.019857,1.901707,-2.306323,1.019857,1.981996,-2.171214,1.019857,1.709052,-2.014753,1.019857,0.909492,-1.451878,1.019857,0.444235,-1.351509,1.019857,-0.004959,-1.669352,1.019857,-0.377657,-1.554185,1.019857,-0.529782,-1.813517,1.019857,-0.600488,-1.915251,1.019857,-0.638600,-2.026072,1.019857,-0.435506,-1.993927,1.019857,-0.390864,-2.140894,1.019857,-0.482227,-2.086110,1.019857,-0.406189,-2.135074,1.019857,-0.411940,-2.102448,1.019857,-0.407506,-1.942673,1.019857,-0.312628,-2.183435,1.019857,-0.134858,-0.134858,-0.134858,-0.174235,-2.469363,1.019857,-0.090858,-2.539015,1.019857,0.016004,-2.455463,1.019857,-0.134858,-0.134858,-0.134858,0.159605,-2.471479,1.019857,0.248463,-2.482707,1.019857,0.344536,-2.570647,1.019857,-0.134858,-0.134858,-0.134858,-0.134858,-0.134858,-0.134858,-0.134858,-0.134858,-0.134858,-0.134858,-0.134858,-0.134858,-0.134858,-0.134858,-0.134858,-0.337034,-1.706171,1.019857,-0.134858,-0.134858,-0.134858,-0.235154,-1.990701,1.019857,-0.206733,-2.063029,1.019857,-0.134858,-0.134858,-0.134858,-0.091721,-2.067232,1.019857,-0.134858,-0.134858,-0.134858,0.348895,-2.496754,1.019857,-0.134858,-0.134858,-0.134858,-0.134858,-0.134858,-0.134858,-0.134858,-0.134858,-0.134858,-0.134858,-0.134858,-0.134858,-0.134858,-0.134858,-0.134858,1.223345,-2.716156,1.019857,0.812136,-2.690563,1.019857,0.788692,-2.555673,1.019857,0.788692,-2.555673,1.019857,0.607946,-2.526144,1.019857,0.487336,-2.510793,1.019857,0.348895,-2.496754,1.019857,-0.134858,-0.134858,-0.134858,-0.134858,-0.134858,-0.134858,-0.134858,-0.134858,-0.134858,-0.134858,-0.134858,-0.134858,-0.134858,-0.134858,-0.134858,-0.134858,-0.134858,-0.134858,-0.134858,-0.134858,-0.134858,-0.394603,-1.713570,1.019857,-0.129331,-1.992025,1.019857
0.922133,-1.413169,1.560903,-0.455311,-0.435134,0.653665,-0.641626,-0.364470,0.421895,-1.170654,-0.224413,0.872404,-0.987078,-0.933541,0.280385,0.646371,-0.286977,0.445271,0.984594,-0.050408,-1.811579,1.197994,0.370840,-1.629255,-0.757186,-0.023328,0.408548,-0.828350,-0.237456,0.265888,-0.134858,-0.134858,-0.134858,-0.134858,-0.134858,-0.134858,-0.134858,-0.134858,-0.134858,-0.134858,-0.134858,-0.134858,-0.134858,-0.134858,-0.134858,0.562710,-0.505644,1.870310,0.611470,-1.598125,1.821169,0.566896,0.349281,1.598185,0.453082,-0.175882,1.604493,-0.134858,-0.134858,-0.134858,-0.134858,-0.134858,-0.134858,-0.134858,-0.134858,-0.134858,-0.134858,-0.134858,-0.134858,-0.134858,-0.134858,-0.134858,-0.134858,-0.134858,-0.134858,-0.229786,-0.229786,-0.229786,-0.229786,-0.229786,-0.229786,-0.229786,-0.229786,-0.229786,-0.229786,-0.229786,-0.229786,-0.229786,-0.229786,-0.229786,-0.229786,-0.229786,-0.229786,-0.229786,-0.229786,-0.229786,-0.229786,-0.229786,-0.229786,-0.229786,-0.229786,-0.229786,-0.229786,-0.229786,-0.229786,-0.229786,-0.229786,-0.229786,-0.229786,-0.229786,-0.229786,-0.229786,-0.229786,-0.229786,-0.229786,-0.229786,-0.229786,-0.229786,-0.229786,-0.229786,-0.229786,-0.229786,-0.229786,-0.229786,-0.229786,-0.229786,-0.229786,-0.229786,-0.229786,-0.229786,-0.229786,-0.229786,-0.229786,-0.229786,-0.229786,-0.229786,-0.229786,-0.229786,-0.485075,-0.980364,-0.039949,-0.459647,-1.179331,-0.039949,-0.503827,-1.485368,-0.039949,-0.539469,-1.805817,-0.039949,-0.550731,-2.111019,-0.039949,0.103242,-1.407695,-0.039949,-0.032088,-1.682589,-0.039949,-0.340410,-1.754738,-0.039949,-0.592701,-1.701403,-0.039949,-0.019471,-1.409967,-0.039949,-0.283545,-1.560859,-0.039949,-0.647514,-1.426906,-0.039949,-0.890745,-1.222272,-0.039949,-0.236586,-1.437101,-0.039949,-0.696495,-1.764293,-0.039949,-0.982195,-1.731642,-0.039949,-1.111096,-1.478997,-0.039949,-0.477893,-1.455968,-0.039949,-0.856855,-1.781872,-0.039949,-1.021684,-1.706174,-0.039949,-1.050653,-1.494199,-0.039949,-0.002611,-0.437090,1.019857,-0.020688,-0.520813,1.019857,-0.022309,-0.698160,1.019857,0.103369,-1.634963,1.019857,-0.017439,-1.239177,1.019857,0.068947,-2.006115,1.019857,0.239590,-2.474146,1.019857,0.306928,-2.710622,1.019857,0.218904,-2.737689,1.019857,-0.049679,-2.600814,1.019857,-0.312561,-2.276613,1.019857,-0.209759,-2.361502,1.019857,-0.473134,-1.835954,1.019857,-0.724561,-1.462463,1.019857,-1.212115,-0.479876,1.019857,-1.143775,-0.257822,1.019857,-0.794806,-0.654470,1.019857,0.230771,-1.445700,1.019857,0.241829,-1.660593,1.019857,0.213016,-1.749056,1.019857,0.192936,-1.832419,1.019857,0.192138,-1.691255,1.019857,0.208713,-1.911024,1.019857,0.176160,-1.912372,1.019857,0.111986,-1.827435,1.019857,0.004903,-1.727974,1.019857,-0.317834,-1.281000,1.019857,0.360420,-2.090283,1.019857,-0.134858,-0.134858,-0.134858,0.510629,-2.423933,1.019857,0.557751,-2.471752,1.019857,0.459243,-2.581520,1.019857,-0.134858,-0.134858,-0.134858,0.435822,-2.627581,1.019857,0.423755,-2.543105,1.019857,0.276665,-2.359749,1.019857,-0.134858,-0.134858,-0.134858,-0.134858,-0.134858,-0.134858,-0.134858,-0.134858,-0.134858,-0.134858,-0.134858,-0.134858,-0.134858,-0.134858,-0.134858,0.265216,-1.540032,1.019857,-0.134858,-0.134858,-0.134858,0.068079,-1.434763,1.019857,-0.034005,-1.403971,1.019857,-0.134858,-0.134858,-0.134858,-0.002162,-1.443879,1.019857,-0.134858,-0.134858,-0.134858,0.424471,-3.085767,1.019857,-0.134858,-0.134858,-0.134858,-0.134858,-0.134858,-0.134858,-0.134858,-0.134858,-0.134858,-0.134858,-0.134858,-0.134858,-0.134858,-0.134858,-0.134858,-0.015936,-2.709707,1.019857,0.057994,-3.037800,1.019857,0.264405,-3.068537,1.019857,0.264405,-3.068537,1.019857,0.446515,-3.088074,1.019857,0.433773,-3.060841,1.019857,0.424471,-3.085767,1.019857,-0.134858,-0.134858,-0.134858,-0.134858,-0.134858,-0.134858,-0.134858,-0.134858,-0.134858,-0.134858,-0.134858,-0.134858,-0.134858,-0.134858,-0.134858,-0.134858,-0.134858,-0.134858,-0.134858,-0.134858,-0.134858,0.241275,-1.479105,1.019857,0.095543,-1.365511,1.019857
0.922133,-1.413169,1.560903,-0.455311,-0.435134,0.653665,-0.641626,-0.364470,0.421895,-1.170654,-0.224413,0.872404,-0.987078,-0.933541,0.280385,0.646371,-0.286977,0.445271,0.984594,-0.050408,-1.811579,1.197994,0.370840,-1.629255,-0.757186,-0.023328,0.408548,-0.828350,-0.237456,0.265888,-0.134858,-0.134858,-0.134858,-0.134858,-0.134858,-0.134858,-0.134858,-0.134858,-0.134858,-0.134858,-0.134858,-0.134858,-0.134858,-0.134858,-0.134858,0.562710,-0.505644,1.870310,0.611470,-1.598125,1.821169,0.566896,0.349281,1.598185,0.453082,-0.175882,1.604493,-0.134858,-0.134858,-0.134858,-0.134858,-0.134858,-0.134858,-0.134858,-0.134858,-0.134858,-0.134858,-0.134858,-0.134858,-0.134858,-0.134858,-0.134858,-0.134858,-0.134858,-0.134858,-0.229786,-0.229786,-0.229786,-0.229786,-0.229786,-0.229786,-0.229786,-0.229786,-0.229786,-0.229786,-0.229786,-0.229786,-0.229786,-0.229786,-0.229786,-0.229786,-0.229786,-0.229786,-0.229786,-0.229786,-0.229786,-0.229786,-0.229786,-0.229786,-0.229786,-0.229786,-0.229786,-0.229786,-0.229786,-0.229786,-0.229786,-0.229786,-0.229786,-0.229786,-0.229786,-0.229786,-0.229786,-0.229786,-0.229786,-0.229786,-0.229786,-0.229786,-0.229786,-0.229786,-0.229786,-0.229786,-0.229786,-0.229786,-0.229786,-0.229786,-0.229786,-0.229786,-0.229786,-0.229786,-0.229786,-0.229786,-0.229786,-0.229786,-0.229786,-0.229786,-0.229786,-0.229786,-0.229786,-0.485075,-0.980364,-0.039949,-0.459647,-1.179331,-0.039949,-0.503827,-1.485368,-0.039949,-0.539469,-1.805817,-0.039949,-0.550731,-2.111019,-0.039949,0.103242,-1.407695,-0.039949,-0.032088,-1.682589,-0.039949,-0.340410,-1.754738,-0.039949,-0.592701,-1.701403,-0.039949,-0.019471,-1.409967,-0.039949,-0.283545,-1.560859,-0.039949,-0.647514,-1.426906,-0.039949,-0.890745,-1.222272,-0.039949,-0.236586,-1.437101,-0.039949,-0.696495,-1.764293,-0.039949,-0.982195,-1.731642,-0.039949,-1.111096,-1.478997,-0.039949,-0.477893,-1.455968,-0.039949,-0.856855,-1.781872,-0.039949,-1.021684,-1.706174,-0.039949,-1.050653,-1.494199,-0.039949,-0.002611,-0.437090,1.019857,-0.020688,-0.520813,1.019857,-0.022309,-0.698160,1.019857,0.103369,-1.634963,1.019857,-0.017439,-1.239177,1.019857,0.068947,-2.006115,1.019857,0.239590,-2.474146,1.019857,0.306928,-2.710622,1.019857,0.218904,-2.737689,1.019857,-0.049679,-2.600814,1.019857,-0.312561,-2.276613,1.019857,-0.209759,-2.361502,1.019857,-0.473134,-1.835954,1.019857,-0.724561,-1.462463,1.019857,-1.212115,-0.479876,1.019857,-1.143775,-0.257822,1.019857,-0.794806,-0.654470,1.019857,0.230771,-1.445700,1.019857,0.241829,-1.660593,1.019857,0.213016,-1.749056,1.019857,0.192936,-1.832419,1.019857,0.192138,-1.691255,1.019857,0.208713,-1.911024,1.019857,0.176160,-1.912372,1.019857,0.111986,-1.827435,1.019857,0.004903,-1.727974,1.019857,-0.317834,-1.281000,1.019857,0.360420,-2.090283,1.019857,-0.134858,-0.134858,-0.134858,0.510629,-2.423933,1.019857,0.557751,-2.471752,1.019857,0.459243,-2.581520,1.019857,-0.134858,-0.134858,-0.134858,0.435822,-2.627581,1.019857,0.423755,-2.543105,1.019857,0.276665,-2.359749,1.019857,-0.134858,-0.134858,-0.134858,-0.134858,-0.134858,-0.134858,-0.134858,-0.134858,-0.134858,-0.134858,-0.134858,-0.134858,-0.134858,-0.134858,-0.134858,0.265216,-1.540032,1.019857,-0.134858,-0.134858,-0.134858,0.068079,-1.434763,1.019857,-0.034005,-1.403971,1.019857,-0.134858,-0.134858,-0.134858,-0.002162,-1.443879,1.019857,-0.134858,-0.134858,-0.134858,0.424471,-3.085767,1.019857,-0.134858,-0.134858,-0.134858,-0.134858,-0.134858,-0.134858,-0.134858,-0.134858,-0.134858,-0.134858,-0.134858,-0.134858,-0.134858,-0.134858,-0.134858,-0.015936,-2.709707,1.019857,0.057994,-3.037800,1.019857,0.264405,-3.068537,1.019857,0.264405,-3.068537,1.019857,0.446515,-3.088074,1.019857,0.433773,-3.060841,1.019857,0.424471,-3.085767,1.019857,-0.134858,-0.134858,-0.134858,-0.134858,-0.134858,-0.134858,-0.134858,-0.134858,-0.134858,-0.134858,-0.134858,-0.134858,-0.134858,-0.134858,-0.134858,-0.134858,-0.134858,-0.134858,-0.134858,-0.134858,-0.134858,0.241275,-1.479105,1.019857,0.095543,-1.365511,1.019857
0.820881,-1.384748,1.267374,-0.280386,-0.344463,0.675450,-0.625851,-0.339614,0.446546,-1.015785,-0.171402,0.687349,-1.563974,-0.409961,0.360208,1.308138,-0.112876,0.468427,1.393329,0.313902,-1.597572,1.171754,0.425286,-1.437957,-1.078757,-0.014932,0.260469,-1.154897,-0.208339,0.146320,-0.134858,-0.134858,-0.134858,-0.134858,-0.134858,-0.134858,-0.134858,-0.134858,-0.134858,-0.134858,-0.134858,-0.134858,-0.134858,-0.134858,-0.134858,0.467520,-0.756492,1.397170,0.589968,-1.549002,1.370079,0.423836,0.076058,1.246490,0.469404,-0.176622,1.239502,-0.134858,-0.134858,-0.134858,-0.134858,-0.134858,-0.134858,-0.134858,-0.134858,-0.134858,-0.134858,-0.134858,-0.134858,-0.134858,-0.134858,-0.134858,-0.134858,-0.134858,-0.134858,-0.229786,-0.229786,-0.229786,-0.229786,-0.229786,-0.229786,-0.229786,-0.229786,-0.229786,-0.229786,-0.229786,-0.229786,-0.229786,-0.229786,-0.229786,-0.229786,-0.229786,-0.229786,-0.229786,-0.229786,-0.229786,-0.229786,-0.229786,-0.229786,-0.229786,-0.229786,-0.229786,-0.229786,-0.229786,-0.229786,-0.229786,-0.229786,-0.229786,-0.229786,-0.229786,-0.229786,-0.229786,-0.229786,-0.229786,-0.229786,-0.229786,-0.229786,-0.229786,-0.229786,-0.229786,-0.229786,-0.229786,-0.229786,-0.229786,-0.229786,-0.229786,-0.229786,-0.229786,-0.229786,-0.229786,-0.229786,-0.229786,-0.229786,-0.229786,-0.229786,-0.229786,-0.229786,-0.229786,-8.052460,-5.707360,-14.279229,-8.185079,-5.454657,-14.279229,-7.781561,-5.762778,-14.279229,-7.136394,-6.101817,-14.279229,-6.503295,-6.249989,-14.279229,-8.031990,-5.972542,-14.279229,-7.778159,-6.154458,-14.279229,-7.514849,-5.526911,-14.279229,-7.286015,-4.928242,-14.279229,-7.846401,-6.696960,-14.279229,-7.282477,-6.766426,-14.279229,-6.834277,-5.604195,-14.279229,-6.441351,-4.817505,-14.279229,-7.337947,-7.475346,-14.279229,-6.973291,-8.502501,-14.279229,-6.932790,-8.261132,-14.279229,-6.802843,-7.594621,-14.279229,-6.737641,-8.213425,-14.279229,-6.743366,-9.097116,-14.279229,-7.061094,-8.773606,-14.279229,-7.258609,-8.168962,-14.279229,0.167777,-1.014513,1.019857,0.184874,-0.970750,1.019857,0.237334,-0.910346,1.019857,0.526328,-0.777002,1.019857,0.431558,-0.787079,1.019857,0.727039,-0.728308,1.019857,0.844660,-0.688487,1.019857,0.885803,-0.668258,1.019857,0.934632,-0.659645,1.019857,1.015047,-0.645493,1.019857,1.068846,-0.634626,1.019857,1.067798,-0.552344,1.019857,1.046068,-0.589868,1.019857,1.051819,-0.645911,1.019857,1.095474,-0.765913,1.019857,1.020792,-0.817030,1.019857,0.867743,-0.771629,1.019857,0.456560,-0.755899,1.019857,0.560834,-0.702777,1.019857,0.590159,-0.715439,1.019857,0.609417,-0.761457,1.019857,0.651275,-0.868446,1.019857,0.507170,-0.783451,1.019857,0.475221,-0.760774,1.019857,0.436989,-0.720982,1.019857,0.438390,-0.662518,1.019857,0.561282,-0.617995,1.019857,0.676727,-0.711886,1.019857,-0.134858,-0.134858,-0.134858,0.698791,-0.455803,1.019857,0.710514,-0.388538,1.019857,0.788132,-0.448038,1.019857,-0.134858,-0.134858,-0.134858,0.800152,-0.381161,1.019857,0.769574,-0.368265,1.019857,0.633790,-0.378609,1.019857,-0.134858,-0.134858,-0.134858,-0.134858,-0.134858,-0.134858,-0.134858,-0.134858,-0.134858,-0.134858,-0.134858,-0.134858,-0.134858,-0.134858,-0.134858,0.586945,-0.914106,1.019857,-0.134858,-0.134858,-0.134858,0.580390,-0.885682,1.019857,0.580379,-0.872039,1.019857,-0.134858,-0.134858,-0.134858,0.639331,-0.749283,1.019857,-0.134858,-0.134858,-0.134858,0.896029,-0.491772,1.019857,-0.134858,-0.134858,-0.134858,-0.134858,-0.134858,-0.134858,-0.134858,-0.134858,-0.134858,-0.134858,-0.134858,-0.134858,-0.134858,-0.134858,-0.134858,0.985728,-0.376129,1.019857,0.909945,-0.350039,1.019857,0.885130,-0.419095,1.019857,0.885130,-0.419095,1.019857,0.898699,-0.438939,1.019857,0.898118,-0.456743,1.019857,0.896029,-0.491772,1.019857,-0.134858,-0.134858,-0.134858,-0.134858,-0.134858,-0.134858,-0.134858,-0.134858,-0.134858,-0.134858,-0.134858,-0.134858,-0.134858,-0.134858,-0.134858,-0.134858,-0.134858,-0.134858,-0.134858,-0.134858,-0.134858,0.631860,-0.979075,1.019857,0.597529,-0.803210,1.019857
0.805364,-1.149909,1.124416,-0.886245,-0.367504,0.718877,-1.269196,-0.387889,0.534755,-1.319942,0.088419,0.560436,-2.019540,-0.038512,0.456605,1.472135,-0.036215,0.514589,1.619841,0.344245,-1.350109,1.152548,0.422032,-1.095982,-1.506688,0.594100,0.129933,-1.648115,0.426521,0.050522,-0.134858,-0.134858,-0.134858,-0.134858,-0.134858,-0.134858,-0.134858,-0.134858,-0.134858,-0.134858,-0.134858,-0.134858,-0.134858,-0.134858,-0.134858,0.484667,-0.909881,1.155037,0.638250,-1.269119,1.054193,0.418074,-0.092015,1.154497,0.525713,-0.131180,0.987272,-0.134858,-0.134858,-0.134858,-0.134858,-0.134858,-0.134858,-0.134858,-0.134858,-0.134858,-0.134858,-0.134858,-0.134858,-0.134858,-0.134858,-0.134858,-0.134858,-0.134858,-0.134858,-0.229786,-0.229786,-0.229786,-0.229786,-0.229786,-0.229786,-0.229786,-0.229786,-0.229786,-0.229786,-0.229786,-0.229786,-0.229786,-0.229786,-0.229786,-0.229786,-0.229786,-0.229786,-0.229786,-0.229786,-0.229786,-0.229786,-0.229786,-0.229786,-0.229786,-0.229786,-0.229786,-0.229786,-0.229786,-0.229786,-0.229786,-0.229786,-0.229786,-0.229786,-0.229786,-0.229786,-0.229786,-0.229786,-0.229786,-0.229786,-0.229786,-0.229786,-0.229786,-0.229786,-0.229786,-0.229786,-0.229786,-0.229786,-0.229786,-0.229786,-0.229786,-0.229786,-0.229786,-0.229786,-0.229786,-0.229786,-0.229786,-0.229786,-0.229786,-0.229786,-0.229786,-0.229786,-0.229786,-1.626445,-0.106550,-0.039949,-1.674734,-0.184477,-0.039949,-1.762015,-0.308888,-0.039949,-1.733905,-0.363287,-0.039949,-1.714746,-0.457062,-0.039949,-1.683703,-0.885880,-0.039949,-1.873865,-1.348881,-0.039949,-1.998195,-1.484982,-0.039949,-2.104201,-1.550966,-0.039949,-1.708762,-0.974588,-0.039949,-1.617379,-1.442647,-0.039949,-1.560838,-1.524062,-0.039949,-1.534420,-1.541611,-0.039949,-1.695072,-0.959673,-0.039949,-1.655512,-1.140883,-0.039949,-1.667667,-0.831252,-0.039949,-1.675014,-0.548056,-0.039949,-1.667452,-0.840143,-0.039949,-1.604116,-0.877517,-0.039949,-1.616831,-0.604921,-0.039949,-1.621927,-0.371916,-0.039949,0.750037,-1.021300,1.019857,0.651758,-0.939577,1.019857,0.575541,-0.838736,1.019857,0.548925,-0.560435,1.019857,0.431558,-0.618108,1.019857,0.470132,-0.363631,1.019857,0.559972,-0.158774,1.019857,0.610860,-0.029858,1.019857,0.650089,0.019037,1.019857,0.689866,0.067047,1.019857,0.728200,0.079002,1.019857,0.895203,0.135856,1.019857,1.083657,0.165886,1.019857,1.190462,0.154241,1.019857,1.340929,0.084699,1.019857,1.413090,0.055007,1.019857,1.500342,0.130803,1.019857,1.062600,-0.814000,1.019857,1.165696,-0.669889,1.019857,1.223459,-0.576900,1.019857,1.268658,-0.452475,1.019857,1.236694,-0.346338,1.019857,1.370001,-0.085702,1.019857,1.398803,-0.085468,1.019857,1.422426,0.013579,1.019857,1.466778,0.057113,1.019857,1.562081,0.081194,1.019857,1.253801,-0.165716,1.019857,-0.134858,-0.134858,-0.134858,1.215789,0.028048,1.019857,1.179216,0.086102,1.019857,1.192118,-0.053278,1.019857,-0.134858,-0.134858,-0.134858,1.154135,0.013928,1.019857,1.125976,0.063113,1.019857,0.996695,0.105538,1.019857,-0.134858,-0.134858,-0.134858,-0.134858,-0.134858,-0.134858,-0.134858,-0.134858,-0.134858,-0.134858,-0.134858,-0.134858,-0.134858,-0.134858,-0.134858,1.034164,-0.636981,1.019857,-0.134858,-0.134858,-0.134858,1.366992,-0.091061,1.019857,1.413713,-0.000510,1.019857,-0.134858,-0.134858,-0.134858,1.391436,0.020148,1.019857,-0.134858,-0.134858,-0.134858,0.893739,-0.173587,1.019857,-0.134858,-0.134858,-0.134858,-0.134858,-0.134858,-0.134858,-0.134858,-0.134858,-0.134858,-0.134858,-0.134858,-0.134858,-0.134858,-0.134858,-0.134858,0.991869,0.022591,1.019857,0.980295,-0.001016,1.019857,0.931530,0.006155,1.019857,0.931530,0.006155,1.019857,0.888957,-0.053085,1.019857,0.878248,-0.093406,1.019857,0.893739,-0.173587,1.019857,-0.134858,-0.134858,-0.134858,-0.134858,-0.134858,-0.134858,-0.134858,-0.134858,-0.134858,-0.134858,-0.134858,-0.134858,-0.134858,-0.134858,-0.134858,-0.134858,-0.134858,-0.134858,-0.134858,-0.134858,-0.134858,1.084951,-0.659996,1.019857,1.361210,-0.058620,1.019857
0.805364,-1.149909,1.124416,-0.886245,-0.367504,0.718877,-1.269196,-0.387889,0.534755,-1.319942,0.088419,0.560436,-2.019540,-0.038512,0.456605,1.472135,-0.036215,0.514589,1.619841,0.344245,-1.350109,1.152548,0.422032,-1.095982,-1.506688,0.594100,0.129933,-1.648115,0.426521,0.050522,-0.134858,-0.134858,-0.134858,-0.134858,-0.134858,-0.134858,-0.134858,-0.134858,-0.134858,-0.134858,-0.134858,-0.134858,-0.134858,-0.134858,-0.134858,0.484667,-0.909881,1.155037,0.638250,-1.269119,1.054193,0.418074,-0.092015,1.154497,0.525713,-0.131180,0.987272,-0.134858,-0.134858,-0.134858,-0.134858,-0.134858,-0.134858,-0.134858,-0.134858,-0.134858,-0.134858,-0.134858,-0.134858,-0.134858,-0.134858,-0.134858,-0.134858,-0.134858,-0.134858,-0.229786,-0.229786,-0.229786,-0.229786,-0.229786,-0.229786,-0.229786,-0.229786,-0.229786,-0.229786,-0.229786,-0.229786,-0.229786,-0.229786,-0.229786,-0.229786,-0.229786,-0.229786,-0.229786,-0.229786,-0.229786,-0.229786,-0.229786,-0.229786,-0.229786,-0.229786,-0.229786,-0.229786,-0.229786,-0.229786,-0.229786,-0.229786,-0.229786,-0.229786,-0.229786,-0.229786,-0.229786,-0.229786,-0.229786,-0.229786,-0.229786,-0.229786,-0.229786,-0.229786,-0.229786,-0.229786,-0.229786,-0.229786,-0.229786,-0.229786,-0.229786,-0.229786,-0.229786,-0.229786,-0.229786,-0.229786,-0.229786,-0.229786,-0.229786,-0.229786,-0.229786,-0.229786,-0.229786,-1.626445,-0.106550,-0.039949,-1.674734,-0.184477,-0.039949,-1.762015,-0.308888,-0.039949,-1.733905,-0.363287,-0.039949,-1.714746,-0.457062,-0.039949,-1.683703,-0.885880,-0.039949,-1.873865,-1.348881,-0.039949,-1.998195,-1.484982,-0.039949,-2.104201,-1.550966,-0.039949,-1.708762,-0.974588,-0.039949,-1.617379,-1.442647,-0.039949,-1.560838,-1.524062,-0.039949,-1.534420,-1.541611,-0.039949,-1.695072,-0.959673,-0.039949,-1.655512,-1.140883,-0.039949,-1.667667,-0.831252,-0.039949,-1.675014,-0.548056,-0.039949,-1.667452,-0.840143,-0.039949,-1.604116,-0.877517,-0.039949,-1.616831,-0.604921,-0.039949,-1.621927,-0.371916,-0.039949,0.750037,-1.021300,1.019857,0.651758,-0.939577,1.019857,0.575541,-0.838736,1.019857,0.548925,-0.560435,1.019857,0.431558,-0.618108,1.019857,0.470132,-0.363631,1.019857,0.559972,-0.158774,1.019857,0.610860,-0.029858,1.019857,0.650089,0.019037,1.019857,0.689866,0.067047,1.019857,0.728200,0.079002,1.019857,0.895203,0.135856,1.019857,1.083657,0.165886,1.019857,1.190462,0.154241,1.019857,1.340929,0.084699,1.019857,1.413090,0.055007,1.019857,1.500342,0.130803,1.019857,1.062600,-0.814000,1.019857,1.165696,-0.669889,1.019857,1.223459,-0.576900,1.019857,1.268658,-0.452475,1.019857,1.236694,-0.346338,1.019857,1.370001,-0.085702,1.019857,1.398803,-0.085468,1.019857,1.422426,0.013579,1.019857,1.466778,0.057113,1.019857,1.562081,0.081194,1.019857,1.253801,-0.165716,1.019857,-0.134858,-0.134858,-0.134858,1.215789,0.028048,1.019857,1.179216,0.086102,1.019857,1.192118,-0.053278,1.019857,-0.134858,-0.134858,-0.134858,1.154135,0.013928,1.019857,1.125976,0.063113,1.019857,0.996695,0.105538,1.019857,-0.134858,-0.134858,-0.134858,-0.134858,-0.134858,-0.134858,-0.134858,-0.134858,-0.134858,-0.134858,-0.134858,-0.134858,-0.134858,-0.134858,-0.134858,1.034164,-0.636981,1.019857,-0.134858,-0.134858,-0.134858,1.366992,-0.091061,1.019857,1.413713,-0.000510,1.019857,-0.134858,-0.134858,-0.134858,1.391436,0.020148,1.019857,-0.134858,-0.134858,-0.134858,0.893739,-0.173587,1.019857,-0.134858,-0.134858,-0.134858,-0.134858,-0.134858,-0.134858,-0.134858,-0.134858,-0.134858,-0.134858,-0.134858,-0.134858,-0.134858,-0.134858,-0.134858,0.991869,0.022591,1.019857,0.980295,-0.001016,1.019857,0.931530,0.006155,1.019857,0.931530,0.006155,1.019857,0.888957,-0.053085,1.019857,0.878248,-0.093406,1.019857,0.893739,-0.173587,1.019857,-0.134858,-0.134858,-0.134858,-0.134858,-0.134858,-0.134858,-0.134858,-0.134858,-0.134858,-0.134858,-0.134858,-0.134858,-0.134858,-0.134858,-0.134858,-0.134858,-0.134858,-0.134858,-0.134858,-0.134858,-0.134858,1.084951,-0.659996,1.019857,1.361210,-0.058620,1.019857
0.791151,-0.822181,0.804565,-1.046731,-0.410271,0.705350,-1.432654,-0.478008,0.553369,-1.270572,0.069310,0.400645,-2.358162,0.239405,0.536453,1.486556,0.107573,0.500211,1.604187,0.391621,-1.172657,1.140428,0.495095,-0.827374,-1.523160,0.868028,0.056970,-1.614483,0.781558,-0.014125,-0.134858,-0.134858,-0.134858,-0.134858,-0.134858,-0.134858,-0.134858,-0.134858,-0.134858,-0.134858,-0.134858,-0.134858,-0.134858,-0.134858,-0.134858,0.543596,-0.916465,0.575742,0.756875,-0.946780,0.482702,0.592334,-0.183278,0.777805,0.780633,-0.121644,0.543420,-0.134858,-0.134858,-0.134858,-0.134858,-0.134858,-0.134858,-0.134858,-0.134858,-0.134858,-0.134858,-0.134858,-0.134858,-0.134858,-0.134858,-0.134858,-0.134858,-0.134858,-0.134858,-0.229786,-0.229786,-0.229786,-0.229786,-0.229786,-0.229786,-0.229786,-0.229786,-0.229786,-0.229786,-0.229786,-0.229786,-0.229786,-0.229786,-0.229786,-0.229786,-0.229786,-0.229786,-0.229786,-0.229786,-0.229786,-0.229786,-0.229786,-0.229786,-0.229786,-0.229786,-0.229786,-0.229786,-0.229786,-0.229786,-0.229786,-0.229786,-0.229786,-0.229786,-0.229786,-0.229786,-0.229786,-0.229786,-0.229786,-0.229786,-0.229786,-0.229786,-0.229786,-0.229786,-0.229786,-0.229786,-0.229786,-0.229786,-0.229786,-0.229786,-0.229786,-0.229786,-0.229786,-0.229786,-0.229786,-0.229786,-0.229786,-0.229786,-0.229786,-0.229786,-0.229786,-0.229786,-0.229786,-1.815511,0.180623,-0.039949,-1.582918,0.291983,-0.039949,-1.577527,0.201102,-0.039949,-1.862506,0.074946,-0.039949,-2.074149,0.012365,-0.039949,-1.796373,-0.366459,-0.039949,-1.870836,-0.850360,-0.039949,-1.873400,-1.107070,-0.039949,-1.877511,-1.266759,-0.039949,-2.108103,-0.592841,-0.039949,-2.142933,-1.154558,-0.039949,-2.102289,-1.362810,-0.039949,-2.071876,-1.475231,-0.039949,-2.239432,-0.715628,-0.039949,-2.234708,-0.672248,-0.039949,-2.133683,-0.123534,-0.039949,-2.037645,0.181099,-0.039949,-2.258568,-0.742210,-0.039949,-2.232962,-0.661300,-0.039949,-2.188105,-0.187248,-0.039949,-2.144269,0.080788,-0.039949,1.281421,-0.725524,1.019857,1.252834,-0.649283,1.019857,1.234094,-0.558922,1.019857,1.174741,-0.344488,1.019857,1.162406,-0.391673,1.019857,1.098676,-0.177363,1.019857,1.043736,0.015840,1.019857,0.931308,0.138333,1.019857,0.874769,0.201732,1.019857,0.837487,0.325759,1.019857,0.871667,0.431160,1.019857,1.003393,0.493874,1.019857,1.268621,0.632304,1.019857,1.412253,0.682470,1.019857,1.611365,0.664661,1.019857,1.688720,0.642889,1.019857,1.745691,0.680169,1.019857,1.446149,-0.380742,1.019857,1.510698,-0.215014,1.019857,1.543965,-0.128096,1.019857,1.561468,-0.037368,1.019857,1.514562,0.032845,1.019857,1.581957,0.260845,1.019857,1.605593,0.234293,1.019857,1.632160,0.361468,1.019857,1.681310,0.421998,1.019857,1.787306,0.543847,1.019857,1.481871,0.161865,1.019857,-0.134858,-0.134858,-0.134858,1.408754,0.296357,1.019857,1.358999,0.329429,1.019857,1.368286,0.153350,1.019857,-0.134858,-0.134858,-0.134858,1.281682,0.231100,1.019857,1.263791,0.304667,1.019857,1.238363,0.412520,1.019857,-0.134858,-0.134858,-0.134858,-0.134858,-0.134858,-0.134858,-0.134858,-0.134858,-0.134858,-0.134858,-0.134858,-0.134858,-0.134858,-0.134858,-0.134858,1.408770,-0.294002,1.019857,-0.134858,-0.134858,-0.134858,1.571603,0.313724,1.019857,1.617879,0.354342,1.019857,-0.134858,-0.134858,-0.134858,1.601566,0.517163,1.019857,-0.134858,-0.134858,-0.134858,1.035023,0.012905,1.019857,-0.134858,-0.134858,-0.134858,-0.134858,-0.134858,-0.134858,-0.134858,-0.134858,-0.134858,-0.134858,-0.134858,-0.134858,-0.134858,-0.134858,-0.134858,1.000618,0.381447,1.019857,1.006298,0.317044,1.019857,1.014015,0.262337,1.019857,1.014015,0.262337,1.019857,1.008964,0.166444,1.019857,1.012571,0.100481,1.019857,1.035023,0.012905,1.019857,-0.134858,-0.134858,-0.134858,-0.134858,-0.134858,-0.134858,-0.134858,-0.134858,-0.134858,-0.134858,-0.134858,-0.134858,-0.134858,-0.134858,-0.134858,-0.134858,-0.134858,-0.134858,-0.134858,-0.134858,-0.134858,1.424206,-0.271676,1.019857,1.584415,0.476187,1.019857
0.791151,-0.822181,0.804565,-1.046731,-0.410271,0.705350,-1.432654,-0.478008,0.553369,-1.270572,0.069310,0.400645,-2.358162,0.239405,0.536453,1.486556,0.107573,0.500211,1.604187,0.391621,-1.172657,1.140428,0.495095,-0.827374,-1.523160,0.868028,0.056970,-1.614483,0.781558,-0.014125,-0.134858,-0.134858,-0.134858,-0.134858,-0.134858,-0.134858,-0.134858,-0.134858,-0.134858,-0.134858,-0.134858,-0.134858,-0.134858,-0.134858,-0.134858,0.543596,-0.916465,0.575742,0.756875,-0.946780,0.482702,0.592334,-0.183278,0.777805,0.780633,-0.121644,0.543420,-0.134858,-0.134858,-0.134858,-0.134858,-0.134858,-0.134858,-0.134858,-0.134858,-0.134858,-0.134858,-0.134858,-0.134858,-0.134858,-0.134858,-0.134858,-0.134858,-0.134858,-0.134858,-0.229786,-0.229786,-0.229786,-0.229786,-0.229786,-0.229786,-0.229786,-0.229786,-0.229786,-0.229786,-0.229786,-0.229786,-0.229786,-0.229786,-0.229786,-0.229786,-0.229786,-0.229786,-0.229786,-0.229786,-0.229786,-0.229786,-0.229786,-0.229786,-0.229786,-0.229786,-0.229786,-0.229786,-0.229786,-0.229786,-0.229786,-0.229786,-0.229786,-0.229786,-0.229786,-0.229786,-0.229786,-0.229786,-0.229786,-0.229786,-0.229786,-0.229786,-0.229786,-0.229786,-0.229786,-0.229786,-0.229786,-0.229786,-0.229786,-0.229786,-0.229786,-0.229786,-0.229786,-0.229786,-0.229786,-0.229786,-0.229786,-0.229786,-0.229786,-0.229786,-0.229786,-0.229786,-0.229786,-1.815511,0.180623,-0.039949,-1.582918,0.291983,-0.039949,-1.577527,0.201102,-0.039949,-1.862506,0.074946,-0.039949,-2.074149,0.012365,-0.039949,-1.796373,-0.366459,-0.039949,-1.870836,-0.850360,-0.039949,-1.873400,-1.107070,-0.039949,-1.877511,-1.266759,-0.039949,-2.108103,-0.592841,-0.039949,-2.142933,-1.154558,-0.039949,-2.102289,-1.362810,-0.039949,-2.071876,-1.475231,-0.039949,-2.239432,-0.715628,-0.039949,-2.234708,-0.672248,-0.039949,-2.133683,-0.123534,-0.039949,-2.037645,0.181099,-0.039949,-2.258568,-0.742210,-0.039949,-2.232962,-0.661300,-0.039949,-2.188105,-0.187248,-0.039949,-2.144269,0.080788,-0.039949,1.281421,-0.725524,1.019857,1.252834,-0.649283,1.019857,1.234094,-0.558922,1.019857,1.174741,-0.344488,1.019857,1.162406,-0.391673,1.019857,1.098676,-0.177363,1.019857,1.043736,0.015840,1.019857,0.931308,0.138333,1.019857,0.874769,0.201732,1.019857,0.837487,0.325759,1.019857,0.871667,0.431160,1.019857,1.003393,0.493874,1.019857,1.268621,0.632304,1.019857,1.412253,0.682470,1.019857,1.611365,0.664661,1.019857,1.688720,0.642889,1.019857,1.745691,0.680169,1.019857,1.446149,-0.380742,1.019857,1.510698,-0.215014,1.019857,1.543965,-0.128096,1.019857,1.561468,-0.037368,1.019857,1.514562,0.032845,1.019857,1.581957,0.260845,1.019857,1.605593,0.234293,1.019857,1.632160,0.361468,1.019857,1.681310,0.421998,1.019857,1.787306,0.543847,1.019857,1.481871,0.161865,1.019857,-0.134858,-0.134858,-0.134858,1.408754,0.296357,1.019857,1.358999,0.329429,1.019857,1.368286,0.153350,1.019857,-0.134858,-0.134858,-0.134858,1.281682,0.231100,1.019857,1.263791,0.304667,1.019857,1.238363,0.412520,1.019857,-0.134858,-0.134858,-0.134858,-0.134858,-0.134858,-0.134858,-0.134858,-0.134858,-0.134858,-0.134858,-0.134858,-0.134858,-0.134858,-0.134858,-0.134858,1.408770,-0.294002,1.019857,-0.134858,-0.134858,-0.134858,1.571603,0.313724,1.019857,1.617879,0.354342,1.019857,-0.134858,-0.134858,-0.134858,1.601566,0.517163,1.019857,-0.134858,-0.134858,-0.134858,1.035023,0.012905,1.019857,-0.134858,-0.134858,-0.134858,-0.134858,-0.134858,-0.134858,-0.134858,-0.134858,-0.134858,-0.134858,-0.134858,-0.134858,-0.134858,-0.134858,-0.134858,1.000618,0.381447,1.019857,1.006298,0.317044,1.019857,1.014015,0.262337,1.019857,1.014015,0.262337,1.019857,1.008964,0.166444,1.019857,1.012571,0.100481,1.019857,1.035023,0.012905,1.019857,-0.134858,-0.134858,-0.134858,-0.134858,-0.134858,-0.134858,-0.134858,-0.134858,-0.134858,-0.134858,-0.134858,-0.134858,-0.134858,-0.134858,-0.134858,-0.134858,-0.134858,-0.134858,-0.134858,-0.134858,-0.134858,1.424206,-0.271676,1.019857,1.584415,0.476187,1.019857
0.822036,-0.546079,0.830241,-1.223598,-0.091848,0.750628,-1.670853,-0.336199,0.619945,-1.265279,0.866930,0.259047,-2.378012,0.412639,0.607961,1.744620,0.561833,0.548341,1.753004,0.965513,-1.034243,1.136531,0.695766,-0.653322,-1.604506,1.571537,-0.079180,-1.752842,1.527649,-0.109805,-0.134858,-0.134858,-0.134858,-0.134858,-0.134858,-0.134858,-0.134858,-0.134858,-0.134858,-0.134858,-0.134858,-0.134858,-0.134858,-0.134858,-0.134858,0.555445,-0.919142,0.597997,0.876574,-0.689981,0.464468,0.630926,-0.264930,0.820677,0.952294,-0.092179,0.522468,-0.134858,-0.134858,-0.134858,-0.134858,-0.134858,-0.134858,-0.134858,-0.134858,-0.134858,-0.134858,-0.134858,-0.134858,-0.134858,-0.134858,-0.134858,-0.134858,-0.134858,-0.134858,-0.229786,-0.229786,-0.229786,-0.229786,-0.229786,-0.229786,-0.229786,-0.229786,-0.229786,-0.229786,-0.229786,-0.229786,-0.229786,-0.229786,-0.229786,-0.229786,-0.229786,-0.229786,-0.229786,-0.229786,-0.229786,-0.229786,-0.229786,-0.229786,-0.229786,-0.229786,-0.229786,-0.229786,-0.229786,-0.229786,-0.229786,-0.229786,-0.229786,-0.229786,-0.229786,-0.229786,-0.229786,-0.229786,-0.229786,-0.229786,-0.229786,-0.229786,-0.229786,-0.229786,-0.229786,-0.229786,-0.229786,-0.229786,-0.229786,-0.229786,-0.229786,-0.229786,-0.229786,-0.229786,-0.229786,-0.229786,-0.229786,-0.229786,-0.229786,-0.229786,-0.229786,-0.229786,-0.229786,-1.973305,0.394743,-0.039949,-1.765001,0.492533,-0.039949,-1.802289,0.427714,-0.039949,-2.019061,0.386756,-0.039949,-2.217412,0.396761,-0.039949,-1.957689,-0.179409,-0.039949,-2.018066,-0.615540,-0.039949,-2.023941,-0.916058,-0.039949,-2.024318,-1.095512,-0.039949,-2.281639,-0.371601,-0.039949,-2.340453,-0.856578,-0.039949,-2.296344,-1.156634,-0.039949,-2.250782,-1.306596,-0.039949,-2.433910,-0.434234,-0.039949,-2.448085,-0.342313,-0.039949,-2.290840,0.198727,-0.039949,-2.149185,0.540602,-0.039949,-2.470032,-0.385295,-0.039949,-2.454204,-0.224917,-0.039949,-2.364313,0.238812,-0.039949,-2.268039,0.538440,-0.039949,1.079070,-0.612879,1.019857,1.023224,-0.578423,1.019857,0.982219,-0.531383,1.019857,0.958606,-0.359682,1.019857,0.909977,-0.441407,1.019857,0.894396,-0.177954,1.019857,0.889383,0.127904,1.019857,0.881776,0.336549,1.019857,0.889796,0.421427,1.019857,0.937755,0.504657,1.019857,0.904224,0.529645,1.019857,1.096437,0.616938,1.019857,1.246692,0.683291,1.019857,1.307645,0.711289,1.019857,1.280856,0.697704,1.019857,1.371011,0.727821,1.019857,1.603131,0.822927,1.019857,1.277725,-0.239110,1.019857,1.370460,-0.051540,1.019857,1.445311,0.065610,1.019857,1.516952,0.190044,1.019857,1.487550,0.272712,1.019857,1.766512,0.478438,1.019857,1.783037,0.460964,1.019857,1.855160,0.547777,1.019857,1.907598,0.565681,1.019857,1.916498,0.646810,1.019857,1.586319,0.365096,1.019857,-0.134858,-0.134858,-0.134858,1.577710,0.422449,1.019857,1.527734,0.432690,1.019857,1.284386,0.221339,1.019857,-0.134858,-0.134858,-0.134858,1.279282,0.323097,1.019857,1.326635,0.412400,1.019857,1.473382,0.551977,1.019857,-0.134858,-0.134858,-0.134858,-0.134858,-0.134858,-0.134858,-0.134858,-0.134858,-0.134858,-0.134858,-0.134858,-0.134858,-0.134858,-0.134858,-0.134858,1.276233,-0.088684,1.019857,-0.134858,-0.134858,-0.134858,1.770541,0.567699,1.019857,1.819983,0.614778,1.019857,-0.134858,-0.134858,-0.134858,1.801356,0.712565,1.019857,-0.134858,-0.134858,-0.134858,0.824580,0.104983,1.019857,-0.134858,-0.134858,-0.134858,-0.134858,-0.134858,-0.134858,-0.134858,-0.134858,-0.134858,-0.134858,-0.134858,-0.134858,-0.134858,-0.134858,-0.134858,1.143281,0.599766,1.019857,1.111013,0.542988,1.019857,1.018661,0.484780,1.019857,1.018661,0.484780,1.019857,0.894112,0.333751,1.019857,0.852964,0.230874,1.019857,0.824580,0.104983,1.019857,-0.134858,-0.134858,-0.134858,-0.134858,-0.134858,-0.134858,-0.134858,-0.134858,-0.134858,-0.134858,-0.134858,-0.134858,-0.134858,-0.134858,-0.134858,-0.134858,-0.134858,-0.134858,-0.134858,-0.134858,-0.134858,1.324336,-0.040666,1.019857,1.797091,0.676212,1.019857
0.755226,-0.427254,0.992295,-1.224838,-0.061559,0.820112,-1.669448,-0.319975,0.705470,-1.237124,0.766448,0.168087,-2.261770,0.469829,0.671603,1.733630,0.597174,0.622200,1.621213,1.006325,-0.795978,1.015919,0.709810,-0.446758,-1.460492,1.404320,-0.175553,-1.584091,1.375024,-0.183578,-0.134858,-0.134858,-0.134858,-0.134858,-0.134858,-0.134858,-0.134858,-0.134858,-0.134858,-0.134858,-0.134858,-0.134858,-0.134858,-0.134858,-0.134858,0.558099,-0.920029,0.821881,0.894575,-0.421005,0.668534,0.625327,-0.300023,1.014836,1.051823,0.005033,0.710764,-0.134858,-0.134858,-0.134858,-0.134858,-0.134858,-0.134858,-0.134858,-0.134858,-0.134858,-0.134858,-0.134858,-0.134858,-0.134858,-0.134858,-0.134858,-0.134858,-0.134858,-0.134858,-0.229786,-0.229786,-0.229786,-0.229786,-0.229786,-0.229786,-0.229786,-0.229786,-0.229786,-0.229786,-0.229786,-0.229786,-0.229786,-0.229786,-0.229786,-0.229786,-0.229786,-0.229786,-0.229786,-0.229786,-0.229786,-0.229786,-0.229786,-0.229786,-0.229786,-0.229786,-0.229786,-0.229786,-0.229786,-0.229786,-0.229786,-0.229786,-0.229786,-0.229786,-0.229786,-0.229786,-0.229786,-0.229786,-0.229786,-0.229786,-0.229786,-0.229786,-0.229786,-0.229786,-0.229786,-0.229786,-0.229786,-0.229786,-0.229786,-0.229786,-0.229786,-0.229786,-0.229786,-0.229786,-0.229786,-0.229786,-0.229786,-0.229786,-0.229786,-0.229786,-0.229786,-0.229786,-0.229786,-2.040177,0.498422,-0.039949,-1.819621,0.624146,-0.039949,-1.825019,0.576182,-0.039949,-2.031630,0.518107,-0.039949,-2.233830,0.532342,-0.039949,-1.970869,-0.033686,-0.039949,-2.024907,-0.455026,-0.039949,-2.031393,-0.771239,-0.039949,-2.028467,-0.970695,-0.039949,-2.295683,-0.232622,-0.039949,-2.367653,-0.741123,-0.039949,-2.319385,-1.052455,-0.039949,-2.258023,-1.214345,-0.039949,-2.444022,-0.318797,-0.039949,-2.443178,-0.300338,-0.039949,-2.313107,0.281507,-0.039949,-2.197221,0.655184,-0.039949,-2.474118,-0.299331,-0.039949,-2.456403,-0.183115,-0.039949,-2.372587,0.301346,-0.039949,-2.286442,0.625901,-0.039949,0.703789,-0.444854,1.019857,0.663276,-0.406686,1.019857,0.645798,-0.362944,1.019857,0.711749,-0.201125,1.019857,0.610979,-0.278471,1.019857,0.657823,-0.053905,1.019857,0.707003,0.215354,1.019857,0.731864,0.397840,1.019857,0.737105,0.468280,1.019857,0.694271,0.541714,1.019857,0.548243,0.566817,1.019857,0.768322,0.643346,1.019857,0.814579,0.736236,1.019857,0.854202,0.796536,1.019857,0.881534,0.846000,1.019857,1.029808,0.885180,1.019857,1.315871,0.966714,1.019857,1.017005,-0.199354,1.019857,1.139803,-0.066778,1.019857,1.220693,0.010495,1.019857,1.297725,0.115333,1.019857,1.282759,0.269635,1.019857,1.527638,0.488623,1.019857,1.554303,0.477464,1.019857,1.598873,0.602991,1.019857,1.626311,0.687860,1.019857,1.610473,0.825002,1.019857,1.381464,0.408694,1.019857,-0.134858,-0.134858,-0.134858,1.405366,0.465927,1.019857,1.372134,0.469962,1.019857,1.159233,0.324055,1.019857,-0.134858,-0.134858,-0.134858,1.166361,0.426057,1.019857,1.203513,0.494619,1.019857,1.256253,0.587934,1.019857,-0.134858,-0.134858,-0.134858,-0.134858,-0.134858,-0.134858,-0.134858,-0.134858,-0.134858,-0.134858,-0.134858,-0.134858,-0.134858,-0.134858,-0.134858,1.076501,0.033015,1.019857,-0.134858,-0.134858,-0.134858,1.458120,0.701081,1.019857,1.490521,0.806094,1.019857,-0.134858,-0.134858,-0.134858,1.477744,0.820439,1.019857,-0.134858,-0.134858,-0.134858,0.770068,0.234420,1.019857,-0.134858,-0.134858,-0.134858,-0.134858,-0.134858,-0.134858,-0.134858,-0.134858,-0.134858,-0.134858,-0.134858,-0.134858,-0.134858,-0.134858,-0.134858,0.980411,0.631262,1.019857,1.019010,0.570454,1.019857,0.936117,0.518920,1.019857,0.936117,0.518920,1.019857,0.826649,0.398905,1.019857,0.789778,0.324550,1.019857,0.770068,0.234420,1.019857,-0.134858,-0.134858,-0.134858,-0.134858,-0.134858,-0.134858,-0.134858,-0.134858,-0.134858,-0.134858,-0.134858,-0.134858,-0.134858,-0.134858,-0.134858,-0.134858,-0.134858,-0.134858,-0.134858,-0.134858,-0.134858,1.130119,0.074732,1.019857,1.473142,0.792219,1.019857
0.755226,-0.427254,0.992295,-1.224838,-0.061559,0.820112,-1.669448,-0.319975,0.705470,-1.237124,0.766448,0.168087,-2.261770,0.469829,0.671603,1.733630,0.597174,0.622200,1.621213,1.006325,-0.795978,1.015919,0.709810,-0.446758,-1.460492,1.404320,-0.175553,-1.584091,1.375024,-0.183578,-0.134858,-0.134858,-0.134858,-0.134858,-0.134858,-0.134858,-0.134858,-0.134858,-0.134858,-0.134858,-0.134858,-0.134858,-0.134858,-0.134858,-0.134858,0.558099,-0.920029,0.821881,0.894575,-0.421005,0.668534,0.625327,-0.300023,1.014836,1.051823,0.005033,0.710764,-0.134858,-0.134858,-0.134858,-0.134858,-0.134858,-0.134858,-0.134858,-0.134858,-0.134858,-0.134858,-0.134858,-0.134858,-0.134858,-0.134858,-0.134858,-0.134858,-0.134858,-0.134858,-0.229786,-0.229786,-0.229786,-0.229786,-0.229786,-0.229786,-0.229786,-0.229786,-0.229786,-0.229786,-0.229786,-0.229786,-0.229786,-0.229786,-0.229786,-0.229786,-0.229786,-0.229786,-0.229786,-0.229786,-0.229786,-0.229786,-0.229786,-0.229786,-0.229786,-0.229786,-0.229786,-0.229786,-0.229786,-0.229786,-0.229786,-0.229786,-0.229786,-0.229786,-0.229786,-0.229786,-0.229786,-0.229786,-0.229786,-0.229786,-0.229786,-0.229786,-0.229786,-0.229786,-0.229786,-0.229786,-0.229786,-0.229786,-0.229786,-0.229786,-0.229786,-0.229786,-0.229786,-0.229786,-0.229786,-0.229786,-0.229786,-0.229786,-0.229786,-0.229786,-0.229786,-0.229786,-0.229786,-2.040177,0.498422,-0.039949,-1.819621,0.624146,-0.039949,-1.825019,0.576182,-0.039949,-2.031630,0.518107,-0.039949,-2.233830,0.532342,-0.039949,-1.970869,-0.033686,-0.039949,-2.024907,-0.455026,-0.039949,-2.031393,-0.771239,-0.039949,-2.028467,-0.970695,-0.039949,-2.295683,-0.232622,-0.039949,-2.367653,-0.741123,-0.039949,-2.319385,-1.052455,-0.039949,-2.258023,-1.214345,-0.039949,-2.444022,-0.318797,-0.039949,-2.443178,-0.300338,-0.039949,-2.313107,0.281507,-0.039949,-2.197221,0.655184,-0.039949,-2.474118,-0.299331,-0.039949,-2.456403,-0.183115,-0.039949,-2.372587,0.301346,-0.039949,-2.286442,0.625901,-0.039949,0.703789,-0.444854,1.019857,0.663276,-0.406686,1.019857,0.645798,-0.362944,1.019857,0.711749,-0.201125,1.019857,0.610979,-0.278471,1.019857,0.657823,-0.053905,1.019857,0.707003,0.215354,1.019857,0.731864,0.397840,1.019857,0.737105,0.468280,1.019857,0.694271,0.541714,1.019857,0.548243,0.566817,1.019857,0.768322,0.643346,1.019857,0.814579,0.736236,1.019857,0.854202,0.796536,1.019857,0.881534,0.846000,1.019857,1.029808,0.885180,1.019857,1.315871,0.966714,1.019857,1.017005,-0.199354,1.019857,1.139803,-0.066778,1.019857,1.220693,0.010495,1.019857,1.297725,0.115333,1.019857,1.282759,0.269635,1.019857,1.527638,0.488623,1.019857,1.554303,0.477464,1.019857,1.598873,0.602991,1.019857,1.626311,0.687860,1.019857,1.610473,0.825002,1.019857,1.381464,0.408694,1.019857,-0.134858,-0.134858,-0.134858,1.405366,0.465927,1.019857,1.372134,0.469962,1.019857,1.159233,0.324055,1.019857,-0.134858,-0.134858,-0.134858,1.166361,0.426057,1.019857,1.203513,0.494619,1.019857,1.256253,0.587934,1.019857,-0.134858,-0.134858,-0.134858,-0.134858,-0.134858,-0.134858,-0.134858,-0.134858,-0.134858,-0.134858,-0.134858,-0.134858,-0.134858,-0.134858,-0.134858,1.076501,0.033015,1.019857,-0.134858,-0.134858,-0.134858,1.458120,0.701081,1.019857,1.490521,0.806094,1.019857,-0.134858,-0.134858,-0.134858,1.477744,0.820439,1.019857,-0.134858,-0.134858,-0.134858,0.770068,0.234420,1.019857,-0.134858,-0.134858,-0.134858,-0.134858,-0.134858,-0.134858,-0.134858,-0.134858,-0.134858,-0.134858,-0.134858,-0.134858,-0.134858,-0.134858,-0.134858,0.980411,0.631262,1.019857,1.019010,0.570454,1.019857,0.936117,0.518920,1.019857,0.936117,0.518920,1.019857,0.826649,0.398905,1.019857,0.789778,0.324550,1.019857,0.770068,0.234420,1.019857,-0.134858,-0.134858,-0.134858,-0.134858,-0.134858,-0.134858,-0.134858,-0.134858,-0.134858,-0.134858,-0.134858,-0.134858,-0.134858,-0.134858,-0.134858,-0.134858,-0.134858,-0.134858,-0.134858,-0.134858,-0.134858,1.130119,0.074732,1.019857,1.473142,0.792219,1.019857
0.722924,-0.131913,1.112029,-1.327362,-0.052599,0.902552,-1.770673,-0.312321,0.804746,-1.351140,0.601297,0.165990,-2.311467,0.551017,0.740270,1.729502,0.599388,0.709832,1.629942,0.885228,-0.221267,0.684088,0.704155,0.150727,-1.615560,1.131657,-0.225457,-1.705225,0.960848,-0.218318,-0.134858,-0.134858,-0.134858,-0.134858,-0.134858,-0.134858,-0.134858,-0.134858,-0.134858,-0.134858,-0.134858,-0.134858,-0.134858,-0.134858,-0.134858,0.554913,-0.912966,0.984119,0.917655,-0.068960,0.800358,0.624131,-0.392697,1.178476,1.092932,0.057725,0.845196,-0.134858,-0.134858,-0.134858,-0.134858,-0.134858,-0.134858,-0.134858,-0.134858,-0.134858,-0.134858,-0.134858,-0.134858,-0.134858,-0.134858,-0.134858,-0.134858,-0.134858,-0.134858,-0.229786,-0.229786,-0.229786,-0.229786,-0.229786,-0.229786,-0.229786,-0.229786,-0.229786,-0.229786,-0.229786,-0.229786,-0.229786,-0.229786,-0.229786,-0.229786,-0.229786,-0.229786,-0.229786,-0.229786,-0.229786,-0.229786,-0.229786,-0.229786,-0.229786,-0.229786,-0.229786,-0.229786,-0.229786,-0.229786,-0.229786,-0.229786,-0.229786,-0.229786,-0.229786,-0.229786,-0.229786,-0.229786,-0.229786,-0.229786,-0.229786,-0.229786,-0.229786,-0.229786,-0.229786,-0.229786,-0.229786,-0.229786,-0.229786,-0.229786,-0.229786,-0.229786,-0.229786,-0.229786,-0.229786,-0.229786,-0.229786,-0.229786,-0.229786,-0.229786,-0.229786,-0.229786,-0.229786,-2.024514,0.517133,-0.039949,-1.805003,0.661501,-0.039949,-1.777165,0.636977,-0.039949,-1.957029,0.549553,-0.039949,-2.175747,0.517045,-0.039949,-1.925807,-0.001611,-0.039949,-1.976544,-0.421568,-0.039949,-1.975618,-0.737303,-0.039949,-1.968915,-0.941630,-0.039949,-2.246030,-0.199081,-0.039949,-2.313808,-0.720418,-0.039949,-2.254641,-1.036461,-0.039949,-2.189278,-1.205523,-0.039949,-2.399305,-0.277694,-0.039949,-2.390687,-0.271229,-0.039949,-2.256454,0.279324,-0.039949,-2.147007,0.635834,-0.039949,-2.436971,-0.249067,-0.039949,-2.394352,-0.142361,-0.039949,-2.299148,0.330497,-0.039949,-2.213589,0.649765,-0.039949,0.988432,-0.194548,1.019857,0.941176,-0.181201,1.019857,0.893453,-0.155456,1.019857,0.791482,-0.039361,1.019857,0.762854,-0.080356,1.019857,0.675267,0.092814,1.019857,0.628590,0.294228,1.019857,0.544763,0.430129,1.019857,0.487289,0.498743,1.019857,0.420690,0.616252,1.019857,0.389638,0.705013,1.019857,0.517764,0.726895,1.019857,0.684457,0.870312,1.019857,0.761960,0.945337,1.019857,0.879078,1.002816,1.019857,0.967894,1.036348,1.019857,1.063990,1.093627,1.019857,1.127702,0.141984,1.019857,1.172697,0.278894,1.019857,1.198778,0.380047,1.019857,1.209054,0.498701,1.019857,1.149710,0.538308,1.019857,1.144315,0.790737,1.019857,1.166995,0.818902,1.019857,1.150833,0.883323,1.019857,1.160366,0.919567,1.019857,1.174424,1.015150,1.019857,1.104865,0.564312,1.019857,-0.134858,-0.134858,-0.134858,1.023084,0.551721,1.019857,0.976168,0.536410,1.019857,0.947109,0.359971,1.019857,-0.134858,-0.134858,-0.134858,0.867783,0.442431,1.019857,0.858178,0.513783,1.019857,0.856475,0.608775,1.019857,-0.134858,-0.134858,-0.134858,-0.134858,-0.134858,-0.134858,-0.134858,-0.134858,-0.134858,-0.134858,-0.134858,-0.134858,-0.134858,-0.134858,-0.134858,1.076979,0.182990,1.019857,-0.134858,-0.134858,-0.134858,1.113046,0.737023,1.019857,1.129350,0.746185,1.019857,-0.134858,-0.134858,-0.134858,1.096250,0.889092,1.019857,-0.134858,-0.134858,-0.134858,0.619658,0.188883,1.019857,-0.134858,-0.134858,-0.134858,-0.134858,-0.134858,-0.134858,-0.134858,-0.134858,-0.134858,-0.134858,-0.134858,-0.134858,-0.134858,-0.134858,-0.134858,0.606678,0.573596,1.019857,0.625278,0.501749,1.019857,0.621148,0.467592,1.019857,0.621148,0.467592,1.019857,0.606560,0.353526,1.019857,0.605835,0.283390,1.019857,0.619658,0.188883,1.019857,-0.134858,-0.134858,-0.134858,-0.134858,-0.134858,-0.134858,-0.134858,-0.134858,-0.134858,-0.134858,-0.134858,-0.134858,-0.134858,-0.134858,-0.134858,-0.134858,-0.134858,-0.134858,-0.134858,-0.134858,-0.134858,1.088440,0.242389,1.019857,1.104112,0.878044,1.019857
0.722924,-0.131913,1.112029,-1.327362,-0.052599,0.902552,-1.770673,-0.312321,0.804746,-1.351140,0.601297,0.165990,-2.311467,0.551017,0.740270,1.729502,0.599388,0.709832,1.629942,0.885228,-0.221267,0.684088,0.704155,0.150727,-1.615560,1.131657,-0.225457,-1.705225,0.960848,-0.218318,-0.134858,-0.134858,-0.134858,-0.134858,-0.134858,-0.134858,-0.134858,-0.134858,-0.134858,-0.134858,-0.134858,-0.134858,-0.134858,-0.134858,-0.134858,0.554913,-0.912966,0.984119,0.917655,-0.068960,0.800358,0.624131,-0.392697,1.178476,1.092932,0.057725,0.845196,-0.134858,-0.134858,-0.134858,-0.134858,-0.134858,-0.134858,-0.134858,-0.134858,-0.134858,-0.134858,-0.134858,-0.134858,-0.134858,-0.134858,-0.134858,-0.134858,-0.134858,-0.134858,-0.229786,-0.229786,-0.229786,-0.229786,-0.229786,-0.229786,-0.229786,-0.229786,-0.229786,-0.229786,-0.229786,-0.229786,-0.229786,-0.229786,-0.229786,-0.229786,-0.229786,-0.229786,-0.229786,-0.229786,-0.229786,-0.229786,-0.229786,-0.229786,-0.229786,-0.229786,-0.229786,-0.229786,-0.229786,-0.229786,-0.229786,-0.229786,-0.229786,-0.229786,-0.229786,-0.229786,-0.229786,-0.229786,-0.229786,-0.229786,-0.229786,-0.229786,-0.229786,-0.229786,-0.229786,-0.229786,-0.229786,-0.229786,-0.229786,-0.229786,-0.229786,-0.229786,-0.229786,-0.229786,-0.229786,-0.229786,-0.229786,-0.229786,-0.229786,-0.229786,-0.229786,-0.229786,-0.229786,-2.024514,0.517133,-0.039949,-1.805003,0.661501,-0.039949,-1.777165,0.636977,-0.039949,-1.957029,0.549553,-0.039949,-2.175747,0.517045,-0.039949,-1.925807,-0.001611,-0.039949,-1.976544,-0.421568,-0.039949,-1.975618,-0.737303,-0.039949,-1.968915,-0.941630,-0.039949,-2.246030,-0.199081,-0.039949,-2.313808,-0.720418,-0.039949,-2.254641,-1.036461,-0.039949,-2.189278,-1.205523,-0.039949,-2.399305,-0.277694,-0.039949,-2.390687,-0.271229,-0.039949,-2.256454,0.279324,-0.039949,-2.147007,0.635834,-0.039949,-2.436971,-0.249067,-0.039949,-2.394352,-0.142361,-0.039949,-2.299148,0.330497,-0.039949,-2.213589,0.649765,-0.039949,0.988432,-0.194548,1.019857,0.941176,-0.181201,1.019857,0.893453,-0.155456,1.019857,0.791482,-0.039361,1.019857,0.762854,-0.080356,1.019857,0.675267,0.092814,1.019857,0.628590,0.294228,1.019857,0.544763,0.430129,1.019857,0.487289,0.498743,1.019857,0.420690,0.616252,1.019857,0.389638,0.705013,1.019857,0.517764,0.726895,1.019857,0.684457,0.870312,1.019857,0.761960,0.945337,1.019857,0.879078,1.002816,1.019857,0.967894,1.036348,1.019857,1.063990,1.093627,1.019857,1.127702,0.141984,1.019857,1.172697,0.278894,1.019857,1.198778,0.380047,1.019857,1.209054,0.498701,1.019857,1.149710,0.538308,1.019857,1.144315,0.790737,1.019857,1.166995,0.818902,1.019857,1.150833,0.883323,1.019857,1.160366,0.919567,1.019857,1.174424,1.015150,1.019857,1.104865,0.564312,1.019857,-0.134858,-0.134858,-0.134858,1.023084,0.551721,1.019857,0.976168,0.536410,1.019857,0.947109,0.359971,1.019857,-0.134858,-0.134858,-0.134858,0.867783,0.442431,1.019857,0.858178,0.513783,1.019857,0.856475,0.608775,1.019857,-0.134858,-0.134858,-0.134858,-0.134858,-0.134858,-0.134858,-0.134858,-0.134858,-0.134858,-0.134858,-0.134858,-0.134858,-0.134858,-0.134858,-0.134858,1.076979,0.182990,1.019857,-0.134858,-0.134858,-0.134858,1.113046,0.737023,1.019857,1.129350,0.746185,1.019857,-0.134858,-0.134858,-0.134858,1.096250,0.889092,1.019857,-0.134858,-0.134858,-0.134858,0.619658,0.188883,1.019857,-0.134858,-0.134858,-0.134858,-0.134858,-0.134858,-0.134858,-0.134858,-0.134858,-0.134858,-0.134858,-0.134858,-0.134858,-0.134858,-0.134858,-0.134858,0.606678,0.573596,1.019857,0.625278,0.501749,1.019857,0.621148,0.467592,1.019857,0.621148,0.467592,1.019857,0.606560,0.353526,1.019857,0.605835,0.283390,1.019857,0.619658,0.188883,1.019857,-0.134858,-0.134858,-0.134858,-0.134858,-0.134858,-0.134858,-0.134858,-0.134858,-0.134858,-0.134858,-0.134858,-0.134858,-0.134858,-0.134858,-0.134858,-0.134858,-0.134858,-0.134858,-0.134858,-0.134858,-0.134858,1.088440,0.242389,1.019857,1.104112,0.878044,1.019857
0.713968,0.070735,1.186863,-1.397258,0.051183,0.962211,-1.844842,-0.236326,0.881384,-1.499830,0.537221,0.132970,-2.237642,0.512132,0.799250,1.748190,0.661647,0.773248,1.675149,0.853900,0.054204,0.677000,0.719665,0.472273,-1.683361,1.282614,-0.283452,-1.800661,1.087931,-0.266857,-0.134858,-0.134858,-0.134858,-0.134858,-0.134858,-0.134858,-0.134858,-0.134858,-0.134858,-0.134858,-0.134858,-0.134858,-0.134858,-0.134858,-0.134858,0.531979,-0.856199,1.075810,0.943200,0.212493,0.855974,0.618777,-0.388506,1.282241,1.135862,0.173154,0.906792,-0.134858,-0.134858,-0.134858,-0.134858,-0.134858,-0.134858,-0.134858,-0.134858,-0.134858,-0.134858,-0.134858,-0.134858,-0.134858,-0.134858,-0.134858,-0.134858,-0.134858,-0.134858,-0.229786,-0.229786,-0.229786,-0.229786,-0.229786,-0.229786,-0.229786,-0.229786,-0.229786,-0.229786,-0.229786,-0.229786,-0.229786,-0.229786,-0.229786,-0.229786,-0.229786,-0.229786,-0.229786,-0.229786,-0.229786,-0.229786,-0.229786,-0.229786,-0.229786,-0.229786,-0.229786,-0.229786,-0.229786,-0.229786,-0.229786,-0.229786,-0.229786,-0.229786,-0.229786,-0.229786,-0.229786,-0.229786,-0.229786,-0.229786,-0.229786,-0.229786,-0.229786,-0.229786,-0.229786,-0.229786,-0.229786,-0.229786,-0.229786,-0.229786,-0.229786,-0.229786,-0.229786,-0.229786,-0.229786,-0.229786,-0.229786,-0.229786,-0.229786,-0.229786,-0.229786,-0.229786,-0.229786,-1.995622,0.487856,-0.039949,-1.757427,0.616058,-0.039949,-1.742197,0.570256,-0.039949,-1.943855,0.494204,-0.039949,-2.157158,0.450244,-0.039949,-1.897676,-0.062666,-0.039949,-1.940326,-0.479635,-0.039949,-1.932229,-0.791155,-0.039949,-1.925553,-0.990065,-0.039949,-2.214781,-0.250970,-0.039949,-2.278830,-0.789334,-0.039949,-2.211520,-1.084308,-0.039949,-2.145760,-1.251949,-0.039949,-2.361061,-0.318419,-0.039949,-2.362443,-0.367708,-0.039949,-2.230058,0.204766,-0.039949,-2.131140,0.565626,-0.039949,-2.391316,-0.268069,-0.039949,-2.350408,-0.235610,-0.039949,-2.247209,0.247784,-0.039949,-2.164563,0.581988,-0.039949,0.895387,0.157254,1.019857,0.868242,0.166057,1.019857,0.828775,0.181831,1.019857,0.678265,0.233241,1.019857,0.695551,0.230969,1.019857,0.562754,0.343100,1.019857,0.507020,0.465110,1.019857,0.430888,0.548720,1.019857,0.397166,0.601420,1.019857,0.401879,0.733230,1.019857,0.485382,0.859681,1.019857,0.575166,0.834725,1.019857,0.827136,0.986919,1.019857,0.902529,1.061183,1.019857,0.996015,1.137147,1.019857,1.037574,1.147260,1.019857,1.034565,1.132185,1.019857,0.913296,0.332664,1.019857,0.929820,0.410327,1.019857,0.943058,0.476294,1.019857,0.945640,0.552635,1.019857,0.901513,0.589801,1.019857,0.887461,0.757997,1.019857,0.909346,0.770899,1.019857,0.910955,0.839581,1.019857,0.942858,0.884251,1.019857,1.021739,1.010400,1.019857,0.842839,0.551391,1.019857,-0.134858,-0.134858,-0.134858,0.746154,0.511256,1.019857,0.705013,0.499383,1.019857,0.739407,0.414681,1.019857,-0.134858,-0.134858,-0.134858,0.662897,0.478800,1.019857,0.648781,0.534897,1.019857,0.673072,0.604142,1.019857,-0.134858,-0.134858,-0.134858,-0.134858,-0.134858,-0.134858,-0.134858,-0.134858,-0.134858,-0.134858,-0.134858,-0.134858,-0.134858,-0.134858,-0.134858,0.864676,0.333624,1.019857,-0.134858,-0.134858,-0.134858,0.909656,0.705094,1.019857,0.931180,0.713274,1.019857,-0.134858,-0.134858,-0.134858,0.917333,0.859928,1.019857,-0.134858,-0.134858,-0.134858,0.479974,0.297057,1.019857,-0.134858,-0.134858,-0.134858,-0.134858,-0.134858,-0.134858,-0.134858,-0.134858,-0.134858,-0.134858,-0.134858,-0.134858,-0.134858,-0.134858,-0.134858,0.568529,0.591616,1.019857,0.514193,0.484589,1.019857,0.487272,0.483836,1.019857,0.487272,0.483836,1.019857,0.467208,0.406519,1.019857,0.465296,0.364157,1.019857,0.479974,0.297057,1.019857,-0.134858,-0.134858,-0.134858,-0.134858,-0.134858,-0.134858,-0.134858,-0.134858,-0.134858,-0.134858,-0.134858,-0.134858,-0.134858,-0.134858,-0.134858,-0.134858,-0.134858,-0.134858,-0.134858,-0.134858,-0.134858,0.862930,0.362995,1.019857,0.909307,0.834588,1.019857
0.678165,0.134268,1.264019,-1.401144,0.160501,1.032264,-1.867461,-0.147453,0.956176,-1.482449,0.758985,0.075505,-2.217093,0.506495,0.849376,1.826391,0.701796,0.847713,1.908987,0.834347,0.238186,0.682314,0.696488,0.629644,-1.687954,1.341566,-0.367914,-1.818599,1.186562,-0.324326,-0.134858,-0.134858,-0.134858,-0.134858,-0.134858,-0.134858,-0.134858,-0.134858,-0.134858,-0.134858,-0.134858,-0.134858,-0.134858,-0.134858,-0.134858,0.470370,-0.741449,1.174399,0.940700,0.407899,0.932129,0.602906,-0.350055,1.375832,1.162041,0.294359,0.975942,-0.134858,-0.134858,-0.134858,-0.134858,-0.134858,-0.134858,-0.134858,-0.134858,-0.134858,-0.134858,-0.134858,-0.134858,-0.134858,-0.134858,-0.134858,-0.134858,-0.134858,-0.134858,-0.229786,-0.229786,-0.229786,-0.229786,-0.229786,-0.229786,-0.229786,-0.229786,-0.229786,-0.229786,-0.229786,-0.229786,-0.229786,-0.229786,-0.229786,-0.229786,-0.229786,-0.229786,-0.229786,-0.229786,-0.229786,-0.229786,-0.229786,-0.229786,-0.229786,-0.229786,-0.229786,-0.229786,-0.229786,-0.229786,-0.229786,-0.229786,-0.229786,-0.229786,-0.229786,-0.229786,-0.229786,-0.229786,-0.229786,-0.229786,-0.229786,-0.229786,-0.229786,-0.229786,-0.229786,-0.229786,-0.229786,-0.229786,-0.229786,-0.229786,-0.229786,-0.229786,-0.229786,-0.229786,-0.229786,-0.229786,-0.229786,-0.229786,-0.229786,-0.229786,-0.229786,-0.229786,-0.229786,-1.960164,0.422718,-0.039949,-1.732236,0.545253,-0.039949,-1.729733,0.487206,-0.039949,-1.927885,0.402314,-0.039949,-2.126694,0.345209,-0.039949,-1.868877,-0.154010,-0.039949,-1.906879,-0.575831,-0.039949,-1.905001,-0.876733,-0.039949,-1.915074,-1.064863,-0.039949,-2.190945,-0.346218,-0.039949,-2.259802,-0.893175,-0.039949,-2.195597,-1.161482,-0.039949,-2.137524,-1.313493,-0.039949,-2.343235,-0.415427,-0.039949,-2.348566,-0.486890,-0.039949,-2.210556,0.097019,-0.039949,-2.106506,0.461908,-0.039949,-2.380644,-0.372171,-0.039949,-2.339032,-0.341601,-0.039949,-2.232296,0.153772,-0.039949,-2.144828,0.489794,-0.039949,0.547433,0.257588,1.019857,0.562139,0.247885,1.019857,0.573718,0.244429,1.019857,0.556930,0.278578,1.019857,0.559248,0.245730,1.019857,0.523794,0.312817,1.019857,0.481558,0.407223,1.019857,0.393552,0.493153,1.019857,0.346230,0.536164,1.019857,0.275297,0.613743,1.019857,0.220995,0.685735,1.019857,0.297971,0.702524,1.019857,0.381970,0.829994,1.019857,0.422697,0.905224,1.019857,0.502765,0.974474,1.019857,0.573311,1.000952,1.019857,0.617326,1.039559,1.019857,0.627521,0.461457,1.019857,0.655466,0.519218,1.019857,0.656829,0.551674,1.019857,0.648870,0.594544,1.019857,0.628251,0.640639,1.019857,0.576414,0.741497,1.019857,0.587159,0.758359,1.019857,0.581513,0.795948,1.019857,0.593386,0.840054,1.019857,0.626383,0.964763,1.019857,0.592460,0.638705,1.019857,-0.134858,-0.134858,-0.134858,0.552582,0.593076,1.019857,0.536550,0.566492,1.019857,0.583588,0.493380,1.019857,-0.134858,-0.134858,-0.134858,0.510878,0.534069,1.019857,0.492882,0.574079,1.019857,0.437605,0.627832,1.019857,-0.134858,-0.134858,-0.134858,-0.134858,-0.134858,-0.134858,-0.134858,-0.134858,-0.134858,-0.134858,-0.134858,-0.134858,-0.134858,-0.134858,-0.134858,0.639728,0.461311,1.019857,-0.134858,-0.134858,-0.134858,0.538011,0.787981,1.019857,0.546822,0.804204,1.019857,-0.134858,-0.134858,-0.134858,0.538397,0.891798,1.019857,-0.134858,-0.134858,-0.134858,0.366347,0.383408,1.019857,-0.134858,-0.134858,-0.134858,-0.134858,-0.134858,-0.134858,-0.134858,-0.134858,-0.134858,-0.134858,-0.134858,-0.134858,-0.134858,-0.134858,-0.134858,0.376930,0.601099,1.019857,0.401218,0.595051,1.019857,0.381065,0.573601,1.019857,0.381065,0.573601,1.019857,0.346058,0.498999,1.019857,0.346679,0.448734,1.019857,0.366347,0.383408,1.019857,-0.134858,-0.134858,-0.134858,-0.134858,-0.134858,-0.134858,-0.134858,-0.134858,-0.134858,-0.134858,-0.134858,-0.134858,-0.134858,-0.134858,-0.134858,-0.134858,-0.134858,-0.134858,-0.134858,-0.134858,-0.134858,0.637482,0.504415,1.019857,0.529244,0.901966,1.019857
0.678165,0.134268,1.264019,-1.401144,0.160501,1.032264,-1.867461,-0.147453,0.956176,-1.482449,0.758985,0.075505,-2.217093,0.506495,0.849376,1.826391,0.701796,0.847713,1.908987,0.834347,0.238186,0.682314,0.696488,0.629644,-1.687954,1.341566,-0.367914,-1.818599,1.186562,-0.324326,-0.134858,-0.134858,-0.134858,-0.134858,-0.134858,-0.134858,-0.134858,-0.134858,-0.134858,-0.134858,-0.134858,-0.134858,-0.134858,-0.134858,-0.134858,0.470370,-0.741449,1.174399,0.940700,0.407899,0.932129,0.602906,-0.350055,1.375832,1.162041,0.294359,0.975942,-0.134858,-0.134858,-0.134858,-0.134858,-0.134858,-0.134858,-0.134858,-0.134858,-0.134858,-0.134858,-0.134858,-0.134858,-0.134858,-0.134858,-0.134858,-0.134858,-0.134858,-0.134858,-0.229786,-0.229786,-0.229786,-0.229786,-0.229786,-0.229786,-0.229786,-0.229786,-0.229786,-0.229786,-0.229786,-0.229786,-0.229786,-0.229786,-0.229786,-0.229786,-0.229786,-0.229786,-0.229786,-0.229786,-0.229786,-0.229786,-0.229786,-0.229786,-0.229786,-0.229786,-0.229786,-0.229786,-0.229786,-0.229786,-0.229786,-0.229786,-0.229786,-0.229786,-0.229786,-0.229786,-0.229786,-0.229786,-0.229786,-0.229786,-0.229786,-0.229786,-0.229786,-0.229786,-0.229786,-0.229786,-0.229786,-0.229786,-0.229786,-0.229786,-0.229786,-0.229786,-0.229786,-0.229786,-0.229786,-0.229786,-0.229786,-0.229786,-0.229786,-0.229786,-0.229786,-0.229786,-0.229786,-1.960164,0.422718,-0.039949,-1.732236,0.545253,-0.039949,-1.729733,0.487206,-0.039949,-1.927885,0.402314,-0.039949,-2.126694,0.345209,-0.039949,-1.868877,-0.154010,-0.039949,-1.906879,-0.575831,-0.039949,-1.905001,-0.876733,-0.039949,-1.915074,-1.064863,-0.039949,-2.190945,-0.346218,-0.039949,-2.259802,-0.893175,-0.039949,-2.195597,-1.161482,-0.039949,-2.137524,-1.313493,-0.039949,-2.343235,-0.415427,-0.039949,-2.348566,-0.486890,-0.039949,-2.210556,0.097019,-0.039949,-2.106506,0.461908,-0.039949,-2.380644,-0.372171,-0.039949,-2.339032,-0.341601,-0.039949,-2.232296,0.153772,-0.039949,-2.144828,0.489794,-0.039949,0.547433,0.257588,1.019857,0.562139,0.247885,1.019857,0.573718,0.244429,1.019857,0.556930,0.278578,1.019857,0.559248,0.245730,1.019857,0.523794,0.312817,1.019857,0.481558,0.407223,1.019857,0.393552,0.493153,1.019857,0.346230,0.536164,1.019857,0.275297,0.613743,1.019857,0.220995,0.685735,1.019857,0.297971,0.702524,1.019857,0.381970,0.829994,1.019857,0.422697,0.905224,1.019857,0.502765,0.974474,1.019857,0.573311,1.000952,1.019857,0.617326,1.039559,1.019857,0.627521,0.461457,1.019857,0.655466,0.519218,1.019857,0.656829,0.551674,1.019857,0.648870,0.594544,1.019857,0.628251,0.640639,1.019857,0.576414,0.741497,1.019857,0.587159,0.758359,1.019857,0.581513,0.795948,1.019857,0.593386,0.840054,1.019857,0.626383,0.964763,1.019857,0.592460,0.638705,1.019857,-0.134858,-0.134858,-0.134858,0.552582,0.593076,1.019857,0.536550,0.566492,1.019857,0.583588,0.493380,1.019857,-0.134858,-0.134858,-0.134858,0.510878,0.534069,1.019857,0.492882,0.574079,1.019857,0.437605,0.627832,1.019857,-0.134858,-0.134858,-0.134858,-0.134858,-0.134858,-0.134858,-0.134858,-0.134858,-0.134858,-0.134858,-0.134858,-0.134858,-0.134858,-0.134858,-0.134858,0.639728,0.461311,1.019857,-0.134858,-0.134858,-0.134858,0.538011,0.787981,1.019857,0.546822,0.804204,1.019857,-0.134858,-0.134858,-0.134858,0.538397,0.891798,1.019857,-0.134858,-0.134858,-0.134858,0.366347,0.383408,1.019857,-0.134858,-0.134858,-0.134858,-0.134858,-0.134858,-0.134858,-0.134858,-0.134858,-0.134858,-0.134858,-0.134858,-0.134858,-0.134858,-0.134858,-0.134858,0.376930,0.601099,1.019857,0.401218,0.595051,1.019857,0.381065,0.573601,1.019857,0.381065,0.573601,1.019857,0.346058,0.498999,1.019857,0.346679,0.448734,1.019857,0.366347,0.383408,1.019857,-0.134858,-0.134858,-0.134858,-0.134858,-0.134858,-0.134858,-0.134858,-0.134858,-0.134858,-0.134858,-0.134858,-0.134858,-0.134858,-0.134858,-0.134858,-0.134858,-0.134858,-0.134858,-0.134858,-0.134858,-0.134858,0.637482,0.504415,1.019857,0.529244,0.901966,1.019857
0.655729,0.231599,1.193443,-1.448386,0.281890,1.016602,-1.918803,-0.123174,0.978312,-1.559913,0.438027,0.016477,-2.186761,0.441730,0.898837,1.844104,0.960800,0.831064,1.873870,0.814191,0.241737,0.731393,0.704340,0.796994,-1.641115,1.474173,-0.307707,-1.765670,1.390054,-0.290748,-0.134858,-0.134858,-0.134858,-0.134858,-0.134858,-0.134858,-0.134858,-0.134858,-0.134858,-0.134858,-0.134858,-0.134858,-0.134858,-0.134858,-0.134858,0.409235,-0.668515,1.006152,0.943019,0.610199,0.765981,0.585961,-0.317420,1.339209,1.173168,0.501422,0.879007,-0.134858,-0.134858,-0.134858,-0.134858,-0.134858,-0.134858,-0.134858,-0.134858,-0.134858,-0.134858,-0.134858,-0.134858,-0.134858,-0.134858,-0.134858,-0.134858,-0.134858,-0.134858,-0.229786,-0.229786,-0.229786,-0.229786,-0.229786,-0.229786,-0.229786,-0.229786,-0.229786,-0.229786,-0.229786,-0.229786,-0.229786,-0.229786,-0.229786,-0.229786,-0.229786,-0.229786,-0.229786,-0.229786,-0.229786,-0.229786,-0.229786,-0.229786,-0.229786,-0.229786,-0.229786,-0.229786,-0.229786,-0.229786,-0.229786,-0.229786,-0.229786,-0.229786,-0.229786,-0.229786,-0.229786,-0.229786,-0.229786,-0.229786,-0.229786,-0.229786,-0.229786,-0.229786,-0.229786,-0.229786,-0.229786,-0.229786,-0.229786,-0.229786,-0.229786,-0.229786,-0.229786,-0.229786,-0.229786,-0.229786,-0.229786,-0.229786,-0.229786,-0.229786,-0.229786,-0.229786,-0.229786,-1.985601,0.399660,-0.039949,-1.762578,0.492286,-0.039949,-1.760004,0.414165,-0.039949,-1.981772,0.320966,-0.039949,-2.182924,0.271109,-0.039949,-1.912233,-0.191928,-0.039949,-1.949849,-0.622751,-0.039949,-1.954546,-0.921395,-0.039949,-1.971017,-1.106100,-0.039949,-2.227731,-0.387434,-0.039949,-2.300377,-0.946730,-0.039949,-2.238511,-1.211969,-0.039949,-2.183155,-1.363148,-0.039949,-2.373212,-0.461930,-0.039949,-2.372996,-0.549821,-0.039949,-2.233971,0.024495,-0.039949,-2.129376,0.386174,-0.039949,-2.408144,-0.427313,-0.039949,-2.360893,-0.422036,-0.039949,-2.248837,0.049741,-0.039949,-2.153468,0.375207,-0.039949,0.134707,0.300109,1.019857,0.145748,0.276427,1.019857,0.164978,0.263578,1.019857,0.271021,0.315796,1.019857,0.207331,0.246208,1.019857,0.278327,0.322690,1.019857,0.341008,0.411857,1.019857,0.366854,0.459103,1.019857,0.370505,0.470811,1.019857,0.337980,0.494434,1.019857,0.254174,0.491586,1.019857,0.333613,0.532110,1.019857,0.306296,0.573599,1.019857,0.286809,0.600243,1.019857,0.244298,0.622941,1.019857,0.291879,0.659995,1.019857,0.406841,0.749458,1.019857,0.319929,0.584818,1.019857,0.394507,0.638814,1.019857,0.432415,0.653567,1.019857,0.475093,0.662247,1.019857,0.476684,0.659552,1.019857,0.518662,0.732941,1.019857,0.529766,0.747810,1.019857,0.533681,0.774053,1.019857,0.544503,0.795383,1.019857,0.531100,0.811243,1.019857,0.518723,0.636520,1.019857,-0.134858,-0.134858,-0.134858,0.556313,0.617702,1.019857,0.554620,0.606844,1.019857,0.515898,0.533968,1.019857,-0.134858,-0.134858,-0.134858,0.492995,0.546351,1.019857,0.486534,0.574920,1.019857,0.447931,0.599275,1.019857,-0.134858,-0.134858,-0.134858,-0.134858,-0.134858,-0.134858,-0.134858,-0.134858,-0.134858,-0.134858,-0.134858,-0.134858,-0.134858,-0.134858,-0.134858,0.413447,0.523049,1.019857,-0.134858,-0.134858,-0.134858,0.476679,0.696360,1.019857,0.494756,0.710423,1.019857,-0.134858,-0.134858,-0.134858,0.487853,0.727374,1.019857,-0.134858,-0.134858,-0.134858,0.354813,0.435241,1.019857,-0.134858,-0.134858,-0.134858,-0.134858,-0.134858,-0.134858,-0.134858,-0.134858,-0.134858,-0.134858,-0.134858,-0.134858,-0.134858,-0.134858,-0.134858,0.344448,0.545324,1.019857,0.389165,0.542722,1.019857,0.393797,0.519333,1.019857,0.393797,0.519333,1.019857,0.362606,0.483732,1.019857,0.352072,0.461900,1.019857,0.354813,0.435241,1.019857,-0.134858,-0.134858,-0.134858,-0.134858,-0.134858,-0.134858,-0.134858,-0.134858,-0.134858,-0.134858,-0.134858,-0.134858,-0.134858,-0.134858,-0.134858,-0.134858,-0.134858,-0.134858,-0.134858,-0.134858,-0.134858,0.434907,0.534620,1.019857,0.483671,0.735165,1.019857
0.655729,0.231599,1.193443,-1.448386,0.281890,1.016602,-1.918803,-0.123174,0.978312,-1.559913,0.438027,0.016477,-2.186761,0.441730,0.898837,1.844104,0.960800,0.831064,1.873870,0.814191,0.241737,0.731393,0.704340,0.796994,-1.641115,1.474173,-0.307707,-1.765670,1.390054,-0.290748,-0.134858,-0.134858,-0.134858,-0.134858,-0.134858,-0.134858,-0.134858,-0.134858,-0.134858,-0.134858,-0.134858,-0.134858,-0.134858,-0.134858,-0.134858,0.409235,-0.668515,1.006152,0.943019,0.610199,0.765981,0.585961,-0.317420,1.339209,1.173168,0.501422,0.879007,-0.134858,-0.134858,-0.134858,-0.134858,-0.134858,-0.134858,-0.134858,-0.134858,-0.134858,-0.134858,-0.134858,-0.134858,-0.134858,-0.134858,-0.134858,-0.134858,-0.134858,-0.134858,-0.229786,-0.229786,-0.229786,-0.229786,-0.229786,-0.229786,-0.229786,-0.229786,-0.229786,-0.229786,-0.229786,-0.229786,-0.229786,-0.229786,-0.229786,-0.229786,-0.229786,-0.229786,-0.229786,-0.229786,-0.229786,-0.229786,-0.229786,-0.229786,-0.229786,-0.229786,-0.229786,-0.229786,-0.229786,-0.229786,-0.229786,-0.229786,-0.229786,-0.229786,-0.229786,-0.229786,-0.229786,-0.229786,-0.229786,-0.229786,-0.229786,-0.229786,-0.229786,-0.229786,-0.229786,-0.229786,-0.229786,-0.229786,-0.229786,-0.229786,-0.229786,-0.229786,-0.229786,-0.229786,-0.229786,-0.229786,-0.229786,-0.229786,-0.229786,-0.229786,-0.229786,-0.229786,-0.229786,-1.985601,0.399660,-0.039949,-1.762578,0.492286,-0.039949,-1.760004,0.414165,-0.039949,-1.981772,0.320966,-0.039949,-2.182924,0.271109,-0.039949,-1.912233,-0.191928,-0.039949,-1.949849,-0.622751,-0.039949,-1.954546,-0.921395,-0.039949,-1.971017,-1.106100,-0.039949,-2.227731,-0.387434,-0.039949,-2.300377,-0.946730,-0.039949,-2.238511,-1.211969,-0.039949,-2.183155,-1.363148,-0.039949,-2.373212,-0.461930,-0.039949,-2.372996,-0.549821,-0.039949,-2.233971,0.024495,-0.039949,-2.129376,0.386174,-0.039949,-2.408144,-0.427313,-0.039949,-2.360893,-0.422036,-0.039949,-2.248837,0.049741,-0.039949,-2.153468,0.375207,-0.039949,0.134707,0.300109,1.019857,0.145748,0.276427,1.019857,0.164978,0.263578,1.019857,0.271021,0.315796,1.019857,0.207331,0.246208,1.019857,0.278327,0.322690,1.019857,0.341008,0.411857,1.019857,0.366854,0.459103,1.019857,0.370505,0.470811,1.019857,0.337980,0.494434,1.019857,0.254174,0.491586,1.019857,0.333613,0.532110,1.019857,0.306296,0.573599,1.019857,0.286809,0.600243,1.019857,0.244298,0.622941,1.019857,0.291879,0.659995,1.019857,0.406841,0.749458,1.019857,0.319929,0.584818,1.019857,0.394507,0.638814,1.019857,0.432415,0.653567,1.019857,0.475093,0.662247,1.019857,0.476684,0.659552,1.019857,0.518662,0.732941,1.019857,0.529766,0.747810,1.019857,0.533681,0.774053,1.019857,0.544503,0.795383,1.019857,0.531100,0.811243,1.019857,0.518723,0.636520,1.019857,-0.134858,-0.134858,-0.134858,0.556313,0.617702,1.019857,0.554620,0.606844,1.019857,0.515898,0.533968,1.019857,-0.134858,-0.134858,-0.134858,0.492995,0.546351,1.019857,0.486534,0.574920,1.019857,0.447931,0.599275,1.019857,-0.134858,-0.134858,-0.134858,-0.134858,-0.134858,-0.134858,-0.134858,-0.134858,-0.134858,-0.134858,-0.134858,-0.134858,-0.134858,-0.134858,-0.134858,0.413447,0.523049,1.019857,-0.134858,-0.134858,-0.134858,0.476679,0.696360,1.019857,0.494756,0.710423,1.019857,-0.134858,-0.134858,-0.134858,0.487853,0.727374,1.019857,-0.134858,-0.134858,-0.134858,0.354813,0.435241,1.019857,-0.134858,-0.134858,-0.134858,-0.134858,-0.134858,-0.134858,-0.134858,-0.134858,-0.134858,-0.134858,-0.134858,-0.134858,-0.134858,-0.134858,-0.134858,0.344448,0.545324,1.019857,0.389165,0.542722,1.019857,0.393797,0.519333,1.019857,0.393797,0.519333,1.019857,0.362606,0.483732,1.019857,0.352072,0.461900,1.019857,0.354813,0.435241,1.019857,-0.134858,-0.134858,-0.134858,-0.134858,-0.134858,-0.134858,-0.134858,-0.134858,-0.134858,-0.134858,-0.134858,-0.134858,-0.134858,-0.134858,-0.134858,-0.134858,-0.134858,-0.134858,-0.134858,-0.134858,-0.134858,0.434907,0.534620,1.019857,0.483671,0.735165,1.019857
0.653269,0.267010,1.238473,-1.471442,0.267387,1.046075,-1.902672,-0.113369,1.032310,-1.553071,0.329074,-0.043102,-2.192546,0.422853,0.941966,1.680874,0.893245,0.862394,1.679202,0.727000,0.254736,0.733529,0.694460,0.852038,-1.606541,1.442237,-0.371100,-1.734426,1.352327,-0.330308,-0.134858,-0.134858,-0.134858,-0.134858,-0.134858,-0.134858,-0.134858,-0.134858,-0.134858,-0.134858,-0.134858,-0.134858,-0.134858,-0.134858,-0.134858,0.396312,-0.578957,1.067130,0.943976,0.684268,0.786843,0.565605,-0.269590,1.403590,1.169944,0.516726,0.881345,-0.134858,-0.134858,-0.134858,-0.134858,-0.134858,-0.134858,-0.134858,-0.134858,-0.134858,-0.134858,-0.134858,-0.134858,-0.134858,-0.134858,-0.134858,-0.134858,-0.134858,-0.134858,-0.229786,-0.229786,-0.229786,-0.229786,-0.229786,-0.229786,-0.229786,-0.229786,-0.229786,-0.229786,-0.229786,-0.229786,-0.229786,-0.229786,-0.229786,-0.229786,-0.229786,-0.229786,-0.229786,-0.229786,-0.229786,-0.229786,-0.229786,-0.229786,-0.229786,-0.229786,-0.229786,-0.229786,-0.229786,-0.229786,-0.229786,-0.229786,-0.229786,-0.229786,-0.229786,-0.229786,-0.229786,-0.229786,-0.229786,-0.229786,-0.229786,-0.229786,-0.229786,-0.229786,-0.229786,-0.229786,-0.229786,-0.229786,-0.229786,-0.229786,-0.229786,-0.229786,-0.229786,-0.229786,-0.229786,-0.229786,-0.229786,-0.229786,-0.229786,-0.229786,-0.229786,-0.229786,-0.229786,-2.052312,0.408960,-0.039949,-1.811421,0.505522,-0.039949,-1.806747,0.442034,-0.039949,-2.025863,0.365050,-0.039949,-2.231192,0.347529,-0.039949,-1.973451,-0.169245,-0.039949,-2.027155,-0.601966,-0.039949,-2.032896,-0.895954,-0.039949,-2.035872,-1.079996,-0.039949,-2.292367,-0.366279,-0.039949,-2.370013,-0.900731,-0.039949,-2.308648,-1.177151,-0.039949,-2.244583,-1.330949,-0.039949,-2.434298,-0.444989,-0.039949,-2.433191,-0.453262,-0.039949,-2.296082,0.099128,-0.039949,-2.187363,0.450125,-0.039949,-2.458718,-0.416375,-0.039949,-2.421874,-0.349996,-0.039949,-2.327369,0.110990,-0.039949,-2.241150,0.424922,-0.039949,0.448182,0.370686,1.019857,0.430609,0.316662,1.019857,0.425242,0.276384,1.019857,0.362667,0.263286,1.019857,0.383495,0.197881,1.019857,0.317854,0.232320,1.019857,0.258851,0.320780,1.019857,0.149383,0.396538,1.019857,0.080411,0.440872,1.019857,-0.034963,0.526301,1.019857,-0.122279,0.603934,1.019857,-0.003016,0.651025,1.019857,0.064815,0.776180,1.019857,0.092920,0.854242,1.019857,0.210907,0.970755,1.019857,0.308839,1.039902,1.019857,0.377640,1.148109,1.019857,0.479352,0.656722,1.019857,0.504159,0.710299,1.019857,0.524068,0.759009,1.019857,0.530296,0.809524,1.019857,0.481491,0.830730,1.019857,0.456075,0.985920,1.019857,0.468244,1.022736,1.019857,0.443327,1.071086,1.019857,0.441681,1.119652,1.019857,0.460470,1.197396,1.019857,0.446852,0.813444,1.019857,-0.134858,-0.134858,-0.134858,0.397599,0.737744,1.019857,0.368947,0.711024,1.019857,0.368889,0.585719,1.019857,-0.134858,-0.134858,-0.134858,0.321793,0.583562,1.019857,0.308369,0.633630,1.019857,0.279094,0.714938,1.019857,-0.134858,-0.134858,-0.134858,-0.134858,-0.134858,-0.134858,-0.134858,-0.134858,-0.134858,-0.134858,-0.134858,-0.134858,-0.134858,-0.134858,-0.134858,0.434389,0.598493,1.019857,-0.134858,-0.134858,-0.134858,0.439994,0.949147,1.019857,0.447504,0.948847,1.019857,-0.134858,-0.134858,-0.134858,0.412837,1.019056,1.019857,-0.134858,-0.134858,-0.134858,0.180961,0.344201,1.019857,-0.134858,-0.134858,-0.134858,-0.134858,-0.134858,-0.134858,-0.134858,-0.134858,-0.134858,-0.134858,-0.134858,-0.134858,-0.134858,-0.134858,-0.134858,0.169592,0.557426,1.019857,0.198311,0.547569,1.019857,0.173127,0.528802,1.019857,0.173127,0.528802,1.019857,0.153248,0.457925,1.019857,0.159956,0.409656,1.019857,0.180961,0.344201,1.019857,-0.134858,-0.134858,-0.134858,-0.134858,-0.134858,-0.134858,-0.134858,-0.134858,-0.134858,-0.134858,-0.134858,-0.134858,-0.134858,-0.134858,-0.134858,-0.134858,-0.134858,-0.134858,-0.134858,-0.134858,-0.134858,0.435877,0.626970,1.019857,0.423552,1.019669,1.019857
0.619362,0.357046,1.313049,-1.539613,0.293055,1.095767,-1.975273,-0.108696,1.089160,-1.521228,0.643150,-0.097625,-2.216765,0.444603,0.977327,1.700242,0.949327,0.915215,1.671687,0.780786,0.325770,0.742418,0.703703,0.920305,-1.598435,1.419496,-0.442190,-1.737463,1.339073,-0.373055,-0.134858,-0.134858,-0.134858,-0.134858,-0.134858,-0.134858,-0.134858,-0.134858,-0.134858,-0.134858,-0.134858,-0.134858,-0.134858,-0.134858,-0.134858,0.360120,-0.576932,1.181966,0.942198,0.800125,0.881180,0.511115,-0.295825,1.496455,1.162304,0.536892,0.963353,-0.134858,-0.134858,-0.134858,-0.134858,-0.134858,-0.134858,-0.134858,-0.134858,-0.134858,-0.134858,-0.134858,-0.134858,-0.134858,-0.134858,-0.134858,-0.134858,-0.134858,-0.134858,-0.229786,-0.229786,-0.229786,-0.229786,-0.229786,-0.229786,-0.229786,-0.229786,-0.229786,-0.229786,-0.229786,-0.229786,-0.229786,-0.229786,-0.229786,-0.229786,-0.229786,-0.229786,-0.229786,-0.229786,-0.229786,-0.229786,-0.229786,-0.229786,-0.229786,-0.229786,-0.229786,-0.229786,-0.229786,-0.229786,-0.229786,-0.229786,-0.229786,-0.229786,-0.229786,-0.229786,-0.229786,-0.229786,-0.229786,-0.229786,-0.229786,-0.229786,-0.229786,-0.229786,-0.229786,-0.229786,-0.229786,-0.229786,-0.229786,-0.229786,-0.229786,-0.229786,-0.229786,-0.229786,-0.229786,-0.229786,-0.229786,-0.229786,-0.229786,-0.229786,-0.229786,-0.229786,-0.229786,-2.078980,0.450116,-0.039949,-1.836614,0.548768,-0.039949,-1.842487,0.473599,-0.039949,-2.062767,0.414613,-0.039949,-2.268320,0.430052,-0.039949,-2.030823,-0.127756,-0.039949,-2.081074,-0.541685,-0.039949,-2.088522,-0.839092,-0.039949,-2.090858,-1.033318,-0.039949,-2.350778,-0.311029,-0.039949,-2.415443,-0.816112,-0.039949,-2.347780,-1.103367,-0.039949,-2.278213,-1.269904,-0.039949,-2.494052,-0.380385,-0.039949,-2.477519,-0.413117,-0.039949,-2.328898,0.171597,-0.039949,-2.213168,0.535176,-0.039949,-2.517594,-0.342541,-0.039949,-2.469281,-0.298379,-0.039949,-2.372098,0.190974,-0.039949,-2.289484,0.514376,-0.039949,0.579095,0.362474,1.019857,0.590421,0.316847,1.019857,0.595095,0.287920,1.019857,0.472014,0.302789,1.019857,0.548193,0.231685,1.019857,0.425374,0.297136,1.019857,0.295642,0.429375,1.019857,0.164503,0.542244,1.019857,0.126723,0.594642,1.019857,0.127090,0.680114,1.019857,0.185899,0.731599,1.019857,0.256008,0.773896,1.019857,0.463415,0.869296,1.019857,0.558543,0.933226,1.019857,0.783565,1.003229,1.019857,0.860259,1.052734,1.019857,0.822680,1.147402,1.019857,0.492471,0.676454,1.019857,0.497372,0.736246,1.019857,0.508256,0.771409,1.019857,0.518699,0.807724,1.019857,0.501363,0.824646,1.019857,0.489518,0.947645,1.019857,0.507112,0.973226,1.019857,0.531697,1.021329,1.019857,0.586542,1.070058,1.019857,0.728245,1.164681,1.019857,0.415595,0.797940,1.019857,-0.134858,-0.134858,-0.134858,0.293455,0.750423,1.019857,0.245621,0.731791,1.019857,0.337189,0.618259,1.019857,-0.134858,-0.134858,-0.134858,0.250851,0.667284,1.019857,0.230602,0.716422,1.019857,0.249032,0.760485,1.019857,-0.134858,-0.134858,-0.134858,-0.134858,-0.134858,-0.134858,-0.134858,-0.134858,-0.134858,-0.134858,-0.134858,-0.134858,-0.134858,-0.134858,-0.134858,0.483377,0.626183,1.019857,-0.134858,-0.134858,-0.134858,0.560143,0.944558,1.019857,0.588682,0.988090,1.019857,-0.134858,-0.134858,-0.134858,0.570527,1.000334,1.019857,-0.134858,-0.134858,-0.134858,0.156601,0.450166,1.019857,-0.134858,-0.134858,-0.134858,-0.134858,-0.134858,-0.134858,-0.134858,-0.134858,-0.134858,-0.134858,-0.134858,-0.134858,-0.134858,-0.134858,-0.134858,0.265450,0.680092,1.019857,0.221723,0.692204,1.019857,0.159976,0.684733,1.019857,0.159976,0.684733,1.019857,0.117577,0.593749,1.019857,0.128705,0.528727,1.019857,0.156601,0.450166,1.019857,-0.134858,-0.134858,-0.134858,-0.134858,-0.134858,-0.134858,-0.134858,-0.134858,-0.134858,-0.134858,-0.134858,-0.134858,-0.134858,-0.134858,-0.134858,-0.134858,-0.134858,-0.134858,-0.134858,-0.134858,-0.134858,0.487152,0.650452,1.019857,0.553626,0.977185,1.019857
0.619362,0.357046,1.313049,-1.539613,0.293055,1.095767,-1.975273,-0.108696,1.089160,-1.521228,0.643150,-0.097625,-2.216765,0.444603,0.977327,1.700242,0.949327,0.915215,1.671687,0.780786,0.325770,0.742418,0.703703,0.920305,-1.598435,1.419496,-0.442190,-1.737463,1.339073,-0.373055,-0.134858,-0.134858,-0.134858,-0.134858,-0.134858,-0.134858,-0.134858,-0.134858,-0.134858,-0.134858,-0.134858,-0.134858,-0.134858,-0.134858,-0.134858,0.360120,-0.576932,1.181966,0.942198,0.800125,0.881180,0.511115,-0.295825,1.496455,1.162304,0.536892,0.963353,-0.134858,-0.134858,-0.134858,-0.134858,-0.134858,-0.134858,-0.134858,-0.134858,-0.134858,-0.134858,-0.134858,-0.134858,-0.134858,-0.134858,-0.134858,-0.134858,-0.134858,-0.134858,-0.229786,-0.229786,-0.229786,-0.229786,-0.229786,-0.229786,-0.229786,-0.229786,-0.229786,-0.229786,-0.229786,-0.229786,-0.229786,-0.229786,-0.229786,-0.229786,-0.229786,-0.229786,-0.229786,-0.229786,-0.229786,-0.229786,-0.229786,-0.229786,-0.229786,-0.229786,-0.229786,-0.229786,-0.229786,-0.229786,-0.229786,-0.229786,-0.229786,-0.229786,-0.229786,-0.229786,-0.229786,-0.229786,-0.229786,-0.229786,-0.229786,-0.229786,-0.229786,-0.229786,-0.229786,-0.229786,-0.229786,-0.229786,-0.229786,-0.229786,-0.229786,-0.229786,-0.229786,-0.229786,-0.229786,-0.229786,-0.229786,-0.229786,-0.229786,-0.229786,-0.229786,-0.229786,-0.229786,-2.078980,0.450116,-0.039949,-1.836614,0.548768,-0.039949,-1.842487,0.473599,-0.039949,-2.062767,0.414613,-0.039949,-2.268320,0.430052,-0.039949,-2.030823,-0.127756,-0.039949,-2.081074,-0.541685,-0.039949,-2.088522,-0.839092,-0.039949,-2.090858,-1.033318,-0.039949,-2.350778,-0.311029,-0.039949,-2.415443,-0.816112,-0.039949,-2.347780,-1.103367,-0.039949,-2.278213,-1.269904,-0.039949,-2.494052,-0.380385,-0.039949,-2.477519,-0.413117,-0.039949,-2.328898,0.171597,-0.039949,-2.213168,0.535176,-0.039949,-2.517594,-0.342541,-0.039949,-2.469281,-0.298379,-0.039949,-2.372098,0.190974,-0.039949,-2.289484,0.514376,-0.039949,0.579095,0.362474,1.019857,0.590421,0.316847,1.019857,0.595095,0.287920,1.019857,0.472014,0.302789,1.019857,0.548193,0.231685,1.019857,0.425374,0.297136,1.019857,0.295642,0.429375,1.019857,0.164503,0.542244,1.019857,0.126723,0.594642,1.019857,0.127090,0.680114,1.019857,0.185899,0.731599,1.019857,0.256008,0.773896,1.019857,0.463415,0.869296,1.019857,0.558543,0.933226,1.019857,0.783565,1.003229,1.019857,0.860259,1.052734,1.019857,0.822680,1.147402,1.019857,0.492471,0.676454,1.019857,0.497372,0.736246,1.019857,0.508256,0.771409,1.019857,0.518699,0.807724,1.019857,0.501363,0.824646,1.019857,0.489518,0.947645,1.019857,0.507112,0.973226,1.019857,0.531697,1.021329,1.019857,0.586542,1.070058,1.019857,0.728245,1.164681,1.019857,0.415595,0.797940,1.019857,-0.134858,-0.134858,-0.134858,0.293455,0.750423,1.019857,0.245621,0.731791,1.019857,0.337189,0.618259,1.019857,-0.134858,-0.134858,-0.134858,0.250851,0.667284,1.019857,0.230602,0.716422,1.019857,0.249032,0.760485,1.019857,-0.134858,-0.134858,-0.134858,-0.134858,-0.134858,-0.134858,-0.134858,-0.134858,-0.134858,-0.134858,-0.134858,-0.134858,-0.134858,-0.134858,-0.134858,0.483377,0.626183,1.019857,-0.134858,-0.134858,-0.134858,0.560143,0.944558,1.019857,0.588682,0.988090,1.019857,-0.134858,-0.134858,-0.134858,0.570527,1.000334,1.019857,-0.134858,-0.134858,-0.134858,0.156601,0.450166,1.019857,-0.134858,-0.134858,-0.134858,-0.134858,-0.134858,-0.134858,-0.134858,-0.134858,-0.134858,-0.134858,-0.134858,-0.134858,-0.134858,-0.134858,-0.134858,0.265450,0.680092,1.019857,0.221723,0.692204,1.019857,0.159976,0.684733,1.019857,0.159976,0.684733,1.019857,0.117577,0.593749,1.019857,0.128705,0.528727,1.019857,0.156601,0.450166,1.019857,-0.134858,-0.134858,-0.134858,-0.134858,-0.134858,-0.134858,-0.134858,-0.134858,-0.134858,-0.134858,-0.134858,-0.134858,-0.134858,-0.134858,-0.134858,-0.134858,-0.134858,-0.134858,-0.134858,-0.134858,-0.134858,0.487152,0.650452,1.019857,0.553626,0.977185,1.019857
0.586628,0.406876,1.363755,-1.532712,0.295518,1.143750,-1.975426,-0.101469,1.124544,-1.494723,0.763025,-0.179129,-2.340433,0.493001,1.006603,1.729572,0.935185,0.966220,1.726173,0.787180,0.643546,0.830607,0.698647,1.210847,-1.579011,1.393787,-0.453515,-1.717568,1.319439,-0.396677,-0.134858,-0.134858,-0.134858,-0.134858,-0.134858,-0.134858,-0.134858,-0.134858,-0.134858,-0.134858,-0.134858,-0.134858,-0.134858,-0.134858,-0.134858,0.350675,-0.574999,1.235600,0.939238,0.839045,0.930681,0.493477,-0.299208,1.544122,1.154428,0.597878,1.014878,-0.134858,-0.134858,-0.134858,-0.134858,-0.134858,-0.134858,-0.134858,-0.134858,-0.134858,-0.134858,-0.134858,-0.134858,-0.134858,-0.134858,-0.134858,-0.134858,-0.134858,-0.134858,-0.229786,-0.229786,-0.229786,-0.229786,-0.229786,-0.229786,-0.229786,-0.229786,-0.229786,-0.229786,-0.229786,-0.229786,-0.229786,-0.229786,-0.229786,-0.229786,-0.229786,-0.229786,-0.229786,-0.229786,-0.229786,-0.229786,-0.229786,-0.229786,-0.229786,-0.229786,-0.229786,-0.229786,-0.229786,-0.229786,-0.229786,-0.229786,-0.229786,-0.229786,-0.229786,-0.229786,-0.229786,-0.229786,-0.229786,-0.229786,-0.229786,-0.229786,-0.229786,-0.229786,-0.229786,-0.229786,-0.229786,-0.229786,-0.229786,-0.229786,-0.229786,-0.229786,-0.229786,-0.229786,-0.229786,-0.229786,-0.229786,-0.229786,-0.229786,-0.229786,-0.229786,-0.229786,-0.229786,-1.996507,0.470028,-0.039949,-1.758078,0.575213,-0.039949,-1.725897,0.519556,-0.039949,-1.830692,0.463565,-0.039949,-2.001069,0.513109,-0.039949,-2.003212,-0.059531,-0.039949,-2.052993,-0.475116,-0.039949,-2.058120,-0.776810,-0.039949,-2.055925,-0.973987,-0.039949,-2.322466,-0.236762,-0.039949,-2.351251,-0.725199,-0.039949,-2.264000,-1.020136,-0.039949,-2.191100,-1.182711,-0.039949,-2.471901,-0.314319,-0.039949,-2.364808,-0.402599,-0.039949,-2.179892,0.128381,-0.039949,-2.058246,0.503689,-0.039949,-2.510026,-0.283324,-0.039949,-2.394613,-0.320258,-0.039949,-2.276085,0.127975,-0.039949,-2.202032,0.471481,-0.039949,0.454143,0.304878,1.019857,0.441503,0.284113,1.019857,0.434638,0.274551,1.019857,0.426481,0.316832,1.019857,0.404893,0.248521,1.019857,0.392671,0.326381,1.019857,0.394685,0.440571,1.019857,0.342615,0.512254,1.019857,0.305075,0.546665,1.019857,0.253423,0.613606,1.019857,0.228919,0.662293,1.019857,0.343600,0.697328,1.019857,0.467387,0.805594,1.019857,0.489833,0.874992,1.019857,0.553365,0.942146,1.019857,0.647132,0.988425,1.019857,0.755285,1.083008,1.019857,0.563139,0.583514,1.019857,0.614280,0.662736,1.019857,0.645001,0.721799,1.019857,0.677388,0.796892,1.019857,0.648853,0.841075,1.019857,0.733292,0.990829,1.019857,0.758756,1.009468,1.019857,0.782863,1.032742,1.019857,0.825390,1.040541,1.019857,0.874501,1.066485,1.019857,0.647580,0.823486,1.019857,-0.134858,-0.134858,-0.134858,0.595891,0.751309,1.019857,0.564719,0.722843,1.019857,0.575049,0.594446,1.019857,-0.134858,-0.134858,-0.134858,0.530971,0.616864,1.019857,0.509467,0.664036,1.019857,0.482525,0.724452,1.019857,-0.134858,-0.134858,-0.134858,-0.134858,-0.134858,-0.134858,-0.134858,-0.134858,-0.134858,-0.134858,-0.134858,-0.134858,-0.134858,-0.134858,-0.134858,0.584317,0.626273,1.019857,-0.134858,-0.134858,-0.134858,0.733277,0.983630,1.019857,0.762301,0.996522,1.019857,-0.134858,-0.134858,-0.134858,0.733650,1.025853,1.019857,-0.134858,-0.134858,-0.134858,0.415309,0.389226,1.019857,-0.134858,-0.134858,-0.134858,-0.134858,-0.134858,-0.134858,-0.134858,-0.134858,-0.134858,-0.134858,-0.134858,-0.134858,-0.134858,-0.134858,-0.134858,0.399783,0.586616,1.019857,0.397635,0.535941,1.019857,0.386593,0.530134,1.019857,0.386593,0.530134,1.019857,0.386766,0.474167,1.019857,0.392717,0.439726,1.019857,0.415309,0.389226,1.019857,-0.134858,-0.134858,-0.134858,-0.134858,-0.134858,-0.134858,-0.134858,-0.134858,-0.134858,-0.134858,-0.134858,-0.134858,-0.134858,-0.134858,-0.134858,-0.134858,-0.134858,-0.134858,-0.134858,-0.134858,-0.134858,0.596499,0.678381,1.019857,0.728700,1.038636,1.019857
0.586628,0.406876,1.363755,-1.532712,0.295518,1.143750,-1.975426,-0.101469,1.124544,-1.494723,0.763025,-0.179129,-2.340433,0.493001,1.006603,1.729572,0.935185,0.966220,1.726173,0.787180,0.643546,0.830607,0.698647,1.210847,-1.579011,1.393787,-0.453515,-1.717568,1.319439,-0.396677,-0.134858,-0.134858,-0.134858,-0.134858,-0.134858,-0.134858,-0.134858,-0.134858,-0.134858,-0.134858,-0.134858,-0.134858,-0.134858,-0.134858,-0.134858,0.350675,-0.574999,1.235600,0.939238,0.839045,0.930681,0.493477,-0.299208,1.544122,1.154428,0.597878,1.014878,-0.134858,-0.134858,-0.134858,-0.134858,-0.134858,-0.134858,-0.134858,-0.134858,-0.134858,-0.134858,-0.134858,-0.134858,-0.134858,-0.134858,-0.134858,-0.134858,-0.134858,-0.134858,-0.229786,-0.229786,-0.229786,-0.229786,-0.229786,-0.229786,-0.229786,-0.229786,-0.229786,-0.229786,-0.229786,-0.229786,-0.229786,-0.229786,-0.229786,-0.229786,-0.229786,-0.229786,-0.229786,-0.229786,-0.229786,-0.229786,-0.229786,-0.229786,-0.229786,-0.229786,-0.229786,-0.229786,-0.229786,-0.229786,-0.229786,-0.229786,-0.229786,-0.229786,-0.229786,-0.229786,-0.229786,-0.229786,-0.229786,-0.229786,-0.229786,-0.229786,-0.229786,-0.229786,-0.229786,-0.229786,-0.229786,-0.229786,-0.229786,-0.229786,-0.229786,-0.229786,-0.229786,-0.229786,-0.229786,-0.229786,-0.229786,-0.229786,-0.229786,-0.229786,-0.229786,-0.229786,-0.229786,-1.996507,0.470028,-0.039949,-1.758078,0.575213,-0.039949,-1.725897,0.519556,-0.039949,-1.830692,0.463565,-0.039949,-2.001069,0.513109,-0.039949,-2.003212,-0.059531,-0.039949,-2.052993,-0.475116,-0.039949,-2.058120,-0.776810,-0.039949,-2.055925,-0.973987,-0.039949,-2.322466,-0.236762,-0.039949,-2.351251,-0.725199,-0.039949,-2.264000,-1.020136,-0.039949,-2.191100,-1.182711,-0.039949,-2.471901,-0.314319,-0.039949,-2.364808,-0.402599,-0.039949,-2.179892,0.128381,-0.039949,-2.058246,0.503689,-0.039949,-2.510026,-0.283324,-0.039949,-2.394613,-0.320258,-0.039949,-2.276085,0.127975,-0.039949,-2.202032,0.471481,-0.039949,0.454143,0.304878,1.019857,0.441503,0.284113,1.019857,0.434638,0.274551,1.019857,0.426481,0.316832,1.019857,0.404893,0.248521,1.019857,0.392671,0.326381,1.019857,0.394685,0.440571,1.019857,0.342615,0.512254,1.019857,0.305075,0.546665,1.019857,0.253423,0.613606,1.019857,0.228919,0.662293,1.019857,0.343600,0.697328,1.019857,0.467387,0.805594,1.019857,0.489833,0.874992,1.019857,0.553365,0.942146,1.019857,0.647132,0.988425,1.019857,0.755285,1.083008,1.019857,0.563139,0.583514,1.019857,0.614280,0.662736,1.019857,0.645001,0.721799,1.019857,0.677388,0.796892,1.019857,0.648853,0.841075,1.019857,0.733292,0.990829,1.019857,0.758756,1.009468,1.019857,0.782863,1.032742,1.019857,0.825390,1.040541,1.019857,0.874501,1.066485,1.019857,0.647580,0.823486,1.019857,-0.134858,-0.134858,-0.134858,0.595891,0.751309,1.019857,0.564719,0.722843,1.019857,0.575049,0.594446,1.019857,-0.134858,-0.134858,-0.134858,0.530971,0.616864,1.019857,0.509467,0.664036,1.019857,0.482525,0.724452,1.019857,-0.134858,-0.134858,-0.134858,-0.134858,-0.134858,-0.134858,-0.134858,-0.134858,-0.134858,-0.134858,-0.134858,-0.134858,-0.134858,-0.134858,-0.134858,0.584317,0.626273,1.019857,-0.134858,-0.134858,-0.134858,0.733277,0.983630,1.019857,0.762301,0.996522,1.019857,-0.134858,-0.134858,-0.134858,0.733650,1.025853,1.019857,-0.134858,-0.134858,-0.134858,0.415309,0.389226,1.019857,-0.134858,-0.134858,-0.134858,-0.134858,-0.134858,-0.134858,-0.134858,-0.134858,-0.134858,-0.134858,-0.134858,-0.134858,-0.134858,-0.134858,-0.134858,0.399783,0.586616,1.019857,0.397635,0.535941,1.019857,0.386593,0.530134,1.019857,0.386593,0.530134,1.019857,0.386766,0.474167,1.019857,0.392717,0.439726,1.019857,0.415309,0.389226,1.019857,-0.134858,-0.134858,-0.134858,-0.134858,-0.134858,-0.134858,-0.134858,-0.134858,-0.134858,-0.134858,-0.134858,-0.134858,-0.134858,-0.134858,-0.134858,-0.134858,-0.134858,-0.134858,-0.134858,-0.134858,-0.134858,0.596499,0.678381,1.019857,0.728700,1.038636,1.019857
0.590759,0.554604,1.302856,-1.644499,0.379879,1.193158,-2.031228,0.130100,1.126724,-1.484775,0.903438,-0.234591,-2.389653,0.539712,1.025116,1.497406,0.496513,1.018739,1.370909,0.538271,1.152248,0.831664,0.644586,1.635229,-0.883421,1.351143,-0.481840,-0.505837,1.323466,-0.441724,-0.134858,-0.134858,-0.134858,-0.134858,-0.134858,-0.134858,-0.134858,-0.134858,-0.134858,-0.134858,-0.134858,-0.134858,-0.134858,-0.134858,-0.134858,0.347292,-0.513459,1.103851,0.942884,0.942418,0.828890,0.488055,-0.297468,1.432510,1.151370,0.646373,0.977291,-0.134858,-0.134858,-0.134858,-0.134858,-0.134858,-0.134858,-0.134858,-0.134858,-0.134858,-0.134858,-0.134858,-0.134858,-0.134858,-0.134858,-0.134858,-0.134858,-0.134858,-0.134858,-0.229786,-0.229786,-0.229786,-0.229786,-0.229786,-0.229786,-0.229786,-0.229786,-0.229786,-0.229786,-0.229786,-0.229786,-0.229786,-0.229786,-0.229786,-0.229786,-0.229786,-0.229786,-0.229786,-0.229786,-0.229786,-0.229786,-0.229786,-0.229786,-0.229786,-0.229786,-0.229786,-0.229786,-0.229786,-0.229786,-0.229786,-0.229786,-0.229786,-0.229786,-0.229786,-0.229786,-0.229786,-0.229786,-0.229786,-0.229786,-0.229786,-0.229786,-0.229786,-0.229786,-0.229786,-0.229786,-0.229786,-0.229786,-0.229786,-0.229786,-0.229786,-0.229786,-0.229786,-0.229786,-0.229786,-0.229786,-0.229786,-0.229786,-0.229786,-0.229786,-0.229786,-0.229786,-0.229786,-1.780491,0.422808,-0.039949,-1.538240,0.520106,-0.039949,-1.449857,0.487453,-0.039949,-1.428790,0.414706,-0.039949,-1.437950,0.388287,-0.039949,-1.870095,-0.136159,-0.039949,-1.965192,-0.505796,-0.039949,-1.957047,-0.760797,-0.039949,-1.947707,-0.921160,-0.039949,-2.145956,-0.312679,-0.039949,-2.163550,-0.754328,-0.039949,-2.059228,-0.989281,-0.039949,-1.973495,-1.103642,-0.039949,-2.268908,-0.410079,-0.039949,-2.212127,-0.581976,-0.039949,-2.043246,-0.300323,-0.039949,-1.908255,-0.024248,-0.039949,-2.302908,-0.399924,-0.039949,-2.272451,-0.532750,-0.039949,-2.183048,-0.264489,-0.039949,-2.099827,0.008819,-0.039949,0.494636,0.302358,1.019857,0.470912,0.297964,1.019857,0.461677,0.304563,1.019857,0.471561,0.338277,1.019857,0.450063,0.299499,1.019857,0.471734,0.356161,1.019857,0.477056,0.431425,1.019857,0.384506,0.483878,1.019857,0.306370,0.528682,1.019857,0.171939,0.645064,1.019857,0.085906,0.783113,1.019857,0.226443,0.810065,1.019857,0.346098,0.983652,1.019857,0.384230,1.075158,1.019857,0.455936,1.170861,1.019857,0.563670,1.204354,1.019857,0.682806,1.251951,1.019857,0.658376,0.495455,1.019857,0.724419,0.563628,1.019857,0.761221,0.622098,1.019857,0.783188,0.703440,1.019857,0.726186,0.783298,1.019857,0.762765,0.950372,1.019857,0.776303,0.958903,1.019857,0.767848,1.013855,1.019857,0.781872,1.047413,1.019857,0.809864,1.141805,1.019857,0.719271,0.799806,1.019857,-0.134858,-0.134858,-0.134858,0.676638,0.703365,1.019857,0.645974,0.670322,1.019857,0.645783,0.586455,1.019857,-0.134858,-0.134858,-0.134858,0.593354,0.592254,1.019857,0.567298,0.642178,1.019857,0.511745,0.762345,1.019857,-0.134858,-0.134858,-0.134858,-0.134858,-0.134858,-0.134858,-0.134858,-0.134858,-0.134858,-0.134858,-0.134858,-0.134858,-0.134858,-0.134858,-0.134858,0.640909,0.588881,1.019857,-0.134858,-0.134858,-0.134858,0.742242,1.053093,1.019857,0.749624,1.073323,1.019857,-0.134858,-0.134858,-0.134858,0.739222,1.121785,1.019857,-0.134858,-0.134858,-0.134858,0.448721,0.375139,1.019857,-0.134858,-0.134858,-0.134858,-0.134858,-0.134858,-0.134858,-0.134858,-0.134858,-0.134858,-0.134858,-0.134858,-0.134858,-0.134858,-0.134858,-0.134858,0.383959,0.662983,1.019857,0.410883,0.557163,1.019857,0.412851,0.531256,1.019857,0.412851,0.531256,1.019857,0.424089,0.465909,1.019857,0.429051,0.430554,1.019857,0.448721,0.375139,1.019857,-0.134858,-0.134858,-0.134858,-0.134858,-0.134858,-0.134858,-0.134858,-0.134858,-0.134858,-0.134858,-0.134858,-0.134858,-0.134858,-0.134858,-0.134858,-0.134858,-0.134858,-0.134858,-0.134858,-0.134858,-0.134858,0.656076,0.642310,1.019857,0.743509,1.130301,1.019857
0.541184,0.603206,1.361432,-1.512998,0.579172,1.259936,-1.888628,0.333728,1.161605,-1.296218,0.965447,-0.281511,-2.354828,0.505073,1.044686,1.449458,0.449827,1.089723,1.171946,0.535564,1.175256,0.849504,0.656963,1.768347,-0.930761,1.358927,-0.559745,-0.589789,1.319079,-0.503076,-0.134858,-0.134858,-0.134858,-0.134858,-0.134858,-0.134858,-0.134858,-0.134858,-0.134858,-0.134858,-0.134858,-0.134858,-0.134858,-0.134858,-0.134858,0.335116,-0.307176,1.205111,0.853989,1.021658,0.938887,0.484278,-0.167493,1.511424,0.967820,0.655144,1.102911,-0.134858,-0.134858,-0.134858,-0.134858,-0.134858,-0.134858,-0.134858,-0.134858,-0.134858,-0.134858,-0.134858,-0.134858,-0.134858,-0.134858,-0.134858,-0.134858,-0.134858,-0.134858,-0.229786,-0.229786,-0.229786,-0.229786,-0.229786,-0.229786,-0.229786,-0.229786,-0.229786,-0.229786,-0.229786,-0.229786,-0.229786,-0.229786,-0.229786,-0.229786,-0.229786,-0.229786,-0.229786,-0.229786,-0.229786,-0.229786,-0.229786,-0.229786,-0.229786,-0.229786,-0.229786,-0.229786,-0.229786,-0.229786,-0.229786,-0.229786,-0.229786,-0.229786,-0.229786,-0.229786,-0.229786,-0.229786,-0.229786,-0.229786,-0.229786,-0.229786,-0.229786,-0.229786,-0.229786,-0.229786,-0.229786,-0.229786,-0.229786,-0.229786,-0.229786,-0.229786,-0.229786,-0.229786,-0.229786,-0.229786,-0.229786,-0.229786,-0.229786,-0.229786,-0.229786,-0.229786,-0.229786,-1.392361,0.354079,-0.039949,-1.155142,0.427789,-0.039949,-1.100966,0.348042,-0.039949,-1.062192,0.251989,-0.039949,-0.977574,0.166525,-0.039949,-1.584341,-0.209207,-0.039949,-1.722616,-0.589174,-0.039949,-1.696768,-0.686611,-0.039949,-1.638335,-0.691531,-0.039949,-1.813299,-0.389853,-0.039949,-1.814237,-0.813779,-0.039949,-1.647848,-0.959990,-0.039949,-1.483863,-1.023278,-0.039949,-1.923361,-0.497193,-0.039949,-1.901748,-1.045800,-0.039949,-1.779927,-1.433761,-0.039949,-1.612647,-1.657898,-0.039949,-1.977498,-0.481828,-0.039949,-2.119561,-0.851690,-0.039949,-2.189463,-1.141638,-0.039949,-2.187967,-1.380355,-0.039949,0.574393,0.167859,1.019857,0.572853,0.135881,1.019857,0.583025,0.123275,1.019857,0.575264,0.162135,1.019857,0.583619,0.075327,1.019857,0.564972,0.150457,1.019857,0.490909,0.269817,1.019857,0.335932,0.352697,1.019857,0.236407,0.402259,1.019857,0.098679,0.506643,1.019857,0.006416,0.602684,1.019857,0.121134,0.678764,1.019857,0.225037,0.813394,1.019857,0.274898,0.890619,1.019857,0.408470,0.947068,1.019857,0.519056,0.989271,1.019857,0.597216,1.120221,1.019857,0.687715,0.627253,1.019857,0.739729,0.735541,1.019857,0.758426,0.791760,1.019857,0.757533,0.836204,1.019857,0.694711,0.829424,1.019857,0.655423,0.988142,1.019857,0.670008,1.011939,1.019857,0.650887,1.050789,1.019857,0.660330,1.081583,1.019857,0.695988,1.142861,1.019857,0.635100,0.842595,1.019857,-0.134858,-0.134858,-0.134858,0.553166,0.801021,1.019857,0.516168,0.770018,1.019857,0.510060,0.606749,1.019857,-0.134858,-0.134858,-0.134858,0.443498,0.627371,1.019857,0.424429,0.687882,1.019857,0.410888,0.794616,1.019857,-0.134858,-0.134858,-0.134858,-0.134858,-0.134858,-0.134858,-0.134858,-0.134858,-0.134858,-0.134858,-0.134858,-0.134858,-0.134858,-0.134858,-0.134858,0.665705,0.577933,1.019857,-0.134858,-0.134858,-0.134858,0.627005,0.976592,1.019857,0.638813,0.965523,1.019857,-0.134858,-0.134858,-0.134858,0.597105,1.070452,1.019857,-0.134858,-0.134858,-0.134858,0.284420,0.341832,1.019857,-0.134858,-0.134858,-0.134858,-0.134858,-0.134858,-0.134858,-0.134858,-0.134858,-0.134858,-0.134858,-0.134858,-0.134858,-0.134858,-0.134858,-0.134858,0.247718,0.644215,1.019857,0.261379,0.577927,1.019857,0.270094,0.522514,1.019857,0.270094,0.522514,1.019857,0.274067,0.450457,1.019857,0.278977,0.404253,1.019857,0.284420,0.341832,1.019857,-0.134858,-0.134858,-0.134858,-0.134858,-0.134858,-0.134858,-0.134858,-0.134858,-0.134858,-0.134858,-0.134858,-0.134858,-0.134858,-0.134858,-0.134858,-0.134858,-0.134858,-0.134858,-0.134858,-0.134858,-0.134858,0.673502,0.629852,1.019857,0.603587,1.075861,1.019857
0.541184,0.603206,1.361432,-1.512998,0.579172,1.259936,-1.888628,0.333728,1.161605,-1.296218,0.965447,-0.281511,-2.354828,0.505073,1.044686,1.449458,0.449827,1.089723,1.171946,0.535564,1.175256,0.849504,0.656963,1.768347,-0.930761,1.358927,-0.559745,-0.589789,1.319079,-0.503076,-0.134858,-0.134858,-0.134858,-0.134858,-0.134858,-0.134858,-0.134858,-0.134858,-0.134858,-0.134858,-0.134858,-0.134858,-0.134858,-0.134858,-0.134858,0.335116,-0.307176,1.205111,0.853989,1.021658,0.938887,0.484278,-0.167493,1.511424,0.967820,0.655144,1.102911,-0.134858,-0.134858,-0.134858,-0.134858,-0.134858,-0.134858,-0.134858,-0.134858,-0.134858,-0.134858,-0.134858,-0.134858,-0.134858,-0.134858,-0.134858,-0.134858,-0.134858,-0.134858,-0.229786,-0.229786,-0.229786,-0.229786,-0.229786,-0.229786,-0.229786,-0.229786,-0.229786,-0.229786,-0.229786,-0.229786,-0.229786,-0.229786,-0.229786,-0.229786,-0.229786,-0.229786,-0.229786,-0.229786,-0.229786,-0.229786,-0.229786,-0.229786,-0.229786,-0.229786,-0.229786,-0.229786,-0.229786,-0.229786,-0.229786,-0.229786,-0.229786,-0.229786,-0.229786,-0.229786,-0.229786,-0.229786,-0.229786,-0.229786,-0.229786,-0.229786,-0.229786,-0.229786,-0.229786,-0.229786,-0.229786,-0.229786,-0.229786,-0.229786,-0.229786,-0.229786,-0.229786,-0.229786,-0.229786,-0.229786,-0.229786,-0.229786,-0.229786,-0.229786,-0.229786,-0.229786,-0.229786,-1.392361,0.354079,-0.039949,-1.155142,0.427789,-0.039949,-1.100966,0.348042,-0.039949,-1.062192,0.251989,-0.039949,-0.977574,0.166525,-0.039949,-1.584341,-0.209207,-0.039949,-1.722616,-0.589174,-0.039949,-1.696768,-0.686611,-0.039949,-1.638335,-0.691531,-0.039949,-1.813299,-0.389853,-0.039949,-1.814237,-0.813779,-0.039949,-1.647848,-0.959990,-0.039949,-1.483863,-1.023278,-0.039949,-1.923361,-0.497193,-0.039949,-1.901748,-1.045800,-0.039949,-1.779927,-1.433761,-0.039949,-1.612647,-1.657898,-0.039949,-1.977498,-0.481828,-0.039949,-2.119561,-0.851690,-0.039949,-2.189463,-1.141638,-0.039949,-2.187967,-1.380355,-0.039949,0.574393,0.167859,1.019857,0.572853,0.135881,1.019857,0.583025,0.123275,1.019857,0.575264,0.162135,1.019857,0.583619,0.075327,1.019857,0.564972,0.150457,1.019857,0.490909,0.269817,1.019857,0.335932,0.352697,1.019857,0.236407,0.402259,1.019857,0.098679,0.506643,1.019857,0.006416,0.602684,1.019857,0.121134,0.678764,1.019857,0.225037,0.813394,1.019857,0.274898,0.890619,1.019857,0.408470,0.947068,1.019857,0.519056,0.989271,1.019857,0.597216,1.120221,1.019857,0.687715,0.627253,1.019857,0.739729,0.735541,1.019857,0.758426,0.791760,1.019857,0.757533,0.836204,1.019857,0.694711,0.829424,1.019857,0.655423,0.988142,1.019857,0.670008,1.011939,1.019857,0.650887,1.050789,1.019857,0.660330,1.081583,1.019857,0.695988,1.142861,1.019857,0.635100,0.842595,1.019857,-0.134858,-0.134858,-0.134858,0.553166,0.801021,1.019857,0.516168,0.770018,1.019857,0.510060,0.606749,1.019857,-0.134858,-0.134858,-0.134858,0.443498,0.627371,1.019857,0.424429,0.687882,1.019857,0.410888,0.794616,1.019857,-0.134858,-0.134858,-0.134858,-0.134858,-0.134858,-0.134858,-0.134858,-0.134858,-0.134858,-0.134858,-0.134858,-0.134858,-0.134858,-0.134858,-0.134858,0.665705,0.577933,1.019857,-0.134858,-0.134858,-0.134858,0.627005,0.976592,1.019857,0.638813,0.965523,1.019857,-0.134858,-0.134858,-0.134858,0.597105,1.070452,1.019857,-0.134858,-0.134858,-0.134858,0.284420,0.341832,1.019857,-0.134858,-0.134858,-0.134858,-0.134858,-0.134858,-0.134858,-0.134858,-0.134858,-0.134858,-0.134858,-0.134858,-0.134858,-0.134858,-0.134858,-0.134858,0.247718,0.644215,1.019857,0.261379,0.577927,1.019857,0.270094,0.522514,1.019857,0.270094,0.522514,1.019857,0.274067,0.450457,1.019857,0.278977,0.404253,1.019857,0.284420,0.341832,1.019857,-0.134858,-0.134858,-0.134858,-0.134858,-0.134858,-0.134858,-0.134858,-0.134858,-0.134858,-0.134858,-0.134858,-0.134858,-0.134858,-0.134858,-0.134858,-0.134858,-0.134858,-0.134858,-0.134858,-0.134858,-0.134858,0.673502,0.629852,1.019857,0.603587,1.075861,1.019857
0.427860,0.598092,1.090869,-1.968185,0.586334,1.233737,-2.009707,0.348095,1.073732,-1.174591,1.152958,-0.308500,-1.787346,0.483001,1.060479,0.061325,0.427834,1.061874,0.392601,0.579882,1.159995,0.534606,0.663944,1.928035,-1.546912,1.498515,-0.653362,-1.332751,1.475677,-0.580632,-0.134858,-0.134858,-0.134858,-0.134858,-0.134858,-0.134858,-0.134858,-0.134858,-0.134858,-0.134858,-0.134858,-0.134858,-0.134858,-0.134858,-0.134858,0.203236,-0.303998,0.787831,0.763579,0.973614,0.627774,0.263776,-0.181277,1.207542,0.825921,0.664244,0.922888,-0.134858,-0.134858,-0.134858,-0.134858,-0.134858,-0.134858,-0.134858,-0.134858,-0.134858,-0.134858,-0.134858,-0.134858,-0.134858,-0.134858,-0.134858,-0.134858,-0.134858,-0.134858,-0.229786,-0.229786,-0.229786,-0.229786,-0.229786,-0.229786,-0.229786,-0.229786,-0.229786,-0.229786,-0.229786,-0.229786,-0.229786,-0.229786,-0.229786,-0.229786,-0.229786,-0.229786,-0.229786,-0.229786,-0.229786,-0.229786,-0.229786,-0.229786,-0.229786,-0.229786,-0.229786,-0.229786,-0.229786,-0.229786,-0.229786,-0.229786,-0.229786,-0.229786,-0.229786,-0.229786,-0.229786,-0.229786,-0.229786,-0.229786,-0.229786,-0.229786,-0.229786,-0.229786,-0.229786,-0.229786,-0.229786,-0.229786,-0.229786,-0.229786,-0.229786,-0.229786,-0.229786,-0.229786,-0.229786,-0.229786,-0.229786,-0.229786,-0.229786,-0.229786,-0.229786,-0.229786,-0.229786,-0.955389,0.375806,-0.039949,-0.735343,0.461770,-0.039949,-0.702259,0.392128,-0.039949,-0.717454,0.317784,-0.039949,-0.682981,0.206619,-0.039949,-1.278508,-0.149738,-0.039949,-1.357407,-0.446709,-0.039949,-1.252452,-0.356316,-0.039949,-1.137243,-0.170900,-0.039949,-1.494098,-0.393203,-0.039949,-1.550174,-0.790467,-0.039949,-1.403690,-0.971229,-0.039949,-1.244122,-1.051756,-0.039949,-1.597700,-0.557753,-0.039949,-1.660398,-1.107696,-0.039949,-1.579521,-1.464054,-0.039949,-1.445930,-1.648079,-0.039949,-1.641909,-0.583148,-0.039949,-1.827789,-0.937792,-0.039949,-1.923842,-1.212726,-0.039949,-1.950388,-1.405863,-0.039949,0.426842,0.463034,1.019857,0.393981,0.443260,1.019857,0.368691,0.426032,1.019857,0.347246,0.412566,1.019857,0.266868,0.393765,1.019857,0.225504,0.413723,1.019857,0.189623,0.447397,1.019857,0.105389,0.466526,1.019857,0.036018,0.499116,1.019857,-0.104715,0.616159,1.019857,-0.248564,0.747584,1.019857,-0.116980,0.768038,1.019857,-0.132975,0.932755,1.019857,-0.108944,1.029300,1.019857,-0.011830,1.173753,1.019857,0.105245,1.227792,1.019857,0.235177,1.260210,1.019857,0.604231,0.746404,1.019857,0.654459,0.808072,1.019857,0.677793,0.860768,1.019857,0.679696,0.914395,1.019857,0.609169,0.869926,1.019857,0.472385,1.050650,1.019857,0.494020,1.097306,1.019857,0.430303,1.137537,1.019857,0.410960,1.173522,1.019857,0.380858,1.272827,1.019857,0.531108,0.767299,1.019857,-0.134858,-0.134858,-0.134858,0.484375,0.688140,1.019857,0.461887,0.658968,1.019857,0.459442,0.587977,1.019857,-0.134858,-0.134858,-0.134858,0.397641,0.587197,1.019857,0.367652,0.627197,1.019857,0.298531,0.724212,1.019857,-0.134858,-0.134858,-0.134858,-0.134858,-0.134858,-0.134858,-0.134858,-0.134858,-0.134858,-0.134858,-0.134858,-0.134858,-0.134858,-0.134858,-0.134858,0.593054,0.603542,1.019857,-0.134858,-0.134858,-0.134858,0.415701,0.895918,1.019857,0.404487,0.877345,1.019857,-0.134858,-0.134858,-0.134858,0.359362,1.020195,1.019857,-0.134858,-0.134858,-0.134858,0.227742,0.463616,1.019857,-0.134858,-0.134858,-0.134858,-0.134858,-0.134858,-0.134858,-0.134858,-0.134858,-0.134858,-0.134858,-0.134858,-0.134858,-0.134858,-0.134858,-0.134858,0.110878,0.690453,1.019857,0.184043,0.610648,1.019857,0.180802,0.557246,1.019857,0.180802,0.557246,1.019857,0.188285,0.516797,1.019857,0.205000,0.496666,1.019857,0.227742,0.463616,1.019857,-0.134858,-0.134858,-0.134858,-0.134858,-0.134858,-0.134858,-0.134858,-0.134858,-0.134858,-0.134858,-0.134858,-0.134858,-0.134858,-0.134858,-0.134858,-0.134858,-0.134858,-0.134858,-0.134858,-0.134858,-0.134858,0.593639,0.632635,1.019857,0.384879,1.018637,1.019857
0.427860,0.598092,1.090869,-1.968185,0.586334,1.233737,-2.009707,0.348095,1.073732,-1.174591,1.152958,-0.308500,-1.787346,0.483001,1.060479,0.061325,0.427834,1.061874,0.392601,0.579882,1.159995,0.534606,0.663944,1.928035,-1.546912,1.498515,-0.653362,-1.332751,1.475677,-0.580632,-0.134858,-0.134858,-0.134858,-0.134858,-0.134858,-0.134858,-0.134858,-0.134858,-0.134858,-0.134858,-0.134858,-0.134858,-0.134858,-0.134858,-0.134858,0.203236,-0.303998,0.787831,0.763579,0.973614,0.627774,0.263776,-0.181277,1.207542,0.825921,0.664244,0.922888,-0.134858,-0.134858,-0.134858,-0.134858,-0.134858,-0.134858,-0.134858,-0.134858,-0.134858,-0.134858,-0.134858,-0.134858,-0.134858,-0.134858,-0.134858,-0.134858,-0.134858,-0.134858,-0.229786,-0.229786,-0.229786,-0.229786,-0.229786,-0.229786,-0.229786,-0.229786,-0.229786,-0.229786,-0.229786,-0.229786,-0.229786,-0.229786,-0.229786,-0.229786,-0.229786,-0.229786,-0.229786,-0.229786,-0.229786,-0.229786,-0.229786,-0.229786,-0.229786,-0.229786,-0.229786,-0.229786,-0.229786,-0.229786,-0.229786,-0.229786,-0.229786,-0.229786,-0.229786,-0.229786,-0.229786,-0.229786,-0.229786,-0.229786,-0.229786,-0.229786,-0.229786,-0.229786,-0.229786,-0.229786,-0.229786,-0.229786,-0.229786,-0.229786,-0.229786,-0.229786,-0.229786,-0.229786,-0.229786,-0.229786,-0.229786,-0.229786,-0.229786,-0.229786,-0.229786,-0.229786,-0.229786,-0.955389,0.375806,-0.039949,-0.735343,0.461770,-0.039949,-0.702259,0.392128,-0.039949,-0.717454,0.317784,-0.039949,-0.682981,0.206619,-0.039949,-1.278508,-0.149738,-0.039949,-1.357407,-0.446709,-0.039949,-1.252452,-0.356316,-0.039949,-1.137243,-0.170900,-0.039949,-1.494098,-0.393203,-0.039949,-1.550174,-0.790467,-0.039949,-1.403690,-0.971229,-0.039949,-1.244122,-1.051756,-0.039949,-1.597700,-0.557753,-0.039949,-1.660398,-1.107696,-0.039949,-1.579521,-1.464054,-0.039949,-1.445930,-1.648079,-0.039949,-1.641909,-0.583148,-0.039949,-1.827789,-0.937792,-0.039949,-1.923842,-1.212726,-0.039949,-1.950388,-1.405863,-0.039949,0.426842,0.463034,1.019857,0.393981,0.443260,1.019857,0.368691,0.426032,1.019857,0.347246,0.412566,1.019857,0.266868,0.393765,1.019857,0.225504,0.413723,1.019857,0.189623,0.447397,1.019857,0.105389,0.466526,1.019857,0.036018,0.499116,1.019857,-0.104715,0.616159,1.019857,-0.248564,0.747584,1.019857,-0.116980,0.768038,1.019857,-0.132975,0.932755,1.019857,-0.108944,1.029300,1.019857,-0.011830,1.173753,1.019857,0.105245,1.227792,1.019857,0.235177,1.260210,1.019857,0.604231,0.746404,1.019857,0.654459,0.808072,1.019857,0.677793,0.860768,1.019857,0.679696,0.914395,1.019857,0.609169,0.869926,1.019857,0.472385,1.050650,1.019857,0.494020,1.097306,1.019857,0.430303,1.137537,1.019857,0.410960,1.173522,1.019857,0.380858,1.272827,1.019857,0.531108,0.767299,1.019857,-0.134858,-0.134858,-0.134858,0.484375,0.688140,1.019857,0.461887,0.658968,1.019857,0.459442,0.587977,1.019857,-0.134858,-0.134858,-0.134858,0.397641,0.587197,1.019857,0.367652,0.627197,1.019857,0.298531,0.724212,1.019857,-0.134858,-0.134858,-0.134858,-0.134858,-0.134858,-0.134858,-0.134858,-0.134858,-0.134858,-0.134858,-0.134858,-0.134858,-0.134858,-0.134858,-0.134858,0.593054,0.603542,1.019857,-0.134858,-0.134858,-0.134858,0.415701,0.895918,1.019857,0.404487,0.877345,1.019857,-0.134858,-0.134858,-0.134858,0.359362,1.020195,1.019857,-0.134858,-0.134858,-0.134858,0.227742,0.463616,1.019857,-0.134858,-0.134858,-0.134858,-0.134858,-0.134858,-0.134858,-0.134858,-0.134858,-0.134858,-0.134858,-0.134858,-0.134858,-0.134858,-0.134858,-0.134858,0.110878,0.690453,1.019857,0.184043,0.610648,1.019857,0.180802,0.557246,1.019857,0.180802,0.557246,1.019857,0.188285,0.516797,1.019857,0.205000,0.496666,1.019857,0.227742,0.463616,1.019857,-0.134858,-0.134858,-0.134858,-0.134858,-0.134858,-0.134858,-0.134858,-0.134858,-0.134858,-0.134858,-0.134858,-0.134858,-0.134858,-0.134858,-0.134858,-0.134858,-0.134858,-0.134858,-0.134858,-0.134858,-0.134858,0.593639,0.632635,1.019857,0.384879,1.018637,1.019857
0.352695,0.788478,0.807146,-2.629484,1.681819,1.201273,-2.362200,1.304059,1.001790,-0.828349,1.397402,-0.349021,-1.018547,0.496233,1.052091,-1.218685,0.641836,1.027366,-0.330074,0.919033,1.049689,0.049011,0.681266,1.771444,-1.924015,1.931057,-0.768427,-1.829173,1.915264,-0.661861,-0.134858,-0.134858,-0.134858,-0.134858,-0.134858,-0.134858,-0.134858,-0.134858,-0.134858,-0.134858,-0.134858,-0.134858,-0.134858,-0.134858,-0.134858,0.037620,-0.125454,0.523443,0.752102,0.974186,0.330444,-0.262617,-0.166726,0.969348,0.690917,0.822088,0.670659,-0.134858,-0.134858,-0.134858,-0.134858,-0.134858,-0.134858,-0.134858,-0.134858,-0.134858,-0.134858,-0.134858,-0.134858,-0.134858,-0.134858,-0.134858,-0.134858,-0.134858,-0.134858,-0.229786,-0.229786,-0.229786,-0.229786,-0.229786,-0.229786,-0.229786,-0.229786,-0.229786,-0.229786,-0.229786,-0.229786,-0.229786,-0.229786,-0.229786,-0.229786,-0.229786,-0.229786,-0.229786,-0.229786,-0.229786,-0.229786,-0.229786,-0.229786,-0.229786,-0.229786,-0.229786,-0.229786,-0.229786,-0.229786,-0.229786,-0.229786,-0.229786,-0.229786,-0.229786,-0.229786,-0.229786,-0.229786,-0.229786,-0.229786,-0.229786,-0.229786,-0.229786,-0.229786,-0.229786,-0.229786,-0.229786,-0.229786,-0.229786,-0.229786,-0.229786,-0.229786,-0.229786,-0.229786,-0.229786,-0.229786,-0.229786,-0.229786,-0.229786,-0.229786,-0.229786,-0.229786,-0.229786,-0.437683,0.446906,-0.039949,-0.224537,0.563077,-0.039949,-0.239849,0.507686,-0.039949,-0.282450,0.471227,-0.039949,-0.274286,0.437376,-0.039949,-0.887017,-0.068262,-0.039949,-0.920726,-0.265743,-0.039949,-0.821674,-0.083617,-0.039949,-0.776187,0.093232,-0.039949,-1.082679,-0.314430,-0.039949,-1.117629,-0.702975,-0.039949,-1.024643,-0.909360,-0.039949,-0.951210,-1.026570,-0.039949,-1.201425,-0.485532,-0.039949,-1.289417,-1.033177,-0.039949,-1.253601,-1.405313,-0.039949,-1.194054,-1.618826,-0.039949,-1.276238,-0.511096,-0.039949,-1.463389,-0.847624,-0.039949,-1.540132,-1.075695,-0.039949,-1.569018,-1.228567,-0.039949,0.314562,0.035827,1.019857,0.273331,-0.025534,1.019857,0.219953,-0.059028,1.019857,0.078305,0.000550,1.019857,0.087698,-0.103960,1.019857,-0.045340,0.034013,1.019857,-0.203467,0.253770,1.019857,-0.352937,0.446862,1.019857,-0.407120,0.531896,1.019857,-0.439150,0.633529,1.019857,-0.433204,0.669271,1.019857,-0.364004,0.718583,1.019857,-0.207531,0.794145,1.019857,-0.105360,0.833381,1.019857,0.132697,0.819677,1.019857,0.232322,0.878392,1.019857,0.255610,1.054706,1.019857,0.339560,0.565056,1.019857,0.332590,0.686476,1.019857,0.323037,0.759220,1.019857,0.296666,0.821827,1.019857,0.239200,0.790079,1.019857,0.170423,0.984264,1.019857,0.201761,1.045730,1.019857,0.186054,1.047083,1.019857,0.199562,1.082909,1.019857,0.242793,1.147563,1.019857,0.117909,0.854664,1.019857,-0.134858,-0.134858,-0.134858,-0.037409,0.827459,1.019857,-0.093075,0.792157,1.019857,-0.086146,0.558806,1.019857,-0.134858,-0.134858,-0.134858,-0.164176,0.611839,1.019857,-0.174821,0.678322,1.019857,-0.126601,0.777867,1.019857,-0.134858,-0.134858,-0.134858,-0.134858,-0.134858,-0.134858,-0.134858,-0.134858,-0.134858,-0.134858,-0.134858,-0.134858,-0.134858,-0.134858,-0.134858,0.252721,0.490404,1.019857,-0.134858,-0.134858,-0.134858,0.152772,0.927920,1.019857,0.169237,0.942644,1.019857,-0.134858,-0.134858,-0.134858,0.099773,0.999601,1.019857,-0.134858,-0.134858,-0.134858,-0.265386,0.319351,1.019857,-0.134858,-0.134858,-0.134858,-0.134858,-0.134858,-0.134858,-0.134858,-0.134858,-0.134858,-0.134858,-0.134858,-0.134858,-0.134858,-0.134858,-0.134858,-0.266381,0.687609,1.019857,-0.260407,0.715274,1.019857,-0.323131,0.657855,1.019857,-0.323131,0.657855,1.019857,-0.329946,0.516498,1.019857,-0.297305,0.420614,1.019857,-0.265386,0.319351,1.019857,-0.134858,-0.134858,-0.134858,-0.134858,-0.134858,-0.134858,-0.134858,-0.134858,-0.134858,-0.134858,-0.134858,-0.134858,-0.134858,-0.134858,-0.134858,-0.134858,-0.134858,-0.134858,-0.134858,-0.134858,-0.134858,0.262519,0.550343,1.019857,0.101009,0.991128,1.019857
0.317182,0.716312,-0.081442,-2.595625,1.776031,1.098330,-2.280900,1.312699,0.910898,-0.631949,1.352959,-0.326108,-0.600596,0.630777,1.024462,-1.417045,0.872248,0.917939,-0.290830,1.340044,0.817696,0.126538,0.780607,1.492088,-2.128051,2.258727,-0.872258,-2.147853,2.111720,-0.728016,-0.134858,-0.134858,-0.134858,-0.134858,-0.134858,-0.134858,-0.134858,-0.134858,-0.134858,-0.134858,-0.134858,-0.134858,-0.134858,-0.134858,-0.134858,0.078989,-0.131186,-0.284411,0.698433,0.951337,-0.560311,-0.286642,-0.191679,0.232969,0.602217,0.824359,-0.167319,-0.134858,-0.134858,-0.134858,-0.134858,-0.134858,-0.134858,-0.134858,-0.134858,-0.134858,-0.134858,-0.134858,-0.134858,-0.134858,-0.134858,-0.134858,-0.134858,-0.134858,-0.134858,-0.229786,-0.229786,-0.229786,-0.229786,-0.229786,-0.229786,-0.229786,-0.229786,-0.229786,-0.229786,-0.229786,-0.229786,-0.229786,-0.229786,-0.229786,-0.229786,-0.229786,-0.229786,-0.229786,-0.229786,-0.229786,-0.229786,-0.229786,-0.229786,-0.229786,-0.229786,-0.229786,-0.229786,-0.229786,-0.229786,-0.229786,-0.229786,-0.229786,-0.229786,-0.229786,-0.229786,-0.229786,-0.229786,-0.229786,-0.229786,-0.229786,-0.229786,-0.229786,-0.229786,-0.229786,-0.229786,-0.229786,-0.229786,-0.229786,-0.229786,-0.229786,-0.229786,-0.229786,-0.229786,-0.229786,-0.229786,-0.229786,-0.229786,-0.229786,-0.229786,-0.229786,-0.229786,-0.229786,0.058213,0.638279,-0.039949,0.264178,0.715757,-0.039949,0.166700,0.676105,-0.039949,0.101248,0.649020,-0.039949,0.119817,0.619889,-0.039949,-0.493670,0.188891,-0.039949,-0.509658,0.021809,-0.039949,-0.413549,0.219005,-0.039949,-0.378472,0.412818,-0.039949,-0.676973,-0.040152,-0.039949,-0.780044,-0.376103,-0.039949,-0.702323,-0.615206,-0.039949,-0.638953,-0.766647,-0.039949,-0.787015,-0.199533,-0.039949,-0.925680,-0.706396,-0.039949,-0.908872,-1.136277,-0.039949,-0.866281,-1.430064,-0.039949,-0.849231,-0.222465,-0.039949,-1.055825,-0.523301,-0.039949,-1.127701,-0.804651,-0.039949,-1.144086,-1.033579,-0.039949,0.169356,0.146305,1.019857,0.181989,0.081698,1.019857,0.190225,0.043489,1.019857,0.172962,0.104949,1.019857,0.196131,-0.028349,1.019857,0.151516,0.014977,1.019857,0.048379,0.105730,1.019857,-0.114622,0.203593,1.019857,-0.205395,0.259169,1.019857,-0.294086,0.357195,1.019857,-0.279975,0.439026,1.019857,-0.263278,0.508111,1.019857,-0.141395,0.619621,1.019857,-0.073377,0.661303,1.019857,0.135578,0.604514,1.019857,0.200615,0.646753,1.019857,0.173767,0.836869,1.019857,0.179092,0.675181,1.019857,0.170868,0.768968,1.019857,0.154667,0.806256,1.019857,0.122482,0.820353,1.019857,0.081258,0.788748,1.019857,-0.021910,0.872888,1.019857,-0.005099,0.916561,1.019857,-0.026676,0.919630,1.019857,-0.027222,0.970725,1.019857,0.020899,1.017452,1.019857,-0.017659,0.845731,1.019857,-0.134858,-0.134858,-0.134858,-0.142607,0.806353,1.019857,-0.181251,0.763906,1.019857,-0.040346,0.610975,1.019857,-0.134858,-0.134858,-0.134858,-0.123898,0.618339,1.019857,-0.177458,0.649744,1.019857,-0.222187,0.750929,1.019857,-0.134858,-0.134858,-0.134858,-0.134858,-0.134858,-0.134858,-0.134858,-0.134858,-0.134858,-0.134858,-0.134858,-0.134858,-0.134858,-0.134858,-0.134858,0.149530,0.620136,1.019857,-0.134858,-0.134858,-0.134858,-0.023824,0.875829,1.019857,-0.029724,0.862345,1.019857,-0.134858,-0.134858,-0.134858,-0.045270,0.929814,1.019857,-0.134858,-0.134858,-0.134858,0.066783,0.343141,1.019857,-0.134858,-0.134858,-0.134858,-0.134858,-0.134858,-0.134858,-0.134858,-0.134858,-0.134858,-0.134858,-0.134858,-0.134858,-0.134858,-0.134858,-0.134858,-0.249731,0.588562,1.019857,-0.215734,0.529233,1.019857,-0.173965,0.426104,1.019857,-0.173965,0.426104,1.019857,-0.042497,0.372874,1.019857,0.013987,0.354872,1.019857,0.066783,0.343141,1.019857,-0.134858,-0.134858,-0.134858,-0.134858,-0.134858,-0.134858,-0.134858,-0.134858,-0.134858,-0.134858,-0.134858,-0.134858,-0.134858,-0.134858,-0.134858,-0.134858,-0.134858,-0.134858,-0.134858,-0.134858,-0.134858,0.138122,0.688108,1.019857,-0.042541,0.959707,1.019857
0.317182,0.716312,-0.081442,-2.595625,1.776031,1.098330,-2.280900,1.312699,0.910898,-0.631949,1.352959,-0.326108,-0.600596,0.630777,1.024462,-1.417045,0.872248,0.917939,-0.290830,1.340044,0.817696,0.126538,0.780607,1.492088,-2.128051,2.258727,-0.872258,-2.147853,2.111720,-0.728016,-0.134858,-0.134858,-0.134858,-0.134858,-0.134858,-0.134858,-0.134858,-0.134858,-0.134858,-0.134858,-0.134858,-0.134858,-0.134858,-0.134858,-0.134858,0.078989,-0.131186,-0.284411,0.698433,0.951337,-0.560311,-0.286642,-0.191679,0.232969,0.602217,0.824359,-0.167319,-0.134858,-0.134858,-0.134858,-0.134858,-0.134858,-0.134858,-0.134858,-0.134858,-0.134858,-0.134858,-0.134858,-0.134858,-0.134858,-0.134858,-0.134858,-0.134858,-0.134858,-0.134858,-0.229786,-0.229786,-0.229786,-0.229786,-0.229786,-0.229786,-0.229786,-0.229786,-0.229786,-0.229786,-0.229786,-0.229786,-0.229786,-0.229786,-0.229786,-0.229786,-0.229786,-0.229786,-0.229786,-0.229786,-0.229786,-0.229786,-0.229786,-0.229786,-0.229786,-0.229786,-0.229786,-0.229786,-0.229786,-0.229786,-0.229786,-0.229786,-0.229786,-0.229786,-0.229786,-0.229786,-0.229786,-0.229786,-0.229786,-0.229786,-0.229786,-0.229786,-0.229786,-0.229786,-0.229786,-0.229786,-0.229786,-0.229786,-0.229786,-0.229786,-0.229786,-0.229786,-0.229786,-0.229786,-0.229786,-0.229786,-0.229786,-0.229786,-0.229786,-0.229786,-0.229786,-0.229786,-0.229786,0.058213,0.638279,-0.039949,0.264178,0.715757,-0.039949,0.166700,0.676105,-0.039949,0.101248,0.649020,-0.039949,0.119817,0.619889,-0.039949,-0.493670,0.188891,-0.039949,-0.509658,0.021809,-0.039949,-0.413549,0.219005,-0.039949,-0.378472,0.412818,-0.039949,-0.676973,-0.040152,-0.039949,-0.780044,-0.376103,-0.039949,-0.702323,-0.615206,-0.039949,-0.638953,-0.766647,-0.039949,-0.787015,-0.199533,-0.039949,-0.925680,-0.706396,-0.039949,-0.908872,-1.136277,-0.039949,-0.866281,-1.430064,-0.039949,-0.849231,-0.222465,-0.039949,-1.055825,-0.523301,-0.039949,-1.127701,-0.804651,-0.039949,-1.144086,-1.033579,-0.039949,0.169356,0.146305,1.019857,0.181989,0.081698,1.019857,0.190225,0.043489,1.019857,0.172962,0.104949,1.019857,0.196131,-0.028349,1.019857,0.151516,0.014977,1.019857,0.048379,0.105730,1.019857,-0.114622,0.203593,1.019857,-0.205395,0.259169,1.019857,-0.294086,0.357195,1.019857,-0.279975,0.439026,1.019857,-0.263278,0.508111,1.019857,-0.141395,0.619621,1.019857,-0.073377,0.661303,1.019857,0.135578,0.604514,1.019857,0.200615,0.646753,1.019857,0.173767,0.836869,1.019857,0.179092,0.675181,1.019857,0.170868,0.768968,1.019857,0.154667,0.806256,1.019857,0.122482,0.820353,1.019857,0.081258,0.788748,1.019857,-0.021910,0.872888,1.019857,-0.005099,0.916561,1.019857,-0.026676,0.919630,1.019857,-0.027222,0.970725,1.019857,0.020899,1.017452,1.019857,-0.017659,0.845731,1.019857,-0.134858,-0.134858,-0.134858,-0.142607,0.806353,1.019857,-0.181251,0.763906,1.019857,-0.040346,0.610975,1.019857,-0.134858,-0.134858,-0.134858,-0.123898,0.618339,1.019857,-0.177458,0.649744,1.019857,-0.222187,0.750929,1.019857,-0.134858,-0.134858,-0.134858,-0.134858,-0.134858,-0.134858,-0.134858,-0.134858,-0.134858,-0.134858,-0.134858,-0.134858,-0.134858,-0.134858,-0.134858,0.149530,0.620136,1.019857,-0.134858,-0.134858,-0.134858,-0.023824,0.875829,1.019857,-0.029724,0.862345,1.019857,-0.134858,-0.134858,-0.134858,-0.045270,0.929814,1.019857,-0.134858,-0.134858,-0.134858,0.066783,0.343141,1.019857,-0.134858,-0.134858,-0.134858,-0.134858,-0.134858,-0.134858,-0.134858,-0.134858,-0.134858,-0.134858,-0.134858,-0.134858,-0.134858,-0.134858,-0.134858,-0.249731,0.588562,1.019857,-0.215734,0.529233,1.019857,-0.173965,0.426104,1.019857,-0.173965,0.426104,1.019857,-0.042497,0.372874,1.019857,0.013987,0.354872,1.019857,0.066783,0.343141,1.019857,-0.134858,-0.134858,-0.134858,-0.134858,-0.134858,-0.134858,-0.134858,-0.134858,-0.134858,-0.134858,-0.134858,-0.134858,-0.134858,-0.134858,-0.134858,-0.134858,-0.134858,-0.134858,-0.134858,-0.134858,-0.134858,0.138122,0.688108,1.019857,-0.042541,0.959707,1.019857
0.246157,0.537266,-0.329296,-1.887000,1.662233,1.032976,-1.575474,1.255939,0.815814,-0.149123,0.689836,-0.263422,0.174020,0.700772,0.991774,-1.412586,0.727433,0.848469,-0.071369,1.162184,0.810898,0.184638,0.533740,1.329646,-1.656634,1.908273,-0.944276,-1.679471,1.817346,-0.779615,-0.134858,-0.134858,-0.134858,-0.134858,-0.134858,-0.134858,-0.134858,-0.134858,-0.134858,-0.134858,-0.134858,-0.134858,-0.134858,-0.134858,-0.134858,0.079917,-0.174913,-0.431961,0.623605,0.833727,-0.745392,-0.286465,-0.255958,0.015121,0.505290,0.491277,-0.365506,-0.134858,-0.134858,-0.134858,-0.134858,-0.134858,-0.134858,-0.134858,-0.134858,-0.134858,-0.134858,-0.134858,-0.134858,-0.134858,-0.134858,-0.134858,-0.134858,-0.134858,-0.134858,-0.229786,-0.229786,-0.229786,-0.229786,-0.229786,-0.229786,-0.229786,-0.229786,-0.229786,-0.229786,-0.229786,-0.229786,-0.229786,-0.229786,-0.229786,-0.229786,-0.229786,-0.229786,-0.229786,-0.229786,-0.229786,-0.229786,-0.229786,-0.229786,-0.229786,-0.229786,-0.229786,-0.229786,-0.229786,-0.229786,-0.229786,-0.229786,-0.229786,-0.229786,-0.229786,-0.229786,-0.229786,-0.229786,-0.229786,-0.229786,-0.229786,-0.229786,-0.229786,-0.229786,-0.229786,-0.229786,-0.229786,-0.229786,-0.229786,-0.229786,-0.229786,-0.229786,-0.229786,-0.229786,-0.229786,-0.229786,-0.229786,-0.229786,-0.229786,-0.229786,-0.229786,-0.229786,-0.229786,0.509959,0.781784,-0.039949,0.674465,0.864419,-0.039949,0.521747,0.873954,-0.039949,0.419268,0.891184,-0.039949,0.398926,0.860812,-0.039949,-0.040646,0.426485,-0.039949,-0.080356,0.356950,-0.039949,-0.034681,0.521534,-0.039949,-0.035864,0.663769,-0.039949,-0.225149,0.209181,-0.039949,-0.366506,-0.128182,-0.039949,-0.301159,-0.421091,-0.039949,-0.236895,-0.609833,-0.039949,-0.366041,0.057479,-0.039949,-0.567659,-0.402564,-0.039949,-0.560818,-0.824243,-0.039949,-0.523655,-1.134399,-0.039949,-0.459665,0.034975,-0.039949,-0.688098,-0.211711,-0.039949,-0.755186,-0.495218,-0.039949,-0.783987,-0.749178,-0.039949,0.247424,0.676905,1.019857,0.243706,0.594366,1.019857,0.234683,0.524123,1.019857,0.188398,0.475781,1.019857,0.178539,0.405249,1.019857,0.100910,0.324767,1.019857,0.006897,0.256879,1.019857,-0.166550,0.176638,1.019857,-0.305364,0.179516,1.019857,-0.504124,0.343717,1.019857,-0.583312,0.543123,1.019857,-0.571353,0.579974,1.019857,-0.620571,0.776277,1.019857,-0.645162,0.879929,1.019857,-0.498680,0.983095,1.019857,-0.440980,1.057346,1.019857,-0.449113,1.191042,1.019857,0.235263,1.131936,1.019857,0.203930,1.177816,1.019857,0.161737,1.200922,1.019857,0.104265,1.192443,1.019857,0.034226,1.110557,1.019857,-0.238074,1.204289,1.019857,-0.229616,1.272873,1.019857,-0.331933,1.270135,1.019857,-0.390381,1.321922,1.019857,-0.469863,1.376154,1.019857,-0.112764,1.014562,1.019857,-0.134858,-0.134858,-0.134858,-0.228264,0.919347,1.019857,-0.255625,0.867283,1.019857,-0.167299,0.793288,1.019857,-0.134858,-0.134858,-0.134858,-0.224732,0.765983,1.019857,-0.282661,0.782992,1.019857,-0.330099,0.880528,1.019857,-0.134858,-0.134858,-0.134858,-0.134858,-0.134858,-0.134858,-0.134858,-0.134858,-0.134858,-0.134858,-0.134858,-0.134858,-0.134858,-0.134858,-0.134858,0.185224,0.921494,1.019857,-0.134858,-0.134858,-0.134858,-0.301661,1.098791,1.019857,-0.356819,1.067840,1.019857,-0.134858,-0.134858,-0.134858,-0.413631,1.141235,1.019857,-0.134858,-0.134858,-0.134858,-0.023579,0.467619,1.019857,-0.134858,-0.134858,-0.134858,-0.134858,-0.134858,-0.134858,-0.134858,-0.134858,-0.134858,-0.134858,-0.134858,-0.134858,-0.134858,-0.134858,-0.134858,-0.498612,0.632426,1.019857,-0.453628,0.382162,1.019857,-0.298491,0.241815,1.019857,-0.298491,0.241815,1.019857,-0.089312,0.300922,1.019857,-0.041525,0.375631,1.019857,-0.023579,0.467619,1.019857,-0.134858,-0.134858,-0.134858,-0.134858,-0.134858,-0.134858,-0.134858,-0.134858,-0.134858,-0.134858,-0.134858,-0.134858,-0.134858,-0.134858,-0.134858,-0.134858,-0.134858,-0.134858,-0.134858,-0.134858,-0.134858,0.145118,0.982451,1.019857,-0.364545,1.184110,1.019857
0.244102,0.462295,-0.842812,-1.181615,1.244008,0.920065,-0.881270,1.019135,0.714693,-0.083156,0.389354,-0.169835,0.483153,0.759261,0.962883,-1.374791,0.276435,0.728448,0.567583,0.941322,0.667575,0.097582,0.284390,1.105030,-1.102520,1.305047,-0.990101,-1.165772,1.284513,-0.810154,-0.134858,-0.134858,-0.134858,-0.134858,-0.134858,-0.134858,-0.134858,-0.134858,-0.134858,-0.134858,-0.134858,-0.134858,-0.134858,-0.134858,-0.134858,0.112030,-0.201887,-0.834329,0.529577,0.664016,-1.236704,-0.275975,-0.278130,-0.457487,0.354157,-0.218255,-0.926526,-0.134858,-0.134858,-0.134858,-0.134858,-0.134858,-0.134858,-0.134858,-0.134858,-0.134858,-0.134858,-0.134858,-0.134858,-0.134858,-0.134858,-0.134858,-0.134858,-0.134858,-0.134858,-0.229786,-0.229786,-0.229786,-0.229786,-0.229786,-0.229786,-0.229786,-0.229786,-0.229786,-0.229786,-0.229786,-0.229786,-0.229786,-0.229786,-0.229786,-0.229786,-0.229786,-0.229786,-0.229786,-0.229786,-0.229786,-0.229786,-0.229786,-0.229786,-0.229786,-0.229786,-0.229786,-0.229786,-0.229786,-0.229786,-0.229786,-0.229786,-0.229786,-0.229786,-0.229786,-0.229786,-0.229786,-0.229786,-0.229786,-0.229786,-0.229786,-0.229786,-0.229786,-0.229786,-0.229786,-0.229786,-0.229786,-0.229786,-0.229786,-0.229786,-0.229786,-0.229786,-0.229786,-0.229786,-0.229786,-0.229786,-0.229786,-0.229786,-0.229786,-0.229786,-0.229786,-0.229786,-0.229786,0.791227,0.879978,-0.039949,0.928791,0.938526,-0.039949,0.709332,1.003829,-0.039949,0.602814,1.070306,-0.039949,0.544553,1.060443,-0.039949,0.154861,0.569038,-0.039949,0.116421,0.526940,-0.039949,0.158832,0.702139,-0.039949,0.129595,0.830982,-0.039949,-0.036814,0.382748,-0.039949,-0.235280,-0.007181,-0.039949,-0.176144,-0.354587,-0.039949,-0.136249,-0.582182,-0.039949,-0.171376,0.298806,-0.039949,-0.419721,-0.119547,-0.039949,-0.423736,-0.585630,-0.039949,-0.407640,-0.958148,-0.039949,-0.237436,0.353918,-0.039949,-0.481814,0.160937,-0.039949,-0.542470,-0.126291,-0.039949,-0.583181,-0.407866,-0.039949,0.283010,0.471079,1.019857,0.293740,0.359850,1.019857,0.295237,0.282165,1.019857,0.180393,0.285432,1.019857,0.242166,0.132759,1.019857,0.142129,0.119814,1.019857,0.008670,0.154141,1.019857,-0.211039,0.197597,1.019857,-0.340944,0.226203,1.019857,-0.492703,0.320296,1.019857,-0.526201,0.385886,1.019857,-0.472904,0.501011,1.019857,-0.361361,0.605190,1.019857,-0.290445,0.668750,1.019857,-0.058678,0.685548,1.019857,0.030745,0.766046,1.019857,0.025931,0.992852,1.019857,0.205918,1.022888,1.019857,0.182961,1.093029,1.019857,0.152635,1.121213,1.019857,0.115184,1.116767,1.019857,0.077744,1.077873,1.019857,-0.067286,1.106988,1.019857,-0.054175,1.152266,1.019857,-0.083299,1.132947,1.019857,-0.079489,1.156491,1.019857,-0.036967,1.173652,1.019857,-0.048617,1.052740,1.019857,-0.134858,-0.134858,-0.134858,-0.184984,1.014712,1.019857,-0.227060,0.986099,1.019857,-0.130072,0.786705,1.019857,-0.134858,-0.134858,-0.134858,-0.226195,0.805804,1.019857,-0.271678,0.852682,1.019857,-0.278565,0.905996,1.019857,-0.134858,-0.134858,-0.134858,-0.134858,-0.134858,-0.134858,-0.134858,-0.134858,-0.134858,-0.134858,-0.134858,-0.134858,-0.134858,-0.134858,-0.134858,0.182415,0.870437,1.019857,-0.134858,-0.134858,-0.134858,-0.071542,1.010661,1.019857,-0.065774,0.975582,1.019857,-0.134858,-0.134858,-0.134858,-0.126922,1.040949,1.019857,-0.134858,-0.134858,-0.134858,-0.168475,0.390549,1.019857,-0.134858,-0.134858,-0.134858,-0.134858,-0.134858,-0.134858,-0.134858,-0.134858,-0.134858,-0.134858,-0.134858,-0.134858,-0.134858,-0.134858,-0.134858,-0.416430,0.607344,1.019857,-0.402345,0.565057,1.019857,-0.339958,0.465502,1.019857,-0.339958,0.465502,1.019857,-0.244209,0.429311,1.019857,-0.203428,0.414391,1.019857,-0.168475,0.390549,1.019857,-0.134858,-0.134858,-0.134858,-0.134858,-0.134858,-0.134858,-0.134858,-0.134858,-0.134858,-0.134858,-0.134858,-0.134858,-0.134858,-0.134858,-0.134858,-0.134858,-0.134858,-0.134858,-0.134858,-0.134858,-0.134858,0.162966,0.921570,1.019857,-0.111142,1.053709,1.019857
0.244102,0.462295,-0.842812,-1.181615,1.244008,0.920065,-0.881270,1.019135,0.714693,-0.083156,0.389354,-0.169835,0.483153,0.759261,0.962883,-1.374791,0.276435,0.728448,0.567583,0.941322,0.667575,0.097582,0.284390,1.105030,-1.102520,1.305047,-0.990101,-1.165772,1.284513,-0.810154,-0.134858,-0.134858,-0.134858,-0.134858,-0.134858,-0.134858,-0.134858,-0.134858,-0.134858,-0.134858,-0.134858,-0.134858,-0.134858,-0.134858,-0.134858,0.112030,-0.201887,-0.834329,0.529577,0.664016,-1.236704,-0.275975,-0.278130,-0.457487,0.354157,-0.218255,-0.926526,-0.134858,-0.134858,-0.134858,-0.134858,-0.134858,-0.134858,-0.134858,-0.134858,-0.134858,-0.134858,-0.134858,-0.134858,-0.134858,-0.134858,-0.134858,-0.134858,-0.134858,-0.134858,-0.229786,-0.229786,-0.229786,-0.229786,-0.229786,-0.229786,-0.229786,-0.229786,-0.229786,-0.229786,-0.229786,-0.229786,-0.229786,-0.229786,-0.229786,-0.229786,-0.229786,-0.229786,-0.229786,-0.229786,-0.229786,-0.229786,-0.229786,-0.229786,-0.229786,-0.229786,-0.229786,-0.229786,-0.229786,-0.229786,-0.229786,-0.229786,-0.229786,-0.229786,-0.229786,-0.229786,-0.229786,-0.229786,-0.229786,-0.229786,-0.229786,-0.229786,-0.229786,-0.229786,-0.229786,-0.229786,-0.229786,-0.229786,-0.229786,-0.229786,-0.229786,-0.229786,-0.229786,-0.229786,-0.229786,-0.229786,-0.229786,-0.229786,-0.229786,-0.229786,-0.229786,-0.229786,-0.229786,0.791227,0.879978,-0.039949,0.928791,0.938526,-0.039949,0.709332,1.003829,-0.039949,0.602814,1.070306,-0.039949,0.544553,1.060443,-0.039949,0.154861,0.569038,-0.039949,0.116421,0.526940,-0.039949,0.158832,0.702139,-0.039949,0.129595,0.830982,-0.039949,-0.036814,0.382748,-0.039949,-0.235280,-0.007181,-0.039949,-0.176144,-0.354587,-0.039949,-0.136249,-0.582182,-0.039949,-0.171376,0.298806,-0.039949,-0.419721,-0.119547,-0.039949,-0.423736,-0.585630,-0.039949,-0.407640,-0.958148,-0.039949,-0.237436,0.353918,-0.039949,-0.481814,0.160937,-0.039949,-0.542470,-0.126291,-0.039949,-0.583181,-0.407866,-0.039949,0.283010,0.471079,1.019857,0.293740,0.359850,1.019857,0.295237,0.282165,1.019857,0.180393,0.285432,1.019857,0.242166,0.132759,1.019857,0.142129,0.119814,1.019857,0.008670,0.154141,1.019857,-0.211039,0.197597,1.019857,-0.340944,0.226203,1.019857,-0.492703,0.320296,1.019857,-0.526201,0.385886,1.019857,-0.472904,0.501011,1.019857,-0.361361,0.605190,1.019857,-0.290445,0.668750,1.019857,-0.058678,0.685548,1.019857,0.030745,0.766046,1.019857,0.025931,0.992852,1.019857,0.205918,1.022888,1.019857,0.182961,1.093029,1.019857,0.152635,1.121213,1.019857,0.115184,1.116767,1.019857,0.077744,1.077873,1.019857,-0.067286,1.106988,1.019857,-0.054175,1.152266,1.019857,-0.083299,1.132947,1.019857,-0.079489,1.156491,1.019857,-0.036967,1.173652,1.019857,-0.048617,1.052740,1.019857,-0.134858,-0.134858,-0.134858,-0.184984,1.014712,1.019857,-0.227060,0.986099,1.019857,-0.130072,0.786705,1.019857,-0.134858,-0.134858,-0.134858,-0.226195,0.805804,1.019857,-0.271678,0.852682,1.019857,-0.278565,0.905996,1.019857,-0.134858,-0.134858,-0.134858,-0.134858,-0.134858,-0.134858,-0.134858,-0.134858,-0.134858,-0.134858,-0.134858,-0.134858,-0.134858,-0.134858,-0.134858,0.182415,0.870437,1.019857,-0.134858,-0.134858,-0.134858,-0.071542,1.010661,1.019857,-0.065774,0.975582,1.019857,-0.134858,-0.134858,-0.134858,-0.126922,1.040949,1.019857,-0.134858,-0.134858,-0.134858,-0.168475,0.390549,1.019857,-0.134858,-0.134858,-0.134858,-0.134858,-0.134858,-0.134858,-0.134858,-0.134858,-0.134858,-0.134858,-0.134858,-0.134858,-0.134858,-0.134858,-0.134858,-0.416430,0.607344,1.019857,-0.402345,0.565057,1.019857,-0.339958,0.465502,1.019857,-0.339958,0.465502,1.019857,-0.244209,0.429311,1.019857,-0.203428,0.414391,1.019857,-0.168475,0.390549,1.019857,-0.134858,-0.134858,-0.134858,-0.134858,-0.134858,-0.134858,-0.134858,-0.134858,-0.134858,-0.134858,-0.134858,-0.134858,-0.134858,-0.134858,-0.134858,-0.134858,-0.134858,-0.134858,-0.134858,-0.134858,-0.134858,0.162966,0.921570,1.019857,-0.111142,1.053709,1.019857
0.176832,0.355586,-1.159565,-0.544670,0.642595,0.873221,-0.254073,0.860819,0.664720,0.002374,0.248504,-0.129343,0.657617,0.832550,0.932314,-1.342117,-0.897139,0.678654,0.851135,0.322120,0.533945,-0.028941,-0.044123,0.930899,-0.449788,0.893274,-1.042459,-0.499414,0.958489,-0.844204,-0.134858,-0.134858,-0.134858,-0.134858,-0.134858,-0.134858,-0.134858,-0.134858,-0.134858,-0.134858,-0.134858,-0.134858,-0.134858,-0.134858,-0.134858,0.112271,-0.201343,-1.041745,0.433464,0.526000,-1.472091,-0.268460,-0.276044,-0.708614,0.315318,-0.707099,-1.165717,-0.134858,-0.134858,-0.134858,-0.134858,-0.134858,-0.134858,-0.134858,-0.134858,-0.134858,-0.134858,-0.134858,-0.134858,-0.134858,-0.134858,-0.134858,-0.134858,-0.134858,-0.134858,-0.229786,-0.229786,-0.229786,-0.229786,-0.229786,-0.229786,-0.229786,-0.229786,-0.229786,-0.229786,-0.229786,-0.229786,-0.229786,-0.229786,-0.229786,-0.229786,-0.229786,-0.229786,-0.229786,-0.229786,-0.229786,-0.229786,-0.229786,-0.229786,-0.229786,-0.229786,-0.229786,-0.229786,-0.229786,-0.229786,-0.229786,-0.229786,-0.229786,-0.229786,-0.229786,-0.229786,-0.229786,-0.229786,-0.229786,-0.229786,-0.229786,-0.229786,-0.229786,-0.229786,-0.229786,-0.229786,-0.229786,-0.229786,-0.229786,-0.229786,-0.229786,-0.229786,-0.229786,-0.229786,-0.229786,-0.229786,-0.229786,-0.229786,-0.229786,-0.229786,-0.229786,-0.229786,-0.229786,0.927977,0.946618,-0.039949,1.061000,1.006084,-0.039949,0.838715,1.094991,-0.039949,0.719381,1.196013,-0.039949,0.644732,1.199399,-0.039949,0.320291,0.666957,-0.039949,0.257084,0.660798,-0.039949,0.289607,0.846917,-0.039949,0.248797,0.957887,-0.039949,0.119319,0.504174,-0.039949,-0.143222,0.095638,-0.039949,-0.132664,-0.283115,-0.039949,-0.143776,-0.538957,-0.039949,-0.016393,0.454691,-0.039949,-0.321124,0.027519,-0.039949,-0.378599,-0.441447,-0.039949,-0.427926,-0.837449,-0.039949,-0.071940,0.550409,-0.039949,-0.338839,0.380652,-0.039949,-0.423198,0.111764,-0.039949,-0.503569,-0.168168,-0.039949,-0.059353,0.712801,1.019857,-0.051977,0.664764,1.019857,-0.037845,0.634594,1.019857,-0.001624,0.639324,1.019857,-0.018756,0.570713,1.019857,0.047347,0.551560,1.019857,0.084519,0.536889,1.019857,-0.004653,0.523764,1.019857,-0.090341,0.531882,1.019857,-0.232869,0.611871,1.019857,-0.306159,0.703418,1.019857,-0.252762,0.734753,1.019857,-0.153497,0.850381,1.019857,-0.123464,0.911837,1.019857,-0.031010,0.940999,1.019857,0.038511,0.972189,1.019857,0.050836,1.071058,1.019857,0.074908,1.001128,1.019857,0.124834,1.029290,1.019857,0.138172,1.052798,1.019857,0.140053,1.075124,1.019857,0.095592,1.068292,1.019857,-0.015522,1.101849,1.019857,-0.006549,1.130514,1.019857,-0.043109,1.115403,1.019857,-0.042200,1.118084,1.019857,0.005323,1.139919,1.019857,0.047291,1.003337,1.019857,-0.134858,-0.134858,-0.134858,0.004598,0.929358,1.019857,-0.008389,0.899031,1.019857,0.087679,0.795851,1.019857,-0.134858,-0.134858,-0.134858,-0.005378,0.787558,1.019857,-0.062203,0.821506,1.019857,-0.167884,0.883048,1.019857,-0.134858,-0.134858,-0.134858,-0.134858,-0.134858,-0.134858,-0.134858,-0.134858,-0.134858,-0.134858,-0.134858,-0.134858,-0.134858,-0.134858,-0.134858,0.116571,0.908353,1.019857,-0.134858,-0.134858,-0.134858,-0.039296,1.000182,1.019857,-0.038020,0.959437,1.019857,-0.134858,-0.134858,-0.134858,-0.051879,1.034236,1.019857,-0.134858,-0.134858,-0.134858,-0.034430,0.492490,1.019857,-0.134858,-0.134858,-0.134858,-0.134858,-0.134858,-0.134858,-0.134858,-0.134858,-0.134858,-0.134858,-0.134858,-0.134858,-0.134858,-0.134858,-0.134858,-0.243255,0.647841,1.019857,-0.184591,0.597499,1.019857,-0.100550,0.580290,1.019857,-0.100550,0.580290,1.019857,-0.064275,0.557872,1.019857,-0.053855,0.539209,1.019857,-0.034430,0.492490,1.019857,-0.134858,-0.134858,-0.134858,-0.134858,-0.134858,-0.134858,-0.134858,-0.134858,-0.134858,-0.134858,-0.134858,-0.134858,-0.134858,-0.134858,-0.134858,-0.134858,-0.134858,-0.134858,-0.134858,-0.134858,-0.134858,0.116250,0.939899,1.019857,-0.047145,1.049777,1.019857
0.176832,0.355586,-1.159565,-0.544670,0.642595,0.873221,-0.254073,0.860819,0.664720,0.002374,0.248504,-0.129343,0.657617,0.832550,0.932314,-1.342117,-0.897139,0.678654,0.851135,0.322120,0.533945,-0.028941,-0.044123,0.930899,-0.449788,0.893274,-1.042459,-0.499414,0.958489,-0.844204,-0.134858,-0.134858,-0.134858,-0.134858,-0.134858,-0.134858,-0.134858,-0.134858,-0.134858,-0.134858,-0.134858,-0.134858,-0.134858,-0.134858,-0.134858,0.112271,-0.201343,-1.041745,0.433464,0.526000,-1.472091,-0.268460,-0.276044,-0.708614,0.315318,-0.707099,-1.165717,-0.134858,-0.134858,-0.134858,-0.134858,-0.134858,-0.134858,-0.134858,-0.134858,-0.134858,-0.134858,-0.134858,-0.134858,-0.134858,-0.134858,-0.134858,-0.134858,-0.134858,-0.134858,-0.229786,-0.229786,-0.229786,-0.229786,-0.229786,-0.229786,-0.229786,-0.229786,-0.229786,-0.229786,-0.229786,-0.229786,-0.229786,-0.229786,-0.229786,-0.229786,-0.229786,-0.229786,-0.229786,-0.229786,-0.229786,-0.229786,-0.229786,-0.229786,-0.229786,-0.229786,-0.229786,-0.229786,-0.229786,-0.229786,-0.229786,-0.229786,-0.229786,-0.229786,-0.229786,-0.229786,-0.229786,-0.229786,-0.229786,-0.229786,-0.229786,-0.229786,-0.229786,-0.229786,-0.229786,-0.229786,-0.229786,-0.229786,-0.229786,-0.229786,-0.229786,-0.229786,-0.229786,-0.229786,-0.229786,-0.229786,-0.229786,-0.229786,-0.229786,-0.229786,-0.229786,-0.229786,-0.229786,0.927977,0.946618,-0.039949,1.061000,1.006084,-0.039949,0.838715,1.094991,-0.039949,0.719381,1.196013,-0.039949,0.644732,1.199399,-0.039949,0.320291,0.666957,-0.039949,0.257084,0.660798,-0.039949,0.289607,0.846917,-0.039949,0.248797,0.957887,-0.039949,0.119319,0.504174,-0.039949,-0.143222,0.095638,-0.039949,-0.132664,-0.283115,-0.039949,-0.143776,-0.538957,-0.039949,-0.016393,0.454691,-0.039949,-0.321124,0.027519,-0.039949,-0.378599,-0.441447,-0.039949,-0.427926,-0.837449,-0.039949,-0.071940,0.550409,-0.039949,-0.338839,0.380652,-0.039949,-0.423198,0.111764,-0.039949,-0.503569,-0.168168,-0.039949,-0.059353,0.712801,1.019857,-0.051977,0.664764,1.019857,-0.037845,0.634594,1.019857,-0.001624,0.639324,1.019857,-0.018756,0.570713,1.019857,0.047347,0.551560,1.019857,0.084519,0.536889,1.019857,-0.004653,0.523764,1.019857,-0.090341,0.531882,1.019857,-0.232869,0.611871,1.019857,-0.306159,0.703418,1.019857,-0.252762,0.734753,1.019857,-0.153497,0.850381,1.019857,-0.123464,0.911837,1.019857,-0.031010,0.940999,1.019857,0.038511,0.972189,1.019857,0.050836,1.071058,1.019857,0.074908,1.001128,1.019857,0.124834,1.029290,1.019857,0.138172,1.052798,1.019857,0.140053,1.075124,1.019857,0.095592,1.068292,1.019857,-0.015522,1.101849,1.019857,-0.006549,1.130514,1.019857,-0.043109,1.115403,1.019857,-0.042200,1.118084,1.019857,0.005323,1.139919,1.019857,0.047291,1.003337,1.019857,-0.134858,-0.134858,-0.134858,0.004598,0.929358,1.019857,-0.008389,0.899031,1.019857,0.087679,0.795851,1.019857,-0.134858,-0.134858,-0.134858,-0.005378,0.787558,1.019857,-0.062203,0.821506,1.019857,-0.167884,0.883048,1.019857,-0.134858,-0.134858,-0.134858,-0.134858,-0.134858,-0.134858,-0.134858,-0.134858,-0.134858,-0.134858,-0.134858,-0.134858,-0.134858,-0.134858,-0.134858,0.116571,0.908353,1.019857,-0.134858,-0.134858,-0.134858,-0.039296,1.000182,1.019857,-0.038020,0.959437,1.019857,-0.134858,-0.134858,-0.134858,-0.051879,1.034236,1.019857,-0.134858,-0.134858,-0.134858,-0.034430,0.492490,1.019857,-0.134858,-0.134858,-0.134858,-0.134858,-0.134858,-0.134858,-0.134858,-0.134858,-0.134858,-0.134858,-0.134858,-0.134858,-0.134858,-0.134858,-0.134858,-0.243255,0.647841,1.019857,-0.184591,0.597499,1.019857,-0.100550,0.580290,1.019857,-0.100550,0.580290,1.019857,-0.064275,0.557872,1.019857,-0.053855,0.539209,1.019857,-0.034430,0.492490,1.019857,-0.134858,-0.134858,-0.134858,-0.134858,-0.134858,-0.134858,-0.134858,-0.134858,-0.134858,-0.134858,-0.134858,-0.134858,-0.134858,-0.134858,-0.134858,-0.134858,-0.134858,-0.134858,-0.134858,-0.134858,-0.134858,0.116250,0.939899,1.019857,-0.047145,1.049777,1.019857
0.173199,0.288729,-1.769590,-0.254081,0.377674,0.792204,0.030018,0.824691,0.568462,0.155219,0.252387,-0.118474,0.809089,0.905640,0.895251,-1.318657,-1.510961,0.592535,0.957446,-0.158002,0.434206,-0.084051,-0.133409,0.784364,-0.243213,0.793177,-1.085601,-0.304031,0.869988,-0.876377,-0.134858,-0.134858,-0.134858,-0.134858,-0.134858,-0.134858,-0.134858,-0.134858,-0.134858,-0.134858,-0.134858,-0.134858,-0.134858,-0.134858,-0.134858,0.119492,-0.257830,-1.586100,0.428050,0.477288,-2.028458,-0.262481,-0.301477,-1.314634,0.288859,-0.699052,-1.742653,-0.134858,-0.134858,-0.134858,-0.134858,-0.134858,-0.134858,-0.134858,-0.134858,-0.134858,-0.134858,-0.134858,-0.134858,-0.134858,-0.134858,-0.134858,-0.134858,-0.134858,-0.134858,-0.229786,-0.229786,-0.229786,-0.229786,-0.229786,-0.229786,-0.229786,-0.229786,-0.229786,-0.229786,-0.229786,-0.229786,-0.229786,-0.229786,-0.229786,-0.229786,-0.229786,-0.229786,-0.229786,-0.229786,-0.229786,-0.229786,-0.229786,-0.229786,-0.229786,-0.229786,-0.229786,-0.229786,-0.229786,-0.229786,-0.229786,-0.229786,-0.229786,-0.229786,-0.229786,-0.229786,-0.229786,-0.229786,-0.229786,-0.229786,-0.229786,-0.229786,-0.229786,-0.229786,-0.229786,-0.229786,-0.229786,-0.229786,-0.229786,-0.229786,-0.229786,-0.229786,-0.229786,-0.229786,-0.229786,-0.229786,-0.229786,-0.229786,-0.229786,-0.229786,-0.229786,-0.229786,-0.229786,1.007453,1.049779,-0.039949,1.163349,1.086073,-0.039949,0.956905,1.199597,-0.039949,0.838271,1.319167,-0.039949,0.736812,1.321300,-0.039949,0.422576,0.798177,-0.039949,0.361650,0.792058,-0.039949,0.381512,0.985080,-0.039949,0.329067,1.100432,-0.039949,0.228312,0.656195,-0.039949,-0.051160,0.242342,-0.039949,-0.079503,-0.180306,-0.039949,-0.129576,-0.471952,-0.039949,0.094956,0.623772,-0.039949,-0.232306,0.208777,-0.039949,-0.313105,-0.272893,-0.039949,-0.384151,-0.693902,-0.039949,0.032575,0.737768,-0.039949,-0.239146,0.570763,-0.039949,-0.315389,0.276873,-0.039949,-0.386101,-0.033305,-0.039949,-0.009659,0.540827,1.019857,-0.001505,0.494578,1.019857,0.012409,0.470589,1.019857,0.006132,0.512779,1.019857,0.039723,0.409399,1.019857,0.081422,0.430427,1.019857,0.093267,0.456182,1.019857,0.005131,0.475676,1.019857,-0.060598,0.491414,1.019857,-0.138952,0.553013,1.019857,-0.142278,0.608248,1.019857,-0.087046,0.661449,1.019857,0.074683,0.732937,1.019857,0.124054,0.765905,1.019857,0.196328,0.739709,1.019857,0.241034,0.759785,1.019857,0.251105,0.893897,1.019857,0.034054,0.887513,1.019857,0.072910,0.942446,1.019857,0.094571,0.976255,1.019857,0.112095,1.001007,1.019857,0.090713,0.998056,1.019857,0.094506,1.033346,1.019857,0.106531,1.043247,1.019857,0.115840,1.026051,1.019857,0.144569,1.008641,1.019857,0.220420,0.975469,1.019857,0.067142,0.975381,1.019857,-0.134858,-0.134858,-0.134858,0.022342,0.914749,1.019857,0.002094,0.889422,1.019857,-0.000372,0.767268,1.019857,-0.134858,-0.134858,-0.134858,-0.038145,0.765408,1.019857,-0.048589,0.795787,1.019857,-0.028037,0.830924,1.019857,-0.134858,-0.134858,-0.134858,-0.134858,-0.134858,-0.134858,-0.134858,-0.134858,-0.134858,-0.134858,-0.134858,-0.134858,-0.134858,-0.134858,-0.134858,0.057565,0.851782,1.019857,-0.134858,-0.134858,-0.134858,0.105119,0.973245,1.019857,0.132062,0.933377,1.019857,-0.134858,-0.134858,-0.134858,0.118652,0.980991,1.019857,-0.134858,-0.134858,-0.134858,-0.097547,0.519092,1.019857,-0.134858,-0.134858,-0.134858,-0.134858,-0.134858,-0.134858,-0.134858,-0.134858,-0.134858,-0.134858,-0.134858,-0.134858,-0.134858,-0.134858,-0.134858,-0.114106,0.639045,1.019857,-0.113401,0.625144,1.019857,-0.089840,0.600190,1.019857,-0.089840,0.600190,1.019857,-0.095359,0.571544,1.019857,-0.098413,0.549632,1.019857,-0.097547,0.519092,1.019857,-0.134858,-0.134858,-0.134858,-0.134858,-0.134858,-0.134858,-0.134858,-0.134858,-0.134858,-0.134858,-0.134858,-0.134858,-0.134858,-0.134858,-0.134858,-0.134858,-0.134858,-0.134858,-0.134858,-0.134858,-0.134858,0.068346,0.898051,1.019857,0.107626,1.008077,1.019857
0.130289,0.321611,-1.789202,-0.155108,0.117468,0.662208,0.195039,0.750031,0.457447,0.367872,0.196029,-0.195984,0.990458,0.935958,0.807273,-1.595462,-2.000938,0.454352,0.649797,-0.164537,0.193101,-0.639501,-0.268957,0.534007,-0.074227,0.688481,-1.108710,-0.064810,0.775068,-0.894224,-0.134858,-0.134858,-0.134858,-0.134858,-0.134858,-0.134858,-0.134858,-0.134858,-0.134858,-0.134858,-0.134858,-0.134858,-0.134858,-0.134858,-0.134858,0.118925,-0.247332,-1.543816,0.426652,0.498391,-1.960078,-0.247941,-0.302930,-1.363755,0.274368,-0.394341,-1.784556,-0.134858,-0.134858,-0.134858,-0.134858,-0.134858,-0.134858,-0.134858,-0.134858,-0.134858,-0.134858,-0.134858,-0.134858,-0.134858,-0.134858,-0.134858,-0.134858,-0.134858,-0.134858,-0.229786,-0.229786,-0.229786,-0.229786,-0.229786,-0.229786,-0.229786,-0.229786,-0.229786,-0.229786,-0.229786,-0.229786,-0.229786,-0.229786,-0.229786,-0.229786,-0.229786,-0.229786,-0.229786,-0.229786,-0.229786,-0.229786,-0.229786,-0.229786,-0.229786,-0.229786,-0.229786,-0.229786,-0.229786,-0.229786,-0.229786,-0.229786,-0.229786,-0.229786,-0.229786,-0.229786,-0.229786,-0.229786,-0.229786,-0.229786,-0.229786,-0.229786,-0.229786,-0.229786,-0.229786,-0.229786,-0.229786,-0.229786,-0.229786,-0.229786,-0.229786,-0.229786,-0.229786,-0.229786,-0.229786,-0.229786,-0.229786,-0.229786,-0.229786,-0.229786,-0.229786,-0.229786,-0.229786,1.043709,1.145056,-0.039949,1.181413,1.178398,-0.039949,0.975370,1.286049,-0.039949,0.859483,1.420221,-0.039949,0.765558,1.461773,-0.039949,0.458728,0.907026,-0.039949,0.400068,0.896857,-0.039949,0.426471,1.060471,-0.039949,0.390727,1.169592,-0.039949,0.271377,0.779651,-0.039949,-0.014656,0.355013,-0.039949,-0.058898,-0.104911,-0.039949,-0.112334,-0.410870,-0.039949,0.141980,0.763707,-0.039949,-0.172057,0.371971,-0.039949,-0.246887,-0.133865,-0.039949,-0.309051,-0.576929,-0.039949,0.083010,0.887013,-0.039949,-0.185187,0.763112,-0.039949,-0.260378,0.461753,-0.039949,-0.327060,0.132047,-0.039949,0.266023,0.502428,1.019857,0.288631,0.429330,1.019857,0.319640,0.382345,1.019857,0.320733,0.459975,1.019857,0.372489,0.306250,1.019857,0.385510,0.384950,1.019857,0.337668,0.493517,1.019857,0.206889,0.574039,1.019857,0.131076,0.604164,1.019857,0.022480,0.639494,1.019857,-0.031931,0.637389,1.019857,0.033608,0.710450,1.019857,0.123091,0.746449,1.019857,0.159041,0.771718,1.019857,0.269762,0.738451,1.019857,0.316676,0.787195,1.019857,0.311436,0.997468,1.019857,0.211265,0.961428,1.019857,0.225350,1.028680,1.019857,0.242939,1.075883,1.019857,0.256969,1.121850,1.019857,0.229567,1.107521,1.019857,0.200564,1.225358,1.019857,0.205442,1.263197,1.019857,0.200429,1.267598,1.019857,0.214408,1.274812,1.019857,0.274928,1.218485,1.019857,0.197762,1.108447,1.019857,-0.134858,-0.134858,-0.134858,0.155379,1.068467,1.019857,0.136822,1.042056,1.019857,0.209270,0.891439,1.019857,-0.134858,-0.134858,-0.134858,0.165976,0.893487,1.019857,0.136389,0.924583,1.019857,0.105765,0.938556,1.019857,-0.134858,-0.134858,-0.134858,-0.134858,-0.134858,-0.134858,-0.134858,-0.134858,-0.134858,-0.134858,-0.134858,-0.134858,-0.134858,-0.134858,-0.134858,0.223181,0.909914,1.019857,-0.134858,-0.134858,-0.134858,0.239749,1.109048,1.019857,0.251675,1.095884,1.019857,-0.134858,-0.134858,-0.134858,0.223803,1.105752,1.019857,-0.134858,-0.134858,-0.134858,0.208625,0.604127,1.019857,-0.134858,-0.134858,-0.134858,-0.134858,-0.134858,-0.134858,-0.134858,-0.134858,-0.134858,-0.134858,-0.134858,-0.134858,-0.134858,-0.134858,-0.134858,0.069344,0.701657,1.019857,0.102732,0.738827,1.019857,0.137673,0.728016,1.019857,0.137673,0.728016,1.019857,0.162805,0.682319,1.019857,0.181864,0.649035,1.019857,0.208625,0.604127,1.019857,-0.134858,-0.134858,-0.134858,-0.134858,-0.134858,-0.134858,-0.134858,-0.134858,-0.134858,-0.134858,-0.134858,-0.134858,-0.134858,-0.134858,-0.134858,-0.134858,-0.134858,-0.134858,-0.134858,-0.134858,-0.134858,0.223501,0.949019,1.019857,0.215486,1.121636,1.019857
0.130289,0.321611,-1.789202,-0.155108,0.117468,0.662208,0.195039,0.750031,0.457447,0.367872,0.196029,-0.195984,0.990458,0.935958,0.807273,-1.595462,-2.000938,0.454352,0.649797,-0.164537,0.193101,-0.639501,-0.268957,0.534007,-0.074227,0.688481,-1.108710,-0.064810,0.775068,-0.894224,-0.134858,-0.134858,-0.134858,-0.134858,-0.134858,-0.134858,-0.134858,-0.134858,-0.134858,-0.134858,-0.134858,-0.134858,-0.134858,-0.134858,-0.134858,0.118925,-0.247332,-1.543816,0.426652,0.498391,-1.960078,-0.247941,-0.302930,-1.363755,0.274368,-0.394341,-1.784556,-0.134858,-0.134858,-0.134858,-0.134858,-0.134858,-0.134858,-0.134858,-0.134858,-0.134858,-0.134858,-0.134858,-0.134858,-0.134858,-0.134858,-0.134858,-0.134858,-0.134858,-0.134858,-0.229786,-0.229786,-0.229786,-0.229786,-0.229786,-0.229786,-0.229786,-0.229786,-0.229786,-0.229786,-0.229786,-0.229786,-0.229786,-0.229786,-0.229786,-0.229786,-0.229786,-0.229786,-0.229786,-0.229786,-0.229786,-0.229786,-0.229786,-0.229786,-0.229786,-0.229786,-0.229786,-0.229786,-0.229786,-0.229786,-0.229786,-0.229786,-0.229786,-0.229786,-0.229786,-0.229786,-0.229786,-0.229786,-0.229786,-0.229786,-0.229786,-0.229786,-0.229786,-0.229786,-0.229786,-0.229786,-0.229786,-0.229786,-0.229786,-0.229786,-0.229786,-0.229786,-0.229786,-0.229786,-0.229786,-0.229786,-0.229786,-0.229786,-0.229786,-0.229786,-0.229786,-0.229786,-0.229786,1.043709,1.145056,-0.039949,1.181413,1.178398,-0.039949,0.975370,1.286049,-0.039949,0.859483,1.420221,-0.039949,0.765558,1.461773,-0.039949,0.458728,0.907026,-0.039949,0.400068,0.896857,-0.039949,0.426471,1.060471,-0.039949,0.390727,1.169592,-0.039949,0.271377,0.779651,-0.039949,-0.014656,0.355013,-0.039949,-0.058898,-0.104911,-0.039949,-0.112334,-0.410870,-0.039949,0.141980,0.763707,-0.039949,-0.172057,0.371971,-0.039949,-0.246887,-0.133865,-0.039949,-0.309051,-0.576929,-0.039949,0.083010,0.887013,-0.039949,-0.185187,0.763112,-0.039949,-0.260378,0.461753,-0.039949,-0.327060,0.132047,-0.039949,0.266023,0.502428,1.019857,0.288631,0.429330,1.019857,0.319640,0.382345,1.019857,0.320733,0.459975,1.019857,0.372489,0.306250,1.019857,0.385510,0.384950,1.019857,0.337668,0.493517,1.019857,0.206889,0.574039,1.019857,0.131076,0.604164,1.019857,0.022480,0.639494,1.019857,-0.031931,0.637389,1.019857,0.033608,0.710450,1.019857,0.123091,0.746449,1.019857,0.159041,0.771718,1.019857,0.269762,0.738451,1.019857,0.316676,0.787195,1.019857,0.311436,0.997468,1.019857,0.211265,0.961428,1.019857,0.225350,1.028680,1.019857,0.242939,1.075883,1.019857,0.256969,1.121850,1.019857,0.229567,1.107521,1.019857,0.200564,1.225358,1.019857,0.205442,1.263197,1.019857,0.200429,1.267598,1.019857,0.214408,1.274812,1.019857,0.274928,1.218485,1.019857,0.197762,1.108447,1.019857,-0.134858,-0.134858,-0.134858,0.155379,1.068467,1.019857,0.136822,1.042056,1.019857,0.209270,0.891439,1.019857,-0.134858,-0.134858,-0.134858,0.165976,0.893487,1.019857,0.136389,0.924583,1.019857,0.105765,0.938556,1.019857,-0.134858,-0.134858,-0.134858,-0.134858,-0.134858,-0.134858,-0.134858,-0.134858,-0.134858,-0.134858,-0.134858,-0.134858,-0.134858,-0.134858,-0.134858,0.223181,0.909914,1.019857,-0.134858,-0.134858,-0.134858,0.239749,1.109048,1.019857,0.251675,1.095884,1.019857,-0.134858,-0.134858,-0.134858,0.223803,1.105752,1.019857,-0.134858,-0.134858,-0.134858,0.208625,0.604127,1.019857,-0.134858,-0.134858,-0.134858,-0.134858,-0.134858,-0.134858,-0.134858,-0.134858,-0.134858,-0.134858,-0.134858,-0.134858,-0.134858,-0.134858,-0.134858,0.069344,0.701657,1.019857,0.102732,0.738827,1.019857,0.137673,0.728016,1.019857,0.137673,0.728016,1.019857,0.162805,0.682319,1.019857,0.181864,0.649035,1.019857,0.208625,0.604127,1.019857,-0.134858,-0.134858,-0.134858,-0.134858,-0.134858,-0.134858,-0.134858,-0.134858,-0.134858,-0.134858,-0.134858,-0.134858,-0.134858,-0.134858,-0.134858,-0.134858,-0.134858,-0.134858,-0.134858,-0.134858,-0.134858,0.223501,0.949019,1.019857,0.215486,1.121636,1.019857
0.029741,0.508752,-1.793847,-0.098101,0.124340,0.601125,0.247032,0.746027,0.371754,0.440204,0.238389,-0.225854,0.999118,0.953938,0.716623,-1.575258,-1.970789,0.389422,0.510924,-0.147538,0.120867,-0.705630,-0.236141,0.355328,-0.078737,0.524874,-1.149448,-0.043996,0.543059,-0.924957,-0.134858,-0.134858,-0.134858,-0.134858,-0.134858,-0.134858,-0.134858,-0.134858,-0.134858,-0.134858,-0.134858,-0.134858,-0.134858,-0.134858,-0.134858,0.114142,-0.103068,-1.496190,0.422294,0.596307,-1.871855,-0.205070,-0.248628,-1.408952,0.273342,0.012743,-1.774125,-0.134858,-0.134858,-0.134858,-0.134858,-0.134858,-0.134858,-0.134858,-0.134858,-0.134858,-0.134858,-0.134858,-0.134858,-0.134858,-0.134858,-0.134858,-0.134858,-0.134858,-0.134858,-0.229786,-0.229786,-0.229786,-0.229786,-0.229786,-0.229786,-0.229786,-0.229786,-0.229786,-0.229786,-0.229786,-0.229786,-0.229786,-0.229786,-0.229786,-0.229786,-0.229786,-0.229786,-0.229786,-0.229786,-0.229786,-0.229786,-0.229786,-0.229786,-0.229786,-0.229786,-0.229786,-0.229786,-0.229786,-0.229786,-0.229786,-0.229786,-0.229786,-0.229786,-0.229786,-0.229786,-0.229786,-0.229786,-0.229786,-0.229786,-0.229786,-0.229786,-0.229786,-0.229786,-0.229786,-0.229786,-0.229786,-0.229786,-0.229786,-0.229786,-0.229786,-0.229786,-0.229786,-0.229786,-0.229786,-0.229786,-0.229786,-0.229786,-0.229786,-0.229786,-0.229786,-0.229786,-0.229786,1.002712,1.206552,-0.039949,1.140231,1.239248,-0.039949,0.940958,1.347018,-0.039949,0.843824,1.495359,-0.039949,0.772171,1.556227,-0.039949,0.418444,0.965517,-0.039949,0.381400,0.932803,-0.039949,0.425732,1.078141,-0.039949,0.414564,1.183190,-0.039949,0.247619,0.852870,-0.039949,0.000319,0.460586,-0.039949,-0.041263,-0.035665,-0.039949,-0.098555,-0.361008,-0.039949,0.131920,0.849702,-0.039949,-0.171231,0.466228,-0.039949,-0.250204,-0.047014,-0.039949,-0.316928,-0.490500,-0.039949,0.086620,0.984087,-0.039949,-0.176839,0.887643,-0.039949,-0.259187,0.565800,-0.039949,-0.329943,0.217275,-0.039949,0.524815,0.535905,1.019857,0.528374,0.465452,1.019857,0.538597,0.421206,1.019857,0.492701,0.465084,1.019857,0.539741,0.340490,1.019857,0.490648,0.407932,1.019857,0.382729,0.514865,1.019857,0.213694,0.586273,1.019857,0.123476,0.622333,1.019857,0.003403,0.694775,1.019857,-0.071592,0.735214,1.019857,0.010590,0.802504,1.019857,0.082647,0.866883,1.019857,0.125504,0.909684,1.019857,0.248029,0.921250,1.019857,0.320925,0.982084,1.019857,0.362582,1.175029,1.019857,0.468158,1.032425,1.019857,0.466469,1.113413,1.019857,0.472362,1.159765,1.019857,0.466025,1.187460,1.019857,0.409097,1.142091,1.019857,0.346925,1.264647,1.019857,0.353458,1.307836,1.019857,0.335815,1.320883,1.019857,0.341628,1.347823,1.019857,0.380189,1.350010,1.019857,0.346098,1.136513,1.019857,-0.134858,-0.134858,-0.134858,0.271226,1.102816,1.019857,0.239053,1.080039,1.019857,0.258537,0.914154,1.019857,-0.134858,-0.134858,-0.134858,0.220939,0.901664,1.019857,0.204567,0.942607,1.019857,0.240423,1.009392,1.019857,-0.134858,-0.134858,-0.134858,-0.134858,-0.134858,-0.134858,-0.134858,-0.134858,-0.134858,-0.134858,-0.134858,-0.134858,-0.134858,-0.134858,-0.134858,0.433704,0.918895,1.019857,-0.134858,-0.134858,-0.134858,0.388867,1.199676,1.019857,0.382948,1.207013,1.019857,-0.134858,-0.134858,-0.134858,0.335514,1.190938,1.019857,-0.134858,-0.134858,-0.134858,0.235782,0.632045,1.019857,-0.134858,-0.134858,-0.134858,-0.134858,-0.134858,-0.134858,-0.134858,-0.134858,-0.134858,-0.134858,-0.134858,-0.134858,-0.134858,-0.134858,-0.134858,0.101312,0.808983,1.019857,0.130705,0.797010,1.019857,0.149508,0.751201,1.019857,0.149508,0.751201,1.019857,0.183358,0.701871,1.019857,0.206979,0.669814,1.019857,0.235782,0.632045,1.019857,-0.134858,-0.134858,-0.134858,-0.134858,-0.134858,-0.134858,-0.134858,-0.134858,-0.134858,-0.134858,-0.134858,-0.134858,-0.134858,-0.134858,-0.134858,-0.134858,-0.134858,-0.134858,-0.134858,-0.134858,-0.134858,0.435952,0.951873,1.019857,0.340390,1.185972,1.019857
0.029741,0.508752,-1.793847,-0.098101,0.124340,0.601125,0.247032,0.746027,0.371754,0.440204,0.238389,-0.225854,0.999118,0.953938,0.716623,-1.575258,-1.970789,0.389422,0.510924,-0.147538,0.120867,-0.705630,-0.236141,0.355328,-0.078737,0.524874,-1.149448,-0.043996,0.543059,-0.924957,-0.134858,-0.134858,-0.134858,-0.134858,-0.134858,-0.134858,-0.134858,-0.134858,-0.134858,-0.134858,-0.134858,-0.134858,-0.134858,-0.134858,-0.134858,0.114142,-0.103068,-1.496190,0.422294,0.596307,-1.871855,-0.205070,-0.248628,-1.408952,0.273342,0.012743,-1.774125,-0.134858,-0.134858,-0.134858,-0.134858,-0.134858,-0.134858,-0.134858,-0.134858,-0.134858,-0.134858,-0.134858,-0.134858,-0.134858,-0.134858,-0.134858,-0.134858,-0.134858,-0.134858,-0.229786,-0.229786,-0.229786,-0.229786,-0.229786,-0.229786,-0.229786,-0.229786,-0.229786,-0.229786,-0.229786,-0.229786,-0.229786,-0.229786,-0.229786,-0.229786,-0.229786,-0.229786,-0.229786,-0.229786,-0.229786,-0.229786,-0.229786,-0.229786,-0.229786,-0.229786,-0.229786,-0.229786,-0.229786,-0.229786,-0.229786,-0.229786,-0.229786,-0.229786,-0.229786,-0.229786,-0.229786,-0.229786,-0.229786,-0.229786,-0.229786,-0.229786,-0.229786,-0.229786,-0.229786,-0.229786,-0.229786,-0.229786,-0.229786,-0.229786,-0.229786,-0.229786,-0.229786,-0.229786,-0.229786,-0.229786,-0.229786,-0.229786,-0.229786,-0.229786,-0.229786,-0.229786,-0.229786,1.002712,1.206552,-0.039949,1.140231,1.239248,-0.039949,0.940958,1.347018,-0.039949,0.843824,1.495359,-0.039949,0.772171,1.556227,-0.039949,0.418444,0.965517,-0.039949,0.381400,0.932803,-0.039949,0.425732,1.078141,-0.039949,0.414564,1.183190,-0.039949,0.247619,0.852870,-0.039949,0.000319,0.460586,-0.039949,-0.041263,-0.035665,-0.039949,-0.098555,-0.361008,-0.039949,0.131920,0.849702,-0.039949,-0.171231,0.466228,-0.039949,-0.250204,-0.047014,-0.039949,-0.316928,-0.490500,-0.039949,0.086620,0.984087,-0.039949,-0.176839,0.887643,-0.039949,-0.259187,0.565800,-0.039949,-0.329943,0.217275,-0.039949,0.524815,0.535905,1.019857,0.528374,0.465452,1.019857,0.538597,0.421206,1.019857,0.492701,0.465084,1.019857,0.539741,0.340490,1.019857,0.490648,0.407932,1.019857,0.382729,0.514865,1.019857,0.213694,0.586273,1.019857,0.123476,0.622333,1.019857,0.003403,0.694775,1.019857,-0.071592,0.735214,1.019857,0.010590,0.802504,1.019857,0.082647,0.866883,1.019857,0.125504,0.909684,1.019857,0.248029,0.921250,1.019857,0.320925,0.982084,1.019857,0.362582,1.175029,1.019857,0.468158,1.032425,1.019857,0.466469,1.113413,1.019857,0.472362,1.159765,1.019857,0.466025,1.187460,1.019857,0.409097,1.142091,1.019857,0.346925,1.264647,1.019857,0.353458,1.307836,1.019857,0.335815,1.320883,1.019857,0.341628,1.347823,1.019857,0.380189,1.350010,1.019857,0.346098,1.136513,1.019857,-0.134858,-0.134858,-0.134858,0.271226,1.102816,1.019857,0.239053,1.080039,1.019857,0.258537,0.914154,1.019857,-0.134858,-0.134858,-0.134858,0.220939,0.901664,1.019857,0.204567,0.942607,1.019857,0.240423,1.009392,1.019857,-0.134858,-0.134858,-0.134858,-0.134858,-0.134858,-0.134858,-0.134858,-0.134858,-0.134858,-0.134858,-0.134858,-0.134858,-0.134858,-0.134858,-0.134858,0.433704,0.918895,1.019857,-0.134858,-0.134858,-0.134858,0.388867,1.199676,1.019857,0.382948,1.207013,1.019857,-0.134858,-0.134858,-0.134858,0.335514,1.190938,1.019857,-0.134858,-0.134858,-0.134858,0.235782,0.632045,1.019857,-0.134858,-0.134858,-0.134858,-0.134858,-0.134858,-0.134858,-0.134858,-0.134858,-0.134858,-0.134858,-0.134858,-0.134858,-0.134858,-0.134858,-0.134858,0.101312,0.808983,1.019857,0.130705,0.797010,1.019857,0.149508,0.751201,1.019857,0.149508,0.751201,1.019857,0.183358,0.701871,1.019857,0.206979,0.669814,1.019857,0.235782,0.632045,1.019857,-0.134858,-0.134858,-0.134858,-0.134858,-0.134858,-0.134858,-0.134858,-0.134858,-0.134858,-0.134858,-0.134858,-0.134858,-0.134858,-0.134858,-0.134858,-0.134858,-0.134858,-0.134858,-0.134858,-0.134858,-0.134858,0.435952,0.951873,1.019857,0.340390,1.185972,1.019857
-0.005161,0.643413,-1.872938,-0.050347,0.037360,0.489496,0.320358,0.734928,0.218647,0.451275,0.233710,-0.321008,1.035864,0.945279,0.549739,-1.682546,-2.174525,0.270763,0.210484,-0.171370,-0.113865,-1.776306,-0.951957,0.145196,0.092049,0.433588,-1.217571,0.176809,0.484428,-0.969729,-0.134858,-0.134858,-0.134858,-0.134858,-0.134858,-0.134858,-0.134858,-0.134858,-0.134858,-0.134858,-0.134858,-0.134858,-0.134858,-0.134858,-0.134858,0.106131,-0.022949,-1.518445,0.421500,0.664500,-1.839999,-0.165187,-0.244181,-1.554571,0.247549,0.254478,-1.811263,-0.134858,-0.134858,-0.134858,-0.134858,-0.134858,-0.134858,-0.134858,-0.134858,-0.134858,-0.134858,-0.134858,-0.134858,-0.134858,-0.134858,-0.134858,-0.134858,-0.134858,-0.134858,-0.229786,-0.229786,-0.229786,-0.229786,-0.229786,-0.229786,-0.229786,-0.229786,-0.229786,-0.229786,-0.229786,-0.229786,-0.229786,-0.229786,-0.229786,-0.229786,-0.229786,-0.229786,-0.229786,-0.229786,-0.229786,-0.229786,-0.229786,-0.229786,-0.229786,-0.229786,-0.229786,-0.229786,-0.229786,-0.229786,-0.229786,-0.229786,-0.229786,-0.229786,-0.229786,-0.229786,-0.229786,-0.229786,-0.229786,-0.229786,-0.229786,-0.229786,-0.229786,-0.229786,-0.229786,-0.229786,-0.229786,-0.229786,-0.229786,-0.229786,-0.229786,-0.229786,-0.229786,-0.229786,-0.229786,-0.229786,-0.229786,-0.229786,-0.229786,-0.229786,-0.229786,-0.229786,-0.229786,0.924427,1.237437,-0.039949,1.072824,1.301323,-0.039949,0.914722,1.401208,-0.039949,0.833317,1.534466,-0.039949,0.778991,1.589697,-0.039949,0.415196,1.010897,-0.039949,0.373637,0.970667,-0.039949,0.408167,1.123433,-0.039949,0.384379,1.229668,-0.039949,0.240140,0.894636,-0.039949,-0.007403,0.483038,-0.039949,-0.039156,-0.008328,-0.039949,-0.087705,-0.337680,-0.039949,0.122363,0.886112,-0.039949,-0.165167,0.509913,-0.039949,-0.230614,0.005633,-0.039949,-0.292807,-0.436447,-0.039949,0.068612,1.005873,-0.039949,-0.179692,0.897545,-0.039949,-0.255884,0.583854,-0.039949,-0.328307,0.246759,-0.039949,0.663193,0.720701,1.019857,0.678433,0.687870,1.019857,0.695589,0.668076,1.019857,0.641069,0.679472,1.019857,0.704068,0.618043,1.019857,0.655606,0.632696,1.019857,0.562132,0.662138,1.019857,0.388315,0.670452,1.019857,0.295516,0.698898,1.019857,0.199382,0.821317,1.019857,0.188824,0.948013,1.019857,0.252550,0.967878,1.019857,0.380563,1.094043,1.019857,0.423214,1.163181,1.019857,0.548608,1.219035,1.019857,0.604964,1.248305,1.019857,0.596781,1.329402,1.019857,0.588284,1.032818,1.019857,0.588642,1.080628,1.019857,0.589322,1.112490,1.019857,0.583665,1.141426,1.019857,0.534513,1.131195,1.019857,0.463651,1.241001,1.019857,0.471203,1.258421,1.019857,0.459376,1.286161,1.019857,0.479778,1.312929,1.019857,0.556818,1.365204,1.019857,0.457539,1.090008,1.019857,-0.134858,-0.134858,-0.134858,0.359871,1.031529,1.019857,0.325343,1.009574,1.019857,0.380175,0.920729,1.019857,-0.134858,-0.134858,-0.134858,0.340501,0.896183,1.019857,0.316694,0.932914,1.019857,0.356395,1.022772,1.019857,-0.134858,-0.134858,-0.134858,-0.134858,-0.134858,-0.134858,-0.134858,-0.134858,-0.134858,-0.134858,-0.134858,-0.134858,-0.134858,-0.134858,-0.134858,0.585907,0.957753,1.019857,-0.134858,-0.134858,-0.134858,0.520345,1.240879,1.019857,0.503638,1.262387,1.019857,-0.134858,-0.134858,-0.134858,0.473803,1.240343,1.019857,-0.134858,-0.134858,-0.134858,0.399076,0.703000,1.019857,-0.134858,-0.134858,-0.134858,-0.134858,-0.134858,-0.134858,-0.134858,-0.134858,-0.134858,-0.134858,-0.134858,-0.134858,-0.134858,-0.134858,-0.134858,0.271661,0.888513,1.019857,0.265542,0.793863,1.019857,0.292000,0.745628,1.019857,0.292000,0.745628,1.019857,0.344199,0.722067,1.019857,0.370081,0.713838,1.019857,0.399076,0.703000,1.019857,-0.134858,-0.134858,-0.134858,-0.134858,-0.134858,-0.134858,-0.134858,-0.134858,-0.134858,-0.134858,-0.134858,-0.134858,-0.134858,-0.134858,-0.134858,-0.134858,-0.134858,-0.134858,-0.134858,-0.134858,-0.134858,0.584061,0.985319,1.019857,0.474395,1.234223,1.019857
-0.010296,0.695991,-2.515735,-0.014562,0.034553,0.309808,0.349409,0.715274,-0.106349,0.361063,0.215424,-0.498820,0.960579,1.023756,0.278053,-1.654888,-2.125482,0.079758,0.153328,-0.142805,-0.332826,-3.396204,-1.935624,-0.036271,0.144073,0.435928,-1.267394,0.219103,0.483943,-1.005695,-0.134858,-0.134858,-0.134858,-0.134858,-0.134858,-0.134858,-0.134858,-0.134858,-0.134858,-0.134858,-0.134858,-0.134858,-0.134858,-0.134858,-0.134858,0.105839,0.112462,-2.206122,0.432038,0.705665,-2.300903,-0.110629,-0.168290,-2.463165,0.246419,0.402802,-2.333077,-0.134858,-0.134858,-0.134858,-0.134858,-0.134858,-0.134858,-0.134858,-0.134858,-0.134858,-0.134858,-0.134858,-0.134858,-0.134858,-0.134858,-0.134858,-0.134858,-0.134858,-0.134858,-0.229786,-0.229786,-0.229786,-0.229786,-0.229786,-0.229786,-0.229786,-0.229786,-0.229786,-0.229786,-0.229786,-0.229786,-0.229786,-0.229786,-0.229786,-0.229786,-0.229786,-0.229786,-0.229786,-0.229786,-0.229786,-0.229786,-0.229786,-0.229786,-0.229786,-0.229786,-0.229786,-0.229786,-0.229786,-0.229786,-0.229786,-0.229786,-0.229786,-0.229786,-0.229786,-0.229786,-0.229786,-0.229786,-0.229786,-0.229786,-0.229786,-0.229786,-0.229786,-0.229786,-0.229786,-0.229786,-0.229786,-0.229786,-0.229786,-0.229786,-0.229786,-0.229786,-0.229786,-0.229786,-0.229786,-0.229786,-0.229786,-0.229786,-0.229786,-0.229786,-0.229786,-0.229786,-0.229786,0.896214,1.241782,-0.039949,1.042472,1.301752,-0.039949,0.882569,1.402394,-0.039949,0.798326,1.529055,-0.039949,0.754467,1.558625,-0.039949,0.395836,1.011238,-0.039949,0.337327,0.960228,-0.039949,0.359520,1.110703,-0.039949,0.337440,1.212296,-0.039949,0.218592,0.896556,-0.039949,-0.022478,0.497969,-0.039949,-0.042556,0.014045,-0.039949,-0.081302,-0.318983,-0.039949,0.097956,0.885635,-0.039949,-0.176910,0.498208,-0.039949,-0.243838,-0.005144,-0.039949,-0.304496,-0.447438,-0.039949,0.034223,1.003952,-0.039949,-0.213153,0.892857,-0.039949,-0.290293,0.580024,-0.039949,-0.364455,0.246580,-0.039949,0.477124,0.757286,1.019857,0.472161,0.727454,1.019857,0.473882,0.716682,1.019857,0.471855,0.770578,1.019857,0.470911,0.689052,1.019857,0.523712,0.721924,1.019857,0.541593,0.740983,1.019857,0.421883,0.732029,1.019857,0.325251,0.752639,1.019857,0.190554,0.854647,1.019857,0.136930,0.971903,1.019857,0.231914,0.996412,1.019857,0.378287,1.131078,1.019857,0.410889,1.199872,1.019857,0.439270,1.215730,1.019857,0.488688,1.238396,1.019857,0.535324,1.351874,1.019857,0.569200,1.146978,1.019857,0.611746,1.218247,1.019857,0.627828,1.260833,1.019857,0.633958,1.300503,1.019857,0.577853,1.273564,1.019857,0.504878,1.376734,1.019857,0.514409,1.401443,1.019857,0.486994,1.406016,1.019857,0.490594,1.412302,1.019857,0.528929,1.426468,1.019857,0.530496,1.231084,1.019857,-0.134858,-0.134858,-0.134858,0.475989,1.149047,1.019857,0.453273,1.113434,1.019857,0.465717,1.002698,1.019857,-0.134858,-0.134858,-0.134858,0.438315,0.995515,1.019857,0.415561,1.030176,1.019857,0.431350,1.097089,1.019857,-0.134858,-0.134858,-0.134858,-0.134858,-0.134858,-0.134858,-0.134858,-0.134858,-0.134858,-0.134858,-0.134858,-0.134858,-0.134858,-0.134858,-0.134858,0.592922,1.076036,1.019857,-0.134858,-0.134858,-0.134858,0.518532,1.338522,1.019857,0.509940,1.332150,1.019857,-0.134858,-0.134858,-0.134858,0.480418,1.333354,1.019857,-0.134858,-0.134858,-0.134858,0.433046,0.744153,1.019857,-0.134858,-0.134858,-0.134858,-0.134858,-0.134858,-0.134858,-0.134858,-0.134858,-0.134858,-0.134858,-0.134858,-0.134858,-0.134858,-0.134858,-0.134858,0.314846,0.916534,1.019857,0.327364,0.825829,1.019857,0.358409,0.783036,1.019857,0.358409,0.783036,1.019857,0.405151,0.764972,1.019857,0.418759,0.760296,1.019857,0.433046,0.744153,1.019857,-0.134858,-0.134858,-0.134858,-0.134858,-0.134858,-0.134858,-0.134858,-0.134858,-0.134858,-0.134858,-0.134858,-0.134858,-0.134858,-0.134858,-0.134858,-0.134858,-0.134858,-0.134858,-0.134858,-0.134858,-0.134858,0.605691,1.121549,1.019857,0.478542,1.348708,1.019857
-0.010296,0.695991,-2.515735,-0.014562,0.034553,0.309808,0.349409,0.715274,-0.106349,0.361063,0.215424,-0.498820,0.960579,1.023756,0.278053,-1.654888,-2.125482,0.079758,0.153328,-0.142805,-0.332826,-3.396204,-1.935624,-0.036271,0.144073,0.435928,-1.267394,0.219103,0.483943,-1.005695,-0.134858,-0.134858,-0.134858,-0.134858,-0.134858,-0.134858,-0.134858,-0.134858,-0.134858,-0.134858,-0.134858,-0.134858,-0.134858,-0.134858,-0.134858,0.105839,0.112462,-2.206122,0.432038,0.705665,-2.300903,-0.110629,-0.168290,-2.463165,0.246419,0.402802,-2.333077,-0.134858,-0.134858,-0.134858,-0.134858,-0.134858,-0.134858,-0.134858,-0.134858,-0.134858,-0.134858,-0.134858,-0.134858,-0.134858,-0.134858,-0.134858,-0.134858,-0.134858,-0.134858,-0.229786,-0.229786,-0.229786,-0.229786,-0.229786,-0.229786,-0.229786,-0.229786,-0.229786,-0.229786,-0.229786,-0.229786,-0.229786,-0.229786,-0.229786,-0.229786,-0.229786,-0.229786,-0.229786,-0.229786,-0.229786,-0.229786,-0.229786,-0.229786,-0.229786,-0.229786,-0.229786,-0.229786,-0.229786,-0.229786,-0.229786,-0.229786,-0.229786,-0.229786,-0.229786,-0.229786,-0.229786,-0.229786,-0.229786,-0.229786,-0.229786,-0.229786,-0.229786,-0.229786,-0.229786,-0.229786,-0.229786,-0.229786,-0.229786,-0.229786,-0.229786,-0.229786,-0.229786,-0.229786,-0.229786,-0.229786,-0.229786,-0.229786,-0.229786,-0.229786,-0.229786,-0.229786,-0.229786,0.896214,1.241782,-0.039949,1.042472,1.301752,-0.039949,0.882569,1.402394,-0.039949,0.798326,1.529055,-0.039949,0.754467,1.558625,-0.039949,0.395836,1.011238,-0.039949,0.337327,0.960228,-0.039949,0.359520,1.110703,-0.039949,0.337440,1.212296,-0.039949,0.218592,0.896556,-0.039949,-0.022478,0.497969,-0.039949,-0.042556,0.014045,-0.039949,-0.081302,-0.318983,-0.039949,0.097956,0.885635,-0.039949,-0.176910,0.498208,-0.039949,-0.243838,-0.005144,-0.039949,-0.304496,-0.447438,-0.039949,0.034223,1.003952,-0.039949,-0.213153,0.892857,-0.039949,-0.290293,0.580024,-0.039949,-0.364455,0.246580,-0.039949,0.477124,0.757286,1.019857,0.472161,0.727454,1.019857,0.473882,0.716682,1.019857,0.471855,0.770578,1.019857,0.470911,0.689052,1.019857,0.523712,0.721924,1.019857,0.541593,0.740983,1.019857,0.421883,0.732029,1.019857,0.325251,0.752639,1.019857,0.190554,0.854647,1.019857,0.136930,0.971903,1.019857,0.231914,0.996412,1.019857,0.378287,1.131078,1.019857,0.410889,1.199872,1.019857,0.439270,1.215730,1.019857,0.488688,1.238396,1.019857,0.535324,1.351874,1.019857,0.569200,1.146978,1.019857,0.611746,1.218247,1.019857,0.627828,1.260833,1.019857,0.633958,1.300503,1.019857,0.577853,1.273564,1.019857,0.504878,1.376734,1.019857,0.514409,1.401443,1.019857,0.486994,1.406016,1.019857,0.490594,1.412302,1.019857,0.528929,1.426468,1.019857,0.530496,1.231084,1.019857,-0.134858,-0.134858,-0.134858,0.475989,1.149047,1.019857,0.453273,1.113434,1.019857,0.465717,1.002698,1.019857,-0.134858,-0.134858,-0.134858,0.438315,0.995515,1.019857,0.415561,1.030176,1.019857,0.431350,1.097089,1.019857,-0.134858,-0.134858,-0.134858,-0.134858,-0.134858,-0.134858,-0.134858,-0.134858,-0.134858,-0.134858,-0.134858,-0.134858,-0.134858,-0.134858,-0.134858,0.592922,1.076036,1.019857,-0.134858,-0.134858,-0.134858,0.518532,1.338522,1.019857,0.509940,1.332150,1.019857,-0.134858,-0.134858,-0.134858,0.480418,1.333354,1.019857,-0.134858,-0.134858,-0.134858,0.433046,0.744153,1.019857,-0.134858,-0.134858,-0.134858,-0.134858,-0.134858,-0.134858,-0.134858,-0.134858,-0.134858,-0.134858,-0.134858,-0.134858,-0.134858,-0.134858,-0.134858,0.314846,0.916534,1.019857,0.327364,0.825829,1.019857,0.358409,0.783036,1.019857,0.358409,0.783036,1.019857,0.405151,0.764972,1.019857,0.418759,0.760296,1.019857,0.433046,0.744153,1.019857,-0.134858,-0.134858,-0.134858,-0.134858,-0.134858,-0.134858,-0.134858,-0.134858,-0.134858,-0.134858,-0.134858,-0.134858,-0.134858,-0.134858,-0.134858,-0.134858,-0.134858,-0.134858,-0.134858,-0.134858,-0.134858,0.605691,1.121549,1.019857,0.478542,1.348708,1.019857
-0.061730,0.730468,-2.830295,0.021466,-0.002936,0.227510,0.383068,0.674062,-0.199085,0.320716,0.189296,-0.556485,0.867352,1.057777,0.200881,-1.645448,-2.108320,-0.007723,0.144282,-0.133355,-0.464835,-2.533695,-1.368749,-0.175867,0.124795,0.350235,-1.293110,0.190466,0.396995,-1.026596,-0.134858,-0.134858,-0.134858,-0.134858,-0.134858,-0.134858,-0.134858,-0.134858,-0.134858,-0.134858,-0.134858,-0.134858,-0.134858,-0.134858,-0.134858,0.104671,0.136516,-2.502558,0.430721,0.742949,-2.567985,-0.085055,-0.160400,-2.884763,0.247680,0.640408,-2.731609,-0.134858,-0.134858,-0.134858,-0.134858,-0.134858,-0.134858,-0.134858,-0.134858,-0.134858,-0.134858,-0.134858,-0.134858,-0.134858,-0.134858,-0.134858,-0.134858,-0.134858,-0.134858,-0.229786,-0.229786,-0.229786,-0.229786,-0.229786,-0.229786,-0.229786,-0.229786,-0.229786,-0.229786,-0.229786,-0.229786,-0.229786,-0.229786,-0.229786,-0.229786,-0.229786,-0.229786,-0.229786,-0.229786,-0.229786,-0.229786,-0.229786,-0.229786,-0.229786,-0.229786,-0.229786,-0.229786,-0.229786,-0.229786,-0.229786,-0.229786,-0.229786,-0.229786,-0.229786,-0.229786,-0.229786,-0.229786,-0.229786,-0.229786,-0.229786,-0.229786,-0.229786,-0.229786,-0.229786,-0.229786,-0.229786,-0.229786,-0.229786,-0.229786,-0.229786,-0.229786,-0.229786,-0.229786,-0.229786,-0.229786,-0.229786,-0.229786,-0.229786,-0.229786,-0.229786,-0.229786,-0.229786,0.820473,1.202798,-0.039949,0.983082,1.263750,-0.039949,0.835268,1.356432,-0.039949,0.755885,1.477866,-0.039949,0.709160,1.483662,-0.039949,0.357505,0.970599,-0.039949,0.284607,0.911940,-0.039949,0.309075,1.076436,-0.039949,0.289391,1.177136,-0.039949,0.179942,0.864556,-0.039949,-0.057369,0.484134,-0.039949,-0.077389,0.010378,-0.039949,-0.119157,-0.325249,-0.039949,0.059422,0.853735,-0.039949,-0.215636,0.458954,-0.039949,-0.289968,-0.040923,-0.039949,-0.356940,-0.481075,-0.039949,-0.003948,0.968364,-0.039949,-0.252985,0.850037,-0.039949,-0.334996,0.538410,-0.039949,-0.413396,0.209447,-0.039949,0.562854,0.677022,1.019857,0.535285,0.626006,1.019857,0.515509,0.592715,1.019857,0.461647,0.598785,1.019857,0.452940,0.529878,1.019857,0.416447,0.552191,1.019857,0.361860,0.601789,1.019857,0.216422,0.621661,1.019857,0.110294,0.650335,1.019857,-0.057290,0.763885,1.019857,-0.154648,0.869779,1.019857,-0.042210,0.880039,1.019857,0.027433,1.017844,1.019857,0.032268,1.105534,1.019857,0.111854,1.196615,1.019857,0.203864,1.251050,1.019857,0.294640,1.369995,1.019857,0.629387,1.058230,1.019857,0.647591,1.129037,1.019857,0.651092,1.180937,1.019857,0.639389,1.234363,1.019857,0.557566,1.210001,1.019857,0.454643,1.377861,1.019857,0.470137,1.427060,1.019857,0.416683,1.443142,1.019857,0.404135,1.469222,1.019857,0.391096,1.483119,1.019857,0.484005,1.152431,1.019857,-0.134858,-0.134858,-0.134858,0.398276,1.054528,1.019857,0.366023,1.014167,1.019857,0.381327,0.875264,1.019857,-0.134858,-0.134858,-0.134858,0.346680,0.862828,1.019857,0.317636,0.905648,1.019857,0.304820,0.972076,1.019857,-0.134858,-0.134858,-0.134858,-0.134858,-0.134858,-0.134858,-0.134858,-0.134858,-0.134858,-0.134858,-0.134858,-0.134858,-0.134858,-0.134858,-0.134858,0.592438,0.970258,1.019857,-0.134858,-0.134858,-0.134858,0.429650,1.324392,1.019857,0.393518,1.356195,1.019857,-0.134858,-0.134858,-0.134858,0.340080,1.287121,1.019857,-0.134858,-0.134858,-0.134858,0.337413,0.574748,1.019857,-0.134858,-0.134858,-0.134858,-0.134858,-0.134858,-0.134858,-0.134858,-0.134858,-0.134858,-0.134858,-0.134858,-0.134858,-0.134858,-0.134858,-0.134858,0.145299,0.747820,1.019857,0.181524,0.662445,1.019857,0.208111,0.635477,1.019857,0.208111,0.635477,1.019857,0.280320,0.605578,1.019857,0.309014,0.593874,1.019857,0.337413,0.574748,1.019857,-0.134858,-0.134858,-0.134858,-0.134858,-0.134858,-0.134858,-0.134858,-0.134858,-0.134858,-0.134858,-0.134858,-0.134858,-0.134858,-0.134858,-0.134858,-0.134858,-0.134858,-0.134858,-0.134858,-0.134858,-0.134858,0.598085,1.016247,1.019857,0.355496,1.297895,1.019857
-0.061730,0.730468,-2.830295,0.021466,-0.002936,0.227510,0.383068,0.674062,-0.199085,0.320716,0.189296,-0.556485,0.867352,1.057777,0.200881,-1.645448,-2.108320,-0.007723,0.144282,-0.133355,-0.464835,-2.533695,-1.368749,-0.175867,0.124795,0.350235,-1.293110,0.190466,0.396995,-1.026596,-0.134858,-0.134858,-0.134858,-0.134858,-0.134858,-0.134858,-0.134858,-0.134858,-0.134858,-0.134858,-0.134858,-0.134858,-0.134858,-0.134858,-0.134858,0.104671,0.136516,-2.502558,0.430721,0.742949,-2.567985,-0.085055,-0.160400,-2.884763,0.247680,0.640408,-2.731609,-0.134858,-0.134858,-0.134858,-0.134858,-0.134858,-0.134858,-0.134858,-0.134858,-0.134858,-0.134858,-0.134858,-0.134858,-0.134858,-0.134858,-0.134858,-0.134858,-0.134858,-0.134858,-0.229786,-0.229786,-0.229786,-0.229786,-0.229786,-0.229786,-0.229786,-0.229786,-0.229786,-0.229786,-0.229786,-0.229786,-0.229786,-0.229786,-0.229786,-0.229786,-0.229786,-0.229786,-0.229786,-0.229786,-0.229786,-0.229786,-0.229786,-0.229786,-0.229786,-0.229786,-0.229786,-0.229786,-0.229786,-0.229786,-0.229786,-0.229786,-0.229786,-0.229786,-0.229786,-0.229786,-0.229786,-0.229786,-0.229786,-0.229786,-0.229786,-0.229786,-0.229786,-0.229786,-0.229786,-0.229786,-0.229786,-0.229786,-0.229786,-0.229786,-0.229786,-0.229786,-0.229786,-0.229786,-0.229786,-0.229786,-0.229786,-0.229786,-0.229786,-0.229786,-0.229786,-0.229786,-0.229786,0.820473,1.202798,-0.039949,0.983082,1.263750,-0.039949,0.835268,1.356432,-0.039949,0.755885,1.477866,-0.039949,0.709160,1.483662,-0.039949,0.357505,0.970599,-0.039949,0.284607,0.911940,-0.039949,0.309075,1.076436,-0.039949,0.289391,1.177136,-0.039949,0.179942,0.864556,-0.039949,-0.057369,0.484134,-0.039949,-0.077389,0.010378,-0.039949,-0.119157,-0.325249,-0.039949,0.059422,0.853735,-0.039949,-0.215636,0.458954,-0.039949,-0.289968,-0.040923,-0.039949,-0.356940,-0.481075,-0.039949,-0.003948,0.968364,-0.039949,-0.252985,0.850037,-0.039949,-0.334996,0.538410,-0.039949,-0.413396,0.209447,-0.039949,0.562854,0.677022,1.019857,0.535285,0.626006,1.019857,0.515509,0.592715,1.019857,0.461647,0.598785,1.019857,0.452940,0.529878,1.019857,0.416447,0.552191,1.019857,0.361860,0.601789,1.019857,0.216422,0.621661,1.019857,0.110294,0.650335,1.019857,-0.057290,0.763885,1.019857,-0.154648,0.869779,1.019857,-0.042210,0.880039,1.019857,0.027433,1.017844,1.019857,0.032268,1.105534,1.019857,0.111854,1.196615,1.019857,0.203864,1.251050,1.019857,0.294640,1.369995,1.019857,0.629387,1.058230,1.019857,0.647591,1.129037,1.019857,0.651092,1.180937,1.019857,0.639389,1.234363,1.019857,0.557566,1.210001,1.019857,0.454643,1.377861,1.019857,0.470137,1.427060,1.019857,0.416683,1.443142,1.019857,0.404135,1.469222,1.019857,0.391096,1.483119,1.019857,0.484005,1.152431,1.019857,-0.134858,-0.134858,-0.134858,0.398276,1.054528,1.019857,0.366023,1.014167,1.019857,0.381327,0.875264,1.019857,-0.134858,-0.134858,-0.134858,0.346680,0.862828,1.019857,0.317636,0.905648,1.019857,0.304820,0.972076,1.019857,-0.134858,-0.134858,-0.134858,-0.134858,-0.134858,-0.134858,-0.134858,-0.134858,-0.134858,-0.134858,-0.134858,-0.134858,-0.134858,-0.134858,-0.134858,0.592438,0.970258,1.019857,-0.134858,-0.134858,-0.134858,0.429650,1.324392,1.019857,0.393518,1.356195,1.019857,-0.134858,-0.134858,-0.134858,0.340080,1.287121,1.019857,-0.134858,-0.134858,-0.134858,0.337413,0.574748,1.019857,-0.134858,-0.134858,-0.134858,-0.134858,-0.134858,-0.134858,-0.134858,-0.134858,-0.134858,-0.134858,-0.134858,-0.134858,-0.134858,-0.134858,-0.134858,0.145299,0.747820,1.019857,0.181524,0.662445,1.019857,0.208111,0.635477,1.019857,0.208111,0.635477,1.019857,0.280320,0.605578,1.019857,0.309014,0.593874,1.019857,0.337413,0.574748,1.019857,-0.134858,-0.134858,-0.134858,-0.134858,-0.134858,-0.134858,-0.134858,-0.134858,-0.134858,-0.134858,-0.134858,-0.134858,-0.134858,-0.134858,-0.134858,-0.134858,-0.134858,-0.134858,-0.134858,-0.134858,-0.134858,0.598085,1.016247,1.019857,0.355496,1.297895,1.019857
-0.240588,0.752529,-2.806168,0.156468,-0.003593,0.257695,0.377486,0.669452,-0.129324,0.303957,0.173146,-0.478788,0.803292,1.047158,0.237810,-1.060628,-2.096826,0.024364,0.454486,-0.174043,-0.382667,-1.087569,-0.614403,-0.203160,0.100960,0.307548,-1.292420,0.164390,0.330211,-1.026429,-0.134858,-0.134858,-0.134858,-0.134858,-0.134858,-0.134858,-0.134858,-0.134858,-0.134858,-0.134858,-0.134858,-0.134858,-0.134858,-0.134858,-0.134858,0.073211,0.244324,-2.448478,0.388042,0.779015,-2.546157,-0.063314,-0.113731,-2.863109,0.243011,0.723460,-2.785742,-0.134858,-0.134858,-0.134858,-0.134858,-0.134858,-0.134858,-0.134858,-0.134858,-0.134858,-0.134858,-0.134858,-0.134858,-0.134858,-0.134858,-0.134858,-0.134858,-0.134858,-0.134858,-0.229786,-0.229786,-0.229786,-0.229786,-0.229786,-0.229786,-0.229786,-0.229786,-0.229786,-0.229786,-0.229786,-0.229786,-0.229786,-0.229786,-0.229786,-0.229786,-0.229786,-0.229786,-0.229786,-0.229786,-0.229786,-0.229786,-0.229786,-0.229786,-0.229786,-0.229786,-0.229786,-0.229786,-0.229786,-0.229786,-0.229786,-0.229786,-0.229786,-0.229786,-0.229786,-0.229786,-0.229786,-0.229786,-0.229786,-0.229786,-0.229786,-0.229786,-0.229786,-0.229786,-0.229786,-0.229786,-0.229786,-0.229786,-0.229786,-0.229786,-0.229786,-0.229786,-0.229786,-0.229786,-0.229786,-0.229786,-0.229786,-0.229786,-0.229786,-0.229786,-0.229786,-0.229786,-0.229786,0.742455,1.118398,-0.039949,0.922016,1.177555,-0.039949,0.773025,1.259676,-0.039949,0.696798,1.372527,-0.039949,0.662332,1.375091,-0.039949,0.316774,0.891098,-0.039949,0.241479,0.787680,-0.039949,0.266984,0.952300,-0.039949,0.251717,1.084513,-0.039949,0.146355,0.800285,-0.039949,-0.079141,0.416567,-0.039949,-0.081355,-0.043577,-0.039949,-0.099565,-0.357658,-0.039949,0.028136,0.819533,-0.039949,-0.206568,0.461817,-0.039949,-0.253591,-0.043701,-0.039949,-0.296134,-0.491253,-0.039949,-0.035554,0.962569,-0.039949,-0.253066,0.879930,-0.039949,-0.316432,0.565707,-0.039949,-0.378297,0.225442,-0.039949,0.642440,0.486032,1.019857,0.622880,0.436915,1.019857,0.597023,0.411896,1.019857,0.466212,0.462603,1.019857,0.505787,0.374442,1.019857,0.404579,0.444422,1.019857,0.293828,0.533893,1.019857,0.142384,0.600130,1.019857,0.066327,0.647508,1.019857,-0.000407,0.769262,1.019857,0.022986,0.871107,1.019857,0.087911,0.897079,1.019857,0.262067,1.010628,1.019857,0.335902,1.067055,1.019857,0.481536,1.096024,1.019857,0.536088,1.138789,1.019857,0.541550,1.266102,1.019857,0.588949,0.899422,1.019857,0.587815,0.987046,1.019857,0.597814,1.059072,1.019857,0.597180,1.131457,1.019857,0.525509,1.084053,1.019857,0.454052,1.293489,1.019857,0.471610,1.343386,1.019857,0.450633,1.354238,1.019857,0.470408,1.366220,1.019857,0.535632,1.366612,1.019857,0.426000,1.047022,1.019857,-0.134858,-0.134858,-0.134858,0.302283,0.989321,1.019857,0.255679,0.966263,1.019857,0.295500,0.811671,1.019857,-0.134858,-0.134858,-0.134858,0.245345,0.803964,1.019857,0.219005,0.850224,1.019857,0.265376,0.937849,1.019857,-0.134858,-0.134858,-0.134858,-0.134858,-0.134858,-0.134858,-0.134858,-0.134858,-0.134858,-0.134858,-0.134858,-0.134858,-0.134858,-0.134858,-0.134858,0.539680,0.803505,1.019857,-0.134858,-0.134858,-0.134858,0.503992,1.180829,1.019857,0.492058,1.208277,1.019857,-0.134858,-0.134858,-0.134858,0.440576,1.166500,1.019857,-0.134858,-0.134858,-0.134858,0.256698,0.588495,1.019857,-0.134858,-0.134858,-0.134858,-0.134858,-0.134858,-0.134858,-0.134858,-0.134858,-0.134858,-0.134858,-0.134858,-0.134858,-0.134858,-0.134858,-0.134858,0.106084,0.811840,1.019857,0.109610,0.757644,1.019857,0.125052,0.708794,1.019857,0.125052,0.708794,1.019857,0.175733,0.652998,1.019857,0.213379,0.624123,1.019857,0.256698,0.588495,1.019857,-0.134858,-0.134858,-0.134858,-0.134858,-0.134858,-0.134858,-0.134858,-0.134858,-0.134858,-0.134858,-0.134858,-0.134858,-0.134858,-0.134858,-0.134858,-0.134858,-0.134858,-0.134858,-0.134858,-0.134858,-0.134858,0.546823,0.836382,1.019857,0.441976,1.151250,1.019857
-0.362164,0.720307,-2.880228,0.441890,0.001794,0.237049,0.393922,0.542657,-0.058388,0.211229,0.128712,-0.378049,0.753659,0.956082,0.296263,0.057946,-1.716853,0.002418,0.556564,0.425650,-0.348697,-0.315757,0.025444,-0.236989,0.071666,0.309053,-1.215810,0.130049,0.309879,-0.972261,-0.134858,-0.134858,-0.134858,-0.134858,-0.134858,-0.134858,-0.134858,-0.134858,-0.134858,-0.134858,-0.134858,-0.134858,-0.134858,-0.134858,-0.134858,0.043390,0.260269,-2.534827,0.356426,0.778135,-2.712198,-0.066031,-0.055207,-2.955248,0.252105,0.734131,-3.089946,-0.134858,-0.134858,-0.134858,-0.134858,-0.134858,-0.134858,-0.134858,-0.134858,-0.134858,-0.134858,-0.134858,-0.134858,-0.134858,-0.134858,-0.134858,-0.134858,-0.134858,-0.134858,-0.229786,-0.229786,-0.229786,-0.229786,-0.229786,-0.229786,-0.229786,-0.229786,-0.229786,-0.229786,-0.229786,-0.229786,-0.229786,-0.229786,-0.229786,-0.229786,-0.229786,-0.229786,-0.229786,-0.229786,-0.229786,-0.229786,-0.229786,-0.229786,-0.229786,-0.229786,-0.229786,-0.229786,-0.229786,-0.229786,-0.229786,-0.229786,-0.229786,-0.229786,-0.229786,-0.229786,-0.229786,-0.229786,-0.229786,-0.229786,-0.229786,-0.229786,-0.229786,-0.229786,-0.229786,-0.229786,-0.229786,-0.229786,-0.229786,-0.229786,-0.229786,-0.229786,-0.229786,-0.229786,-0.229786,-0.229786,-0.229786,-0.229786,-0.229786,-0.229786,-0.229786,-0.229786,-0.229786,0.676313,0.868171,-0.039949,0.816953,1.040270,-0.039949,0.682625,1.072163,-0.039949,0.599508,1.087808,-0.039949,0.598387,1.088678,-0.039949,0.298964,0.711975,-0.039949,0.249488,0.623464,-0.039949,0.302779,0.695530,-0.039949,0.295137,0.760050,-0.039949,0.226160,0.564065,-0.039949,0.319688,0.491125,-0.039949,0.501692,0.566992,-0.039949,0.574356,0.631325,-0.039949,0.168259,0.351458,-0.039949,0.322246,0.201449,-0.039949,0.581875,0.392183,-0.039949,0.748781,0.555385,-0.039949,0.121007,0.138673,-0.039949,0.231417,-0.213514,-0.039949,0.510144,-0.537082,-0.039949,0.781591,-0.738809,-0.039949,0.668688,0.603111,1.019857,0.669125,0.553243,1.019857,0.663515,0.523535,1.019857,0.576456,0.555594,1.019857,0.622696,0.469441,1.019857,0.564766,0.510381,1.019857,0.483108,0.570416,1.019857,0.326741,0.597185,1.019857,0.230471,0.626277,1.019857,0.119035,0.740285,1.019857,0.103257,0.843955,1.019857,0.176061,0.875459,1.019857,0.305427,0.990518,1.019857,0.332878,1.053625,1.019857,0.420302,1.086237,1.019857,0.461748,1.127066,1.019857,0.457648,1.247735,1.019857,0.603577,1.028664,1.019857,0.596158,1.110206,1.019857,0.597091,1.168350,1.019857,0.584757,1.220103,1.019857,0.523188,1.163058,1.019857,0.416902,1.317414,1.019857,0.426756,1.359866,1.019857,0.397906,1.369841,1.019857,0.408672,1.377693,1.019857,0.451775,1.368914,1.019857,0.433808,1.088849,1.019857,-0.134858,-0.134858,-0.134858,0.333423,0.998030,1.019857,0.299572,0.960868,1.019857,0.356060,0.850978,1.019857,-0.134858,-0.134858,-0.134858,0.320250,0.850031,1.019857,0.296784,0.888043,1.019857,0.322792,0.954571,1.019857,-0.134858,-0.134858,-0.134858,-0.134858,-0.134858,-0.134858,-0.134858,-0.134858,-0.134858,-0.134858,-0.134858,-0.134858,-0.134858,-0.134858,-0.134858,0.573054,0.902694,1.019857,-0.134858,-0.134858,-0.134858,0.452485,1.181392,1.019857,0.442878,1.170366,1.019857,-0.134858,-0.134858,-0.134858,0.411545,1.194815,1.019857,-0.134858,-0.134858,-0.134858,0.333757,0.631823,1.019857,-0.134858,-0.134858,-0.134858,-0.134858,-0.134858,-0.134858,-0.134858,-0.134858,-0.134858,-0.134858,-0.134858,-0.134858,-0.134858,-0.134858,-0.134858,0.272105,0.812793,1.019857,0.251498,0.745751,1.019857,0.253187,0.697408,1.019857,0.253187,0.697408,1.019857,0.292311,0.666893,1.019857,0.315870,0.652051,1.019857,0.333757,0.631823,1.019857,-0.134858,-0.134858,-0.134858,-0.134858,-0.134858,-0.134858,-0.134858,-0.134858,-0.134858,-0.134858,-0.134858,-0.134858,-0.134858,-0.134858,-0.134858,-0.134858,-0.134858,-0.134858,-0.134858,-0.134858,-0.134858,0.561661,0.940277,1.019857,0.416686,1.200907,1.019857
-0.362164,0.720307,-2.880228,0.441890,0.001794,0.237049,0.393922,0.542657,-0.058388,0.211229,0.128712,-0.378049,0.753659,0.956082,0.296263,0.057946,-1.716853,0.002418,0.556564,0.425650,-0.348697,-0.315757,0.025444,-0.236989,0.071666,0.309053,-1.215810,0.130049,0.309879,-0.972261,-0.134858,-0.134858,-0.134858,-0.134858,-0.134858,-0.134858,-0.134858,-0.134858,-0.134858,-0.134858,-0.134858,-0.134858,-0.134858,-0.134858,-0.134858,0.043390,0.260269,-2.534827,0.356426,0.778135,-2.712198,-0.066031,-0.055207,-2.955248,0.252105,0.734131,-3.089946,-0.134858,-0.134858,-0.134858,-0.134858,-0.134858,-0.134858,-0.134858,-0.134858,-0.134858,-0.134858,-0.134858,-0.134858,-0.134858,-0.134858,-0.134858,-0.134858,-0.134858,-0.134858,-0.229786,-0.229786,-0.229786,-0.229786,-0.229786,-0.229786,-0.229786,-0.229786,-0.229786,-0.229786,-0.229786,-0.229786,-0.229786,-0.229786,-0.229786,-0.229786,-0.229786,-0.229786,-0.229786,-0.229786,-0.229786,-0.229786,-0.229786,-0.229786,-0.229786,-0.229786,-0.229786,-0.229786,-0.229786,-0.229786,-0.229786,-0.229786,-0.229786,-0.229786,-0.229786,-0.229786,-0.229786,-0.229786,-0.229786,-0.229786,-0.229786,-0.229786,-0.229786,-0.229786,-0.229786,-0.229786,-0.229786,-0.229786,-0.229786,-0.229786,-0.229786,-0.229786,-0.229786,-0.229786,-0.229786,-0.229786,-0.229786,-0.229786,-0.229786,-0.229786,-0.229786,-0.229786,-0.229786,0.676313,0.868171,-0.039949,0.816953,1.040270,-0.039949,0.682625,1.072163,-0.039949,0.599508,1.087808,-0.039949,0.598387,1.088678,-0.039949,0.298964,0.711975,-0.039949,0.249488,0.623464,-0.039949,0.302779,0.695530,-0.039949,0.295137,0.760050,-0.039949,0.226160,0.564065,-0.039949,0.319688,0.491125,-0.039949,0.501692,0.566992,-0.039949,0.574356,0.631325,-0.039949,0.168259,0.351458,-0.039949,0.322246,0.201449,-0.039949,0.581875,0.392183,-0.039949,0.748781,0.555385,-0.039949,0.121007,0.138673,-0.039949,0.231417,-0.213514,-0.039949,0.510144,-0.537082,-0.039949,0.781591,-0.738809,-0.039949,0.668688,0.603111,1.019857,0.669125,0.553243,1.019857,0.663515,0.523535,1.019857,0.576456,0.555594,1.019857,0.622696,0.469441,1.019857,0.564766,0.510381,1.019857,0.483108,0.570416,1.019857,0.326741,0.597185,1.019857,0.230471,0.626277,1.019857,0.119035,0.740285,1.019857,0.103257,0.843955,1.019857,0.176061,0.875459,1.019857,0.305427,0.990518,1.019857,0.332878,1.053625,1.019857,0.420302,1.086237,1.019857,0.461748,1.127066,1.019857,0.457648,1.247735,1.019857,0.603577,1.028664,1.019857,0.596158,1.110206,1.019857,0.597091,1.168350,1.019857,0.584757,1.220103,1.019857,0.523188,1.163058,1.019857,0.416902,1.317414,1.019857,0.426756,1.359866,1.019857,0.397906,1.369841,1.019857,0.408672,1.377693,1.019857,0.451775,1.368914,1.019857,0.433808,1.088849,1.019857,-0.134858,-0.134858,-0.134858,0.333423,0.998030,1.019857,0.299572,0.960868,1.019857,0.356060,0.850978,1.019857,-0.134858,-0.134858,-0.134858,0.320250,0.850031,1.019857,0.296784,0.888043,1.019857,0.322792,0.954571,1.019857,-0.134858,-0.134858,-0.134858,-0.134858,-0.134858,-0.134858,-0.134858,-0.134858,-0.134858,-0.134858,-0.134858,-0.134858,-0.134858,-0.134858,-0.134858,0.573054,0.902694,1.019857,-0.134858,-0.134858,-0.134858,0.452485,1.181392,1.019857,0.442878,1.170366,1.019857,-0.134858,-0.134858,-0.134858,0.411545,1.194815,1.019857,-0.134858,-0.134858,-0.134858,0.333757,0.631823,1.019857,-0.134858,-0.134858,-0.134858,-0.134858,-0.134858,-0.134858,-0.134858,-0.134858,-0.134858,-0.134858,-0.134858,-0.134858,-0.134858,-0.134858,-0.134858,0.272105,0.812793,1.019857,0.251498,0.745751,1.019857,0.253187,0.697408,1.019857,0.253187,0.697408,1.019857,0.292311,0.666893,1.019857,0.315870,0.652051,1.019857,0.333757,0.631823,1.019857,-0.134858,-0.134858,-0.134858,-0.134858,-0.134858,-0.134858,-0.134858,-0.134858,-0.134858,-0.134858,-0.134858,-0.134858,-0.134858,-0.134858,-0.134858,-0.134858,-0.134858,-0.134858,-0.134858,-0.134858,-0.134858,0.561661,0.940277,1.019857,0.416686,1.200907,1.019857
-0.444115,0.672702,-2.589537,0.725536,0.291061,0.229218,0.380747,0.415844,0.014392,0.221905,0.123169,-0.298527,0.359342,0.850340,0.363291,1.292690,-0.567560,-0.005907,0.556374,1.793538,-0.317541,-0.259249,0.446630,-0.254208,-0.141787,0.140512,-1.231214,-0.087192,0.035408,-0.978301,-0.134858,-0.134858,-0.134858,-0.134858,-0.134858,-0.134858,-0.134858,-0.134858,-0.134858,-0.134858,-0.134858,-0.134858,-0.134858,-0.134858,-0.134858,0.028423,0.266910,-2.228377,0.352338,0.779162,-2.441469,-0.064048,-0.054361,-2.623463,0.379039,0.727549,-2.868379,-0.134858,-0.134858,-0.134858,-0.134858,-0.134858,-0.134858,-0.134858,-0.134858,-0.134858,-0.134858,-0.134858,-0.134858,-0.134858,-0.134858,-0.134858,-0.134858,-0.134858,-0.134858,-0.229786,-0.229786,-0.229786,-0.229786,-0.229786,-0.229786,-0.229786,-0.229786,-0.229786,-0.229786,-0.229786,-0.229786,-0.229786,-0.229786,-0.229786,-0.229786,-0.229786,-0.229786,-0.229786,-0.229786,-0.229786,-0.229786,-0.229786,-0.229786,-0.229786,-0.229786,-0.229786,-0.229786,-0.229786,-0.229786,-0.229786,-0.229786,-0.229786,-0.229786,-0.229786,-0.229786,-0.229786,-0.229786,-0.229786,-0.229786,-0.229786,-0.229786,-0.229786,-0.229786,-0.229786,-0.229786,-0.229786,-0.229786,-0.229786,-0.229786,-0.229786,-0.229786,-0.229786,-0.229786,-0.229786,-0.229786,-0.229786,-0.229786,-0.229786,-0.229786,-0.229786,-0.229786,-0.229786,0.436456,0.549859,-0.039949,0.876839,0.659096,-0.039949,0.814165,0.660966,-0.039949,0.717966,0.628619,-0.039949,0.680541,0.603859,-0.039949,0.316706,0.140653,-0.039949,0.329530,-0.009728,-0.039949,0.378722,0.025469,-0.039949,0.406272,0.113834,-0.039949,0.077652,0.082958,-0.039949,0.314511,0.059365,-0.039949,0.563794,0.171596,-0.039949,0.720432,0.287050,-0.039949,-0.032680,0.139933,-0.039949,0.383507,0.601009,-0.039949,0.694533,1.051642,-0.039949,0.863242,1.319184,-0.039949,-0.054323,0.307294,-0.039949,0.372258,0.741370,-0.039949,0.696231,1.076813,-0.039949,0.920570,1.233773,-0.039949,0.727890,0.651789,1.019857,0.707971,0.608696,1.019857,0.686013,0.582586,1.019857,0.590029,0.609532,1.019857,0.609404,0.553547,1.019857,0.542847,0.600008,1.019857,0.464936,0.656957,1.019857,0.315681,0.679769,1.019857,0.217125,0.709261,1.019857,0.081885,0.826443,1.019857,0.040801,0.939863,1.019857,0.100223,0.940348,1.019857,0.206791,1.064784,1.019857,0.239766,1.135468,1.019857,0.332174,1.195237,1.019857,0.376448,1.236206,1.019857,0.385331,1.335950,1.019857,0.709639,1.033455,1.019857,0.700707,1.112048,1.019857,0.695484,1.181287,1.019857,0.671012,1.252850,1.019857,0.594259,1.191842,1.019857,0.441617,1.390175,1.019857,0.452735,1.448622,1.019857,0.395416,1.445176,1.019857,0.388355,1.447947,1.019857,0.401416,1.446750,1.019857,0.493967,1.112541,1.019857,-0.134858,-0.134858,-0.134858,0.396397,1.012343,1.019857,0.364855,0.972491,1.019857,0.409935,0.849555,1.019857,-0.134858,-0.134858,-0.134858,0.360112,0.832169,1.019857,0.331106,0.874547,1.019857,0.336531,0.958607,1.019857,-0.134858,-0.134858,-0.134858,-0.134858,-0.134858,-0.134858,-0.134858,-0.134858,-0.134858,-0.134858,-0.134858,-0.134858,-0.134858,-0.134858,-0.134858,0.660381,0.887820,1.019857,-0.134858,-0.134858,-0.134858,0.444978,1.202669,1.019857,0.423519,1.182512,1.019857,-0.134858,-0.134858,-0.134858,0.370160,1.221732,1.019857,-0.134858,-0.134858,-0.134858,0.337119,0.623173,1.019857,-0.134858,-0.134858,-0.134858,-0.134858,-0.134858,-0.134858,-0.134858,-0.134858,-0.134858,-0.134858,-0.134858,-0.134858,-0.134858,-0.134858,-0.134858,0.199599,0.808405,1.019857,0.218509,0.760877,1.019857,0.248659,0.728182,1.019857,0.248659,0.728182,1.019857,0.286898,0.685450,1.019857,0.312457,0.657970,1.019857,0.337119,0.623173,1.019857,-0.134858,-0.134858,-0.134858,-0.134858,-0.134858,-0.134858,-0.134858,-0.134858,-0.134858,-0.134858,-0.134858,-0.134858,-0.134858,-0.134858,-0.134858,-0.134858,-0.134858,-0.134858,-0.134858,-0.134858,-0.134858,0.649223,0.926624,1.019857,0.384690,1.225972,1.019857
-0.444115,0.672702,-2.589537,0.725536,0.291061,0.229218,0.380747,0.415844,0.014392,0.221905,0.123169,-0.298527,0.359342,0.850340,0.363291,1.292690,-0.567560,-0.005907,0.556374,1.793538,-0.317541,-0.259249,0.446630,-0.254208,-0.141787,0.140512,-1.231214,-0.087192,0.035408,-0.978301,-0.134858,-0.134858,-0.134858,-0.134858,-0.134858,-0.134858,-0.134858,-0.134858,-0.134858,-0.134858,-0.134858,-0.134858,-0.134858,-0.134858,-0.134858,0.028423,0.266910,-2.228377,0.352338,0.779162,-2.441469,-0.064048,-0.054361,-2.623463,0.379039,0.727549,-2.868379,-0.134858,-0.134858,-0.134858,-0.134858,-0.134858,-0.134858,-0.134858,-0.134858,-0.134858,-0.134858,-0.134858,-0.134858,-0.134858,-0.134858,-0.134858,-0.134858,-0.134858,-0.134858,-0.229786,-0.229786,-0.229786,-0.229786,-0.229786,-0.229786,-0.229786,-0.229786,-0.229786,-0.229786,-0.229786,-0.229786,-0.229786,-0.229786,-0.229786,-0.229786,-0.229786,-0.229786,-0.229786,-0.229786,-0.229786,-0.229786,-0.229786,-0.229786,-0.229786,-0.229786,-0.229786,-0.229786,-0.229786,-0.229786,-0.229786,-0.229786,-0.229786,-0.229786,-0.229786,-0.229786,-0.229786,-0.229786,-0.229786,-0.229786,-0.229786,-0.229786,-0.229786,-0.229786,-0.229786,-0.229786,-0.229786,-0.229786,-0.229786,-0.229786,-0.229786,-0.229786,-0.229786,-0.229786,-0.229786,-0.229786,-0.229786,-0.229786,-0.229786,-0.229786,-0.229786,-0.229786,-0.229786,0.436456,0.549859,-0.039949,0.876839,0.659096,-0.039949,0.814165,0.660966,-0.039949,0.717966,0.628619,-0.039949,0.680541,0.603859,-0.039949,0.316706,0.140653,-0.039949,0.329530,-0.009728,-0.039949,0.378722,0.025469,-0.039949,0.406272,0.113834,-0.039949,0.077652,0.082958,-0.039949,0.314511,0.059365,-0.039949,0.563794,0.171596,-0.039949,0.720432,0.287050,-0.039949,-0.032680,0.139933,-0.039949,0.383507,0.601009,-0.039949,0.694533,1.051642,-0.039949,0.863242,1.319184,-0.039949,-0.054323,0.307294,-0.039949,0.372258,0.741370,-0.039949,0.696231,1.076813,-0.039949,0.920570,1.233773,-0.039949,0.727890,0.651789,1.019857,0.707971,0.608696,1.019857,0.686013,0.582586,1.019857,0.590029,0.609532,1.019857,0.609404,0.553547,1.019857,0.542847,0.600008,1.019857,0.464936,0.656957,1.019857,0.315681,0.679769,1.019857,0.217125,0.709261,1.019857,0.081885,0.826443,1.019857,0.040801,0.939863,1.019857,0.100223,0.940348,1.019857,0.206791,1.064784,1.019857,0.239766,1.135468,1.019857,0.332174,1.195237,1.019857,0.376448,1.236206,1.019857,0.385331,1.335950,1.019857,0.709639,1.033455,1.019857,0.700707,1.112048,1.019857,0.695484,1.181287,1.019857,0.671012,1.252850,1.019857,0.594259,1.191842,1.019857,0.441617,1.390175,1.019857,0.452735,1.448622,1.019857,0.395416,1.445176,1.019857,0.388355,1.447947,1.019857,0.401416,1.446750,1.019857,0.493967,1.112541,1.019857,-0.134858,-0.134858,-0.134858,0.396397,1.012343,1.019857,0.364855,0.972491,1.019857,0.409935,0.849555,1.019857,-0.134858,-0.134858,-0.134858,0.360112,0.832169,1.019857,0.331106,0.874547,1.019857,0.336531,0.958607,1.019857,-0.134858,-0.134858,-0.134858,-0.134858,-0.134858,-0.134858,-0.134858,-0.134858,-0.134858,-0.134858,-0.134858,-0.134858,-0.134858,-0.134858,-0.134858,0.660381,0.887820,1.019857,-0.134858,-0.134858,-0.134858,0.444978,1.202669,1.019857,0.423519,1.182512,1.019857,-0.134858,-0.134858,-0.134858,0.370160,1.221732,1.019857,-0.134858,-0.134858,-0.134858,0.337119,0.623173,1.019857,-0.134858,-0.134858,-0.134858,-0.134858,-0.134858,-0.134858,-0.134858,-0.134858,-0.134858,-0.134858,-0.134858,-0.134858,-0.134858,-0.134858,-0.134858,0.199599,0.808405,1.019857,0.218509,0.760877,1.019857,0.248659,0.728182,1.019857,0.248659,0.728182,1.019857,0.286898,0.685450,1.019857,0.312457,0.657970,1.019857,0.337119,0.623173,1.019857,-0.134858,-0.134858,-0.134858,-0.134858,-0.134858,-0.134858,-0.134858,-0.134858,-0.134858,-0.134858,-0.134858,-0.134858,-0.134858,-0.134858,-0.134858,-0.134858,-0.134858,-0.134858,-0.134858,-0.134858,-0.134858,0.649223,0.926624,1.019857,0.384690,1.225972,1.019857
-0.450931,0.593455,-2.407355,0.592402,-0.673308,0.196755,0.655828,-0.506140,0.090862,0.216485,-0.096410,-0.161550,0.151869,0.321092,0.440549,-0.408649,-0.524168,-0.040415,-0.700557,1.532083,1.191535,-3.001510,-5.204314,1.976386,-0.273484,-2.468230,-0.053691,-0.117346,-2.439794,-0.323423,-0.134858,-0.134858,-0.134858,-0.134858,-0.134858,-0.134858,-0.134858,-0.134858,-0.134858,-0.134858,-0.134858,-0.134858,-0.134858,-0.134858,-0.134858,0.044051,0.204325,-2.173185,0.312935,0.725227,-2.327128,-0.012370,-0.145491,-2.526093,0.410475,0.510127,-2.723965,-0.134858,-0.134858,-0.134858,-0.134858,-0.134858,-0.134858,-0.134858,-0.134858,-0.134858,-0.134858,-0.134858,-0.134858,-0.134858,-0.134858,-0.134858,-0.134858,-0.134858,-0.134858,14.009495,14.009490,14.009501,14.009496,14.009488,14.009501,14.009501,14.009496,14.009501,14.009501,14.009495,14.009501,14.009494,14.009501,14.009501,14.009494,14.009498,14.009501,14.009501,14.009501,14.009501,14.009492,14.009495,14.009501,14.009506,14.009495,14.009501,14.009497,14.009490,14.009501,14.009496,14.009488,14.009501,14.009486,14.009497,14.009501,14.009494,14.009501,14.009501,14.009502,14.009493,14.009501,14.009497,14.009501,14.009501,14.009501,14.009496,14.009501,14.009504,14.009498,14.009501,14.009490,14.009502,14.009501,14.009501,14.009494,14.009501,14.009497,14.009494,14.009501,14.009501,14.009490,14.009501,-0.071621,0.227312,-0.039949,0.445964,0.159315,-0.039949,0.594958,0.091442,-0.039949,0.523959,-0.090673,-0.039949,0.427796,-0.365549,-0.039949,0.402869,-0.119985,-0.039949,0.453079,0.109987,-0.039949,0.549302,0.251904,-0.039949,0.642667,0.353506,-0.039949,0.185784,-0.144942,-0.039949,0.461140,0.203166,-0.039949,0.778320,0.360559,-0.039949,1.000920,0.493753,-0.039949,0.046064,-0.071968,-0.039949,0.419797,0.844433,-0.039949,0.589319,1.236906,-0.039949,0.680714,1.410933,-0.039949,-0.020958,0.083243,-0.039949,0.376965,0.875229,-0.039949,0.685046,1.147174,-0.039949,0.923839,1.238924,-0.039949,0.890384,0.727696,1.019857,0.923802,0.678053,1.019857,0.939449,0.645098,1.019857,0.779478,0.635261,1.019857,0.916878,0.581020,1.019857,0.787837,0.584112,1.019857,0.632515,0.616544,1.019857,0.435484,0.630065,1.019857,0.346870,0.659091,1.019857,0.326372,0.775084,1.019857,0.468130,0.892507,1.019857,0.461590,0.891949,1.019857,0.728852,1.000196,1.019857,0.792100,1.053522,1.019857,0.903460,1.073503,1.019857,0.866793,1.089122,1.019857,0.712039,1.156123,1.019857,0.610766,1.003911,1.019857,0.554834,1.055565,1.019857,0.527114,1.100318,1.019857,0.495674,1.142209,1.019857,0.461584,1.102958,1.019857,0.348960,1.185846,1.019857,0.349079,1.214461,1.019857,0.350817,1.204319,1.019857,0.384131,1.191967,1.019857,0.508466,1.190035,1.019857,0.344239,1.001041,1.019857,-0.134858,-0.134858,-0.134858,0.190809,0.894884,1.019857,0.147906,0.859910,1.019857,0.305297,0.797443,1.019857,-0.134858,-0.134858,-0.134858,0.249697,0.791284,1.019857,0.216989,0.821709,1.019857,0.285715,0.872902,1.019857,-0.134858,-0.134858,-0.134858,-0.134858,-0.134858,-0.134858,-0.134858,-0.134858,-0.134858,-0.134858,-0.134858,-0.134858,-0.134858,-0.134858,-0.134858,0.577253,0.904887,1.019857,-0.134858,-0.134858,-0.134858,0.461476,1.081431,1.019857,0.456898,1.066522,1.019857,-0.134858,-0.134858,-0.134858,0.444328,1.078732,1.019857,-0.134858,-0.134858,-0.134858,0.368689,0.632100,1.019857,-0.134858,-0.134858,-0.134858,-0.134858,-0.134858,-0.134858,-0.134858,-0.134858,-0.134858,-0.134858,-0.134858,-0.134858,-0.134858,-0.134858,-0.134858,0.345841,0.774439,1.019857,0.255928,0.709340,1.019857,0.265243,0.686256,1.019857,0.265243,0.686256,1.019857,0.310158,0.661390,1.019857,0.341059,0.648916,1.019857,0.368689,0.632100,1.019857,-0.134858,-0.134858,-0.134858,-0.134858,-0.134858,-0.134858,-0.134858,-0.134858,-0.134858,-0.134858,-0.134858,-0.134858,-0.134858,-0.134858,-0.134858,-0.134858,-0.134858,-0.134858,-0.134858,-0.134858,-0.134858,0.548197,0.934327,1.019857,0.432902,1.079512,1.019857
-0.385087,0.067087,-2.486060,0.646721,-0.433601,0.136811,0.641805,-0.448685,0.142177,0.164590,-0.115799,-0.212937,-0.039865,-0.266430,0.517713,-0.124233,-0.040140,-0.104133,-1.277551,1.456453,0.877237,-2.526668,-2.725848,1.901928,-0.342291,-2.242045,-0.161761,-0.247493,-2.165900,-0.373613,-0.134858,-0.134858,-0.134858,-0.134858,-0.134858,-0.134858,-0.134858,-0.134858,-0.134858,-0.134858,-0.134858,-0.134858,-0.134858,-0.134858,-0.134858,0.089611,-0.232983,-2.368805,0.328870,0.141475,-2.532749,-0.007139,-0.216151,-2.521878,0.593167,0.308922,-2.900032,-0.134858,-0.134858,-0.134858,-0.134858,-0.134858,-0.134858,-0.134858,-0.134858,-0.134858,-0.134858,-0.134858,-0.134858,-0.134858,-0.134858,-0.134858,-0.134858,-0.134858,-0.134858,-0.229786,-0.229786,-0.229786,-0.229786,-0.229786,-0.229786,-0.229786,-0.229786,-0.229786,-0.229786,-0.229786,-0.229786,-0.229786,-0.229786,-0.229786,-0.229786,-0.229786,-0.229786,-0.229786,-0.229786,-0.229786,-0.229786,-0.229786,-0.229786,-0.229786,-0.229786,-0.229786,-0.229786,-0.229786,-0.229786,-0.229786,-0.229786,-0.229786,-0.229786,-0.229786,-0.229786,-0.229786,-0.229786,-0.229786,-0.229786,-0.229786,-0.229786,-0.229786,-0.229786,-0.229786,-0.229786,-0.229786,-0.229786,-0.229786,-0.229786,-0.229786,-0.229786,-0.229786,-0.229786,-0.229786,-0.229786,-0.229786,-0.229786,-0.229786,-0.229786,-0.229786,-0.229786,-0.229786,-0.183117,-0.577214,-0.039949,0.131429,-0.621904,-0.039949,0.472944,-0.585141,-0.039949,0.586674,-0.596061,-0.039949,0.573096,-0.798580,-0.039949,0.634761,-0.376084,-0.039949,0.855858,0.346555,-0.039949,0.909474,0.611841,-0.039949,0.935106,0.740177,-0.039949,0.446306,-0.271836,-0.039949,0.741659,0.633368,-0.039949,0.926045,0.902396,-0.039949,1.034253,0.994285,-0.039949,0.244662,-0.161749,-0.039949,0.401874,0.899005,-0.039949,0.242734,0.954141,-0.039949,0.093920,0.751924,-0.039949,0.077497,-0.090239,-0.039949,0.316763,0.800492,-0.039949,0.289939,0.793826,-0.039949,0.212330,0.555797,-0.039949,0.622651,0.610554,1.019857,0.662494,0.564045,1.019857,0.695051,0.539956,1.019857,0.645008,0.587875,1.019857,0.750151,0.499738,1.019857,0.759052,0.505220,1.019857,0.740133,0.487051,1.019857,0.597478,0.497735,1.019857,0.510449,0.517726,1.019857,0.436560,0.576943,1.019857,0.496488,0.658898,1.019857,0.491628,0.692562,1.019857,0.680671,0.778569,1.019857,0.685896,0.803822,1.019857,0.662142,0.752783,1.019857,0.614087,0.756767,1.019857,0.472852,0.855534,1.019857,0.484497,0.866768,1.019857,0.455811,0.888676,1.019857,0.431146,0.912490,1.019857,0.395576,0.934505,1.019857,0.364735,0.907242,1.019857,0.240436,0.960759,1.019857,0.222849,0.988634,1.019857,0.201001,0.960551,1.019857,0.199543,0.949096,1.019857,0.267911,0.927969,1.019857,0.297113,0.878893,1.019857,-0.134858,-0.134858,-0.134858,0.214128,0.786698,1.019857,0.195396,0.753581,1.019857,0.368511,0.732484,1.019857,-0.134858,-0.134858,-0.134858,0.329858,0.708247,1.019857,0.289382,0.722339,1.019857,0.270851,0.757197,1.019857,-0.134858,-0.134858,-0.134858,-0.134858,-0.134858,-0.134858,-0.134858,-0.134858,-0.134858,-0.134858,-0.134858,-0.134858,-0.134858,-0.134858,-0.134858,0.483892,0.759118,1.019857,-0.134858,-0.134858,-0.134858,0.296281,0.835233,1.019857,0.275374,0.800571,1.019857,-0.134858,-0.134858,-0.134858,0.277925,0.831443,1.019857,-0.134858,-0.134858,-0.134858,0.476957,0.582158,1.019857,-0.134858,-0.134858,-0.134858,-0.134858,-0.134858,-0.134858,-0.134858,-0.134858,-0.134858,-0.134858,-0.134858,-0.134858,-0.134858,-0.134858,-0.134858,0.425003,0.657317,1.019857,0.393168,0.668787,1.019857,0.407043,0.648373,1.019857,0.407043,0.648373,1.019857,0.429089,0.631520,1.019857,0.449752,0.611644,1.019857,0.476957,0.582158,1.019857,-0.134858,-0.134858,-0.134858,-0.134858,-0.134858,-0.134858,-0.134858,-0.134858,-0.134858,-0.134858,-0.134858,-0.134858,-0.134858,-0.134858,-0.134858,-0.134858,-0.134858,-0.134858,-0.134858,-0.134858,-0.134858,0.464839,0.762086,1.019857,0.265024,0.824595,1.019857
-0.385087,0.067087,-2.486060,0.646721,-0.433601,0.136811,0.641805,-0.448685,0.142177,0.164590,-0.115799,-0.212937,-0.039865,-0.266430,0.517713,-0.124233,-0.040140,-0.104133,-1.277551,1.456453,0.877237,-2.526668,-2.725848,1.901928,-0.342291,-2.242045,-0.161761,-0.247493,-2.165900,-0.373613,-0.134858,-0.134858,-0.134858,-0.134858,-0.134858,-0.134858,-0.134858,-0.134858,-0.134858,-0.134858,-0.134858,-0.134858,-0.134858,-0.134858,-0.134858,0.089611,-0.232983,-2.368805,0.328870,0.141475,-2.532749,-0.007139,-0.216151,-2.521878,0.593167,0.308922,-2.900032,-0.134858,-0.134858,-0.134858,-0.134858,-0.134858,-0.134858,-0.134858,-0.134858,-0.134858,-0.134858,-0.134858,-0.134858,-0.134858,-0.134858,-0.134858,-0.134858,-0.134858,-0.134858,-0.229786,-0.229786,-0.229786,-0.229786,-0.229786,-0.229786,-0.229786,-0.229786,-0.229786,-0.229786,-0.229786,-0.229786,-0.229786,-0.229786,-0.229786,-0.229786,-0.229786,-0.229786,-0.229786,-0.229786,-0.229786,-0.229786,-0.229786,-0.229786,-0.229786,-0.229786,-0.229786,-0.229786,-0.229786,-0.229786,-0.229786,-0.229786,-0.229786,-0.229786,-0.229786,-0.229786,-0.229786,-0.229786,-0.229786,-0.229786,-0.229786,-0.229786,-0.229786,-0.229786,-0.229786,-0.229786,-0.229786,-0.229786,-0.229786,-0.229786,-0.229786,-0.229786,-0.229786,-0.229786,-0.229786,-0.229786,-0.229786,-0.229786,-0.229786,-0.229786,-0.229786,-0.229786,-0.229786,-0.183117,-0.577214,-0.039949,0.131429,-0.621904,-0.039949,0.472944,-0.585141,-0.039949,0.586674,-0.596061,-0.039949,0.573096,-0.798580,-0.039949,0.634761,-0.376084,-0.039949,0.855858,0.346555,-0.039949,0.909474,0.611841,-0.039949,0.935106,0.740177,-0.039949,0.446306,-0.271836,-0.039949,0.741659,0.633368,-0.039949,0.926045,0.902396,-0.039949,1.034253,0.994285,-0.039949,0.244662,-0.161749,-0.039949,0.401874,0.899005,-0.039949,0.242734,0.954141,-0.039949,0.093920,0.751924,-0.039949,0.077497,-0.090239,-0.039949,0.316763,0.800492,-0.039949,0.289939,0.793826,-0.039949,0.212330,0.555797,-0.039949,0.622651,0.610554,1.019857,0.662494,0.564045,1.019857,0.695051,0.539956,1.019857,0.645008,0.587875,1.019857,0.750151,0.499738,1.019857,0.759052,0.505220,1.019857,0.740133,0.487051,1.019857,0.597478,0.497735,1.019857,0.510449,0.517726,1.019857,0.436560,0.576943,1.019857,0.496488,0.658898,1.019857,0.491628,0.692562,1.019857,0.680671,0.778569,1.019857,0.685896,0.803822,1.019857,0.662142,0.752783,1.019857,0.614087,0.756767,1.019857,0.472852,0.855534,1.019857,0.484497,0.866768,1.019857,0.455811,0.888676,1.019857,0.431146,0.912490,1.019857,0.395576,0.934505,1.019857,0.364735,0.907242,1.019857,0.240436,0.960759,1.019857,0.222849,0.988634,1.019857,0.201001,0.960551,1.019857,0.199543,0.949096,1.019857,0.267911,0.927969,1.019857,0.297113,0.878893,1.019857,-0.134858,-0.134858,-0.134858,0.214128,0.786698,1.019857,0.195396,0.753581,1.019857,0.368511,0.732484,1.019857,-0.134858,-0.134858,-0.134858,0.329858,0.708247,1.019857,0.289382,0.722339,1.019857,0.270851,0.757197,1.019857,-0.134858,-0.134858,-0.134858,-0.134858,-0.134858,-0.134858,-0.134858,-0.134858,-0.134858,-0.134858,-0.134858,-0.134858,-0.134858,-0.134858,-0.134858,0.483892,0.759118,1.019857,-0.134858,-0.134858,-0.134858,0.296281,0.835233,1.019857,0.275374,0.800571,1.019857,-0.134858,-0.134858,-0.134858,0.277925,0.831443,1.019857,-0.134858,-0.134858,-0.134858,0.476957,0.582158,1.019857,-0.134858,-0.134858,-0.134858,-0.134858,-0.134858,-0.134858,-0.134858,-0.134858,-0.134858,-0.134858,-0.134858,-0.134858,-0.134858,-0.134858,-0.134858,0.425003,0.657317,1.019857,0.393168,0.668787,1.019857,0.407043,0.648373,1.019857,0.407043,0.648373,1.019857,0.429089,0.631520,1.019857,0.449752,0.611644,1.019857,0.476957,0.582158,1.019857,-0.134858,-0.134858,-0.134858,-0.134858,-0.134858,-0.134858,-0.134858,-0.134858,-0.134858,-0.134858,-0.134858,-0.134858,-0.134858,-0.134858,-0.134858,-0.134858,-0.134858,-0.134858,-0.134858,-0.134858,-0.134858,0.464839,0.762086,1.019857,0.265024,0.824595,1.019857
-0.177007,-0.349107,-2.182724,0.315380,-0.422866,0.145354,0.477183,-0.460538,0.246149,0.036927,-0.507837,0.035675,0.009396,-0.812526,0.597214,-0.815592,0.023088,-0.095052,-1.676501,1.316208,0.812755,-2.278935,-2.632618,1.874669,-0.205587,-1.963336,-0.167908,-0.214456,-1.871124,-0.347099,-0.134858,-0.134858,-0.134858,-0.134858,-0.134858,-0.134858,-0.134858,-0.134858,-0.134858,-0.134858,-0.134858,-0.134858,-0.134858,-0.134858,-0.134858,0.159891,-0.728846,-2.070145,0.395044,-0.325128,-2.258052,-0.000494,-0.383305,-2.159865,0.604267,0.052450,-2.601043,-0.134858,-0.134858,-0.134858,-0.134858,-0.134858,-0.134858,-0.134858,-0.134858,-0.134858,-0.134858,-0.134858,-0.134858,-0.134858,-0.134858,-0.134858,-0.134858,-0.134858,-0.134858,-0.229786,-0.229786,-0.229786,-0.229786,-0.229786,-0.229786,-0.229786,-0.229786,-0.229786,-0.229786,-0.229786,-0.229786,-0.229786,-0.229786,-0.229786,-0.229786,-0.229786,-0.229786,-0.229786,-0.229786,-0.229786,-0.229786,-0.229786,-0.229786,-0.229786,-0.229786,-0.229786,-0.229786,-0.229786,-0.229786,-0.229786,-0.229786,-0.229786,-0.229786,-0.229786,-0.229786,-0.229786,-0.229786,-0.229786,-0.229786,-0.229786,-0.229786,-0.229786,-0.229786,-0.229786,-0.229786,-0.229786,-0.229786,-0.229786,-0.229786,-0.229786,-0.229786,-0.229786,-0.229786,-0.229786,-0.229786,-0.229786,-0.229786,-0.229786,-0.229786,-0.229786,-0.229786,-0.229786,-0.064175,-0.900133,-0.039949,0.307877,-0.849597,-0.039949,0.668902,-0.739755,-0.039949,0.731592,-0.790168,-0.039949,0.736973,-0.993067,-0.039949,0.833068,-0.394322,-0.039949,0.951093,0.393194,-0.039949,0.957575,0.672515,-0.039949,0.955891,0.811320,-0.039949,0.610085,-0.302624,-0.039949,0.769262,0.776622,-0.039949,0.879422,1.046210,-0.039949,0.954554,1.149035,-0.039949,0.370281,-0.236123,-0.039949,0.382437,0.846532,-0.039949,0.181645,0.666919,-0.039949,0.054222,0.332133,-0.039949,0.169147,-0.224493,-0.039949,0.284467,0.657290,-0.039949,0.231830,0.512400,-0.039949,0.195285,0.189756,-0.039949,0.892393,-0.013792,1.019857,0.955995,-0.068889,1.019857,0.995260,-0.095519,1.019857,0.827644,0.009004,1.019857,1.026289,-0.135030,1.019857,0.915223,-0.071152,1.019857,0.758578,-0.023612,1.019857,0.544081,0.051403,1.019857,0.462292,0.094381,1.019857,0.472164,0.166131,1.019857,0.661802,0.221112,1.019857,0.615731,0.320716,1.019857,0.878565,0.341409,1.019857,0.951872,0.326873,1.019857,1.062662,0.196435,1.019857,0.977535,0.196948,1.019857,0.724395,0.369552,1.019857,0.483143,0.351441,1.019857,0.399304,0.438116,1.019857,0.364003,0.502173,1.019857,0.327192,0.568233,1.019857,0.316872,0.510241,1.019857,0.222127,0.686835,1.019857,0.208039,0.723160,1.019857,0.223170,0.712864,1.019857,0.254648,0.696999,1.019857,0.409088,0.583957,1.019857,0.206446,0.542343,1.019857,-0.134858,-0.134858,-0.134858,0.072392,0.509917,1.019857,0.041889,0.485726,1.019857,0.258432,0.427139,1.019857,-0.134858,-0.134858,-0.134858,0.224375,0.426671,1.019857,0.203965,0.437832,1.019857,0.267140,0.451127,1.019857,-0.134858,-0.134858,-0.134858,-0.134858,-0.134858,-0.134858,-0.134858,-0.134858,-0.134858,-0.134858,-0.134858,-0.134858,-0.134858,-0.134858,-0.134858,0.442039,0.282910,1.019857,-0.134858,-0.134858,-0.134858,0.345497,0.532645,1.019857,0.349164,0.557831,1.019857,-0.134858,-0.134858,-0.134858,0.352552,0.468563,1.019857,-0.134858,-0.134858,-0.134858,0.429361,0.390923,1.019857,-0.134858,-0.134858,-0.134858,-0.134858,-0.134858,-0.134858,-0.134858,-0.134858,-0.134858,-0.134858,-0.134858,-0.134858,-0.134858,-0.134858,-0.134858,0.512719,0.456202,1.019857,0.398808,0.520758,1.019857,0.346574,0.431966,1.019857,0.346574,0.431966,1.019857,0.362297,0.407718,1.019857,0.398153,0.394948,1.019857,0.429361,0.390923,1.019857,-0.134858,-0.134858,-0.134858,-0.134858,-0.134858,-0.134858,-0.134858,-0.134858,-0.134858,-0.134858,-0.134858,-0.134858,-0.134858,-0.134858,-0.134858,-0.134858,-0.134858,-0.134858,-0.134858,-0.134858,-0.134858,0.412830,0.280166,1.019857,0.314622,0.449896,1.019857
-0.177007,-0.349107,-2.182724,0.315380,-0.422866,0.145354,0.477183,-0.460538,0.246149,0.036927,-0.507837,0.035675,0.009396,-0.812526,0.597214,-0.815592,0.023088,-0.095052,-1.676501,1.316208,0.812755,-2.278935,-2.632618,1.874669,-0.205587,-1.963336,-0.167908,-0.214456,-1.871124,-0.347099,-0.134858,-0.134858,-0.134858,-0.134858,-0.134858,-0.134858,-0.134858,-0.134858,-0.134858,-0.134858,-0.134858,-0.134858,-0.134858,-0.134858,-0.134858,0.159891,-0.728846,-2.070145,0.395044,-0.325128,-2.258052,-0.000494,-0.383305,-2.159865,0.604267,0.052450,-2.601043,-0.134858,-0.134858,-0.134858,-0.134858,-0.134858,-0.134858,-0.134858,-0.134858,-0.134858,-0.134858,-0.134858,-0.134858,-0.134858,-0.134858,-0.134858,-0.134858,-0.134858,-0.134858,-0.229786,-0.229786,-0.229786,-0.229786,-0.229786,-0.229786,-0.229786,-0.229786,-0.229786,-0.229786,-0.229786,-0.229786,-0.229786,-0.229786,-0.229786,-0.229786,-0.229786,-0.229786,-0.229786,-0.229786,-0.229786,-0.229786,-0.229786,-0.229786,-0.229786,-0.229786,-0.229786,-0.229786,-0.229786,-0.229786,-0.229786,-0.229786,-0.229786,-0.229786,-0.229786,-0.229786,-0.229786,-0.229786,-0.229786,-0.229786,-0.229786,-0.229786,-0.229786,-0.229786,-0.229786,-0.229786,-0.229786,-0.229786,-0.229786,-0.229786,-0.229786,-0.229786,-0.229786,-0.229786,-0.229786,-0.229786,-0.229786,-0.229786,-0.229786,-0.229786,-0.229786,-0.229786,-0.229786,-0.064175,-0.900133,-0.039949,0.307877,-0.849597,-0.039949,0.668902,-0.739755,-0.039949,0.731592,-0.790168,-0.039949,0.736973,-0.993067,-0.039949,0.833068,-0.394322,-0.039949,0.951093,0.393194,-0.039949,0.957575,0.672515,-0.039949,0.955891,0.811320,-0.039949,0.610085,-0.302624,-0.039949,0.769262,0.776622,-0.039949,0.879422,1.046210,-0.039949,0.954554,1.149035,-0.039949,0.370281,-0.236123,-0.039949,0.382437,0.846532,-0.039949,0.181645,0.666919,-0.039949,0.054222,0.332133,-0.039949,0.169147,-0.224493,-0.039949,0.284467,0.657290,-0.039949,0.231830,0.512400,-0.039949,0.195285,0.189756,-0.039949,0.892393,-0.013792,1.019857,0.955995,-0.068889,1.019857,0.995260,-0.095519,1.019857,0.827644,0.009004,1.019857,1.026289,-0.135030,1.019857,0.915223,-0.071152,1.019857,0.758578,-0.023612,1.019857,0.544081,0.051403,1.019857,0.462292,0.094381,1.019857,0.472164,0.166131,1.019857,0.661802,0.221112,1.019857,0.615731,0.320716,1.019857,0.878565,0.341409,1.019857,0.951872,0.326873,1.019857,1.062662,0.196435,1.019857,0.977535,0.196948,1.019857,0.724395,0.369552,1.019857,0.483143,0.351441,1.019857,0.399304,0.438116,1.019857,0.364003,0.502173,1.019857,0.327192,0.568233,1.019857,0.316872,0.510241,1.019857,0.222127,0.686835,1.019857,0.208039,0.723160,1.019857,0.223170,0.712864,1.019857,0.254648,0.696999,1.019857,0.409088,0.583957,1.019857,0.206446,0.542343,1.019857,-0.134858,-0.134858,-0.134858,0.072392,0.509917,1.019857,0.041889,0.485726,1.019857,0.258432,0.427139,1.019857,-0.134858,-0.134858,-0.134858,0.224375,0.426671,1.019857,0.203965,0.437832,1.019857,0.267140,0.451127,1.019857,-0.134858,-0.134858,-0.134858,-0.134858,-0.134858,-0.134858,-0.134858,-0.134858,-0.134858,-0.134858,-0.134858,-0.134858,-0.134858,-0.134858,-0.134858,0.442039,0.282910,1.019857,-0.134858,-0.134858,-0.134858,0.345497,0.532645,1.019857,0.349164,0.557831,1.019857,-0.134858,-0.134858,-0.134858,0.352552,0.468563,1.019857,-0.134858,-0.134858,-0.134858,0.429361,0.390923,1.019857,-0.134858,-0.134858,-0.134858,-0.134858,-0.134858,-0.134858,-0.134858,-0.134858,-0.134858,-0.134858,-0.134858,-0.134858,-0.134858,-0.134858,-0.134858,0.512719,0.456202,1.019857,0.398808,0.520758,1.019857,0.346574,0.431966,1.019857,0.346574,0.431966,1.019857,0.362297,0.407718,1.019857,0.398153,0.394948,1.019857,0.429361,0.390923,1.019857,-0.134858,-0.134858,-0.134858,-0.134858,-0.134858,-0.134858,-0.134858,-0.134858,-0.134858,-0.134858,-0.134858,-0.134858,-0.134858,-0.134858,-0.134858,-0.134858,-0.134858,-0.134858,-0.134858,-0.134858,-0.134858,0.412830,0.280166,1.019857,0.314622,0.449896,1.019857
0.019753,-0.666980,-1.700949,0.886868,-0.934753,0.254420,0.725564,-0.957545,0.396405,-0.161420,-0.917852,0.290092,0.022062,-1.350015,0.669775,0.525168,0.068074,0.020883,-0.578213,0.305657,0.664428,-0.334378,-0.116834,1.613738,0.735550,-1.722045,0.031659,0.726471,-1.689131,-0.120064,-0.134858,-0.134858,-0.134858,-0.134858,-0.134858,-0.134858,-0.134858,-0.134858,-0.134858,-0.134858,-0.134858,-0.134858,-0.134858,-0.134858,-0.134858,0.430563,-0.879988,-1.538252,0.433852,-0.561390,-1.750596,0.177503,-0.472013,-1.632177,0.630604,-0.559631,-2.088491,-0.134858,-0.134858,-0.134858,-0.134858,-0.134858,-0.134858,-0.134858,-0.134858,-0.134858,-0.134858,-0.134858,-0.134858,-0.134858,-0.134858,-0.134858,-0.134858,-0.134858,-0.134858,-0.229786,-0.229786,-0.229786,-0.229786,-0.229786,-0.229786,-0.229786,-0.229786,-0.229786,-0.229786,-0.229786,-0.229786,-0.229786,-0.229786,-0.229786,-0.229786,-0.229786,-0.229786,-0.229786,-0.229786,-0.229786,-0.229786,-0.229786,-0.229786,-0.229786,-0.229786,-0.229786,-0.229786,-0.229786,-0.229786,-0.229786,-0.229786,-0.229786,-0.229786,-0.229786,-0.229786,-0.229786,-0.229786,-0.229786,-0.229786,-0.229786,-0.229786,-0.229786,-0.229786,-0.229786,-0.229786,-0.229786,-0.229786,-0.229786,-0.229786,-0.229786,-0.229786,-0.229786,-0.229786,-0.229786,-0.229786,-0.229786,-0.229786,-0.229786,-0.229786,-0.229786,-0.229786,-0.229786,0.200896,-1.310264,-0.039949,0.638440,-1.129232,-0.039949,0.947280,-0.891066,-0.039949,0.976994,-0.919378,-0.039949,0.971077,-1.103150,-0.039949,1.058638,-0.451979,-0.039949,1.059855,0.432449,-0.039949,1.030714,0.746228,-0.039949,1.007767,0.908771,-0.039949,0.785127,-0.385385,-0.039949,0.791208,0.801354,-0.039949,0.833915,1.137291,-0.039949,0.869138,1.267438,-0.039949,0.485426,-0.374489,-0.039949,0.365473,0.647978,-0.039949,0.196137,0.413551,-0.039949,0.108555,0.059428,-0.039949,0.231008,-0.453688,-0.039949,0.246602,0.361374,-0.039949,0.222139,0.192691,-0.039949,0.232523,-0.123000,-0.039949,0.996505,-0.181916,1.019857,1.090209,-0.276691,1.019857,1.164293,-0.350872,1.019857,1.066428,-0.314149,1.019857,1.262161,-0.491981,1.019857,1.122279,-0.486985,1.019857,0.917780,-0.474226,1.019857,0.706164,-0.418708,1.019857,0.622231,-0.389160,1.019857,0.595407,-0.365395,1.019857,0.665309,-0.358894,1.019857,0.597617,-0.196445,1.019857,0.675148,-0.190540,1.019857,0.744332,-0.187286,1.019857,0.890563,-0.256073,1.019857,0.834123,-0.200982,1.019857,0.650469,0.030484,1.019857,0.543069,0.295892,1.019857,0.438221,0.395818,1.019857,0.392002,0.450663,1.019857,0.347637,0.486684,1.019857,0.372451,0.370207,1.019857,0.288899,0.478418,1.019857,0.267499,0.536692,1.019857,0.286260,0.478838,1.019857,0.307254,0.448976,1.019857,0.403983,0.330347,1.019857,0.309875,0.372976,1.019857,-0.134858,-0.134858,-0.134858,0.233758,0.319848,1.019857,0.221531,0.276240,1.019857,0.357153,0.215521,1.019857,-0.134858,-0.134858,-0.134858,0.343679,0.167426,1.019857,0.351918,0.154312,1.019857,0.456798,0.208611,1.019857,-0.134858,-0.134858,-0.134858,-0.134858,-0.134858,-0.134858,-0.134858,-0.134858,-0.134858,-0.134858,-0.134858,-0.134858,-0.134858,-0.134858,-0.134858,0.514595,0.211398,1.019857,-0.134858,-0.134858,-0.134858,0.394410,0.232166,1.019857,0.405610,0.169692,1.019857,-0.134858,-0.134858,-0.134858,0.422857,0.229975,1.019857,-0.134858,-0.134858,-0.134858,0.541447,0.174366,1.019857,-0.134858,-0.134858,-0.134858,-0.134858,-0.134858,-0.134858,-0.134858,-0.134858,-0.134858,-0.134858,-0.134858,-0.134858,-0.134858,-0.134858,-0.134858,0.549654,0.205230,1.019857,0.494582,0.292761,1.019857,0.471548,0.132409,1.019857,0.471548,0.132409,1.019857,0.494332,0.132097,1.019857,0.526024,0.137945,1.019857,0.541447,0.174366,1.019857,-0.134858,-0.134858,-0.134858,-0.134858,-0.134858,-0.134858,-0.134858,-0.134858,-0.134858,-0.134858,-0.134858,-0.134858,-0.134858,-0.134858,-0.134858,-0.134858,-0.134858,-0.134858,-0.134858,-0.134858,-0.134858,0.470118,0.259166,1.019857,0.400644,0.251014,1.019857
0.114002,-0.949626,-1.334780,1.458783,-1.862075,-0.073490,1.434136,-1.420037,0.487800,-0.473720,-1.272767,0.517635,0.197142,-1.638348,0.736524,-0.052110,-1.112190,-0.327679,-0.906434,-2.887939,0.852620,-1.982533,-4.493245,1.940706,0.932606,-1.773633,0.244865,0.901445,-1.724765,0.157189,-0.134858,-0.134858,-0.134858,-0.134858,-0.134858,-0.134858,-0.134858,-0.134858,-0.134858,-0.134858,-0.134858,-0.134858,-0.134858,-0.134858,-0.134858,0.458521,-0.923815,-1.160141,0.439356,-0.954475,-1.397704,0.333717,-0.484149,-1.213050,0.614168,-1.386814,-1.757040,-0.134858,-0.134858,-0.134858,-0.134858,-0.134858,-0.134858,-0.134858,-0.134858,-0.134858,-0.134858,-0.134858,-0.134858,-0.134858,-0.134858,-0.134858,-0.134858,-0.134858,-0.134858,-0.229786,-0.229786,-0.229786,-0.229786,-0.229786,-0.229786,-0.229786,-0.229786,-0.229786,-0.229786,-0.229786,-0.229786,-0.229786,-0.229786,-0.229786,-0.229786,-0.229786,-0.229786,-0.229786,-0.229786,-0.229786,-0.229786,-0.229786,-0.229786,-0.229786,-0.229786,-0.229786,-0.229786,-0.229786,-0.229786,-0.229786,-0.229786,-0.229786,-0.229786,-0.229786,-0.229786,-0.229786,-0.229786,-0.229786,-0.229786,-0.229786,-0.229786,-0.229786,-0.229786,-0.229786,-0.229786,-0.229786,-0.229786,-0.229786,-0.229786,-0.229786,-0.229786,-0.229786,-0.229786,-0.229786,-0.229786,-0.229786,-0.229786,-0.229786,-0.229786,-0.229786,-0.229786,-0.229786,0.516084,-1.607968,-0.039949,0.918652,-1.298973,-0.039949,1.169686,-0.973975,-0.039949,1.191190,-0.933470,-0.039949,1.182886,-1.069643,-0.039949,1.230194,-0.439542,-0.039949,1.127623,0.510703,-0.039949,1.053458,0.865900,-0.039949,0.998290,1.047372,-0.039949,0.940186,-0.427943,-0.039949,0.817852,0.823698,-0.039949,0.797474,1.199124,-0.039949,0.787831,1.343605,-0.039949,0.607695,-0.488709,-0.039949,0.372861,0.553868,-0.039949,0.227929,0.245360,-0.039949,0.182764,-0.131370,-0.039949,0.323080,-0.642612,-0.039949,0.250988,0.140041,-0.039949,0.231613,-0.090908,-0.039949,0.279014,-0.403329,-0.039949,0.849808,-0.313378,1.019857,0.869354,-0.337435,1.019857,0.852505,-0.356499,1.019857,0.740909,-0.273496,1.019857,0.771637,-0.337311,1.019857,0.599054,-0.230612,1.019857,0.403837,-0.108809,1.019857,0.342039,-0.061290,1.019857,0.368660,-0.050598,1.019857,0.509039,-0.019521,1.019857,0.612645,-0.069724,1.019857,0.532079,-0.058237,1.019857,0.470283,-0.140366,1.019857,0.488838,-0.164434,1.019857,0.572023,-0.235498,1.019857,0.509112,-0.215149,1.019857,0.437538,-0.105103,1.019857,0.625371,0.112113,1.019857,0.549412,0.209164,1.019857,0.514938,0.256965,1.019857,0.492890,0.283002,1.019857,0.490234,0.081655,1.019857,0.334131,0.285897,1.019857,0.342323,0.357035,1.019857,0.318937,0.321969,1.019857,0.331024,0.314689,1.019857,0.334500,0.216378,1.019857,0.378753,0.033788,1.019857,-0.134858,-0.134858,-0.134858,0.299242,0.132516,1.019857,0.283990,0.141985,1.019857,0.252640,0.085475,1.019857,-0.134858,-0.134858,-0.134858,0.306290,0.093519,1.019857,0.345976,0.075927,1.019857,0.526128,0.070912,1.019857,-0.134858,-0.134858,-0.134858,-0.134858,-0.134858,-0.134858,-0.134858,-0.134858,-0.134858,-0.134858,-0.134858,-0.134858,-0.134858,-0.134858,-0.134858,0.610577,-0.111757,1.019857,-0.134858,-0.134858,-0.134858,0.385229,-0.026267,1.019857,0.364886,0.014767,1.019857,-0.134858,-0.134858,-0.134858,0.332930,-0.057004,1.019857,-0.134858,-0.134858,-0.134858,0.431739,0.159303,1.019857,-0.134858,-0.134858,-0.134858,-0.134858,-0.134858,-0.134858,-0.134858,-0.134858,-0.134858,-0.134858,-0.134858,-0.134858,-0.134858,-0.134858,-0.134858,0.486480,0.163931,1.019857,0.416247,0.188617,1.019857,0.355822,0.083714,1.019857,0.355822,0.083714,1.019857,0.390062,0.091099,1.019857,0.427160,0.102723,1.019857,0.431739,0.159303,1.019857,-0.134858,-0.134858,-0.134858,-0.134858,-0.134858,-0.134858,-0.134858,-0.134858,-0.134858,-0.134858,-0.134858,-0.134858,-0.134858,-0.134858,-0.134858,-0.134858,-0.134858,-0.134858,-0.134858,-0.134858,-0.134858,0.594609,-0.088007,1.019857,0.324914,-0.063778,1.019857
0.114002,-0.949626,-1.334780,1.458783,-1.862075,-0.073490,1.434136,-1.420037,0.487800,-0.473720,-1.272767,0.517635,0.197142,-1.638348,0.736524,-0.052110,-1.112190,-0.327679,-0.906434,-2.887939,0.852620,-1.982533,-4.493245,1.940706,0.932606,-1.773633,0.244865,0.901445,-1.724765,0.157189,-0.134858,-0.134858,-0.134858,-0.134858,-0.134858,-0.134858,-0.134858,-0.134858,-0.134858,-0.134858,-0.134858,-0.134858,-0.134858,-0.134858,-0.134858,0.458521,-0.923815,-1.160141,0.439356,-0.954475,-1.397704,0.333717,-0.484149,-1.213050,0.614168,-1.386814,-1.757040,-0.134858,-0.134858,-0.134858,-0.134858,-0.134858,-0.134858,-0.134858,-0.134858,-0.134858,-0.134858,-0.134858,-0.134858,-0.134858,-0.134858,-0.134858,-0.134858,-0.134858,-0.134858,-0.229786,-0.229786,-0.229786,-0.229786,-0.229786,-0.229786,-0.229786,-0.229786,-0.229786,-0.229786,-0.229786,-0.229786,-0.229786,-0.229786,-0.229786,-0.229786,-0.229786,-0.229786,-0.229786,-0.229786,-0.229786,-0.229786,-0.229786,-0.229786,-0.229786,-0.229786,-0.229786,-0.229786,-0.229786,-0.229786,-0.229786,-0.229786,-0.229786,-0.229786,-0.229786,-0.229786,-0.229786,-0.229786,-0.229786,-0.229786,-0.229786,-0.229786,-0.229786,-0.229786,-0.229786,-0.229786,-0.229786,-0.229786,-0.229786,-0.229786,-0.229786,-0.229786,-0.229786,-0.229786,-0.229786,-0.229786,-0.229786,-0.229786,-0.229786,-0.229786,-0.229786,-0.229786,-0.229786,0.516084,-1.607968,-0.039949,0.918652,-1.298973,-0.039949,1.169686,-0.973975,-0.039949,1.191190,-0.933470,-0.039949,1.182886,-1.069643,-0.039949,1.230194,-0.439542,-0.039949,1.127623,0.510703,-0.039949,1.053458,0.865900,-0.039949,0.998290,1.047372,-0.039949,0.940186,-0.427943,-0.039949,0.817852,0.823698,-0.039949,0.797474,1.199124,-0.039949,0.787831,1.343605,-0.039949,0.607695,-0.488709,-0.039949,0.372861,0.553868,-0.039949,0.227929,0.245360,-0.039949,0.182764,-0.131370,-0.039949,0.323080,-0.642612,-0.039949,0.250988,0.140041,-0.039949,0.231613,-0.090908,-0.039949,0.279014,-0.403329,-0.039949,0.849808,-0.313378,1.019857,0.869354,-0.337435,1.019857,0.852505,-0.356499,1.019857,0.740909,-0.273496,1.019857,0.771637,-0.337311,1.019857,0.599054,-0.230612,1.019857,0.403837,-0.108809,1.019857,0.342039,-0.061290,1.019857,0.368660,-0.050598,1.019857,0.509039,-0.019521,1.019857,0.612645,-0.069724,1.019857,0.532079,-0.058237,1.019857,0.470283,-0.140366,1.019857,0.488838,-0.164434,1.019857,0.572023,-0.235498,1.019857,0.509112,-0.215149,1.019857,0.437538,-0.105103,1.019857,0.625371,0.112113,1.019857,0.549412,0.209164,1.019857,0.514938,0.256965,1.019857,0.492890,0.283002,1.019857,0.490234,0.081655,1.019857,0.334131,0.285897,1.019857,0.342323,0.357035,1.019857,0.318937,0.321969,1.019857,0.331024,0.314689,1.019857,0.334500,0.216378,1.019857,0.378753,0.033788,1.019857,-0.134858,-0.134858,-0.134858,0.299242,0.132516,1.019857,0.283990,0.141985,1.019857,0.252640,0.085475,1.019857,-0.134858,-0.134858,-0.134858,0.306290,0.093519,1.019857,0.345976,0.075927,1.019857,0.526128,0.070912,1.019857,-0.134858,-0.134858,-0.134858,-0.134858,-0.134858,-0.134858,-0.134858,-0.134858,-0.134858,-0.134858,-0.134858,-0.134858,-0.134858,-0.134858,-0.134858,0.610577,-0.111757,1.019857,-0.134858,-0.134858,-0.134858,0.385229,-0.026267,1.019857,0.364886,0.014767,1.019857,-0.134858,-0.134858,-0.134858,0.332930,-0.057004,1.019857,-0.134858,-0.134858,-0.134858,0.431739,0.159303,1.019857,-0.134858,-0.134858,-0.134858,-0.134858,-0.134858,-0.134858,-0.134858,-0.134858,-0.134858,-0.134858,-0.134858,-0.134858,-0.134858,-0.134858,-0.134858,0.486480,0.163931,1.019857,0.416247,0.188617,1.019857,0.355822,0.083714,1.019857,0.355822,0.083714,1.019857,0.390062,0.091099,1.019857,0.427160,0.102723,1.019857,0.431739,0.159303,1.019857,-0.134858,-0.134858,-0.134858,-0.134858,-0.134858,-0.134858,-0.134858,-0.134858,-0.134858,-0.134858,-0.134858,-0.134858,-0.134858,-0.134858,-0.134858,-0.134858,-0.134858,-0.134858,-0.134858,-0.134858,-0.134858,0.594609,-0.088007,1.019857,0.324914,-0.063778,1.019857
0.108698,-1.259166,-0.979448,1.674585,-2.799099,-0.645589,1.738909,-2.286310,0.549009,-0.422326,-1.730817,0.833130,0.447867,-1.719298,0.795828,-0.425996,-1.155242,-0.935807,-1.543898,-3.987196,1.106743,-1.851600,-4.706059,2.036247,0.866521,-2.161169,0.697338,0.835189,-2.278525,0.654959,-0.134858,-0.134858,-0.134858,-0.134858,-0.134858,-0.134858,-0.134858,-0.134858,-0.134858,-0.134858,-0.134858,-0.134858,-0.134858,-0.134858,-0.134858,0.481782,-1.003698,-0.797609,0.415436,-1.220685,-1.051088,0.643414,-0.689529,-0.840863,0.609673,-1.667838,-1.457961,-0.134858,-0.134858,-0.134858,-0.134858,-0.134858,-0.134858,-0.134858,-0.134858,-0.134858,-0.134858,-0.134858,-0.134858,-0.134858,-0.134858,-0.134858,-0.134858,-0.134858,-0.134858,-0.229786,-0.229786,-0.229786,-0.229786,-0.229786,-0.229786,-0.229786,-0.229786,-0.229786,-0.229786,-0.229786,-0.229786,-0.229786,-0.229786,-0.229786,-0.229786,-0.229786,-0.229786,-0.229786,-0.229786,-0.229786,-0.229786,-0.229786,-0.229786,-0.229786,-0.229786,-0.229786,-0.229786,-0.229786,-0.229786,-0.229786,-0.229786,-0.229786,-0.229786,-0.229786,-0.229786,-0.229786,-0.229786,-0.229786,-0.229786,-0.229786,-0.229786,-0.229786,-0.229786,-0.229786,-0.229786,-0.229786,-0.229786,-0.229786,-0.229786,-0.229786,-0.229786,-0.229786,-0.229786,-0.229786,-0.229786,-0.229786,-0.229786,-0.229786,-0.229786,-0.229786,-0.229786,-0.229786,0.747629,-1.624060,-0.039949,1.133910,-1.290079,-0.039949,1.365129,-0.904804,-0.039949,1.399562,-0.752797,-0.039949,1.370818,-0.842673,-0.039949,1.367622,-0.225605,-0.039949,1.190549,0.851399,-0.039949,1.069225,1.239482,-0.039949,0.966464,1.412641,-0.039949,1.043761,-0.244081,-0.039949,0.819442,1.110269,-0.039949,0.738964,1.474013,-0.039949,0.673819,1.586616,-0.039949,0.661873,-0.370097,-0.039949,0.360996,0.677961,-0.039949,0.227519,0.345415,-0.039949,0.181448,-0.060683,-0.039949,0.334653,-0.601916,-0.039949,0.243445,0.219071,-0.039949,0.239678,-0.009819,-0.039949,0.285275,-0.341706,-0.039949,0.821502,-0.851398,1.019857,0.804874,-0.872487,1.019857,0.733563,-0.892578,1.019857,0.495644,-0.805742,1.019857,0.507201,-0.861018,1.019857,0.195848,-0.667917,1.019857,-0.069595,-0.404603,1.019857,-0.064010,-0.234774,1.019857,0.047881,-0.186613,1.019857,0.348779,-0.182862,1.019857,0.561730,-0.316449,1.019857,0.504327,-0.307725,1.019857,0.520098,-0.428824,1.019857,0.590796,-0.459312,1.019857,0.763166,-0.524396,1.019857,0.738807,-0.489310,1.019857,0.694664,-0.392072,1.019857,0.583548,-0.489414,1.019857,0.489254,-0.368892,1.019857,0.449230,-0.293880,1.019857,0.430758,-0.242870,1.019857,0.463727,-0.401258,1.019857,0.450261,-0.203853,1.019857,0.475664,-0.134034,1.019857,0.519191,-0.184431,1.019857,0.573005,-0.194225,1.019857,0.616950,-0.232216,1.019857,0.369182,-0.397333,1.019857,-0.134858,-0.134858,-0.134858,0.250795,-0.259447,1.019857,0.209445,-0.238415,1.019857,0.102758,-0.355126,1.019857,-0.134858,-0.134858,-0.134858,0.159790,-0.279767,1.019857,0.235387,-0.282155,1.019857,0.489112,-0.276106,1.019857,-0.134858,-0.134858,-0.134858,-0.134858,-0.134858,-0.134858,-0.134858,-0.134858,-0.134858,-0.134858,-0.134858,-0.134858,-0.134858,-0.134858,-0.134858,0.520359,-0.603596,1.019857,-0.134858,-0.134858,-0.134858,0.523412,-0.406505,1.019857,0.549893,-0.346363,1.019857,-0.134858,-0.134858,-0.134858,0.501924,-0.354711,1.019857,-0.134858,-0.134858,-0.134858,0.169178,-0.260305,1.019857,-0.134858,-0.134858,-0.134858,-0.134858,-0.134858,-0.134858,-0.134858,-0.134858,-0.134858,-0.134858,-0.134858,-0.134858,-0.134858,-0.134858,-0.134858,0.418449,-0.119341,1.019857,0.287397,-0.128224,1.019857,0.160557,-0.212607,1.019857,0.160557,-0.212607,1.019857,0.161124,-0.260861,1.019857,0.179392,-0.276731,1.019857,0.169178,-0.260305,1.019857,-0.134858,-0.134858,-0.134858,-0.134858,-0.134858,-0.134858,-0.134858,-0.134858,-0.134858,-0.134858,-0.134858,-0.134858,-0.134858,-0.134858,-0.134858,-0.134858,-0.134858,-0.134858,-0.134858,-0.134858,-0.134858,0.517084,-0.547485,1.019857,0.476623,-0.362096,1.019857
0.108698,-1.259166,-0.979448,1.674585,-2.799099,-0.645589,1.738909,-2.286310,0.549009,-0.422326,-1.730817,0.833130,0.447867,-1.719298,0.795828,-0.425996,-1.155242,-0.935807,-1.543898,-3.987196,1.106743,-1.851600,-4.706059,2.036247,0.866521,-2.161169,0.697338,0.835189,-2.278525,0.654959,-0.134858,-0.134858,-0.134858,-0.134858,-0.134858,-0.134858,-0.134858,-0.134858,-0.134858,-0.134858,-0.134858,-0.134858,-0.134858,-0.134858,-0.134858,0.481782,-1.003698,-0.797609,0.415436,-1.220685,-1.051088,0.643414,-0.689529,-0.840863,0.609673,-1.667838,-1.457961,-0.134858,-0.134858,-0.134858,-0.134858,-0.134858,-0.134858,-0.134858,-0.134858,-0.134858,-0.134858,-0.134858,-0.134858,-0.134858,-0.134858,-0.134858,-0.134858,-0.134858,-0.134858,-0.229786,-0.229786,-0.229786,-0.229786,-0.229786,-0.229786,-0.229786,-0.229786,-0.229786,-0.229786,-0.229786,-0.229786,-0.229786,-0.229786,-0.229786,-0.229786,-0.229786,-0.229786,-0.229786,-0.229786,-0.229786,-0.229786,-0.229786,-0.229786,-0.229786,-0.229786,-0.229786,-0.229786,-0.229786,-0.229786,-0.229786,-0.229786,-0.229786,-0.229786,-0.229786,-0.229786,-0.229786,-0.229786,-0.229786,-0.229786,-0.229786,-0.229786,-0.229786,-0.229786,-0.229786,-0.229786,-0.229786,-0.229786,-0.229786,-0.229786,-0.229786,-0.229786,-0.229786,-0.229786,-0.229786,-0.229786,-0.229786,-0.229786,-0.229786,-0.229786,-0.229786,-0.229786,-0.229786,0.747629,-1.624060,-0.039949,1.133910,-1.290079,-0.039949,1.365129,-0.904804,-0.039949,1.399562,-0.752797,-0.039949,1.370818,-0.842673,-0.039949,1.367622,-0.225605,-0.039949,1.190549,0.851399,-0.039949,1.069225,1.239482,-0.039949,0.966464,1.412641,-0.039949,1.043761,-0.244081,-0.039949,0.819442,1.110269,-0.039949,0.738964,1.474013,-0.039949,0.673819,1.586616,-0.039949,0.661873,-0.370097,-0.039949,0.360996,0.677961,-0.039949,0.227519,0.345415,-0.039949,0.181448,-0.060683,-0.039949,0.334653,-0.601916,-0.039949,0.243445,0.219071,-0.039949,0.239678,-0.009819,-0.039949,0.285275,-0.341706,-0.039949,0.821502,-0.851398,1.019857,0.804874,-0.872487,1.019857,0.733563,-0.892578,1.019857,0.495644,-0.805742,1.019857,0.507201,-0.861018,1.019857,0.195848,-0.667917,1.019857,-0.069595,-0.404603,1.019857,-0.064010,-0.234774,1.019857,0.047881,-0.186613,1.019857,0.348779,-0.182862,1.019857,0.561730,-0.316449,1.019857,0.504327,-0.307725,1.019857,0.520098,-0.428824,1.019857,0.590796,-0.459312,1.019857,0.763166,-0.524396,1.019857,0.738807,-0.489310,1.019857,0.694664,-0.392072,1.019857,0.583548,-0.489414,1.019857,0.489254,-0.368892,1.019857,0.449230,-0.293880,1.019857,0.430758,-0.242870,1.019857,0.463727,-0.401258,1.019857,0.450261,-0.203853,1.019857,0.475664,-0.134034,1.019857,0.519191,-0.184431,1.019857,0.573005,-0.194225,1.019857,0.616950,-0.232216,1.019857,0.369182,-0.397333,1.019857,-0.134858,-0.134858,-0.134858,0.250795,-0.259447,1.019857,0.209445,-0.238415,1.019857,0.102758,-0.355126,1.019857,-0.134858,-0.134858,-0.134858,0.159790,-0.279767,1.019857,0.235387,-0.282155,1.019857,0.489112,-0.276106,1.019857,-0.134858,-0.134858,-0.134858,-0.134858,-0.134858,-0.134858,-0.134858,-0.134858,-0.134858,-0.134858,-0.134858,-0.134858,-0.134858,-0.134858,-0.134858,0.520359,-0.603596,1.019857,-0.134858,-0.134858,-0.134858,0.523412,-0.406505,1.019857,0.549893,-0.346363,1.019857,-0.134858,-0.134858,-0.134858,0.501924,-0.354711,1.019857,-0.134858,-0.134858,-0.134858,0.169178,-0.260305,1.019857,-0.134858,-0.134858,-0.134858,-0.134858,-0.134858,-0.134858,-0.134858,-0.134858,-0.134858,-0.134858,-0.134858,-0.134858,-0.134858,-0.134858,-0.134858,0.418449,-0.119341,1.019857,0.287397,-0.128224,1.019857,0.160557,-0.212607,1.019857,0.160557,-0.212607,1.019857,0.161124,-0.260861,1.019857,0.179392,-0.276731,1.019857,0.169178,-0.260305,1.019857,-0.134858,-0.134858,-0.134858,-0.134858,-0.134858,-0.134858,-0.134858,-0.134858,-0.134858,-0.134858,-0.134858,-0.134858,-0.134858,-0.134858,-0.134858,-0.134858,-0.134858,-0.134858,-0.134858,-0.134858,-0.134858,0.517084,-0.547485,1.019857,0.476623,-0.362096,1.019857
0.109346,-1.441548,-0.619858,1.743451,-2.819595,-0.891913,1.823807,-2.314245,0.608877,-0.330826,-2.267690,1.184467,0.854137,-1.697993,0.853681,-0.493747,-1.130284,-1.197644,-1.616971,-3.650443,1.065490,-0.395789,-1.622651,1.789020,0.564944,-2.060147,1.381477,0.768608,-2.154178,1.305869,-0.134858,-0.134858,-0.134858,-0.134858,-0.134858,-0.134858,-0.134858,-0.134858,-0.134858,-0.134858,-0.134858,-0.134858,-0.134858,-0.134858,-0.134858,0.469495,-1.040118,-0.434854,0.411412,-1.379819,-0.691546,0.736074,-1.184197,-0.480013,0.409424,-2.091105,-1.138740,-0.134858,-0.134858,-0.134858,-0.134858,-0.134858,-0.134858,-0.134858,-0.134858,-0.134858,-0.134858,-0.134858,-0.134858,-0.134858,-0.134858,-0.134858,-0.134858,-0.134858,-0.134858,-0.229786,-0.229786,-0.229786,-0.229786,-0.229786,-0.229786,-0.229786,-0.229786,-0.229786,-0.229786,-0.229786,-0.229786,-0.229786,-0.229786,-0.229786,-0.229786,-0.229786,-0.229786,-0.229786,-0.229786,-0.229786,-0.229786,-0.229786,-0.229786,-0.229786,-0.229786,-0.229786,-0.229786,-0.229786,-0.229786,-0.229786,-0.229786,-0.229786,-0.229786,-0.229786,-0.229786,-0.229786,-0.229786,-0.229786,-0.229786,-0.229786,-0.229786,-0.229786,-0.229786,-0.229786,-0.229786,-0.229786,-0.229786,-0.229786,-0.229786,-0.229786,-0.229786,-0.229786,-0.229786,-0.229786,-0.229786,-0.229786,-0.229786,-0.229786,-0.229786,-0.229786,-0.229786,-0.229786,0.981846,-1.521516,-0.039949,1.393453,-1.140290,-0.039949,1.545248,-0.676128,-0.039949,1.544489,-0.454793,-0.039949,1.529398,-0.421698,-0.039949,1.492909,0.134649,-0.039949,1.210762,1.252437,-0.039949,1.040776,1.618972,-0.039949,0.903812,1.771218,-0.039949,1.107719,0.154948,-0.039949,0.785075,1.517386,-0.039949,0.658495,1.807119,-0.039949,0.555744,1.863367,-0.039949,0.683466,0.022383,-0.039949,0.370092,1.044030,-0.039949,0.287489,0.699002,-0.039949,0.262129,0.265238,-0.039949,0.327606,-0.235649,-0.039949,0.244770,0.544767,-0.039949,0.284839,0.279558,-0.039949,0.352921,-0.098385,-0.039949,0.735129,-1.393576,1.019857,0.750563,-1.403563,1.019857,0.719042,-1.382463,1.019857,0.514294,-1.131939,1.019857,0.604337,-1.286384,1.019857,0.379252,-1.029798,1.019857,0.176381,-0.764088,1.019857,0.134727,-0.585005,1.019857,0.198367,-0.543323,1.019857,0.447129,-0.580096,1.019857,0.719356,-0.764680,1.019857,0.609976,-0.678843,1.019857,0.784066,-0.912412,1.019857,0.889479,-1.037007,1.019857,0.976274,-1.361415,1.019857,0.856421,-1.386759,1.019857,0.688470,-1.169773,1.019857,0.432165,-0.768516,1.019857,0.344585,-0.565740,1.019857,0.307020,-0.475710,1.019857,0.282670,-0.425080,1.019857,0.307802,-0.631096,1.019857,0.276171,-0.488261,1.019857,0.280417,-0.441672,1.019857,0.322797,-0.520184,1.019857,0.372988,-0.591308,1.019857,0.454491,-0.812154,1.019857,0.231689,-0.556828,1.019857,-0.134858,-0.134858,-0.134858,0.125784,-0.337497,1.019857,0.091460,-0.303160,1.019857,0.059586,-0.492746,1.019857,-0.134858,-0.134858,-0.134858,0.080104,-0.377709,1.019857,0.134615,-0.377876,1.019857,0.401485,-0.449975,1.019857,-0.134858,-0.134858,-0.134858,-0.134858,-0.134858,-0.134858,-0.134858,-0.134858,-0.134858,-0.134858,-0.134858,-0.134858,-0.134858,-0.134858,-0.134858,0.392938,-0.874859,1.019857,-0.134858,-0.134858,-0.134858,0.421848,-0.817302,1.019857,0.438583,-0.793611,1.019857,-0.134858,-0.134858,-0.134858,0.415811,-0.833049,1.019857,-0.134858,-0.134858,-0.134858,0.107397,-0.433422,1.019857,-0.134858,-0.134858,-0.134858,-0.134858,-0.134858,-0.134858,-0.134858,-0.134858,-0.134858,-0.134858,-0.134858,-0.134858,-0.134858,-0.134858,-0.134858,0.391992,-0.358449,1.019857,0.223482,-0.317727,1.019857,0.154831,-0.407037,1.019857,0.154831,-0.407037,1.019857,0.149096,-0.430413,1.019857,0.143536,-0.441275,1.019857,0.107397,-0.433422,1.019857,-0.134858,-0.134858,-0.134858,-0.134858,-0.134858,-0.134858,-0.134858,-0.134858,-0.134858,-0.134858,-0.134858,-0.134858,-0.134858,-0.134858,-0.134858,-0.134858,-0.134858,-0.134858,-0.134858,-0.134858,-0.134858,0.393607,-0.844071,1.019857,0.379002,-0.858314,1.019857
0.088196,-1.496125,-0.283622,1.668656,-2.594411,-0.979906,1.749997,-2.332000,0.683502,-0.240056,-2.498129,1.453368,1.185297,-1.524888,0.899130,-0.496917,-0.468896,-1.291179,-1.885640,-2.350886,0.954022,-0.280933,-0.063372,1.489482,0.360982,-1.830394,1.556623,0.638856,-2.106582,1.515934,-0.134858,-0.134858,-0.134858,-0.134858,-0.134858,-0.134858,-0.134858,-0.134858,-0.134858,-0.134858,-0.134858,-0.134858,-0.134858,-0.134858,-0.134858,0.304419,-1.094201,-0.073879,0.389540,-1.446003,-0.333077,0.725869,-1.539048,-0.141688,0.299521,-2.149638,-0.839482,-0.134858,-0.134858,-0.134858,-0.134858,-0.134858,-0.134858,-0.134858,-0.134858,-0.134858,-0.134858,-0.134858,-0.134858,-0.134858,-0.134858,-0.134858,-0.134858,-0.134858,-0.134858,-0.229786,-0.229786,-0.229786,-0.229786,-0.229786,-0.229786,-0.229786,-0.229786,-0.229786,-0.229786,-0.229786,-0.229786,-0.229786,-0.229786,-0.229786,-0.229786,-0.229786,-0.229786,-0.229786,-0.229786,-0.229786,-0.229786,-0.229786,-0.229786,-0.229786,-0.229786,-0.229786,-0.229786,-0.229786,-0.229786,-0.229786,-0.229786,-0.229786,-0.229786,-0.229786,-0.229786,-0.229786,-0.229786,-0.229786,-0.229786,-0.229786,-0.229786,-0.229786,-0.229786,-0.229786,-0.229786,-0.229786,-0.229786,-0.229786,-0.229786,-0.229786,-0.229786,-0.229786,-0.229786,-0.229786,-0.229786,-0.229786,-0.229786,-0.229786,-0.229786,-0.229786,-0.229786,-0.229786,0.974301,-1.382088,-0.039949,1.440772,-1.017469,-0.039949,1.588776,-0.516865,-0.039949,1.588394,-0.215334,-0.039949,1.572221,-0.145828,-0.039949,1.537205,0.326487,-0.039949,1.192234,1.479190,-0.039949,1.014563,1.800134,-0.039949,0.880706,1.910643,-0.039949,1.147454,0.395892,-0.039949,0.786533,1.724856,-0.039949,0.662998,1.938778,-0.039949,0.569697,1.954889,-0.039949,0.728744,0.286791,-0.039949,0.407985,1.237960,-0.039949,0.333219,0.875352,-0.039949,0.298027,0.442828,-0.039949,0.383168,0.049834,-0.039949,0.269463,0.679305,-0.039949,0.309654,0.403335,-0.039949,0.362290,0.077969,-0.039949,0.672058,-1.494892,1.019857,0.700436,-1.498816,1.019857,0.697889,-1.496234,1.019857,0.513487,-1.410905,1.019857,0.606664,-1.508160,1.019857,0.355731,-1.407816,1.019857,0.120535,-1.268218,1.019857,0.062824,-1.144874,1.019857,0.125879,-1.111923,1.019857,0.352030,-1.100811,1.019857,0.555041,-1.183196,1.019857,0.546026,-1.034608,1.019857,0.640187,-1.138776,1.019857,0.747460,-1.187774,1.019857,0.983158,-1.281097,1.019857,0.974250,-1.266700,1.019857,0.873246,-1.159521,1.019857,0.345573,-1.195797,1.019857,0.270013,-1.071966,1.019857,0.250754,-1.011075,1.019857,0.248422,-0.977897,1.019857,0.284037,-1.085576,1.019857,0.377382,-0.963507,1.019857,0.397841,-0.953484,1.019857,0.488273,-0.920969,1.019857,0.576076,-0.910352,1.019857,0.712287,-0.967178,1.019857,0.238885,-1.043742,1.019857,-0.134858,-0.134858,-0.134858,0.143664,-0.809013,1.019857,0.107509,-0.742708,1.019857,0.081695,-0.846274,1.019857,-0.134858,-0.134858,-0.134858,0.116762,-0.790288,1.019857,0.179474,-0.786753,1.019857,0.414545,-0.786702,1.019857,-0.134858,-0.134858,-0.134858,-0.134858,-0.134858,-0.134858,-0.134858,-0.134858,-0.134858,-0.134858,-0.134858,-0.134858,-0.134858,-0.134858,-0.134858,0.297604,-1.281626,1.019857,-0.134858,-0.134858,-0.134858,0.514198,-1.154582,1.019857,0.572608,-1.095882,1.019857,-0.134858,-0.134858,-0.134858,0.567025,-1.096594,1.019857,-0.134858,-0.134858,-0.134858,0.109974,-0.735049,1.019857,-0.134858,-0.134858,-0.134858,-0.134858,-0.134858,-0.134858,-0.134858,-0.134858,-0.134858,-0.134858,-0.134858,-0.134858,-0.134858,-0.134858,-0.134858,0.452215,-0.659074,1.019857,0.283010,-0.663709,1.019857,0.161175,-0.803597,1.019857,0.161175,-0.803597,1.019857,0.133639,-0.793030,1.019857,0.128058,-0.773438,1.019857,0.109974,-0.735049,1.019857,-0.134858,-0.134858,-0.134858,-0.134858,-0.134858,-0.134858,-0.134858,-0.134858,-0.134858,-0.134858,-0.134858,-0.134858,-0.134858,-0.134858,-0.134858,-0.134858,-0.134858,-0.134858,-0.134858,-0.134858,-0.134858,0.284882,-1.300094,1.019857,0.525252,-1.152313,1.019857
0.088196,-1.496125,-0.283622,1.668656,-2.594411,-0.979906,1.749997,-2.332000,0.683502,-0.240056,-2.498129,1.453368,1.185297,-1.524888,0.899130,-0.496917,-0.468896,-1.291179,-1.885640,-2.350886,0.954022,-0.280933,-0.063372,1.489482,0.360982,-1.830394,1.556623,0.638856,-2.106582,1.515934,-0.134858,-0.134858,-0.134858,-0.134858,-0.134858,-0.134858,-0.134858,-0.134858,-0.134858,-0.134858,-0.134858,-0.134858,-0.134858,-0.134858,-0.134858,0.304419,-1.094201,-0.073879,0.389540,-1.446003,-0.333077,0.725869,-1.539048,-0.141688,0.299521,-2.149638,-0.839482,-0.134858,-0.134858,-0.134858,-0.134858,-0.134858,-0.134858,-0.134858,-0.134858,-0.134858,-0.134858,-0.134858,-0.134858,-0.134858,-0.134858,-0.134858,-0.134858,-0.134858,-0.134858,-0.229786,-0.229786,-0.229786,-0.229786,-0.229786,-0.229786,-0.229786,-0.229786,-0.229786,-0.229786,-0.229786,-0.229786,-0.229786,-0.229786,-0.229786,-0.229786,-0.229786,-0.229786,-0.229786,-0.229786,-0.229786,-0.229786,-0.229786,-0.229786,-0.229786,-0.229786,-0.229786,-0.229786,-0.229786,-0.229786,-0.229786,-0.229786,-0.229786,-0.229786,-0.229786,-0.229786,-0.229786,-0.229786,-0.229786,-0.229786,-0.229786,-0.229786,-0.229786,-0.229786,-0.229786,-0.229786,-0.229786,-0.229786,-0.229786,-0.229786,-0.229786,-0.229786,-0.229786,-0.229786,-0.229786,-0.229786,-0.229786,-0.229786,-0.229786,-0.229786,-0.229786,-0.229786,-0.229786,0.974301,-1.382088,-0.039949,1.440772,-1.017469,-0.039949,1.588776,-0.516865,-0.039949,1.588394,-0.215334,-0.039949,1.572221,-0.145828,-0.039949,1.537205,0.326487,-0.039949,1.192234,1.479190,-0.039949,1.014563,1.800134,-0.039949,0.880706,1.910643,-0.039949,1.147454,0.395892,-0.039949,0.786533,1.724856,-0.039949,0.662998,1.938778,-0.039949,0.569697,1.954889,-0.039949,0.728744,0.286791,-0.039949,0.407985,1.237960,-0.039949,0.333219,0.875352,-0.039949,0.298027,0.442828,-0.039949,0.383168,0.049834,-0.039949,0.269463,0.679305,-0.039949,0.309654,0.403335,-0.039949,0.362290,0.077969,-0.039949,0.672058,-1.494892,1.019857,0.700436,-1.498816,1.019857,0.697889,-1.496234,1.019857,0.513487,-1.410905,1.019857,0.606664,-1.508160,1.019857,0.355731,-1.407816,1.019857,0.120535,-1.268218,1.019857,0.062824,-1.144874,1.019857,0.125879,-1.111923,1.019857,0.352030,-1.100811,1.019857,0.555041,-1.183196,1.019857,0.546026,-1.034608,1.019857,0.640187,-1.138776,1.019857,0.747460,-1.187774,1.019857,0.983158,-1.281097,1.019857,0.974250,-1.266700,1.019857,0.873246,-1.159521,1.019857,0.345573,-1.195797,1.019857,0.270013,-1.071966,1.019857,0.250754,-1.011075,1.019857,0.248422,-0.977897,1.019857,0.284037,-1.085576,1.019857,0.377382,-0.963507,1.019857,0.397841,-0.953484,1.019857,0.488273,-0.920969,1.019857,0.576076,-0.910352,1.019857,0.712287,-0.967178,1.019857,0.238885,-1.043742,1.019857,-0.134858,-0.134858,-0.134858,0.143664,-0.809013,1.019857,0.107509,-0.742708,1.019857,0.081695,-0.846274,1.019857,-0.134858,-0.134858,-0.134858,0.116762,-0.790288,1.019857,0.179474,-0.786753,1.019857,0.414545,-0.786702,1.019857,-0.134858,-0.134858,-0.134858,-0.134858,-0.134858,-0.134858,-0.134858,-0.134858,-0.134858,-0.134858,-0.134858,-0.134858,-0.134858,-0.134858,-0.134858,0.297604,-1.281626,1.019857,-0.134858,-0.134858,-0.134858,0.514198,-1.154582,1.019857,0.572608,-1.095882,1.019857,-0.134858,-0.134858,-0.134858,0.567025,-1.096594,1.019857,-0.134858,-0.134858,-0.134858,0.109974,-0.735049,1.019857,-0.134858,-0.134858,-0.134858,-0.134858,-0.134858,-0.134858,-0.134858,-0.134858,-0.134858,-0.134858,-0.134858,-0.134858,-0.134858,-0.134858,-0.134858,0.452215,-0.659074,1.019857,0.283010,-0.663709,1.019857,0.161175,-0.803597,1.019857,0.161175,-0.803597,1.019857,0.133639,-0.793030,1.019857,0.128058,-0.773438,1.019857,0.109974,-0.735049,1.019857,-0.134858,-0.134858,-0.134858,-0.134858,-0.134858,-0.134858,-0.134858,-0.134858,-0.134858,-0.134858,-0.134858,-0.134858,-0.134858,-0.134858,-0.134858,-0.134858,-0.134858,-0.134858,-0.134858,-0.134858,-0.134858,0.284882,-1.300094,1.019857,0.525252,-1.152313,1.019857
0.101535,-1.551355,0.023455,1.589798,-2.309854,-0.943456,1.691909,-2.374244,0.782443,-0.097709,-2.511894,1.737673,1.345588,-1.476920,0.945854,-0.582555,0.423957,-1.252433,-2.312424,-1.365179,0.944456,-0.205817,0.324744,1.249256,0.060303,-1.290497,1.888556,0.375515,-1.725948,1.899392,-0.134858,-0.134858,-0.134858,-0.134858,-0.134858,-0.134858,-0.134858,-0.134858,-0.134858,-0.134858,-0.134858,-0.134858,-0.134858,-0.134858,-0.134858,0.293866,-1.188168,0.265731,0.389567,-1.500414,-0.006680,0.755084,-1.856896,0.184429,0.197066,-2.150757,-0.543101,-0.134858,-0.134858,-0.134858,-0.134858,-0.134858,-0.134858,-0.134858,-0.134858,-0.134858,-0.134858,-0.134858,-0.134858,-0.134858,-0.134858,-0.134858,-0.134858,-0.134858,-0.134858,-0.229786,-0.229786,-0.229786,-0.229786,-0.229786,-0.229786,-0.229786,-0.229786,-0.229786,-0.229786,-0.229786,-0.229786,-0.229786,-0.229786,-0.229786,-0.229786,-0.229786,-0.229786,-0.229786,-0.229786,-0.229786,-0.229786,-0.229786,-0.229786,-0.229786,-0.229786,-0.229786,-0.229786,-0.229786,-0.229786,-0.229786,-0.229786,-0.229786,-0.229786,-0.229786,-0.229786,-0.229786,-0.229786,-0.229786,-0.229786,-0.229786,-0.229786,-0.229786,-0.229786,-0.229786,-0.229786,-0.229786,-0.229786,-0.229786,-0.229786,-0.229786,-0.229786,-0.229786,-0.229786,-0.229786,-0.229786,-0.229786,-0.229786,-0.229786,-0.229786,-0.229786,-0.229786,-0.229786,1.013449,-1.382316,-0.039949,1.462207,-1.003976,-0.039949,1.619142,-0.506111,-0.039949,1.632314,-0.195244,-0.039949,1.608083,-0.072204,-0.039949,1.546124,0.302095,-0.039949,1.185557,1.480154,-0.039949,1.000603,1.803607,-0.039949,0.864492,1.914606,-0.039949,1.159226,0.381905,-0.039949,0.799090,1.729559,-0.039949,0.664239,1.955385,-0.039949,0.559192,1.964127,-0.039949,0.737237,0.287075,-0.039949,0.417862,1.207540,-0.039949,0.342921,0.881773,-0.039949,0.298194,0.453847,-0.039949,0.387489,0.065574,-0.039949,0.289020,0.693232,-0.039949,0.333686,0.437681,-0.039949,0.370911,0.114754,-0.039949,0.777988,-1.746749,1.019857,0.821710,-1.755185,1.019857,0.853491,-1.762278,1.019857,0.826912,-1.715119,1.019857,0.872645,-1.823840,1.019857,0.790326,-1.844674,1.019857,0.656764,-1.842918,1.019857,0.551624,-1.779284,1.019857,0.526140,-1.765506,1.019857,0.532813,-1.792481,1.019857,0.595937,-1.854741,1.019857,0.594811,-1.639333,1.019857,0.637332,-1.678485,1.019857,0.720759,-1.696903,1.019857,0.857636,-1.757357,1.019857,0.855564,-1.730936,1.019857,0.807573,-1.609551,1.019857,0.601022,-1.546009,1.019857,0.553619,-1.448689,1.019857,0.516322,-1.400228,1.019857,0.490124,-1.357576,1.019857,0.542359,-1.406800,1.019857,0.538547,-1.341236,1.019857,0.543341,-1.346270,1.019857,0.575948,-1.326081,1.019857,0.598424,-1.335425,1.019857,0.657370,-1.412623,1.019857,0.501349,-1.340220,1.019857,-0.134858,-0.134858,-0.134858,0.432663,-1.178991,1.019857,0.414580,-1.143227,1.019857,0.513700,-1.246039,1.019857,-0.134858,-0.134858,-0.134858,0.510562,-1.179596,1.019857,0.503524,-1.184776,1.019857,0.548164,-1.214318,1.019857,-0.134858,-0.134858,-0.134858,-0.134858,-0.134858,-0.134858,-0.134858,-0.134858,-0.134858,-0.134858,-0.134858,-0.134858,-0.134858,-0.134858,-0.134858,0.620225,-1.538890,1.019857,-0.134858,-0.134858,-0.134858,0.552026,-1.542492,1.019857,0.575540,-1.545727,1.019857,-0.134858,-0.134858,-0.134858,0.606395,-1.462489,1.019857,-0.134858,-0.134858,-0.134858,0.653386,-1.118074,1.019857,-0.134858,-0.134858,-0.134858,-0.134858,-0.134858,-0.134858,-0.134858,-0.134858,-0.134858,-0.134858,-0.134858,-0.134858,-0.134858,-0.134858,-0.134858,0.616408,-1.111127,1.019857,0.572830,-1.036681,1.019857,0.537538,-1.206802,1.019857,0.537538,-1.206802,1.019857,0.596353,-1.188628,1.019857,0.632775,-1.164002,1.019857,0.653386,-1.118074,1.019857,-0.134858,-0.134858,-0.134858,-0.134858,-0.134858,-0.134858,-0.134858,-0.134858,-0.134858,-0.134858,-0.134858,-0.134858,-0.134858,-0.134858,-0.134858,-0.134858,-0.134858,-0.134858,-0.134858,-0.134858,-0.134858,0.591593,-1.525350,1.019857,0.591026,-1.473120,1.019857
0.101535,-1.551355,0.023455,1.589798,-2.309854,-0.943456,1.691909,-2.374244,0.782443,-0.097709,-2.511894,1.737673,1.345588,-1.476920,0.945854,-0.582555,0.423957,-1.252433,-2.312424,-1.365179,0.944456,-0.205817,0.324744,1.249256,0.060303,-1.290497,1.888556,0.375515,-1.725948,1.899392,-0.134858,-0.134858,-0.134858,-0.134858,-0.134858,-0.134858,-0.134858,-0.134858,-0.134858,-0.134858,-0.134858,-0.134858,-0.134858,-0.134858,-0.134858,0.293866,-1.188168,0.265731,0.389567,-1.500414,-0.006680,0.755084,-1.856896,0.184429,0.197066,-2.150757,-0.543101,-0.134858,-0.134858,-0.134858,-0.134858,-0.134858,-0.134858,-0.134858,-0.134858,-0.134858,-0.134858,-0.134858,-0.134858,-0.134858,-0.134858,-0.134858,-0.134858,-0.134858,-0.134858,-0.229786,-0.229786,-0.229786,-0.229786,-0.229786,-0.229786,-0.229786,-0.229786,-0.229786,-0.229786,-0.229786,-0.229786,-0.229786,-0.229786,-0.229786,-0.229786,-0.229786,-0.229786,-0.229786,-0.229786,-0.229786,-0.229786,-0.229786,-0.229786,-0.229786,-0.229786,-0.229786,-0.229786,-0.229786,-0.229786,-0.229786,-0.229786,-0.229786,-0.229786,-0.229786,-0.229786,-0.229786,-0.229786,-0.229786,-0.229786,-0.229786,-0.229786,-0.229786,-0.229786,-0.229786,-0.229786,-0.229786,-0.229786,-0.229786,-0.229786,-0.229786,-0.229786,-0.229786,-0.229786,-0.229786,-0.229786,-0.229786,-0.229786,-0.229786,-0.229786,-0.229786,-0.229786,-0.229786,1.013449,-1.382316,-0.039949,1.462207,-1.003976,-0.039949,1.619142,-0.506111,-0.039949,1.632314,-0.195244,-0.039949,1.608083,-0.072204,-0.039949,1.546124,0.302095,-0.039949,1.185557,1.480154,-0.039949,1.000603,1.803607,-0.039949,0.864492,1.914606,-0.039949,1.159226,0.381905,-0.039949,0.799090,1.729559,-0.039949,0.664239,1.955385,-0.039949,0.559192,1.964127,-0.039949,0.737237,0.287075,-0.039949,0.417862,1.207540,-0.039949,0.342921,0.881773,-0.039949,0.298194,0.453847,-0.039949,0.387489,0.065574,-0.039949,0.289020,0.693232,-0.039949,0.333686,0.437681,-0.039949,0.370911,0.114754,-0.039949,0.777988,-1.746749,1.019857,0.821710,-1.755185,1.019857,0.853491,-1.762278,1.019857,0.826912,-1.715119,1.019857,0.872645,-1.823840,1.019857,0.790326,-1.844674,1.019857,0.656764,-1.842918,1.019857,0.551624,-1.779284,1.019857,0.526140,-1.765506,1.019857,0.532813,-1.792481,1.019857,0.595937,-1.854741,1.019857,0.594811,-1.639333,1.019857,0.637332,-1.678485,1.019857,0.720759,-1.696903,1.019857,0.857636,-1.757357,1.019857,0.855564,-1.730936,1.019857,0.807573,-1.609551,1.019857,0.601022,-1.546009,1.019857,0.553619,-1.448689,1.019857,0.516322,-1.400228,1.019857,0.490124,-1.357576,1.019857,0.542359,-1.406800,1.019857,0.538547,-1.341236,1.019857,0.543341,-1.346270,1.019857,0.575948,-1.326081,1.019857,0.598424,-1.335425,1.019857,0.657370,-1.412623,1.019857,0.501349,-1.340220,1.019857,-0.134858,-0.134858,-0.134858,0.432663,-1.178991,1.019857,0.414580,-1.143227,1.019857,0.513700,-1.246039,1.019857,-0.134858,-0.134858,-0.134858,0.510562,-1.179596,1.019857,0.503524,-1.184776,1.019857,0.548164,-1.214318,1.019857,-0.134858,-0.134858,-0.134858,-0.134858,-0.134858,-0.134858,-0.134858,-0.134858,-0.134858,-0.134858,-0.134858,-0.134858,-0.134858,-0.134858,-0.134858,0.620225,-1.538890,1.019857,-0.134858,-0.134858,-0.134858,0.552026,-1.542492,1.019857,0.575540,-1.545727,1.019857,-0.134858,-0.134858,-0.134858,0.606395,-1.462489,1.019857,-0.134858,-0.134858,-0.134858,0.653386,-1.118074,1.019857,-0.134858,-0.134858,-0.134858,-0.134858,-0.134858,-0.134858,-0.134858,-0.134858,-0.134858,-0.134858,-0.134858,-0.134858,-0.134858,-0.134858,-0.134858,0.616408,-1.111127,1.019857,0.572830,-1.036681,1.019857,0.537538,-1.206802,1.019857,0.537538,-1.206802,1.019857,0.596353,-1.188628,1.019857,0.632775,-1.164002,1.019857,0.653386,-1.118074,1.019857,-0.134858,-0.134858,-0.134858,-0.134858,-0.134858,-0.134858,-0.134858,-0.134858,-0.134858,-0.134858,-0.134858,-0.134858,-0.134858,-0.134858,-0.134858,-0.134858,-0.134858,-0.134858,-0.134858,-0.134858,-0.134858,0.591593,-1.525350,1.019857,0.591026,-1.473120,1.019857
0.179066,-1.894864,0.194411,1.611598,-2.321015,-2.181057,1.803460,-2.402997,0.707650,-0.029196,-2.512781,1.917576,1.319325,-1.487919,0.976536,-0.957259,0.476565,-2.567975,-2.900691,-1.360710,0.534729,-0.287337,0.026992,0.890933,0.002232,-1.258482,2.300561,0.360590,-1.701681,2.378210,-0.134858,-0.134858,-0.134858,-0.134858,-0.134858,-0.134858,-0.134858,-0.134858,-0.134858,-0.134858,-0.134858,-0.134858,-0.134858,-0.134858,-0.134858,0.301010,-1.344956,0.380121,0.403102,-1.702333,0.103478,0.832906,-2.022153,0.304616,0.138015,-2.233053,-0.691471,-0.134858,-0.134858,-0.134858,-0.134858,-0.134858,-0.134858,-0.134858,-0.134858,-0.134858,-0.134858,-0.134858,-0.134858,-0.134858,-0.134858,-0.134858,-0.134858,-0.134858,-0.134858,-0.229786,-0.229786,-0.229786,-0.229786,-0.229786,-0.229786,-0.229786,-0.229786,-0.229786,-0.229786,-0.229786,-0.229786,-0.229786,-0.229786,-0.229786,-0.229786,-0.229786,-0.229786,-0.229786,-0.229786,-0.229786,-0.229786,-0.229786,-0.229786,-0.229786,-0.229786,-0.229786,-0.229786,-0.229786,-0.229786,-0.229786,-0.229786,-0.229786,-0.229786,-0.229786,-0.229786,-0.229786,-0.229786,-0.229786,-0.229786,-0.229786,-0.229786,-0.229786,-0.229786,-0.229786,-0.229786,-0.229786,-0.229786,-0.229786,-0.229786,-0.229786,-0.229786,-0.229786,-0.229786,-0.229786,-0.229786,-0.229786,-0.229786,-0.229786,-0.229786,-0.229786,-0.229786,-0.229786,0.984125,-1.424421,-0.039949,1.428775,-1.050491,-0.039949,1.582316,-0.572925,-0.039949,1.610253,-0.307139,-0.039949,1.580601,-0.210026,-0.039949,1.527308,0.221358,-0.039949,1.187486,1.396177,-0.039949,1.016780,1.724727,-0.039949,0.885759,1.842840,-0.039949,1.144816,0.287671,-0.039949,0.818054,1.652175,-0.039949,0.695797,1.886927,-0.039949,0.597358,1.900280,-0.039949,0.725701,0.188461,-0.039949,0.413309,1.160813,-0.039949,0.335088,0.831645,-0.039949,0.292336,0.395779,-0.039949,0.381291,-0.033604,-0.039949,0.296226,0.626821,-0.039949,0.331046,0.373710,-0.039949,0.361072,0.050407,-0.039949,1.054572,-1.419569,1.019857,1.106385,-1.399608,1.019857,1.157540,-1.389130,1.019857,1.097830,-1.431991,1.019857,1.234541,-1.453132,1.019857,1.176154,-1.571382,1.019857,1.030280,-1.636999,1.019857,0.844310,-1.628919,1.019857,0.773193,-1.611674,1.019857,0.775871,-1.571901,1.019857,0.899876,-1.509255,1.019857,0.909414,-1.341253,1.019857,1.112578,-1.265807,1.019857,1.235558,-1.231879,1.019857,1.436655,-1.186039,1.019857,1.421534,-1.173650,1.019857,1.283051,-1.144016,1.019857,0.877207,-1.361192,1.019857,0.842739,-1.321198,1.019857,0.807981,-1.313583,1.019857,0.774244,-1.313772,1.019857,0.816530,-1.280471,1.019857,0.831107,-1.298266,1.019857,0.826172,-1.331520,1.019857,0.879951,-1.283370,1.019857,0.913867,-1.256675,1.019857,1.049477,-1.184204,1.019857,0.760569,-1.156871,1.019857,-0.134858,-0.134858,-0.134858,0.639954,-1.018100,1.019857,0.601420,-0.980671,1.019857,0.669176,-1.077960,1.019857,-0.134858,-0.134858,-0.134858,0.660418,-1.040455,1.019857,0.670537,-1.024390,1.019857,0.766934,-0.978557,1.019857,-0.134858,-0.134858,-0.134858,-0.134858,-0.134858,-0.134858,-0.134858,-0.134858,-0.134858,-0.134858,-0.134858,-0.134858,-0.134858,-0.134858,-0.134858,0.837285,-1.317759,1.019857,-0.134858,-0.134858,-0.134858,0.897901,-1.230226,1.019857,0.937190,-1.274249,1.019857,-0.134858,-0.134858,-0.134858,0.995149,-1.088810,1.019857,-0.134858,-0.134858,-0.134858,0.756963,-1.099942,1.019857,-0.134858,-0.134858,-0.134858,-0.134858,-0.134858,-0.134858,-0.134858,-0.134858,-0.134858,-0.134858,-0.134858,-0.134858,-0.134858,-0.134858,-0.134858,0.924134,-0.995603,1.019857,0.794262,-0.956046,1.019857,0.711977,-1.093389,1.019857,0.711977,-1.093389,1.019857,0.729362,-1.101703,1.019857,0.748464,-1.107214,1.019857,0.756963,-1.099942,1.019857,-0.134858,-0.134858,-0.134858,-0.134858,-0.134858,-0.134858,-0.134858,-0.134858,-0.134858,-0.134858,-0.134858,-0.134858,-0.134858,-0.134858,-0.134858,-0.134858,-0.134858,-0.134858,-0.134858,-0.134858,-0.134858,0.817395,-1.285141,1.019857,0.971837,-1.079408,1.019857
0.210607,-2.150329,0.451814,1.608449,-2.230520,-2.266772,1.783241,-2.409491,0.771207,0.025993,-2.447447,2.083698,1.220769,-1.551870,1.008441,-0.886025,0.740506,-2.659088,-2.571024,-1.049375,0.238243,-0.292649,0.142315,0.587606,-0.018595,-1.197429,2.431418,0.348331,-1.687698,2.558665,-0.134858,-0.134858,-0.134858,-0.134858,-0.134858,-0.134858,-0.134858,-0.134858,-0.134858,-0.134858,-0.134858,-0.134858,-0.134858,-0.134858,-0.134858,0.284997,-1.488740,0.667877,0.390091,-1.968881,0.383324,0.842214,-2.178048,0.578124,-0.006372,-2.624058,-0.423955,-0.134858,-0.134858,-0.134858,-0.134858,-0.134858,-0.134858,-0.134858,-0.134858,-0.134858,-0.134858,-0.134858,-0.134858,-0.134858,-0.134858,-0.134858,-0.134858,-0.134858,-0.134858,-0.229786,-0.229786,-0.229786,-0.229786,-0.229786,-0.229786,-0.229786,-0.229786,-0.229786,-0.229786,-0.229786,-0.229786,-0.229786,-0.229786,-0.229786,-0.229786,-0.229786,-0.229786,-0.229786,-0.229786,-0.229786,-0.229786,-0.229786,-0.229786,-0.229786,-0.229786,-0.229786,-0.229786,-0.229786,-0.229786,-0.229786,-0.229786,-0.229786,-0.229786,-0.229786,-0.229786,-0.229786,-0.229786,-0.229786,-0.229786,-0.229786,-0.229786,-0.229786,-0.229786,-0.229786,-0.229786,-0.229786,-0.229786,-0.229786,-0.229786,-0.229786,-0.229786,-0.229786,-0.229786,-0.229786,-0.229786,-0.229786,-0.229786,-0.229786,-0.229786,-0.229786,-0.229786,-0.229786,0.954347,-1.466654,-0.039949,1.396190,-1.100222,-0.039949,1.568409,-0.623253,-0.039949,1.601580,-0.349051,-0.039949,1.574173,-0.248897,-0.039949,1.494851,0.145023,-0.039949,1.175773,1.315418,-0.039949,1.013548,1.656110,-0.039949,0.887975,1.784380,-0.039949,1.113412,0.204991,-0.039949,0.807837,1.582603,-0.039949,0.692658,1.838336,-0.039949,0.594449,1.859062,-0.039949,0.693685,0.105689,-0.039949,0.406756,1.097836,-0.039949,0.332274,0.772392,-0.039949,0.285611,0.336973,-0.039949,0.349169,-0.115596,-0.039949,0.289385,0.568124,-0.039949,0.323808,0.315166,-0.039949,0.345747,-0.011572,-0.039949,0.992615,-1.184053,1.019857,1.018897,-1.139157,1.019857,1.047964,-1.105207,1.019857,1.057480,-1.129588,1.019857,1.080170,-1.099993,1.019857,1.080247,-1.147512,1.019857,1.053061,-1.184779,1.019857,1.026645,-1.228628,1.019857,1.012130,-1.249751,1.019857,0.982142,-1.251814,1.019857,0.897426,-1.251520,1.019857,0.965087,-1.150520,1.019857,0.882019,-1.149940,1.019857,0.858842,-1.134273,1.019857,0.745707,-1.041902,1.019857,0.717901,-1.029674,1.019857,0.777294,-1.065615,1.019857,0.960864,-1.271645,1.019857,0.959653,-1.255728,1.019857,0.947629,-1.261690,1.019857,0.937827,-1.269059,1.019857,0.953449,-1.253221,1.019857,0.949105,-1.236017,1.019857,0.939362,-1.259202,1.019857,0.933160,-1.194538,1.019857,0.903583,-1.157881,1.019857,0.843035,-1.091917,1.019857,0.979264,-1.195432,1.019857,-0.134858,-0.134858,-0.134858,1.006377,-1.059544,1.019857,1.011530,-1.010573,1.019857,0.871477,-0.998837,1.019857,-0.134858,-0.134858,-0.134858,0.960090,-0.944699,1.019857,1.022835,-0.951496,1.019857,1.156061,-0.980369,1.019857,-0.134858,-0.134858,-0.134858,-0.134858,-0.134858,-0.134858,-0.134858,-0.134858,-0.134858,-0.134858,-0.134858,-0.134858,-0.134858,-0.134858,-0.134858,0.967917,-1.246954,1.019857,-0.134858,-0.134858,-0.134858,0.922889,-1.163529,1.019857,0.905706,-1.129374,1.019857,-0.134858,-0.134858,-0.134858,0.950019,-1.128697,1.019857,-0.134858,-0.134858,-0.134858,0.809669,-0.838326,1.019857,-0.134858,-0.134858,-0.134858,-0.134858,-0.134858,-0.134858,-0.134858,-0.134858,-0.134858,-0.134858,-0.134858,-0.134858,-0.134858,-0.134858,-0.134858,1.195012,-0.858168,1.019857,1.119374,-0.814904,1.019857,0.998218,-0.900279,1.019857,0.998218,-0.900279,1.019857,0.902681,-0.870019,1.019857,0.865639,-0.860078,1.019857,0.809669,-0.838326,1.019857,-0.134858,-0.134858,-0.134858,-0.134858,-0.134858,-0.134858,-0.134858,-0.134858,-0.134858,-0.134858,-0.134858,-0.134858,-0.134858,-0.134858,-0.134858,-0.134858,-0.134858,-0.134858,-0.134858,-0.134858,-0.134858,0.969373,-1.256433,1.019857,0.948108,-1.146588,1.019857
0.210607,-2.150329,0.451814,1.608449,-2.230520,-2.266772,1.783241,-2.409491,0.771207,0.025993,-2.447447,2.083698,1.220769,-1.551870,1.008441,-0.886025,0.740506,-2.659088,-2.571024,-1.049375,0.238243,-0.292649,0.142315,0.587606,-0.018595,-1.197429,2.431418,0.348331,-1.687698,2.558665,-0.134858,-0.134858,-0.134858,-0.134858,-0.134858,-0.134858,-0.134858,-0.134858,-0.134858,-0.134858,-0.134858,-0.134858,-0.134858,-0.134858,-0.134858,0.284997,-1.488740,0.667877,0.390091,-1.968881,0.383324,0.842214,-2.178048,0.578124,-0.006372,-2.624058,-0.423955,-0.134858,-0.134858,-0.134858,-0.134858,-0.134858,-0.134858,-0.134858,-0.134858,-0.134858,-0.134858,-0.134858,-0.134858,-0.134858,-0.134858,-0.134858,-0.134858,-0.134858,-0.134858,-0.229786,-0.229786,-0.229786,-0.229786,-0.229786,-0.229786,-0.229786,-0.229786,-0.229786,-0.229786,-0.229786,-0.229786,-0.229786,-0.229786,-0.229786,-0.229786,-0.229786,-0.229786,-0.229786,-0.229786,-0.229786,-0.229786,-0.229786,-0.229786,-0.229786,-0.229786,-0.229786,-0.229786,-0.229786,-0.229786,-0.229786,-0.229786,-0.229786,-0.229786,-0.229786,-0.229786,-0.229786,-0.229786,-0.229786,-0.229786,-0.229786,-0.229786,-0.229786,-0.229786,-0.229786,-0.229786,-0.229786,-0.229786,-0.229786,-0.229786,-0.229786,-0.229786,-0.229786,-0.229786,-0.229786,-0.229786,-0.229786,-0.229786,-0.229786,-0.229786,-0.229786,-0.229786,-0.229786,0.954347,-1.466654,-0.039949,1.396190,-1.100222,-0.039949,1.568409,-0.623253,-0.039949,1.601580,-0.349051,-0.039949,1.574173,-0.248897,-0.039949,1.494851,0.145023,-0.039949,1.175773,1.315418,-0.039949,1.013548,1.656110,-0.039949,0.887975,1.784380,-0.039949,1.113412,0.204991,-0.039949,0.807837,1.582603,-0.039949,0.692658,1.838336,-0.039949,0.594449,1.859062,-0.039949,0.693685,0.105689,-0.039949,0.406756,1.097836,-0.039949,0.332274,0.772392,-0.039949,0.285611,0.336973,-0.039949,0.349169,-0.115596,-0.039949,0.289385,0.568124,-0.039949,0.323808,0.315166,-0.039949,0.345747,-0.011572,-0.039949,0.992615,-1.184053,1.019857,1.018897,-1.139157,1.019857,1.047964,-1.105207,1.019857,1.057480,-1.129588,1.019857,1.080170,-1.099993,1.019857,1.080247,-1.147512,1.019857,1.053061,-1.184779,1.019857,1.026645,-1.228628,1.019857,1.012130,-1.249751,1.019857,0.982142,-1.251814,1.019857,0.897426,-1.251520,1.019857,0.965087,-1.150520,1.019857,0.882019,-1.149940,1.019857,0.858842,-1.134273,1.019857,0.745707,-1.041902,1.019857,0.717901,-1.029674,1.019857,0.777294,-1.065615,1.019857,0.960864,-1.271645,1.019857,0.959653,-1.255728,1.019857,0.947629,-1.261690,1.019857,0.937827,-1.269059,1.019857,0.953449,-1.253221,1.019857,0.949105,-1.236017,1.019857,0.939362,-1.259202,1.019857,0.933160,-1.194538,1.019857,0.903583,-1.157881,1.019857,0.843035,-1.091917,1.019857,0.979264,-1.195432,1.019857,-0.134858,-0.134858,-0.134858,1.006377,-1.059544,1.019857,1.011530,-1.010573,1.019857,0.871477,-0.998837,1.019857,-0.134858,-0.134858,-0.134858,0.960090,-0.944699,1.019857,1.022835,-0.951496,1.019857,1.156061,-0.980369,1.019857,-0.134858,-0.134858,-0.134858,-0.134858,-0.134858,-0.134858,-0.134858,-0.134858,-0.134858,-0.134858,-0.134858,-0.134858,-0.134858,-0.134858,-0.134858,0.967917,-1.246954,1.019857,-0.134858,-0.134858,-0.134858,0.922889,-1.163529,1.019857,0.905706,-1.129374,1.019857,-0.134858,-0.134858,-0.134858,0.950019,-1.128697,1.019857,-0.134858,-0.134858,-0.134858,0.809669,-0.838326,1.019857,-0.134858,-0.134858,-0.134858,-0.134858,-0.134858,-0.134858,-0.134858,-0.134858,-0.134858,-0.134858,-0.134858,-0.134858,-0.134858,-0.134858,-0.134858,1.195012,-0.858168,1.019857,1.119374,-0.814904,1.019857,0.998218,-0.900279,1.019857,0.998218,-0.900279,1.019857,0.902681,-0.870019,1.019857,0.865639,-0.860078,1.019857,0.809669,-0.838326,1.019857,-0.134858,-0.134858,-0.134858,-0.134858,-0.134858,-0.134858,-0.134858,-0.134858,-0.134858,-0.134858,-0.134858,-0.134858,-0.134858,-0.134858,-0.134858,-0.134858,-0.134858,-0.134858,-0.134858,-0.134858,-0.134858,0.969373,-1.256433,1.019857,0.948108,-1.146588,1.019857
0.168721,-2.484588,0.653478,1.571365,-2.257001,-2.459703,1.783571,-2.453466,0.817827,0.023200,-2.411143,2.266352,1.170396,-1.611072,1.042087,-1.041644,0.795465,-2.864169,-2.585758,-1.045891,0.008552,-0.292522,0.126711,0.350416,-0.170520,-1.163208,2.610256,0.258162,-1.657235,2.778003,-0.134858,-0.134858,-0.134858,-0.134858,-0.134858,-0.134858,-0.134858,-0.134858,-0.134858,-0.134858,-0.134858,-0.134858,-0.134858,-0.134858,-0.134858,0.259065,-1.654754,0.877518,0.303732,-2.276894,0.583689,0.893823,-2.435236,0.782020,-0.082526,-2.803986,-0.274595,-0.134858,-0.134858,-0.134858,-0.134858,-0.134858,-0.134858,-0.134858,-0.134858,-0.134858,-0.134858,-0.134858,-0.134858,-0.134858,-0.134858,-0.134858,-0.134858,-0.134858,-0.134858,-0.229786,-0.229786,-0.229786,-0.229786,-0.229786,-0.229786,-0.229786,-0.229786,-0.229786,-0.229786,-0.229786,-0.229786,-0.229786,-0.229786,-0.229786,-0.229786,-0.229786,-0.229786,-0.229786,-0.229786,-0.229786,-0.229786,-0.229786,-0.229786,-0.229786,-0.229786,-0.229786,-0.229786,-0.229786,-0.229786,-0.229786,-0.229786,-0.229786,-0.229786,-0.229786,-0.229786,-0.229786,-0.229786,-0.229786,-0.229786,-0.229786,-0.229786,-0.229786,-0.229786,-0.229786,-0.229786,-0.229786,-0.229786,-0.229786,-0.229786,-0.229786,-0.229786,-0.229786,-0.229786,-0.229786,-0.229786,-0.229786,-0.229786,-0.229786,-0.229786,-0.229786,-0.229786,-0.229786,0.932885,-1.490870,-0.039949,1.373642,-1.115017,-0.039949,1.548076,-0.629801,-0.039949,1.585533,-0.352960,-0.039949,1.567323,-0.273378,-0.039949,1.464916,0.093233,-0.039949,1.153560,1.266958,-0.039949,0.996172,1.614340,-0.039949,0.872983,1.751359,-0.039949,1.078751,0.153698,-0.039949,0.787450,1.538379,-0.039949,0.685583,1.817520,-0.039949,0.593744,1.855588,-0.039949,0.662119,0.060307,-0.039949,0.414963,1.050437,-0.039949,0.348980,0.720654,-0.039949,0.295188,0.292641,-0.039949,0.322154,-0.149225,-0.039949,0.292336,0.537895,-0.039949,0.335208,0.283171,-0.039949,0.349512,-0.030994,-0.039949,0.735792,-1.489458,1.019857,0.759979,-1.478980,1.019857,0.797538,-1.478406,1.019857,0.871381,-1.496422,1.019857,0.851336,-1.553803,1.019857,0.832382,-1.586336,1.019857,0.760186,-1.597457,1.019857,0.728697,-1.597319,1.019857,0.721323,-1.598221,1.019857,0.669990,-1.598664,1.019857,0.547265,-1.597163,1.019857,0.642065,-1.404900,1.019857,0.500962,-1.406644,1.019857,0.506860,-1.391752,1.019857,0.473048,-1.316151,1.019857,0.526447,-1.265713,1.019857,0.706344,-1.204073,1.019857,0.708641,-1.411353,1.019857,0.732085,-1.338220,1.019857,0.750913,-1.315320,1.019857,0.775195,-1.308484,1.019857,0.802938,-1.308708,1.019857,0.934121,-1.238780,1.019857,0.940003,-1.254658,1.019857,0.970111,-1.175080,1.019857,0.970107,-1.133182,1.019857,0.925801,-1.122111,1.019857,0.882025,-1.222236,1.019857,-0.134858,-0.134858,-0.134858,0.939013,-1.067143,1.019857,0.945487,-1.021707,1.019857,0.779401,-1.062706,1.019857,-0.134858,-0.134858,-0.134858,0.844386,-1.057729,1.019857,0.898181,-1.062178,1.019857,1.016472,-1.019498,1.019857,-0.134858,-0.134858,-0.134858,-0.134858,-0.134858,-0.134858,-0.134858,-0.134858,-0.134858,-0.134858,-0.134858,-0.134858,-0.134858,-0.134858,-0.134858,0.723969,-1.325805,1.019857,-0.134858,-0.134858,-0.134858,0.911226,-1.268917,1.019857,0.930489,-1.251955,1.019857,-0.134858,-0.134858,-0.134858,0.955029,-1.177319,1.019857,-0.134858,-0.134858,-0.134858,0.720555,-0.961536,1.019857,-0.134858,-0.134858,-0.134858,-0.134858,-0.134858,-0.134858,-0.134858,-0.134858,-0.134858,-0.134858,-0.134858,-0.134858,-0.134858,-0.134858,-0.134858,0.859388,-0.910270,1.019857,0.841795,-0.930713,1.019857,0.780312,-1.102402,1.019857,0.780312,-1.102402,1.019857,0.756766,-1.068708,1.019857,0.744815,-1.023967,1.019857,0.720555,-0.961536,1.019857,-0.134858,-0.134858,-0.134858,-0.134858,-0.134858,-0.134858,-0.134858,-0.134858,-0.134858,-0.134858,-0.134858,-0.134858,-0.134858,-0.134858,-0.134858,-0.134858,-0.134858,-0.134858,-0.134858,-0.134858,-0.134858,0.730243,-1.320666,1.019857,0.962352,-1.204218,1.019857
0.168721,-2.484588,0.653478,1.571365,-2.257001,-2.459703,1.783571,-2.453466,0.817827,0.023200,-2.411143,2.266352,1.170396,-1.611072,1.042087,-1.041644,0.795465,-2.864169,-2.585758,-1.045891,0.008552,-0.292522,0.126711,0.350416,-0.170520,-1.163208,2.610256,0.258162,-1.657235,2.778003,-0.134858,-0.134858,-0.134858,-0.134858,-0.134858,-0.134858,-0.134858,-0.134858,-0.134858,-0.134858,-0.134858,-0.134858,-0.134858,-0.134858,-0.134858,0.259065,-1.654754,0.877518,0.303732,-2.276894,0.583689,0.893823,-2.435236,0.782020,-0.082526,-2.803986,-0.274595,-0.134858,-0.134858,-0.134858,-0.134858,-0.134858,-0.134858,-0.134858,-0.134858,-0.134858,-0.134858,-0.134858,-0.134858,-0.134858,-0.134858,-0.134858,-0.134858,-0.134858,-0.134858,-0.229786,-0.229786,-0.229786,-0.229786,-0.229786,-0.229786,-0.229786,-0.229786,-0.229786,-0.229786,-0.229786,-0.229786,-0.229786,-0.229786,-0.229786,-0.229786,-0.229786,-0.229786,-0.229786,-0.229786,-0.229786,-0.229786,-0.229786,-0.229786,-0.229786,-0.229786,-0.229786,-0.229786,-0.229786,-0.229786,-0.229786,-0.229786,-0.229786,-0.229786,-0.229786,-0.229786,-0.229786,-0.229786,-0.229786,-0.229786,-0.229786,-0.229786,-0.229786,-0.229786,-0.229786,-0.229786,-0.229786,-0.229786,-0.229786,-0.229786,-0.229786,-0.229786,-0.229786,-0.229786,-0.229786,-0.229786,-0.229786,-0.229786,-0.229786,-0.229786,-0.229786,-0.229786,-0.229786,0.932885,-1.490870,-0.039949,1.373642,-1.115017,-0.039949,1.548076,-0.629801,-0.039949,1.585533,-0.352960,-0.039949,1.567323,-0.273378,-0.039949,1.464916,0.093233,-0.039949,1.153560,1.266958,-0.039949,0.996172,1.614340,-0.039949,0.872983,1.751359,-0.039949,1.078751,0.153698,-0.039949,0.787450,1.538379,-0.039949,0.685583,1.817520,-0.039949,0.593744,1.855588,-0.039949,0.662119,0.060307,-0.039949,0.414963,1.050437,-0.039949,0.348980,0.720654,-0.039949,0.295188,0.292641,-0.039949,0.322154,-0.149225,-0.039949,0.292336,0.537895,-0.039949,0.335208,0.283171,-0.039949,0.349512,-0.030994,-0.039949,0.735792,-1.489458,1.019857,0.759979,-1.478980,1.019857,0.797538,-1.478406,1.019857,0.871381,-1.496422,1.019857,0.851336,-1.553803,1.019857,0.832382,-1.586336,1.019857,0.760186,-1.597457,1.019857,0.728697,-1.597319,1.019857,0.721323,-1.598221,1.019857,0.669990,-1.598664,1.019857,0.547265,-1.597163,1.019857,0.642065,-1.404900,1.019857,0.500962,-1.406644,1.019857,0.506860,-1.391752,1.019857,0.473048,-1.316151,1.019857,0.526447,-1.265713,1.019857,0.706344,-1.204073,1.019857,0.708641,-1.411353,1.019857,0.732085,-1.338220,1.019857,0.750913,-1.315320,1.019857,0.775195,-1.308484,1.019857,0.802938,-1.308708,1.019857,0.934121,-1.238780,1.019857,0.940003,-1.254658,1.019857,0.970111,-1.175080,1.019857,0.970107,-1.133182,1.019857,0.925801,-1.122111,1.019857,0.882025,-1.222236,1.019857,-0.134858,-0.134858,-0.134858,0.939013,-1.067143,1.019857,0.945487,-1.021707,1.019857,0.779401,-1.062706,1.019857,-0.134858,-0.134858,-0.134858,0.844386,-1.057729,1.019857,0.898181,-1.062178,1.019857,1.016472,-1.019498,1.019857,-0.134858,-0.134858,-0.134858,-0.134858,-0.134858,-0.134858,-0.134858,-0.134858,-0.134858,-0.134858,-0.134858,-0.134858,-0.134858,-0.134858,-0.134858,0.723969,-1.325805,1.019857,-0.134858,-0.134858,-0.134858,0.911226,-1.268917,1.019857,0.930489,-1.251955,1.019857,-0.134858,-0.134858,-0.134858,0.955029,-1.177319,1.019857,-0.134858,-0.134858,-0.134858,0.720555,-0.961536,1.019857,-0.134858,-0.134858,-0.134858,-0.134858,-0.134858,-0.134858,-0.134858,-0.134858,-0.134858,-0.134858,-0.134858,-0.134858,-0.134858,-0.134858,-0.134858,0.859388,-0.910270,1.019857,0.841795,-0.930713,1.019857,0.780312,-1.102402,1.019857,0.780312,-1.102402,1.019857,0.756766,-1.068708,1.019857,0.744815,-1.023967,1.019857,0.720555,-0.961536,1.019857,-0.134858,-0.134858,-0.134858,-0.134858,-0.134858,-0.134858,-0.134858,-0.134858,-0.134858,-0.134858,-0.134858,-0.134858,-0.134858,-0.134858,-0.134858,-0.134858,-0.134858,-0.134858,-0.134858,-0.134858,-0.134858,0.730243,-1.320666,1.019857,0.962352,-1.204218,1.019857
-0.102556,-2.509093,0.745214,1.372883,-2.142144,-2.768533,1.589409,-2.444538,0.834764,0.020560,-2.452637,2.378130,1.142356,-1.648959,1.063593,-1.057179,1.080985,-3.192449,-2.808925,-0.777136,-0.246949,-0.322278,0.304415,0.092397,-0.230030,-0.810733,2.625544,0.168765,-1.358447,2.841258,-0.134858,-0.134858,-0.134858,-0.134858,-0.134858,-0.134858,-0.134858,-0.134858,-0.134858,-0.134858,-0.134858,-0.134858,-0.134858,-0.134858,-0.134858,0.164974,-1.756149,0.912013,0.117416,-2.417346,0.615707,0.913445,-2.729659,0.822857,-0.159573,-2.893991,-0.423955,-0.134858,-0.134858,-0.134858,-0.134858,-0.134858,-0.134858,-0.134858,-0.134858,-0.134858,-0.134858,-0.134858,-0.134858,-0.134858,-0.134858,-0.134858,-0.134858,-0.134858,-0.134858,-0.229786,-0.229786,-0.229786,-0.229786,-0.229786,-0.229786,-0.229786,-0.229786,-0.229786,-0.229786,-0.229786,-0.229786,-0.229786,-0.229786,-0.229786,-0.229786,-0.229786,-0.229786,-0.229786,-0.229786,-0.229786,-0.229786,-0.229786,-0.229786,-0.229786,-0.229786,-0.229786,-0.229786,-0.229786,-0.229786,-0.229786,-0.229786,-0.229786,-0.229786,-0.229786,-0.229786,-0.229786,-0.229786,-0.229786,-0.229786,-0.229786,-0.229786,-0.229786,-0.229786,-0.229786,-0.229786,-0.229786,-0.229786,-0.229786,-0.229786,-0.229786,-0.229786,-0.229786,-0.229786,-0.229786,-0.229786,-0.229786,-0.229786,-0.229786,-0.229786,-0.229786,-0.229786,-0.229786,0.926672,-1.505966,-0.039949,1.349912,-1.134431,-0.039949,1.537793,-0.658871,-0.039949,1.574314,-0.387976,-0.039949,1.556423,-0.308524,-0.039949,1.453710,0.053783,-0.039949,1.144061,1.225744,-0.039949,0.993405,1.578604,-0.039949,0.881494,1.718607,-0.039949,1.073562,0.106494,-0.039949,0.797210,1.503100,-0.039949,0.705081,1.789292,-0.039949,0.622172,1.831910,-0.039949,0.657317,0.012555,-0.039949,0.407134,1.017772,-0.039949,0.332791,0.686999,-0.039949,0.280443,0.259516,-0.039949,0.313775,-0.190610,-0.039949,0.289760,0.520308,-0.039949,0.328531,0.255905,-0.039949,0.347667,-0.071648,-0.039949,1.036677,-1.574752,1.019857,1.014828,-1.566876,1.019857,0.982383,-1.567408,1.019857,0.839723,-1.544599,1.019857,0.871457,-1.558307,1.019857,0.686058,-1.478655,1.019857,0.515925,-1.353273,1.019857,0.487566,-1.243592,1.019857,0.544783,-1.204201,1.019857,0.683809,-1.189529,1.019857,0.779925,-1.223850,1.019857,0.788581,-1.131785,1.019857,0.803160,-1.175332,1.019857,0.872597,-1.183391,1.019857,0.997195,-1.117166,1.019857,0.971179,-1.072079,1.019857,0.930649,-1.031915,1.019857,0.830460,-1.564638,1.019857,0.777518,-1.492136,1.019857,0.765945,-1.419952,1.019857,0.759479,-1.332464,1.019857,0.770364,-1.343465,1.019857,0.815681,-1.103576,1.019857,0.826725,-1.066666,1.019857,0.845046,-1.002500,1.019857,0.855603,-0.959962,1.019857,0.889271,-0.941433,1.019857,0.737041,-1.240726,1.019857,-0.134858,-0.134858,-0.134858,0.664923,-1.076272,1.019857,0.640055,-1.020880,1.019857,0.602069,-1.088167,1.019857,-0.134858,-0.134858,-0.134858,0.642534,-1.061893,1.019857,0.681990,-1.056713,1.019857,0.820205,-1.025162,1.019857,-0.134858,-0.134858,-0.134858,-0.134858,-0.134858,-0.134858,-0.134858,-0.134858,-0.134858,-0.134858,-0.134858,-0.134858,-0.134858,-0.134858,-0.134858,0.731744,-1.517387,1.019857,-0.134858,-0.134858,-0.134858,0.864552,-1.241863,1.019857,0.882360,-1.189346,1.019857,-0.134858,-0.134858,-0.134858,0.881979,-1.165823,1.019857,-0.134858,-0.134858,-0.134858,0.632227,-0.953018,1.019857,-0.134858,-0.134858,-0.134858,-0.134858,-0.134858,-0.134858,-0.134858,-0.134858,-0.134858,-0.134858,-0.134858,-0.134858,-0.134858,-0.134858,-0.134858,0.829413,-0.883549,1.019857,0.740331,-0.847537,1.019857,0.626412,-0.936632,1.019857,0.626412,-0.936632,1.019857,0.603226,-0.963895,1.019857,0.619033,-0.965850,1.019857,0.632227,-0.953018,1.019857,-0.134858,-0.134858,-0.134858,-0.134858,-0.134858,-0.134858,-0.134858,-0.134858,-0.134858,-0.134858,-0.134858,-0.134858,-0.134858,-0.134858,-0.134858,-0.134858,-0.134858,-0.134858,-0.134858,-0.134858,-0.134858,0.727563,-1.525443,1.019857,0.869766,-1.222807,1.019857
-0.147437,-2.580685,0.890495,1.279964,-1.976350,-2.891553,1.450101,-2.347579,0.862266,-0.033173,-2.447075,2.416529,1.116357,-1.643277,1.077487,-0.862495,1.250876,-3.323216,-2.821443,-0.740771,-0.474864,-0.257968,0.430899,-0.147142,-0.310323,-0.627771,2.686293,0.023780,-1.168994,2.946900,-0.134858,-0.134858,-0.134858,-0.134858,-0.134858,-0.134858,-0.134858,-0.134858,-0.134858,-0.134858,-0.134858,-0.134858,-0.134858,-0.134858,-0.134858,0.156087,-1.986307,1.034638,0.052514,-2.575672,0.737288,0.958505,-2.960465,0.952345,-0.173732,-2.937607,-0.352467,-0.134858,-0.134858,-0.134858,-0.134858,-0.134858,-0.134858,-0.134858,-0.134858,-0.134858,-0.134858,-0.134858,-0.134858,-0.134858,-0.134858,-0.134858,-0.134858,-0.134858,-0.134858,-0.229786,-0.229786,-0.229786,-0.229786,-0.229786,-0.229786,-0.229786,-0.229786,-0.229786,-0.229786,-0.229786,-0.229786,-0.229786,-0.229786,-0.229786,-0.229786,-0.229786,-0.229786,-0.229786,-0.229786,-0.229786,-0.229786,-0.229786,-0.229786,-0.229786,-0.229786,-0.229786,-0.229786,-0.229786,-0.229786,-0.229786,-0.229786,-0.229786,-0.229786,-0.229786,-0.229786,-0.229786,-0.229786,-0.229786,-0.229786,-0.229786,-0.229786,-0.229786,-0.229786,-0.229786,-0.229786,-0.229786,-0.229786,-0.229786,-0.229786,-0.229786,-0.229786,-0.229786,-0.229786,-0.229786,-0.229786,-0.229786,-0.229786,-0.229786,-0.229786,-0.229786,-0.229786,-0.229786,0.857427,-1.519997,-0.039949,1.296390,-1.169904,-0.039949,1.503165,-0.713517,-0.039949,1.531604,-0.464232,-0.039949,1.512207,-0.384695,-0.039949,1.427890,-0.088266,-0.039949,1.168987,1.067936,-0.039949,1.035836,1.450382,-0.039949,0.928090,1.603824,-0.039949,1.063547,-0.055149,-0.039949,0.884122,1.355784,-0.039949,0.837853,1.672338,-0.039949,0.786535,1.736839,-0.039949,0.655382,-0.134663,-0.039949,0.463396,1.002587,-0.039949,0.363860,0.688067,-0.039949,0.287987,0.264488,-0.039949,0.312125,-0.306305,-0.039949,0.331240,0.518864,-0.039949,0.350037,0.273919,-0.039949,0.349014,-0.049136,-0.039949,0.916693,-1.952254,1.019857,0.926443,-1.968726,1.019857,0.911767,-1.979034,1.019857,0.828323,-1.923934,1.019857,0.847643,-2.006757,1.019857,0.689655,-1.910592,1.019857,0.521845,-1.746766,1.019857,0.503489,-1.582049,1.019857,0.558597,-1.539543,1.019857,0.716589,-1.566395,1.019857,0.794213,-1.684065,1.019857,0.781210,-1.517161,1.019857,0.738947,-1.600287,1.019857,0.791271,-1.629997,1.019857,0.854968,-1.660559,1.019857,0.813574,-1.606468,1.019857,0.790100,-1.481884,1.019857,0.782399,-1.656819,1.019857,0.734342,-1.539757,1.019857,0.706020,-1.487984,1.019857,0.682954,-1.464633,1.019857,0.693642,-1.570002,1.019857,0.693677,-1.392488,1.019857,0.699831,-1.357775,1.019857,0.722318,-1.298982,1.019857,0.730921,-1.241766,1.019857,0.720901,-1.243776,1.019857,0.652930,-1.480235,1.019857,-0.134858,-0.134858,-0.134858,0.599362,-1.261491,1.019857,0.580980,-1.201480,1.019857,0.525748,-1.343496,1.019857,-0.134858,-0.134858,-0.134858,0.568111,-1.236456,1.019857,0.614846,-1.224793,1.019857,0.755869,-1.244290,1.019857,-0.134858,-0.134858,-0.134858,-0.134858,-0.134858,-0.134858,-0.134858,-0.134858,-0.134858,-0.134858,-0.134858,-0.134858,-0.134858,-0.134858,-0.134858,0.725628,-1.783375,1.019857,-0.134858,-0.134858,-0.134858,0.706529,-1.568023,1.019857,0.719676,-1.490410,1.019857,-0.134858,-0.134858,-0.134858,0.728230,-1.486316,1.019857,-0.134858,-0.134858,-0.134858,0.544927,-1.198219,1.019857,-0.134858,-0.134858,-0.134858,-0.134858,-0.134858,-0.134858,-0.134858,-0.134858,-0.134858,-0.134858,-0.134858,-0.134858,-0.134858,-0.134858,-0.134858,0.729273,-1.093161,1.019857,0.661887,-0.989576,1.019857,0.570853,-1.117931,1.019857,0.570853,-1.117931,1.019857,0.546029,-1.165409,1.019857,0.553692,-1.193841,1.019857,0.544927,-1.198219,1.019857,-0.134858,-0.134858,-0.134858,-0.134858,-0.134858,-0.134858,-0.134858,-0.134858,-0.134858,-0.134858,-0.134858,-0.134858,-0.134858,-0.134858,-0.134858,-0.134858,-0.134858,-0.134858,-0.134858,-0.134858,-0.134858,0.715131,-1.798371,1.019857,0.711130,-1.536175,1.019857
-0.147437,-2.580685,0.890495,1.279964,-1.976350,-2.891553,1.450101,-2.347579,0.862266,-0.033173,-2.447075,2.416529,1.116357,-1.643277,1.077487,-0.862495,1.250876,-3.323216,-2.821443,-0.740771,-0.474864,-0.257968,0.430899,-0.147142,-0.310323,-0.627771,2.686293,0.023780,-1.168994,2.946900,-0.134858,-0.134858,-0.134858,-0.134858,-0.134858,-0.134858,-0.134858,-0.134858,-0.134858,-0.134858,-0.134858,-0.134858,-0.134858,-0.134858,-0.134858,0.156087,-1.986307,1.034638,0.052514,-2.575672,0.737288,0.958505,-2.960465,0.952345,-0.173732,-2.937607,-0.352467,-0.134858,-0.134858,-0.134858,-0.134858,-0.134858,-0.134858,-0.134858,-0.134858,-0.134858,-0.134858,-0.134858,-0.134858,-0.134858,-0.134858,-0.134858,-0.134858,-0.134858,-0.134858,-0.229786,-0.229786,-0.229786,-0.229786,-0.229786,-0.229786,-0.229786,-0.229786,-0.229786,-0.229786,-0.229786,-0.229786,-0.229786,-0.229786,-0.229786,-0.229786,-0.229786,-0.229786,-0.229786,-0.229786,-0.229786,-0.229786,-0.229786,-0.229786,-0.229786,-0.229786,-0.229786,-0.229786,-0.229786,-0.229786,-0.229786,-0.229786,-0.229786,-0.229786,-0.229786,-0.229786,-0.229786,-0.229786,-0.229786,-0.229786,-0.229786,-0.229786,-0.229786,-0.229786,-0.229786,-0.229786,-0.229786,-0.229786,-0.229786,-0.229786,-0.229786,-0.229786,-0.229786,-0.229786,-0.229786,-0.229786,-0.229786,-0.229786,-0.229786,-0.229786,-0.229786,-0.229786,-0.229786,0.857427,-1.519997,-0.039949,1.296390,-1.169904,-0.039949,1.503165,-0.713517,-0.039949,1.531604,-0.464232,-0.039949,1.512207,-0.384695,-0.039949,1.427890,-0.088266,-0.039949,1.168987,1.067936,-0.039949,1.035836,1.450382,-0.039949,0.928090,1.603824,-0.039949,1.063547,-0.055149,-0.039949,0.884122,1.355784,-0.039949,0.837853,1.672338,-0.039949,0.786535,1.736839,-0.039949,0.655382,-0.134663,-0.039949,0.463396,1.002587,-0.039949,0.363860,0.688067,-0.039949,0.287987,0.264488,-0.039949,0.312125,-0.306305,-0.039949,0.331240,0.518864,-0.039949,0.350037,0.273919,-0.039949,0.349014,-0.049136,-0.039949,0.916693,-1.952254,1.019857,0.926443,-1.968726,1.019857,0.911767,-1.979034,1.019857,0.828323,-1.923934,1.019857,0.847643,-2.006757,1.019857,0.689655,-1.910592,1.019857,0.521845,-1.746766,1.019857,0.503489,-1.582049,1.019857,0.558597,-1.539543,1.019857,0.716589,-1.566395,1.019857,0.794213,-1.684065,1.019857,0.781210,-1.517161,1.019857,0.738947,-1.600287,1.019857,0.791271,-1.629997,1.019857,0.854968,-1.660559,1.019857,0.813574,-1.606468,1.019857,0.790100,-1.481884,1.019857,0.782399,-1.656819,1.019857,0.734342,-1.539757,1.019857,0.706020,-1.487984,1.019857,0.682954,-1.464633,1.019857,0.693642,-1.570002,1.019857,0.693677,-1.392488,1.019857,0.699831,-1.357775,1.019857,0.722318,-1.298982,1.019857,0.730921,-1.241766,1.019857,0.720901,-1.243776,1.019857,0.652930,-1.480235,1.019857,-0.134858,-0.134858,-0.134858,0.599362,-1.261491,1.019857,0.580980,-1.201480,1.019857,0.525748,-1.343496,1.019857,-0.134858,-0.134858,-0.134858,0.568111,-1.236456,1.019857,0.614846,-1.224793,1.019857,0.755869,-1.244290,1.019857,-0.134858,-0.134858,-0.134858,-0.134858,-0.134858,-0.134858,-0.134858,-0.134858,-0.134858,-0.134858,-0.134858,-0.134858,-0.134858,-0.134858,-0.134858,0.725628,-1.783375,1.019857,-0.134858,-0.134858,-0.134858,0.706529,-1.568023,1.019857,0.719676,-1.490410,1.019857,-0.134858,-0.134858,-0.134858,0.728230,-1.486316,1.019857,-0.134858,-0.134858,-0.134858,0.544927,-1.198219,1.019857,-0.134858,-0.134858,-0.134858,-0.134858,-0.134858,-0.134858,-0.134858,-0.134858,-0.134858,-0.134858,-0.134858,-0.134858,-0.134858,-0.134858,-0.134858,0.729273,-1.093161,1.019857,0.661887,-0.989576,1.019857,0.570853,-1.117931,1.019857,0.570853,-1.117931,1.019857,0.546029,-1.165409,1.019857,0.553692,-1.193841,1.019857,0.544927,-1.198219,1.019857,-0.134858,-0.134858,-0.134858,-0.134858,-0.134858,-0.134858,-0.134858,-0.134858,-0.134858,-0.134858,-0.134858,-0.134858,-0.134858,-0.134858,-0.134858,-0.134858,-0.134858,-0.134858,-0.134858,-0.134858,-0.134858,0.715131,-1.798371,1.019857,0.711130,-1.536175,1.019857
-0.141973,-2.589403,0.906623,0.870261,-1.707718,-2.868487,1.049458,-2.318988,0.864279,-0.327780,-2.350965,2.451254,0.960352,-1.669330,1.095867,-0.895134,1.896463,-3.298697,-2.552626,-0.525103,-0.611020,-0.006180,0.607536,-0.280199,-0.615147,-0.376606,2.903000,-0.279318,-0.861837,3.079469,-0.134858,-0.134858,-0.134858,-0.134858,-0.134858,-0.134858,-0.134858,-0.134858,-0.134858,-0.134858,-0.134858,-0.134858,-0.134858,-0.134858,-0.134858,0.169122,-2.250345,0.890871,0.073321,-2.585531,0.638071,1.033595,-3.181899,0.922989,-0.184823,-2.930564,-0.455697,-0.134858,-0.134858,-0.134858,-0.134858,-0.134858,-0.134858,-0.134858,-0.134858,-0.134858,-0.134858,-0.134858,-0.134858,-0.134858,-0.134858,-0.134858,-0.134858,-0.134858,-0.134858,-0.229786,-0.229786,-0.229786,-0.229786,-0.229786,-0.229786,-0.229786,-0.229786,-0.229786,-0.229786,-0.229786,-0.229786,-0.229786,-0.229786,-0.229786,-0.229786,-0.229786,-0.229786,-0.229786,-0.229786,-0.229786,-0.229786,-0.229786,-0.229786,-0.229786,-0.229786,-0.229786,-0.229786,-0.229786,-0.229786,-0.229786,-0.229786,-0.229786,-0.229786,-0.229786,-0.229786,-0.229786,-0.229786,-0.229786,-0.229786,-0.229786,-0.229786,-0.229786,-0.229786,-0.229786,-0.229786,-0.229786,-0.229786,-0.229786,-0.229786,-0.229786,-0.229786,-0.229786,-0.229786,-0.229786,-0.229786,-0.229786,-0.229786,-0.229786,-0.229786,-0.229786,-0.229786,-0.229786,0.755976,-1.585540,-0.039949,1.192449,-1.209900,-0.039949,1.433513,-0.737561,-0.039949,1.446934,-0.435166,-0.039949,1.441262,-0.358838,-0.039949,1.338507,-0.338893,-0.039949,1.134885,0.802148,-0.039949,1.022358,1.226921,-0.039949,0.921732,1.418792,-0.039949,0.949254,-0.351573,-0.039949,0.881517,1.094201,-0.039949,0.889827,1.491945,-0.039949,0.863188,1.603740,-0.039949,0.540733,-0.429930,-0.039949,0.501356,1.203934,-0.039949,0.458279,1.072197,-0.039949,0.392696,0.645586,-0.039949,0.210840,-0.559977,-0.039949,0.371759,0.690908,-0.039949,0.514874,0.646190,-0.039949,0.594611,0.326003,-0.039949,1.123419,-1.596275,1.019857,1.142819,-1.617746,1.019857,1.144424,-1.634248,1.019857,1.032930,-1.619842,1.019857,1.093269,-1.688558,1.019857,0.934621,-1.660066,1.019857,0.745344,-1.583798,1.019857,0.628164,-1.505042,1.019857,0.603146,-1.485981,1.019857,0.623658,-1.495407,1.019857,0.631399,-1.555889,1.019857,0.635148,-1.394856,1.019857,0.596102,-1.441778,1.019857,0.633944,-1.452037,1.019857,0.667362,-1.440874,1.019857,0.625477,-1.388146,1.019857,0.602058,-1.279389,1.019857,0.904247,-1.346678,1.019857,0.836559,-1.250799,1.019857,0.796933,-1.199159,1.019857,0.755881,-1.170722,1.019857,0.754498,-1.263407,1.019857,0.684884,-1.128160,1.019857,0.679827,-1.098202,1.019857,0.665457,-1.069370,1.019857,0.641980,-1.055120,1.019857,0.596228,-1.090470,1.019857,0.695127,-1.209512,1.019857,-0.134858,-0.134858,-0.134858,0.635286,-1.060331,1.019857,0.618429,-1.021661,1.019857,0.594192,-1.134114,1.019857,-0.134858,-0.134858,-0.134858,0.617542,-1.064901,1.019857,0.649959,-1.059439,1.019857,0.771358,-1.080793,1.019857,-0.134858,-0.134858,-0.134858,-0.134858,-0.134858,-0.134858,-0.134858,-0.134858,-0.134858,-0.134858,-0.134858,-0.134858,-0.134858,-0.134858,-0.134858,0.822440,-1.445012,1.019857,-0.134858,-0.134858,-0.134858,0.689401,-1.338109,1.019857,0.682489,-1.345013,1.019857,-0.134858,-0.134858,-0.134858,0.681758,-1.246629,1.019857,-0.134858,-0.134858,-0.134858,0.604438,-1.037125,1.019857,-0.134858,-0.134858,-0.134858,-0.134858,-0.134858,-0.134858,-0.134858,-0.134858,-0.134858,-0.134858,-0.134858,-0.134858,-0.134858,-0.134858,-0.134858,0.731290,-0.989882,1.019857,0.676228,-0.899903,1.019857,0.599456,-1.020485,1.019857,0.599456,-1.020485,1.019857,0.595748,-1.036447,1.019857,0.611522,-1.046425,1.019857,0.604438,-1.037125,1.019857,-0.134858,-0.134858,-0.134858,-0.134858,-0.134858,-0.134858,-0.134858,-0.134858,-0.134858,-0.134858,-0.134858,-0.134858,-0.134858,-0.134858,-0.134858,-0.134858,-0.134858,-0.134858,-0.134858,-0.134858,-0.134858,0.794708,-1.436143,1.019857,0.688082,-1.267757,1.019857
-0.141973,-2.589403,0.906623,0.870261,-1.707718,-2.868487,1.049458,-2.318988,0.864279,-0.327780,-2.350965,2.451254,0.960352,-1.669330,1.095867,-0.895134,1.896463,-3.298697,-2.552626,-0.525103,-0.611020,-0.006180,0.607536,-0.280199,-0.615147,-0.376606,2.903000,-0.279318,-0.861837,3.079469,-0.134858,-0.134858,-0.134858,-0.134858,-0.134858,-0.134858,-0.134858,-0.134858,-0.134858,-0.134858,-0.134858,-0.134858,-0.134858,-0.134858,-0.134858,0.169122,-2.250345,0.890871,0.073321,-2.585531,0.638071,1.033595,-3.181899,0.922989,-0.184823,-2.930564,-0.455697,-0.134858,-0.134858,-0.134858,-0.134858,-0.134858,-0.134858,-0.134858,-0.134858,-0.134858,-0.134858,-0.134858,-0.134858,-0.134858,-0.134858,-0.134858,-0.134858,-0.134858,-0.134858,-0.229786,-0.229786,-0.229786,-0.229786,-0.229786,-0.229786,-0.229786,-0.229786,-0.229786,-0.229786,-0.229786,-0.229786,-0.229786,-0.229786,-0.229786,-0.229786,-0.229786,-0.229786,-0.229786,-0.229786,-0.229786,-0.229786,-0.229786,-0.229786,-0.229786,-0.229786,-0.229786,-0.229786,-0.229786,-0.229786,-0.229786,-0.229786,-0.229786,-0.229786,-0.229786,-0.229786,-0.229786,-0.229786,-0.229786,-0.229786,-0.229786,-0.229786,-0.229786,-0.229786,-0.229786,-0.229786,-0.229786,-0.229786,-0.229786,-0.229786,-0.229786,-0.229786,-0.229786,-0.229786,-0.229786,-0.229786,-0.229786,-0.229786,-0.229786,-0.229786,-0.229786,-0.229786,-0.229786,0.755976,-1.585540,-0.039949,1.192449,-1.209900,-0.039949,1.433513,-0.737561,-0.039949,1.446934,-0.435166,-0.039949,1.441262,-0.358838,-0.039949,1.338507,-0.338893,-0.039949,1.134885,0.802148,-0.039949,1.022358,1.226921,-0.039949,0.921732,1.418792,-0.039949,0.949254,-0.351573,-0.039949,0.881517,1.094201,-0.039949,0.889827,1.491945,-0.039949,0.863188,1.603740,-0.039949,0.540733,-0.429930,-0.039949,0.501356,1.203934,-0.039949,0.458279,1.072197,-0.039949,0.392696,0.645586,-0.039949,0.210840,-0.559977,-0.039949,0.371759,0.690908,-0.039949,0.514874,0.646190,-0.039949,0.594611,0.326003,-0.039949,1.123419,-1.596275,1.019857,1.142819,-1.617746,1.019857,1.144424,-1.634248,1.019857,1.032930,-1.619842,1.019857,1.093269,-1.688558,1.019857,0.934621,-1.660066,1.019857,0.745344,-1.583798,1.019857,0.628164,-1.505042,1.019857,0.603146,-1.485981,1.019857,0.623658,-1.495407,1.019857,0.631399,-1.555889,1.019857,0.635148,-1.394856,1.019857,0.596102,-1.441778,1.019857,0.633944,-1.452037,1.019857,0.667362,-1.440874,1.019857,0.625477,-1.388146,1.019857,0.602058,-1.279389,1.019857,0.904247,-1.346678,1.019857,0.836559,-1.250799,1.019857,0.796933,-1.199159,1.019857,0.755881,-1.170722,1.019857,0.754498,-1.263407,1.019857,0.684884,-1.128160,1.019857,0.679827,-1.098202,1.019857,0.665457,-1.069370,1.019857,0.641980,-1.055120,1.019857,0.596228,-1.090470,1.019857,0.695127,-1.209512,1.019857,-0.134858,-0.134858,-0.134858,0.635286,-1.060331,1.019857,0.618429,-1.021661,1.019857,0.594192,-1.134114,1.019857,-0.134858,-0.134858,-0.134858,0.617542,-1.064901,1.019857,0.649959,-1.059439,1.019857,0.771358,-1.080793,1.019857,-0.134858,-0.134858,-0.134858,-0.134858,-0.134858,-0.134858,-0.134858,-0.134858,-0.134858,-0.134858,-0.134858,-0.134858,-0.134858,-0.134858,-0.134858,0.822440,-1.445012,1.019857,-0.134858,-0.134858,-0.134858,0.689401,-1.338109,1.019857,0.682489,-1.345013,1.019857,-0.134858,-0.134858,-0.134858,0.681758,-1.246629,1.019857,-0.134858,-0.134858,-0.134858,0.604438,-1.037125,1.019857,-0.134858,-0.134858,-0.134858,-0.134858,-0.134858,-0.134858,-0.134858,-0.134858,-0.134858,-0.134858,-0.134858,-0.134858,-0.134858,-0.134858,-0.134858,0.731290,-0.989882,1.019857,0.676228,-0.899903,1.019857,0.599456,-1.020485,1.019857,0.599456,-1.020485,1.019857,0.595748,-1.036447,1.019857,0.611522,-1.046425,1.019857,0.604438,-1.037125,1.019857,-0.134858,-0.134858,-0.134858,-0.134858,-0.134858,-0.134858,-0.134858,-0.134858,-0.134858,-0.134858,-0.134858,-0.134858,-0.134858,-0.134858,-0.134858,-0.134858,-0.134858,-0.134858,-0.134858,-0.134858,-0.134858,0.794708,-1.436143,1.019857,0.688082,-1.267757,1.019857
0.096861,-2.525803,1.063258,1.105358,-1.683286,-2.673848,1.061932,-2.304442,0.923643,-0.579356,-2.329464,2.641747,0.797730,-1.636254,1.121488,0.030689,1.920764,-3.091800,-1.658568,-0.493167,-0.572830,0.098496,0.458367,-0.359652,-0.631123,-0.262408,2.826873,-0.314651,-0.742988,3.034991,-0.134858,-0.134858,-0.134858,-0.134858,-0.134858,-0.134858,-0.134858,-0.134858,-0.134858,-0.134858,-0.134858,-0.134858,-0.134858,-0.134858,-0.134858,0.251063,-2.264601,1.070246,0.178881,-2.564875,0.819022,1.258513,-3.171637,1.097964,-0.140719,-2.981396,-0.243483,-0.134858,-0.134858,-0.134858,-0.134858,-0.134858,-0.134858,-0.134858,-0.134858,-0.134858,-0.134858,-0.134858,-0.134858,-0.134858,-0.134858,-0.134858,-0.134858,-0.134858,-0.134858,-0.229786,-0.229786,-0.229786,-0.229786,-0.229786,-0.229786,-0.229786,-0.229786,-0.229786,-0.229786,-0.229786,-0.229786,-0.229786,-0.229786,-0.229786,-0.229786,-0.229786,-0.229786,-0.229786,-0.229786,-0.229786,-0.229786,-0.229786,-0.229786,-0.229786,-0.229786,-0.229786,-0.229786,-0.229786,-0.229786,-0.229786,-0.229786,-0.229786,-0.229786,-0.229786,-0.229786,-0.229786,-0.229786,-0.229786,-0.229786,-0.229786,-0.229786,-0.229786,-0.229786,-0.229786,-0.229786,-0.229786,-0.229786,-0.229786,-0.229786,-0.229786,-0.229786,-0.229786,-0.229786,-0.229786,-0.229786,-0.229786,-0.229786,-0.229786,-0.229786,-0.229786,-0.229786,-0.229786,0.646275,-1.577829,-0.039949,1.058119,-1.137464,-0.039949,1.275570,-0.602618,-0.039949,1.332972,-0.187619,-0.039949,1.380323,-0.136476,-0.039949,1.233562,-0.538972,-0.039949,1.053162,0.553355,-0.039949,0.892884,0.999443,-0.039949,0.766356,1.226074,-0.039949,0.817667,-0.656554,-0.039949,0.744649,0.643271,-0.039949,0.710403,1.117149,-0.039949,0.650475,1.318972,-0.039949,0.408700,-0.805488,-0.039949,0.374414,0.495250,-0.039949,0.356358,1.028451,-0.039949,0.328681,1.267600,-0.039949,0.096282,-0.968675,-0.039949,0.180500,0.101645,-0.039949,0.331353,0.700232,-0.039949,0.471876,1.091334,-0.039949,0.943509,-1.258589,1.019857,0.951044,-1.269828,1.019857,0.960632,-1.279942,1.019857,0.920331,-1.331973,1.019857,0.973927,-1.341083,1.019857,0.955941,-1.390617,1.019857,0.929307,-1.372300,1.019857,0.892673,-1.317159,1.019857,0.898872,-1.294542,1.019857,0.987445,-1.242953,1.019857,1.066949,-1.209303,1.019857,1.110044,-1.088761,1.019857,1.162061,-1.062259,1.019857,1.157505,-1.039186,1.019857,1.115021,-0.960644,1.019857,1.070798,-0.919373,1.019857,1.021002,-0.874694,1.019857,0.863910,-1.135393,1.019857,0.851013,-1.081077,1.019857,0.847922,-1.036039,1.019857,0.842085,-1.002318,1.019857,0.834027,-1.065879,1.019857,0.862042,-0.915075,1.019857,0.853980,-0.884907,1.019857,0.874192,-0.830962,1.019857,0.888598,-0.786702,1.019857,0.928449,-0.758233,1.019857,0.826820,-1.035349,1.019857,-0.134858,-0.134858,-0.134858,0.788019,-0.910925,1.019857,0.772207,-0.870276,1.019857,0.732444,-0.968598,1.019857,-0.134858,-0.134858,-0.134858,0.788467,-0.919640,1.019857,0.830507,-0.895600,1.019857,0.954428,-0.875010,1.019857,-0.134858,-0.134858,-0.134858,-0.134858,-0.134858,-0.134858,-0.134858,-0.134858,-0.134858,-0.134858,-0.134858,-0.134858,-0.134858,-0.134858,-0.134858,0.814432,-1.270867,1.019857,-0.134858,-0.134858,-0.134858,0.932543,-1.067976,1.019857,0.941019,-1.059320,1.019857,-0.134858,-0.134858,-0.134858,0.977514,-0.990868,1.019857,-0.134858,-0.134858,-0.134858,0.745928,-0.997101,1.019857,-0.134858,-0.134858,-0.134858,-0.134858,-0.134858,-0.134858,-0.134858,-0.134858,-0.134858,-0.134858,-0.134858,-0.134858,-0.134858,-0.134858,-0.134858,1.139918,-0.875032,1.019857,0.988482,-0.867307,1.019857,0.864886,-0.964090,1.019857,0.864886,-0.964090,1.019857,0.803920,-0.977574,1.019857,0.778744,-0.986820,1.019857,0.745928,-0.997101,1.019857,-0.134858,-0.134858,-0.134858,-0.134858,-0.134858,-0.134858,-0.134858,-0.134858,-0.134858,-0.134858,-0.134858,-0.134858,-0.134858,-0.134858,-0.134858,-0.134858,-0.134858,-0.134858,-0.134858,-0.134858,-0.134858,0.809559,-1.292130,1.019857,0.962204,-1.033661,1.019857
0.320374,-2.486005,1.048033,1.218259,-1.448396,-2.523491,1.011939,-2.287608,0.957853,-0.719858,-2.186018,2.716190,0.606931,-1.607959,1.138432,0.708828,2.508775,-2.931974,-1.290914,0.258861,-0.678265,0.066520,0.524018,-0.463983,-0.650798,-0.257904,2.805527,-0.407176,-0.730574,3.014540,-0.134858,-0.134858,-0.134858,-0.134858,-0.134858,-0.134858,-0.134858,-0.134858,-0.134858,-0.134858,-0.134858,-0.134858,-0.134858,-0.134858,-0.134858,0.270580,-2.264229,0.958526,0.342657,-2.562007,0.723881,1.259831,-3.065075,1.092151,0.072050,-2.993178,-0.326750,-0.134858,-0.134858,-0.134858,-0.134858,-0.134858,-0.134858,-0.134858,-0.134858,-0.134858,-0.134858,-0.134858,-0.134858,-0.134858,-0.134858,-0.134858,-0.134858,-0.134858,-0.134858,-0.229786,-0.229786,-0.229786,-0.229786,-0.229786,-0.229786,-0.229786,-0.229786,-0.229786,-0.229786,-0.229786,-0.229786,-0.229786,-0.229786,-0.229786,-0.229786,-0.229786,-0.229786,-0.229786,-0.229786,-0.229786,-0.229786,-0.229786,-0.229786,-0.229786,-0.229786,-0.229786,-0.229786,-0.229786,-0.229786,-0.229786,-0.229786,-0.229786,-0.229786,-0.229786,-0.229786,-0.229786,-0.229786,-0.229786,-0.229786,-0.229786,-0.229786,-0.229786,-0.229786,-0.229786,-0.229786,-0.229786,-0.229786,-0.229786,-0.229786,-0.229786,-0.229786,-0.229786,-0.229786,-0.229786,-0.229786,-0.229786,-0.229786,-0.229786,-0.229786,-0.229786,-0.229786,-0.229786,0.286972,-1.314225,-0.039949,0.739023,-0.863197,-0.039949,0.953888,-0.297099,-0.039949,1.006597,0.310738,-0.039949,1.094447,0.496121,-0.039949,1.035581,-0.712197,-0.039949,0.907633,0.292896,-0.039949,0.687610,0.732956,-0.039949,0.506774,0.978276,-0.039949,0.617564,-0.947715,-0.039949,0.589693,0.278015,-0.039949,0.504679,0.761028,-0.039949,0.412230,0.975122,-0.039949,0.250111,-1.138552,-0.039949,0.288402,0.137669,-0.039949,0.284337,0.818975,-0.039949,0.266702,1.166909,-0.039949,-0.022698,-1.260174,-0.039949,0.104034,-0.188885,-0.039949,0.253032,0.450444,-0.039949,0.393790,0.832288,-0.039949,1.239199,-1.278650,1.019857,1.256451,-1.291453,1.019857,1.271314,-1.295515,1.019857,1.187839,-1.300875,1.019857,1.266645,-1.325013,1.019857,1.196078,-1.311358,1.019857,1.102237,-1.221760,1.019857,1.014798,-1.102119,1.019857,1.012819,-1.059581,1.019857,1.104328,-1.002945,1.019857,1.200209,-0.991553,1.019857,1.224679,-0.870892,1.019857,1.305361,-0.871168,1.019857,1.330700,-0.865984,1.019857,1.329483,-0.825523,1.019857,1.276819,-0.791478,1.019857,1.185024,-0.737003,1.019857,1.091969,-1.117035,1.019857,1.064121,-1.041671,1.019857,1.048440,-0.991262,1.019857,1.034372,-0.955516,1.019857,1.036996,-1.005871,1.019857,1.003465,-0.826542,1.019857,0.995986,-0.797562,1.019857,1.006533,-0.721030,1.019857,1.014678,-0.658793,1.019857,1.066637,-0.619352,1.019857,0.985184,-0.950851,1.019857,-0.134858,-0.134858,-0.134858,0.923708,-0.834056,1.019857,0.902566,-0.798130,1.019857,0.918633,-0.909188,1.019857,-0.134858,-0.134858,-0.134858,0.923710,-0.816307,1.019857,0.948262,-0.783364,1.019857,1.056079,-0.785480,1.019857,-0.134858,-0.134858,-0.134858,-0.134858,-0.134858,-0.134858,-0.134858,-0.134858,-0.134858,-0.134858,-0.134858,-0.134858,-0.134858,-0.134858,-0.134858,1.054163,-1.251259,1.019857,-0.134858,-0.134858,-0.134858,1.061099,-0.978283,1.019857,1.065890,-0.936257,1.019857,-0.134858,-0.134858,-0.134858,1.090622,-0.890662,1.019857,-0.134858,-0.134858,-0.134858,0.837795,-0.827003,1.019857,-0.134858,-0.134858,-0.134858,-0.134858,-0.134858,-0.134858,-0.134858,-0.134858,-0.134858,-0.134858,-0.134858,-0.134858,-0.134858,-0.134858,-0.134858,1.207287,-0.657985,1.019857,1.082476,-0.603048,1.019857,0.963286,-0.699104,1.019857,0.963286,-0.699104,1.019857,0.878212,-0.750839,1.019857,0.861284,-0.789580,1.019857,0.837795,-0.827003,1.019857,-0.134858,-0.134858,-0.134858,-0.134858,-0.134858,-0.134858,-0.134858,-0.134858,-0.134858,-0.134858,-0.134858,-0.134858,-0.134858,-0.134858,-0.134858,-0.134858,-0.134858,-0.134858,-0.134858,-0.134858,-0.134858,1.044808,-1.285220,1.019857,1.073557,-0.951113,1.019857
0.320374,-2.486005,1.048033,1.218259,-1.448396,-2.523491,1.011939,-2.287608,0.957853,-0.719858,-2.186018,2.716190,0.606931,-1.607959,1.138432,0.708828,2.508775,-2.931974,-1.290914,0.258861,-0.678265,0.066520,0.524018,-0.463983,-0.650798,-0.257904,2.805527,-0.407176,-0.730574,3.014540,-0.134858,-0.134858,-0.134858,-0.134858,-0.134858,-0.134858,-0.134858,-0.134858,-0.134858,-0.134858,-0.134858,-0.134858,-0.134858,-0.134858,-0.134858,0.270580,-2.264229,0.958526,0.342657,-2.562007,0.723881,1.259831,-3.065075,1.092151,0.072050,-2.993178,-0.326750,-0.134858,-0.134858,-0.134858,-0.134858,-0.134858,-0.134858,-0.134858,-0.134858,-0.134858,-0.134858,-0.134858,-0.134858,-0.134858,-0.134858,-0.134858,-0.134858,-0.134858,-0.134858,-0.229786,-0.229786,-0.229786,-0.229786,-0.229786,-0.229786,-0.229786,-0.229786,-0.229786,-0.229786,-0.229786,-0.229786,-0.229786,-0.229786,-0.229786,-0.229786,-0.229786,-0.229786,-0.229786,-0.229786,-0.229786,-0.229786,-0.229786,-0.229786,-0.229786,-0.229786,-0.229786,-0.229786,-0.229786,-0.229786,-0.229786,-0.229786,-0.229786,-0.229786,-0.229786,-0.229786,-0.229786,-0.229786,-0.229786,-0.229786,-0.229786,-0.229786,-0.229786,-0.229786,-0.229786,-0.229786,-0.229786,-0.229786,-0.229786,-0.229786,-0.229786,-0.229786,-0.229786,-0.229786,-0.229786,-0.229786,-0.229786,-0.229786,-0.229786,-0.229786,-0.229786,-0.229786,-0.229786,0.286972,-1.314225,-0.039949,0.739023,-0.863197,-0.039949,0.953888,-0.297099,-0.039949,1.006597,0.310738,-0.039949,1.094447,0.496121,-0.039949,1.035581,-0.712197,-0.039949,0.907633,0.292896,-0.039949,0.687610,0.732956,-0.039949,0.506774,0.978276,-0.039949,0.617564,-0.947715,-0.039949,0.589693,0.278015,-0.039949,0.504679,0.761028,-0.039949,0.412230,0.975122,-0.039949,0.250111,-1.138552,-0.039949,0.288402,0.137669,-0.039949,0.284337,0.818975,-0.039949,0.266702,1.166909,-0.039949,-0.022698,-1.260174,-0.039949,0.104034,-0.188885,-0.039949,0.253032,0.450444,-0.039949,0.393790,0.832288,-0.039949,1.239199,-1.278650,1.019857,1.256451,-1.291453,1.019857,1.271314,-1.295515,1.019857,1.187839,-1.300875,1.019857,1.266645,-1.325013,1.019857,1.196078,-1.311358,1.019857,1.102237,-1.221760,1.019857,1.014798,-1.102119,1.019857,1.012819,-1.059581,1.019857,1.104328,-1.002945,1.019857,1.200209,-0.991553,1.019857,1.224679,-0.870892,1.019857,1.305361,-0.871168,1.019857,1.330700,-0.865984,1.019857,1.329483,-0.825523,1.019857,1.276819,-0.791478,1.019857,1.185024,-0.737003,1.019857,1.091969,-1.117035,1.019857,1.064121,-1.041671,1.019857,1.048440,-0.991262,1.019857,1.034372,-0.955516,1.019857,1.036996,-1.005871,1.019857,1.003465,-0.826542,1.019857,0.995986,-0.797562,1.019857,1.006533,-0.721030,1.019857,1.014678,-0.658793,1.019857,1.066637,-0.619352,1.019857,0.985184,-0.950851,1.019857,-0.134858,-0.134858,-0.134858,0.923708,-0.834056,1.019857,0.902566,-0.798130,1.019857,0.918633,-0.909188,1.019857,-0.134858,-0.134858,-0.134858,0.923710,-0.816307,1.019857,0.948262,-0.783364,1.019857,1.056079,-0.785480,1.019857,-0.134858,-0.134858,-0.134858,-0.134858,-0.134858,-0.134858,-0.134858,-0.134858,-0.134858,-0.134858,-0.134858,-0.134858,-0.134858,-0.134858,-0.134858,1.054163,-1.251259,1.019857,-0.134858,-0.134858,-0.134858,1.061099,-0.978283,1.019857,1.065890,-0.936257,1.019857,-0.134858,-0.134858,-0.134858,1.090622,-0.890662,1.019857,-0.134858,-0.134858,-0.134858,0.837795,-0.827003,1.019857,-0.134858,-0.134858,-0.134858,-0.134858,-0.134858,-0.134858,-0.134858,-0.134858,-0.134858,-0.134858,-0.134858,-0.134858,-0.134858,-0.134858,-0.134858,1.207287,-0.657985,1.019857,1.082476,-0.603048,1.019857,0.963286,-0.699104,1.019857,0.963286,-0.699104,1.019857,0.878212,-0.750839,1.019857,0.861284,-0.789580,1.019857,0.837795,-0.827003,1.019857,-0.134858,-0.134858,-0.134858,-0.134858,-0.134858,-0.134858,-0.134858,-0.134858,-0.134858,-0.134858,-0.134858,-0.134858,-0.134858,-0.134858,-0.134858,-0.134858,-0.134858,-0.134858,-0.134858,-0.134858,-0.134858,1.044808,-1.285220,1.019857,1.073557,-0.951113,1.019857
0.638362,-2.575449,0.998875,0.967551,-2.151753,-2.257090,0.992760,-2.294137,0.996088,-0.976709,-1.800908,2.821200,0.398685,-1.393398,1.155900,-0.253918,0.621560,-2.648796,-1.121821,-0.618435,-0.594249,0.120946,0.387000,-0.462968,-0.606616,-0.937411,3.046004,-0.387893,-1.214035,3.174627,-0.134858,-0.134858,-0.134858,-0.134858,-0.134858,-0.134858,-0.134858,-0.134858,-0.134858,-0.134858,-0.134858,-0.134858,-0.134858,-0.134858,-0.134858,0.344673,-2.518284,0.766244,0.540332,-2.652368,0.576610,1.300094,-3.064095,1.020068,0.071569,-3.002377,-0.437713,-0.134858,-0.134858,-0.134858,-0.134858,-0.134858,-0.134858,-0.134858,-0.134858,-0.134858,-0.134858,-0.134858,-0.134858,-0.134858,-0.134858,-0.134858,-0.134858,-0.134858,-0.134858,-0.229786,-0.229786,-0.229786,-0.229786,-0.229786,-0.229786,-0.229786,-0.229786,-0.229786,-0.229786,-0.229786,-0.229786,-0.229786,-0.229786,-0.229786,-0.229786,-0.229786,-0.229786,-0.229786,-0.229786,-0.229786,-0.229786,-0.229786,-0.229786,-0.229786,-0.229786,-0.229786,-0.229786,-0.229786,-0.229786,-0.229786,-0.229786,-0.229786,-0.229786,-0.229786,-0.229786,-0.229786,-0.229786,-0.229786,-0.229786,-0.229786,-0.229786,-0.229786,-0.229786,-0.229786,-0.229786,-0.229786,-0.229786,-0.229786,-0.229786,-0.229786,-0.229786,-0.229786,-0.229786,-0.229786,-0.229786,-0.229786,-0.229786,-0.229786,-0.229786,-0.229786,-0.229786,-0.229786,0.166580,-0.866244,-0.039949,0.597505,-0.400123,-0.039949,0.719024,-0.023480,-0.039949,0.709917,0.405780,-0.039949,0.735615,0.695506,-0.039949,0.780050,-0.808804,-0.039949,0.742436,-0.143017,-0.039949,0.415157,0.190251,-0.039949,0.143844,0.239252,-0.039949,0.443254,-1.100206,-0.039949,0.453450,-0.174917,-0.039949,0.356950,0.220461,-0.039949,0.270315,0.313222,-0.039949,0.140826,-1.321716,-0.039949,0.206036,-0.368296,-0.039949,0.214977,0.173171,-0.039949,0.202701,0.389686,-0.039949,-0.087228,-1.432869,-0.039949,0.060474,-0.622297,-0.039949,0.158243,-0.223468,-0.039949,0.207097,-0.079740,-0.039949,1.341649,-1.139632,1.019857,1.357919,-1.167813,1.019857,1.377013,-1.186076,1.019857,1.366921,-1.179560,1.019857,1.406205,-1.240544,1.019857,1.411421,-1.214949,1.019857,1.369469,-1.130571,1.019857,1.292315,-1.020245,1.019857,1.266832,-0.983320,1.019857,1.242518,-0.974376,1.019857,1.183116,-0.994351,1.019857,1.257665,-0.846417,1.019857,1.216158,-0.826405,1.019857,1.195123,-0.796745,1.019857,1.075307,-0.714136,1.019857,1.051160,-0.648277,1.019857,1.097969,-0.549544,1.019857,1.278847,-0.985319,1.019857,1.272357,-0.919324,1.019857,1.270111,-0.864384,1.019857,1.261609,-0.811048,1.019857,1.252168,-0.823315,1.019857,1.248899,-0.640974,1.019857,1.232995,-0.612803,1.019857,1.224754,-0.544395,1.019857,1.200826,-0.494547,1.019857,1.159899,-0.457814,1.019857,1.260854,-0.749237,1.019857,-0.134858,-0.134858,-0.134858,1.258303,-0.688204,1.019857,1.249828,-0.671294,1.019857,1.228816,-0.771242,1.019857,-0.134858,-0.134858,-0.134858,1.259031,-0.697547,1.019857,1.276141,-0.674001,1.019857,1.320346,-0.657110,1.019857,-0.134858,-0.134858,-0.134858,-0.134858,-0.134858,-0.134858,-0.134858,-0.134858,-0.134858,-0.134858,-0.134858,-0.134858,-0.134858,-0.134858,-0.134858,1.256868,-1.034731,1.019857,-0.134858,-0.134858,-0.134858,1.248583,-0.712081,1.019857,1.232928,-0.670583,1.019857,-0.134858,-0.134858,-0.134858,1.253995,-0.660470,1.019857,-0.134858,-0.134858,-0.134858,1.204837,-0.711999,1.019857,-0.134858,-0.134858,-0.134858,-0.134858,-0.134858,-0.134858,-0.134858,-0.134858,-0.134858,-0.134858,-0.134858,-0.134858,-0.134858,-0.134858,-0.134858,1.395602,-0.566271,1.019857,1.358137,-0.484277,1.019857,1.268521,-0.586098,1.019857,1.268521,-0.586098,1.019857,1.214097,-0.638610,1.019857,1.211617,-0.674689,1.019857,1.204837,-0.711999,1.019857,-0.134858,-0.134858,-0.134858,-0.134858,-0.134858,-0.134858,-0.134858,-0.134858,-0.134858,-0.134858,-0.134858,-0.134858,-0.134858,-0.134858,-0.134858,-0.134858,-0.134858,-0.134858,-0.134858,-0.134858,-0.134858,1.254840,-1.044764,1.019857,1.251082,-0.696316,1.019857
0.811578,-2.675419,0.577999,-0.104130,-2.457979,-2.036680,0.167548,-2.218501,0.954835,-1.328547,-1.260024,2.767842,0.053411,-0.952693,1.157473,-1.268723,-0.426230,-2.414505,-1.113176,-0.755258,-0.451187,0.160810,0.369304,-0.383645,-0.957043,-1.648938,3.036983,-0.761098,-1.844960,3.048672,-0.134858,-0.134858,-0.134858,-0.134858,-0.134858,-0.134858,-0.134858,-0.134858,-0.134858,-0.134858,-0.134858,-0.134858,-0.134858,-0.134858,-0.134858,0.542523,-3.009395,0.024710,0.669794,-2.739655,-0.102786,1.300352,-3.148467,0.563010,0.072944,-2.828456,-0.942082,-0.134858,-0.134858,-0.134858,-0.134858,-0.134858,-0.134858,-0.134858,-0.134858,-0.134858,-0.134858,-0.134858,-0.134858,-0.134858,-0.134858,-0.134858,-0.134858,-0.134858,-0.134858,-0.229786,-0.229786,-0.229786,-0.229786,-0.229786,-0.229786,-0.229786,-0.229786,-0.229786,-0.229786,-0.229786,-0.229786,-0.229786,-0.229786,-0.229786,-0.229786,-0.229786,-0.229786,-0.229786,-0.229786,-0.229786,-0.229786,-0.229786,-0.229786,-0.229786,-0.229786,-0.229786,-0.229786,-0.229786,-0.229786,-0.229786,-0.229786,-0.229786,-0.229786,-0.229786,-0.229786,-0.229786,-0.229786,-0.229786,-0.229786,-0.229786,-0.229786,-0.229786,-0.229786,-0.229786,-0.229786,-0.229786,-0.229786,-0.229786,-0.229786,-0.229786,-0.229786,-0.229786,-0.229786,-0.229786,-0.229786,-0.229786,-0.229786,-0.229786,-0.229786,-0.229786,-0.229786,-0.229786,0.251330,-0.605902,-0.039949,0.383735,-0.186466,-0.039949,0.396030,0.095257,-0.039949,0.315284,0.394630,-0.039949,0.273438,0.721715,-0.039949,0.539903,-0.658375,-0.039949,0.517341,-0.399444,-0.039949,0.166634,-0.014846,-0.039949,-0.140810,0.043395,-0.039949,0.289923,-1.061159,-0.039949,0.373327,-0.592702,-0.039949,0.189633,-0.114067,-0.039949,0.021974,-0.061519,-0.039949,0.039888,-1.422451,-0.039949,0.192915,-0.956523,-0.039949,0.106248,-0.404795,-0.039949,-0.018958,-0.303452,-0.039949,-0.181938,-1.697591,-0.039949,0.051232,-1.225981,-0.039949,0.106203,-0.703378,-0.039949,0.062224,-0.541877,-0.039949,1.617898,-0.909700,1.019857,1.586890,-0.920391,1.019857,1.545141,-0.920262,1.019857,1.379966,-0.946984,1.019857,1.415902,-0.925440,1.019857,1.289266,-0.927613,1.019857,1.160235,-0.889578,1.019857,0.999459,-0.826165,1.019857,0.927402,-0.777112,1.019857,0.906334,-0.654175,1.019857,0.981016,-0.523582,1.019857,1.031069,-0.447926,1.019857,1.175260,-0.299729,1.019857,1.236345,-0.225050,1.019857,1.252085,-0.088226,1.019857,1.237972,-0.033991,1.019857,1.232083,-0.036088,1.019857,1.555573,-0.834007,1.019857,1.514221,-0.772039,1.019857,1.477414,-0.706000,1.019857,1.428349,-0.635496,1.019857,1.382700,-0.634763,1.019857,1.286359,-0.435881,1.019857,1.286073,-0.402815,1.019857,1.259831,-0.343277,1.019857,1.245077,-0.293502,1.019857,1.234774,-0.146027,1.019857,1.283739,-0.597436,1.019857,-0.134858,-0.134858,-0.134858,1.165957,-0.574269,1.019857,1.124162,-0.563014,1.019857,1.180726,-0.652578,1.019857,-0.134858,-0.134858,-0.134858,1.127712,-0.584746,1.019857,1.110157,-0.540320,1.019857,1.150050,-0.441689,1.019857,-0.134858,-0.134858,-0.134858,-0.134858,-0.134858,-0.134858,-0.134858,-0.134858,-0.134858,-0.134858,-0.134858,-0.134858,-0.134858,-0.134858,-0.134858,1.440617,-0.911638,1.019857,-0.134858,-0.134858,-0.134858,1.281301,-0.470169,1.019857,1.263282,-0.445547,1.019857,-0.134858,-0.134858,-0.134858,1.251236,-0.351312,1.019857,-0.134858,-0.134858,-0.134858,1.058443,-0.662134,1.019857,-0.134858,-0.134858,-0.134858,-0.134858,-0.134858,-0.134858,-0.134858,-0.134858,-0.134858,-0.134858,-0.134858,-0.134858,-0.134858,-0.134858,-0.134858,1.089222,-0.367360,1.019857,1.014145,-0.420815,1.019857,0.974070,-0.541238,1.019857,0.974070,-0.541238,1.019857,1.007320,-0.598773,1.019857,1.034795,-0.628099,1.019857,1.058443,-0.662134,1.019857,-0.134858,-0.134858,-0.134858,-0.134858,-0.134858,-0.134858,-0.134858,-0.134858,-0.134858,-0.134858,-0.134858,-0.134858,-0.134858,-0.134858,-0.134858,-0.134858,-0.134858,-0.134858,-0.134858,-0.134858,-0.134858,1.422085,-0.909377,1.019857,1.261327,-0.400325,1.019857
