# Normalized Keypoints for sign: 언남길
0.272310,-0.394634,-0.201493,-1.281127,0.185615,1.200263,-1.360069,0.575189,-0.314442,0.568186,0.724301,1.307132,1.349264,0.876810,-0.366957,-1.382648,-0.238438,0.954456,-1.048388,-1.013891,1.674277,-1.774825,-1.478484,2.923098,-1.544777,-2.691814,-0.273914,-0.995589,-2.752232,0.256340,0.727464,0.750681,1.362135,-0.000001,-0.000001,-0.000001,-1.542838,-2.562770,0.810405,0.886047,0.938463,1.454320,-0.000001,-0.000001,-0.000001,-0.370658,-0.451719,0.602587,-0.842354,-0.074308,-0.252305,-1.256273,-1.023809,-1.346360,-0.894272,0.878457,1.387224,-0.000001,-0.000001,-0.000001,-0.000001,-0.000001,-0.000001,-0.000001,-0.000001,-0.000001,-0.000001,-0.000001,-0.000001,-0.000001,-0.000001,-0.000001,-0.000001,-0.000001,-0.000001,-2.271073,-0.401592,-1.317280,-2.710164,-2.003985,-1.584682,-2.681327,-2.230309,0.058846,-2.220553,-3.149788,-0.384076,-2.234628,-1.507908,0.263749,-2.871667,-2.048678,1.488991,-2.644886,-1.281258,0.861204,-2.405106,-1.663593,0.549530,-2.524889,-1.797375,-0.844676,-2.804702,-2.098293,-0.748611,-2.362132,-2.344681,-1.044593,-2.505511,-2.835269,-1.480114,-2.161420,-2.829719,-0.915276,-2.460657,-1.678628,1.177065,-2.130481,-1.493314,-0.800632,-1.991065,-1.695467,0.170149,-2.112169,-1.760077,0.140123,-2.060720,-0.520718,-0.189733,-1.926624,-0.869044,-0.859224,-1.856005,-1.087744,-0.047707,-1.791534,-1.449747,1.011454,1.108680,0.898273,0.535296,1.372785,0.965156,1.241703,1.471883,0.820906,1.322734,1.667778,0.843247,1.454944,1.708359,0.523988,0.550800,1.076263,0.125810,0.947546,0.911768,-0.210441,1.692461,1.001269,0.114301,0.947852,0.763238,0.366894,0.051318,0.845940,-0.330756,0.994323,0.117467,-1.294998,0.333818,0.015013,-2.030809,-0.697977,0.089175,-2.632287,-0.942711,0.654989,-0.512489,0.121650,-0.413015,-1.519110,0.253413,-0.213992,-2.298513,1.010755,0.303072,-2.639063,1.442804,0.410885,-0.644316,-0.242926,-0.438231,-1.302945,0.719950,-0.651298,-1.971026,0.709522,-0.698929,-2.419001,1.482343,-1.035839,-1.490738,-0.076406,-1.012078,-1.348861,0.324153,-1.301835,-1.848200,-1.576876,-1.234636,-2.277409,-0.720424,-1.340825,-2.443709,1.500501,-1.390079,-1.853071,-1.965814,-1.333611,-2.285932,-1.755009,-2.118618,-1.552587,-0.144486,-2.173260,-0.949326,-1.318816,-2.089844,-1.315339,-0.795087,-1.274860,-0.942080,0.443178,-1.184868,-0.566177,0.612057,-1.474848,-0.075786,-0.587405,-1.348268,0.300183,0.801975,-1.934938,-0.151030,-0.573199,-1.393052,-0.641473,1.574981,-1.391752,-0.114779,-1.343444,-0.553774,-1.242277,0.384321,-1.050653,-1.564020,-1.013335,-1.045470,-1.072681,1.411713,-1.222586,-0.748769,0.752573,-1.080778,-0.885049,-0.298154,-0.692050,-0.381838,-0.395179,-0.894649,-0.379910,-0.597860,-1.014826,-0.668683,-0.145164,-1.199509,-0.067933,1.027347,-1.119090,0.002314,-1.675403,-0.857044,-0.517141,-0.212489,-0.895211,-0.504677,-0.430173,-0.946243,-0.668150,0.259037,-0.988490,-0.674167,0.394439,-1.125374,-0.398325,-1.556191,-1.088553,-0.268498,-1.217964,-1.135992,-0.739366,-0.317411,-1.069374,-0.103183,-0.246773,-1.012765,-0.295313,-1.398671,-0.709209,-1.383448,-0.768595,-0.983221,-0.938549,-0.772763,-0.572962,-0.825368,-1.596254,-0.773169,-0.520583,-0.660776,-1.056419,-1.015848,-0.070913,-0.986129,-1.107837,0.999722,-1.028822,-0.203528,-0.943156,-1.013161,0.136117,0.836145,-1.240683,0.305865,0.867593,-1.109047,0.072947,-1.656317,-1.243485,-0.083724,0.311395,-1.166727,-0.759198,0.433047,-1.643476,-0.577485,0.136229,-1.824821,-0.732131,-1.859437,-1.187754,-0.425246,-0.920023,-1.231039,-0.583219,1.261716,-1.209323,-0.175267,0.342434,-1.275545,-0.466250,0.718518,-1.388495,0.097436,1.419331,-1.445262,-0.209472,1.210432,-1.274061,-0.782005,0.137022,-1.227405,-1.104169,-0.455768,-1.418331,-1.019417,-1.002265,-2.182549,-0.839115,-0.925290,-1.399383,-0.635385,-1.012372,-1.235371,-1.087860,0.440516,-1.211817,-0.791896,-0.580728,-1.139809,-0.966676,0.212461,-1.715432,0.095674,-0.943002,-1.145385,-0.676913,-0.187414,-1.195114,-0.641079,-1.500588,-1.182505,-0.978995,-0.468313,-0.704791,-0.754801,1.056040,-1.126436,-0.557801,-0.924569
0.298900,-0.382984,0.153402,-0.683219,0.151101,1.117047,-1.343129,0.554592,0.211991,0.571520,0.726357,1.018731,1.506573,0.874832,-0.314569,-1.381130,-0.247717,0.904818,-1.050770,-1.022540,1.965378,-1.771842,-1.495984,3.364595,-1.535555,-2.695546,0.323275,-0.982897,-2.104628,0.914573,0.753235,0.750681,1.048126,-0.000001,-0.000001,-0.000001,-1.543904,-2.569576,0.832843,0.902562,0.938474,1.348493,-0.000001,-0.000001,-0.000001,-0.348295,-0.441337,0.574536,-0.817574,-0.077266,0.239243,-1.253801,-1.022995,-1.255457,-0.860789,0.993779,1.488560,-0.000001,-0.000001,-0.000001,-0.000001,-0.000001,-0.000001,-0.000001,-0.000001,-0.000001,-0.000001,-0.000001,-0.000001,-0.000001,-0.000001,-0.000001,-0.000001,-0.000001,-0.000001,-2.067634,-2.084553,-2.010995,-2.099982,-2.498662,-1.988698,-2.670934,-1.819270,-1.202355,-2.211326,-1.389625,0.086424,-2.118684,-1.041823,0.221899,-2.653955,-2.096775,1.003830,-2.402082,-1.366660,1.743923,-2.394675,-1.087220,1.374084,-2.515442,-1.419437,-0.391344,-2.605293,-2.143111,-0.917591,-2.354449,-1.672500,-1.469738,-2.348737,-2.399982,-1.778404,-2.154057,-2.374101,-1.408292,-2.301293,-1.717900,0.608881,-1.987444,-1.272724,-1.017629,-1.862350,-1.405443,0.289552,-2.105914,-1.800579,0.255379,-2.055632,-0.544908,-0.626136,-1.828551,-0.492703,-0.617069,-1.765153,-0.682301,-0.016374,-1.787279,-1.203488,0.847594,1.321531,1.070817,0.373903,1.546336,1.149531,0.915299,1.537555,1.018888,1.189365,1.763989,1.044310,0.859596,1.765642,0.712323,0.049450,1.295390,0.369414,0.546560,1.238286,-0.007744,0.687434,1.239785,0.343911,0.798797,1.008436,0.603393,0.223737,1.108123,0.011948,0.372014,0.385159,-1.078660,-0.262538,0.515028,-1.823776,-0.104455,1.006045,-2.048649,0.712060,0.895668,-0.232241,0.321191,-0.229594,-1.310873,0.934607,-0.006908,-2.134307,1.104572,0.539238,-2.504229,1.316921,0.725282,-0.412896,0.370950,-0.252357,-1.124023,0.780157,-0.529463,-1.783655,0.760450,-0.544552,-2.237072,1.303624,-0.866529,-1.490335,-0.234383,-0.808245,-1.349669,0.434379,-1.321970,-1.413933,-1.082586,-1.072772,-1.765068,-0.428338,-1.174317,-2.055170,0.674954,-1.205959,-1.299101,-1.465228,-1.168313,-1.652141,-0.909215,-1.471727,-1.558136,-1.314241,-1.742835,-0.959082,-1.122330,-1.883728,-0.873864,-1.098364,-1.103266,-0.950310,0.380981,-1.208596,-0.573007,0.526512,-1.302683,-0.079123,-0.206174,-1.156601,0.297360,1.030085,-1.713950,-0.153028,-0.553964,-1.206425,0.061979,1.227315,-1.166083,-0.114779,-2.152254,-0.346727,-1.240899,0.303910,-0.795777,-1.562444,-1.170660,-0.781062,-1.070555,1.103527,-0.669146,-0.747038,0.588016,-0.813205,-0.399762,-0.484131,-0.033751,-0.379569,-0.293087,-0.596167,-0.377826,-1.025748,-0.729368,-0.088202,-0.768458,-0.933853,-0.065268,1.246862,-0.893258,0.004354,-1.913371,-0.590206,-0.516197,-0.090314,-0.631801,-0.504267,-0.533713,-0.672137,-0.668150,0.010706,-0.710654,-0.674645,0.119411,-0.855383,-0.399980,-1.233016,-0.817588,-0.270260,-1.085145,-0.865142,-0.741321,-0.486146,-0.802458,-0.104791,-0.063983,-0.741883,-0.296511,-1.168051,-0.480906,-1.382710,-0.736010,-0.723469,-0.937616,-0.681453,-0.347459,-0.824476,-1.422379,-0.530749,-0.520084,-0.334012,-0.593295,-1.015263,-0.174905,-0.726160,-1.107294,0.973562,-0.771591,-0.203042,-0.724890,-0.730136,0.137126,0.953279,-1.002759,0.306817,1.084835,-0.892373,0.506904,-1.538571,-1.018646,-0.082997,0.397944,-0.881087,-0.083943,0.449605,-1.453919,-0.581352,0.445506,-1.591978,-0.359371,-1.880150,-0.934997,-0.028987,-0.029682,-0.980089,-0.586363,1.412094,-0.950082,0.246028,0.893641,-1.051916,-0.037600,0.773161,-1.183097,0.094342,1.806764,-1.229960,0.220447,1.573300,-1.027758,-0.786376,-0.381099,-0.985270,-0.702114,-0.793415,-1.181816,-0.592131,-0.887108,-1.710796,-0.263371,-0.531801,-1.186985,-0.638636,-0.993390,-0.996371,-0.684830,0.111387,-0.962510,-0.794616,-0.858832,-0.883957,-0.493941,0.082825,-1.496740,0.092486,-0.630724,-0.889138,-0.679702,-0.392187,-0.943026,-0.643653,-1.543957,-0.940838,-0.592970,-0.728016,-0.476023,-0.753804,0.894977,-0.644231,-0.556445,-1.225934
0.299793,-0.381823,0.150966,-0.683097,0.152883,1.094243,-1.342401,0.556319,0.206494,0.571596,0.726701,0.983758,1.506182,0.875080,-0.324600,-1.381235,-0.247717,0.921947,-1.050328,-1.020810,1.990633,-1.772035,-1.495984,3.359256,-1.529737,-2.696790,0.359433,-0.977158,-2.104628,0.856030,0.753309,0.750681,1.010303,-0.000001,-0.000001,-0.000001,-1.541982,-2.570940,0.814057,0.902504,0.938474,1.340518,-0.000001,-0.000001,-0.000001,-0.345561,-0.441934,0.568044,-0.817138,-0.075742,0.247990,-1.253178,-1.023809,-1.278255,-0.859966,1.042917,1.509139,-0.000001,-0.000001,-0.000001,-0.000001,-0.000001,-0.000001,-0.000001,-0.000001,-0.000001,-0.000001,-0.000001,-0.000001,-0.000001,-0.000001,-0.000001,-0.000001,-0.000001,-0.000001,-2.068327,-2.080966,-2.107371,-2.100865,-2.498662,-2.008332,-2.671610,-1.815197,-1.236736,-2.211926,-1.384220,0.065080,-2.119069,-1.037111,0.223248,-2.654683,-2.096775,0.995756,-2.402904,-1.360550,1.708279,-2.395387,-1.087220,1.324782,-2.516057,-1.419437,-0.445501,-2.605962,-2.143111,-0.943087,-2.355189,-2.030788,-1.535236,-2.349260,-2.399982,-1.767681,-2.154692,-2.374101,-1.411661,-2.301837,-1.717900,0.578529,-1.987931,-1.272724,-1.056536,-1.862781,-1.405443,0.218113,-2.106472,-1.800579,0.240676,-2.056174,-0.544908,-0.674017,-1.828881,-0.692359,-0.684802,-1.765457,-0.897396,-0.049125,-1.787602,-1.203488,0.854313,1.321052,1.071046,0.381472,1.545884,1.149745,0.914886,1.537117,1.019093,1.170514,1.734793,1.067134,0.880175,1.740933,0.731559,-0.096122,1.294819,0.344986,0.588184,1.237767,-0.007507,0.687774,1.210764,0.344125,0.853797,0.981795,0.583686,0.322632,1.107533,0.012159,0.321219,0.384629,-1.078436,-0.235297,0.514453,-1.823534,-0.092628,1.005540,-2.048404,0.732810,0.895126,-0.232041,0.319280,-0.230072,-1.310658,0.923550,-0.007448,-2.134089,1.105576,0.538707,-2.504018,1.330969,0.724824,-0.412701,0.416453,-0.252776,-1.123814,0.793588,-0.529927,-1.783436,0.769121,-0.545031,-2.236859,1.300864,-0.865926,-1.489962,-0.205447,-0.807765,-1.348861,0.334100,-1.321552,-1.413482,-1.136021,-1.072398,-1.764535,-0.487776,-1.173917,-2.054326,0.701626,-1.205524,-1.298523,-1.534219,-1.167914,-1.651424,-0.945294,-1.471244,-1.557646,-1.304030,-1.742353,-0.957434,-1.114249,-1.883237,-0.873401,-1.123060,-1.102864,-0.948651,0.389192,-1.208385,-0.571517,0.532640,-1.302263,-0.078618,-0.197400,-1.156142,0.298314,0.965747,-1.713421,-0.152362,-0.593023,-1.206188,0.062707,1.274601,-1.165531,-0.113455,-2.057709,-0.346238,-1.239968,0.290803,-0.795186,-1.561640,-1.153456,-0.780449,-1.070144,1.150139,-0.668515,-0.746207,0.594340,-0.812570,-0.398720,-0.514818,-0.032999,-0.378412,-0.316391,-0.595470,-0.376762,-1.025839,-0.728686,-0.086956,-0.772386,-0.933542,-0.063908,1.217000,-0.892717,0.645215,-1.916080,-0.589572,-0.515214,-0.101493,-0.631174,-0.503888,-0.546739,-0.671485,-0.667323,-0.021351,-0.709993,-0.674167,0.077798,-0.854729,-0.399135,-1.243452,-0.816944,-0.269673,-1.096341,-0.864497,-0.740669,-0.507189,-0.801810,-0.104255,-0.076669,-0.741251,-0.295712,-1.178694,-0.480377,-1.382341,-0.782328,-0.722842,-0.936645,-0.685264,-0.346925,-0.823546,-1.460923,-0.530162,-0.519045,-0.340225,-0.592789,-1.014095,-0.164733,-0.725532,-1.106209,0.966023,-0.480494,-0.202031,-0.737207,-0.729474,0.137631,0.939371,-1.002480,0.307293,1.077106,-0.891855,0.507352,-1.553281,-1.018383,-0.082270,0.401682,-0.880419,-0.083246,0.429649,-1.453699,-0.580228,0.431878,-1.591437,-0.358563,-1.886074,-0.934396,-0.028129,-0.037336,-0.979492,-0.585693,1.409600,-0.949453,0.246502,0.883678,-1.051395,-0.036670,0.771079,-1.182597,0.094844,1.804444,-1.229457,0.220895,1.587128,-1.027160,-0.267909,-0.392121,-0.984694,-0.701660,-0.816726,-1.181254,-0.591649,-0.920104,-1.710258,-0.262771,-0.520186,-1.186471,-0.638177,-0.992708,-0.995803,-0.684376,0.098815,-0.961917,-0.794145,-0.865453,-0.883336,-0.493408,0.084269,-1.496229,0.093413,-0.622951,-0.888516,-0.679218,-0.396566,-0.942427,-0.643230,-1.547217,-0.940264,-0.592568,-0.741981,-0.475480,-0.752806,0.820785,-0.643680,-0.555090,-1.153077
0.312641,-0.368634,0.144770,-0.683348,0.147563,1.383337,-0.450363,0.534885,0.704061,0.575617,0.726014,0.710617,1.661988,1.137589,0.934622,-1.887141,-1.826942,0.914527,-1.050064,-1.027708,2.120627,-1.765206,-1.501241,3.170070,-2.772009,-0.097848,0.109340,-1.028788,-0.116474,0.802012,0.752791,0.750692,0.225904,-0.000001,-0.000001,-0.000001,-1.532982,-0.428136,0.960171,0.934923,0.938453,0.686307,-0.000001,-0.000001,-0.000001,-0.339474,-0.430319,0.415162,-0.812961,-0.081658,0.093991,-1.247309,-1.015320,-1.266624,-0.826483,0.419172,1.024568,-0.000001,-0.000001,-0.000001,-0.000001,-0.000001,-0.000001,-0.000001,-0.000001,-0.000001,-0.000001,-0.000001,-0.000001,-0.000001,-0.000001,-0.000001,-0.000001,-0.000001,-0.000001,-2.052331,-0.448747,-3.080067,-2.284537,-2.055849,-2.001388,-2.462988,-1.823344,-1.930785,-2.198385,-1.395029,0.167883,-2.000504,-1.046536,0.018642,-2.429811,-2.104182,0.095903,-2.384121,-1.372771,1.665820,-2.179084,-1.093048,0.964209,-2.151053,-1.423258,-0.502526,-2.399299,-2.150013,-2.075177,-2.341446,-2.033961,-2.421989,-2.337122,-2.408784,-2.524239,-2.143012,-1.338596,-1.259498,-2.289274,-1.723911,0.118880,-1.839446,-1.526380,-0.945159,-1.852790,-1.083520,0.174461,-1.969726,-1.149727,0.379741,-2.045992,-0.338370,-0.229050,-1.821156,-0.296584,-0.540991,-1.671457,-0.469111,-0.123831,-1.689324,-0.927680,0.993655,1.382060,1.298122,-0.010391,1.606805,1.407569,0.625651,1.715074,1.284431,1.186280,1.919930,1.358040,0.810800,1.923701,0.975504,0.295271,1.476162,0.633828,0.529492,1.502129,0.317830,0.805702,1.423528,0.639459,0.844899,1.151538,0.897740,0.202559,1.292930,0.189428,0.651593,0.585251,-0.797090,0.096171,0.838677,-1.601053,-0.623668,1.470910,-2.038244,-0.253434,1.064166,-0.020259,0.475096,-0.110492,-1.039156,1.230184,0.194720,-1.835786,1.517573,0.707314,-2.311210,2.085301,0.839315,-0.162566,0.363281,-0.123843,-0.836247,0.856419,-0.415715,-1.507899,0.724778,-0.398604,-1.994357,1.363642,-0.672796,-1.489186,-0.502189,-0.802461,-1.348053,0.726512,-1.123057,-1.412092,-1.538210,-1.068186,-1.762315,-0.438489,-1.169386,-2.052673,0.391342,-0.994570,-1.295585,-1.214285,-1.163400,-1.007481,-0.496584,-1.465563,-1.080772,-1.820218,-1.736568,-0.952622,-0.855469,-1.877095,-0.423339,-1.151735,-1.097513,-0.174679,0.509097,-0.998909,-0.567729,0.849586,-1.296897,0.373875,-0.242515,-1.149918,0.299687,1.800386,-1.204772,-0.149643,-0.575911,-0.988142,0.064953,1.377794,-0.901837,-0.112793,-1.631002,-0.340588,-1.239521,0.654652,-0.502814,-1.561640,-2.028194,-0.476483,-1.070144,-0.173394,-0.075687,-0.746207,-0.346957,0.097480,-0.398720,-0.789765,-0.023779,-0.378412,-0.048782,-0.249148,-0.376762,-1.125264,-0.397042,-0.086956,-0.917787,-0.624245,-0.063908,0.858957,-0.629144,0.006394,-1.651141,-0.581616,-0.058628,0.453521,-0.623321,-0.137241,0.131925,-0.663313,-0.266820,-0.399255,-0.701709,-0.210362,-0.337865,-0.847016,-0.006115,-0.076132,-0.809204,-0.267275,0.215660,-0.856423,-0.108107,0.525437,-0.793852,-0.102066,0.525181,-0.733152,0.091450,-0.216633,-0.218222,-1.381572,-0.690740,-0.424200,-0.485308,-0.605603,-0.087945,-0.391925,-0.723405,-0.523242,-0.518546,0.006721,-0.341776,-0.448031,-0.077670,-0.718433,-0.580402,1.374935,-0.472481,-0.201545,0.350588,-0.720661,0.138177,1.741704,-0.456837,0.307809,0.103180,-0.394583,0.508285,-1.077612,-0.756929,-0.080756,-0.805735,-0.548594,-0.081794,0.666171,-1.235519,-0.578024,-0.500211,-0.799548,0.018142,-1.410666,-0.927176,-0.026892,0.400697,-0.689319,0.014740,1.752196,-0.649678,0.248255,1.145304,-1.044698,0.396517,0.215715,-1.176448,0.096934,1.421842,-0.979940,0.223210,2.140485,-1.019816,-0.265189,0.438149,-0.977475,-0.699530,0.198009,-0.908091,-0.589385,0.085338,-0.955165,-0.259671,-0.706256,-0.941990,-0.192188,0.183451,-0.988976,-0.682662,-0.343419,-0.954484,-0.371175,-0.237679,-0.875707,-0.491398,0.315577,-0.995582,0.525232,-0.552289,-0.880876,-0.677396,-0.231887,-0.934911,-0.232053,-0.363298,-0.933361,-0.590526,-0.320275,-0.212143,-0.752327,1.648179,-0.380918,0.074556,-1.304908
0.317077,-0.374838,0.037588,-1.281127,0.169681,1.150975,-1.352783,0.557183,0.227814,0.576864,0.892403,0.769996,1.659101,1.269956,0.906728,-1.383456,-0.232239,0.231000,-1.049800,-1.024248,1.951362,-1.760490,-1.518741,2.734819,-2.780491,-2.054197,-0.228322,-1.003379,-2.750971,0.663515,0.752233,0.750681,1.454284,-0.000001,-0.000001,-0.000001,-1.547544,-2.560042,0.489533,0.918764,0.938463,1.550753,-0.000001,-0.000001,-0.000001,-0.342166,-0.426024,0.683880,-0.808323,-0.119842,0.062402,-1.244214,-1.035531,-1.707566,-0.811773,-0.370037,0.475962,-0.000001,-0.000001,-0.000001,-0.000001,-0.000001,-0.000001,-0.000001,-0.000001,-0.000001,-0.000001,-0.000001,-0.000001,-0.000001,-0.000001,-0.000001,-0.000001,-0.000001,-0.000001,-2.041153,-1.308380,-2.886436,-2.070661,-2.103719,-1.762408,-2.061942,-1.884399,-2.072829,-2.016567,-1.486840,0.560766,-1.881845,-1.131247,0.537159,-2.208792,-2.163388,0.166072,-2.368193,-1.482691,1.626851,-1.964366,-1.203703,0.838144,-1.962036,-1.499591,-0.333836,-2.388517,-2.205184,-1.856094,-2.163862,-2.091050,-1.762396,-2.177577,-2.487898,-2.354674,-2.132596,-1.946068,-1.410910,-2.128287,-1.769230,-0.034783,-1.831936,-1.563890,-0.958204,-1.722119,-1.791198,-0.067776,-1.834764,-1.204671,0.410403,-2.039715,-0.997073,-1.440146,-1.816012,-0.925574,-0.927893,-1.666240,-0.933574,-0.335006,-1.683624,-1.250263,0.760632,1.424082,1.409714,0.602648,1.711402,1.484662,0.725325,1.860155,1.418527,1.253957,2.134629,1.490626,1.191684,1.961801,1.083922,0.660023,1.469251,0.894169,0.578522,1.539412,0.609360,1.195256,1.463098,0.859681,0.901380,1.216278,1.010334,0.698290,1.316427,0.431347,0.344621,0.677071,-0.676437,1.005186,1.261997,-1.476577,1.066390,1.772738,-1.997237,0.697769,1.082407,0.209888,0.688743,-0.007677,-0.801916,1.195200,0.215852,-1.673647,1.829504,0.798651,-2.113495,1.619693,0.853152,0.043120,0.654653,-0.114376,-0.646481,1.073367,-0.378789,-1.266610,0.757143,-0.390414,-1.765425,1.458718,-0.458054,-1.500639,-0.274096,-0.999069,-1.357201,1.010225,-0.708165,-1.419491,-1.679848,-1.043119,-1.767244,-1.329878,-1.142982,-2.053921,-0.981846,-1.170399,-1.293225,-0.012388,-1.135129,-1.002020,-0.434211,-0.982213,-1.074774,-0.327081,-1.014548,-0.942075,-0.482208,-1.138807,-0.417177,-1.402527,-1.062577,-0.937169,1.471813,-1.164801,-0.564624,1.473207,-1.260113,-0.077183,-1.322156,-1.108448,0.295949,1.382236,-0.905427,-0.160518,0.010557,-1.159088,-0.657135,0.922510,-0.851592,-0.132438,0.117406,-0.307228,-1.258291,1.315838,-0.175085,-1.579040,-2.532771,0.161909,-1.088657,-0.862334,0.556530,-0.765357,0.188472,0.447565,-0.420258,0.078666,0.385383,-0.402346,1.179754,0.147526,-0.399778,-0.862938,-0.015512,-0.692552,-0.335424,-0.267148,-0.092028,0.219168,-0.580547,-0.020731,-0.242837,-0.531293,-0.531650,-0.392117,-0.573645,-0.148849,-0.024597,-0.611620,-0.678314,-0.451349,-0.649312,-0.221123,0.053596,-0.797454,-0.012769,0.165029,-0.758822,-0.276867,0.329158,-0.805343,-0.748651,0.066333,-0.742890,-0.110824,0.213969,-0.680387,0.084896,-0.076017,-0.435968,-1.394801,0.141821,-0.671323,-0.953358,-1.413770,-0.048310,-0.407908,0.406768,-0.480008,-0.535422,-0.480078,-0.058603,-0.467752,0.660116,-0.673970,-0.598720,0.973644,-0.421723,-0.217973,1.705377,-0.663700,0.120101,1.340980,-0.138870,0.290752,0.197853,-0.103602,0.492717,0.463113,-0.202271,-0.105291,-0.570328,-0.814037,-0.105321,0.463762,-0.988946,-0.058096,-1.210274,-0.757130,0.015781,-0.632483,-0.880179,-0.030258,-0.101457,-0.924684,0.009637,0.123428,-0.892227,0.244677,0.137210,-0.748675,0.393802,-1.090534,-0.903486,0.095387,-0.146466,-0.938033,0.222762,0.906116,-0.972790,-0.783075,0.518241,-0.931811,-0.699530,-0.082240,-0.864112,-0.589385,0.813399,-0.665243,-0.260271,-0.122343,-0.903853,-0.194062,-0.482306,-0.944538,-0.684830,-0.274833,-0.907468,-0.373387,-0.217814,-0.826858,-0.493941,-0.102095,-0.705483,0.093413,-0.413406,-0.831951,-0.679702,-0.770038,-0.887370,-0.643230,-0.306877,-0.888426,-0.592568,-0.538164,-0.429499,-0.769485,2.186352,-0.079134,-0.577755,-0.011916
0.329926,-0.385304,-0.192567,-0.675857,0.157744,0.820754,-0.454549,0.540878,0.528443,0.576737,0.892403,0.736035,1.659732,1.267978,0.651042,-1.371325,-0.226040,-0.004228,-1.049800,-1.008701,1.967573,-1.765494,-1.515236,2.742114,-1.530951,-1.392972,-0.210126,-0.990675,-0.789271,0.534084,0.752109,0.750681,1.354548,-0.000001,-0.000001,-0.000001,-1.538982,-1.142404,0.493439,0.918395,0.938463,1.714890,-0.000001,-0.000001,-0.000001,-0.335374,-0.446229,0.564402,-0.799508,-0.166810,0.180565,0.256594,-1.027856,-1.421475,-0.795019,-0.813277,0.404523,-0.000001,-0.000001,-0.000001,-0.000001,-0.000001,-0.000001,-0.000001,-0.000001,-0.000001,-0.000001,-0.000001,-0.000001,-0.000001,-0.000001,-0.000001,-0.000001,-0.000001,-0.000001,-2.052845,-2.534360,-1.806282,-1.881514,-2.550526,-0.114929,-1.685769,-1.884399,-1.258320,-2.024749,-1.492245,0.277146,-1.667603,-1.135960,0.852474,-1.805109,-2.167092,0.600330,-2.149481,-1.494913,1.678551,-1.774748,-1.215358,1.070830,-1.795487,-1.507234,0.097208,-1.827873,-2.598195,-1.305451,-2.006513,-2.455647,-1.899539,-1.887122,-2.993550,-2.062691,-1.996465,-2.479944,-1.400036,-1.832252,-2.113607,-0.682896,-1.840415,-1.817573,-0.838927,-1.729286,-2.124697,-0.015274,-1.715316,-1.537335,0.848801,-2.047512,-2.050226,-1.459320,-1.727899,-1.326655,-1.248524,-1.584591,-1.365669,-0.387070,-1.598024,-1.531002,0.798010,1.420141,1.411090,0.368136,1.627613,1.579953,0.577696,1.720928,1.416282,1.230024,1.965984,1.486893,0.876568,1.943999,1.157194,0.591031,1.469282,0.886930,0.253050,1.382905,0.520222,0.619444,1.411072,0.780725,0.282726,1.169314,1.005407,0.012840,1.314493,0.471069,-0.064020,0.513854,-0.514536,-0.782813,1.123468,-1.357805,0.541667,1.976715,-1.606121,1.336703,1.079367,0.225855,0.698599,0.018943,-0.764854,0.918435,0.314058,-1.540889,0.917142,1.061725,-1.940421,1.336897,0.821662,0.059496,0.630967,-0.118471,-0.562024,1.088101,-0.326541,-1.228799,0.845978,-0.277702,-1.754467,1.454483,-0.713229,-1.687893,-0.508162,-0.634040,-1.264236,-0.145778,-0.984548,-1.404694,-0.929013,-0.769915,-1.349343,-0.297252,-0.875573,-1.809271,-0.388264,-0.697015,-1.607440,-0.511151,-0.738550,-1.456911,0.703972,-0.992630,-1.460329,-1.994725,-1.076332,-0.848870,-1.268422,-1.251594,-0.350478,-1.402897,-0.998667,-0.728445,1.083604,-0.924258,-0.262474,1.083161,-1.047640,0.641856,-0.872510,-0.885904,0.212024,1.586022,-0.911534,-0.144816,-0.293355,-0.958075,-0.482547,1.011935,-0.622652,0.162509,-0.330522,0.012666,-0.921923,0.205409,-0.378267,-1.620144,-0.897154,-0.390110,-0.723886,0.359237,-0.037535,-0.798567,-0.182078,0.388630,-0.971033,-2.032012,0.930957,-0.481926,0.769733,0.627369,-0.445256,-0.421172,0.396121,-0.167184,-0.295054,-0.223831,-0.185522,-0.494644,-0.313463,-0.174496,0.076160,-0.320207,-0.244652,-0.618887,-0.071050,-0.695349,-0.186892,-0.394784,-0.527160,0.253545,-0.429525,-0.573770,0.592443,-0.539052,0.000539,-0.393128,-0.522102,-0.263017,0.322677,-0.288552,-0.733285,0.354168,-0.554012,-0.098178,0.511909,-0.511150,0.101230,-0.133832,-0.120743,-1.537315,-0.347182,-0.048130,-1.559467,-1.406748,0.206922,-0.991631,-1.579771,-0.228076,-0.267774,-0.628983,-0.051860,-0.724465,-0.435426,-0.338958,-0.837177,0.708655,0.008124,0.042565,0.150075,-0.217322,-0.060704,0.634005,0.204186,0.120148,-0.738869,-0.057087,0.307808,-0.126283,0.121917,0.271340,-1.118361,-0.363535,-0.411579,0.286691,-0.993009,-0.239889,-0.328993,-0.791495,-0.080012,-1.669403,-0.659366,-0.105815,0.369133,-0.445862,-0.115099,1.522646,-0.419201,0.160330,1.301865,-0.614008,0.283645,-0.113441,-0.796853,-0.073686,1.004722,-0.805802,0.039652,2.065876,-0.523370,-0.493715,0.181945,-0.740267,-0.476818,-0.110940,-0.657479,-0.779537,-0.213592,-0.698011,-0.505490,-0.786948,-0.685392,-0.344446,0.012823,-0.735743,-0.803403,-0.252727,-0.431782,-0.500412,-0.331080,-0.645808,-0.633022,0.238838,-0.582540,0.373989,-0.384688,-0.650622,-0.378129,-0.284450,-0.687952,-0.361179,-0.441045,-0.677302,-0.324669,-0.298690,0.103419,-0.487068,0.669082,0.007814,-0.193960,0.177847
0.330819,-0.384144,-0.187700,-0.676604,0.157744,0.828757,-1.341489,0.543024,0.509660,0.576737,0.892403,0.730137,1.659703,1.267978,0.637751,-1.370720,-0.229139,-0.028342,-1.049892,-1.008701,1.980647,-1.765494,-1.513484,2.747360,-1.532165,-1.392972,-0.158719,-0.992726,-0.790532,0.596912,0.752044,0.750681,1.378567,-0.000001,-0.000001,-0.000001,-1.538982,-1.143769,0.538662,0.918343,0.938463,1.741413,-0.000001,-0.000001,-0.000001,-0.334711,-0.444997,0.580959,-0.799508,-0.162418,0.171810,0.256905,-1.027856,-1.418611,-0.794620,-0.780184,0.401738,-0.000001,-0.000001,-0.000001,-0.000001,-0.000001,-0.000001,-0.000001,-0.000001,-0.000001,-0.000001,-0.000001,-0.000001,-0.000001,-0.000001,-0.000001,-0.000001,-0.000001,-0.000001,-2.052678,-2.530730,-0.770467,-1.881514,-2.546533,0.018530,-1.685935,-1.876251,-1.219343,-2.025049,-1.481436,0.327986,-1.667798,-1.131247,0.861728,-1.805109,-2.159685,0.626689,-2.149693,-1.482691,1.670461,-1.774931,-1.867420,1.070684,-1.795648,-1.499591,0.036167,-1.827534,-2.591293,-1.301005,-2.006360,-2.449338,-1.926387,-1.737863,-2.989149,-2.043513,-1.996597,-2.470730,-1.371215,-1.831980,-2.451936,-0.664654,-1.840296,-1.813157,-0.850150,-1.729180,-2.118926,0.003665,-1.715425,-1.531544,0.893323,-2.047294,-2.048364,-1.430357,-1.727818,-1.324886,-1.264719,-1.584516,-1.363764,-0.385304,-1.598024,-1.528537,0.808872,1.424641,1.407423,0.361837,1.628568,1.577384,0.595694,1.718566,1.416487,1.234174,1.960618,1.488552,0.897588,1.962648,1.140057,0.596509,1.470075,0.891681,0.223975,1.379985,0.501779,0.640501,1.405969,0.786273,0.275330,1.190502,1.008327,-0.009971,1.317213,0.452476,-0.022399,0.547345,-0.505356,-0.633098,1.156670,-1.372335,0.752782,1.970935,-1.620295,1.474806,1.083099,0.229848,0.727945,0.022370,-0.780584,0.883832,0.316278,-1.554493,0.849778,1.061135,-1.952012,1.293319,0.825503,0.062616,0.660395,-0.139707,-0.556393,1.042853,-0.321011,-1.220712,0.826387,-0.242524,-1.744463,1.468612,-0.713229,-1.687148,-0.595730,-0.633804,-1.263428,-0.254669,-0.984548,-1.403792,-1.015095,-0.769915,-1.348766,-0.351010,-0.875573,-1.808866,-0.382331,-0.697015,-1.606862,-0.462420,-0.738550,-1.456249,0.592647,-0.992881,-1.459840,-1.888666,-1.076332,-0.848079,-1.224116,-1.251594,-0.350016,-1.399040,-0.998667,-0.727649,1.120422,-0.924469,-0.261729,1.110034,-1.047842,0.642322,-0.904031,-0.886138,0.212520,1.561555,-0.911793,-0.144150,-0.297372,-0.958313,-0.481029,1.006527,-0.622939,0.163889,-0.304376,0.012666,-0.921029,0.188544,-0.378267,-1.619340,-0.871121,-0.390110,-0.723029,0.390777,-0.037535,-0.797701,-0.165936,0.388630,-0.970033,-2.031545,0.930596,-0.480815,0.844086,0.626992,-0.444235,-0.401460,0.395774,-0.165988,-0.258656,-0.224155,-0.184217,-0.503375,-0.313739,-0.173173,0.095287,-0.320207,-0.243708,-0.611190,-0.071369,-0.694592,-0.187121,-0.394784,-0.526333,0.250294,-0.429525,-0.572773,0.587765,-0.539052,0.001350,-0.393645,-0.522102,-0.262430,0.324951,-0.288881,-0.732633,0.359102,-0.554323,-0.097642,0.507477,-0.511466,0.102062,-0.142757,-0.120743,-1.536577,-0.328565,-0.048130,-1.558495,-1.407724,0.206922,-0.990701,-1.569697,-0.228076,-0.266777,-0.624682,-0.051860,-0.723296,-0.431908,-0.339272,-0.836091,0.705362,0.007824,0.043536,0.161123,-0.217322,-0.059695,0.624911,0.203896,0.121100,-0.734917,-0.057087,0.308741,-0.118200,0.121643,0.272855,-1.107228,-0.363535,-0.410185,0.275999,-0.993009,-0.238765,-0.347487,-0.532059,-0.079624,-1.668625,-0.659366,-0.105368,0.352650,-0.446167,-0.113862,1.514730,-0.419515,0.160768,1.294774,-0.614008,0.284092,-0.126668,-0.796853,-0.072640,1.003241,-0.806074,0.040138,2.049454,-0.523669,-0.493180,0.186359,-0.740267,-0.476399,-0.121644,-0.657479,-0.779092,-0.197338,-0.698011,-0.504840,-0.777434,-0.685392,-0.343490,0.011776,-0.735743,-0.802529,-0.261799,-0.432084,-0.499977,-0.323626,-0.646106,-0.631996,0.234068,-0.582806,0.374916,-0.385246,-0.650921,-0.377683,-0.290665,-0.687952,-0.360720,-0.438203,-0.677302,-0.324234,-0.306670,0.103419,-0.485592,0.689229,0.007549,-0.191953,0.194001
0.335688,-0.398115,-0.429511,-0.668367,0.198903,0.750463,-1.351688,0.568332,-0.039478,0.572462,0.726014,1.109906,1.348543,1.004231,-0.221538,-0.851967,-0.204381,-0.457438,-1.043883,-1.895237,1.793917,-1.764912,-1.501241,2.760898,-1.545503,-0.747891,-0.265761,-0.998465,-0.781704,1.208692,0.752552,0.750681,0.882905,-0.000001,-0.000001,-0.000001,-1.537590,-0.436323,0.815334,0.918752,0.938453,0.970300,-0.000001,-0.000001,-0.000001,-0.319098,-0.465202,0.095556,-0.791128,-0.212344,-0.469351,-1.241430,-1.038764,-1.435332,-0.798285,-0.780184,0.625562,-0.000001,-0.000001,-0.000001,-0.000001,-0.000001,-0.000001,-0.000001,-0.000001,-0.000001,-0.000001,-0.000001,-0.000001,-0.000001,-0.000001,-0.000001,-0.000001,-0.000001,-0.000001,-2.066259,-0.731631,-1.646723,-1.789317,-1.285880,-0.708121,-1.461812,-1.184431,-1.875444,-2.016567,-0.763358,-1.697208,-1.554660,-0.782862,0.879186,-1.650724,-1.286572,0.628954,-2.034317,-2.343495,1.342389,-1.912593,-2.496171,-0.720764,-1.767299,-2.282217,-0.729214,-1.628793,-2.184479,-1.078626,-2.036794,-1.837381,-0.751632,-1.798570,-1.999851,-1.468118,-2.090053,-2.401685,-1.292539,-1.802536,-2.143807,-0.869991,-1.831936,-2.208020,-1.430447,-1.758510,-1.886893,0.077576,-1.902633,-1.896024,1.522265,-1.896713,-1.914397,-1.260060,-1.718517,-1.280715,-1.480569,-1.595485,-1.495093,-0.020196,-1.621367,-1.383253,0.827451,1.338734,0.904919,-0.860527,1.617146,0.901128,0.228747,1.778022,0.648435,-1.481972,1.981370,0.464156,-1.191712,1.414745,0.414347,-0.995092,0.208604,0.206107,-1.376146,0.404213,-0.332988,-1.165069,1.056226,-0.089488,-1.529181,0.708827,0.152840,-1.931761,0.127658,-0.002209,-0.725915,0.532423,-0.824567,-0.157791,1.686275,-0.546667,-0.560994,1.542440,0.313450,-1.081189,0.225193,-0.310885,-0.870946,0.802387,-0.807734,-0.873390,1.779050,-0.445823,-0.166893,1.491809,0.067437,-0.356175,0.353016,-0.553853,-1.868921,0.930482,-0.955945,-1.025991,1.658850,-0.700762,-0.188997,1.562117,-0.211122,-0.238216,-0.481873,-1.514389,-1.120565,-0.799814,-1.369516,1.038335,-0.732205,-1.431472,-1.965677,-1.065314,-1.779232,-1.019468,-0.979425,-2.061379,0.175926,-0.988676,-1.860777,-0.508475,-0.971006,-1.650100,-0.385451,-1.007098,-1.553566,-0.162508,-0.810788,-0.948535,-1.094536,-0.929725,-1.315840,-1.389552,-0.887287,-0.946195,1.771001,-0.980352,-0.576112,1.248209,-0.887459,-0.536389,-1.269691,-0.910566,0.285649,1.027293,-0.928005,-0.178273,-0.299233,-0.966162,-0.680264,0.651891,-0.617768,-0.156828,-0.296888,-0.103375,-1.277061,0.914057,-0.208645,-1.969884,-2.186935,-0.168735,-1.107649,-0.753137,0.231281,-1.186215,-0.378077,0.716408,-1.409745,-1.809633,1.048134,-0.964361,2.333285,0.788378,-0.422794,0.483986,0.599532,-0.719510,0.917565,0.306534,-0.120745,-0.467466,-0.090878,-0.688717,1.175978,-0.262240,-0.550484,-1.010416,-0.308048,-0.895358,-0.268793,-0.335237,-0.692302,0.172897,-0.369169,-0.699157,0.667129,-0.526508,-0.807997,-1.078016,-0.486569,-0.860846,-0.912022,-0.532245,-0.766026,-1.024137,-0.473098,-0.644025,-0.953289,-0.405647,-0.698776,-0.883426,-0.210089,-1.766069,0.610101,-0.413417,-1.874687,-2.004487,0.176387,-1.288956,-0.451610,-0.237577,-1.037008,-1.093182,0.158952,-1.054754,0.064327,-0.415848,-1.143976,0.207816,-0.160487,-0.236383,0.761144,-0.375254,0.100469,0.234101,0.373708,-0.188376,-0.145068,0.118526,0.042222,0.433520,0.282116,-0.835594,-0.519116,-0.522926,-0.805613,-0.226202,-0.799618,-1.112297,-2.093855,-0.523735,-1.119217,-0.939597,-0.626220,-0.837131,-1.301732,-0.388666,-0.602187,-1.128387,-0.337843,-0.189179,-1.424964,-0.269617,-0.479527,-1.470463,-0.694638,0.085602,-0.828575,-0.719895,-0.218657,-0.189978,-0.723831,-0.792397,0.947210,-0.687666,-1.112305,0.786504,-0.626462,-1.028064,1.564186,-0.692462,-0.851416,-0.981700,-0.691445,-1.090782,-1.619065,-0.704402,-1.099434,1.138259,-0.656091,-1.224695,0.717979,-0.568247,-0.980252,0.325334,-0.483141,-0.345226,-1.194910,-0.572942,-1.120553,-0.413168,-0.633189,-1.061354,0.221516,-0.645611,-0.989712,0.456812,-0.201528,-1.251444,1.805508,0.151926,-0.603078,1.318160
0.334362,-0.399275,-0.456952,-0.667993,0.204196,0.682971,-1.352055,0.572179,-0.055302,0.572487,0.726014,1.115779,1.348692,1.004231,-0.226054,-0.849640,-0.198182,-0.542107,-1.043883,-1.896967,1.793605,-1.765206,-1.501241,2.782257,-1.540410,-0.746646,-0.171777,-0.993138,-0.781704,1.178727,0.752517,0.750681,0.861740,-0.000001,-0.000001,-0.000001,-1.535767,-0.434958,0.779464,0.934409,0.938453,0.941869,-0.000001,-0.000001,-0.000001,-0.319802,-0.466397,0.107829,-0.791948,-0.215302,-0.487130,-1.242666,-1.040393,-1.472803,-0.798709,-0.830324,0.654984,-0.000001,-0.000001,-0.000001,-0.000001,-0.000001,-0.000001,-0.000001,-0.000001,-0.000001,-0.000001,-0.000001,-0.000001,-0.000001,-0.000001,-0.000001,-0.000001,-0.000001,-0.000001,-2.066952,-0.731631,-1.694504,-1.790029,-1.285880,-0.674146,-1.462832,-1.180358,-1.810249,-2.017457,-1.378881,-1.703637,-1.555246,-0.778149,0.822604,-1.651463,-1.282869,0.591744,-2.035127,-2.337384,1.314688,-1.913478,-2.490343,-0.690616,-1.768225,-2.278395,-0.702512,-1.629298,-2.577490,-1.149981,-2.037390,-1.837381,-0.771213,-1.799230,-2.501101,-1.463821,-2.090688,-2.397079,-1.297126,-1.802940,-2.140784,-0.932505,-1.832298,-2.205812,-1.375080,-1.758941,-1.886893,0.054830,-1.903192,-1.893129,1.553516,-1.896931,-1.912535,-1.296715,-1.718765,-1.482139,-1.545349,-1.507241,-1.495093,-0.055104,-1.621690,-1.380787,0.796557,1.368000,0.904690,-0.827699,1.617296,0.900914,0.252577,1.778150,0.648435,-1.456532,1.981476,0.463949,-1.151248,1.414857,0.414172,-0.981793,0.174243,0.230761,-1.368319,0.404386,-0.333034,-1.171723,1.056357,-0.089488,-1.520502,0.708947,0.152840,-1.928528,0.092132,-0.002209,-0.706650,0.532601,-0.824611,-0.147422,1.686435,-0.546909,-0.542030,1.542559,0.313205,-1.063602,0.225434,-0.311085,-0.845970,0.802520,-0.807734,-0.848694,1.779201,-0.445823,-0.149250,1.491987,0.067225,-0.350441,0.353220,-0.553853,-1.849583,0.930622,-0.955945,-1.015405,1.658980,-0.700978,-0.181093,1.562278,-0.211335,-0.210687,-0.482671,-1.515134,-1.104519,-0.800775,-1.369904,1.070151,-0.733024,-1.431922,-1.913309,-1.066084,-1.779232,-0.993348,-0.980211,-2.060974,0.135653,-0.989546,-1.860199,-0.465170,-0.971590,-1.648776,-0.434646,-0.783571,-1.552587,-0.107276,-0.811043,-0.946162,-1.043043,-0.929986,-1.314877,-1.394817,-0.887287,-0.944536,1.767548,-0.980123,-0.574559,1.371596,-0.887459,-0.085797,-1.247915,-0.910322,0.285649,1.290157,-0.676723,-0.178939,-0.200771,-0.965724,-0.680992,0.669272,-0.617237,-0.158152,-0.257193,-0.104353,-1.278402,0.926383,-0.209556,-1.597598,-2.166830,-0.169374,-1.108918,-0.713215,0.230663,-1.187496,-0.387026,0.715785,-1.411286,-1.814965,1.047743,-0.966073,2.314811,0.788378,-0.424878,0.482341,0.599532,-0.721902,0.907380,0.306858,-0.123410,-0.487511,-0.090613,-0.690757,1.204039,-0.262551,-0.551978,-0.997689,-0.308355,-0.896115,-0.265462,-0.335557,-0.693164,0.165976,-0.369492,-0.699635,0.661410,-0.527137,-0.808402,-1.056361,-0.486898,-0.861433,-0.891567,-0.532560,-0.766677,-0.999118,-0.473409,-0.644561,-0.941189,-0.405976,-0.698776,-0.861207,-0.210927,-1.767208,0.610687,-0.414333,-1.875659,-1.997308,0.175842,-1.289885,-0.440707,-0.238152,-1.038005,-1.093602,0.158182,-1.056556,0.083611,-0.416766,-1.145650,0.217579,-0.160487,-0.237840,0.747449,-0.375254,0.098914,0.237856,0.373708,-0.189884,-0.166771,0.118801,0.041289,0.458164,0.282116,-0.837835,-0.514251,-0.522926,-0.807762,-0.234414,-0.800077,-1.112297,-2.096228,-0.524288,-1.119217,-0.917576,-0.626527,-0.837131,-1.296765,-0.388958,-0.602187,-1.127574,-0.338158,-0.189179,-1.440581,-0.269889,-0.479527,-1.483661,-0.694638,0.086145,-0.815385,-0.719895,-0.218172,-0.165925,-0.724118,-0.791861,0.940056,-0.687948,-1.111886,0.794602,-0.626749,-1.027619,1.578296,-0.692989,-0.850766,-0.964123,-0.691959,-1.090782,-1.610160,-0.704692,-1.099015,1.124299,-0.656382,-1.224260,0.710828,-0.568545,-0.979759,0.310735,-0.483417,-0.345226,-1.179561,-0.573241,-1.120107,-0.428005,-0.633483,-1.060931,0.223606,-0.645904,-0.989310,0.443312,-0.202336,-1.252920,1.811623,0.151926,-0.605084,1.294898
0.334795,-0.398896,-0.445296,-0.667369,0.203305,0.673569,-1.352238,0.571760,-0.058020,0.572462,0.726014,1.117921,1.348602,1.004231,-0.218623,-0.847721,-0.195082,-0.584436,-1.043797,-1.898697,1.808141,-1.765300,-1.501241,2.790268,-1.542349,-0.747891,-0.189518,-0.994364,-0.782965,1.180618,0.752497,0.750681,0.897867,-0.000001,-0.000001,-0.000001,-1.536303,-0.436323,0.767478,0.918832,0.938453,0.958066,-0.000001,-0.000001,-0.000001,-0.319802,-0.466397,0.111253,-0.792384,-0.213778,-0.486992,-1.242666,-1.040788,-1.469472,-0.799507,-0.879462,0.633637,-0.000001,-0.000001,-0.000001,-0.000001,-0.000001,-0.000001,-0.000001,-0.000001,-0.000001,-0.000001,-0.000001,-0.000001,-0.000001,-0.000001,-0.000001,-0.000001,-0.000001,-0.000001,-2.067120,-0.731631,-1.710371,-1.790385,-1.285880,-0.680842,-1.462998,-1.184431,-1.795172,-2.017757,-1.378881,-1.708973,-1.555435,-0.782862,0.822793,-1.651833,-1.282869,0.586020,-2.035538,-2.337384,1.312514,-1.913834,-2.490343,-0.693352,-1.768377,-2.278395,-0.700702,-1.629472,-2.577490,-1.147370,-2.037687,-1.837381,-0.770329,-1.799359,-2.501101,-1.466010,-2.090944,-2.397079,-1.298194,-1.803212,-2.140784,-0.921764,-1.832424,-2.205812,-1.376703,-1.759159,-1.886893,0.052586,-1.903301,-1.893129,1.546943,-1.897143,-1.912535,-1.295425,-1.718846,-1.483908,-1.544870,-1.507396,-1.495093,-0.055885,-1.621852,-1.383253,0.795395,1.338867,0.904919,-0.831439,1.617221,0.901128,0.256143,1.778099,0.648435,-1.462992,1.981423,0.464156,-1.175937,1.414789,0.414347,-0.980955,0.174148,0.230761,-1.359418,0.404329,-0.332870,-1.158433,1.056279,-0.089488,-1.484716,0.708875,0.153023,-1.914899,0.092033,-0.001998,-0.695273,0.532513,-0.824455,-0.134955,1.686340,-0.546667,-0.528296,1.542500,0.313450,-1.067137,0.225343,-0.310885,-0.847669,0.802466,-0.807734,-0.840146,1.779142,-0.445603,-0.150861,1.491899,0.067437,-0.360669,0.353144,-0.553658,-1.853553,0.930552,-0.955736,-1.014568,1.658928,-0.700762,-0.181728,1.562197,-0.211122,-0.220022,-0.482468,-1.515134,-1.106623,-0.800539,-1.369904,1.067252,-0.732815,-1.431922,-1.914477,-1.065695,-1.779232,-0.992071,-0.980019,-2.061379,0.146354,-0.989333,-1.860777,-0.482529,-0.971398,-1.649438,-0.446322,-0.783320,-1.553076,-0.113566,-0.810788,-0.947744,-1.071458,-0.929986,-1.315339,-1.399499,-0.887287,-0.946195,1.744696,-0.980123,-0.575366,1.399722,-0.887459,-0.086263,-1.251693,-0.910566,0.285153,1.310829,-0.676723,-0.178939,-0.195871,-0.965943,-0.680992,0.672915,-0.617502,-0.158152,-0.269740,-0.103864,-1.278402,0.935076,-0.209248,-1.597598,-2.165253,-0.169067,-1.108918,-0.711212,0.230663,-1.187496,-0.385509,0.716097,-1.411286,-1.816068,1.047743,-0.966073,2.315206,0.788378,-0.424325,0.483896,0.599532,-0.721304,0.910744,0.306858,-0.122757,-0.484960,-0.090878,-0.690096,1.208162,-0.262551,-0.551467,-0.997337,-0.308355,-0.896115,-0.266014,-0.335557,-0.693164,0.165976,-0.369492,-0.699635,0.661023,-0.526822,-0.808402,-1.055288,-0.486898,-0.861433,-0.891599,-0.532560,-0.766677,-0.996894,-0.473409,-0.644561,-0.939460,-0.405976,-0.699175,-0.855454,-0.210640,-1.767208,0.607096,-0.414032,-1.875659,-1.998001,0.176125,-1.289885,-0.439417,-0.237870,-1.038005,-1.093687,0.158435,-1.056556,0.084701,-0.416464,-1.145650,0.218333,-0.160487,-0.237354,0.747859,-0.375254,0.099460,0.237271,0.373708,-0.189368,-0.164945,0.118801,0.041289,0.457813,0.282116,-0.837835,-0.514976,-0.522926,-0.807762,-0.234060,-0.800077,-1.112837,-2.109708,-0.524017,-1.119217,-0.922026,-0.626527,-0.837131,-1.299928,-0.388958,-0.602806,-1.132753,-0.338158,-0.189653,-1.449944,-0.269617,-0.479527,-1.482233,-0.694638,0.085602,-0.819796,-0.719895,-0.218657,-0.149970,-0.724118,-0.792397,0.926351,-0.687948,-1.112305,0.766644,-0.626749,-1.028064,1.564022,-0.692731,-0.851416,-0.967086,-0.691712,-1.091241,-1.623698,-0.704692,-1.099434,1.116074,-0.656382,-1.224695,0.697940,-0.568545,-0.980252,0.293467,-0.483417,-0.345671,-1.185374,-0.573241,-1.120553,-0.455872,-0.633483,-1.061354,0.207922,-0.645904,-0.989712,0.432271,-0.202070,-1.252402,1.809816,0.151926,-0.605084,1.295465
0.331684,-0.399677,-0.499368,-0.682594,0.120583,1.121089,-1.378099,0.542580,-0.177714,0.570986,0.722928,1.364850,1.188978,0.614549,-1.719727,-0.853583,-0.247717,-0.901055,-1.040709,-1.900427,1.717993,-1.749808,-1.494232,2.505583,-2.793355,-0.741685,-0.842794,-1.066888,-0.788010,-0.968977,-1.414717,-1.414742,-1.335527,-0.000001,-0.000001,-0.000001,-1.539727,-0.426772,0.494204,0.918789,0.938453,0.525722,-0.000001,-0.000001,-0.000001,-0.317731,-0.468862,-0.305135,-0.795331,-0.225610,-0.591761,-1.242355,-1.030670,-1.256335,-0.799507,-1.273565,0.482787,-0.000001,-0.000001,-0.000001,-0.000001,-0.000001,-0.000001,-0.000001,-0.000001,-0.000001,-0.000001,-0.000001,-0.000001,-0.000001,-0.000001,-0.000001,-0.000001,-0.000001,-0.000001,-1.834114,-1.555002,-0.163852,-1.551954,-2.187480,0.541498,-1.430104,-1.632082,-0.196418,-1.646074,-1.972787,-2.066726,-1.536826,-0.749932,1.023891,-1.403454,-1.689822,0.858195,-1.759868,-2.300719,1.177108,-1.675613,-2.455448,-0.747312,-1.738476,-2.251646,-0.166334,-1.400896,-2.956699,-1.504801,-1.667288,-1.815204,-0.175862,-1.621079,-2.474748,-1.311921,-2.066181,-2.898707,-1.685198,-1.619811,-2.473102,-0.251213,-1.807838,-2.192564,-1.492413,-1.737434,-1.866607,-0.054133,-2.010021,-2.208456,1.068140,-1.874955,-1.689257,-1.334355,-1.606242,-1.065163,-1.164507,-1.491968,-1.483684,0.254325,-1.605805,-1.368462,1.167032,1.151447,0.600391,-0.631212,1.221323,0.523169,-1.267580,1.176710,0.600266,-1.303461,1.107135,0.573506,-0.271253,1.257689,0.182294,0.504595,-0.118104,-0.094043,-0.023585,-0.115026,-0.543394,0.419234,0.386315,-0.721855,0.518005,0.644375,-0.467588,-0.698233,-0.317365,-0.075101,0.416528,0.517915,-0.095341,-0.384692,1.147244,0.134823,0.742037,1.365884,0.442468,0.075062,-0.150665,0.012277,-1.048768,0.586341,-0.294252,-0.654936,0.946310,-0.090033,-0.536615,1.380555,0.109738,-1.533885,0.035389,0.038441,-0.646875,0.081407,-0.367881,-1.272967,0.715483,-0.275444,-1.472047,0.968618,-0.122344,-1.642803,-0.479870,-1.520473,-1.113712,-0.797647,-1.379019,1.370897,-0.730758,-1.446719,-1.548760,-1.064169,-1.801077,-0.955592,-0.978832,-2.080884,0.050511,-0.989120,-1.892709,-0.356929,-0.972580,-2.330671,-0.361186,-0.786648,-1.585189,0.040557,-0.816347,-1.001993,-1.011534,-0.937621,-0.899395,-1.344964,-0.895089,-0.995904,1.667338,-0.785755,-0.618087,1.026357,-0.897172,-0.559284,-1.121903,-0.921843,-0.176091,0.474438,-0.690535,-0.200745,-0.426696,-0.977609,-0.698111,0.390004,-0.632177,-0.808470,0.195347,-0.103126,-1.279333,0.727762,-0.209556,-1.969884,-1.798506,-0.171265,-1.107649,-0.781670,0.226638,-1.186215,-0.350919,0.709720,-1.410786,-1.705641,1.037034,-0.965518,2.661408,0.776247,-0.916803,0.584072,0.585871,-0.719510,0.926770,0.292199,-0.753671,-0.623255,-0.104187,-0.692135,1.388064,-0.269884,-1.011907,-1.142999,-0.315594,-0.901162,-0.292163,-0.343090,-1.100420,0.550211,-0.377128,-0.711393,0.853471,-0.532610,-0.821237,-0.718935,-0.493350,-0.880716,-0.752033,-0.540004,-0.788016,-0.871247,-0.481691,-0.662168,-0.873436,-0.415365,-0.711418,-0.668756,-0.211191,-1.770592,0.770137,-0.415890,-1.878963,-1.833516,0.173183,-1.724703,-0.806287,-0.242186,-1.525791,-1.179989,0.155587,-1.063129,-0.394641,-0.418323,-1.151756,0.133392,-0.170328,-0.712708,0.852607,-0.387129,-0.392845,-0.004040,0.362323,-0.193255,-0.219096,0.107363,-0.396812,0.381801,0.271357,-0.846013,-0.331627,-0.534911,-0.815605,-0.270012,-0.590004,-0.616155,-2.011308,-0.528732,-1.135905,-0.797911,-0.632545,-0.854028,-1.237793,-0.678839,-0.628165,-0.683110,-0.346504,-0.207582,-0.986147,-0.530123,-0.498717,-1.325424,-0.702746,0.061974,-0.815307,-0.727608,-0.241135,-0.028656,-0.731760,-0.819825,1.205317,-0.694603,-1.133780,0.856611,-0.632381,-1.050887,1.529169,-0.697216,-0.881518,-0.679470,-0.695504,-0.668277,-1.365796,-0.710383,-1.118352,0.938996,-0.663233,-1.244319,0.719032,-0.576484,-1.002440,0.596534,-0.491528,0.063795,-1.031893,-0.581191,-1.140668,-0.127294,-0.640411,-1.080430,0.349787,-0.651658,-1.007831,0.354939,-0.204251,-1.256871,1.650188,0.141653,-0.610398,1.826718
0.323272,-0.401619,-0.592903,-1.277508,0.167926,1.487836,-1.366444,0.542580,-0.114606,0.568772,0.724988,1.415733,0.565515,0.226600,0.779600,-0.851868,-0.213660,-0.343648,-1.038585,-1.912514,1.660993,-1.747694,-1.508249,2.369179,-1.507666,-0.749135,-1.869888,-0.947248,-0.789271,-1.015055,0.752951,0.750681,0.141225,-0.000001,-0.000001,-0.000001,-1.524525,-1.130141,-1.141685,0.918740,0.938453,0.792959,-0.000001,-0.000001,-0.000001,-0.327919,-0.467629,-0.196292,-0.801199,-0.216736,-0.666025,-1.238335,-1.017738,-1.077631,-0.811773,-1.109105,0.716033,-0.000001,-0.000001,-0.000001,-0.000001,-0.000001,-0.000001,-0.000001,-0.000001,-0.000001,-0.000001,-0.000001,-0.000001,-0.000001,-0.000001,-0.000001,-0.000001,-0.000001,-0.000001,-1.433785,-1.166916,-0.887263,-1.548073,-1.760640,1.774174,-1.229669,-1.664622,1.119203,-1.299401,-1.395029,-1.837459,-1.422817,-0.792287,0.497118,-1.187758,-1.723106,1.769561,-1.284268,-1.647534,1.099966,-1.467788,-2.501998,-0.656148,-1.556287,-2.286038,0.052056,-1.202999,-2.987714,-0.869266,-1.323338,-1.843729,-0.027216,-1.618172,-2.514305,-0.611083,-1.916720,-3.464831,-2.340001,-1.616967,-2.149855,1.169374,-1.805295,-2.212409,-1.473090,-1.609806,-2.226234,0.214355,-2.007568,-2.567145,1.423144,-1.747864,-1.276182,-1.757115,-1.508748,-1.081059,-1.304670,-1.490282,-1.498904,0.622926,-1.604037,-1.671356,1.089806,0.824461,0.372397,-1.275346,0.694120,0.333441,-2.355030,0.637527,0.352276,-1.338521,0.813505,0.502542,-0.903100,1.179350,0.236678,0.781052,-0.334377,-0.245814,0.512501,-0.406780,-0.599027,0.978009,-0.191580,-0.772152,1.002825,0.061660,-0.809290,0.696798,-0.541105,-0.147573,0.605110,0.285511,-0.049882,0.380042,0.825383,0.157787,0.490876,1.002694,0.412356,-0.346966,-0.356186,-0.143217,-0.625627,0.202497,-0.085671,-1.440506,0.546053,0.098741,-1.314952,1.179999,0.129832,-1.398335,-0.166044,-0.134490,-0.332489,0.100573,-0.120560,-0.936994,0.511373,-0.111525,-1.307411,0.439385,-0.079016,-1.614415,-0.456050,-1.515134,-0.527085,-0.768971,-1.371488,1.541853,-0.511912,-1.435603,-1.224759,-1.041017,-1.785226,-1.597289,-1.140809,-2.067183,-0.526124,-0.961629,-1.870217,-0.446400,-1.132581,-2.302868,-1.023646,-0.978663,-1.563114,1.186080,-0.782558,-0.964750,-0.067257,-0.901669,-1.324812,-0.783612,-1.058471,-0.960862,1.069233,-0.956624,-0.588282,0.399367,-0.865140,-0.993656,-1.122142,-1.103386,-1.048454,-0.241240,-0.899569,-0.828664,-0.629143,-0.942156,-0.683967,-0.372864,-0.588993,-0.798979,0.842344,-0.304523,-1.276614,0.821280,-0.456866,-2.341815,-1.773215,-0.130123,-1.106381,-0.866235,0.268171,-1.184933,-0.224129,0.452982,-1.408703,-1.547260,0.741349,-0.963203,2.667564,0.828721,-0.915229,0.871194,0.637495,-0.717667,1.300187,0.341245,-0.750951,-0.350950,-0.318080,-0.688056,1.594085,-0.525904,-1.007071,-1.307119,-0.568324,-0.896115,-0.468888,-0.606083,-1.094115,0.265061,-0.643700,-0.701588,0.595789,-0.488522,-1.203517,-1.369401,-0.753644,-0.866230,-1.399977,-0.494435,-0.771998,-1.608006,-0.737149,-0.648941,-1.527592,-0.674567,-0.702036,-0.919280,-0.432442,-1.766438,0.916081,-0.667319,-1.874687,-2.043501,-0.044289,-1.720615,-0.186635,-0.475387,-1.520180,-1.219878,-0.054973,-1.055971,0.166101,-0.669963,-1.145107,-0.229398,-0.125405,-0.707205,0.848032,-0.657273,-0.388221,-0.539887,0.136085,-0.188892,0.068141,-0.098401,-0.391772,0.895227,0.057561,-0.837108,0.600106,-0.484286,-0.807065,-1.136344,-0.772573,-1.120031,-1.994655,-0.752698,-1.123583,-0.419873,-0.875350,-0.442968,-1.632234,-0.636618,-0.609816,-1.282410,-0.594617,-0.194144,-1.882084,-0.239155,-0.916396,-1.253129,-0.434683,-0.406646,-1.457351,-0.690317,-0.225079,-0.955507,-0.967491,-0.800648,0.290456,-0.926921,-1.118765,0.657028,-0.859593,-1.034929,1.682009,-0.661017,-0.860017,-0.389014,-0.900081,-1.096863,-1.602104,-0.939971,-1.104609,0.652655,-0.621289,-1.230064,-0.247632,-0.821354,-0.986322,-0.317001,-0.453594,-0.351602,-0.824612,-0.537779,-1.126056,-0.990105,-0.882278,-1.066537,-0.516119,-0.883808,-0.994635,0.008392,-0.425680,-1.251923,1.916098,-0.073733,-0.603729,2.679097
0.318836,-0.407420,-0.743686,-1.281127,0.169681,1.470311,-1.365894,0.534022,-0.099387,0.445266,0.724301,1.159201,0.402132,0.101654,1.858418,-0.850856,-0.226040,-0.718307,-1.038585,-1.896967,1.323303,-1.270075,-1.508249,1.800714,-1.530714,-1.401666,-1.440362,-0.996414,-2.094554,-0.688838,0.752443,0.750692,0.475677,-0.000001,-0.000001,-0.000001,-1.527845,-1.847138,-0.639935,0.934590,0.938453,1.043041,-0.000001,-0.000001,-0.000001,-0.342166,-0.465799,0.046305,-0.809169,-0.232870,-0.848605,-1.247309,-1.008435,-1.090843,-0.823616,-1.355795,0.792853,-0.000001,-0.000001,-0.000001,-0.000001,-0.000001,-0.000001,-0.000001,-0.000001,-0.000001,-0.000001,-0.000001,-0.000001,-0.000001,-0.000001,-0.000001,-0.000001,-0.000001,-0.000001,-1.290024,0.497980,0.124521,-1.399543,-1.309839,-0.040822,-1.478853,-1.676843,-0.521176,-1.345371,-1.416647,-0.072123,-1.229030,-0.811137,0.380069,-1.457056,-1.308746,0.920717,-1.112743,-0.963794,1.122440,-1.318822,-1.855765,-0.508431,-1.425519,-1.423258,-2.025297,-1.645142,-1.805271,-0.823380,-1.540374,-1.491789,-0.501164,-1.811634,-1.516205,-0.401970,-1.516970,-2.424719,-1.014349,-1.504202,-1.116763,1.286042,-1.564401,-0.948438,-1.859724,-1.643909,-1.234339,0.241161,-1.656263,-1.242277,0.623068,-1.407945,0.005859,0.672155,-1.343572,-0.068653,0.261175,-1.426056,-0.410115,0.906753,-1.536726,-0.829170,1.421358,0.410156,0.148297,-0.609561,-0.052268,-0.159940,-1.708800,-0.292139,-0.254327,-1.523791,0.556196,-0.024075,-1.057797,0.866107,0.347370,0.011673,-0.688409,-0.277934,0.290620,-0.758378,-0.531383,1.167093,-0.679241,-0.711868,1.140868,-0.515336,-0.837903,0.774015,-0.621693,-0.152644,0.759856,0.091688,-0.104299,0.442534,0.688004,-0.349643,-0.734647,1.136149,-0.314502,-0.555126,-0.298365,-0.102897,-0.032501,0.259405,0.005262,-0.251492,0.776339,-0.119920,-0.013394,1.020981,-0.033873,0.510387,0.022467,-0.093743,0.274783,0.123554,0.014781,-0.921292,0.567187,-0.065190,0.608947,0.525375,-0.103441,0.040648,-0.650589,-1.516655,-1.463700,-1.003167,-1.372684,1.221049,-0.905640,-1.436542,-1.660799,-1.045991,-1.785803,-1.231642,-1.145933,-2.067183,-0.216109,-0.967301,-1.870217,-0.450228,-1.137286,-2.301489,-0.642684,-0.984344,-1.562135,0.689118,-1.015982,-0.963169,-0.429545,-0.907080,-1.323850,-0.973533,-1.062786,-0.959999,1.233267,-0.960934,-0.587537,0.540381,-0.869277,-0.993656,-0.951470,-1.107998,-1.048912,-0.069599,-0.904627,-0.830051,-0.995987,-0.946410,-0.686213,-0.447075,-0.850509,-0.801683,-0.676982,-0.542484,-1.278886,0.139422,-0.750136,-1.971106,-1.305881,-0.731462,-1.108918,-0.214710,-0.324960,-1.187496,-0.387197,-0.156379,-1.411286,-2.186924,0.733227,-0.966629,1.670020,0.483823,-0.918334,0.639436,0.307228,-0.721304,0.857900,0.034191,-0.754976,-0.840968,-0.323514,-0.691419,1.304241,-0.533211,-1.009508,-1.144125,-0.575538,-1.263960,-0.195020,-0.613589,-1.095803,0.542505,-0.651309,-0.703063,0.631394,-0.800034,-1.204328,-1.298229,-0.761082,-0.867453,-1.622265,-0.807290,-1.403855,-1.434469,-0.744471,-1.168423,-1.129751,-0.681704,-1.475030,-0.314553,-0.439208,-1.768346,0.741804,-0.674712,-1.877058,-1.875710,-0.050719,-1.722882,-0.904520,-0.482307,-1.522757,-1.097087,-0.061198,-1.058357,-0.465480,-0.677363,-1.147323,0.065476,-0.422650,-0.709188,0.339747,-0.664389,-0.390281,-0.503209,-0.138870,-0.651440,-0.901113,-0.103602,-0.827110,0.134561,0.051908,-0.840077,-0.795684,-0.814733,-0.809912,-0.601655,-0.777974,-1.120031,-2.063914,-0.759352,-1.124003,-0.423711,-0.882288,-0.842214,-1.529962,-0.643503,-0.609816,-1.535664,-0.601414,-0.618579,-2.047683,-0.497247,-0.916879,-1.301074,-0.904226,-0.406646,-1.552041,-0.695969,-0.225079,-1.008438,-0.974249,-0.800068,0.601768,-0.933551,-1.118311,0.918898,-0.866085,-1.034447,1.783821,-0.667362,-0.860017,-0.671128,-0.905877,-1.097322,-1.638162,-0.946531,-1.105029,1.028035,-0.909259,-1.230499,0.416059,-0.828373,-0.986814,0.227022,-0.706271,-0.351602,-1.282485,-0.833469,-1.126502,-0.393562,-0.889181,-1.066960,-0.039963,-0.890442,-1.383976,0.475122,-0.432222,-1.254397,1.395526,-0.079421,-0.607090,2.154315
0.319296,-0.407420,-0.750101,-1.281257,0.168790,1.453588,-1.366444,0.534022,-0.092806,0.445495,0.723958,1.163918,0.402072,0.101901,1.870566,-0.851060,-0.226040,-0.779949,-1.038763,-1.898697,1.339672,-1.270938,-1.508249,1.824077,-1.529500,-2.039283,-1.406013,-0.995189,-2.098337,-0.479453,0.752333,0.750681,0.588589,-0.000001,-0.000001,-0.000001,-1.528381,-1.851215,-0.616645,0.934575,0.938453,1.084404,-0.000001,-0.000001,-0.000001,-0.342870,-0.465799,0.065292,-0.808759,-0.232870,-0.832334,-1.247922,-1.008855,-1.074533,-0.822394,-1.322702,0.820836,-0.000001,-0.000001,-0.000001,-0.000001,-0.000001,-0.000001,-0.000001,-0.000001,-0.000001,-0.000001,-0.000001,-0.000001,-0.000001,-0.000001,-0.000001,-0.000001,-0.000001,-0.000001,-1.292082,0.918698,0.182974,-1.401655,-1.309839,-0.172588,-1.481068,-1.676843,-0.542725,-1.347306,-1.411243,-0.060822,-1.230385,-0.806425,0.362638,-1.459263,-1.305043,0.881349,-1.115186,-0.963794,1.073981,-1.321119,-1.855765,-0.520146,-1.427533,-1.419437,-2.034434,-1.647168,-1.801820,-0.839211,-1.541997,-1.488615,-0.516624,-1.813221,-1.511804,-0.384903,-1.518620,-2.420112,-1.000939,-1.661538,-1.113739,1.297833,-1.565857,-1.202121,-1.840739,-1.519974,-1.234339,0.259241,-1.657599,-1.242277,0.655315,-1.409134,0.005859,0.670366,-1.344571,-0.066884,0.280968,-1.426899,-0.408210,0.910698,-1.445186,-0.829170,1.435578,0.410023,0.173502,-0.490262,-0.162438,-0.112830,-1.567645,-0.320415,-0.254327,-1.479170,0.613665,-0.024075,-0.984475,0.865928,0.347370,0.100955,-0.688535,-0.277707,0.348222,-0.758551,-0.531217,1.191410,-0.679398,-0.711698,1.155820,-0.515504,-0.837757,0.785509,-0.621857,-0.129403,0.942586,0.123765,-0.079443,0.610291,0.652758,-0.322809,-0.693794,1.135912,-0.314502,-0.717340,-0.298485,-0.080940,0.119271,0.259218,0.005478,-0.021333,0.776129,-0.119920,0.052204,1.020776,-0.033873,0.543719,0.050218,-0.050850,0.202854,0.097921,0.014781,-0.629933,0.538712,-0.064971,0.717383,0.525188,-0.103228,0.188193,-0.650785,-1.517028,-1.504000,-1.003167,-1.373072,1.217061,-0.905640,-1.436542,-1.647128,-1.046186,-1.785803,-1.185550,-1.145933,-2.067183,-0.202597,-0.967301,-1.869639,-0.456881,-1.137286,-2.301489,-0.659148,-0.984113,-1.562135,0.692762,-1.015982,-0.962312,-0.430611,-0.906839,-1.323850,-0.966556,-1.062577,-0.959999,1.204953,-0.960723,-0.587537,0.511335,-0.869067,-0.993656,-0.934513,-1.107754,-1.048912,-0.056324,-0.904346,-0.830051,-1.004739,-0.946191,-0.686941,-0.464457,-0.850244,-0.802345,-0.666934,-0.542484,-1.279817,0.173465,-0.750136,-1.971492,-1.313616,-0.731462,-1.109329,-0.192654,-0.324960,-1.187912,-0.382623,-0.156379,-1.412328,-2.188068,0.733227,-0.967184,1.677171,0.484186,-0.919398,0.632768,0.307562,-0.722550,0.849115,0.034502,-0.755629,-0.847183,-0.323226,-0.692135,1.309981,-0.532900,-1.009980,-1.149291,-0.575231,-1.264339,-0.192833,-0.613270,-1.095803,0.559430,-0.650985,-0.703541,0.627367,-0.800034,-1.204328,-1.286457,-0.761082,-0.867453,-1.616650,-0.806974,-1.403855,-1.425826,-0.744160,-1.168959,-1.127994,-0.681388,-1.475429,-0.309665,-0.439208,-1.768715,0.730096,-0.674712,-1.877525,-1.878668,-0.050719,-1.723328,-0.905966,-0.482307,-1.523255,-1.099955,-0.061198,-1.059575,-0.468227,-0.677363,-1.148454,0.062543,-0.422650,-0.709674,0.338027,-0.664389,-0.391290,-0.490416,-0.138870,-0.651916,-0.898987,-0.103348,-0.827596,0.134607,0.052171,-0.841591,-0.792790,-0.814733,-0.811364,-0.576952,-0.777974,-1.120031,-2.059244,-0.759081,-1.124391,-0.413589,-0.882288,-0.842214,-1.533053,-0.643503,-0.610434,-1.532830,-0.601112,-0.618579,-2.043602,-0.497247,-0.917325,-1.300490,-0.903986,-0.406646,-1.552002,-0.695717,-0.225079,-1.002787,-0.973962,-0.800068,0.605634,-0.933269,-1.118311,0.920415,-0.866085,-1.034447,1.786128,-0.667104,-0.860017,-0.663497,-0.905877,-1.097322,-1.634415,-0.946531,-1.105029,1.026996,-0.908969,-1.230499,0.412160,-0.828075,-0.986814,0.230129,-0.706015,-0.351602,-1.281481,-0.833170,-1.126502,-0.391900,-0.888888,-1.066960,-0.041844,-0.890442,-1.383976,0.475226,-0.432222,-1.254876,1.389248,-0.079134,-0.607741,2.153818
0.300685,-0.418668,-0.858321,-0.683470,0.183401,1.020470,-1.376460,0.534022,-0.774684,0.567728,0.726701,1.240580,0.245786,0.093738,1.383060,-0.850251,-0.210561,-0.971535,-1.036731,-1.024248,0.956277,-1.266322,-1.501241,1.368371,-0.275830,-3.338140,-0.418401,1.085467,-3.409926,-0.415244,0.752766,0.750669,1.152152,-0.000001,-0.000001,-0.000001,-0.989754,-3.278403,-0.572360,0.934581,0.938463,1.280916,-0.000001,-0.000001,-0.000001,-0.369996,-0.471289,0.152795,-0.814627,-0.256444,-0.895520,-1.243902,-1.007645,-0.922718,-0.843636,-0.977737,1.301848,-0.000001,-0.000001,-0.000001,-0.000001,-0.000001,-0.000001,-0.000001,-0.000001,-0.000001,-0.000001,-0.000001,-0.000001,-0.000001,-0.000001,-0.000001,-0.000001,-0.000001,-0.000001,-1.069739,-1.275704,-0.774376,-1.075986,-2.059842,-0.167585,-1.296987,-1.827418,-0.879507,-1.180517,-0.790315,0.050267,-1.227575,-0.514533,1.110829,-1.381247,-1.686118,1.077695,-1.217911,-0.682921,1.333002,-1.170017,-1.093048,0.253716,-1.266563,-1.423258,-0.407410,-1.245140,-1.760452,-1.729390,-1.497234,-0.597637,-0.233653,-1.732853,-1.907534,-1.553458,-1.417794,-1.858652,-1.600502,-1.517300,-1.382595,1.064655,-1.421607,-1.277114,-2.519566,-1.478267,-0.752889,-0.237412,-1.585042,-1.149727,-0.296868,-1.304560,0.082155,0.292599,-1.346563,-0.095160,0.066291,-1.406792,-0.469111,0.458144,-1.503595,-0.927680,0.843398,0.244572,-0.141567,-0.773931,-0.263471,-0.380932,-0.986289,-0.398157,-0.395364,-1.549943,0.528342,-0.121597,-0.245799,0.621666,0.321490,0.710746,-0.816943,-0.407765,0.536366,-1.004865,-0.536206,1.295090,-0.932597,-0.668892,1.071962,-0.802020,-0.760841,0.677303,-0.753899,-0.160250,0.945949,-0.033712,-0.112360,0.593377,0.339366,-0.331992,-0.622951,0.810814,-0.404347,-0.965366,-0.354441,-0.002694,0.640632,0.059299,-0.004652,0.215912,0.450036,-0.178377,0.051334,0.505841,-0.206250,-0.356578,0.029843,0.045265,0.755814,0.076708,0.026249,0.014437,0.372121,-0.076993,0.792631,0.441220,-0.114911,0.268787,-1.062061,-1.155866,0.166625,-0.815716,-1.372296,0.842694,-1.134153,-1.000434,-0.612378,-1.077941,-1.270221,-0.037779,-1.178848,-2.067183,0.053141,-1.003731,-1.870843,-0.695966,-0.984946,-2.302868,-0.302058,-1.024171,-1.563114,-0.429935,-1.056785,-1.729378,-1.690494,-1.181413,-1.324812,-1.398152,-1.097714,-0.960862,1.593500,-0.997601,-0.588282,1.304375,-1.099722,-0.993656,-0.471724,-0.929670,-0.605940,0.901545,-0.950042,-0.829385,-1.141377,-0.984783,-0.685484,1.130801,-0.896942,-0.801020,-0.345499,-0.815283,-1.278402,-0.565510,-0.800919,-1.970302,-0.373665,-0.784205,-1.108061,1.205349,-0.670067,-1.186630,0.432347,-0.510909,-1.410245,-1.954135,0.321463,-0.965518,-0.384587,0.086089,-0.917313,-0.334129,-0.396708,-0.720108,-0.461204,-0.622003,-0.753671,-1.016626,-0.369659,-0.690096,0.246353,-0.587019,-1.465112,-0.972549,-0.628655,-1.263582,-0.060175,-0.668863,-1.094942,1.692360,-0.707335,-1.165394,1.033962,-0.550314,-1.596132,-0.693507,-0.815669,-1.435183,-0.931204,-0.861907,-1.403203,-0.871816,-0.798311,-1.168423,-1.040560,-0.736392,-1.475030,-0.424654,-0.484719,-1.767977,-0.490825,-0.726557,-1.876125,-1.326959,-0.348811,-1.721990,-2.077216,-0.531030,-1.521717,-1.337267,-0.594593,-1.057773,-0.876271,-0.729251,-1.146781,0.284741,-0.474947,-1.178068,-0.750388,-0.722012,-0.389776,0.113945,-0.725810,-0.650964,-0.958238,-0.638795,-0.826662,-1.318979,-0.756929,-0.839350,-1.197594,-0.549610,-0.809215,-0.347933,-0.816071,-1.120031,-2.074902,-0.544251,-1.124391,-0.962645,-0.648517,-0.842214,-1.301583,-0.694095,-0.610434,0.165126,-0.653706,-0.618579,-0.865647,-0.794890,-0.917325,-0.507085,-0.945986,-0.407190,-0.334860,-0.982515,-0.225528,-0.094806,-0.746172,-0.800648,1.621159,-0.709323,-1.118765,1.263798,-0.913734,-1.034929,1.378308,-0.711755,-0.860617,-1.198602,-0.948556,-1.097322,-1.132034,-0.725485,-1.105029,1.499258,-0.678389,-1.230499,1.794005,-0.591454,-0.986814,1.261124,-0.750484,-0.351602,-1.415920,-0.596185,-1.126502,0.602771,-0.655736,-1.066960,0.997706,-0.666929,-1.383976,1.003577,-0.477916,-1.253399,0.293117,-0.381469,-0.605735,0.160207
0.289595,-0.431857,-1.048346,-0.679851,0.152424,1.449789,-1.371541,0.502721,-0.639710,0.569840,0.728074,1.275698,0.239591,-0.032200,0.797491,-0.850251,-0.213660,-0.735436,-1.037879,-1.012161,0.923910,-1.259968,-1.495984,1.131650,-0.278983,-0.750379,-0.722618,-0.944784,-0.786749,-0.173627,-1.414717,-1.414742,-1.335527,-0.000001,-0.000001,-0.000001,-0.975728,-1.131505,-0.935054,0.950463,0.938453,0.705923,-0.000001,-0.000001,-0.000001,-0.386272,-0.484137,0.311884,-0.820085,-0.256444,-0.750407,-1.256584,-1.002389,-1.093708,-0.841990,-0.485359,1.406457,-0.000001,-0.000001,-0.000001,-0.000001,-0.000001,-0.000001,-0.000001,-0.000001,-0.000001,-0.000001,-0.000001,-0.000001,-0.000001,-0.000001,-0.000001,-0.000001,-0.000001,-0.000001,-1.053922,-0.035246,-0.221665,-1.058858,-1.601055,-1.068697,-1.279947,-1.823344,-1.000814,-1.165487,-0.784910,0.296568,-1.217687,-0.514533,0.836419,-1.155993,-1.686118,0.174124,-1.198094,0.006929,1.400005,-1.352744,-0.435159,-0.337145,-1.251074,-0.995689,-0.000643,-1.229800,-1.760452,-2.162878,-1.483491,-0.600811,-1.502964,-1.421278,-1.415086,-2.606735,-1.261605,-0.818540,-0.986878,-1.505150,-1.038219,0.235929,-1.273492,-1.027847,-1.679858,-1.222030,-0.425160,0.193980,-1.447845,-0.495979,-0.550143,-1.295039,0.506405,0.497294,-1.339005,0.104496,-0.056301,-1.399659,-0.254016,0.892802,-1.405151,-0.092859,1.293459,0.061866,-0.171356,-0.790074,-0.353459,-0.432327,-1.211852,-0.433934,-0.377811,-1.730037,0.520873,-0.149194,0.272081,0.445070,0.317468,0.894570,-0.895901,-0.413193,0.338867,-1.203081,-0.541927,1.210049,-1.140417,-0.697401,0.895782,-1.045128,-0.805184,0.631010,-0.835602,-0.165109,0.742258,-0.170854,-0.141917,0.529984,0.016133,-0.126267,-0.469002,-0.524856,-0.169325,-0.781582,-0.495158,-0.050800,0.877202,0.022503,-0.056580,0.462176,0.114020,-0.135302,0.021300,-0.211508,-0.164584,0.178765,-0.116773,0.019726,0.478238,0.095247,0.044600,-0.635488,0.195273,-0.057760,0.769436,0.143100,-0.096221,-0.271912,-1.065465,-1.162322,1.169841,-1.047265,-1.003282,0.852440,-1.137430,-1.006443,-0.372368,-1.081000,-1.277325,0.216488,-1.181999,-2.072177,0.115850,-1.007006,-1.318077,-0.703886,-0.987686,-2.309654,-0.141191,-1.475276,-1.567643,-0.559023,-1.515923,-1.737486,-1.652722,-1.649546,-1.329549,-1.161772,-1.099771,-0.969025,1.454284,-0.999760,-0.596665,1.563681,-1.101580,-0.549272,-0.225801,-0.931517,-0.169072,1.286362,-1.203161,-0.194641,-0.677770,-0.986572,-0.696654,1.723753,-1.155762,-0.171727,-0.703068,-1.051028,-1.286223,-0.444632,-1.090868,-1.977410,-0.414036,-1.085028,-1.115637,1.756056,-0.967105,-1.194283,1.089146,-0.816069,-1.419451,-0.880975,-0.031901,-0.975749,-1.128024,-0.592244,-0.926715,-0.315105,-0.723205,-0.731121,-0.146334,-0.925908,-0.765691,-0.428132,-0.628592,-0.702280,-0.717033,-0.891431,-1.473330,-1.448702,-0.632428,-1.269764,-1.135797,-0.672789,-1.101695,1.140747,-0.711315,-1.172727,0.135330,-0.858290,-1.601942,-1.186307,-0.819533,-1.443601,-1.004200,-0.865786,-0.782043,-0.809954,-0.801810,-1.176109,-1.444032,-1.045778,-1.480752,-1.614086,-1.000346,-1.774007,-0.986148,-0.730876,-1.884249,-1.551113,-1.111542,-1.729758,-1.841698,-0.806902,-1.530405,-1.756432,-1.088315,-1.067901,0.234795,-0.733573,-1.156189,-0.468943,-0.478340,-1.186525,-1.144254,-0.725405,-0.886159,-0.363306,-0.997913,-0.658738,-0.350206,-0.886654,-0.834465,-1.127478,-1.014066,-0.851950,-0.117769,-0.876312,-0.821297,-0.137312,-1.244764,-1.126686,-1.709036,-0.809507,-1.129146,-1.413196,-0.936811,-0.847709,-1.224037,-0.980686,-0.618630,0.717740,-0.949453,-0.624422,-1.000331,-1.050307,-0.922792,0.244775,-1.180637,-0.413337,0.547159,-0.985341,-0.230568,0.450775,-1.027160,-0.807204,1.615619,-0.985846,-1.123898,1.425562,-0.917107,-1.040385,1.223038,-1.214706,-0.867367,-1.601697,-0.951835,-1.102983,-0.650398,-0.998087,-1.110169,1.674182,-0.963103,-1.235831,1.514058,-0.883336,-0.992843,1.398637,-1.000541,-0.357089,-1.402275,-0.888516,-1.131968,0.853215,-0.943626,-1.072602,0.530292,-0.942573,-1.388899,1.284656,-0.738795,-1.261739,-0.248301,-0.895893,-0.617068,0.115452
-1.825274,-0.430697,-0.775330,-1.279634,0.175434,1.523121,-2.304740,0.523736,-1.171034,0.571367,0.728074,1.265371,0.239110,0.093242,1.426932,-0.854898,-0.235338,-1.036780,-1.038143,-1.010431,0.731584,-1.266610,-0.620758,0.991764,-0.302017,-2.688082,-0.264403,-0.963228,-2.109672,0.635441,0.752871,0.750681,0.602261,-0.000001,-0.000001,-0.000001,-0.989218,-2.562770,-0.240779,0.934560,0.938453,1.271941,-0.000001,-0.000001,-0.000001,-0.418161,-0.478049,0.794293,-0.832258,-0.296062,-1.059089,-1.259981,-1.003598,-1.217812,-0.837502,-1.026874,1.064465,-0.000001,-0.000001,-0.000001,-0.000001,-0.000001,-0.000001,-0.000001,-0.000001,-0.000001,-0.000001,-0.000001,-0.000001,-0.000001,-0.000001,-0.000001,-0.000001,-0.000001,-0.000001,-1.083499,-0.173079,0.352976,-0.982561,-0.671551,-0.442153,-1.075757,-1.029783,-2.423807,-1.164897,-0.558184,0.564112,-1.223309,-0.608670,0.660926,-1.236037,-0.720513,-0.596903,-1.101713,-0.005292,1.477752,-1.105161,-0.941670,-0.241901,-1.059277,-1.262902,0.492500,-1.442697,-0.464217,-1.492469,-1.362637,-0.623028,-0.352937,-1.348167,-0.825919,-1.931080,-1.363579,-0.639046,-0.940394,-1.342406,-0.289028,-0.523006,-1.139901,-0.853599,-1.499120,-1.137521,-0.442578,1.052727,-1.392805,-0.452582,0.110458,-1.278257,0.301707,0.645611,-1.244004,0.212272,-0.196932,-1.156867,-0.328255,0.604002,-1.162702,-0.156889,1.337992,-0.167389,0.053662,-0.223598,-0.570009,-0.265299,-0.687111,-0.658529,-0.371688,-1.389139,0.456041,-0.051880,0.190829,0.292826,0.398258,0.516330,-1.067006,-0.281552,0.350211,-1.298326,-0.479674,0.694626,-1.342164,-0.617315,0.773771,-1.205550,-0.775951,0.705667,-0.940442,-0.113345,0.583110,-0.208053,-0.087056,0.912499,-0.130321,-0.041655,-0.349276,-0.626118,-0.057201,-0.572983,-0.526431,0.039822,1.176138,0.075717,-0.005728,0.643442,-0.087578,-0.059926,0.302000,-0.472397,-0.092460,0.667143,-0.144144,0.042730,0.697148,0.218480,0.046267,0.363760,0.050439,0.015238,0.528423,-0.207825,-0.025284,0.370884,-1.201754,-1.165395,0.106057,-1.211098,-1.004866,1.422890,-1.082980,-1.006894,-0.733622,-1.210907,-1.275682,-0.694101,-1.315407,-2.069275,-0.969670,-1.360413,-1.311527,0.087157,-1.304948,-1.660250,0.051441,-1.409609,-1.560094,-0.272209,-1.448088,-0.958225,-1.168941,-1.346646,-1.321963,-1.192101,-1.234581,-0.958407,1.660278,-1.140643,-0.588282,1.025075,-1.236128,-0.996062,-0.759605,-1.298962,-0.610632,0.741858,-1.124815,-0.195307,-0.373890,-1.344146,-0.700357,1.022317,-1.075095,-0.817961,0.248269,-1.216870,-1.293075,-0.469936,-1.294948,-1.610656,-0.643207,-1.296028,-1.122802,1.726414,-1.467532,-1.201521,0.786201,-1.328909,-1.428200,-1.223896,0.073063,-0.984869,-0.429274,-0.152744,-0.935607,-0.275473,-0.624046,-1.320173,-0.743508,-1.133886,-1.407971,-1.831836,-0.805043,-0.711763,0.156264,-1.102854,-1.023035,-0.877691,-1.137863,-1.273644,-0.285470,-1.198749,-1.104693,1.734027,-1.244432,-1.175158,0.678922,-1.376705,-1.210543,-1.085269,-1.339465,-1.444188,-0.858947,-1.385497,-0.782695,-0.722375,-1.313685,-1.176645,-1.227754,-1.259352,-1.481584,-1.108555,-0.926956,-1.778530,-0.816827,-1.229729,-1.438626,-1.368145,-1.037907,-1.735222,-2.399653,-0.999449,-1.536016,-1.428658,-1.261787,-1.073891,-0.737474,-1.232843,-1.161752,0.426522,-0.681120,-1.661838,-0.387868,-1.268754,-0.892885,-0.119414,-1.184547,-0.665085,-1.051162,-1.056581,-1.273014,-0.972189,-1.190436,-0.859402,-1.296685,-1.101403,-0.828443,-0.560602,-1.182566,-1.123358,-2.036119,-1.256052,-1.127561,-1.090042,-1.137154,-0.846438,-1.258284,-1.179241,-0.616104,0.581086,-1.154262,-0.623070,-0.845996,-1.479127,-0.920970,-0.051485,-1.342547,-0.409741,-0.364623,-1.398174,-0.660935,-0.327392,-1.221748,-0.802788,1.544125,-1.177426,-1.120441,1.393204,-1.370957,-1.036711,1.437098,-1.140976,-0.863067,-1.192793,-1.358965,-1.100152,-0.954352,-1.187525,-1.108036,1.543276,-1.160357,-1.233618,1.535937,-1.373995,-0.990341,1.335951,-1.173179,-0.354345,-1.655414,-1.379931,-1.129700,0.718458,-1.143081,-1.070028,0.781148,-1.134125,-1.386856,1.172668,-0.921073,-1.267644,0.206164,-0.817863,-0.625039,0.912368
-1.825733,-0.430318,-0.787136,-1.279504,0.178080,1.536043,-2.304196,0.524574,-1.178280,0.571469,0.727731,1.259137,0.238960,0.093490,1.437534,-0.854595,-0.232239,-0.974585,-1.037265,-1.008701,0.702982,-1.266704,-0.619006,0.966398,-0.303231,-2.049221,-0.418324,-0.959952,-2.102121,0.476044,0.752896,0.750681,0.503142,-0.000001,-0.000001,-0.000001,-0.989650,-2.557313,-0.328416,0.934544,0.938453,1.219224,-0.000001,-0.000001,-0.000001,-0.418865,-0.478647,0.797436,-0.832693,-0.296062,-1.061690,-1.259368,-1.004388,-1.224593,-0.838724,-1.043922,1.057445,-0.000001,-0.000001,-0.000001,-0.000001,-0.000001,-0.000001,-0.000001,-0.000001,-0.000001,-0.000001,-0.000001,-0.000001,-0.000001,-0.000001,-0.000001,-0.000001,-0.000001,-0.000001,-1.084182,-0.169449,0.453147,-0.983272,-0.667558,-0.439961,-1.272956,-0.553616,-2.337763,-1.165487,-0.552779,0.585455,-1.223598,-0.603957,0.638990,-1.236766,-0.716810,-0.646993,-1.102535,0.000818,1.429878,-1.105873,-0.935843,-0.267825,-1.059892,-1.259081,0.501458,-1.443541,-0.460766,-1.555851,-1.363232,-0.619854,-0.347675,-1.348698,-0.821518,-1.974904,-1.364082,-0.634439,-0.949984,-1.343082,-0.286041,-0.565179,-1.140389,-0.851391,-1.485293,-1.137959,-0.439675,1.053761,-1.264650,-0.449687,0.129407,-1.278798,0.303570,0.617180,-1.244420,0.214040,-0.197247,-1.157171,-0.326350,0.586928,-1.163025,-0.437597,1.310041,-0.167576,0.054120,-0.190352,-0.542899,-0.264870,-0.675713,-0.658735,-0.393528,-1.371347,0.455803,-0.051464,0.191359,0.268407,0.398608,0.494523,-1.067259,-0.305754,0.372828,-1.298558,-0.479248,0.693779,-1.342374,-0.616931,0.796468,-1.205766,-0.775622,0.697023,-0.940704,-0.112922,0.605297,-0.208318,-0.086607,0.869873,-0.130610,-0.041413,-0.349167,-0.626355,-0.083394,-0.611823,-0.526672,0.040022,1.181704,0.075479,-0.005296,0.638504,-0.087848,-0.059706,0.290913,-0.472633,-0.092036,0.641052,-0.144347,0.043120,0.693155,0.218294,0.046685,0.335617,0.050232,-0.008147,0.526299,-0.208064,-0.024859,0.346901,-1.201949,-1.165395,0.153153,-1.211343,-1.004866,1.473269,-1.082980,-1.006894,-0.673532,-1.210907,-1.275105,-0.652378,-1.315608,-2.069275,-1.099143,-1.360413,-1.311527,0.165068,-1.305140,-1.659588,0.018902,-1.409609,-1.560094,-0.178608,-1.219958,-0.958225,-1.077098,-1.346646,-1.321963,-1.172454,-1.234581,-0.957610,1.650598,-1.140643,-0.588282,1.017863,-1.236128,-0.996062,-0.740430,-1.298962,-0.610136,0.747642,-1.124815,-0.195307,-0.365561,-1.344146,-0.700357,1.015695,-1.075095,-0.817961,0.204959,-1.217109,-1.293075,-0.505465,-1.294948,-1.610656,-0.680936,-1.296335,-1.123214,1.725156,-1.467532,-1.201936,0.797332,-1.329246,-1.428200,-1.212170,0.072687,-0.984869,-0.175173,-0.152744,-0.936117,-0.193634,-0.624407,-1.320771,-0.742246,-1.133886,-1.407971,-1.881535,-0.805043,-0.711763,0.133458,-1.102854,-1.023035,-0.912922,-1.137863,-1.273644,-0.309005,-1.198749,-1.104693,1.749241,-1.244432,-1.175158,0.667389,-1.377033,-1.210543,-1.075868,-1.339465,-1.444188,-0.846381,-1.385497,-0.782695,-0.710808,-1.313685,-1.176645,-1.228926,-1.259681,-1.481584,-1.105943,-0.926956,-1.778530,-0.954502,-1.230030,-1.439093,-1.362760,-1.037907,-1.735668,-2.388024,-0.999449,-1.536016,-1.452607,-1.262051,-1.073891,-0.667902,-1.233145,-1.161752,0.415248,-0.681120,-1.661838,-0.386596,-1.268754,-0.892885,-0.122114,-1.184547,-0.665085,-1.053926,-1.056581,-1.273014,-0.987556,-1.190436,-0.859402,-1.297369,-1.101403,-0.828443,-0.557632,-1.182566,-1.123358,-2.048372,-1.256323,-1.127561,-1.090429,-1.137154,-0.845992,-1.251662,-1.179241,-0.616104,0.578066,-1.154262,-0.622596,-0.839786,-1.479410,-0.920970,-0.054311,-1.342547,-0.409741,-0.338131,-1.398446,-0.660487,-0.329730,-1.221748,-0.802253,1.548684,-1.177426,-1.120022,1.379436,-1.370957,-1.036265,1.437303,-1.141234,-0.862467,-1.187293,-1.358965,-1.100152,-0.981953,-1.187525,-1.108036,1.533627,-1.160357,-1.233618,1.532564,-1.373995,-0.990341,1.336746,-1.173179,-0.354345,-1.654687,-1.379931,-1.129700,0.716973,-1.143081,-1.070028,0.779975,-1.134125,-1.386856,1.166647,-0.921338,-1.267644,0.080595,-0.817863,-0.625039,0.911980
-1.860736,-0.411304,-0.297982,-1.281257,0.206410,1.144053,-1.391755,0.554173,-1.406197,0.573480,0.894116,1.245682,0.242628,0.098437,1.751612,-0.853281,-0.210561,-1.054124,-1.037879,-1.001782,0.786542,-1.268436,-0.606762,1.008974,-1.514460,-2.045503,-0.651958,-0.952987,-2.095815,0.264775,0.752487,0.750681,0.955802,-0.000001,-0.000001,-0.000001,-1.530198,-1.855308,-0.025733,0.934415,0.938453,1.367839,-0.000001,-0.000001,-0.000001,-0.456841,-0.457247,1.032678,-0.855347,-0.227044,-1.326743,-1.267407,-0.982153,-1.146436,-0.845680,-0.681909,0.985817,-0.000001,-0.000001,-0.000001,-0.000001,-0.000001,-0.000001,-0.000001,-0.000001,-0.000001,-0.000001,-0.000001,-0.000001,-0.000001,-0.000001,-0.000001,-0.000001,-0.000001,-0.000001,-1.088138,-0.144034,0.709956,-1.191488,-0.176825,-1.010710,-1.474078,0.414961,-1.670887,-1.341212,-0.509543,0.184156,-1.226314,-0.566314,0.099669,-1.452832,-0.261759,-0.405107,-1.107633,0.049630,0.933014,-1.110468,-0.213920,-0.283428,-1.064081,-0.785703,-0.736275,-1.447420,-0.433202,-1.279266,-1.366776,-0.594464,-0.061444,-1.047812,-0.276309,-1.600564,-1.220968,-0.068372,0.003658,-1.501638,-0.609251,-0.671137,-1.143176,-1.087410,-1.017982,-1.140564,-0.416486,0.805144,-1.010022,0.574332,0.277551,-1.281071,-0.111368,0.474572,-1.246245,0.023228,-0.325368,-1.070539,-0.311130,0.268213,-1.072445,-0.134704,0.732554,0.051800,-0.033642,0.142296,-0.639590,-0.291637,-0.304934,-1.086225,-0.591307,-0.231513,-1.145065,-0.575613,-0.353974,-0.692958,-0.580069,-0.220285,-1.288667,0.021086,-1.345608,-1.297718,-0.225007,-2.964833,-1.452107,-0.366514,-2.351155,-1.592817,-0.159573,-1.646497,-0.844713,0.224710,-1.574587,-0.219384,0.122318,-1.339507,-0.242807,0.082604,-1.335482,-0.773416,0.097279,-1.175865,-0.335177,0.258193,-1.727884,-0.227947,0.181736,-0.984145,-0.464722,0.182251,-1.263066,-0.557983,0.094721,-1.541632,-0.034613,0.263038,-1.600314,0.079592,0.374917,-0.764126,-0.077391,0.312699,-0.564988,-0.227688,0.240198,-0.637469,-1.400087,-1.149007,0.681968,-1.222186,-0.987411,1.629444,-1.092228,-0.985675,-0.278745,-1.219525,-1.250018,-0.239460,-1.324275,-1.657924,-1.252878,-1.370018,-0.723890,1.091749,-1.313591,-0.985801,1.215925,-1.419563,-1.061227,-0.888649,-1.457989,-0.917752,-1.049303,-1.356506,-0.851143,-1.228427,-1.242600,-0.917657,1.782822,-1.352709,-0.551709,1.280537,-1.243983,-0.973633,-0.589554,-1.307726,-0.588583,0.673198,-1.134640,-0.163958,-0.588810,-1.352452,-0.667516,0.908308,-1.085151,-0.788825,-0.165653,-1.923388,-0.841853,1.299060,-1.593964,-1.220970,-0.514173,-1.606587,-1.105935,1.642597,-1.480552,-0.782360,1.119333,-1.342310,-0.923458,-0.716624,-0.291386,-0.961537,-0.920798,-0.841827,-0.914676,-0.484436,-0.960475,-0.717019,-0.419389,-1.146004,-0.748993,-0.716807,-1.071852,-0.683314,-0.901337,-1.115914,-0.545687,-1.057422,-1.150755,-0.890690,-1.113666,-1.212165,-0.686376,0.172450,-1.258031,-0.690827,-0.040615,-1.390218,-0.799283,-1.857941,-1.352711,-0.848219,-0.998449,-1.398753,-0.752017,-0.554820,-1.326750,-0.632496,-0.921811,-1.578457,-0.690160,-1.947224,-1.194787,-1.047717,-1.814808,-1.243299,-0.515898,-0.641561,-1.302238,-0.852762,-1.592119,-1.283953,-0.548682,-0.898483,-1.518245,-1.048180,0.478214,-1.246424,-0.612651,0.548417,-0.984199,-0.700731,-1.053202,-1.282298,-0.382546,-0.121851,-1.464905,-0.644102,-0.529438,-1.311956,-0.819793,-1.297912,-1.455374,-0.827415,-0.224537,-1.438351,-0.797771,0.114497,-1.405019,-0.575282,-1.503169,-1.267691,-0.733327,-1.636290,-1.434163,-0.427822,-0.907256,-1.474495,-0.586363,1.392040,-1.459299,-0.602002,-0.562766,-1.490085,-0.899474,0.333776,-1.584556,0.100029,1.115571,-1.408724,-0.205365,0.639467,-1.511563,-0.776519,1.181919,-1.462309,-1.099874,0.792596,-1.382519,-1.014853,0.628289,-1.401829,-0.252921,-0.930477,-1.369570,-0.189855,-0.529164,-1.468367,-1.087860,0.912084,-1.453678,-0.791460,0.729905,-1.386518,-0.966676,0.988155,-1.925204,-0.332957,-1.170443,-1.392474,-1.108246,0.426365,-1.439674,-1.049647,-0.153554,-1.418101,-0.978593,0.453285,-1.190122,-0.783210,-0.359833,-1.340434,-0.596408,-0.224764
-1.883782,-0.382605,-0.006381,-1.277012,0.185183,1.149974,-1.348959,0.573462,-0.442109,0.572436,0.902006,1.001786,0.088867,0.227340,1.057093,-1.366370,-1.817644,-0.841702,-1.042121,-1.010431,0.837526,-1.273921,-0.605010,1.199305,-0.270974,-1.402910,-0.688571,-0.929216,-1.446949,-0.353294,0.752697,0.750669,0.894953,-0.000001,-0.000001,-0.000001,-0.980865,-1.147862,-0.736494,0.918509,0.938453,1.287995,-0.000001,-0.000001,-0.000001,-0.484009,-0.438872,1.537285,-0.872157,-0.155068,-1.523279,-1.283787,-0.980549,-1.423464,-0.851813,-0.698957,0.684887,-0.000001,-0.000001,-0.000001,-0.000001,-0.000001,-0.000001,-0.000001,-0.000001,-0.000001,-0.000001,-0.000001,-0.000001,-0.000001,-0.000001,-0.000001,-0.000001,-0.000001,-0.000001,-1.098456,-0.971035,-1.172951,-1.203507,-0.627625,-1.767202,-1.486863,-0.036763,-1.473907,-1.352364,-0.482586,0.450241,-1.233681,0.003332,0.130619,-1.464764,0.185930,0.303719,-1.121517,0.092331,1.272793,-1.326771,-0.179025,0.047000,-1.254015,-0.759000,-0.957402,-1.457369,-0.016035,0.265893,-1.375938,-0.210825,0.492440,-1.360836,0.260151,-0.714762,-1.376274,-0.036125,-0.370203,-1.353617,-0.246769,-0.393085,-1.289843,-0.313140,-1.277974,-1.272753,-0.399068,0.386790,-1.274925,0.259005,0.085141,-1.287137,-0.102055,-0.040948,-1.250979,0.033817,-0.226734,-1.075218,-0.299698,0.301601,-1.170082,-0.119944,0.751642,-0.188746,0.200312,-0.438653,-0.643631,-0.002333,-0.379495,-0.634105,0.046117,-1.572587,0.369008,0.325345,0.369514,0.120196,0.916573,0.388526,-1.258428,0.125360,0.187587,-1.462092,0.093451,-1.258507,-1.513581,-0.031872,-0.222574,-1.489256,-0.035118,0.079726,-1.031453,0.463252,-0.069805,-0.385778,0.548905,-0.171845,-0.494235,0.516545,-0.080688,-0.842633,0.536721,-0.223286,-0.606678,0.550215,0.724044,-0.171996,0.544815,0.287337,-0.268611,0.479587,0.007883,-0.626989,0.451318,0.105641,-0.235690,0.635220,0.496148,0.076964,0.680419,0.430626,-0.023025,0.608626,0.321825,-0.319447,0.551344,-0.058585,-1.402685,-0.778658,0.195682,-1.225559,-0.978651,0.900524,-1.289293,-0.541230,-0.259977,-1.403195,-0.726221,0.659258,-1.327426,-0.869237,-0.987999,-1.373942,-0.718544,1.577393,-1.317713,-0.341142,2.010000,-1.649264,-0.584924,-1.923393,-1.692877,-0.914522,-1.157109,-1.596850,-0.402043,-1.602520,-1.443987,-0.912746,1.600696,-1.360697,-0.544816,1.735881,-1.447146,-0.517337,-0.408682,-1.316716,-0.138592,1.739029,-1.396276,-0.151696,-0.187379,-1.361424,-0.650397,1.718058,-1.352921,-0.130396,-0.214701,-2.159133,-0.827664,2.167299,-1.599401,-0.460960,-0.812519,-1.612861,-0.693957,1.108108,-1.781009,-0.768335,1.132855,-1.651593,-0.423299,1.118051,-1.350349,-0.405726,-0.666428,-1.528034,-0.897446,0.507558,-1.618588,-0.696837,0.636567,-1.458800,-0.726911,0.412762,-1.595451,-0.662970,-1.081763,-1.425742,-0.532161,-1.279588,-1.456602,-0.148060,-1.900176,-1.530431,-0.276122,-1.497183,-1.580629,-0.680026,-1.326193,-1.398586,-0.007365,-1.539355,-1.666621,-0.269086,-1.265857,-1.407801,-0.109464,-0.984362,-1.636981,-0.103719,-0.509110,-1.588175,0.090219,-1.667307,-1.711780,-0.322965,-1.782927,-1.541011,-0.502527,-1.007402,-1.814565,-0.408391,0.166236,-1.563578,-0.534882,-0.799362,-1.768994,-0.466584,1.795287,-1.544386,-0.597635,-0.532569,-1.284524,-0.687298,-1.531855,-1.613444,-0.368085,-0.842844,-1.744126,-0.169892,0.799083,-1.812348,-0.373404,-0.607692,-1.719238,-0.807302,1.490475,-1.449654,-0.778484,-0.348569,-1.623419,-0.045955,0.084809,-1.536827,0.023316,-1.605205,-1.442314,-0.022668,0.421408,-1.482878,-0.576828,1.409070,-1.468262,0.252783,0.645687,-1.498370,0.402467,0.510642,-1.592414,0.106678,1.750845,-1.416699,0.233739,1.642761,-1.520078,-0.252612,0.248881,-1.470398,-0.689682,-0.123371,-1.390147,-0.578920,-0.476136,-1.658466,-0.245570,-0.948027,-1.375890,-0.183736,0.251545,-1.476075,-0.675809,-0.221627,-1.462007,-0.364464,-0.604803,-1.395364,-0.483359,0.094856,-1.933314,0.103422,-0.657595,-1.401333,-0.670109,-0.345451,-1.448095,-0.225107,-1.047017,-1.425895,-0.584330,-0.569546,-1.709966,-0.769485,-0.661688,-1.605643,-0.577755,0.087560
-1.883350,-0.382605,-0.038320,-1.277386,0.180295,1.180740,-1.348776,0.567468,-0.374955,0.572589,0.901662,1.032258,0.088536,0.227588,0.993271,-1.366876,-1.820743,-0.799478,-1.041943,-1.012161,0.877685,-1.272671,-0.605010,1.176468,-0.272677,-1.402910,-0.641542,-0.930855,-1.446949,-0.280897,0.752717,0.750669,0.902371,-0.000001,-0.000001,-0.000001,-0.981401,-1.147862,-0.693400,0.918558,0.938453,1.291770,-0.000001,-0.000001,-0.000001,-0.484009,-0.438872,1.548134,-0.873823,-0.158026,-1.623939,-1.283174,-0.980549,-1.405461,-0.852611,-0.715002,0.705076,-0.000001,-0.000001,-0.000001,-0.000001,-0.000001,-0.000001,-0.000001,-0.000001,-0.000001,-0.000001,-0.000001,-0.000001,-0.000001,-0.000001,-0.000001,-0.000001,-0.000001,-0.000001,-1.095874,-0.974666,-0.819939,-1.200856,-0.627625,-1.742527,-1.483961,-0.040837,-1.472584,-1.349985,-0.482586,0.577269,-1.232131,0.003332,0.110948,-1.461829,0.182227,0.231029,-1.118252,0.086295,1.305992,-1.323945,-0.179025,0.104511,-1.251537,-0.762821,-0.951001,-1.454663,-0.019486,0.450129,-1.373575,-0.213998,0.503454,-1.358726,0.255750,-0.727694,-1.374243,-0.036125,-0.344868,-1.351457,-0.249793,-0.401920,-1.287899,-0.313140,-1.225317,-1.271016,-0.401971,0.434703,-1.273140,0.256109,0.142731,-1.285406,-0.103917,-0.059140,-1.249732,0.032049,-0.206525,-1.073991,-0.299698,0.300595,-1.076294,0.163259,0.830685,-0.189172,0.200771,-0.437533,-0.644033,-0.001904,-0.385046,-0.634516,0.046526,-1.592881,0.368562,0.325760,0.367483,0.119839,0.916748,0.390316,-1.258935,0.100703,0.238545,-1.462584,0.093924,-1.414271,-1.514000,-0.031446,-0.274370,-1.489640,-0.034754,0.156053,-1.031977,0.440222,-0.083653,-0.386249,0.549353,-0.173781,-0.494747,0.516787,-0.083311,-0.843136,0.537211,-0.214900,-0.607159,0.550614,0.734545,-0.172421,0.545246,0.289713,-0.269090,0.480027,0.015673,-0.627490,0.451742,0.121406,-0.236097,0.635610,0.489106,0.076592,0.680836,0.442618,-0.052120,0.609064,0.320758,-0.319873,0.551769,-0.011024,-1.402083,-0.779031,0.224852,-1.224833,-0.979071,0.906644,-1.288883,-0.542168,-0.250699,-1.402806,-0.727864,0.677547,-1.327226,-0.870486,-0.959501,-1.373720,-0.720904,1.623300,-1.317522,-0.344562,2.073777,-1.649264,-0.587903,-1.923631,-1.693112,-0.918543,-1.151327,-1.597331,-0.404430,-1.557166,-1.444396,-0.916861,1.611187,-1.361338,-0.547859,1.722711,-1.447979,-0.518772,-0.408580,-1.317625,-0.140004,1.737420,-1.397335,-0.153028,-0.221804,-1.362310,-0.651125,1.719389,-1.354004,-0.130396,-0.288963,-2.158643,-0.827217,2.117045,-1.599094,-0.460574,-0.805267,-1.612861,-0.693100,1.096329,-1.781009,-0.767470,1.189242,-1.651917,-0.422299,1.221707,-1.699998,-0.404615,-0.585856,-1.528732,-0.896382,0.759053,-1.619618,-0.695592,0.730576,-1.760774,-0.726258,0.302394,-1.596268,-0.662309,-0.932840,-1.726966,-0.531650,-1.262292,-1.456909,-0.148060,-1.873215,-1.530751,-0.276122,-1.628047,-1.580953,-0.680544,-1.407214,-1.398586,-0.007770,-1.546385,-1.666963,-0.270260,-1.259474,-1.408117,-0.110822,-1.003136,-1.637317,-0.104791,-0.528375,-1.588807,0.089387,-1.688597,-1.711516,-0.322965,-1.791201,-1.541011,-0.502022,-1.016755,-1.814565,-0.407908,0.194862,-1.563578,-0.534882,-0.822641,-1.768741,-0.466584,1.824600,-1.544386,-0.597635,-0.514033,-1.285138,-0.687298,-1.502985,-1.614465,-0.367538,-0.825828,-1.744706,-0.169376,0.845296,-1.813119,-0.373404,-0.561402,-1.719786,-0.807302,1.530632,-1.450322,-0.778484,-0.310142,-1.623419,-0.048159,0.084809,-1.536827,0.022152,-1.603177,-1.442608,-0.023939,0.406140,-1.483171,-0.578735,1.411282,-1.468892,0.251432,0.652681,-1.498652,0.401128,0.508691,-1.592914,0.104629,1.759588,-1.416972,0.231910,1.692599,-1.520676,-0.254217,0.251910,-1.470680,-0.690940,-0.153230,-1.390422,-0.580256,-0.516892,-1.658466,-0.248020,-0.947963,-1.375890,-0.185151,0.254283,-1.476353,-0.677487,-0.217704,-1.462297,-0.365806,-0.593487,-1.395985,-0.485328,0.120544,-1.933836,0.102050,-0.664362,-1.401955,-0.671894,-0.330581,-1.448389,-0.226411,-1.030917,-1.426176,-0.585569,-0.570860,-1.709966,-0.769485,-0.650117,-1.606194,-0.577755,0.135107
-1.885568,-0.378721,-0.015821,-1.277256,0.166576,1.086684,-1.340945,0.565322,-0.339261,0.572334,0.905779,0.804222,-0.224548,0.359216,-0.955385,-1.371022,-1.836222,-0.312225,-1.041765,-1.008701,0.938655,-1.271995,-0.608514,1.052695,-1.507666,-0.090398,-1.018002,-0.965679,-0.115213,0.309097,0.752577,0.750681,0.110957,-0.000001,-0.000001,-0.000001,-0.988257,-0.418602,-0.781544,0.934695,0.938453,0.636875,-0.000001,-0.000001,-0.000001,-0.488730,-0.433979,1.656908,-0.875079,-0.125668,-1.388706,-1.284099,-0.979340,-1.529740,-0.857099,-0.616727,0.797758,-0.000001,-0.000001,-0.000001,-0.000001,-0.000001,-0.000001,-0.000001,-0.000001,-0.000001,-0.000001,-0.000001,-0.000001,-0.000001,-0.000001,-0.000001,-0.000001,-0.000001,-0.000001,-1.292428,-0.564796,-0.645326,-1.605290,-0.180818,-1.108915,-1.480902,0.414961,-1.647245,-1.347160,0.111319,0.317678,-1.341968,-0.020173,-0.293111,-1.459442,0.167414,0.689980,-1.115398,0.757813,0.902053,-1.321119,0.461381,-0.008208,-1.427382,-0.342849,-1.175040,-1.453151,-0.033289,0.736721,-1.371943,-0.226694,0.938122,-1.509032,0.233744,-0.501016,-1.372213,-0.063765,-0.338346,-1.350509,0.088573,-0.019433,-1.286812,-0.070497,-1.099210,-1.269717,-0.080048,0.238337,-1.271572,0.574332,-0.078885,-1.159827,0.318470,-0.017807,-1.153236,0.228189,-0.124110,-1.073148,-0.090319,0.256729,-1.075334,0.150934,0.691543,-0.292229,0.286010,-0.717551,-0.518224,0.125082,-0.987876,0.121816,0.212668,-1.527553,0.267880,0.471418,0.517994,0.034505,1.020444,0.815033,-1.311109,0.234154,0.561141,-1.509904,0.259667,-0.506974,-1.527661,0.070770,0.620422,-1.475419,-0.048622,0.397016,-1.195054,0.518397,0.717830,-0.531955,0.582494,-0.257423,-0.510981,0.499136,-0.041507,-0.562207,0.519340,-0.951255,-0.790288,0.646826,0.940343,-0.303982,0.673025,0.760943,-0.284409,0.512771,0.108717,-0.413481,0.436302,0.014139,-0.447221,0.729776,0.721772,-0.296808,0.827854,0.504631,0.049379,0.666108,1.150829,0.079605,0.536478,0.002500,-1.590611,-0.776392,-0.042079,-1.451794,-0.977099,-0.113719,-1.482461,-0.540779,-0.210544,-1.402424,-0.727331,0.857680,-1.326833,-0.870891,-0.987464,-1.373720,-0.722060,1.643595,-1.317713,-0.346548,2.213146,-1.873987,-0.589902,-2.017194,-1.922195,-0.922564,-1.208465,-1.831533,-0.406317,-1.667185,-1.446044,-0.919250,1.574167,-1.363278,-0.549349,1.621853,-1.450048,-0.068607,-0.523531,-1.320156,0.303426,1.571895,-1.400253,-0.151030,-0.203253,-1.365012,-0.648151,1.645173,-1.357264,-0.766421,-0.459946,-2.158404,-0.822636,1.697170,-1.599094,-0.830094,-0.750142,-1.613180,-0.688917,1.120389,-1.781615,-0.763245,1.197895,-1.652863,-0.417134,1.245916,-2.051151,-0.398874,1.590374,-1.868283,-0.891192,1.868510,-1.945419,-0.689512,1.475353,-1.763962,-0.719569,0.092765,-1.598985,-0.656189,-0.797620,-1.728547,-0.527757,-1.688837,-1.755517,-0.145379,-1.865282,-1.841484,0.126103,-2.250498,-1.582612,-0.215264,-2.412402,-1.399882,-0.006520,-1.886884,-1.668237,-0.268498,-1.348675,-1.409748,-0.739366,-1.400460,-1.639223,-0.103183,-0.756558,-1.590756,0.090618,-2.073121,-1.967423,-0.319949,-1.410762,-1.541325,-0.046837,-1.076013,-1.814838,-0.404228,0.831257,-1.564141,-0.530808,-0.945990,-1.769258,-0.462396,2.215400,-1.544700,-0.593745,-0.992088,-1.577750,-0.683332,-1.573114,-1.616837,-0.363376,-0.832635,-1.747256,-0.165449,1.188044,-1.815456,-0.369746,-0.435706,-1.722196,-0.801365,1.833292,-1.452716,-0.772791,-0.408442,-1.623878,-0.048159,0.156098,-1.799591,0.022540,-1.700459,-1.443822,-0.023527,-0.026446,-1.484682,-0.578116,1.448081,-1.470427,-0.172163,0.493248,-1.500251,0.401574,0.388388,-1.594394,0.104629,1.916050,-1.661590,0.231462,1.659076,-1.522135,-0.772684,0.224963,-1.472138,-0.691359,-0.162243,-1.391558,-0.580701,-0.494491,-1.659251,-0.248620,-1.052413,-1.376651,-0.185610,0.059076,-1.477501,-0.677068,0.044414,-1.463799,-0.786564,-0.434525,-1.397501,-0.484836,0.197538,-1.935401,0.101605,-0.632151,-1.403473,-0.671448,-0.236479,-1.449907,-0.635861,-1.125934,-1.427336,-0.585569,-0.536525,-1.967326,-0.765574,-0.705512,-1.608355,-0.572441,0.270289
-1.878481,-0.386867,-0.070703,-1.282004,0.175434,1.245831,-1.358063,0.560611,-0.435828,0.571978,0.906122,0.927964,-0.226443,0.356247,-0.648224,-1.375872,-1.817644,-0.605824,-1.040439,-1.003512,1.114561,-1.274209,-0.605010,1.116346,-1.531439,-1.392972,-1.101341,-0.982897,-1.436875,-0.410456,0.752368,0.750669,0.704788,-0.000001,-0.000001,-0.000001,-1.530309,-1.141040,-0.533942,0.918804,0.938453,0.966048,-0.000001,-0.000001,-0.000001,-0.488730,-0.444399,1.261858,-0.870466,-0.181510,-1.601513,-1.283787,-0.978920,-1.461287,-0.857921,-0.599679,0.674308,-0.000001,-0.000001,-0.000001,-0.000001,-0.000001,-0.000001,-0.000001,-0.000001,-0.000001,-0.000001,-0.000001,-0.000001,-0.000001,-0.000001,-0.000001,-0.000001,-0.000001,-0.000001,-1.298452,-0.136772,-0.338054,-1.815102,-0.168887,-0.576727,-1.683386,0.423109,-0.351738,-1.352364,0.127532,0.517583,-1.345358,-0.010748,-0.599439,-1.466053,0.174820,0.600245,-1.122539,0.776145,0.708132,-1.531059,0.473036,-0.586587,-1.432800,0.107602,-1.501479,-1.459221,-0.026387,0.951186,-1.377263,-0.220346,-0.298429,-1.209475,0.242546,-1.201895,-1.230238,-0.049945,0.063136,-1.199652,0.094583,-0.087954,-1.011885,-0.319764,-0.430289,-1.023146,-0.074242,1.029274,-1.018055,0.915648,0.941554,-1.163726,0.108208,-0.391284,-1.156226,0.231705,-0.559092,-0.987433,-0.086509,0.095480,-0.985719,0.441533,1.155135,-0.323892,0.282343,-0.772678,-0.436595,0.050345,-1.125311,0.034264,0.186542,-1.696703,0.207412,0.399003,0.865367,-0.016719,0.959415,0.779430,-1.383982,0.205428,0.318896,-1.672744,0.177151,-1.020437,-1.674974,0.019982,1.017729,-1.423963,-0.233844,0.747798,-1.270399,0.468111,0.401388,-0.566947,0.554055,-0.634388,-0.584448,0.441603,-0.363561,-0.893619,0.515422,-1.033799,-0.892898,0.577164,0.795301,-0.365034,0.645659,0.560864,-0.419876,0.509254,-0.100607,-0.677792,0.432918,-0.136615,-0.449231,0.640094,0.963476,-0.298646,0.685632,0.117371,-0.096074,0.589831,0.905495,-0.070066,0.533079,-0.291737,-1.593014,-0.781700,0.646999,-1.454686,-0.981431,0.418187,-1.484719,-0.544948,-0.125630,-1.404331,-0.731194,0.886426,-1.328806,-0.872949,-0.809601,-1.375468,-0.723890,1.605383,-1.319088,-0.347210,2.276388,-1.651164,-0.589902,-1.920986,-1.694556,-0.922564,-1.147855,-1.598814,-0.406317,-1.688452,-1.445634,-0.920047,1.572182,-1.362418,-0.551709,1.535276,-1.449013,-0.521139,-0.381080,-1.318778,-0.142331,1.090587,-1.398664,-0.157134,-0.383851,-1.363442,-0.656406,1.496343,-1.355352,-0.775913,-0.452334,-2.160860,-0.830867,1.742836,-1.887222,-0.837202,-1.013529,-1.615071,-0.696494,1.218127,-1.783167,-0.770898,1.598052,-1.653822,-0.910127,0.500439,-2.051512,-0.946722,1.085544,-1.868283,-0.900594,2.242648,-1.944404,-0.700525,1.677106,-1.762381,-1.363154,0.046768,-1.597627,-0.667712,-0.762887,-2.029772,-0.535503,-1.975624,-2.052871,-0.517073,-2.212855,-1.841804,-0.679175,-1.470675,-1.583286,-0.683454,-1.206577,-1.704952,-0.402885,-2.173569,-1.668881,-0.273882,-1.819285,-1.715829,-0.745339,-1.571642,-1.639534,-0.626999,-1.424794,-1.896560,-0.685669,-2.421684,-1.969330,-0.682910,-1.568298,-1.834707,-0.505831,-1.950079,-1.816451,-0.411551,-0.125817,-1.565572,-0.538457,-1.552852,-1.770809,-1.036202,2.215825,-1.838327,-0.601525,-1.216116,-1.577750,-1.160669,-1.739801,-1.616161,-0.371658,-1.410853,-1.746410,-0.173263,0.602185,-1.814430,-0.810161,-0.223356,-1.721396,-0.812512,1.685158,-1.452382,-0.783480,-0.894726,-1.837986,-0.050902,-0.152684,-1.800707,-0.355394,-1.865889,-1.444729,-0.026034,-0.645512,-1.485279,-0.582601,1.133704,-1.470729,-0.174829,-0.095683,-1.500251,-0.464874,0.604939,-1.594394,0.102078,1.515581,-1.661590,-0.203946,1.001937,-1.522422,-0.774869,0.262673,-1.472714,-0.693524,-0.119005,-1.658504,-0.583002,-0.365141,-1.910060,-0.251070,-0.893745,-1.377658,-0.187943,-0.528764,-1.478358,-1.085692,0.470770,-1.464392,-0.789248,-0.204700,-1.397799,-0.964133,0.371690,-1.935401,-0.331140,-0.923791,-1.403772,-1.105941,-0.120725,-1.450507,-0.638047,-1.178925,-1.428204,-0.976550,-0.297230,-1.968964,-0.772916,-0.259259,-1.863809,-0.582419,0.608210
-1.869148,-0.409764,-0.427664,-1.280007,0.148886,1.411261,-1.351327,0.544726,-0.265343,0.572741,0.903036,1.017359,-0.223225,0.231300,-0.011952,-1.377594,-1.833122,-0.062814,-1.037793,-1.005242,1.203663,-1.275460,-0.598001,0.938508,-1.515185,-0.105312,-1.011586,-0.959952,-0.776675,0.375828,0.727469,0.750681,0.669250,-0.000001,-0.000001,-0.000001,-1.526669,-0.419950,-0.896125,0.902316,0.938453,0.896728,-0.000001,-0.000001,-0.000001,-0.480613,-0.467032,0.786371,-0.865443,-0.275536,-1.926883,-1.279466,-0.986620,-1.299652,-0.848522,-1.059967,0.539991,-0.000001,-0.000001,-0.000001,-0.000001,-0.000001,-0.000001,-0.000001,-0.000001,-0.000001,-0.000001,-0.000001,-0.000001,-0.000001,-0.000001,-0.000001,-0.000001,-0.000001,-0.000001,-1.303260,-0.122294,-0.430870,-1.821106,-0.152914,-0.737260,-1.689691,-0.024542,-0.881861,-1.357876,0.159960,0.846006,-1.237267,0.022182,-0.557132,-1.471565,0.196995,0.150308,-1.129070,0.812736,0.431488,-1.537239,0.513830,-0.610686,-1.438379,0.134351,-1.319193,-1.463768,-0.005725,0.638380,-1.211204,-0.198130,-0.314192,-1.061408,0.273301,-1.015778,-1.234555,0.511515,0.366228,-1.358744,0.112726,-0.015078,-1.015034,-0.050652,0.171567,-1.026295,0.613114,1.227508,-1.021626,1.268546,1.139540,-1.166322,0.547336,0.044329,-1.158385,0.853642,-0.303872,-0.901105,0.366522,0.154880,-0.988045,0.739496,1.352849,-0.438506,0.307090,-1.097872,-0.711857,0.025935,-1.142127,-0.789229,0.072856,-1.706283,0.006232,0.260399,0.423237,-0.014045,0.706554,-0.087563,-1.450104,0.079668,0.643217,-1.572639,0.098180,0.347923,-1.439231,-0.098664,0.870740,-1.180975,-0.294794,0.982830,-1.447864,0.350215,0.904516,-0.563268,0.429103,0.259544,-0.580517,0.414043,-0.315126,-0.988597,0.351643,-0.949150,-0.955686,0.510096,1.119157,-0.391203,0.525424,0.358360,-0.515954,0.362236,-0.187842,-0.739570,0.291422,0.162071,-0.474082,0.596227,0.769749,-0.373148,0.615565,0.102094,-0.150209,0.516395,0.603127,-0.155285,0.414569,-0.578113,-1.590009,-0.798864,0.309315,-1.451078,-0.999306,0.444284,-1.481642,-0.565717,-0.243793,-1.401466,-0.755171,0.827154,-1.325655,-0.891205,-0.659432,-1.371980,-0.749947,1.681212,-1.315956,-0.377055,1.918479,-1.423364,-1.085301,-1.355614,-1.462576,-0.957434,-0.888214,-1.362167,-0.874326,-1.424073,-1.247943,-0.955951,1.805200,-1.358749,-0.585302,1.219888,-1.445498,-0.993190,0.204736,-1.314860,-0.606398,0.784766,-1.393876,-0.831438,-1.012152,-1.359626,-0.689976,1.053639,-1.350755,-0.807090,-0.903634,-2.156927,-0.851461,1.856459,-1.882375,-1.602358,-1.203007,-1.610344,-1.113957,1.223604,-1.778209,-0.790464,1.555449,-1.648728,-1.417452,-0.207115,-2.045602,-1.510496,0.261793,-1.862211,-0.924631,2.168076,-1.938602,-1.307316,1.376484,-1.756950,-2.025450,-0.455714,-1.592999,-0.698862,-1.060373,-2.024680,-1.013873,-2.182394,-2.047845,-0.900783,-2.456398,-1.836586,-0.698263,-1.206287,-1.890951,-0.705494,-1.605476,-1.395705,-1.205611,-2.374093,-1.663730,-0.868677,-1.911498,-1.710319,-0.775311,-1.899418,-1.634129,-1.170076,-2.178569,-1.891069,-1.090363,-2.461308,-1.965263,-1.057193,-1.535012,-1.538538,-1.430036,-2.343190,-1.812157,-1.295386,-0.764898,-1.560974,-1.044157,-2.126093,-1.766662,-1.063762,1.959242,-1.541911,-1.152344,-1.062742,-1.572517,-1.652896,-1.781060,-1.610741,-1.371234,-1.777747,-1.741575,-1.116447,-0.032388,-1.810001,-1.264763,0.128643,-1.716828,-0.846801,1.001131,-1.446564,-0.816360,-1.180293,-1.621383,-0.597359,-0.897245,-1.796264,-1.124003,-1.697235,-1.724282,-0.842626,-1.322701,-1.480173,-0.610434,0.746626,-1.465795,-0.619017,-0.990368,-1.495978,-1.348728,1.066881,-1.590215,-0.406145,1.038252,-1.414397,-0.657724,0.102167,-1.517734,-0.799533,1.173697,-1.467788,-0.712415,0.654845,-1.387601,-1.034002,0.316785,-1.905834,-0.278073,-1.290354,-1.373629,-0.652749,-1.172888,-1.473502,-1.104609,1.562958,-1.459320,-1.230064,1.372592,-1.392929,-0.986322,1.472777,-2.178157,-0.781605,-1.177575,-1.398894,-1.126056,1.108922,-1.445378,-1.066537,0.031974,-1.423293,-1.383574,0.799582,-1.964603,-0.795460,-0.229053,-1.859190,-0.613055,0.782137
-1.860736,-0.435361,-0.958275,-0.683348,0.151101,1.278517,-1.351871,0.545589,-0.256646,0.571342,0.902692,1.191935,-0.541242,0.230309,0.524570,-1.377693,-1.836222,-0.106020,-1.034435,-1.005242,0.872717,-1.269781,-0.615502,0.967401,-0.283098,-2.694302,0.001088,-0.912011,-2.754755,0.229271,0.752672,0.750681,1.171467,-0.000001,-0.000001,-0.000001,-0.985578,-2.570940,-0.506574,0.934399,0.938453,1.387480,-0.000001,-0.000001,-0.000001,-0.468396,-0.493959,0.412950,-0.869210,-0.344554,-2.247328,-1.278220,-0.992271,-1.167422,-0.850990,-1.585437,0.528839,-0.000001,-0.000001,-0.000001,-0.000001,-0.000001,-0.000001,-0.000001,-0.000001,-0.000001,-0.000001,-0.000001,-0.000001,-0.000001,-0.000001,-0.000001,-0.000001,-0.000001,-0.000001,-1.291746,-0.158556,0.142547,-1.603706,-0.196791,-0.945034,-1.675033,0.394593,-0.715364,-1.345081,0.084362,0.714239,-1.228835,-0.048449,-0.636242,-1.670007,0.145194,0.626326,-1.349004,1.423220,0.113805,-1.522926,0.420658,-0.712412,-1.425368,0.069435,-1.588737,-1.647004,0.342469,1.047177,-1.371203,-0.248871,0.506690,-1.203797,0.712989,-0.780229,-1.224526,0.437920,0.580821,-1.350369,0.070430,-0.378338,-1.007405,0.169937,0.096616,-1.018691,0.569603,0.537161,-1.013259,1.222288,0.620638,-1.284646,-0.120658,-0.675097,-1.057485,0.217578,-0.448125,-0.895963,0.117154,0.001111,-0.982428,0.419378,0.797229,-0.487505,0.255077,-1.075289,-0.702318,-0.022675,-1.057520,-0.722428,-0.471699,-1.331460,-0.129721,-0.131972,-0.947534,0.118124,0.395284,-1.238520,-1.543580,0.003218,0.532587,-1.112173,0.096998,-1.865341,-0.470662,0.137134,-1.537634,-0.531863,0.392990,-0.711080,-1.362655,0.325917,0.463071,-0.682722,0.403351,-0.550699,-0.568310,0.412833,-0.385536,-1.141823,0.269140,-0.235244,-1.077861,0.486941,0.479694,-0.440060,0.500428,0.294051,-0.704181,0.385529,-0.335494,-0.990281,0.290364,0.139540,-0.605564,0.551971,0.846165,-0.312648,0.545081,0.157439,-0.312458,0.491042,0.393067,-0.646867,0.460655,-0.511913,-1.432506,-0.814135,1.416155,-1.488901,-1.014014,-0.041592,-1.513900,-1.017034,0.233710,-1.250517,-0.771510,0.923239,-1.356196,-1.294255,-0.555961,-1.199195,-0.764685,0.682454,-1.345393,-1.033244,1.478342,-1.682232,-1.096318,-1.581868,-1.497348,-0.974440,-1.488434,-1.629346,-1.331436,-1.771662,-1.276507,-0.974733,1.553255,-1.184429,-0.604302,0.706177,-1.473402,-1.006073,1.107220,-1.345737,-1.506418,1.025868,-1.429477,-0.854575,-2.021634,-1.177472,-0.717537,0.810698,-1.643224,-0.834240,-1.567165,-1.963126,-1.304508,1.484042,-1.928643,-1.620530,-2.029159,-1.657465,-1.133327,0.562628,-1.531093,-1.212152,1.281676,-1.394207,-1.924734,-0.706425,-1.748803,-1.536051,1.238485,-1.574798,-0.948668,2.139063,-1.662701,-1.335471,2.733857,-1.499577,-1.423961,-0.014002,-1.886160,-0.728688,-0.375551,-2.070519,-1.947807,-2.346090,-2.390143,-1.649217,-2.172869,-2.192771,-1.114822,-0.479818,-1.938707,-1.186438,-1.996416,-1.746788,-2.004116,-2.515660,-1.710564,-2.025769,-3.390642,-1.756874,-1.427854,-3.976980,-1.679673,-1.707656,-3.212832,-1.937013,-1.490566,-2.369695,-2.006433,-1.430338,-0.558219,-1.876358,-1.901895,-2.847825,-1.852064,-2.178292,0.459939,-2.148139,-2.030951,-2.502136,-1.560249,-1.088255,1.962162,-1.880014,-1.175095,-1.882433,-1.906684,-2.143625,-1.481960,-1.657868,-1.881573,-2.736943,-1.511639,-1.597995,0.102330,-1.845849,-1.284027,1.585233,-1.499537,-1.580739,0.976209,-1.494112,-1.520137,-5.072224,-1.654747,-1.657136,-0.487079,-2.098660,-1.511445,-0.700601,-1.483280,-1.652899,-1.983996,-1.523308,-1.227980,-1.334523,-1.217380,-1.480484,-2.082578,-1.533648,-1.794262,2.479329,-1.392424,-1.391770,0.456954,-1.450663,-1.103698,-0.093687,-1.281716,-0.813760,0.901741,-1.509408,-1.129031,0.400758,-1.428482,-1.045840,-0.460525,-2.194174,-0.875368,-1.330113,-1.410749,-1.554135,-1.461773,-1.514811,-1.117058,1.947718,-1.502172,-1.242976,0.627599,-1.436288,-1.000923,0.779283,-1.967842,-1.655251,-0.606620,-1.442319,-1.139292,0.960387,-1.488708,-1.488575,-0.336236,-1.465063,-1.395497,1.260294,-2.005404,-1.279375,1.143202,-1.896866,-1.270681,1.769096
-1.859843,-0.435361,-0.942710,-0.682845,0.151992,1.273597,-1.349871,0.545589,-0.218901,0.571367,0.902692,1.172920,-0.541091,0.230309,0.474182,-1.378199,-1.833122,-0.119111,-1.034085,-1.005242,0.867646,-1.269975,-0.615502,0.987760,-0.280434,-2.691814,-0.010836,-0.913649,-2.750971,0.068741,0.752418,0.750681,1.227158,-0.000001,-0.000001,-0.000001,-0.982794,-2.566847,-0.474104,0.934399,0.938453,1.395286,-0.000001,-0.000001,-0.000001,-0.468396,-0.493324,0.408738,-0.867955,-0.343030,-2.224625,-1.277918,-0.991457,-1.160816,-0.850168,-1.569392,0.532977,-0.000001,-0.000001,-0.000001,-0.000001,-0.000001,-0.000001,-0.000001,-0.000001,-0.000001,-0.000001,-0.000001,-0.000001,-0.000001,-0.000001,-0.000001,-0.000001,-0.000001,-0.000001,-1.292260,-0.162187,0.579686,-1.604234,-0.196791,-0.833065,-1.675709,0.390520,-0.748787,-1.345671,0.078958,0.683418,-1.229220,-0.053161,-0.631089,-1.670556,0.145194,0.594371,-1.349614,1.423220,0.109834,-1.523454,0.420658,-0.748030,-1.425992,0.069435,-1.572805,-1.647508,0.342469,1.006451,-1.371654,-0.248871,0.443194,-1.204191,0.708587,-0.799387,-1.225038,0.433313,0.546595,-1.350781,0.070430,-0.387777,-1.007767,0.169937,0.129459,-1.019016,0.569603,0.529393,-1.013702,1.222288,0.604476,-1.284970,-0.122520,-0.618734,-1.153403,0.420771,-0.443884,-0.896192,0.117154,-0.008319,-0.982668,0.419378,0.817172,-0.487318,0.255077,-1.067115,-0.730005,0.001094,-1.050249,-0.722274,-0.471699,-1.294991,-0.158758,-0.155003,-0.971517,0.093503,0.395284,-1.278360,-1.543390,0.003218,0.555406,-1.208287,0.070754,-1.369268,-0.499554,0.113448,-1.584208,-0.531742,0.372735,-0.706282,-1.362458,0.325917,0.521644,-0.682546,0.403351,-0.555110,-0.603620,0.413075,-0.449173,-1.141645,0.269140,-0.269878,-1.044270,0.486941,0.480538,-0.439901,0.500428,0.313389,-0.704001,0.385529,-0.336466,-0.990104,0.290364,0.142957,-0.605412,0.551971,0.841867,-0.312509,0.545081,0.155656,-0.312303,0.491042,0.390342,-0.646708,0.460655,-0.499430,-1.432107,-0.813732,1.469396,-1.488421,-1.013626,-0.009779,-1.513491,-1.016584,0.237571,-1.250128,-0.770978,0.881585,-1.355803,-1.293850,-0.542623,-1.198760,-0.763529,0.671267,-1.345002,-0.391287,1.489045,-1.681750,-1.095298,-1.588877,-1.496857,-0.972792,-1.465870,-1.396145,-1.330512,-1.754831,-1.275888,-0.973074,1.557179,-1.183789,-0.602812,0.684514,-1.472779,-1.005608,1.114049,-1.345043,-1.505960,1.113444,-1.428677,-0.853909,-2.087669,-1.176805,-0.716808,0.764308,-1.642417,-0.833578,-1.592934,-1.962637,-1.304061,1.617155,-1.928041,-1.620144,-2.029643,-1.656827,-1.133327,0.507349,-1.530462,-1.212152,1.238751,-1.694598,-1.924235,-0.694444,-1.748066,-1.536051,1.275758,-1.574072,-0.948668,2.193650,-1.662019,-1.335471,2.625084,-1.498618,-1.423961,0.013818,-1.885354,-0.727972,-0.380930,-2.069898,-1.947335,-2.373199,-2.389529,-1.648807,-2.191736,-2.192132,-1.114409,-0.474745,-1.938032,-1.185959,-2.001678,-1.746133,-2.003711,-2.515772,-1.709907,-2.025132,-3.389271,-1.756230,-1.427202,-3.996014,-1.679038,-1.707075,-3.236531,-1.936381,-1.490167,-2.396173,-2.005882,-1.429968,-0.575546,-1.875743,-1.901428,-2.849366,-1.851519,-2.177809,0.472649,-2.147576,-2.030411,-2.460165,-1.559721,-1.087671,1.984192,-1.879398,-1.174553,-1.867828,-1.906058,-2.143139,-1.501577,-1.657192,-1.881069,-2.741728,-1.511070,-1.597519,0.114434,-1.845077,-1.283579,1.655988,-1.499001,-1.580012,0.969452,-1.493430,-1.519440,-5.098192,-1.654289,-1.656551,-0.487770,-2.098118,-1.511057,-0.685087,-1.767357,-1.652487,-2.000219,-1.522711,-1.227310,-1.379627,-1.216750,-1.480046,-2.059779,-1.533115,-1.793815,2.486025,-1.391925,-1.391226,0.463455,-1.450150,-1.103250,-0.097614,-1.281118,-0.813225,0.941005,-1.508832,-1.128612,0.417095,-1.427920,-1.045395,-0.451833,-2.193648,-0.874718,-1.308982,-1.410235,-1.553676,-1.476720,-1.514243,-1.116638,1.953716,-1.501579,-1.242541,0.630802,-1.435666,-1.000431,0.820869,-1.967310,-1.654806,-0.641993,-1.441697,-1.138846,1.005461,-1.488109,-1.488152,-0.332639,-1.464489,-1.395095,1.266386,-2.004873,-1.278896,1.189406,-1.896315,-1.270030,1.839127
-1.854974,-2.379019,-1.655229,-1.281127,0.164388,1.131810,-1.368445,0.578617,-0.561746,0.571240,0.903379,1.019573,-0.850628,0.232538,1.270078,-1.369097,-1.811445,-0.510795,-1.032582,-0.113537,0.774776,-1.264590,-0.620758,0.847251,-1.519064,-0.099092,-1.857434,-0.987811,-0.124025,-0.353549,-1.414717,-1.414742,-1.335527,-0.000001,-0.000001,-0.000001,-0.982369,-0.422678,-1.265020,0.934775,0.938453,0.788580,-0.000001,-0.000001,-0.000001,-0.462267,-0.520887,0.357990,-0.862496,-0.454624,-2.698385,-1.275135,-0.999551,-1.267617,-0.841990,-2.243278,-0.123888,-0.000001,-0.000001,-0.000001,-0.000001,-0.000001,-0.000001,-0.000001,-0.000001,-0.000001,-0.000001,-0.000001,-0.000001,-0.000001,-0.000001,-0.000001,-0.000001,-0.000001,-0.000001,-1.067672,-0.278237,0.995703,-1.468952,-0.519953,-0.810871,-1.480215,0.187037,-0.133025,-1.171890,0.645840,1.088862,-1.221658,1.255668,-0.200021,-1.376474,0.134129,1.161086,-0.979394,2.296245,0.710160,-1.161896,1.742264,1.336639,-1.258204,0.432088,0.798501,-1.434436,-0.453865,0.659230,-1.160083,-0.125210,-0.334077,-0.832312,0.233744,-1.303387,-0.837603,1.422751,0.239166,-1.058654,-0.576027,0.215590,-0.872610,-0.196248,0.976363,-0.984044,0.006973,-0.009347,-1.075657,0.259005,-0.422841,-1.182563,-0.682599,-0.805045,-1.064297,-0.229443,-1.056493,-0.884450,-0.183588,-0.405583,-0.956838,-0.280018,0.220977,-0.970008,0.435410,-0.950898,-1.240767,0.098526,-0.754333,-1.245047,-0.106963,-0.946195,-0.636051,-0.083418,-0.466542,-0.187277,-0.475952,0.676999,-1.695919,0.081252,0.890826,-1.155183,0.336036,0.226482,-0.742180,0.258127,-0.167902,-0.168066,0.212696,0.714531,-1.520161,0.351693,0.897818,-0.693964,0.554951,0.212495,-1.325281,0.576498,-0.245821,-1.580693,0.380284,0.063285,-1.088908,0.533449,0.734345,-0.538625,0.550633,0.828388,-1.014957,0.534307,0.190749,-1.394286,0.433553,0.320481,-0.614976,0.640484,0.738905,-0.244030,0.662903,0.997991,-0.580342,0.614528,0.818027,-0.922439,0.580654,0.481772,-1.580408,-0.954490,-0.656298,-1.426264,-1.077563,0.261372,-1.256825,-0.994425,-0.542407,-1.364161,-1.146342,0.008348,-1.270874,-1.108489,-1.466735,-1.283408,-0.956469,1.409417,-1.392509,-1.160675,0.311823,-1.243917,-1.618770,1.076300,-0.996180,-1.001993,-0.377052,-1.066902,-1.820278,-0.893629,-1.161623,-1.120740,1.146095,-1.238363,-1.579430,0.523033,-1.311160,-1.710832,0.381064,-1.150143,-1.402809,0.958870,-1.192008,-1.477778,-1.533436,-1.182857,-1.555207,1.299241,-1.383055,-1.742864,-0.920853,-2.091185,-1.618457,1.270172,-1.762355,-1.553728,-0.466519,-1.735968,-1.479619,1.328721,-1.856341,-1.561949,1.436062,-1.679304,-1.833626,0.174787,-1.999399,-1.430221,0.304170,-1.765109,-1.872404,1.851611,-1.794997,-1.838813,1.489556,-1.576360,-1.937285,0.538042,-1.929599,-1.826874,-0.583311,-1.716135,-1.761311,-1.859320,-1.743264,-1.820144,-2.237010,-1.828734,-1.647873,0.033123,-1.566707,-1.736412,-0.827756,-1.429488,-1.610251,-1.908609,-1.676976,-1.438805,-1.842447,-1.391309,-1.401194,-1.788354,-1.600353,-1.695546,-2.160947,-1.526995,-1.883017,-1.915890,-1.589100,-1.260195,-1.925595,-1.664711,-1.261426,-1.200667,-1.894652,-1.570335,-1.198791,-1.617767,-1.796515,-1.829633,-1.601483,-1.933723,1.373164,-1.373645,-1.430242,0.231910,-1.500212,-1.919867,-1.817364,-1.499564,-1.682188,-1.701281,-1.621894,-1.409858,0.092393,-1.679580,-1.519373,-0.205602,-1.603729,-1.929139,1.375624,-1.331283,-1.854221,-0.967473,-1.674126,-1.444947,-1.604322,-1.568429,-1.777318,-1.013749,-1.449228,-1.962234,-0.956405,-1.467598,-1.669402,-0.171230,-1.429919,-1.805310,-1.248518,-1.442794,-2.104090,2.078857,-1.523392,-1.684626,0.012046,-1.363196,-1.769449,-0.528504,-1.483648,-1.589252,1.660629,-1.455655,-1.326846,1.477360,-1.396617,-1.256069,1.482266,-1.691245,-1.169690,-1.926322,-1.416555,-1.826295,-0.702738,-1.482612,-1.377457,2.631542,-1.446827,-1.513095,1.799226,-1.357522,-1.306359,1.426604,-1.874201,-1.923113,-1.232521,-1.363432,-1.416177,1.541072,-1.432746,-1.751162,0.952785,-1.432505,-1.644909,2.194568,-1.546761,-1.539726,0.117404,-1.763027,-1.624491,0.396632
-1.855867,-2.378238,-1.647632,-1.280883,0.167035,1.095245,-1.368812,0.580318,-0.584571,0.571214,0.903379,1.012497,-0.850357,0.232538,1.252473,-1.366067,-0.247717,-0.639971,-1.032495,-0.113537,0.761808,-1.263527,-0.622510,0.810779,-1.519789,-0.101580,-1.866190,-0.988624,-0.126548,-0.298278,-1.414717,-1.414742,-1.335527,-0.000001,-0.000001,-0.000001,-0.982905,-0.425407,-1.273349,0.934769,0.938453,0.793410,-0.000001,-0.000001,-0.000001,-0.462971,-0.520887,0.368341,-0.862496,-0.457582,-2.711380,-1.275135,-0.999551,-1.284394,-0.836680,-2.374645,-0.259935,-0.000001,-0.000001,-0.000001,-0.000001,-0.000001,-0.000001,-0.000001,-0.000001,-0.000001,-0.000001,-0.000001,-0.000001,-0.000001,-0.000001,-0.000001,-0.000001,-0.000001,-0.000001,-1.065268,-0.281867,0.110403,-1.466300,-0.073146,-0.902173,-1.477490,0.182964,-0.179099,-1.169510,0.635097,1.133768,-1.220013,1.246243,-0.199320,-1.581525,0.130426,1.200411,-0.976328,2.290134,0.764327,-1.159242,1.730609,1.375812,-1.255726,0.424492,0.866382,-1.432080,-0.460766,0.712632,-1.157865,-0.131558,-0.327767,-0.830338,0.224942,-1.340805,-0.835696,1.413593,0.225957,-1.209643,-0.240722,0.278992,-0.870910,-0.200637,0.966242,-0.982413,0.001167,0.063027,-1.073987,0.256109,-0.437468,-1.181043,-0.686325,-0.834267,-1.063131,-0.231211,-1.033192,-0.883378,0.029601,-0.344437,-0.955633,-0.284918,0.246440,-0.969662,0.435410,-0.926306,-1.268303,0.122298,-0.754141,-1.244739,-0.106963,-0.944319,-0.635736,-0.083418,-0.468008,-0.187010,-0.475917,0.679503,-1.695538,0.081252,0.892453,-1.154836,0.336036,0.222901,-0.741867,0.258127,-0.168529,-0.167778,0.212878,0.709628,-1.519735,0.351693,0.895185,-0.693611,0.554951,0.211931,-1.324898,0.576498,-0.228394,-1.580307,0.380529,0.070216,-1.088547,0.533449,0.744994,-0.538306,0.550633,0.834634,-1.014597,0.534307,0.197890,-1.393902,0.457029,0.331492,-0.614645,0.640484,0.739061,-0.243751,0.662903,0.992802,-0.580032,0.614528,0.815830,-0.922120,0.580654,0.478847,-1.580603,-0.955235,-0.628185,-1.426499,-1.077951,0.247555,-1.257034,-0.994425,-0.547469,-1.364348,-1.146342,0.006836,-1.271066,-1.108084,-1.465576,-1.283186,-0.955265,1.413913,-1.392509,-1.159296,0.313524,-1.243676,-1.617791,1.111705,-0.995708,-1.772290,-0.382278,-1.066160,-1.819315,-0.852988,-1.161013,-1.119081,1.099261,-1.237503,-1.577940,0.498081,-1.310328,-1.710328,0.464912,-1.149224,-1.850015,1.078596,-1.190689,-1.478444,-1.688755,-1.181734,-1.555997,1.181763,-1.381984,-1.744243,-0.870054,-2.091185,-1.619835,1.103020,-1.762060,-1.177872,-0.338934,-1.735661,-1.481299,1.348914,-1.856026,-1.563646,1.418811,-1.678980,-1.835126,0.186766,-1.998301,-1.431981,0.364416,-1.764005,-1.874488,1.878680,-1.793981,-1.841255,1.553335,-1.575064,-1.939243,0.540625,-1.928506,-1.828859,-0.542874,-1.715487,-1.762255,-1.860656,-1.742625,-1.820933,-2.241547,-1.828068,-1.648287,0.036907,-1.566046,-1.736930,-0.820186,-1.429174,-1.610656,-1.909200,-1.676319,-1.439392,-1.831519,-1.390678,-1.401846,-1.773903,-1.599407,-1.696127,-2.149154,-1.526337,-1.493027,-1.905694,-1.589100,-1.260964,-1.940035,-1.664410,-1.262865,-1.222267,-1.894390,-1.571227,-1.208351,-1.617462,-1.797513,-1.817153,-1.601230,-1.934940,1.382667,-1.373343,-1.431327,0.216945,-1.499298,-1.920879,-1.819565,-1.498557,-1.683197,-1.698553,-1.621048,-1.410810,0.100929,-1.678544,-1.520754,-0.201011,-1.602929,-1.930654,1.382860,-1.330253,-1.855673,-0.979363,-1.673906,-1.444407,-1.593107,-1.568147,-1.777318,-1.007633,-1.448639,-1.962234,-0.956881,-1.467014,-1.668783,-0.150696,-1.428987,-1.805310,-1.238090,-1.442000,-2.104090,2.071544,-1.522632,-1.684124,-0.021596,-1.362432,-1.768963,-0.523284,-1.482763,-1.588717,1.665793,-1.455091,-1.326427,1.494083,-1.396066,-1.255623,1.486629,-1.690707,-1.169040,-1.923757,-1.416051,-1.825797,-0.693228,-1.482056,-1.377002,2.633158,-1.446246,-1.512624,1.804575,-1.356602,-1.305826,1.436178,-1.873413,-1.922668,-1.234196,-1.362512,-1.415694,1.551560,-1.432159,-1.750704,0.958476,-1.431942,-1.644473,2.196386,-1.546496,-1.541202,0.094671,-1.762222,-1.626497,0.393879
-1.855867,-2.387544,-1.658769,-1.282004,0.179431,0.990505,-1.393762,0.573043,-1.249905,0.571520,0.903036,1.125864,-0.862414,0.355504,0.906756,-1.365660,-0.241537,-1.265895,-1.031083,-0.113537,0.771535,-1.258236,-0.594497,0.397172,-1.519316,-0.751623,-0.485812,-0.965279,-0.786749,1.312563,0.753075,0.750681,0.461850,-0.000001,-0.000001,-0.000001,-0.987186,-1.130141,0.123354,0.918444,0.938453,0.770968,-0.000001,-0.000001,-0.000001,-0.462267,-0.518422,0.483892,-0.864162,-0.460540,-2.739145,-1.272662,-0.996713,-1.242248,-0.844458,-1.996588,0.030618,-0.000001,-0.000001,-0.000001,-0.000001,-0.000001,-0.000001,-0.000001,-0.000001,-0.000001,-0.000001,-0.000001,-0.000001,-0.000001,-0.000001,-0.000001,-0.000001,-0.000001,-0.000001,-1.053922,0.599506,-0.414071,-1.057801,-0.452116,-0.959209,-1.278241,-0.195485,-1.239200,-0.995575,0.759269,1.005845,-0.997232,1.363942,0.379044,-1.155444,-0.206255,0.258585,-0.965921,2.442755,1.037542,-0.751195,1.881986,0.838863,-0.898921,0.096138,0.567487,-1.229975,-0.381482,0.258235,-0.981453,-0.052291,-0.288463,-0.823073,0.339265,-1.141083,-0.829473,1.533256,0.084602,-0.893891,-0.515589,-0.063894,-0.862313,-0.147698,0.514487,-0.852830,0.073673,-0.066061,-0.941703,0.658195,-0.525312,-1.172711,-0.857519,-0.833445,-0.869059,-0.390211,-0.994856,-0.878315,-0.141717,-0.358942,-0.859921,-0.225819,0.093677,-1.072533,0.307319,0.312689,-1.448857,0.121441,0.064146,-1.572040,-0.220853,-0.196926,-1.204506,-0.406485,0.832408,-0.891367,-0.786905,0.196081,-1.677407,0.256094,0.815860,-0.817526,0.518802,0.516024,-0.407696,0.446765,0.826249,0.005592,0.374194,0.783895,-1.355543,0.491563,0.896351,-0.644317,0.628625,1.067980,-1.377689,0.602363,0.178737,-1.695027,0.488003,0.055465,-1.004538,0.665588,1.257553,-0.493806,0.693279,1.142380,-1.030875,0.582213,0.516360,-1.442582,0.503139,0.698831,-0.628356,0.791189,0.637485,-0.282201,0.800952,1.084721,-0.680058,0.759214,0.746629,-0.995480,0.697679,0.689781,-1.582004,-1.317576,-0.834837,-1.427950,-1.454917,0.951307,-1.258472,-0.992097,-0.400025,-1.365500,-1.143057,-0.297322,-1.272253,-1.105182,-1.668193,-1.284500,-0.950545,1.339980,-1.393492,-1.153228,0.164953,-1.244631,-1.613262,1.276039,-0.996671,-0.992238,-0.049302,-1.066902,-1.815041,-0.751508,-1.161422,-1.111714,0.923791,-1.237933,-1.571855,0.263254,-1.310529,-1.706991,0.597133,-1.149458,-1.846734,1.201115,-1.190959,-1.474338,-1.732189,-1.181962,-1.552233,1.063704,-1.381984,-1.741484,-0.949746,-2.092653,-1.617973,0.725970,-1.763869,-1.554146,-0.554800,-1.737220,-1.882376,1.609122,-1.857578,-1.562365,1.389992,-1.680263,-2.322495,-0.306029,-1.646787,-1.973533,-0.267331,-1.764731,-1.872914,1.831003,-1.794663,-1.839411,1.371252,-1.575712,-1.937938,0.370742,-1.928771,-1.826874,-0.558929,-1.716783,-2.221790,-1.956395,-1.743904,-1.819355,-2.024706,-1.517335,-1.646598,0.670931,-1.567354,-1.734459,-0.242843,-1.430444,-2.004555,-1.315030,-1.369505,-2.009520,-1.468327,-1.391967,-2.034353,-1.421066,-1.296811,-2.216682,-2.059626,-1.527311,-1.880955,-1.316879,-1.332101,-1.981193,-1.695789,-1.371643,-1.717077,-1.306180,-1.640215,-2.005636,-1.858798,-1.343632,-1.795975,-2.016151,-1.602517,-1.932554,0.850679,-1.374876,-1.959350,0.291091,-1.500212,-2.393724,-1.735018,-1.499564,-2.174493,-1.742596,-1.621616,-1.874390,-0.347276,-1.431203,-1.956578,-0.333551,-1.603466,-1.927685,0.659318,-1.330921,-1.852827,-1.408249,-1.460009,-2.494741,-1.907015,-1.569252,-2.154055,-0.374137,-1.449828,-2.361892,0.012105,-1.468208,-2.269216,-0.558979,-1.430221,-2.230220,-0.242600,-1.442794,-2.101375,2.156027,-1.523132,-2.170769,-0.411152,-1.363196,-2.203512,-0.276942,-1.483935,-1.584346,1.648740,-1.456243,-1.323005,1.981732,-1.397179,-1.687029,1.912727,-1.439619,-2.337129,-2.278872,-1.417305,-2.270868,-0.301848,-1.483180,-1.784333,2.357929,-1.447432,-1.509541,1.908763,-1.357820,-1.783606,1.713844,-1.375117,-2.354004,-0.899243,-1.363731,-1.848812,1.868022,-1.433358,-1.747707,1.593641,-1.433079,-1.641626,2.286364,-1.288317,-1.539247,0.056590,-1.504321,-2.259505,0.291359
-1.856300,-2.382500,-1.573790,-0.680849,0.170573,1.099606,-1.374637,0.551164,-0.765685,0.571571,0.904410,1.101482,-1.010943,0.356739,1.068582,-0.852880,-0.241537,-1.037866,-1.031611,-0.108348,1.037067,-1.253044,-0.603258,0.032819,-0.287465,-1.402910,-0.870951,-0.922252,-1.438137,-0.487010,0.753339,0.750681,0.604454,-0.000001,-0.000001,-0.000001,-0.987186,-1.847138,-0.784007,0.918339,0.938453,1.232610,-0.000001,-0.000001,-0.000001,-0.460900,-0.512297,0.679885,-0.861651,-0.459106,-2.646009,-1.262764,-1.000365,-1.250022,-0.840370,-1.930403,0.080899,-0.000001,-0.000001,-0.000001,-0.000001,-0.000001,-0.000001,-0.000001,-0.000001,-0.000001,-0.000001,-0.000001,-0.000001,-0.000001,-0.000001,-0.000001,-0.000001,-0.000001,-0.000001,-1.041191,-0.238343,0.927854,-0.843570,-0.476027,-0.288274,-1.070472,-0.219927,-0.625901,-0.982625,0.716033,0.380911,-0.988706,1.326299,0.841626,-0.725520,-0.232133,0.185061,-0.718219,1.697908,0.706815,-0.536488,1.171719,0.086988,-0.710217,0.057971,1.004311,-0.835869,-0.405596,-0.109664,-0.802985,-0.439104,-0.539979,-0.812651,0.299708,-1.202034,-0.962813,0.971740,-0.617887,-0.884436,-0.195402,0.307945,-0.853590,-0.165362,-0.096112,-0.844576,0.047581,-0.156792,-0.932771,0.305297,-0.690309,-1.042700,-0.448147,-1.200391,-0.957167,-0.204704,-0.965180,-0.872634,-0.156937,-0.173841,-0.944640,-0.245539,0.215237,-1.188665,0.359793,0.911646,-1.446824,0.027647,0.748513,-1.740750,-0.265349,0.307857,-1.668833,-0.521042,0.982089,-1.309374,-0.883731,0.875824,-1.568970,0.407641,0.529996,-0.685836,0.624726,0.482907,-0.317304,0.589740,0.922660,0.062190,0.415436,1.055135,-1.207017,0.680241,1.157668,-0.706266,0.729169,0.954644,-1.338766,0.576982,0.142795,-1.724907,0.462299,-0.373389,-0.901506,0.821881,1.357170,-0.461314,0.718491,1.031187,-0.994362,0.583533,0.421416,-1.406883,0.504406,0.689691,-0.541235,0.944039,0.433051,-0.227980,0.848707,0.947248,-0.677319,0.785005,0.722654,-0.963307,0.746316,0.565815,-1.419900,-1.317576,0.354358,-1.462646,-1.454917,0.909828,-1.484100,-1.432410,-0.244398,-1.393051,-1.142524,0.247887,-1.300621,-1.500774,-0.853266,-1.315906,-0.950545,1.387967,-1.234474,-1.153228,0.446204,-1.052626,-1.613262,0.488978,-1.031187,-0.992238,-0.629847,-0.867189,-1.814579,-1.002116,-0.994963,-1.111714,0.829626,-1.062973,-1.571855,0.077185,-1.142914,-1.706991,1.113010,-1.182407,-1.846734,1.351747,-1.482587,-2.124784,-2.355756,-1.214047,-1.552233,0.665192,-1.421080,-1.741484,-1.183818,-1.893940,-1.618457,0.838936,-1.518970,-1.931192,-0.695723,-1.482880,-1.882376,1.589897,-1.606437,-1.562815,1.680055,-1.421945,-1.834126,-0.200425,-1.699998,-2.516242,0.884806,-1.475546,-1.873467,2.146061,-1.517732,-2.424227,2.504629,-1.621258,-2.575541,0.227456,-1.708637,-1.826874,0.055455,-1.762622,-2.221790,-2.149906,-1.488973,-1.819355,-2.137549,-1.564117,-1.646598,0.272824,-1.298475,-1.734459,-0.734392,-1.169462,-2.400480,-1.136825,-1.107607,-2.583269,-2.100096,-1.129863,-2.034353,-2.356117,-1.342355,-2.740498,-2.436444,-1.264870,-1.880955,-1.642547,-1.629453,-1.981193,-1.722361,-1.416069,-2.172728,-1.879929,-1.678509,-2.005636,-1.129550,-1.385130,-2.283261,-2.219140,-1.639858,-1.932554,1.467406,-1.419339,-1.959350,-0.364233,-1.544221,-2.393724,-1.860720,-1.548042,-2.174493,-2.427001,-1.390821,-1.874390,-0.065689,-1.468362,-1.956578,0.521456,-1.385365,-1.927685,1.294622,-1.380196,-1.852827,-3.038001,-1.492236,-2.494741,-1.407030,-1.609167,-2.153667,-0.428436,-1.205528,-2.361892,0.046578,-1.225361,-2.269216,-1.022586,-1.179325,-2.658269,-0.190278,-1.226384,-2.100929,2.753028,-1.324121,-2.661009,0.066141,-1.154853,-2.641197,0.332592,-1.245561,-1.584346,1.647846,-1.221926,-1.732358,1.767295,-1.168568,-1.687029,1.159071,-1.477678,-2.337129,-2.545576,-1.212492,-2.270868,0.029342,-1.252178,-1.783914,2.443702,-1.206176,-1.509541,1.566459,-1.110204,-1.783113,1.323882,-1.412529,-2.354004,-0.570969,-1.115734,-1.848366,1.720442,-1.189410,-1.747707,1.346970,-1.199499,-1.641626,2.288070,-1.587020,-2.007002,-0.068199,-1.543342,-2.259505,1.084103
-1.854542,-2.390646,-1.588617,-0.680224,0.200226,0.797590,-1.374820,0.603899,-1.612796,0.572487,0.905096,0.887889,-1.011064,0.356494,0.885120,-1.364852,-0.235338,-0.688302,-1.030819,-0.111807,1.030319,-1.250731,-0.592745,-0.106402,-0.302017,0.547219,-1.030911,-0.989449,-0.117735,-0.342090,0.752248,0.750669,0.312609,-0.000001,-0.000001,-0.000001,-0.982905,0.291590,-1.093235,0.934834,0.938453,1.056901,-0.000001,-0.000001,-0.000001,-0.458208,-0.506172,0.803860,-0.861241,-0.454624,-2.475592,-1.265548,-0.999946,-1.149767,-0.835458,-1.503207,0.481252,-0.000001,-0.000001,-0.000001,-0.000001,-0.000001,-0.000001,-0.000001,-0.000001,-0.000001,-0.000001,-0.000001,-0.000001,-0.000001,-0.000001,-0.000001,-0.000001,-0.000001,-0.000001,-1.036373,-0.216603,0.318266,-0.639935,-0.448123,0.370717,-0.682033,-0.191412,-1.075937,-0.980391,0.764674,0.130401,-0.877508,1.368654,1.201300,-0.513129,-0.202552,0.175727,-0.713719,1.759016,0.286235,-0.533123,1.229925,-0.659796,-0.707588,0.099959,-0.204778,-0.640164,-0.378031,-0.345122,-0.631749,-0.768866,-0.755381,-0.660097,-0.650033,-0.442930,-0.672780,0.497751,-0.101436,-0.727092,-0.512602,0.290021,-0.849835,-0.394757,-0.128757,-0.718791,-0.251153,-0.077737,-0.677578,0.331322,0.264868,-0.916474,-0.855657,-1.084360,-0.766501,-0.588120,-0.741075,-0.870484,-0.570002,-0.028228,-0.851738,-0.223354,0.312860,-1.188905,0.435181,1.096379,-1.447125,0.122298,0.951494,-1.769746,-0.152274,1.072723,-1.990606,-0.474814,1.041336,-1.730345,-0.786329,1.248197,-1.534546,0.583162,0.457643,-0.719215,0.755713,0.695313,-0.318743,0.636898,1.065355,0.087269,0.435508,1.101714,-1.171491,0.843987,1.184288,-0.576923,0.803288,0.663856,-1.127283,0.710666,-0.054347,-1.462742,0.597680,-0.537317,-0.835467,0.998532,1.249004,-0.315061,0.861352,1.092802,-0.862462,0.704841,0.106119,-1.178683,0.621158,0.645444,-0.400825,1.094746,0.808831,-0.151523,0.917313,0.766323,-0.477575,0.881169,0.830446,-0.728124,0.863341,0.803320,-1.423101,-1.679885,0.303807,-1.466499,-1.451329,1.064227,-1.290940,-1.425913,-0.385187,-1.395534,-1.133288,0.011039,-1.302794,-1.491629,-1.062440,-1.317876,-0.935181,1.169215,-1.235448,-1.134251,0.358701,-1.052857,-1.597716,0.650307,-1.030470,-0.966332,-0.529918,-0.865215,-1.800407,-1.099955,-0.992496,-1.088088,0.964127,-1.059953,-1.552730,0.194500,-1.139618,-1.696979,0.663744,-0.958710,-1.838799,1.171097,-1.224420,-1.465460,-2.083358,-1.210003,-1.545555,0.899429,-1.415665,-1.738780,-1.331279,-1.896646,-1.619388,0.779940,-1.521701,-1.932736,-0.581927,-1.484758,-1.884467,1.546648,-1.607056,-1.564927,1.449672,-1.421945,-2.324537,-0.326218,-1.698163,-3.061174,0.280598,-1.472685,-1.876062,2.035088,-1.513628,-2.427267,2.071221,-1.312908,-2.578206,-0.063530,-1.704308,-1.828197,-0.318696,-1.457576,-2.221279,-2.080925,-1.488027,-2.187958,-1.868416,-1.251094,-1.644049,0.541160,-1.297490,-2.197786,-0.964229,-1.169462,-2.395076,-0.421220,-1.106950,-3.149776,-1.796828,-1.128890,-2.662191,-2.533627,-1.036894,-2.733929,-2.075602,-1.262921,-2.266054,-1.004506,-1.373259,-1.980424,-1.524201,-1.417914,-2.172222,-1.680743,-1.679599,-2.441347,-1.281673,-1.385411,-2.769509,-2.407345,-1.640902,-1.931337,0.596456,-1.126629,-1.958220,-0.396781,-1.542055,-2.867055,-1.896474,-1.221613,-2.173947,-2.279236,-1.387401,-1.873874,-0.211154,-1.464979,-1.956092,0.450568,-1.382133,-1.926171,0.914583,-1.050444,-2.532380,-2.931563,-1.492915,-3.010803,-1.303887,-1.344745,-2.146487,-0.288310,-1.204915,-2.354714,0.562379,-1.224459,-2.862691,-1.188462,-1.177777,-2.650638,0.461918,-1.224525,-2.092673,2.027335,-1.322152,-2.650722,-0.170338,-1.153064,-2.631563,-0.016520,-1.244090,-1.572260,1.568793,-1.221056,-1.722895,1.907751,-1.167994,-1.676972,1.474621,-1.477678,-2.323628,-2.714346,-1.212738,-2.709819,-0.071505,-1.251598,-1.775766,2.238056,-1.205280,-1.926272,1.727703,-1.108676,-1.773557,1.413413,-1.410688,-2.344923,-0.732421,-1.114203,-1.839702,1.806526,-1.188504,-1.739456,1.659386,-1.198913,-1.633789,2.221569,-1.328852,-2.006523,0.329309,-1.540630,-2.258854,0.918448
-1.854974,-2.392208,-1.613846,-0.680224,0.200658,0.794271,-1.375187,0.604344,-1.627897,0.572487,0.905096,0.890104,-1.011124,0.356494,0.888550,-1.364654,-0.235338,-0.696704,-1.030905,-0.111807,1.037120,-1.250830,-0.592745,-0.103253,-0.302017,0.547219,-1.031064,-0.989449,-0.117735,-0.347253,0.752248,0.750669,0.311362,-0.000001,-0.000001,-0.000001,-0.982794,0.291590,-1.093914,0.934855,0.938453,1.051338,-0.000001,-0.000001,-0.000001,-0.458871,-0.506807,0.786801,-0.861651,-0.457582,-2.515667,-1.265548,-0.999946,-1.146844,-0.834635,-1.503207,0.478656,-0.000001,-0.000001,-0.000001,-0.000001,-0.000001,-0.000001,-0.000001,-0.000001,-0.000001,-0.000001,-0.000001,-0.000001,-0.000001,-0.000001,-0.000001,-0.000001,-0.000001,-0.000001,-1.036373,-0.220234,0.285186,-0.639935,-0.452116,0.377701,-0.682033,-0.191412,-1.082593,-0.980545,0.764674,0.132787,-0.877609,1.368654,1.204618,-0.513309,-0.202552,0.185745,-0.713931,1.752905,0.291106,-0.533123,1.229925,-0.659845,-0.707739,0.096138,-0.196964,-0.640164,-0.378031,-0.336317,-0.631893,-0.768866,-0.731375,-0.660234,-0.654434,-0.446749,-0.672780,0.497751,-0.104272,-0.727232,-0.512602,0.311474,-0.849961,-0.394757,-0.138066,-0.718791,-0.251153,-0.082452,-0.677578,0.331322,0.256990,-0.916579,-0.855657,-1.090746,-0.766582,-0.588120,-0.741340,-0.870484,-0.570002,-0.029277,-0.851738,-0.223354,0.305395,-1.188958,0.435181,1.099142,-1.447176,0.122298,0.953664,-1.769798,-0.152274,1.073455,-1.990659,-0.474814,1.041287,-1.730389,-0.786329,1.248217,-1.534609,0.583162,0.456240,-0.719272,0.755713,0.695034,-0.318821,0.636898,1.066267,0.087221,0.435508,1.102066,-1.171557,0.843987,1.183793,-0.577011,0.803288,0.666494,-1.127346,0.710666,-0.052401,-1.462801,0.597680,-0.535290,-0.835558,0.998333,1.245792,-0.315140,0.861352,1.089162,-0.862521,0.704841,0.107252,-1.178742,0.621158,0.646759,-0.400876,1.094551,0.808480,-0.151593,0.917313,0.763274,-0.477627,0.881169,0.830800,-0.728178,0.863341,0.807431,-1.423296,-1.680289,0.270891,-1.466735,-1.451717,1.057141,-1.291149,-1.426401,-0.390286,-1.395729,-1.133288,0.011106,-1.302987,-1.492068,-1.065070,-1.318089,-0.935759,1.168807,-1.235640,-1.134251,0.360010,-1.052857,-1.597716,0.651306,-1.030470,-0.966332,-0.525792,-0.865215,-1.800407,-1.097936,-0.992496,-1.088088,0.959525,-1.059953,-1.552730,0.193079,-1.139618,-1.697445,0.666207,-0.958466,-1.839257,1.167118,-1.224161,-1.466126,-2.089335,-1.209775,-1.547012,0.893673,-1.415665,-1.740104,-1.364040,-1.896885,-1.620282,0.700187,-1.521996,-1.933540,-0.584730,-1.484758,-1.885324,1.540707,-1.607371,-1.565758,1.433817,-1.421945,-2.325536,-0.304418,-1.698163,-3.062331,0.327343,-1.472685,-1.877083,2.025339,-1.513628,-2.428512,2.062576,-1.312908,-2.579511,-0.067610,-1.704308,-1.829575,-0.332364,-1.457913,-2.222262,-2.093864,-1.488360,-2.188746,-1.879057,-1.251094,-1.644910,0.538414,-1.297490,-2.198304,-0.964848,-1.169462,-2.395481,-0.423109,-1.107266,-3.150412,-1.800135,-1.128890,-2.662897,-2.536770,-1.036894,-2.734510,-2.077860,-1.262921,-2.266454,-1.006447,-1.373535,-1.981193,-1.514562,-1.418241,-2.173194,-1.696393,-1.679861,-2.441792,-1.297590,-1.385716,-2.770548,-2.411786,-1.640902,-1.931970,0.572630,-1.126629,-1.958808,-0.403885,-1.542055,-2.868066,-1.882915,-1.221282,-2.174997,-2.279674,-1.387401,-1.874866,-0.215191,-1.464979,-1.956578,0.454366,-1.382133,-1.926958,0.914142,-1.050444,-2.533832,-2.936659,-1.492915,-3.011342,-1.304882,-1.344745,-2.146876,-0.288893,-1.205210,-2.355127,0.560870,-1.224459,-2.862691,-1.189712,-1.177777,-2.651076,0.459877,-1.224525,-2.093119,2.028376,-1.322152,-2.651224,-0.168021,-1.153064,-2.631563,-0.015944,-1.244090,-1.572260,1.568618,-1.221056,-1.722895,1.907681,-1.168269,-1.676972,1.473490,-1.477678,-2.323628,-2.714838,-1.212985,-2.710278,-0.072956,-1.251876,-1.776186,2.237634,-1.205280,-1.926707,1.726912,-1.108676,-1.774049,1.412440,-1.410688,-2.345367,-0.731750,-1.114203,-1.840149,1.806172,-1.188504,-1.739456,1.658675,-1.199194,-1.633789,2.221144,-1.329129,-2.007481,0.326188,-1.540366,-2.260156,0.927851
-1.849672,-2.390646,-1.711145,-0.681100,0.194906,0.766344,-1.385019,0.590185,-1.598725,0.576151,0.902692,0.876552,-1.006133,0.616035,-0.048565,-1.364549,-0.247717,-0.760421,-1.027817,-0.111807,1.005690,-0.772630,-0.594497,-0.282714,-1.516888,-0.095359,-1.456591,-1.005430,-0.775413,-0.889781,0.752467,0.750681,0.695074,-0.000001,-0.000001,-0.000001,-1.525486,0.276597,-0.671980,0.950829,0.938453,0.803505,-0.000001,-0.000001,-0.000001,-0.447358,-0.502512,0.792080,-0.859139,-0.448798,-2.451389,-1.265859,-1.005202,-1.414227,-0.833414,-1.651623,0.253863,-0.000001,-0.000001,-0.000001,-0.000001,-0.000001,-0.000001,-0.000001,-0.000001,-0.000001,-0.000001,-0.000001,-0.000001,-0.000001,-0.000001,-0.000001,-0.000001,-0.000001,-0.000001,-1.070768,0.175158,0.338625,-0.877655,-0.013296,0.409858,-0.720036,0.264387,-0.029109,-0.845441,1.374793,-1.223164,-1.009256,1.373367,0.818530,-0.550944,-0.202552,1.335132,-0.525855,1.075277,-0.575224,-0.771700,0.583691,-1.471437,-0.741979,0.111423,1.087025,-0.673375,-0.378031,0.726454,-0.494194,-1.120806,0.722278,-0.837201,-0.641231,-0.018599,-0.700077,-0.533203,-0.950001,-0.906041,-0.856941,0.753898,-0.873578,-0.641816,-1.091768,-0.863908,-0.903707,-0.154447,-0.827386,-0.316635,-0.033390,-0.691951,-1.067782,-0.561259,-0.782528,-0.787754,-0.640660,-0.885832,-0.785097,0.028767,-0.959002,-1.336448,-0.330249,-1.066036,0.577018,1.212356,-1.442757,0.255065,1.190227,-1.793888,-0.047976,1.081194,-2.073772,-0.299627,0.941770,-1.899677,-0.677384,1.325921,-1.318304,0.773610,0.914095,-0.586512,0.902540,0.895628,-0.198882,0.745728,0.981900,0.250405,0.528575,0.873933,-0.911602,0.998435,1.146767,-0.278714,0.942126,0.602595,-0.803377,1.021316,-0.127221,-1.096380,0.939444,-0.228059,-0.596805,1.122087,1.449212,-0.075318,0.971029,1.188967,-0.492062,0.938446,0.227178,-0.879500,0.892941,1.096120,-0.227423,1.236872,0.848282,0.058425,1.069544,0.921738,-0.244266,1.064978,0.852137,-0.458482,1.041955,0.716477,-1.421293,-1.316427,0.078941,-1.464323,-1.452525,0.874469,-1.485337,-1.427791,-0.485114,-1.394009,-1.135420,-0.068069,-1.301223,-1.494127,-1.350550,-1.316128,-0.939275,0.917268,-1.234282,-1.138995,0.231585,-1.051429,-1.601714,0.475641,-1.029262,-0.972792,-0.472164,-0.864484,-1.803719,-1.165873,-0.991886,-1.093795,1.059127,-1.059532,-1.557325,0.250193,-1.139197,-1.699346,0.646129,-0.958241,-1.841126,1.095662,-1.223891,-1.467513,-1.965464,-0.995554,-1.547801,0.978212,-1.415377,-1.740104,-1.370339,-1.894689,-1.619388,0.884867,-1.519278,-1.932736,-0.546036,-1.482548,-1.884467,1.534334,-1.605201,-1.564512,1.460452,-1.420013,-2.324537,-0.193102,-1.696689,-2.518511,-0.284747,-1.471275,-1.875552,2.062880,-1.512612,-2.427267,1.891985,-1.616177,-2.578206,-0.138433,-1.703756,-2.475233,-0.638706,-1.456306,-2.221790,-1.965534,-1.186593,-1.818567,-1.822588,-1.249457,-1.644910,0.791398,-1.295831,-1.731550,-0.599639,-1.167865,-2.396765,-0.469594,-1.105347,-3.151586,-1.587374,-1.127272,-2.664852,-2.309753,-1.035611,-3.259980,-1.835877,-1.261630,-2.267252,-0.845743,-1.112999,-1.981193,-1.440848,-1.121432,-2.172728,-1.444814,-1.422482,-2.441792,-1.540451,-1.383699,-2.282763,-2.283825,-1.391704,-1.931970,0.333574,-1.124456,-1.958808,-0.027997,-1.247276,-2.393239,-1.923348,-1.220276,-2.174493,-2.097960,-1.386555,-1.874390,-0.313853,-1.464450,-1.956578,0.081873,-1.381333,-1.926958,0.826747,-1.049387,-1.852129,-1.862468,-1.491557,-3.013546,-1.296152,-1.343087,-2.148493,-0.238401,-1.203420,-2.356844,0.633488,-1.222960,-2.865217,-1.171763,-1.176531,-2.652902,0.450886,-1.223449,-2.094979,1.812502,-1.321182,-2.653273,-0.205273,-1.152027,-2.633878,0.021325,-1.242906,-1.574980,1.417553,-1.219610,-1.725025,1.913211,-1.166595,-1.679236,1.560911,-1.476097,-2.326679,-2.695285,-1.211474,-2.712152,-0.204869,-1.250184,-1.777899,2.207224,-1.203791,-1.928485,1.797337,-1.107446,-1.776059,1.516279,-1.409655,-2.347184,-0.704515,-1.112971,-1.841970,1.863432,-1.186999,-1.741607,1.751312,-1.197483,-1.635832,2.185487,-1.326948,-2.007002,0.303005,-1.539539,-2.259505,0.601173
-1.838149,-2.389485,-1.553578,-0.666241,0.189585,0.703934,-1.346408,0.591467,-1.261561,0.578417,0.902006,0.651743,-0.856792,0.873101,-0.473251,-0.852676,-1.814544,-0.679464,-1.029935,-0.110077,1.057042,-0.759640,-0.594497,-0.259494,-1.518339,-0.745402,-1.420506,-0.969368,-0.781704,0.070752,0.753055,0.750681,0.450666,-0.000001,-0.000001,-0.000001,-1.529558,-0.434958,-0.583243,0.934504,0.938453,1.132704,-0.000001,-0.000001,-0.000001,-0.427686,-0.489664,0.835477,-0.851990,-0.423790,-2.039306,-1.264623,-1.000760,-1.310290,-0.836680,-1.471117,0.487114,-0.000001,-0.000001,-0.000001,-0.000001,-0.000001,-0.000001,-0.000001,-0.000001,-0.000001,-0.000001,-0.000001,-0.000001,-0.000001,-0.000001,-0.000001,-0.000001,-0.000001,-0.000001,-1.038441,-0.234713,0.701788,-0.844454,0.437504,0.005677,-0.687828,0.260313,-1.219527,-0.817325,1.374793,-1.370906,-0.990931,1.373367,0.772714,-0.516435,-0.202552,1.515756,-0.718829,1.075277,-0.581245,-0.738479,0.583691,-1.578636,-0.712855,-0.323789,0.821275,-0.641676,-0.771043,0.535019,-0.466564,-1.120806,0.872553,-0.812385,-0.641231,-0.007996,-0.676206,-1.053259,-0.840470,-0.880653,-1.198294,0.422325,-0.713709,-0.893290,-1.272782,-0.843488,-1.231436,-0.286460,-0.806401,-0.316635,0.167563,-0.671600,-1.279907,-0.354886,-0.766998,-1.188835,-0.624390,-0.871406,-1.000191,-0.259396,-0.943920,-1.614721,-0.495253,-0.861386,0.766747,0.569412,-1.221991,0.408390,0.741795,-1.511018,0.166132,0.684940,-1.725724,-0.081965,0.816257,-1.753115,-0.435784,1.035063,-0.898849,0.986000,0.414326,-0.203678,1.124318,0.086278,0.147509,0.993262,0.665338,0.488469,0.801025,0.617572,-0.586954,1.126263,-0.186450,0.045512,1.251596,0.915592,-0.380409,1.489583,0.291520,-0.802703,1.413651,0.108432,-0.398838,1.242850,-0.145972,0.217374,1.316440,0.767003,-0.195076,1.437301,0.308813,-0.587220,1.349370,0.665907,-0.060075,1.376661,0.386024,0.392073,1.404033,0.990396,0.097726,1.536630,0.380891,-0.283578,1.500286,0.228475,-1.413492,-1.675695,0.368710,-1.454931,-1.448161,0.858319,-1.281282,-1.423622,-0.573993,-1.386737,-1.131601,-0.033274,-1.293926,-1.491629,-1.402335,-1.308494,-0.936915,1.028372,-1.227396,-1.136954,0.346355,-1.043607,-1.600735,0.348796,-1.021777,-0.972001,-0.371650,-0.857089,-1.351769,-1.237608,-0.986333,-1.092136,1.444876,-1.053914,-1.554282,0.478618,-1.133823,-1.242079,0.576015,-0.952486,-1.390182,1.048865,-1.217255,-1.462076,-1.489999,-0.989940,-1.539546,1.309971,-1.149795,-1.731331,-1.321043,-1.885605,-1.612498,0.702503,-1.508698,-1.549386,-0.451860,-1.471572,-1.877302,1.569598,-1.299180,-1.557690,1.345958,-1.409826,-1.828002,-0.276482,-1.332617,-1.966727,-1.435689,-1.460903,-1.867171,1.266268,-1.503375,-1.832684,1.069605,-1.303679,-2.567492,-0.022495,-1.696698,-2.465033,-1.094986,-1.142346,-2.214987,-1.497890,-1.176847,-1.813552,-1.183257,-0.927278,-1.640259,1.443412,-0.969266,-1.726129,0.395188,-1.157573,-1.997057,-0.832518,-1.095334,-1.998704,-1.157136,-1.117251,-2.022354,-1.409193,-1.026059,-2.206806,-1.858461,-1.251925,-1.873603,-1.267879,-1.103258,-1.975901,-1.573214,-1.110649,-1.710392,-1.014708,-1.413372,-1.999206,-1.672574,-1.374479,-2.276112,-2.207447,-1.382894,-1.924179,0.777266,-1.113664,-1.951571,0.463634,-0.944823,-2.386764,-1.591111,-0.887433,-1.674453,-1.352166,-1.106754,-1.402560,-0.397562,-1.209592,-1.512504,-0.684623,-1.374058,-1.917266,0.552269,-1.039838,-1.842835,-0.679290,-1.268884,-2.483140,-1.951314,-1.334211,-2.145711,-0.325203,-1.194080,-2.353890,0.363099,-1.213675,-2.256536,-0.871007,-1.167253,-2.649761,-0.208448,-1.215708,-2.091780,1.358039,-1.314044,-2.159980,-0.557732,-1.144575,-2.193878,-0.705239,-0.953391,-1.572260,1.620842,-1.210651,-1.313542,1.813457,-1.157854,-1.676972,1.865339,-1.467644,-1.737384,-2.417030,-1.203140,-2.261000,-0.511880,-1.241352,-1.775312,2.337092,-1.194567,-1.500618,1.971779,-1.098290,-1.773024,1.666115,-1.152509,-2.344441,-1.052109,-1.103801,-1.839219,1.796670,-1.177672,-1.739033,1.600415,-1.188552,-1.633387,2.271369,-1.058165,-1.532903,0.285773,-1.273525,-1.615218,0.233277
0.276286,-0.430318,-0.942710,-0.656875,0.194906,0.646324,-1.341856,0.604762,-0.716468,0.577577,0.897546,0.781044,-0.067089,1.135858,-0.817052,-0.849542,-0.238438,-0.425144,-1.030113,-0.123895,0.824242,-0.762623,-1.480236,-0.038937,-0.253995,-0.091627,-1.338301,-0.929216,0.522318,-1.977606,-1.414717,-1.414742,-1.335527,-0.000001,-0.000001,-0.000001,-0.418043,-0.415873,-1.440031,0.950928,0.938431,0.708552,-0.000001,-0.000001,-0.000001,-0.418161,-0.475584,1.058161,-0.831438,-0.296062,-0.892919,-1.271426,-1.002389,-1.693068,-0.841591,-1.010829,0.668634,-0.000001,-0.000001,-0.000001,-0.000001,-0.000001,-0.000001,-0.000001,-0.000001,-0.000001,-0.000001,-0.000001,-0.000001,-0.000001,-0.000001,-0.000001,-0.000001,-0.000001,-0.000001,-0.819363,0.650292,-0.044024,-0.722592,0.768653,1.312707,-0.511590,0.736480,-0.661163,-0.985458,0.996805,-1.120992,-0.878869,1.321586,0.875057,-0.449421,-0.006459,1.322293,-0.817666,0.238916,0.490442,-0.591443,0.257625,-0.527059,-0.558854,0.248851,0.697250,-0.634937,-0.577967,-0.121623,-0.601017,-0.813260,0.072790,-0.745484,-0.843470,-0.529781,-0.586044,-0.316855,-0.572553,-0.899966,-0.974757,0.880229,-0.853354,-1.605789,-0.766151,-0.810466,-0.950121,-1.158371,-0.745338,-0.111266,-0.388369,-0.700184,-1.503185,-2.140059,-0.777130,-1.701228,-1.250506,-0.944382,-1.171510,-0.929555,-1.007137,-1.856050,-0.620209,-0.521165,1.116416,0.289696,-0.845672,0.759367,0.637093,-1.183177,0.546177,0.502348,-1.244354,0.419753,0.246840,-1.419351,-0.167796,0.380754,-0.353998,1.382053,-0.031412,0.356922,1.590809,-0.352274,0.625382,1.461660,-0.007216,1.006681,1.322930,0.173261,-0.060000,1.425652,-0.107374,0.550581,1.718040,0.432380,0.380684,1.992902,-0.074080,0.002143,1.977703,0.066866,0.151929,1.569806,0.032602,0.702785,1.765062,0.240498,0.518983,1.821442,0.241239,0.115762,1.719292,0.572110,0.461656,1.782180,0.111681,0.842882,1.884075,-0.008517,0.684604,1.918671,0.306302,0.408993,1.871324,0.276233,-1.259597,-1.164619,3.354586,-1.508421,-1.002894,0.392375,-1.530339,-1.003213,0.853246,-1.265822,-0.754105,0.967180,-1.185543,-0.887898,-0.614208,-1.009838,-0.742819,0.775272,-0.989268,-0.366187,0.618986,-1.027489,-1.076284,-1.231457,-0.830099,-0.941218,-0.758875,-0.948203,-1.312489,-1.452901,-0.901678,-0.942877,1.398066,-0.994379,-1.297150,0.321284,-1.095803,-1.440446,1.069247,-0.924833,-1.491426,1.449946,-0.943946,-0.834157,-1.968405,-0.979398,-0.696654,0.945155,-1.403421,-0.817299,-0.616577,-1.518856,-0.862001,1.104329,-1.094793,-1.612232,-0.749594,-1.087839,-1.124894,1.466633,-1.261040,-1.203633,1.747396,-1.116136,-1.913986,0.272857,-1.076081,-1.524662,-0.852933,-0.924285,-0.938244,1.169384,-1.362538,-1.323212,1.099088,-1.218951,-1.410582,0.307250,-1.646765,-1.354002,-0.612869,-1.190427,-1.479621,-1.914166,-1.224310,-1.639533,-1.789847,-0.979597,-1.103831,0.927359,-1.022298,-1.172727,0.050573,-1.162064,-1.991686,-0.946513,-1.123429,-1.439392,-1.953441,-0.863524,-0.777374,-1.130920,-1.099961,-1.172266,-1.938425,-1.041880,-1.478323,-1.279158,-1.515445,-1.778530,0.039463,-1.025174,-1.890895,-2.251972,-1.365967,-1.736115,-0.346766,-1.079583,-1.536016,-2.085333,-1.334654,-1.073306,1.576502,-1.319910,-1.161209,-1.280972,-1.346362,-2.131729,-1.513481,-1.040290,-1.869677,-2.030034,-1.261482,-1.586770,0.158138,-1.371706,-1.273014,0.944563,-1.263140,-1.562140,0.788838,-0.870828,-1.502303,-2.476563,-1.245442,-1.116209,-0.682649,-1.071177,-1.498347,-0.744030,-0.935609,-1.639402,-0.331783,-0.978590,-1.207724,0.833379,-0.946683,-1.466135,-1.117078,-1.047111,-1.347352,2.138246,-1.176938,-0.888691,0.060818,-0.982264,-1.087643,-0.309532,-1.024529,-1.312469,1.689885,-0.983824,-1.114051,1.616761,-0.915983,-1.029920,1.451009,-1.214448,-0.853816,-1.629219,-0.951835,-1.094033,-0.223642,-0.996951,-1.102861,2.655685,-0.961021,-1.228250,1.992479,-0.880602,-0.984271,1.742891,-1.244330,-1.209309,-1.262523,-0.885778,-1.124197,1.881413,-0.941521,-1.474259,1.322042,-0.941424,-1.381899,2.310122,-1.511650,-1.267644,0.668547,-1.403286,-1.254739,1.019657
-1.835038,-0.400056,-0.050860,-0.665989,0.191368,0.785829,-0.434518,0.633917,0.155887,0.576508,0.895490,1.133711,0.248521,1.395399,-0.733623,-0.849338,-0.222959,-0.694415,-1.032495,-0.994884,0.614613,-0.760028,-0.611997,0.087933,-0.248177,-0.747891,-0.167399,1.096946,-0.782965,0.361471,0.753245,0.750692,0.741361,-0.000001,-0.000001,-0.000001,-0.979153,-0.437671,-0.329521,0.902713,0.938463,1.423549,-0.000001,-0.000001,-0.000001,-0.438536,-0.441337,1.230169,-0.844020,-0.169768,-0.572473,-1.278532,-0.974083,-1.258847,-0.849769,-0.320899,1.517500,-0.000001,-0.000001,-0.000001,-0.000001,-0.000001,-0.000001,-0.000001,-0.000001,-0.000001,-0.000001,-0.000001,-0.000001,-0.000001,-0.000001,-0.000001,-0.000001,-0.000001,-0.000001,-0.874907,-0.165818,-0.000561,-0.973905,-0.200784,1.214419,-0.675552,-0.073426,-0.472051,-0.644280,0.095171,-1.039233,-0.995877,1.048545,-0.038749,-0.590966,0.152601,1.448748,-0.620603,0.037409,0.750738,-0.689521,-0.225575,-0.504448,-0.873976,-0.350491,0.633914,-0.655000,-0.443554,-0.071435,-0.502319,-0.603985,0.193216,-0.884836,-0.790709,-0.714663,-0.771824,-0.606799,-1.255812,-0.866475,-0.621346,1.397149,-0.852866,-1.349925,-0.725145,-0.880959,-0.758695,-0.189297,-0.872267,-0.432349,0.831999,-0.646922,-0.976608,-1.318261,-0.759937,-1.204752,-1.235750,-0.975382,-0.754634,-0.283825,-0.973203,-0.994144,-0.084168,-0.212154,1.592570,0.609863,-0.497918,1.201351,0.736162,-0.797063,1.010111,0.319502,-0.817822,0.912550,0.213695,-1.059051,0.245072,0.414429,0.090435,1.972854,-0.229952,0.800410,2.234395,-0.139003,1.029481,1.995140,0.230549,1.380399,1.759433,0.289690,0.399640,2.049787,-0.479327,0.969570,2.305185,0.466661,0.728940,2.574550,0.001606,0.257845,2.539555,-0.281417,0.607702,2.117125,-0.040731,1.081024,2.308281,0.278609,0.811683,2.351723,0.234662,0.467753,2.206174,0.232226,0.847760,2.318911,0.083495,1.122171,2.388520,0.581255,0.936674,2.447583,0.221594,0.637476,2.361935,-0.025480,-1.423296,-1.143265,1.752140,-1.250127,-0.981043,0.616123,-1.310255,-0.542168,-0.162884,-1.241525,-0.725156,0.591246,-1.160718,-0.474894,-1.011952,-1.188730,-0.712620,1.244710,-1.150451,-0.332316,1.082271,-0.998571,-0.577865,-0.879800,-0.800906,-0.136184,0.424504,-0.918653,0.052218,-0.494993,-1.071416,-0.902127,1.679904,-1.172781,-0.537179,1.251634,-1.266925,-0.965057,0.124603,-1.115366,-1.023620,1.165125,-0.912863,-0.797315,-0.903368,-1.165140,-0.655617,1.005021,-1.115009,-0.778617,-0.128399,-1.256119,-0.835001,0.544002,-1.342718,-0.468068,0.415209,-1.345654,-0.701945,1.498460,-1.222889,-0.776404,1.555072,-1.378291,-0.915751,0.680280,-0.682079,-0.952972,-1.106377,-1.218845,-0.907358,0.358776,-1.321834,-0.708448,0.718475,-1.482364,-0.738931,0.528498,-1.358496,-1.314031,-0.462368,-1.151907,-0.538413,-0.766061,-1.186285,-0.518587,-1.004903,-0.940041,-0.679623,0.115619,-0.982204,-0.682975,0.270083,-1.122480,-0.400419,-0.462635,-1.084033,-0.270260,-0.092689,-1.129863,-0.741321,0.167096,-1.061416,-0.104791,-0.070562,-1.003047,-0.683606,-1.142320,-1.225663,-1.042055,-1.986865,-1.278473,-0.508707,-1.039834,-1.332773,-0.414301,-0.757149,-1.044419,-0.541034,-1.067121,-1.302504,-1.039221,1.840718,-1.281628,-0.604329,0.246038,-1.018668,-0.693286,-1.189468,-0.999617,-0.374769,-0.577916,-1.227560,-0.176199,0.311974,-1.586318,-0.812886,-0.590598,-1.485536,-0.816268,0.885680,-1.153059,-0.787082,0.167007,-1.217727,-0.043168,-0.517096,-1.037082,0.024901,-1.187602,-1.183538,-0.021810,0.175481,-1.225361,-0.575591,1.715539,-1.201594,-0.170338,0.651753,-1.267522,-0.459407,0.276633,-1.379648,-0.376370,0.524846,-1.194458,-0.197075,0.585811,-0.988948,-0.766663,1.302636,-0.948871,-0.686260,0.578718,-1.147989,-0.575283,0.726665,-0.932183,-0.241870,-0.173533,-1.159690,-0.181403,0.328217,-0.962202,-0.674060,0.254518,-0.925032,-0.783444,0.420928,-1.132181,-0.957570,0.980098,-1.460127,-0.324764,-1.277707,-1.137745,-0.668250,0.440991,-1.189410,-0.632405,-0.073547,-0.906287,-0.971191,0.016834,-1.220861,-0.775869,-0.219045,-1.370768,-0.586431,0.049523
-1.833713,-0.400838,-0.063549,-0.666370,0.191800,0.785748,-0.435429,0.634781,0.149303,0.576610,0.895490,1.123914,0.248431,1.395151,-0.703557,-0.849745,-0.229139,-0.662335,-1.032759,-0.994884,0.625958,-0.759934,-0.613749,0.077731,-0.246964,-0.745402,-0.119088,1.099397,-0.781704,0.364241,0.753309,0.750692,0.693527,-0.000001,-0.000001,-0.000001,-0.979264,-0.436323,-0.219277,0.902763,0.938463,1.360328,-0.000001,-0.000001,-0.000001,-0.437170,-0.441934,1.245084,-0.843174,-0.171202,-0.514350,-1.278843,-0.974083,-1.266039,-0.849345,-0.336944,1.546251,-0.000001,-0.000001,-0.000001,-0.000001,-0.000001,-0.000001,-0.000001,-0.000001,-0.000001,-0.000001,-0.000001,-0.000001,-0.000001,-0.000001,-0.000001,-0.000001,-0.000001,-0.000001,-0.874214,-0.173079,-0.004411,-0.973021,-0.208771,1.176313,-0.674533,-0.081523,-0.491281,-0.643235,0.078958,-1.065613,-0.995197,1.039120,-0.053185,-0.590227,0.141536,1.435632,-0.619382,0.025187,0.674014,-0.688464,0.426486,-0.638771,-0.873050,-0.361955,0.541490,-0.654496,-0.453865,-0.134328,-0.501733,-0.610332,0.106552,-0.884175,-0.803913,-0.759462,-0.771189,-0.616012,-1.220202,-0.866062,-0.627394,1.349318,-0.852504,-1.354341,-0.741208,-0.880416,-0.764501,-0.227174,-0.871708,-0.441000,0.852458,-0.646704,-0.982173,-1.342547,-0.759689,-1.208267,-1.259834,-0.975078,-0.760350,-0.309693,-0.972801,-0.999074,-0.067658,-0.212287,1.592112,0.618533,-0.498043,1.201140,0.721752,-0.797190,1.009909,0.291504,-0.817953,0.912134,0.222163,-1.059163,0.244722,0.449950,0.090276,1.972401,-0.264412,0.800237,2.233922,-0.139096,1.029323,1.994927,0.237976,1.353543,1.759250,0.295813,0.399443,2.025912,-0.463692,0.969394,2.304961,0.473572,0.728749,2.574066,0.016256,0.257668,2.539310,-0.281931,0.607522,2.116927,-0.016508,1.080865,2.307850,0.283737,0.811533,2.351283,0.232144,0.434770,2.205753,0.206850,0.847633,2.318716,0.079370,1.122032,2.388311,0.601422,0.936544,2.447145,0.209034,0.607722,2.361723,-0.041748,-1.423500,-1.143637,1.817861,-1.250127,-0.981431,0.670612,-1.310255,-0.542168,-0.185934,-1.241720,-0.725156,0.553757,-1.160718,-0.474894,-0.964853,-1.188730,-0.712620,1.367114,-1.150451,-0.332316,1.171471,-0.998340,-0.577375,-0.884085,-0.800651,-0.136184,0.474414,-0.918413,0.052680,-0.534074,-1.071206,-0.902127,1.675820,-1.172570,-0.537179,1.269901,-1.266521,-0.965057,0.071650,-1.115141,-0.580610,1.148481,-1.163594,-0.797315,-0.740667,-1.164921,-0.656406,1.150759,-1.114478,-0.779279,-0.162906,-1.256119,-0.835894,0.540373,-1.342718,-0.468872,0.419431,-1.345654,-0.702356,1.483995,-1.222889,-0.776820,1.557054,-1.378291,-0.916793,0.713719,-0.681703,-0.954129,-1.168807,-1.218845,-0.907869,0.368976,-1.321500,-0.709046,0.742819,-1.482053,-0.740291,0.541270,-1.357944,-1.315354,-0.469483,-1.151571,-0.539396,-0.778403,-1.185953,-0.518997,-1.014043,-0.939695,-0.680036,0.115871,-0.981853,-0.683454,0.266900,-1.122480,-0.400419,-0.472297,-1.083691,-0.270260,-0.110971,-1.129521,-0.741321,0.147799,-1.061416,-0.104791,-0.080487,-1.002731,-0.684039,-1.127601,-1.225663,-1.042825,-1.989476,-1.278473,-0.509679,-1.063734,-1.585858,-0.415231,-0.758697,-1.044137,-0.541533,-1.063355,-1.547545,-1.039805,1.851133,-1.281628,-0.604872,0.219604,-1.018367,-0.693772,-1.219957,-0.999259,-0.375820,-0.635953,-1.227281,-0.177190,0.276381,-1.586043,-0.813820,-0.571342,-1.485262,-0.816995,0.894002,-1.152697,-0.787779,0.114637,-1.217727,-0.043168,-0.502737,-1.037082,0.024513,-1.194273,-1.183219,-0.021810,0.173349,-1.225044,-0.575591,1.700186,-1.201594,-0.170338,0.648280,-1.267261,-0.459891,0.292786,-1.379648,-0.376370,0.452547,-1.194207,-0.197075,0.574467,-0.988661,-0.766663,1.286624,-0.948577,-0.686679,0.566923,-1.147691,-0.575728,0.702246,-0.932183,-0.241870,-0.151662,-1.159443,-0.181403,0.360086,-0.961901,-0.674060,0.247020,-0.924730,-0.783444,0.405667,-1.132181,-0.958063,0.970522,-1.459861,-0.324764,-1.295658,-1.137745,-0.668250,0.429582,-1.189092,-0.632405,-0.080198,-0.905983,-0.971191,-0.001796,-1.220861,-0.776866,-0.240670,-1.370504,-0.587787,0.037505
-1.847887,-0.353503,0.669771,-0.651633,2.392247,0.433486,-0.412842,0.623632,0.624646,0.576279,0.897889,0.878309,0.242748,2.037692,-0.156686,-0.843476,-0.226040,-0.834503,-1.035411,-1.019080,1.017824,-0.761566,-0.619006,-0.147930,-0.247215,0.563377,0.213588,-0.917337,0.546249,0.254831,-1.414717,-1.414742,-1.335527,-0.000001,-0.000001,-0.000001,-0.410762,0.302489,-0.660418,0.950515,0.938442,0.540867,-0.000001,-0.000001,-0.000001,-0.439903,-0.415007,1.532363,-0.852425,-0.100750,-0.442547,-1.277918,-0.974083,-1.518517,-0.841591,-0.025071,1.331849,-0.000001,-0.000001,-0.000001,-0.000001,-0.000001,-0.000001,-0.000001,-0.000001,-0.000001,-0.000001,-0.000001,-0.000001,-0.000001,-0.000001,-0.000001,-0.000001,-0.000001,-0.000001,-0.678867,-0.180296,-0.267288,-0.774517,-0.212764,1.692048,-0.680837,-0.077450,0.004351,-0.820595,0.095171,-1.206328,-0.999078,1.057912,0.077113,-0.594260,0.152601,1.260626,-0.860753,0.049630,0.510240,-0.694299,0.455553,-0.803143,-0.878629,0.099959,0.116715,-0.656852,-0.047092,-0.020730,-0.674889,-0.597637,-0.153300,-0.887606,-0.781907,-0.761112,-0.775002,-0.593035,-1.400770,-0.867554,-0.273946,1.387742,-0.854196,-1.347717,-1.000602,-0.882696,-0.752889,0.061740,-1.003434,-0.426558,0.736842,-0.647464,-0.764483,-1.005033,-0.760601,-0.593404,-1.225550,-0.976459,-0.752729,0.078776,-1.067069,-0.706041,0.194405,0.017873,1.847833,1.117879,-0.197153,1.511215,0.993107,-0.403371,1.350561,1.049846,-0.560829,1.212171,0.856695,-0.717445,0.653217,0.976746,0.576645,2.551892,1.027809,1.083690,2.760469,0.331788,1.256928,2.446252,0.515129,1.536018,2.003232,0.560792,0.938852,2.661458,0.888017,1.257834,2.753938,0.419431,0.828420,2.763113,-0.517129,0.349978,2.675916,-0.734837,1.035933,2.650675,0.707024,1.222920,2.644209,0.796107,0.971703,2.523137,0.195662,0.559388,2.394837,0.619445,0.954874,2.731842,0.717405,1.168692,2.714041,0.740655,1.017063,2.691277,0.492760,0.868030,2.598959,0.221791,-1.405291,-0.986521,1.062242,-1.215676,-0.733989,1.479792,-1.077637,-0.597978,-0.273538,-1.197517,-0.160999,-0.410282,-1.099627,-0.361275,-1.868761,-1.094486,0.107065,1.175867,-1.223482,0.702085,1.494756,-1.040761,0.235886,-0.581129,-1.021286,0.447833,-0.011499,-0.858822,-0.070320,-1.055428,-0.989009,0.342319,1.615247,-1.058013,0.519603,1.195968,-1.335750,-0.396656,0.889938,-1.178255,-0.108112,1.469288,-1.224420,-0.241692,-1.053496,-0.996449,-0.198386,1.711548,-1.157928,0.140823,-1.124851,-1.643721,-0.343036,0.112722,-1.500529,-0.074812,1.209303,-1.464979,-0.706607,0.647477,-1.590314,-0.781114,0.986833,-1.407273,-0.406386,1.766518,-0.980727,-0.386930,-0.219529,-1.463402,-0.414413,0.523530,-1.507827,-0.715225,1.109971,-1.310056,-0.073916,1.455777,-1.444270,-0.585730,-0.070745,-1.141698,0.044273,0.093882,-1.176207,0.366235,-0.444666,-0.926625,-0.068670,-0.581342,-0.968605,0.088878,-0.499776,-1.154666,0.330060,-0.306005,-1.093389,0.225329,0.027163,-1.116607,0.444964,0.041189,-1.026059,0.347705,0.125279,-0.944488,0.418465,-1.016420,-1.096757,-0.208818,-1.298960,-1.104171,0.067279,0.187356,-1.408838,0.136525,0.127893,-1.095723,0.111231,-0.186767,-1.378473,-0.270300,1.346245,-1.107181,-0.415310,0.763947,-1.240202,-0.062840,-1.100242,-1.213821,0.248190,-0.585103,-1.382566,-0.053352,1.010510,-1.461871,-0.243598,-0.555572,-1.377564,-0.569098,1.596920,-1.042900,-0.550069,0.075716,-1.050924,0.606035,-0.702977,-1.067297,0.077746,-1.177036,-1.192265,0.411197,0.125744,-1.213078,0.079325,1.748406,-1.167253,0.290027,0.655554,-1.216762,0.029118,0.241980,-1.315763,0.222809,0.583804,-1.145591,0.370026,0.632226,-0.953678,-0.079388,1.445596,-0.934421,-0.554058,0.897949,-1.156156,-0.434784,0.909066,-0.960994,0.523089,-0.274121,-1.200365,0.366588,0.174991,-0.968183,-0.191970,0.386384,-0.910155,-0.283360,0.529681,-1.098290,-0.396654,1.065873,-1.154084,0.202285,-1.251785,-1.103801,-0.155640,0.516689,-1.177072,-0.142773,0.016790,-0.912335,-0.509442,0.221647,-1.053007,-0.643478,-0.489054,-1.276512,-0.406517,-0.223879
-1.843018,-0.353882,0.702159,-0.662248,0.201981,0.598475,-0.427776,0.620203,0.386644,0.578290,0.897546,0.835657,0.247108,2.043382,0.197317,-1.364148,-0.250817,-0.547999,-1.036559,-1.008701,1.094377,-0.762336,-0.617254,-0.189122,-0.289404,-0.739197,-0.459769,-0.955025,-0.781704,0.563930,0.752921,0.750681,1.087462,-0.000001,-0.000001,-0.000001,-0.988473,-0.419950,-0.205933,0.902578,0.938453,1.248191,-0.000001,-0.000001,-0.000001,-0.439199,-0.411347,1.559054,-0.844866,-0.111058,-0.220846,-1.274512,-0.967618,-1.484963,-0.834236,0.352986,1.391843,-0.000001,-0.000001,-0.000001,-0.000001,-0.000001,-0.000001,-0.000001,-0.000001,-0.000001,-0.000001,-0.000001,-0.000001,-0.000001,-0.000001,-0.000001,-0.000001,-0.000001,-0.000001,-0.679728,-0.593797,0.429870,-0.774689,-0.208771,1.938468,-0.680494,-0.081523,-0.073382,-0.991706,0.089767,-1.721236,-0.998788,1.048545,-0.006262,-0.594821,0.148897,1.102473,-0.860952,0.745591,1.038294,-0.898047,1.119270,0.187804,-0.878317,0.970382,0.663397,-0.658035,-0.050543,0.208477,-0.675629,-0.236176,-0.055389,-0.887872,0.224942,-0.826659,-0.921541,-0.072979,-1.567811,-0.868494,-0.276970,1.531425,-0.994691,-1.094034,-1.237397,-1.008481,-0.422257,0.318830,-1.003659,-0.099684,0.340615,-0.648435,-0.550495,-1.001356,-0.857016,-0.390211,-1.099676,-1.065317,-0.535752,0.389561,-1.067392,-0.708506,0.150180,0.052066,1.905804,1.316845,-0.109073,1.541621,1.178607,-0.341886,1.356889,1.315368,-0.439369,1.218603,1.138928,-0.540113,0.678050,1.019520,0.652435,2.684664,1.378210,1.249277,2.899494,0.838751,1.377548,2.547827,0.908282,1.619905,2.069656,1.083330,0.980702,2.808934,1.527090,1.164189,2.835673,1.052962,0.904698,2.689623,0.221668,0.387743,2.519969,-0.088776,1.040869,2.812155,1.173816,1.197576,2.770694,0.535774,0.976498,2.505336,0.250678,0.564167,2.330539,0.387684,0.987356,2.759330,1.082806,1.146524,2.743445,0.779334,1.078742,2.624834,0.549867,0.901932,2.487031,0.228532,-1.418695,-0.761867,1.643423,-1.244833,-0.585038,-0.139979,-1.305731,-0.519559,-0.766730,-1.056898,-0.184487,0.198736,-0.970557,0.326650,-0.046051,-0.978867,-0.129078,1.356966,-1.147304,0.334685,1.406187,-0.771475,0.862632,-0.576043,-0.798490,-0.106983,0.666775,-0.916919,0.517377,0.209888,-1.070387,-0.099684,1.078168,-0.968264,-0.505945,1.722904,-1.266521,-0.493472,-0.874797,-1.115366,-0.115627,1.610726,-0.912863,-0.119626,0.224890,-1.165140,-0.616827,1.357345,-1.115296,-0.100543,0.156283,-1.714863,-0.375548,0.461362,-1.337268,-0.070888,0.832539,-1.340633,-0.676267,0.689010,-1.511563,-0.750466,1.072708,-1.374454,-0.401303,1.989701,-0.679116,-0.381282,-0.743759,-1.216695,-0.381484,-0.561608,-1.320137,-0.671124,0.158867,-1.481418,-0.698846,1.037063,-1.101441,-0.633860,-0.165888,-1.148720,-0.054263,0.321254,-0.886104,0.235240,-0.270979,-0.936767,-0.257069,-0.521766,-0.978885,-0.194698,-0.321750,-1.118617,0.012158,0.206814,-1.080485,-0.240797,0.178296,-1.126628,-0.078135,0.620562,-1.058552,-0.077890,0.597395,-1.000453,0.109414,-0.172563,-1.221068,0.050918,-0.913606,-1.273527,-0.030124,0.234367,-1.329014,0.043376,0.711531,-1.040666,-0.029722,0.294831,-1.298875,-0.440240,1.438303,-0.984910,-0.573165,0.211983,-1.016502,-0.195597,-0.519145,-0.997576,0.142843,0.537676,-1.226145,-0.148432,0.753384,-1.094511,-0.353693,-1.417115,-1.229746,-0.774528,0.538480,-1.150998,-0.747057,0.693771,-1.214554,-0.018842,0.321499,-1.033755,0.418358,-0.334130,-0.895551,0.396395,1.415780,-0.939367,0.052058,1.590302,-1.198812,0.274289,1.580181,-1.265391,0.424855,0.346259,-1.145986,0.131895,0.306574,-1.192407,0.256255,1.566171,-0.986304,-0.225228,0.698133,-0.945979,-0.262730,-0.158865,-0.878496,-0.125174,0.034270,-0.929011,-0.215418,0.063602,-1.156412,0.283441,1.801720,-0.959072,-0.249106,-0.474097,-0.922054,0.078564,-0.131030,-1.129436,-0.458627,0.248483,-0.716722,0.125737,-0.276951,-1.134995,-0.216393,-0.086779,-0.902119,0.205570,0.126030,-0.903123,0.213642,-0.270798,-1.216765,-0.285091,-1.168678,-1.113418,-0.548420,-0.692103
-1.829277,-0.349241,0.661734,-0.662370,0.183833,0.597635,-0.422135,0.617638,0.539858,0.578722,0.897546,0.776687,0.242958,1.784090,-0.746257,-0.852979,-0.229139,-0.756493,-1.034791,-1.015620,1.276505,-0.772536,-0.617254,-0.124470,-0.288931,-0.104068,-0.347665,-0.972244,-0.130331,0.860563,0.752931,0.750681,0.572119,-0.000001,-0.000001,-0.000001,-0.976584,-0.422678,-0.403981,0.934751,0.938453,0.971771,-0.000001,-0.000001,-0.000001,-0.436507,-0.411347,1.459775,-0.838972,-0.118408,-0.179679,-1.269879,-0.960733,-1.426036,-0.833414,0.172481,1.056677,-0.000001,-0.000001,-0.000001,-0.000001,-0.000001,-0.000001,-0.000001,-0.000001,-0.000001,-0.000001,-0.000001,-0.000001,-0.000001,-0.000001,-0.000001,-0.000001,-0.000001,-0.000001,-0.903623,-0.593797,0.936314,-1.005348,-0.204778,1.724122,-0.706917,0.394593,0.815036,-1.014918,0.100576,-1.009672,-1.125785,1.062625,0.282502,-0.834192,0.156304,0.767348,-0.891999,0.055741,0.644850,-0.925260,1.136753,-0.176372,-0.902486,0.981846,0.767871,-0.682809,-0.043641,-0.009945,-0.697641,-0.594464,-0.841625,-0.907799,-0.271908,-0.784327,-0.648017,-0.059159,-1.100780,-0.888352,-0.270922,1.597148,-1.012491,-1.089618,-0.624625,-0.899430,-0.416486,0.824990,-0.763087,0.577192,0.999578,-0.664240,-0.332783,-0.442148,-0.773394,-0.386696,-1.013651,-0.988276,-0.531941,0.274665,-0.986923,-0.134704,0.476865,0.017368,1.739447,1.355696,-0.225593,1.410139,0.970451,-0.432521,1.231568,1.000289,-0.444340,1.091201,1.124450,-0.618719,0.492863,0.969367,0.575885,2.394693,0.955324,1.115043,2.569898,0.352023,1.372628,2.297943,0.644203,1.615412,1.855966,0.699262,0.974508,2.538066,1.155493,1.289704,2.573452,0.363297,0.934256,2.595098,-0.265770,0.448157,2.451423,-0.662245,1.068681,2.556259,0.973750,1.251719,2.542505,0.694610,1.004227,2.394798,0.195689,0.657129,2.247843,0.618323,1.010885,2.639625,0.788441,1.245708,2.592258,0.702999,1.102643,2.515117,0.660408,0.896906,2.474926,0.397885,-1.225565,-0.761867,0.855354,-1.012323,-0.585814,-0.026572,-1.107638,-0.521400,-0.878910,-1.053262,-0.187728,0.014264,-0.967205,-0.068537,-0.466938,-0.975157,-0.135580,1.219207,-0.958832,0.326576,0.732740,-0.768389,0.855614,-0.144123,-0.795838,-0.117530,0.984410,-0.682246,0.510791,0.443789,-1.069158,-0.109440,0.789356,-0.967184,-0.513521,1.237681,-1.070372,-0.497779,-0.906181,-1.114428,-0.118908,0.834600,-0.912052,-0.122400,0.155655,-1.164693,-0.618344,0.753953,-0.858111,-0.740651,0.179309,-1.015213,-0.806622,0.397299,-1.046728,-0.069312,0.752347,-1.039184,-0.674176,1.197041,-1.214524,-0.748354,1.054000,-1.370955,-0.399262,1.856292,-0.326489,-0.379014,-1.078169,-0.876461,-0.378889,-0.979745,-0.995003,-0.668085,-0.212820,-1.179134,-0.696181,0.749438,-0.844120,-0.631820,-0.026266,-0.844321,-0.053791,0.772902,-0.882651,0.235650,0.365902,-0.933174,-0.257069,-0.307820,-0.975243,-0.195655,-0.161917,-1.115082,0.010503,0.408338,-1.076910,-0.243244,0.590419,-1.123077,-0.080795,0.862293,-1.055674,-0.080124,0.640555,-0.997556,0.107385,-0.262641,-0.960808,-0.305981,-0.949153,-0.977371,-0.029658,0.647186,-1.072180,0.043822,-0.095281,-1.036912,-0.029223,0.438394,-1.050204,-0.439656,0.772059,-0.980274,-0.572622,1.291142,-0.722963,-0.195112,-0.252496,-0.995204,0.143348,0.808740,-1.224429,-0.147441,0.268948,-1.093200,-0.352797,-1.677517,-1.228124,-0.773801,0.003794,-1.148604,-0.746360,0.600066,-0.785880,-0.023293,0.280187,-0.768769,0.415545,-0.191191,-0.892217,0.393888,0.782294,-0.936369,0.048295,1.250925,-0.903657,0.271624,1.105723,-1.010767,-0.010191,-0.182579,-0.911844,0.127755,-0.077397,-0.947275,0.252110,0.962290,-0.983649,-0.230134,0.602403,-0.943086,-0.266606,-0.270874,-0.875376,-0.129293,0.111662,-0.676342,-0.220968,0.486717,-0.914458,0.279655,1.207755,-0.955920,-0.252113,-0.499010,-0.919077,0.075445,-0.116474,-1.126678,-0.462688,0.145043,-0.714381,0.122105,-0.144998,-1.132233,-0.219591,-0.231005,-0.899108,0.202079,0.021517,-0.899935,0.210326,-0.448223,-0.955885,-0.284094,-0.394920,-0.855539,-0.547770,-0.445283
0.275853,-0.357766,0.572622,-0.667993,0.205087,0.491897,-0.431238,0.653650,0.135657,0.577907,0.895833,0.915761,0.250416,1.267730,0.253594,-0.854700,-0.226040,-1.218651,-1.034527,-1.013891,0.962289,-1.253232,-1.485493,0.295713,-1.508879,-0.099092,-1.311727,-1.003379,-0.124025,-0.534222,0.752746,0.750669,0.474974,-0.000001,-0.000001,-0.000001,-0.972728,-0.421314,-1.144233,0.934862,0.938453,0.582042,-0.000001,-0.000001,-0.000001,-0.422923,-0.413774,1.252010,-0.833513,-0.149242,-0.311798,-1.264001,-0.960733,-1.309123,-0.824837,-0.681909,0.572874,-0.000001,-0.000001,-0.000001,-0.000001,-0.000001,-0.000001,-0.000001,-0.000001,-0.000001,-0.000001,-0.000001,-0.000001,-0.000001,-0.000001,-0.000001,-0.000001,-0.000001,-0.000001,-0.845498,0.400039,1.534351,-0.846222,0.234043,-0.922468,-1.075580,-0.407115,-1.175844,-0.987392,-0.120812,0.509928,-0.882064,0.069250,0.777786,-0.726260,-0.391238,-0.902720,-0.952037,0.074074,0.771999,-0.940285,0.286764,-1.069577,-0.889787,0.348112,-1.620516,-0.643364,-0.553853,-1.722793,-0.635293,-0.565938,-2.023015,-0.664189,0.128223,-1.025148,-0.677345,0.796852,0.729298,-0.729120,-0.666629,-0.380340,-0.714922,-1.005793,0.560804,-0.844576,-0.065533,0.704955,-0.681039,1.173100,1.092920,-0.795335,-0.319768,-0.397638,-0.673741,-0.478554,-1.025037,-0.785308,-0.234986,0.093385,-0.762926,0.490773,0.189520,0.026821,1.409714,1.317493,-0.244771,1.078435,0.915793,-0.509544,0.915814,0.685055,-0.640523,0.724354,0.827724,-0.735269,0.105875,0.819132,0.339325,2.044330,0.217435,1.059451,2.124924,0.115827,1.321988,1.848967,0.525042,1.595353,1.512714,0.264333,0.839320,2.163670,0.035800,1.200387,2.226362,0.319956,0.944036,2.381875,-0.877976,0.490427,2.344438,-1.209869,1.011492,2.180201,0.103671,1.289392,2.184382,0.307930,1.046854,2.176355,-0.523472,0.666453,2.037605,-0.376865,1.075748,2.293568,0.324359,1.201093,2.291760,0.306502,1.139415,2.273173,-0.274569,0.964470,2.168877,-0.514766,-1.255590,-0.765281,1.950361,-1.048461,-0.589402,-0.336222,-1.332656,-0.525568,-0.402111,-1.081958,-0.192079,0.591345,-0.996568,-0.071844,0.092701,-0.801724,-0.139722,1.407745,-0.988078,-0.318745,1.326623,-0.803711,0.378781,-1.301907,-0.603669,-0.123133,0.238819,-0.718690,0.507441,-0.290717,-0.905374,-0.116011,1.231619,-0.999120,-0.519668,1.455999,-1.100966,-0.501078,-0.540523,-0.930832,-0.122646,1.249758,-0.951360,-0.127838,-0.546879,-0.985678,-0.625083,1.277580,-0.898047,-0.106668,-0.749433,-1.052017,-0.378751,0.090175,-1.092074,-0.446744,0.352771,-1.085961,-0.678358,1.329580,-0.967711,-0.752579,1.421258,-1.117406,-0.404386,1.543295,-0.381204,-0.384708,-1.098895,-0.929297,-0.878089,-0.402837,-0.722523,-0.674164,0.042571,-0.924923,-0.071305,0.891364,-0.884013,-0.638602,-0.810724,-0.891755,-0.514742,-0.233657,-0.929475,-0.134150,-0.716869,-0.672789,-0.660983,-0.115001,-0.711315,-0.662888,0.192601,-0.858605,0.007193,-0.413929,-0.819861,-0.248040,-0.053185,-0.865786,-0.086822,0.301341,-0.801810,-0.084504,0.264071,-0.739947,0.104091,-0.664684,-1.001162,-0.309365,-1.600530,-1.023341,-0.033972,-0.332423,-1.112076,-0.391925,-0.091097,-0.807465,-0.516509,-0.396307,-1.088832,-0.445645,1.639774,-1.026283,-0.578185,0.320304,-0.768812,-0.199562,-0.959502,-0.725074,-0.349462,-0.146760,-0.997356,-0.152320,0.471156,-1.131384,-0.357351,-1.348038,-1.013540,-0.780526,0.572932,-0.875978,-0.752808,0.476991,-0.606457,-0.027700,-0.072051,-0.547860,0.036835,-0.434081,-0.652428,-0.008313,0.372957,-0.697702,0.043244,1.277938,-0.949453,0.268009,0.695599,-1.050307,-0.013836,-0.123485,-0.948205,0.123657,0.275669,-0.985341,0.248899,1.276656,-0.749401,-0.234504,0.858288,-0.712803,-0.270028,0.033711,-0.650987,-0.563853,0.194186,-0.465700,-0.225268,0.567934,-0.713437,0.275907,1.176209,-0.729183,-0.255575,-0.448566,-0.681972,-0.349339,-0.082003,-0.883336,-0.466707,0.327682,-0.753357,0.118472,-0.521476,-0.888516,-0.655014,-0.149830,-0.659359,-0.210368,0.011938,-0.670668,-0.181425,-0.440101,-0.996421,-0.751809,-0.662141,-0.895629,-0.553734,-0.629317
0.274961,-0.357766,0.585531,-0.667993,0.177648,0.870004,-0.439614,0.623632,0.399386,0.580096,0.895146,0.610584,0.402643,0.875823,-0.903682,-1.368289,-1.845521,-0.300552,-1.027548,-1.896967,0.789575,-1.256028,-1.481988,0.226915,-0.238970,-0.094115,0.368868,1.105549,-0.116474,0.132199,-1.414717,-1.414742,-1.335527,-0.000001,-0.000001,-0.000001,-0.423716,-0.421314,0.010050,0.950906,0.938453,0.527127,-0.000001,-0.000001,-0.000001,-0.423586,-0.425427,0.990571,-0.835615,-0.156592,-0.474682,-1.268020,-0.957895,-1.101481,-0.826059,-0.501404,0.907077,-0.000001,-0.000001,-0.000001,-0.000001,-0.000001,-0.000001,-0.000001,-0.000001,-0.000001,-0.000001,-0.000001,-0.000001,-0.000001,-0.000001,-0.000001,-0.000001,-0.000001,-0.000001,-0.867507,-0.698999,0.314357,-0.560814,0.138302,0.403864,-0.474597,-0.191412,-0.799054,-0.983814,0.570308,-0.295060,-0.881774,0.384705,1.493652,-0.583986,-0.801895,-0.158692,-0.849112,-0.121323,-0.429260,-0.684225,0.298419,-0.558743,-0.691163,-0.006898,1.139369,-0.453060,-0.936513,-0.948650,-0.666611,-1.051061,-2.378145,-0.575637,-0.905033,-1.322982,-0.767887,1.404380,0.256613,-0.704135,-0.705901,0.100255,-0.707655,-0.897707,0.174216,-0.751376,-0.500569,-0.139846,-0.739642,1.161518,0.437153,-1.016066,-0.386751,-0.764181,-0.660202,-0.844306,-0.885467,-0.795130,-0.587126,-0.432581,-0.877491,-0.206129,0.415349,0.175708,0.927145,0.739405,-0.104404,0.603472,0.780404,-0.508799,0.440247,0.719130,-0.698281,0.217862,0.553240,-0.883368,-0.320878,0.643578,0.269748,1.492433,-0.495850,0.996050,1.442802,-0.617562,1.177290,1.233117,-0.392598,1.435820,0.823653,-0.689846,0.840303,1.647923,-0.532060,1.070366,1.505531,-1.088213,0.625052,1.684188,-1.895026,0.062557,1.692496,-1.527762,1.146399,1.715319,-0.642709,1.260699,1.514677,-0.060840,0.914415,1.542347,-0.938508,0.437574,1.521321,-0.859450,1.331285,1.731100,-0.770405,1.253615,1.736643,-0.433826,1.082748,1.691369,-0.479489,0.817379,1.650655,-0.707920,-1.254385,-0.767609,2.052634,-1.047020,-0.967952,0.163228,-1.331418,-0.530601,-0.113557,-1.081000,-0.715299,0.707805,-0.995783,-0.078458,-0.110720,-1.007228,-0.709056,1.367823,-0.988078,-0.332316,1.539841,-0.804184,-0.105561,-1.269503,-0.604651,-0.140139,0.303661,-0.720183,0.497506,-0.306051,-0.907013,-0.131474,1.312021,-1.001279,-0.532584,1.451989,-1.103237,-0.508761,-0.607376,-0.933598,-0.128750,1.292953,-0.954560,-0.135328,-0.455111,-0.988599,-0.631032,1.334266,-0.901572,-0.110751,-0.621194,-1.051028,-0.379645,0.191340,-1.091176,-0.074040,0.483224,-1.085654,-0.678804,1.422451,-0.968026,-0.753029,1.468116,-1.118041,-0.405386,1.787259,-0.732342,-0.385819,-1.103199,-0.931782,-0.384590,-0.384143,-0.725598,-0.674812,0.106814,-0.928448,-0.072611,0.853420,-0.630768,-0.639925,-0.712100,-0.893012,-0.060083,-0.196984,-0.930716,-0.136453,-0.570402,-0.674120,-0.263857,-0.218373,-0.712664,-0.666834,0.120061,-0.859574,0.002599,-0.008178,-0.820821,-0.254648,0.277624,-0.867101,-0.724000,0.514913,-0.803404,-0.090536,0.343757,-0.741883,-0.286298,-0.573219,-1.000622,-0.668172,-1.697191,-1.023040,-0.035877,-0.444107,-1.112076,-0.393746,-0.195727,-0.808040,-0.519045,-0.508077,-1.088832,-0.448664,1.635657,-1.025981,-0.580990,0.373968,-1.061425,-0.202031,-0.898939,-0.727777,-0.351522,-0.290273,-0.999907,-0.154263,0.531002,-1.133985,-0.359181,-1.296986,-1.015951,-0.784221,0.661209,-0.878707,-0.756351,0.545784,-0.819675,-0.036018,-0.212334,-0.548694,0.031272,-0.413923,-0.653335,-0.013808,0.398083,-0.699201,0.034327,1.253178,-0.951001,0.261765,0.721508,-1.051916,-0.020233,-0.173542,-0.949915,0.115920,0.400162,-0.986890,0.241543,1.248745,-0.751171,-0.760642,0.936736,-0.714249,-0.682350,0.072902,-0.651835,-0.571127,0.353820,-0.466496,-0.235119,0.537353,-0.952595,0.268831,0.972745,-0.730041,-0.667627,-0.406124,-0.683461,-0.356013,-0.054946,-0.884864,-0.473762,0.370280,-0.754911,0.111614,-0.609082,-0.890046,-0.661409,-0.098682,-0.660864,-0.216891,-0.007260,-0.671535,-0.187621,-0.434080,-0.996421,-0.753804,-0.628329,-1.153795,-0.556445,-0.623665
0.275853,-0.358168,0.586270,-0.668367,0.175893,0.850362,-0.440342,0.617638,0.436527,0.579740,0.895490,0.637950,0.402162,0.876070,-0.965216,-1.367888,-1.845521,-0.379102,-1.026934,-1.896967,0.751457,-1.256315,-1.481988,0.253424,-0.252544,-0.096603,0.045628,1.090381,-0.118981,-0.042935,-1.414717,-1.414742,-1.335527,-0.000001,-0.000001,-0.000001,-0.971552,-0.421314,-0.099514,0.950842,0.938453,0.548696,-0.000001,-0.000001,-0.000001,-0.422261,-0.424792,0.988359,-0.836050,-0.155068,-0.482068,-1.266171,-0.956291,-1.061495,-0.828926,-0.550542,0.858332,-0.000001,-0.000001,-0.000001,-0.000001,-0.000001,-0.000001,-0.000001,-0.000001,-0.000001,-0.000001,-0.000001,-0.000001,-0.000001,-0.000001,-0.000001,-0.000001,-0.000001,-0.000001,-0.670103,-0.695368,0.224222,-0.561870,0.142295,0.526372,-0.475627,-0.187338,-0.749708,-0.984713,0.570308,-0.257975,-0.882455,0.384705,1.493733,-0.585084,-0.801895,-0.070431,-0.850545,-0.115212,-0.408397,-0.685282,0.298419,-0.551927,-0.692250,-0.003124,1.172783,-0.453903,-0.936513,-0.928145,-0.667495,-1.051061,-2.268802,-0.576434,-0.900631,-1.324533,-0.768646,1.404380,0.243787,-0.704811,-0.702914,0.188224,-0.848024,-0.897707,0.163865,-0.751919,-0.497666,-0.167637,-0.740316,1.161518,0.345320,-1.016607,-0.384888,-0.728686,-0.660618,-0.844306,-0.882488,-0.884066,-0.585221,-0.417295,-0.877970,-0.206129,0.388469,0.175175,0.927375,0.753256,-0.104881,0.603686,0.851731,-0.480702,0.440452,0.739882,-0.698729,0.217862,0.541959,-0.883769,-0.320859,0.634512,0.304489,1.467326,-0.486489,0.995704,1.442802,-0.605478,1.177030,1.233328,-0.387650,1.435627,0.823653,-0.737115,0.839812,1.648135,-0.555782,1.070014,1.530611,-1.051904,0.589069,1.684430,-1.806284,0.062111,1.692741,-1.476366,1.145948,1.715517,-0.684678,1.260381,1.514893,-0.059241,0.914026,1.542567,-0.912307,0.437131,1.521744,-0.811209,1.302617,1.753131,-0.781469,1.253336,1.736852,-0.399006,1.082412,1.691588,-0.469329,0.817005,1.674654,-0.691404,-1.253587,-0.767205,2.072842,-1.046294,-0.967952,0.102297,-1.330808,-0.530601,-0.083491,-1.080432,-0.715876,0.709924,-0.995390,-0.079302,-0.142695,-1.006785,-0.710838,1.353288,-0.987686,-0.334357,1.610784,-0.803952,-0.107071,-1.289089,-0.604651,-0.143435,0.145669,-0.720423,0.048906,-0.367071,-0.907414,-0.904583,1.386469,-1.001709,-0.534881,1.478581,-1.103649,-0.509692,-0.578840,-0.934282,-0.129208,1.322114,-0.955359,-0.135328,-0.424999,-0.989274,-0.630243,1.346585,-0.902379,-0.109372,-0.568278,-0.818717,-0.810719,0.218610,-0.804856,-0.072850,0.536544,-1.085335,-0.677535,1.417332,-0.967711,-0.751748,1.462374,-1.118041,-0.403845,1.809735,-0.732703,-0.384106,-0.789378,-0.932159,-0.383058,-0.287917,-0.725946,-0.672968,0.152139,-0.929070,-0.070598,0.874040,-0.631574,-0.638602,-0.652174,-0.893012,-0.059139,-0.152685,-0.930716,-0.135664,-0.540113,-0.674120,-0.263409,-0.244012,-0.712664,-0.666834,0.124187,-0.859574,0.002599,-0.019467,-0.820821,-0.254648,0.257204,-0.867101,-0.724000,0.502909,-0.803728,-0.090536,0.341080,-0.741883,-0.286697,-0.567995,-1.000346,-0.667773,-1.701682,-1.022713,-0.034944,-0.453774,-1.111814,-0.392854,-0.219393,-0.807758,-0.518006,-0.495370,-1.088579,-0.447447,1.607258,-1.025654,-0.579859,0.372262,-1.061738,-0.201019,-0.802003,-0.728108,-0.350513,-0.437454,-1.000208,-0.153311,0.513504,-1.134514,-0.358285,-1.259092,-1.016235,-0.783494,0.666838,-0.879041,-0.755654,0.555695,-0.819455,-0.037097,-0.151305,-0.548694,0.030496,-0.411866,-0.653335,-0.014220,0.372332,-0.699201,0.033708,1.194640,-0.951316,0.261290,0.675993,-1.052188,-0.020716,-0.159336,-0.950175,0.114917,0.412820,-0.987152,0.240647,1.225196,-0.751171,-0.761712,1.000239,-0.714249,-0.683223,0.142059,-0.651835,-0.572054,0.391183,-0.466496,-0.236319,0.522801,-0.952348,0.267913,0.997845,-0.730041,-0.668466,-0.389555,-0.683461,-0.356448,-0.078407,-0.885174,-0.474746,0.352431,-0.755188,0.111169,-0.639224,-0.890357,-0.662301,-0.092077,-0.660864,-0.217314,-0.016208,-0.671535,-0.188023,-0.427278,-0.995867,-0.752806,-0.638338,-1.154059,-0.555090,-0.688107
0.275853,-0.358547,0.582801,-0.668367,0.175893,0.848399,-0.439981,0.617194,0.441055,0.579740,0.895490,0.633378,0.402162,0.875823,-0.974190,-1.367783,-1.845521,-0.377249,-1.026934,-1.896967,0.755639,-1.256409,-1.481988,0.263436,-0.251582,-0.096603,0.048494,1.091619,-0.118981,-0.050747,-1.414717,-1.414742,-1.335527,-0.000001,-0.000001,-0.000001,-0.971336,-0.421314,-0.106313,0.950842,0.938453,0.549998,-0.000001,-0.000001,-0.000001,-0.422261,-0.424792,0.982935,-0.835615,-0.155068,-0.477699,-1.266171,-0.957105,-1.061847,-0.828103,-0.550542,0.850447,-0.000001,-0.000001,-0.000001,-0.000001,-0.000001,-0.000001,-0.000001,-0.000001,-0.000001,-0.000001,-0.000001,-0.000001,-0.000001,-0.000001,-0.000001,-0.000001,-0.000001,-0.000001,-0.670271,-0.695368,0.229765,-0.562053,0.142295,0.522403,-0.475794,-0.187338,-0.748862,-0.984859,0.570308,-0.257246,-0.882549,0.384705,1.494434,-0.585275,-0.801895,-0.070538,-0.850745,-0.115212,-0.401707,-0.685638,0.298419,-0.539011,-0.692401,-0.003124,1.184742,-0.454068,-0.936513,-0.916644,-0.667648,-1.051061,-2.254553,-0.576563,-0.900631,-1.325588,-0.768778,1.404380,0.243537,-0.704943,-0.702914,0.210155,-0.848142,-0.897707,0.169683,-0.752025,-0.497666,-0.178152,-0.740425,1.161518,0.327905,-1.016713,-0.384888,-0.732605,-0.660699,-0.844306,-0.880141,-0.884146,-0.585221,-0.426232,-0.878054,-0.203664,0.375429,0.175202,0.927145,0.749773,-0.104856,0.603472,0.850491,-0.480676,0.440247,0.733652,-0.698702,0.217654,0.541434,-0.883747,-0.321070,0.633702,0.304521,1.467100,-0.497745,0.995732,1.442565,-0.636813,1.177056,1.233117,-0.438383,1.435676,0.823470,-0.742464,0.839844,1.647923,-0.595996,1.070043,1.505531,-1.112049,0.589102,1.684188,-1.861138,0.062171,1.692496,-1.495080,1.145977,1.715319,-0.717594,1.260433,1.514677,-0.073888,0.914055,1.542347,-0.959957,0.437190,1.521533,-0.869480,1.330954,1.731100,-0.789667,1.253360,1.736643,-0.445886,1.082437,1.691369,-0.506951,0.817033,1.650655,-0.724561,-1.253587,-0.767205,2.070086,-1.046294,-0.967952,0.087113,-1.330808,-0.530601,-0.089193,-1.080432,-0.715876,0.713117,-0.995390,-0.079302,-0.121244,-1.006785,-0.710838,1.345965,-0.987686,-0.334357,1.644197,-0.803952,-0.107560,-1.282879,-0.832751,-0.143435,0.096478,-0.720423,0.048906,-0.393146,-0.907213,-0.904583,1.383333,-1.001709,-0.534881,1.480112,-1.103649,-0.509692,-0.584489,-0.934057,-0.129704,1.330555,-0.955359,-0.135994,-0.419185,-0.989037,-0.631032,1.363188,-0.902379,-0.110034,-0.558731,-0.818717,-0.811166,0.214109,-0.804856,-0.073268,0.536319,-1.085335,-0.677535,1.417190,-0.967711,-0.751748,1.462636,-1.118041,-0.404386,1.809903,-0.732342,-0.384708,-0.786068,-0.932159,-0.383569,-0.286897,-0.725946,-0.672968,0.151949,-0.928759,-0.071305,0.874752,-0.631309,-0.638602,-0.654475,-0.893012,-0.059611,-0.158698,-0.930716,-0.136043,-0.549481,-0.674120,-0.263857,-0.232833,-0.712664,-0.666834,0.155439,-0.859259,0.002194,-0.031165,-0.820821,-0.255235,0.243902,-0.867101,-0.724651,0.490467,-0.803404,-0.091073,0.338906,-0.741883,-0.286697,-0.563288,-1.000071,-0.667773,-1.699492,-1.022412,-0.035410,-0.451569,-1.111814,-0.392854,-0.220116,-0.807758,-0.518546,-0.490984,-1.088579,-0.447447,1.609650,-1.025353,-0.579859,0.373770,-1.061425,-0.201545,-0.799526,-0.728108,-0.350513,-0.436749,-1.000208,-0.153311,0.516096,-1.134239,-0.358733,-1.263595,-1.016235,-0.783494,0.667119,-0.879041,-0.755654,0.560155,-0.819455,-0.037097,-0.197859,-0.548424,0.030496,-0.411117,-0.653335,-0.014666,0.364131,-0.698908,0.033708,1.194591,-0.951001,0.261290,0.674140,-1.051916,-0.021162,-0.156347,-0.950175,0.114917,0.404041,-0.986890,0.240647,1.230490,-0.751171,-0.762292,0.998191,-0.713967,-0.683223,0.139557,-0.651835,-0.572054,0.383622,-0.466238,-0.236319,0.525025,-0.952348,0.267913,0.962793,-0.730041,-0.668466,-0.399244,-0.683170,-0.356448,-0.084460,-0.884864,-0.474746,0.348167,-0.755188,0.110724,-0.640902,-0.890046,-0.662301,-0.094477,-0.660570,-0.217737,-0.021603,-0.671535,-0.188425,-0.434225,-0.995867,-0.753285,-0.633743,-1.154059,-0.555741,-0.687152
-1.823082,-0.363591,0.541862,-0.663124,0.131629,0.665168,-0.427959,0.563176,0.538526,0.706834,0.895146,0.392225,0.401501,0.223876,1.502927,-1.364043,-1.823843,-0.815079,-1.024902,-1.017350,0.701938,-0.765994,-0.619006,-0.250102,0.951402,-2.043015,0.111905,1.119891,-1.440659,-0.268560,0.753773,0.750681,0.924568,-0.000001,-0.000001,-0.000001,-0.416651,-2.557313,-0.609674,0.950463,0.938463,1.308899,-0.000001,-0.000001,-0.000001,-0.430378,-0.426622,1.150229,-0.839817,-0.156592,-0.452395,-1.264623,-0.958709,-1.087276,-0.827704,-0.846369,0.691036,-0.000001,-0.000001,-0.000001,-0.000001,-0.000001,-0.000001,-0.000001,-0.000001,-0.000001,-0.000001,-0.000001,-0.000001,-0.000001,-0.000001,-0.000001,-0.000001,-0.000001,-0.000001,-0.497616,-1.018190,-0.973486,-0.791645,-0.212764,1.420498,-0.697201,0.386446,0.927812,-0.491477,0.089767,-0.219133,-0.896507,0.507117,-0.300637,-0.612434,0.148897,1.406389,-0.645107,0.037409,-0.002346,-0.711438,-0.219748,-0.251981,-0.893654,0.092316,-0.104014,-0.479357,-0.446963,0.208219,-0.519164,-0.603985,-0.214792,-0.748254,-0.285111,-1.014983,-0.494362,-0.068372,-0.534709,-0.881057,-0.624370,0.962001,-0.726668,-1.096242,-0.621486,-0.768215,-0.422257,0.342030,-0.756839,0.568541,0.739988,-0.658505,-0.766346,-0.485512,-0.768990,-0.390211,-0.838536,-0.895579,-0.535752,-0.075095,-0.889923,-0.142099,0.368018,0.281428,0.324049,0.792641,-0.116980,0.042636,1.011578,-0.579966,-0.091655,0.957136,-0.830736,-0.366855,0.259299,-0.994883,-0.850051,0.702398,0.003900,1.026262,-0.827370,0.715636,0.668469,-1.280691,1.007994,0.439724,-0.756974,1.278016,0.186052,-0.433367,0.600767,1.187113,-0.689070,0.948206,0.521586,-0.862440,1.769138,0.004278,-0.370869,2.407610,-0.334820,-0.533735,1.259395,1.255825,-0.496898,1.179564,0.542014,-0.488648,0.990468,0.501123,-1.907491,0.645181,0.471834,-1.240277,1.707825,1.151284,-0.845837,1.415066,0.631205,-0.659029,1.291561,0.557047,-1.117069,1.151473,0.666033,-0.826637,-1.220565,-1.135257,1.022469,-1.233990,-0.976291,0.991617,-1.102705,-0.541230,-0.429625,-1.048856,-0.728974,0.253974,-0.963068,-0.089695,-0.817764,-0.971225,-0.726828,1.347525,-0.955884,-0.352617,1.195247,-0.765785,0.352217,-0.683264,-0.794139,-0.166110,1.034183,-0.681505,0.482371,0.004204,-1.069158,-0.156760,0.929747,-0.968053,-0.555496,0.981299,-1.071406,-0.521605,-1.049913,-1.115825,-0.583433,0.291177,-0.914192,-0.795317,-0.397698,-1.166263,-0.646694,0.622822,-0.860277,-0.763717,0.509988,-0.778489,-0.819433,0.408663,-1.041278,-0.079958,0.314816,-1.034150,-0.685112,1.308423,-1.210487,-0.759401,1.052807,-1.367766,-0.413051,1.305551,-0.673942,-0.394337,-1.126303,-0.875734,-0.392460,-0.783973,-0.995337,-0.683981,-0.407517,-0.879066,-0.082618,0.145793,-0.589228,-0.650786,-0.177091,-0.842080,-0.068812,0.597985,-0.880439,-0.143802,0.298758,-0.930871,-0.272298,0.030237,-0.972909,-0.214746,0.221060,-1.111861,-0.006959,0.153852,-1.074019,-0.269086,0.718356,-1.120802,-0.109464,0.693253,-1.053769,-0.103719,0.548769,-0.996252,0.090219,-0.301669,-0.955937,-0.674972,-1.356440,-0.972438,-0.044505,0.107319,-1.068442,-0.401515,-0.614947,-1.033452,-0.528231,-0.158937,-1.291605,-0.459426,0.793353,-0.975337,-0.590986,1.147061,-1.012821,-0.210973,-0.506691,-0.994859,-0.360308,0.566550,-1.224429,-0.162554,-0.061528,-0.848216,-0.367431,-1.647970,-1.228124,-0.798397,-0.290623,-1.148256,-0.769945,0.742040,-0.570176,-0.050902,0.312002,-0.765995,0.020955,-0.064522,-0.889814,-0.024763,0.191999,-0.934261,0.017884,0.677052,-0.901819,0.250519,0.899851,-1.009713,-0.032133,-0.530069,-0.911344,0.102078,-0.357402,-0.946260,0.228736,0.670002,-0.981903,-0.775940,0.724387,-0.941052,-0.694397,-0.094357,-0.873128,-0.583930,0.453250,-0.673696,-0.252271,1.205974,-0.911684,0.256172,0.615286,-0.953648,-0.273199,-0.668435,-0.916982,-0.367620,-0.190359,-0.836324,-0.487378,0.096553,-0.713849,0.099344,-0.330442,-0.841432,-0.242010,-0.404477,-0.896991,-0.228562,-0.090611,-0.897638,-0.198707,-0.718723,-0.951812,-0.762622,-0.347770,-0.855539,-0.568429,-0.738905
-1.833713,-0.371736,0.585382,-0.655504,0.136058,0.353310,-0.395723,0.559303,0.623376,0.839985,0.893086,-0.416175,0.401470,-0.036899,0.044523,-1.369504,-0.244618,-0.656444,-1.024546,-0.123895,0.615972,-0.755600,-0.622510,-0.107451,-1.516399,-0.092871,-0.918209,-0.966504,-0.124025,0.589483,-1.414717,-1.414742,-1.335527,-0.000001,-0.000001,-0.000001,-0.988898,0.277962,0.471680,0.918481,0.938453,0.595908,-0.000001,-0.000001,-0.000001,-0.437170,-0.425427,1.155870,-0.845711,-0.156592,-0.459234,-1.271115,-0.957500,-1.242596,-0.835059,-0.764139,0.705844,-0.000001,-0.000001,-0.000001,-0.000001,-0.000001,-0.000001,-0.000001,-0.000001,-0.000001,-0.000001,-0.000001,-0.000001,-0.000001,-0.000001,-0.000001,-0.000001,-0.000001,-0.000001,-0.253085,-0.706260,0.990745,-0.636227,-0.531884,1.075051,-0.293075,-0.272835,1.861458,-0.304000,0.662054,-0.846453,-0.766215,1.279231,0.395368,-0.301097,-0.272869,2.152511,-0.247118,0.263285,-1.075830,-0.529769,1.119270,-0.266337,-0.704949,0.462658,1.810650,-0.444798,-0.443554,0.952649,-0.460802,-1.187378,-1.382702,-0.507809,-0.733548,-1.184747,-0.382615,-0.109777,-0.646809,-0.723317,-0.569979,1.142392,-0.435271,-0.685950,-0.462030,-0.593119,-0.634004,-0.015777,-0.548639,0.279273,-0.061751,-0.545705,-0.470474,-0.236887,-0.670167,-0.422024,-0.824006,-0.781627,-0.606180,-0.334410,-0.668095,-0.270158,0.480606,0.385470,-0.254531,0.196695,-0.019486,-0.565950,0.239082,-0.566585,-0.691318,0.093903,-1.021527,-0.996639,-0.084727,-1.155683,-1.281542,0.505229,-0.016418,0.358783,-2.282909,0.690645,-0.052667,-2.385977,0.953168,-0.163322,-1.925167,1.224975,-0.309301,-1.518280,0.506020,0.561499,-1.727055,0.857120,-0.138334,-1.831256,1.631023,-0.760131,-1.806466,2.276409,-0.729462,-1.810566,1.336390,0.684949,-1.724290,1.126189,0.000306,-1.475565,0.865013,-0.124754,-2.140020,0.588447,-0.154008,-1.714617,1.854848,0.549241,-1.594227,1.367825,0.035840,-1.802957,1.182826,-0.042897,-1.825741,1.069897,0.059035,-1.523331,-1.222365,-0.775989,0.494003,-1.236392,-0.601718,0.070685,-1.104553,-0.541230,-0.643468,-1.050584,-0.213392,0.106517,-1.150664,-0.089257,-0.429834,-0.972751,-0.165778,1.365852,-0.957066,-0.350631,0.979320,-0.766971,0.354217,-0.554376,-0.795091,-0.162814,1.015126,-0.682246,0.484720,0.000042,-1.069559,-0.153508,0.910954,-0.968264,-0.553199,0.981383,-1.071616,-0.971227,-0.993633,-1.116050,-0.583433,0.357466,-0.914192,-0.795983,-0.667448,-1.166263,-0.648151,0.545025,-0.860277,-0.765759,0.088330,-0.780446,-0.389253,0.167477,-1.043394,-0.081952,0.901389,-1.036348,-0.687237,1.085340,-1.212354,-0.761548,1.182425,-1.369374,-0.415634,1.352152,-1.024343,-0.397207,-0.979055,-0.876809,-0.395056,-0.615242,-0.996032,-0.687070,-0.084797,-1.180391,-0.085990,0.272125,-0.845743,-0.654149,-0.387640,-1.144250,-0.070699,0.180934,-0.881679,-0.144969,0.011213,-0.932162,-0.273573,-0.223054,-0.974217,-0.215264,-0.078624,-1.113157,-0.007365,-0.039748,-1.075636,-0.269086,0.523108,-1.122078,-0.109464,0.741056,-1.055052,-0.103719,0.544922,-0.997214,0.089787,-0.401014,-1.213751,-0.319211,-1.120583,-0.974584,-0.046371,0.273251,-1.323129,0.027839,-0.044586,-1.035200,-0.047637,0.203781,-1.293177,-0.461227,1.015478,-0.977485,-0.592659,0.534803,-1.013735,-0.212996,-0.680981,-0.995535,-0.362368,0.098921,-1.225009,-0.164497,0.012120,-1.093982,-0.369298,-1.627212,-1.228672,-0.800638,-0.046092,-1.148938,-0.772094,0.696246,-0.571295,-0.049777,0.258745,-0.767112,0.021344,-0.062047,-0.891015,-0.024351,0.279261,-0.935480,0.018503,0.816776,-0.903053,0.250519,0.836634,-1.010506,-0.031687,-0.491321,-0.912084,0.103124,-0.309809,-0.947024,0.229632,0.676698,-0.983075,-0.774869,0.689420,-0.942228,-0.288047,-0.159671,-0.874252,-0.583002,0.382288,-0.674761,-0.251070,1.115767,-0.913215,0.257128,0.746955,-0.954784,-0.272744,-0.652480,-0.918193,-0.367148,-0.159269,-0.837542,-0.486845,0.074478,-0.714381,0.100271,-0.377361,-0.842652,-0.241527,-0.398048,-0.898215,-0.227716,-0.051799,-0.898787,-0.197903,-0.648051,-1.210511,-0.301251,-1.254483,-1.111798,-0.571086,-0.944578
-1.849213,-0.377940,0.191096,-0.671986,0.142702,1.058357,-0.417944,0.536168,0.437553,1.240506,0.722928,-0.225664,0.412144,-0.940962,0.664104,-1.367986,-0.222959,-1.119915,-1.027462,-1.000073,0.487075,-0.752910,-0.585757,-0.737130,-0.279471,0.545975,0.212080,-0.939045,0.524840,1.230096,-1.414717,-1.414742,-1.335527,-0.000001,-0.000001,-0.000001,-0.423076,0.292954,0.214897,-1.131569,-1.131667,-1.102628,-0.000001,-0.000001,-0.000001,-0.452079,-0.406454,1.367489,-0.854937,-0.102184,-0.650569,-1.275446,-0.958709,-1.401952,-0.841990,-0.287807,1.174552,-0.000001,-0.000001,-0.000001,-0.000001,-0.000001,-0.000001,-0.000001,-0.000001,-0.000001,-0.000001,-0.000001,-0.000001,-0.000001,-0.000001,-0.000001,-0.000001,-0.000001,-0.000001,-0.266845,-0.111402,-0.206324,-0.556933,0.788570,-0.041441,-0.471705,1.416079,-0.284741,-0.123072,2.087466,-0.066422,-0.432923,1.707614,-0.272361,-0.155339,0.234027,0.848560,0.333638,-0.512042,0.587549,-0.069064,-0.074198,-0.829019,0.026457,-0.251230,-1.253692,-0.252972,0.028783,-0.336489,-0.150839,-0.524718,-0.520070,0.036816,0.334863,-0.836187,-0.179062,0.580560,0.530084,-0.387567,0.142926,0.181742,-0.144598,-0.533729,0.080753,-0.246943,-0.016251,0.672148,-0.092849,1.309047,1.436569,-0.512470,0.564076,0.332335,-0.465548,0.058556,-0.737831,-0.350062,-0.271164,-0.046166,-0.412406,0.485873,0.714428,0.304036,-0.934622,1.132210,-0.072952,-1.294458,1.167224,-0.544524,-1.629963,0.896417,-1.114319,-1.887865,0.758530,-1.205101,-1.904447,0.964077,0.306264,-0.918834,0.581633,0.881223,-1.064336,0.171633,0.907919,-0.959894,-0.358266,0.985037,-0.812319,-0.671548,0.868094,-0.554718,0.426939,1.111687,-0.988081,0.722506,0.886931,-1.121858,0.262180,0.450912,-1.178282,0.365559,1.197419,-0.383142,0.019027,1.294998,-0.925169,0.831334,1.127854,-0.951932,0.288040,0.792398,-0.860434,0.204062,1.364760,-0.353432,0.955277,1.387177,-0.669211,0.835781,1.294507,-0.758896,0.682351,1.133126,-0.686230,0.379624,-1.231372,-0.410607,0.253141,-1.247245,-0.221196,-0.725971,-1.113801,-0.098663,-1.271182,-1.059000,-0.204112,-0.328419,-1.159532,0.310047,0.046765,-0.982134,-0.155134,0.877420,-0.965502,0.302855,0.260399,-0.776694,0.364214,-0.190583,-0.804757,-0.146665,1.123517,-0.691846,0.494194,0.133991,-1.077377,-0.137978,0.905946,-0.976243,-0.538731,1.034987,-1.079269,-0.963156,-0.902124,-1.124346,-0.575498,0.457082,-0.923736,-0.785719,-0.587798,-1.174341,-0.637709,0.873748,-1.126700,-0.757648,-0.179381,-0.791246,-0.384225,-0.317857,-1.056398,-0.077610,0.964313,-1.049546,-0.683021,0.835512,-1.225374,-0.757288,1.092555,-1.382439,-0.410010,1.521031,-1.737342,-0.390958,-0.079968,-1.565167,-0.883875,0.951388,-1.331752,-0.680941,0.951159,-1.493200,-0.078648,0.790611,-1.112021,-0.646706,-0.809429,-1.156999,-0.064880,-0.333506,-1.191312,0.226346,-0.669048,-1.254368,-0.267647,-0.671796,-0.987492,-0.671218,-0.500749,-1.126330,-0.001116,-0.584474,-1.088553,-0.260031,-0.113043,-1.135018,-0.099474,0.351549,-1.067793,-0.095452,0.297947,-1.010171,0.095908,-0.695982,-1.481317,0.042611,-1.197421,-1.279076,-0.040618,-0.507711,-1.587471,0.033340,0.699388,-1.319399,-0.041485,-0.470605,-1.548833,-0.454021,1.867215,-1.282231,-0.585965,-0.821172,-1.607298,-0.206522,-0.686349,-1.328750,-0.356188,-0.937240,-1.505088,-0.158666,0.440663,-1.349369,-0.363772,-1.067191,-1.493347,-0.791672,1.012869,-1.162287,-0.763497,-0.036459,-0.793758,-0.040425,0.166973,-0.778458,0.403255,-0.008860,-0.903371,0.381215,0.919734,-0.947445,0.029276,1.121707,-1.207787,0.258150,1.132004,-1.273414,0.407488,0.059459,-1.153604,0.111822,0.008019,-1.200131,0.237884,1.035643,-0.994832,-0.247661,0.577706,-0.953773,-0.280295,-0.237528,-0.885815,-0.143840,0.087925,-0.685580,-0.240020,0.638341,-0.923553,0.265083,1.392088,-0.966467,0.140601,-0.670051,-0.930080,0.061625,-0.082882,-1.138294,-0.478273,0.025666,-0.724577,0.107981,-0.514123,-1.143867,-0.233756,-0.181586,-0.910235,0.189103,0.289560,-0.910600,0.198001,-0.224636,-1.736090,-0.295386,-0.993950,-1.378099,-0.563115,-0.589833
-1.849672,-0.377940,0.177598,-0.671735,0.144025,1.003268,-0.416304,0.536586,0.435984,1.240659,0.723271,-0.205758,0.412535,-0.940715,0.660473,-1.367178,-0.219859,-1.238400,-1.027106,-1.000073,0.490684,-0.270763,-0.587510,-0.759206,-0.287465,0.553439,0.087144,-0.950111,0.531131,0.966325,-1.414717,-1.414742,-1.335527,-0.000001,-0.000001,-0.000001,-0.423076,0.299760,0.263347,-1.131569,-1.131667,-1.102628,-0.000001,-0.000001,-0.000001,-0.452783,-0.405222,1.372986,-0.854937,-0.102184,-0.625950,-1.275446,-0.958709,-1.416684,-0.842414,-0.320899,1.152821,-0.000001,-0.000001,-0.000001,-0.000001,-0.000001,-0.000001,-0.000001,-0.000001,-0.000001,-0.000001,-0.000001,-0.000001,-0.000001,-0.000001,-0.000001,-0.000001,-0.000001,-0.000001,-0.313615,0.704708,0.152405,-0.201416,0.309866,-0.452567,-0.131329,0.943986,-1.088070,-0.513199,1.471942,-0.569697,-0.575239,1.731177,0.046597,0.004917,0.241389,-0.406453,0.038362,-0.481488,-0.171974,0.081854,-0.039303,-0.622206,-0.021098,-0.224527,-0.047163,0.091236,-0.364228,-1.723998,0.149827,-0.508888,-2.041177,-0.000799,-0.144381,-1.159423,-0.216521,0.612807,0.512337,-0.266558,-0.204474,-0.575126,-0.316221,-0.780788,-0.037177,-0.402376,-0.001736,1.215680,-0.124886,1.326420,2.447162,-0.665105,0.134261,-0.406540,-0.295308,-0.141100,-0.848318,-0.459335,-0.265448,0.149805,-0.434549,0.781371,0.844923,0.304436,-0.934392,1.086038,-0.072575,-1.294458,1.112713,-0.544113,-1.651842,0.908341,-1.113924,-1.910129,0.714758,-1.204767,-1.904412,0.941678,0.306740,-0.918766,0.602371,0.881716,-1.064289,0.147428,0.908390,-0.959830,-0.316265,0.985470,-0.812265,-0.613167,0.868619,-0.554718,0.441312,1.112186,-1.012063,0.724837,0.887473,-1.121763,0.236619,0.451417,-1.178183,0.333671,1.197930,-0.382945,0.044363,1.295450,-0.925169,0.826692,1.128363,-0.951712,0.277286,0.792870,-0.860222,0.193136,1.365167,-0.353432,0.958695,1.387573,-0.669002,0.843562,1.294945,-0.758678,0.670912,1.133577,-0.686017,0.349418,-1.231567,-0.410607,0.248514,-1.247245,-0.220776,-0.732781,-1.113801,-0.098212,-1.280139,-1.059195,-0.204112,-0.329595,-1.159532,0.310047,0.107021,-0.982356,-0.154508,0.879426,-0.965502,0.303517,0.259672,-0.776694,0.364744,-0.138276,-0.804757,-0.145808,1.158328,-0.691605,0.494656,0.139624,-1.077377,-0.137182,0.885957,-0.976243,-0.538731,1.023739,-1.079051,-0.962652,-0.902504,-1.124346,-0.575498,0.462726,-0.923476,-0.785053,-0.569804,-1.174341,-0.637709,0.884882,-1.126435,-0.757648,-0.169145,-0.791246,-0.384225,-0.369119,-1.056705,-0.077996,0.992149,-1.049853,-0.683021,0.835224,-1.225374,-0.757288,1.091475,-1.382439,-0.410510,1.525390,-1.737342,-0.391513,-0.024089,-1.565167,-0.883875,1.000144,-1.331752,-0.680941,0.981485,-1.493200,-0.079301,0.938379,-1.368271,-0.646706,-0.819375,-1.156999,-0.064880,-0.327108,-1.191312,-0.139923,-0.664150,-1.254368,-0.267647,-0.662520,-0.987492,-0.671218,-0.491233,-1.126330,-0.000711,-0.580109,-1.088553,-0.260031,-0.111370,-1.135018,-0.099474,0.355129,-1.067482,-0.095452,0.297781,-1.009842,0.096307,-0.690491,-1.481317,0.042611,-1.178921,-1.279076,-0.040618,-0.498358,-1.587471,0.033340,0.711945,-1.319399,-0.041485,-0.457871,-1.549107,-0.454021,1.865176,-1.282231,-0.585965,-0.815816,-1.606973,-0.206522,-0.675268,-1.328750,-0.356188,-0.962798,-1.505088,-0.158666,0.420364,-1.349115,-0.363772,-1.091880,-1.493347,-0.791672,1.038276,-1.162287,-0.763497,-0.071140,-0.793758,-0.040425,0.143653,-0.778458,0.403643,-0.025012,-0.903371,0.381215,0.908367,-0.947445,0.029276,1.121467,-1.207485,0.258150,1.127510,-1.273414,-0.023877,0.049836,-1.153604,0.111822,0.003113,-1.200131,0.237884,1.019688,-0.994832,-0.247126,0.582695,-0.953773,-0.279876,-0.238021,-0.885815,-0.143395,0.096742,-0.685580,-0.240020,0.628115,-0.923553,0.265083,1.399097,-0.966467,0.140601,-0.666015,-0.930080,0.061625,-0.084854,-1.137996,-0.477781,0.026206,-0.724577,0.108463,-0.509258,-1.143568,-0.233310,-0.181940,-0.910235,0.189103,0.282408,-0.910600,0.198001,-0.222889,-1.736090,-0.295386,-0.996866,-1.378099,-0.563115,-0.593896
-1.849672,-0.377940,0.178851,-0.671362,0.147131,0.978544,-0.416488,0.539151,0.465331,1.240684,0.723271,-0.204025,0.412295,-0.940715,0.683395,-1.367178,-0.219859,-1.234473,-1.027020,-1.000073,0.470971,-0.270763,-0.587510,-0.763881,-0.286991,0.555928,0.088881,-0.948886,0.532392,0.872142,-1.414717,-1.414742,-1.335527,-0.000001,-0.000001,-0.000001,-0.423180,0.302489,0.195433,-1.131569,-1.131667,-1.102628,-0.000001,-0.000001,-0.000001,-0.452783,-0.405222,1.383476,-0.854527,-0.100750,-0.620073,-1.275446,-0.958709,-1.424106,-0.841990,-0.320899,1.152151,-0.000001,-0.000001,-0.000001,-0.000001,-0.000001,-0.000001,-0.000001,-0.000001,-0.000001,-0.000001,-0.000001,-0.000001,-0.000001,-0.000001,-0.000001,-0.000001,-0.000001,-0.000001,-0.313447,0.704708,0.175915,-0.201060,0.309866,-0.460916,-0.130986,0.943986,-1.092154,-0.512899,1.471942,-0.575595,-0.575138,1.731177,0.046892,0.005097,0.241389,-0.395111,0.038561,-0.487599,-0.178205,0.082027,-0.039303,-0.622063,-0.020946,-0.224527,-0.050341,0.091411,-0.364228,-1.721130,0.149971,-0.512023,-2.040502,-0.000662,-0.144381,-1.158489,-0.216389,0.608201,0.514838,-0.266418,-0.204474,-0.570964,-0.316095,-0.780788,-0.037116,-0.402270,-0.004639,1.217496,-0.124770,1.326420,2.455550,-0.665000,0.134261,-0.405024,-0.295222,-0.141100,-0.847511,-0.459260,-0.265448,0.145717,-0.434466,0.781371,0.842617,0.304117,-0.934392,1.073822,-0.072852,-1.294458,1.107605,-0.544421,-1.651761,0.900527,-1.114239,-1.887720,0.717681,-1.205034,-1.904324,0.940172,0.306360,-0.918698,0.587483,0.881310,-1.064194,0.144546,0.908023,-0.959745,-0.329081,1.010933,-0.812191,-0.617180,0.868226,-0.554507,0.447049,1.111803,-1.011996,0.722268,0.887027,-1.121690,0.230319,0.451032,-1.178110,0.327909,1.197539,-0.382945,0.042464,1.295077,-0.924954,0.822455,1.127944,-0.951712,0.274199,0.792486,-0.860222,0.188257,1.364861,-0.353237,0.959546,1.387246,-0.669002,0.841952,1.294584,-0.758678,0.663705,1.133206,-0.686017,0.347916,-1.231771,-0.410607,0.255189,-1.247480,-0.220776,-0.728269,-1.114010,-0.097724,-1.274722,-1.059381,-0.203002,-0.322066,-1.159732,0.310891,0.102023,-0.982356,-0.153304,0.904739,-0.965502,0.304841,0.270713,-0.776694,0.366254,-0.148051,-0.804757,-0.143435,1.167719,-0.691605,0.495619,0.132953,-1.077177,-0.135589,0.890674,-0.975822,-0.537179,1.021315,-1.078849,-0.961681,-0.902576,-1.123877,-0.574545,0.463295,-0.923217,-0.784331,-0.568561,-1.173893,-0.636981,0.883753,-1.125882,-0.756985,-0.169646,-0.791486,-0.384225,-0.369730,-1.056705,-0.077996,0.991022,-1.049853,-0.683021,0.832900,-1.225374,-0.757288,1.092494,-1.382128,-0.410510,1.529410,-1.736982,-0.391513,-0.052360,-1.564803,-0.883875,0.995805,-1.331419,-0.680941,0.971482,-1.492578,-0.079301,0.942250,-1.367995,-0.646706,-0.823987,-1.156999,-0.064408,-0.335792,-1.191312,-0.139923,-0.667938,-1.254368,-0.267647,-0.666023,-0.987492,-0.670740,-0.492758,-1.126330,-0.000272,-0.582698,-1.088553,-0.258857,-0.113141,-1.135018,-0.098822,0.349016,-1.067482,-0.094379,0.299646,-1.009842,0.096739,-0.686196,-1.481593,0.042611,-1.178534,-1.279076,-0.040152,-0.501886,-1.587471,0.033786,0.709206,-1.319399,-0.040986,-0.458150,-1.549107,-0.453436,1.864507,-1.282231,-0.585422,-0.819468,-1.606973,-0.206522,-0.672651,-1.328391,-0.356188,-0.966230,-1.504810,-0.158666,0.424947,-1.348861,-0.363324,-1.085962,-1.493084,-0.790945,1.045714,-1.161953,-0.762799,-0.075882,-0.793758,-0.039301,0.144803,-0.778458,0.404031,-0.028682,-0.903065,0.382039,0.906198,-0.947153,0.030564,1.128136,-1.207485,0.259027,1.126903,-1.273132,-0.022985,0.048374,-1.153354,0.112867,0.003648,-1.199859,0.238818,1.020518,-0.994545,-0.246011,0.585697,-0.953491,-0.279037,-0.235166,-0.885528,-0.142504,0.099207,-0.685580,-0.238770,0.627713,-0.923553,0.266039,1.394019,-0.966178,-0.264597,-0.664206,-0.929790,0.062532,-0.086388,-1.137996,-0.476797,0.029060,-0.724322,0.108908,-0.506014,-1.143568,-0.232864,-0.182010,-0.909941,0.189984,0.284040,-0.910307,0.198838,-0.222533,-1.736090,-0.295386,-0.999820,-1.377823,-0.563115,-0.591351
-1.852756,-0.379503,0.267078,-0.668740,0.148886,0.762624,-0.417577,0.534022,0.571862,1.373835,0.718468,0.154105,0.564252,-1.197286,-0.354840,-0.850652,-0.204381,-1.394304,-1.029580,-1.001782,0.500826,-0.755312,-0.585757,-0.848078,-1.503299,0.559660,-0.531783,-0.932905,0.547510,0.672461,-1.414717,-1.414742,-1.335527,-0.000001,-0.000001,-0.000001,-0.974761,0.299760,-0.161815,-1.131569,-1.131667,-1.102628,-0.000001,-0.000001,-0.000001,-0.453445,-0.406454,1.398179,-0.853271,-0.108100,-0.447333,-1.266784,-0.950615,-1.221377,-0.841990,-0.534497,0.796125,-0.000001,-0.000001,-0.000001,-0.000001,-0.000001,-0.000001,-0.000001,-0.000001,-0.000001,-0.000001,-0.000001,-0.000001,-0.000001,-0.000001,-0.000001,-0.000001,-0.000001,-0.000001,-0.469938,-0.107771,0.207886,-0.561698,0.329784,0.441973,-0.476647,0.480090,0.436997,-0.299087,0.845610,0.747081,-0.547606,1.712327,-0.275140,-0.160303,0.237685,0.836514,0.327917,-0.505931,0.846758,-0.074015,-0.068370,-1.177543,-0.156660,0.195399,-1.408305,-0.257354,0.032192,-0.186869,-0.154681,-0.521544,0.188162,0.033119,0.339265,-0.498489,-0.182488,0.585167,0.646720,-0.391079,-0.204474,-0.812404,-0.007985,-0.531521,0.193049,-0.124420,-0.013348,0.751331,0.032962,1.311943,1.244364,-0.515173,-0.293715,0.184195,-0.276043,-0.142868,-0.455661,-0.263505,-0.269259,0.269672,-0.229326,0.488308,0.371252,0.410502,-1.204779,0.971980,-0.026916,-1.497935,0.664238,-0.498474,-1.820495,1.008928,-1.010717,-2.101625,0.767029,-1.140643,-2.026856,0.901900,0.462470,-1.228507,1.178579,0.956772,-1.361397,0.339159,1.030396,-1.296712,0.047972,1.173062,-1.315775,-0.695065,1.063781,-0.891253,0.695569,1.282584,-1.271306,0.966715,1.038624,-1.428251,-0.043539,0.624712,-1.462536,0.260042,1.376363,-0.702713,0.775772,1.448982,-1.176222,0.994896,1.334488,-1.231906,0.314031,0.965459,-1.130526,0.396547,1.487772,-0.625210,1.104427,1.546906,-1.048325,1.145770,1.472518,-1.086079,0.691972,1.317203,-1.027320,0.406609,-1.229971,-0.409862,-0.081853,-1.017618,-0.595382,-0.637214,-1.112162,-0.533418,-1.113075,-1.057661,-0.203535,-0.123574,-1.157960,-0.080989,-0.532500,-0.980607,-0.153930,1.513310,-1.149460,0.304179,1.176505,-0.775025,0.365234,-1.117628,-0.803067,-0.145017,0.524707,-0.922591,0.494656,0.180571,-1.075931,-0.136385,1.194148,-0.974742,-0.537986,1.294545,-1.077613,-0.511594,-0.989475,-1.122734,-0.131993,0.748018,-0.921898,-0.140100,-0.341982,-1.172762,-0.636192,1.090284,-1.124534,-0.756268,-0.089518,-0.789280,-0.383294,-0.208781,-1.054282,-0.076806,1.101114,-1.344083,-0.682164,0.921866,-1.222889,-0.756423,1.175720,-1.379885,-0.408969,1.707855,-1.385483,-0.389800,-0.546131,-1.562653,-0.388802,0.482341,-1.329346,-0.679695,0.659512,-1.490983,-0.077288,1.172601,-1.366625,-0.645328,-0.923700,-1.154758,-0.063936,-0.252783,-1.189099,0.227103,-0.704629,-1.252066,-0.267233,-0.657645,-0.985172,-0.670221,-0.372463,-1.124104,-0.000272,-0.950734,-1.086280,-0.258857,-0.355050,-1.132756,-0.098171,0.337490,-1.065239,-0.094379,0.265995,-1.007590,0.096739,-0.678990,-1.735065,0.043350,-1.198125,-1.276615,-0.039686,-0.542566,-1.585324,0.034233,0.745015,-1.317100,-0.040446,-0.499221,-1.547039,-0.452852,1.901950,-1.279769,-0.584880,-1.113311,-1.604819,-0.205551,-0.802381,-1.326364,-0.355137,-0.872861,-1.503083,-0.157675,0.488232,-1.347286,-0.362876,-1.046566,-1.491452,-0.790158,1.048685,-1.159545,-0.762044,0.000415,-0.791951,-0.039885,0.061377,-0.776540,0.404031,-0.290895,-0.900969,0.382039,0.807938,-0.945057,0.029946,1.316373,-1.205307,0.259027,1.122781,-1.271284,-0.023431,0.095572,-1.151884,0.112324,0.052114,-1.198079,0.238369,1.171612,-0.992476,-0.246591,0.814231,-0.951469,-0.279456,-0.013157,-0.883566,-0.142950,0.122498,-0.683751,-0.239370,0.413376,-0.921539,0.265542,1.356469,-0.964196,-0.264597,-0.517348,-0.927708,0.062060,-0.119631,-1.135846,-0.477289,0.002615,-0.722747,0.108908,-0.434683,-1.141415,-0.232864,-0.148912,-0.907836,0.189526,0.170240,-0.908303,0.198403,-0.174516,-1.733920,-0.294388,-0.915985,-1.376192,-0.561759,-0.615037
-1.852756,-0.378343,0.281905,-0.668740,0.148454,0.748863,-0.418127,0.532739,0.558759,1.374013,0.718468,0.155959,0.564282,-1.197534,-0.360213,-0.850251,-0.204381,-1.426709,-1.029580,-1.001782,0.494396,-0.755024,-0.584005,-0.858090,-1.502573,0.557172,-0.536237,-0.931680,0.543727,0.764624,-1.414717,-1.414742,-1.335527,-0.000001,-0.000001,-0.000001,-0.974977,0.297031,-0.052083,-1.131569,-1.131667,-1.102628,-0.000001,-0.000001,-0.000001,-0.453445,-0.405222,1.416523,-0.853681,-0.105142,-0.432561,-1.268020,-0.953058,-1.239265,-0.841591,-0.534497,0.806796,-0.000001,-0.000001,-0.000001,-0.000001,-0.000001,-0.000001,-0.000001,-0.000001,-0.000001,-0.000001,-0.000001,-0.000001,-0.000001,-0.000001,-0.000001,-0.000001,-0.000001,-0.000001,-0.469078,-0.104140,0.058887,-0.561170,0.337770,0.350134,-0.476137,0.956207,0.297744,-0.298642,0.851014,0.618297,-0.547316,1.721752,-0.226625,-0.159563,0.245092,0.955448,0.328740,-0.493710,0.908178,-0.073487,-0.056786,-1.159012,-0.156357,0.203041,-1.345764,-0.256675,0.039094,-0.096644,-0.154085,-0.515197,0.295945,0.033643,0.348067,-0.456377,-0.182108,0.594380,0.650006,-0.390403,-0.198426,-0.642313,-0.007379,-0.527132,0.180585,-0.123983,-0.007542,0.756828,0.033296,1.317734,1.202500,-0.514631,-0.289990,0.208660,-0.275627,-0.141100,-0.407858,-0.263121,-0.265448,0.303471,-0.229003,0.493237,0.399893,0.410475,-1.204779,0.973704,-0.026941,-1.497978,0.666755,-0.498500,-1.820536,1.009296,-1.010743,-2.101687,0.767201,-1.140665,-2.026890,0.905080,0.462438,-1.228552,1.177193,0.956744,-1.361444,0.338040,1.030371,-1.296755,0.048100,1.173038,-1.315812,-0.696580,1.063716,-0.891294,0.696650,1.282554,-1.271374,0.967831,1.038593,-1.428300,-0.045964,0.624682,-1.462585,0.259360,1.376331,-0.702713,0.779479,1.448955,-1.176265,0.993319,1.334457,-1.232126,0.311009,0.965429,-1.130526,0.391769,1.487746,-0.625210,1.102856,1.546884,-1.048325,1.144815,1.472493,-1.086079,0.689145,1.317177,-1.027320,0.406268,-1.229971,-0.410234,-0.246975,-1.017618,-0.220388,-0.705916,-1.112162,-0.533868,-1.274333,-1.057661,-0.203535,-0.167887,-1.157960,0.310486,-0.508015,-0.980607,-0.153930,1.449486,-1.149460,0.304179,1.125613,-0.775025,0.364744,-1.053181,-0.803067,-0.145808,0.550473,-0.922591,0.494656,0.179195,-1.075931,-0.136385,1.189927,-0.974742,-0.537986,1.288864,-1.077814,-0.512059,-0.993876,-1.122734,-0.131993,0.736450,-0.921898,-0.140100,-0.345512,-1.172762,-0.636192,1.092770,-1.124799,-0.756268,-0.073112,-1.021112,-0.383294,-0.177447,-1.054282,-0.076806,1.307089,-1.344083,-0.682164,0.948646,-1.222889,-0.756423,1.178256,-1.379885,-0.408969,1.659094,-1.385483,-0.389800,-0.524616,-1.562653,-0.388802,0.527179,-1.329346,-0.679695,0.659371,-1.490983,-0.077288,1.142710,-1.366625,-0.645328,-0.941452,-1.154758,-0.063936,-0.281085,-1.189099,0.226724,-0.736649,-1.252066,-0.267233,-0.640273,-0.985172,-0.670221,-0.324644,-1.124104,-0.000272,-0.946440,-1.086280,-0.258857,-0.346927,-1.132756,-0.098822,0.347663,-1.065239,-0.094379,0.259917,-1.007906,0.096739,-0.672638,-1.735065,0.043350,-1.134241,-1.276941,-0.039686,-0.564639,-1.585324,0.034233,0.766045,-1.317405,-0.040446,-0.493824,-1.547039,-0.452852,1.907826,-1.280095,-0.584880,-1.175546,-1.605145,-0.205551,-0.796154,-1.326364,-0.355137,-0.869930,-1.503083,-0.157675,0.494389,-1.347550,-0.362876,-1.037995,-1.491452,-0.790158,1.056407,-1.159879,-0.762044,0.007063,-0.791951,-0.039885,0.088445,-0.776540,0.404031,-0.283888,-0.901263,0.381627,0.812536,-0.945362,0.029946,1.312533,-1.205307,0.258588,1.114899,-1.271545,-0.023431,0.097752,-1.151884,0.112324,0.044093,-1.198330,0.238369,1.159443,-0.992763,-0.246591,0.817925,-0.951763,-0.279876,-0.014391,-0.883842,-0.143395,0.136245,-0.683751,-0.239370,0.420329,-0.921796,0.265542,1.400990,-0.964474,-0.264597,-0.526957,-0.928010,0.062060,-0.133575,-1.135846,-0.477289,-0.012455,-0.722747,0.108908,-0.434348,-1.141415,-0.232864,-0.152654,-0.908142,0.189526,0.160996,-0.908585,0.198403,-0.166182,-1.734197,-0.294388,-0.878354,-1.376192,-0.561759,-0.603195
-1.846562,-0.352343,0.701420,-0.664747,0.128982,0.633603,-0.404282,0.563176,0.257464,1.506604,0.718811,0.784294,1.347189,-1.326437,-0.831028,-0.847012,-0.198182,-1.178612,-1.028696,-0.123895,0.721701,-0.753098,-0.601506,-0.487013,-0.281411,0.547219,-0.987357,-0.918150,0.528608,0.186082,0.753245,0.750681,0.148760,-0.000001,-0.000001,-0.000001,-0.428860,0.287496,-1.258221,0.934717,0.938453,0.708399,-0.000001,-0.000001,-0.000001,-0.443962,-0.381954,1.545636,-0.854091,-0.055216,-0.595038,-1.267709,-0.962756,-1.197408,-0.837901,-0.715002,0.953324,-0.000001,-0.000001,-0.000001,-0.000001,-0.000001,-0.000001,-0.000001,-0.000001,-0.000001,-0.000001,-0.000001,-0.000001,-0.000001,-0.000001,-0.000001,-0.000001,-0.000001,-0.000001,-0.634669,-0.249235,0.293062,-0.630579,0.876325,-0.131752,-0.482098,1.175983,0.252738,-0.300722,1.979507,-0.419304,-0.764180,1.368654,-0.176817,-0.293568,-0.209959,2.076276,-0.008813,1.069166,-0.514242,-0.324424,1.241580,0.694219,-0.350168,0.538992,1.240357,-0.436537,-0.384933,0.340889,-0.286906,-0.407405,-1.081149,-0.054378,-0.148782,-1.001357,-0.090807,1.551627,0.402238,-0.410120,-0.177260,1.089889,-0.154533,-0.145490,1.045602,-0.219351,0.734937,1.063015,-0.291776,0.990860,-0.142203,-0.539639,0.402194,0.445222,-0.571760,0.410159,-0.558070,-0.430404,0.505473,0.284918,-0.392026,0.054920,0.691797,1.032625,-1.294145,1.130655,0.451942,-1.533139,0.902336,-0.146543,-1.785838,0.528511,-0.622322,-1.998044,0.515486,-0.787250,-2.050463,0.856413,0.928300,-1.287790,0.871358,1.346867,-1.397076,0.046618,1.325678,-1.306060,-0.101985,0.903722,-1.187050,-1.610036,1.579462,-0.993367,0.462129,1.867349,-1.282816,1.177330,1.708101,-1.363753,0.521593,1.183460,-1.397416,0.941446,1.881469,-0.800719,0.980965,2.033384,-1.188697,1.152036,1.930406,-1.151255,0.356586,1.553145,-1.098377,0.660558,2.022604,-0.680384,0.650183,2.033654,-1.017254,1.179164,1.986113,-1.030567,0.965899,1.789642,-0.950862,0.601602,-1.223163,-0.401823,-1.106744,-1.009912,-0.214053,-0.477537,-1.105790,-0.528798,-1.303547,-1.051924,-0.200294,-0.149865,-0.966219,0.310486,0.180073,-0.975157,-0.156290,1.177912,-0.959814,0.298773,0.540346,-0.771244,0.833539,0.070834,-0.800651,-0.153982,0.981728,-0.688639,0.489457,0.841382,-1.075730,-0.142889,0.841087,-0.975172,-0.540221,1.189785,-1.078647,-0.511128,-1.142464,-1.124121,-0.129208,0.499805,-0.923736,-0.132554,-0.171739,-1.174560,-0.623565,0.802803,-1.127252,-0.741369,-0.155358,-0.782652,-0.370036,-0.203710,-1.046728,-0.064552,1.326805,-1.040743,-0.270151,0.340942,-1.217628,-0.340240,0.146158,-1.074725,0.090107,1.055916,-1.382505,-0.372162,-0.331023,-1.560881,-0.371529,0.435290,-1.652101,-0.080827,0.785384,-1.491619,-0.056566,1.541652,-1.367995,-0.625701,-1.024465,-1.151260,-0.051393,0.378423,-1.185646,0.235650,0.150530,-0.939695,0.541009,-1.016214,-0.981853,0.262730,-1.126240,-1.119573,0.396498,0.472515,-1.082416,-0.252201,0.518529,-1.129521,-0.091492,1.152835,-1.062686,-0.088302,0.927594,-1.005325,0.101630,-0.055665,-1.472645,0.052426,-0.619175,-1.270138,-0.027287,0.246708,-1.580224,0.046090,1.297238,-1.312490,-0.028184,-0.161214,-1.297049,0.126359,0.812567,-1.273286,-0.046860,-1.185076,-1.312520,-0.193614,-0.726919,-1.325357,0.145912,-0.136108,-1.502804,0.315107,1.260162,-1.347804,0.082131,-1.023775,-1.491189,-0.068821,1.106653,-1.158529,-0.070350,0.234383,-0.788136,-0.038761,0.142046,-0.772638,0.780769,0.570669,-0.897340,0.384168,1.481925,-0.942060,0.033708,0.762074,-0.910480,0.261290,1.521597,-1.017192,0.842088,0.441145,-0.918722,0.113369,0.339947,-0.953461,0.238369,1.432108,-0.990132,0.270806,-0.003427,-0.948577,0.530625,-0.250205,-0.880171,0.287046,-0.205709,-0.680030,0.341275,0.606490,-0.917737,0.266498,1.380161,-0.960765,0.548352,-0.664283,-0.924730,0.484595,0.266309,-0.844872,0.476261,-0.299551,-0.721438,0.539800,0.204720,-0.849993,0.631550,-0.178055,-0.904824,0.599857,0.914562,-0.904834,0.588145,0.198564,-1.471402,0.181227,-1.616702,-1.375651,-0.544462,-0.904209
0.279857,-0.341475,0.694706,-0.659497,0.157744,0.658326,-0.397729,0.578172,0.509117,1.511439,0.717781,1.101723,1.507686,-1.069123,0.950484,-0.843982,1.362465,-1.362992,-1.026756,-0.120435,0.733729,-0.755600,-0.606762,-0.360811,-0.253033,1.204727,-0.655734,1.087517,1.205189,-0.748012,-1.414717,-1.414742,-1.335527,-0.000001,-0.000001,-0.000001,-0.413331,0.996307,-1.128087,-1.131569,-1.131667,-1.102628,-0.000001,-0.000001,-0.000001,-0.407310,-0.359956,1.180923,-0.851170,-0.050824,-0.469212,-1.247611,-0.926357,-0.912254,-0.841192,-1.076012,0.776417,-0.000001,-0.000001,-0.000001,-0.000001,-0.000001,-0.000001,-0.000001,-0.000001,-0.000001,-0.000001,-0.000001,-0.000001,-0.000001,-0.000001,-0.000001,-0.000001,-0.000001,-0.000001,-0.641554,-1.083499,-0.117937,-0.636583,-0.492000,0.760060,-0.487383,0.695743,0.462883,-0.305190,1.336961,-0.343744,-0.767091,1.340437,0.073308,-0.300548,-0.228430,2.033640,-0.247317,1.032501,-0.537489,-0.330432,1.200787,1.042554,-0.530504,0.947501,1.479533,-0.252632,-0.012626,0.491742,-0.292822,-0.068160,-0.936996,-0.208776,-0.175189,-1.032747,-0.095248,1.519436,0.567261,-0.415932,-0.192379,1.239641,-0.159737,0.090529,1.392733,-0.223587,0.717518,1.626520,-0.295796,1.300361,0.109281,-0.544403,0.394744,0.080356,-0.575247,0.399569,-0.641267,-0.346610,0.711041,0.284672,-0.395155,0.320868,0.628647,1.248672,-1.075314,1.571346,0.628806,-1.305593,0.888708,0.116629,-1.568608,0.365526,-0.324747,-1.843503,0.470836,-0.677852,-1.920062,0.717568,1.354378,-1.095418,0.702665,1.827927,-1.195913,0.060929,1.844611,-1.124504,-0.163919,1.944352,-1.012321,0.097329,2.019929,-0.746121,0.349174,2.293871,-1.092431,1.310807,2.000658,-1.080858,0.325350,1.454963,-1.163250,0.565327,2.221658,-0.545822,0.434582,2.333249,-0.936589,1.217856,2.204850,-0.964678,0.392585,1.760340,-0.941229,0.564788,2.282795,-0.452474,0.576667,2.271375,-0.751166,1.184462,2.222679,-0.775070,0.766313,2.033147,-0.725308,0.477273,-1.052053,0.696590,-0.269818,-0.804147,0.552162,-0.850976,-0.930507,0.358664,-1.960933,-0.889110,0.329497,-0.746814,-0.985142,0.319192,1.266036,-0.791037,0.411840,0.304721,-0.795101,0.306220,-0.021341,-0.573779,1.310862,0.497069,-0.601252,-0.149104,0.355157,-0.719682,0.939944,0.432220,-0.908451,-0.133930,0.746583,-1.004290,0.192242,1.520462,-1.107173,-0.050524,-1.039997,-0.938894,-0.116085,1.085183,-0.961466,-0.108751,-0.407822,-0.994650,-0.592970,1.335944,-0.909716,-0.708094,-0.887467,-0.806459,0.088523,-1.018858,-0.791557,-0.040848,1.447206,-0.776973,0.153621,0.006944,-0.958715,0.087820,0.006460,-1.111042,0.120852,1.468126,-1.427234,0.198972,0.103564,-1.268457,0.154345,0.080687,-1.373806,-0.042906,0.542187,-1.233921,-0.016481,1.866643,-1.405448,-0.586391,-0.642308,-0.888256,-0.025756,-0.210169,-0.926022,0.620528,0.342365,-0.978306,0.959704,-1.089014,-0.707996,1.207479,-1.413418,-0.852162,0.410988,0.434175,-0.815012,0.336574,0.138691,-0.862551,-0.068090,0.380929,-0.800216,0.449278,0.789637,-0.739631,0.501832,0.665883,-1.500006,0.428616,0.061435,-1.011001,-0.001945,-0.124928,-1.356072,0.070325,2.098050,-1.344499,-0.002163,-0.540965,-1.325063,0.156305,0.477755,-1.013932,0.506176,-2.319167,-1.641441,0.301121,-0.015474,-1.048414,0.173321,-0.460987,-1.270873,0.340970,2.582439,-1.382362,0.539010,0.106120,-1.272014,-0.031625,2.264826,-0.879403,-0.034682,-0.917229,-0.813136,0.496096,0.288302,-0.542311,0.791118,0.801992,-0.647917,0.395983,1.886259,-0.695021,0.648729,0.357729,-0.947904,0.273851,1.502179,-1.050307,0.853505,1.697174,-0.949675,0.125204,1.168521,-0.985341,0.248003,2.061877,-0.748229,0.799084,-0.140244,-0.710216,0.944308,0.533964,-0.646765,1.157613,0.170089,-0.710164,0.353526,-0.196734,-0.946028,0.277322,1.856516,-0.724917,1.369902,-0.075536,-0.679309,1.336810,0.975211,-0.881807,0.964622,-0.083522,-0.754134,0.550290,0.465243,-0.886985,1.073814,0.267480,-0.656666,1.019285,1.833828,-0.666355,0.986528,0.880439,-1.500226,0.206724,-1.528307,-1.410318,0.119833,-0.475189
0.306447,-0.330227,0.830882,-0.652760,0.144916,0.787069,-0.386074,0.583328,0.699472,1.636880,0.719498,0.829520,1.664093,-0.939477,1.466001,-0.840446,1.359365,-1.100055,-1.025608,-0.118705,0.743559,-0.756663,-0.601506,-0.261639,-1.521980,1.214664,-1.835769,-0.980847,1.203943,-0.612659,-1.414717,-1.414742,-1.335527,-0.000001,-0.000001,-0.000001,-0.973049,1.015392,-1.774075,-1.131569,-1.131667,-1.102628,-0.000001,-0.000001,-0.000001,-0.378154,-0.339117,0.755184,-0.842764,-0.062566,-0.315760,0.265557,-0.893214,-0.594773,-0.837901,-0.780184,0.883134,-0.000001,-0.000001,-0.000001,-0.000001,-0.000001,-0.000001,-0.000001,-0.000001,-0.000001,-0.000001,-0.000001,-0.000001,-0.000001,-0.000001,-0.000001,-0.000001,-0.000001,-0.000001,-0.644651,-1.072607,0.982225,-0.640118,-0.480020,0.974863,-0.490618,0.244018,1.043052,-0.139582,0.743056,-0.609697,-0.769026,1.354517,0.066859,-0.304033,-0.217365,2.056518,-0.019843,1.050833,-0.364536,-0.333786,1.224097,1.101410,-0.358073,0.527528,1.467795,-0.255667,-0.391835,1.048954,-0.128079,-0.416926,-0.622195,-0.061764,-0.161986,-0.497256,-0.097658,1.533256,0.682046,-0.265338,-0.183307,1.067801,-0.161918,-0.152114,1.415119,-0.225656,0.398499,1.050483,-0.171436,0.655300,-0.068450,-0.423701,-0.232319,-0.689418,-0.482740,0.005563,-0.776242,-0.347992,0.286567,0.040745,-0.305784,0.049990,0.409501,1.391328,-0.894293,1.137878,0.816790,-1.134710,0.928712,0.335831,-1.360379,0.965243,-0.100448,-1.696763,0.977303,-0.510925,-1.739422,1.050636,1.622889,-0.696447,1.135641,2.069816,-0.853718,0.496129,2.034216,-0.861136,0.349989,2.066003,-0.864984,0.489302,2.261857,-0.374704,0.675640,2.445109,-0.769570,1.305512,2.199518,-0.913399,0.062579,1.671893,-0.967667,0.352072,2.507576,-0.217271,0.871082,2.469672,-0.696117,1.211861,2.391398,-0.789749,0.330466,1.976386,-0.705612,0.499926,2.442434,-0.194732,0.822795,2.415637,-0.519276,0.997417,2.355884,-0.579023,0.834093,2.227541,-0.512284,0.531560,-0.891146,0.509709,0.317805,-0.848961,0.646678,-1.752177,-0.976119,0.376691,-1.594830,-0.762830,0.237810,-0.414348,-0.869463,0.555103,2.091360,-0.692426,0.652125,-0.729123,-0.736393,0.489920,-0.745731,-0.328183,1.383085,1.617401,-0.403563,-0.046209,0.028886,-0.338724,0.561393,1.051473,-0.815986,-0.675418,0.058533,-0.734841,-0.204540,1.202567,-1.060869,0.237984,-1.205575,-0.901811,0.260319,1.510210,-0.930653,-0.063753,-0.392865,-0.974688,-0.381837,1.249672,-0.897760,-0.369719,-1.428254,-0.668827,0.012996,-0.697310,-0.654893,0.299049,1.286275,-0.680264,0.141004,0.336967,-0.617974,0.472939,0.344636,-0.807139,0.556481,1.622147,-1.154469,0.151196,1.147379,-1.056384,0.138689,0.721007,-1.219976,0.516795,1.431852,-1.136763,0.558302,1.843339,-1.347098,-0.058662,-0.556461,-0.922319,0.737135,-0.714414,-0.959647,0.813945,-0.268725,-0.707474,1.513497,-1.215899,-0.746471,1.781925,-1.502854,-0.542261,0.826470,0.272362,-0.526938,0.370834,-0.715536,-0.597869,0.593738,-0.945510,-0.562294,0.480559,0.241042,-0.824092,0.915109,0.917939,-1.382461,0.644510,1.304013,-1.198885,0.305618,-0.468918,-1.295536,0.364453,2.762246,-1.038085,0.767570,-0.549850,-1.021410,1.047204,0.136609,-1.201974,1.328198,-3.290721,-1.729747,0.585046,0.683029,-1.182306,0.505966,-0.882634,-1.142671,0.654849,2.607967,-1.286489,0.809225,0.307164,-1.150863,0.387474,2.247421,-1.017595,0.367194,-2.233955,-0.993229,0.844753,0.423227,-0.534551,0.702472,0.464100,-0.663876,0.727263,2.316272,-0.732453,0.542291,-0.300689,-0.716823,0.626062,1.557701,-0.872361,1.183453,2.584194,-0.805930,0.454568,1.396638,-0.814029,0.509038,1.906280,-0.531323,1.603610,0.153524,-0.475876,1.164820,1.268130,-0.661700,1.391964,0.833657,-0.453010,0.697602,-1.636850,-0.686656,0.578549,2.569538,-0.473666,1.649183,1.334635,-0.716496,1.626516,1.660655,-0.653746,1.772529,0.417541,-0.591704,0.416360,0.822903,-0.658573,1.374904,1.203555,-0.694268,1.300914,2.620728,-0.681615,1.254025,1.974972,-1.421347,0.967150,-1.598315,-1.271629,0.536272,-0.397101
0.306447,-0.330227,0.832504,-0.653134,0.148454,0.784029,-0.386252,0.585029,0.687211,1.636854,0.719498,0.810553,1.664093,-0.939477,1.480693,-0.841051,1.362465,-1.073984,-1.025872,-0.115267,0.771691,-0.756275,-0.605010,-0.247288,-1.523919,1.213435,-1.815009,-0.982485,1.201421,-0.567339,-1.414717,-1.414742,-1.335527,-0.000001,-0.000001,-0.000001,-0.973905,1.014028,-1.766511,-1.131569,-1.131667,-1.102628,-0.000001,-0.000001,-0.000001,-0.378154,-0.339751,0.768814,-0.842764,-0.059608,-0.312067,0.264944,-0.895633,-0.620027,-0.838325,-0.797232,0.881788,-0.000001,-0.000001,-0.000001,-0.000001,-0.000001,-0.000001,-0.000001,-0.000001,-0.000001,-0.000001,-0.000001,-0.000001,-0.000001,-0.000001,-0.000001,-0.000001,-0.000001,-0.000001,-0.643612,-1.076237,0.973532,-0.638523,-0.488007,0.975895,-0.488745,0.235871,1.076585,-0.137947,0.732247,-0.623815,-0.767866,1.345149,0.089659,-0.302565,-0.228430,2.084756,-0.018211,1.032501,-0.358411,-0.332017,1.200787,1.101313,-0.356523,0.516110,1.488096,-0.254659,-0.402145,1.112393,-0.127195,-0.426447,-0.639751,-0.060709,-0.175189,-0.486336,-0.096519,1.519436,0.677893,-0.264803,-0.192379,1.112454,-0.161312,-0.158738,1.433891,-0.224893,0.389789,1.067730,-0.170543,0.646649,-0.071392,-0.423265,-0.237884,-0.663664,-0.482325,0.000258,-0.781531,-0.347528,0.280851,0.015124,-0.305299,0.042595,0.406286,1.391328,-0.894063,1.103344,0.790057,-1.111582,0.967690,0.335831,-1.360216,0.965194,-0.100448,-1.696576,0.976884,-0.510925,-1.739264,1.044505,1.622889,-0.696266,1.135799,2.069816,-0.853529,0.505758,2.062062,-0.860965,0.350773,2.065954,-0.864838,0.484946,2.261825,-0.374492,0.692079,2.445081,-0.769413,1.307057,2.199487,-0.913157,0.064252,1.671864,-0.967422,0.354681,2.507576,-0.217071,0.872753,2.469645,-0.695901,1.213354,2.391368,-0.789749,0.324077,1.976355,-0.705401,0.486955,2.442434,-0.194732,0.831781,2.415613,-0.519276,0.996842,2.355859,-0.578804,0.824452,2.227541,-0.512072,0.520832,-0.891546,0.509709,0.306270,-0.849441,0.646678,-1.721011,-0.976537,0.377142,-1.655770,-0.763414,0.238387,-0.439768,-0.869856,0.555542,2.095152,-0.692870,0.653329,-0.740759,-0.736793,0.491299,-0.721959,-0.328665,1.384064,1.607826,-0.403798,-0.044561,0.032705,-0.338965,0.562317,1.036170,-0.816186,-0.673759,0.080777,-0.734841,-0.203795,1.223509,-1.060869,0.238449,-1.192848,-0.901811,0.260777,1.507980,-0.930653,-0.063753,-0.391295,-0.974688,-0.381837,1.245390,-0.897760,-0.369719,-1.401419,-0.669316,0.012549,-0.713522,-0.655508,0.298664,1.284406,-0.680890,0.140593,0.348818,-0.618592,0.472524,0.335048,-0.807476,0.555981,1.574615,-1.154830,0.150641,1.105938,-1.056747,0.138178,0.724684,-1.220309,0.516198,1.427790,-1.136763,0.557650,1.846873,-1.347098,-0.059324,-0.554964,-0.922630,0.736663,-0.708580,-0.959954,0.813945,-0.271011,-0.707793,1.513497,-1.220830,-0.746795,1.781925,-1.497556,-0.542588,0.826470,0.304746,-0.527582,0.370834,-0.684921,-0.598185,0.594390,-0.920140,-0.562605,0.480559,0.248151,-0.824092,0.915109,0.908563,-1.383012,0.644510,1.306822,-1.199488,0.305152,-0.470274,-1.295809,0.364007,2.757647,-1.038648,0.767071,-0.543552,-1.021674,1.047204,0.134252,-1.202577,1.328198,-3.297986,-1.730073,0.585046,0.668027,-1.182637,0.505462,-0.877086,-1.142949,0.654373,2.608983,-1.286764,0.809225,0.306322,-1.151126,0.386747,2.247380,-1.017929,0.366497,-2.219303,-0.993458,0.845293,0.385512,-0.534833,0.702860,0.451923,-0.664477,0.727709,2.313255,-0.732746,0.542961,-0.298866,-0.717125,0.626537,1.560990,-0.872643,1.183900,2.581918,-0.806190,0.455112,1.389568,-0.814301,0.509524,1.920111,-0.531610,1.604146,0.151131,-0.476452,1.165239,1.258202,-0.662262,1.392409,0.819585,-0.453279,0.698252,-1.670432,-0.687170,0.579046,2.523244,-0.740577,1.649638,1.323138,-0.716787,1.626987,1.651841,-0.654045,1.773021,0.421767,-0.591960,0.416841,0.823434,-0.658872,1.375350,1.214680,-0.694562,1.301372,2.616544,-0.682189,1.254461,1.961008,-1.421900,0.967150,-1.599956,-1.271629,0.536272,-0.398691
0.305987,-0.323242,0.903026,-0.647891,0.135626,0.223809,-0.369317,0.576471,0.391716,1.636726,0.723958,1.128825,1.666318,-0.809335,1.073669,-0.849844,-0.210561,-0.859592,-1.025872,-0.998343,0.978970,-0.753773,-0.603258,-0.298353,-0.278983,0.553439,-0.393564,-0.909135,0.539959,0.635193,-1.414717,-1.414742,-1.335527,-0.000001,-0.000001,-0.000001,-0.971768,0.288861,-0.683794,-1.131569,-1.131667,-1.102628,-0.000001,-0.000001,-0.000001,-0.394430,-0.334859,1.032964,-0.839407,-0.047866,-0.307282,0.277616,1.053988,-0.473473,-0.830970,-0.352989,1.302524,-0.000001,-0.000001,-0.000001,-0.000001,-0.000001,-0.000001,-0.000001,-0.000001,-0.000001,-0.000001,-0.000001,-0.000001,-0.000001,-0.000001,-0.000001,-0.000001,-0.000001,-0.000001,-0.666314,-0.564796,2.028194,-0.353827,-0.635611,0.555718,-0.471196,-0.512930,0.686854,-0.294174,-0.482586,3.018544,-0.544311,0.549472,-0.266613,-0.369018,0.182227,1.203016,0.096766,0.098442,0.178823,-0.273179,-0.167370,-0.250880,-0.152017,0.126708,-0.859240,-0.255832,-0.019486,1.804455,-0.152904,-0.207651,1.356677,0.035495,0.264498,0.831097,-0.033026,0.502302,1.072586,-0.234682,-0.249793,-1.277078,-0.147023,-0.057276,0.775857,-0.123008,-0.062630,0.955313,0.034972,0.930125,0.562896,-0.390143,-0.747720,0.341494,-0.179957,-0.374316,-0.464421,-0.262816,-0.299698,0.381362,-0.228362,0.165724,0.086703,1.393564,-0.734124,1.276945,0.792166,-0.985667,1.082506,0.447654,-1.240508,1.172121,-0.041953,-1.708009,1.194236,-0.509054,-1.655957,0.801165,1.660072,-0.611604,1.185443,2.073749,-0.740062,0.355115,2.093911,-0.826823,0.531782,2.172302,-0.816206,0.703102,2.300465,-0.295049,1.150590,2.386516,-0.661658,0.875145,2.067638,-0.848127,-0.007631,1.486117,-0.875616,-0.154108,2.543214,-0.141819,0.893144,2.416802,-0.591827,1.171211,2.331593,-0.660090,0.451111,1.854363,-0.603245,0.499603,2.445564,-0.079316,1.137998,2.394144,-0.440450,1.288943,2.359425,-0.519575,0.721243,2.174362,-0.454516,0.544918,-0.890747,0.102766,0.356173,-0.622961,0.224071,-1.485501,-0.975509,0.318516,-1.167678,-0.762262,0.170187,0.085506,-0.868484,0.504924,1.948017,-0.486931,0.581663,0.042254,-0.551269,0.410648,-0.320900,-0.325810,1.325388,1.477057,-0.400164,0.617963,0.372046,-0.334786,0.949417,1.524690,-0.620134,-0.008297,0.067849,-0.730522,0.418079,1.447561,-0.863289,0.179817,-1.487180,-0.896749,0.202182,0.618009,-0.676204,0.487819,-0.500470,-0.969522,0.219387,0.848961,-0.637592,0.174704,-0.967967,-0.667599,0.378636,-0.601823,-0.652777,0.614825,1.472337,-0.677747,0.477183,0.366612,-0.614870,0.414657,0.375203,-0.803329,0.965490,1.253450,-1.148904,0.605715,1.035689,-1.050675,0.555865,0.640126,-1.213813,1.005438,1.154130,-1.130386,1.092294,1.527284,-0.833539,1.116709,-1.146178,-0.620136,0.672414,-0.127406,-0.661346,1.125140,0.176186,-0.702882,1.854358,-1.182806,-0.741817,1.719231,-1.252837,-0.538411,1.162240,0.331468,-0.523074,0.857368,-0.401771,-0.593319,1.133506,-0.597735,-0.557823,0.924789,0.568649,-0.516338,1.245817,1.055376,-1.380841,0.594206,-0.085687,-0.907952,0.688197,-0.306574,-1.042440,0.730321,2.242785,-1.035200,0.699650,-0.401311,-1.019078,0.967638,1.193620,-0.910797,0.734591,-2.230971,-1.437122,0.984290,-0.031992,-0.859629,0.919745,-0.588918,-1.137535,1.045283,1.478123,-1.038641,0.748186,-0.919631,-1.146009,0.984499,1.491277,-0.691922,0.939685,-0.225420,-0.569277,0.777891,-0.125999,-0.272070,1.025555,1.235581,-0.378292,1.069533,2.125158,-0.448251,1.056595,-0.047965,-0.712480,0.989957,1.546622,-0.868371,1.554980,1.996030,-0.802011,0.872881,1.001187,-0.569421,0.882538,1.489687,-0.526898,1.537291,-0.147946,-0.472114,1.514532,0.988231,-0.394456,1.763622,0.645838,-0.202728,0.623296,-0.690221,-0.683881,0.961125,2.221951,-0.469969,1.596767,0.679914,-0.434154,1.572144,1.351720,-0.649460,1.711007,0.232010,-0.342945,0.786681,1.011644,-0.654280,1.746339,0.890341,-0.408776,1.653170,2.153397,-0.408561,1.588606,1.336981,-1.164541,0.901952,-1.175370,-1.266757,1.070701,-0.968298
0.303769,-0.326344,0.886133,-0.647640,0.132520,0.194323,-0.369678,0.573906,0.415991,1.636803,0.723958,1.126490,1.666347,-0.809335,1.046003,-0.848733,-0.213660,-0.896906,-1.026228,-1.000073,1.015156,-0.754637,-0.606762,-0.253915,-0.276318,0.555928,-0.279503,-0.907909,0.543727,0.661377,-1.414717,-1.414742,-1.335527,-0.000001,-0.000001,-0.000001,-0.969729,0.290225,-0.707763,-1.131569,-1.131667,-1.102628,-0.000001,-0.000001,-0.000001,-0.397122,-0.336689,1.035750,-0.841073,-0.052258,-0.357612,0.276692,1.050755,-0.482595,-0.830571,-0.336944,1.242914,-0.000001,-0.000001,-0.000001,-0.000001,-0.000001,-0.000001,-0.000001,-0.000001,-0.000001,-0.000001,-0.000001,-0.000001,-0.000001,-0.000001,-0.000001,-0.000001,-0.000001,-0.000001,-0.668035,-0.572057,2.075333,-0.355239,-0.647591,0.606556,-0.472382,-0.525151,0.746459,-0.295373,-0.498800,2.979737,-0.545086,0.535335,-0.234802,-0.370677,0.171117,1.255521,0.094922,0.080184,0.178802,-0.274592,-0.184853,-0.228220,-0.331890,0.115244,-0.836465,-0.257519,-0.029838,1.783720,-0.154383,-0.217172,1.374210,0.034303,0.251349,0.847270,-0.034166,0.488538,1.097022,-0.080454,-0.255804,-1.213039,-0.148235,-0.063873,0.800095,-0.124096,-0.071339,0.983631,0.033971,0.921439,0.610767,-0.391332,-0.753308,0.360299,-0.180874,-0.379621,-0.441157,-0.263580,-0.303509,0.369898,-0.229165,0.158329,0.096020,1.393537,-0.734124,1.282347,0.792140,-0.985453,1.069609,0.447628,-1.240384,1.174435,-0.041953,-1.707885,1.196664,-0.509076,-1.655852,0.797113,1.660072,-0.611468,1.183613,2.073749,-0.739921,0.356655,2.093911,-0.826694,0.524188,2.172302,-0.816096,0.697076,2.300465,-0.294838,1.148706,2.386516,-0.661434,0.874069,2.067638,-0.848127,-0.006920,1.486117,-0.875372,-0.157531,2.543185,-0.141819,0.895522,2.416802,-0.591611,1.164399,2.331593,-0.659870,0.450435,1.854363,-0.603033,0.490961,2.445564,-0.079316,1.146317,2.394144,-0.440450,1.285917,2.359425,-0.519357,0.724303,2.174336,-0.454303,0.549976,-0.891342,0.100873,0.283721,-0.623677,0.222066,-1.457186,-0.976119,0.316676,-1.294978,-0.762830,0.167967,-0.018616,-0.869070,0.503271,1.969869,-0.487579,0.579929,-0.112452,-0.551660,0.407889,-0.412810,-0.326293,1.323430,1.526560,-0.400655,0.614733,0.356636,-0.335027,0.947530,1.496779,-0.620335,-0.011616,0.051473,-0.730961,0.415037,1.426063,-0.863491,0.177876,-1.490335,-0.896974,0.200351,0.646836,-0.676463,0.484435,-0.490803,-0.969978,0.215624,0.869408,-0.891793,0.171338,-0.945124,-0.668338,0.376327,-0.647927,-0.653687,0.612445,1.462704,-0.678692,0.474646,0.352756,-0.615488,0.412095,0.388491,-0.803977,0.962948,1.282358,-1.149656,0.602289,1.042577,-1.051401,0.552717,0.633964,-1.214481,1.001750,1.179454,-1.131034,1.088269,1.513491,-0.834080,1.113346,-1.126081,-0.621082,0.670015,-0.143613,-0.662280,1.123217,0.118344,-0.703853,1.456370,-1.236187,-0.742801,1.716800,-1.270316,-0.539052,1.160146,0.315220,-0.523718,0.854334,-0.412366,-0.593977,1.130846,-0.606509,-0.558458,0.922018,0.569010,-0.516970,1.243788,1.065910,-1.381381,0.592698,-0.082136,-0.908567,0.685826,-0.307015,-1.043269,0.728053,2.249089,-1.035774,0.697073,-0.440329,-1.019606,0.964668,1.218181,-0.911412,0.731832,-2.223350,-1.437748,0.981781,-0.076760,-0.860304,0.917181,-0.599335,-1.138091,1.042864,1.456932,-1.039159,0.745909,-0.923913,-1.146535,0.980803,1.497749,-0.692604,0.936142,-0.229740,-0.569736,0.775148,-0.144642,-0.272622,1.023583,1.260161,-0.378893,1.067816,2.127772,-0.448860,1.054069,-0.045227,-0.713097,0.988132,1.547042,-0.868893,1.552711,1.981600,-0.802501,0.870330,0.998489,-0.569933,0.880671,1.487166,-0.527496,1.535106,-0.155967,-0.472702,1.512786,0.987951,-0.395018,1.761766,0.650044,-0.203255,0.620796,-0.676534,-0.684642,0.958792,2.184440,-0.470537,1.595054,0.653079,-0.434760,1.570367,1.341896,-0.650069,1.708505,0.236561,-0.343456,0.784864,1.005186,-0.654890,1.744517,0.893662,-0.409388,1.651442,2.140142,-0.409136,1.586966,1.313689,-1.165360,0.899478,-1.144427,-1.267286,1.067339,-0.958507
0.308205,-0.332548,0.945368,-0.640271,0.165252,0.123751,0.509792,0.581601,0.474391,1.637490,0.724301,1.127574,1.663370,-0.810573,1.316837,-0.839434,-0.198182,-0.780606,-1.023398,-0.122165,0.855722,-0.756275,-0.594497,-0.303025,-1.506215,0.560904,-1.147992,-0.932493,0.537437,0.334530,0.752353,0.750669,0.295104,-0.000001,-0.000001,-0.000001,-1.526453,0.303853,-0.811122,0.950755,0.938442,0.697782,-0.000001,-0.000001,-0.000001,-0.398489,-0.339751,1.099413,-0.828055,-0.084616,-0.076964,0.283183,-0.888772,-0.472891,-0.815862,-0.352989,0.984860,-0.000001,-0.000001,-0.000001,-0.000001,-0.000001,-0.000001,-0.000001,-0.000001,-0.000001,-0.000001,-0.000001,-0.000001,-0.000001,-0.000001,-0.000001,-0.000001,-0.000001,-0.000001,-0.645679,-0.644583,1.943543,-0.642587,-0.005309,0.921460,-0.300753,-0.187338,1.335049,-0.142415,-0.434011,0.908609,-0.551293,0.864927,-0.008610,-0.305691,-0.187739,2.059956,0.208864,0.415906,-0.114630,-0.336440,0.618586,0.506995,-0.360863,0.565741,0.610698,-0.256346,-0.364228,1.508971,-0.129116,-0.746688,0.105201,-0.063085,-0.118028,-0.500916,0.044433,1.059211,0.412596,-0.112462,-0.503530,1.188442,-0.162162,-0.132269,0.653471,-0.226411,0.096862,0.091522,-0.046183,0.354486,-0.330497,-0.423589,-0.639806,-0.911820,-0.388733,-0.381390,-0.810791,-0.348376,-0.345403,-0.512917,-0.306342,-0.208594,-0.200769,1.331144,-0.732977,1.108320,0.786970,-1.031921,1.192663,0.388378,-1.286717,1.179467,-0.074488,-1.712533,1.353838,-0.513666,-1.697926,0.739472,1.622669,-0.662066,1.091267,2.011854,-0.743112,0.333155,2.039398,-0.807042,0.440239,2.097856,-0.818797,0.821449,2.227480,-0.340898,1.308445,2.386927,-0.687186,0.845137,2.135671,-0.823952,0.104611,1.548249,-0.876841,0.072131,2.476724,-0.162778,1.091910,2.445682,-0.615313,1.207330,2.363550,-0.660310,0.487089,1.884692,-0.603245,0.473502,2.417049,-0.098813,1.163951,2.394633,-0.462136,1.199223,2.359477,-0.542088,0.857142,2.202122,-0.453453,0.633993,-0.701820,0.508964,-0.762435,-0.620795,0.648294,-1.118059,-0.588972,0.381273,-2.117235,-0.760160,0.246557,-0.924628,-0.681867,0.564248,1.545590,-0.483878,0.668115,-0.492641,-0.547922,0.510938,-1.028583,-0.320833,1.400630,2.165473,-0.168665,0.739446,-0.299932,-0.327892,0.577952,1.719631,-0.613963,0.112358,-0.517621,-0.723622,-0.184670,0.829538,-0.662800,-0.198329,-1.868964,-0.888669,-0.170903,-0.228628,-0.666639,-0.057594,-0.451451,-0.961453,-0.379652,0.054772,-0.627282,-0.372479,-1.545195,-0.205671,0.007522,0.133393,-0.365867,0.293518,1.436833,-0.378815,0.528128,-0.027106,-0.608978,0.466117,-0.481060,-0.796316,0.549315,0.781736,-1.139669,0.675110,1.820377,-1.041043,0.619084,-0.091456,-1.203546,0.506979,-0.061341,-1.120198,0.548948,1.766261,-0.570254,1.200731,-1.395345,-0.612815,0.733281,0.723716,-0.359912,0.812368,1.077335,-0.389207,1.513497,-0.243901,-0.423873,1.783918,-0.355375,-0.531654,0.830219,0.901991,-0.515637,0.376266,0.147647,-0.585573,0.600417,-0.365524,-0.549541,0.485519,0.741931,-0.507911,0.918802,1.562329,-0.870073,0.642602,-0.053530,-0.614256,0.301809,0.370168,-1.037624,0.360811,1.183298,-0.490095,0.764494,0.399883,-0.771695,0.484792,-0.017565,-0.616856,0.805739,-1.702110,-1.141129,0.582538,0.348972,-0.850126,0.501847,0.292257,-0.862568,0.650961,2.361372,-0.787409,1.235379,-0.591791,-0.886166,0.382991,0.253590,-0.681997,0.362896,-1.053185,-0.564765,0.855815,-0.385810,-0.266250,0.709651,1.709628,-0.371354,0.733582,2.200280,-0.441061,1.144632,-0.577836,-0.415185,0.632781,1.801766,-0.611333,1.191709,1.383880,-0.565390,0.464855,0.715976,-0.562733,0.519157,1.068771,-0.519554,1.616232,-0.292004,-0.465177,1.174702,1.256545,-0.387963,1.402466,1.144193,-0.197179,0.711153,-0.736715,-0.442442,0.587957,1.197567,-0.463408,1.657330,0.841729,-0.427012,1.634967,1.323742,-0.356051,1.782086,0.543998,-0.335622,0.851366,1.259078,-0.360419,1.383567,1.367490,-0.401555,1.309129,2.089743,-0.401928,1.261829,1.592449,-0.905565,0.964237,-1.833407,-1.005615,1.154639,-1.698717
0.323272,-0.338752,0.754161,-0.643517,0.123230,0.494496,-0.370773,0.539151,0.673202,1.513399,0.723958,1.158935,1.510392,-0.811068,1.441051,-0.837206,1.362465,-0.990628,-1.021986,-0.994884,0.719507,-0.754543,-0.606762,-0.110645,-1.511796,1.197277,-0.740206,-0.946835,1.185041,-0.104127,-1.414717,-1.414742,-1.335527,-0.000001,-0.000001,-0.000001,-0.989754,0.993594,-0.111157,-1.131569,-1.131667,-1.102628,-0.000001,-0.000001,-0.000001,-0.366600,-0.357491,1.149374,-0.813781,-0.072874,0.243889,0.302045,-0.913031,-0.280040,-0.806463,-0.386082,0.980339,-0.000001,-0.000001,-0.000001,-0.000001,-0.000001,-0.000001,-0.000001,-0.000001,-0.000001,-0.000001,-0.000001,-0.000001,-0.000001,-0.000001,-0.000001,-0.000001,-0.000001,-0.000001,-0.471996,-0.992820,0.981700,-0.357006,-0.647591,-0.193832,-0.277231,-0.529224,-1.007324,-0.124852,-0.504204,1.755023,-0.433989,-0.015461,0.488456,-0.161221,-0.258056,0.462256,0.092878,-0.640220,0.523326,-0.072419,-0.871809,0.086029,-0.154494,-0.335253,-0.589520,-0.260050,-0.033289,1.320031,-0.156304,-0.588155,1.568307,0.032853,0.242546,0.511183,-0.181852,0.479324,1.027386,-0.082614,-0.261851,0.189433,-0.150054,-0.068289,0.477662,-0.125508,-0.077145,0.853309,0.032629,1.248312,0.932526,-0.393063,-0.327195,-0.219454,-0.277953,0.024996,-0.452594,-0.264657,-0.307320,0.042183,-0.322712,0.436603,0.065126,1.221962,-0.781784,1.221000,0.710887,-1.123574,0.916045,0.365546,-1.374339,1.035926,0.014596,-1.757497,0.666417,-0.414517,-1.754636,0.734382,1.459266,-0.759078,0.983287,1.863185,-0.869889,0.308041,1.961043,-0.830258,0.565202,2.077438,-0.838652,0.614378,2.093634,-0.431328,1.170338,2.298639,-0.759179,0.957805,1.971450,-0.850061,0.160513,1.395765,-0.929476,0.182234,2.289562,-0.226651,0.957654,2.337632,-0.638369,1.351266,2.177451,-0.707339,0.481752,1.732932,-0.671137,0.886357,2.258961,-0.140340,0.674778,2.275167,-0.484242,1.227284,2.199062,-0.565472,0.794085,1.980128,-0.475967,0.456226,-0.691013,0.500925,-1.477172,-0.382736,0.266157,-0.895355,-0.386355,-0.064974,-1.663807,-0.571703,-0.284300,-0.740998,-0.672406,0.158296,1.303502,-0.474273,0.086355,0.173990,-0.540069,-0.157442,-0.409808,-0.312779,0.904252,1.773523,-0.387611,-0.063215,0.175528,-0.322221,0.551920,1.664393,-0.610066,0.070746,-0.612011,-0.720391,-0.220560,0.406356,-0.467072,0.227972,-1.876314,-0.670746,0.250477,-0.175383,-0.415897,-0.078734,0.453429,-0.749906,-0.399017,-0.214951,-0.625370,-0.385336,0.133757,0.035235,0.002010,0.123384,-0.352556,0.289561,1.025430,-0.366255,0.130891,0.333780,-0.597813,0.064861,0.066316,-0.786129,0.544191,1.246255,-0.784456,0.137539,0.568269,-1.032835,0.126139,-0.014164,-0.877397,0.502095,0.112470,-0.817590,0.542258,1.370850,-0.567249,0.558492,-0.825076,-0.305851,0.273785,1.281153,-0.351099,0.805019,1.273158,-0.380037,1.107929,-0.650837,-0.414578,1.312739,-0.557406,-0.521035,0.429261,1.170983,-0.505623,0.357571,0.642989,-0.274007,0.579078,0.184691,-0.541259,0.468449,1.169688,-0.499825,0.906127,1.380969,-0.352021,0.282318,-0.635485,-0.313154,0.294152,0.593721,-0.526637,0.353488,0.244777,-0.480008,0.277747,1.094001,-0.761850,-0.086043,0.197735,-0.315502,0.276042,-0.116234,-0.558333,0.573595,-0.086534,-0.526083,0.493565,0.869039,-0.857166,0.643147,1.116307,-0.540342,0.798697,-1.172483,-0.629314,0.369603,-0.275349,-0.675149,0.350057,1.211192,-0.556878,0.316506,0.038021,-0.257103,0.694128,1.636477,-0.362332,0.323414,1.733333,-0.432386,0.528374,-0.358700,-0.407128,0.616203,1.398405,-0.355112,1.173858,0.140432,-0.330269,0.443779,0.506106,-0.316063,0.498957,0.925273,-0.511900,0.566722,-0.721001,-0.456806,1.155811,0.274240,-0.379521,0.956031,0.055700,-0.188457,0.109607,-0.159106,-0.670234,0.568681,1.750351,-0.454878,1.238006,0.191083,-0.418393,1.199991,0.575066,-0.348100,1.290197,-0.017368,-0.085032,0.406351,1.593558,-0.352456,1.364865,0.839156,-0.392840,0.886281,1.182645,-0.393302,1.244983,0.756981,-0.385964,0.497440,-1.545585,-0.746898,0.520980,-1.660079
0.322839,-0.338752,0.744426,-0.643517,0.124553,0.497897,-0.370773,0.538732,0.670484,1.634131,0.723614,1.162546,1.510421,-0.811068,1.441194,-0.837108,1.362465,-0.979606,-1.021808,-0.993154,0.708056,-0.754930,-0.606762,-0.101443,-1.513009,1.196033,-0.725713,-0.948060,1.185041,-0.089276,-1.414717,-1.414742,-1.335527,-0.000001,-0.000001,-0.000001,-0.990290,0.993594,-0.068914,-1.131569,-1.131667,-1.102628,-0.000001,-0.000001,-0.000001,-0.366600,-0.357491,1.138381,-0.813371,-0.072874,0.240881,0.302357,-0.912611,-0.267354,-0.806463,-0.419174,0.971880,-0.000001,-0.000001,-0.000001,-0.000001,-0.000001,-0.000001,-0.000001,-0.000001,-0.000001,-0.000001,-0.000001,-0.000001,-0.000001,-0.000001,-0.000001,-0.000001,-0.000001,-0.000001,-0.472856,-0.992820,0.936954,-0.357890,-0.647591,-0.238966,-0.277908,-0.529224,-1.032142,-0.125451,-0.509543,1.775172,-0.434379,-0.015461,0.500571,-0.162140,-0.261759,0.462876,0.091856,-0.640220,0.523493,-0.073131,-0.871809,0.064907,-0.155118,-0.335253,-0.561668,-0.260894,-0.033289,1.317394,-0.157043,-0.591290,1.601859,0.032064,0.238145,0.551047,-0.182488,0.474717,1.031106,-0.083421,-0.261851,0.202019,-0.150778,-0.068289,0.492545,-0.126045,-0.077145,0.831874,0.032070,1.245417,0.893195,-0.393717,-0.541183,-0.230034,-0.278450,0.024996,-0.457706,-0.265116,-0.309225,0.042060,-0.323109,0.436603,0.038046,1.210565,-0.784763,1.297335,0.726726,-1.124430,0.923220,0.326072,-1.373156,1.034533,-0.026225,-1.754633,0.705539,-0.400815,-1.751296,0.785077,1.442688,-0.758512,0.983786,1.906657,-0.868518,0.438325,1.942934,-0.829020,0.609442,2.085124,-0.837539,0.813830,2.040870,-0.432173,1.108051,2.279363,-0.759224,0.991940,1.951158,-0.850545,0.206847,1.377949,-0.929966,0.133447,2.272736,-0.249806,0.995984,2.348418,-0.639662,1.263281,2.158415,-0.732172,0.428197,1.715260,-0.672619,0.836087,2.217066,-0.143069,0.742161,2.259862,-0.486535,1.183806,2.155056,-0.567876,0.794939,1.992306,-0.478728,0.442547,-0.691209,0.500925,-1.486957,-0.382736,0.266157,-0.885004,-0.386355,-0.064974,-1.639161,-0.571703,-0.283767,-0.737636,-0.672406,0.158701,1.298461,-0.474273,0.086933,0.174400,-0.540069,-0.157442,-0.409080,-0.312779,0.904252,1.769038,-0.387611,-0.062424,0.178177,-0.322221,0.552382,1.663566,-0.610066,0.071609,-0.607884,-0.720391,-0.219815,0.405074,-0.467072,0.227972,-1.873368,-0.670746,0.250477,-0.167131,-0.415897,-0.078734,0.458425,-0.749687,-0.399017,-0.212811,-0.625370,-0.385336,0.138062,0.035235,0.002010,0.126402,-0.352556,0.289561,1.023756,-0.366255,0.130891,0.331203,-0.597813,0.064861,0.064595,-0.786129,0.544191,1.244560,-0.784095,0.137539,0.565817,-1.032835,0.126139,-0.016050,-0.877397,0.502095,0.111957,-0.817590,0.542258,1.371223,-0.567249,0.558492,-0.829524,-0.305851,0.273785,1.282735,-0.351099,0.805019,1.273516,-0.380037,1.107929,-0.655124,-0.414578,1.313257,-0.564261,-0.521035,0.429261,1.166947,-0.505939,0.357571,0.630325,-0.274007,0.579078,0.172335,-0.541259,0.468449,1.162301,-0.499825,0.906127,1.373876,-0.352021,0.282318,-0.640713,-0.313456,0.294152,0.592022,-0.526637,0.353488,0.243586,-0.480008,0.277747,1.094846,-0.761850,-0.086043,0.200904,-0.315803,0.276042,-0.121035,-0.558333,0.573595,-0.087015,-0.525752,0.493565,0.870475,-0.857166,0.643147,1.117708,-0.540342,0.798697,-1.178180,-0.629314,0.369603,-0.273180,-0.674815,0.350057,1.216428,-0.556878,0.316506,0.026766,-0.257103,0.694128,1.639451,-0.362332,0.323414,1.735614,-0.432386,0.528993,-0.377653,-0.407128,0.616641,1.402114,-0.354851,1.173858,0.144495,-0.330009,0.443779,0.499415,-0.315812,0.499405,0.918359,-0.511900,0.567302,-0.728013,-0.456806,1.155811,0.267975,-0.379521,0.956031,0.042882,-0.188457,0.110207,-0.179249,-0.670234,0.568681,1.751680,-0.454878,1.238425,0.181358,-0.418393,1.200427,0.562391,-0.348100,1.290689,-0.025350,-0.085032,0.406796,1.586876,-0.352456,1.365311,0.829476,-0.392840,0.886704,1.170390,-0.393302,1.245384,0.749004,-0.385964,0.497440,-1.545422,-0.746898,0.520980,-1.658028
0.323272,-0.349620,0.594677,-0.640149,0.112616,0.421124,-0.377148,0.549463,0.839759,1.507215,0.722928,0.900357,1.505611,-0.813294,1.580440,-0.838626,-0.226040,-1.163447,-1.022956,-1.001782,0.768973,-0.259412,-0.605010,-0.196226,-0.288205,0.545975,-0.587945,1.082603,0.523579,-0.181815,0.753997,0.750681,0.259858,-0.000001,-0.000001,-0.000001,-0.976905,0.288861,-0.480477,0.951005,0.938453,0.647525,-0.000001,-0.000001,-0.000001,-0.370658,-0.369741,1.188057,-0.810014,-0.102184,0.089344,0.305131,-0.930009,-0.298103,-0.793797,-0.452267,0.746033,-0.000001,-0.000001,-0.000001,-0.000001,-0.000001,-0.000001,-0.000001,-0.000001,-0.000001,-0.000001,-0.000001,-0.000001,-0.000001,-0.000001,-0.000001,-0.000001,-0.000001,-0.000001,-0.288509,-1.010929,1.132977,0.029944,-0.655578,1.106047,0.092970,0.419035,-0.080810,-0.317241,-0.471777,0.351415,-0.447562,0.026895,0.647489,0.032267,-0.239540,0.253906,0.069808,-0.579186,0.351209,0.109596,-0.801948,-0.335800,0.003687,-0.724608,1.023026,0.115342,-0.808959,-0.564146,0.000900,-0.559591,0.389803,0.019128,-0.214746,0.318682,-0.196834,0.005280,0.815645,-0.091796,-0.594132,0.487636,-0.159139,-0.811674,0.149732,-0.260952,-0.381685,1.147417,-0.107914,0.947463,1.668695,-0.400100,-0.963570,-0.881147,-0.187849,-0.573971,-0.640194,-0.359579,-0.512888,-0.154938,-0.330092,0.175584,0.103993,1.104712,-0.906897,0.525843,0.627200,-1.103230,0.221439,0.334778,-1.267511,-0.304440,0.713848,-0.850564,-1.809383,1.249355,-0.280133,-1.750227,0.947000,-1.099964,0.719832,1.457442,-1.125148,-0.607166,1.258262,-1.083427,-2.460924,0.200030,-0.548118,-2.073416,1.598995,-0.795033,0.628747,2.043043,-0.833479,1.391572,1.591463,-0.749252,0.612020,1.011646,-0.801438,0.797740,1.803057,-0.549016,1.257069,2.106869,-0.709908,1.178441,1.820990,-0.639433,0.698829,1.413688,-0.582941,0.788118,1.847803,-0.392619,0.327460,2.048285,-0.575788,1.184733,1.836578,-0.497938,0.357405,1.607186,-0.455789,0.295866,-0.503282,0.134022,-1.887142,-0.381775,-0.115140,-0.423209,-0.193395,-0.075603,-1.238462,-0.570745,-0.295755,-0.724424,-0.487176,0.150400,0.724772,-0.472746,0.075663,0.126003,-0.538503,-0.168917,-0.038629,-0.310406,0.896214,1.702430,-0.159019,-0.075409,0.436440,-0.319014,0.544834,1.777348,-0.414833,0.056942,-0.823555,-0.514997,-0.234283,0.178767,-0.270325,0.218427,-1.545297,-0.666603,0.240177,-0.067180,-0.411110,-0.095102,1.046852,-0.535914,-0.417653,-0.460786,-0.366307,-0.403656,1.012207,0.036703,-0.011732,0.534299,-0.350440,0.277307,0.740199,-0.363738,0.117418,0.634520,-0.594709,0.051251,0.412035,-0.484792,0.049698,1.054012,-0.779643,0.119901,-0.529646,-0.694024,0.109419,-0.605248,-0.552598,0.482512,-0.754815,-0.514333,0.521535,0.257519,-0.308570,-0.095270,0.311659,-0.302042,0.260259,1.432337,-0.347339,0.431748,1.196677,-0.376124,0.700603,-0.704554,-0.410612,0.842597,-0.483792,-0.517814,0.419297,1.333905,-0.502075,0.343181,0.911167,-0.270456,-0.060760,0.607381,-0.537448,0.455311,1.074530,-0.495612,0.514108,1.187361,-0.096621,0.271704,-0.452152,-0.310983,0.280782,0.799078,-0.273813,0.340702,-0.161885,-0.207597,0.263449,1.342333,-0.517052,-0.102794,-0.144043,-0.313328,-0.259716,0.714967,-0.266334,0.559676,0.163117,-0.521021,0.479104,1.368473,-0.320079,0.629502,-0.359974,-0.050089,0.785370,-0.364910,-0.373513,0.348763,-0.756612,-0.350186,0.330074,0.954287,-0.343889,0.305445,0.170953,-0.254329,0.685784,1.341290,-0.359023,0.314553,1.303174,-0.429096,0.515076,0.027802,-0.403113,0.187277,1.105351,-0.351372,0.736989,-0.243073,-0.096847,0.433491,0.337328,-0.312462,0.061234,0.765537,-0.233257,0.556330,-0.873483,-0.453632,0.746493,-0.531862,-0.376424,0.947384,-0.648141,-0.185812,0.097956,0.559594,-0.431569,0.559273,1.387858,-0.451748,1.229404,-0.573899,-0.415125,1.191068,0.026439,-0.344137,0.808398,-0.485550,-0.081626,0.397232,1.384935,-0.348486,0.928512,0.239295,-0.389535,0.877607,0.619460,-0.390138,0.851959,0.207756,-0.129434,0.024817,-0.570140,-0.235989,0.501677,-1.138971
0.322839,-0.348460,0.603677,-0.640522,0.110834,0.443647,-0.376965,0.548154,0.839943,1.507343,0.722928,0.906325,1.505701,-0.813047,1.573695,-0.838823,-0.226040,-1.165846,-1.023226,-1.001782,0.769338,-0.259987,-0.605010,-0.198753,-0.288442,0.547219,-0.614519,1.080553,0.523579,-0.269566,0.753967,0.750681,0.227486,-0.000001,-0.000001,-0.000001,-0.977120,0.290225,-0.506235,0.950965,0.938453,0.645545,-0.000001,-0.000001,-0.000001,-0.372025,-0.368509,1.204117,-0.810424,-0.100750,0.063494,0.305754,-0.927171,-0.317333,-0.793797,-0.468312,0.732669,-0.000001,-0.000001,-0.000001,-0.000001,-0.000001,-0.000001,-0.000001,-0.000001,-0.000001,-0.000001,-0.000001,-0.000001,-0.000001,-0.000001,-0.000001,-0.000001,-0.000001,-0.000001,-0.289716,-1.014560,1.000836,0.028715,-0.659571,1.262653,0.091951,0.419035,-0.024956,-0.318131,-0.477182,0.380115,-0.448142,0.022182,0.656880,0.031169,-0.239540,0.285328,0.068374,-0.579186,0.372492,0.108539,-0.807776,-0.440505,0.002760,-0.728429,1.014197,0.114333,-0.812410,-0.590272,-0.000137,-0.559591,0.377323,0.018210,0.290905,0.346253,-0.197602,0.000673,0.850538,-0.092604,-0.597156,0.544651,-0.159981,-0.813882,0.166744,-0.261608,-0.384552,1.171475,-0.108588,0.944567,1.698437,-0.400747,-0.965433,-0.963571,-0.188346,-0.575740,-0.690887,-0.360113,-0.512888,-0.171150,-0.330655,0.173119,0.115290,1.104738,-0.906897,0.523382,0.627225,-1.103230,0.219084,0.334804,-1.267470,-0.311547,0.713900,-0.850522,-1.812650,1.249400,-0.280080,-1.756407,0.947033,-1.099920,0.726882,1.457529,-1.125100,-0.603041,1.258314,-1.083406,-2.449885,0.200079,-0.548082,-2.080840,1.599059,-0.794970,0.627654,2.043102,-0.833412,1.384720,1.591525,-0.749252,0.606880,0.980047,-0.801193,0.791211,1.803118,-0.549016,1.255631,2.106948,-0.709908,1.179276,1.821049,-0.639433,0.696805,1.413746,-0.582941,0.783000,1.847852,-0.392619,0.327178,2.048331,-0.575788,1.184322,1.836655,-0.497719,0.356425,1.607240,-0.455789,0.293350,-0.503087,0.134798,-1.926622,-0.381775,-0.114752,-0.373997,-0.385535,-0.075115,-1.190908,-0.570745,-0.295223,-0.552697,-0.486975,0.150400,0.688111,-0.472746,-0.477682,0.332747,-0.538503,-0.168917,0.043452,-0.310647,0.896214,1.724539,-0.159255,-0.075409,0.382916,-0.319255,0.544834,1.780560,-0.415034,0.056942,-0.810289,-0.515436,-0.234283,0.185924,-0.270527,0.218892,-1.538121,-0.667062,0.240635,-0.079178,-0.411639,-0.094436,1.048485,-0.536361,-0.416925,-0.459455,-0.366849,-0.402994,1.026123,0.036703,-0.010801,0.521365,-0.350440,0.278497,0.743904,-0.364045,0.118652,0.636739,-0.595037,0.052498,0.411280,-0.485103,0.051239,1.053673,-0.434416,0.121614,-0.536002,-0.694373,0.110951,-0.601331,-0.552931,0.484306,-0.749349,-0.514981,0.523548,0.260816,-0.309111,-0.093892,0.302681,-0.302353,0.261242,1.428503,-0.347646,0.432537,1.189068,-0.376443,0.701465,-0.707637,-0.410935,0.843553,-0.481615,-0.518141,0.419703,1.345858,-0.502391,0.344356,0.916614,-0.270772,-0.059457,0.613581,-0.537759,0.456383,1.077457,-0.495954,0.514507,1.191208,-0.096896,0.272473,-0.435451,-0.310983,0.281754,0.803329,-0.273813,0.341631,-0.163643,-0.207890,0.264446,1.341210,-0.517326,-0.101576,-0.159140,-0.313328,-0.258585,0.717387,-0.266634,0.560647,0.150592,-0.521683,0.480155,1.363044,-0.320357,0.630494,-0.366262,-0.050607,0.786751,-0.373302,-0.373776,0.350277,-0.764529,-0.350520,0.331526,0.944449,-0.344109,0.305445,0.207326,-0.254611,0.686172,1.342404,-0.359317,0.314553,1.288421,-0.429388,0.515694,0.030581,-0.403427,0.187277,1.108272,-0.351633,0.736989,-0.245413,-0.097087,0.433491,0.341126,-0.312714,0.061234,0.773962,-0.233568,0.556865,-0.867772,-0.453914,1.148094,-0.506332,-0.376699,0.947384,-0.603947,-0.186081,0.098556,0.577730,-0.431569,0.559273,1.383180,-0.452026,1.229824,-0.570169,-0.415415,1.191504,0.034904,-0.344447,0.808890,-0.482081,-0.081882,0.397677,1.386697,-0.348798,0.928958,0.245157,-0.389829,0.878030,0.625522,-0.390419,0.852360,0.208325,-0.129434,0.025774,-0.556600,-0.236518,0.502978,-1.126140
0.329493,-0.371736,0.197810,-0.648265,0.121015,0.880687,-0.371140,0.534022,1.144254,1.374497,0.721897,0.316983,1.498846,-0.811812,1.192567,-0.840643,-0.247717,-0.987136,-1.023932,-0.996613,0.910785,-0.259799,-0.605010,-0.144113,-0.255461,-0.740441,-0.716350,1.130132,-0.135360,-0.317542,0.753394,0.750681,0.565084,-0.000001,-0.000001,-0.000001,-0.969840,-0.434958,-1.100799,0.966640,0.938453,1.286788,-0.000001,-0.000001,-0.000001,-0.360512,-0.385651,0.910346,-0.806247,-0.169768,-0.271038,0.310396,-0.940917,0.204048,-0.784822,-0.977737,0.382890,-0.000001,-0.000001,-0.000001,-0.000001,-0.000001,-0.000001,-0.000001,-0.000001,-0.000001,-0.000001,-0.000001,-0.000001,-0.000001,-0.000001,-0.000001,-0.000001,-0.000001,-0.000001,-0.288341,-0.593797,1.747990,0.030472,-0.200784,1.554868,0.290690,0.414961,0.439570,-0.144495,-0.482586,-0.085810,-0.446982,0.017470,0.547817,0.032637,-0.243243,0.728045,0.070418,-1.293405,1.161826,0.110308,-0.819431,0.997956,0.004462,-0.736072,1.484918,0.115342,-0.815861,-0.260919,0.001045,-0.565938,1.072913,-0.132894,-0.223549,0.675794,-0.196330,-0.008541,0.321227,-0.091928,-0.947580,0.740613,-0.299019,-0.816090,-0.253562,-0.386087,-0.387455,0.392691,-0.107580,0.941672,0.956769,-0.275281,-1.181283,-1.413907,-0.187930,-0.985663,-0.483848,-0.359579,-0.735604,-0.422391,-0.422596,-0.398218,-0.942136,0.968740,-0.852820,0.090909,0.472424,-1.054620,-0.101451,0.122664,-1.332743,-0.880797,0.555512,-0.961240,-1.526639,0.974012,-0.391314,-1.743907,0.448175,-1.269560,0.672057,1.037354,-1.328461,-0.558929,1.047486,-1.381343,-1.809666,-0.098185,-0.684178,-2.171244,1.084231,-0.974646,0.141176,1.680059,-0.975899,1.607993,1.196200,-0.902038,0.949424,0.580128,-0.982111,1.341639,1.298493,-0.738442,0.611617,1.693960,-0.822386,1.341738,1.321687,-0.800517,1.069362,0.889431,-0.828498,0.935545,1.367558,-0.597329,0.140108,1.661696,-0.661078,1.184534,1.378435,-0.656831,0.820776,1.049290,-0.632708,0.447434,-0.318361,-0.235923,-2.021103,-0.384432,-0.499250,0.038146,-0.195252,-0.520461,-0.457955,-0.393584,-0.309964,-0.711682,-0.304303,0.141289,-0.152152,-0.474273,-0.489530,0.502844,-0.355719,-0.181163,-0.203032,-0.310879,0.419421,1.061760,-0.158528,-0.088329,0.835018,-0.317551,0.537248,1.693160,-0.413195,-0.720282,-0.749243,-0.512855,-0.249558,-0.016659,-0.267844,0.207445,-1.427572,-0.663828,0.228466,-0.348252,-0.407662,-0.114854,1.408275,-0.532755,-0.441571,-0.460871,-0.362484,-0.428047,1.444910,0.264113,-0.029571,1.342844,-0.069582,0.261515,-0.501414,-0.365323,-0.293772,0.230744,-0.305430,0.033797,0.187888,-0.484792,0.029243,0.523971,-0.086992,0.097171,-1.395306,-0.358032,0.087978,-1.020126,-0.230218,-0.115161,-1.017124,-0.511171,0.494830,-0.382475,-0.051525,-0.121679,1.081798,-0.301407,0.241897,1.344371,-0.052811,0.418217,0.962338,-0.375472,-0.105502,-0.410434,-0.409950,-0.088920,0.126170,-0.216921,0.407273,1.388199,-0.199782,0.326345,1.158287,-0.269799,-0.079438,0.967987,-0.238351,-0.074047,1.026573,-0.191401,0.502265,0.895082,-0.098263,-0.095749,-0.428855,-0.312225,0.262630,0.551152,-0.023932,0.323343,-0.220379,-0.208172,0.245035,0.985296,-0.275398,-0.124365,-0.210133,-0.314572,-0.279753,1.192943,0.023199,0.076392,0.609804,-0.201723,0.459472,1.138075,-0.051106,0.610978,-0.614382,-0.047753,0.768868,-0.101461,-0.119334,0.321926,-0.783464,-0.347792,0.304340,0.923071,-0.133376,0.292225,0.598350,-0.254329,0.675855,0.939062,-0.358704,0.303563,0.755295,-0.428487,-0.093605,0.377829,-0.402194,0.175593,0.732632,-0.100227,0.725572,-0.851291,0.134345,-0.059300,0.398679,-0.070680,0.051153,0.374686,-0.232384,0.031843,-1.016125,-0.453044,0.737030,-1.272261,-0.376126,0.510968,-1.305767,-0.185812,0.084405,1.146473,-0.431836,0.108580,1.103367,-0.185116,0.817353,-1.022284,-0.414520,0.763637,-0.679744,-0.343230,0.325040,-1.001932,-0.080072,0.386741,1.335751,-0.347578,0.490375,-0.598015,-0.388923,0.462092,-0.222981,-0.389833,0.842480,-0.341719,-0.130253,0.006662,0.469035,0.019189,-0.145972,0.134860
0.333470,-0.377159,0.097192,-0.649141,0.094036,1.230588,-0.384068,0.501438,1.426582,1.369152,0.721554,-0.106978,1.189009,-0.809090,0.045496,-0.836096,-0.244618,-0.922437,-1.018101,-0.120435,0.575027,0.233699,-0.601506,-0.233176,-0.278258,0.547219,-1.091452,-0.927578,0.533653,-0.133718,-1.414717,-1.414742,-1.335527,-0.000001,-0.000001,-0.000001,-0.412370,0.280674,-0.795401,-1.131569,-1.131667,-1.102628,-0.000001,-0.000001,-0.000001,-0.350324,-0.392972,0.521580,-0.796586,-0.177118,-0.295380,0.308537,-0.944964,0.032006,-0.777467,-0.468312,0.464518,-0.000001,-0.000001,-0.000001,-0.000001,-0.000001,-0.000001,-0.000001,-0.000001,-0.000001,-0.000001,-0.000001,-0.000001,-0.000001,-0.000001,-0.000001,-0.000001,-0.000001,-0.000001,-0.250682,-0.717152,1.318786,0.154102,-0.519953,1.846090,0.268698,-0.215853,1.255181,0.354390,-1.044130,0.471518,-0.338210,0.893145,0.702965,0.320108,-0.609505,2.031974,0.205400,-1.616980,-0.240189,0.257688,-0.638986,0.154966,-0.018469,-0.251230,0.813859,0.133038,-0.364228,1.399244,0.209658,-0.724472,2.286855,-0.213262,-0.570866,1.561496,-0.102611,-0.970394,-0.768099,-0.103683,-0.506554,2.035157,-0.293328,-0.372703,-0.389009,-0.347741,-1.199537,-1.084055,-0.300150,-0.273238,-1.682208,-0.047303,-0.861244,-0.376302,-0.289495,-0.577509,-0.016931,-0.345688,-0.984972,-0.141604,-0.577917,-2.151578,-1.172724,0.919289,-0.775370,-0.319469,0.398928,-0.982669,-0.963729,0.130189,-1.242487,-1.018187,0.789017,-1.025189,-1.597978,0.837632,-0.482597,-1.864437,0.083683,-1.412058,0.779960,0.612175,-1.452165,-0.328051,0.719073,-1.424385,-0.653199,0.810418,-1.385904,-0.952950,0.250785,-1.175557,0.743864,1.089878,-1.140823,0.901259,0.760736,-1.079941,0.532578,0.271364,-1.162222,0.980985,0.468520,-1.035157,-0.073312,1.218112,-0.980977,1.009769,0.881050,-0.985774,0.609367,0.487254,-1.029426,0.972062,0.666243,-0.907710,0.355865,1.145315,-0.836664,0.852990,0.943186,-0.887628,0.869420,0.658321,-0.948101,0.846434,-0.316162,-0.240113,-1.912680,-0.381775,-0.504001,0.163068,-0.193195,-0.526019,-0.408806,-0.391669,-0.316491,-0.641046,-0.302338,0.135890,-0.484469,-0.471876,-0.497188,0.785346,-0.353762,-0.190652,-0.203613,-0.308506,0.412362,0.756722,-0.382061,-0.856978,1.141852,-0.315577,0.530662,1.591680,-0.411556,-0.731697,-0.856311,-0.511345,-0.259431,-0.185212,-0.266398,0.201275,-1.258318,-0.662225,0.222362,-0.452706,-0.405533,-0.123066,1.503342,-0.531204,-0.450494,-0.667661,-0.360605,-0.435551,1.478792,0.266808,-0.462508,1.735230,-0.066556,0.257559,-1.001607,-0.068269,-0.297954,0.398904,-0.302642,-0.368325,0.197941,-0.481915,0.024119,0.132590,-0.083654,0.091476,-1.801749,-0.021023,0.082745,-1.217722,0.092536,-0.121240,-1.199999,-0.210766,0.488141,-0.802752,-0.049625,-0.129122,1.576375,-0.000805,0.237100,1.045379,-0.049972,0.413927,0.866435,-0.066681,-0.110153,-0.224426,-0.406956,-0.094779,0.250784,-0.213700,0.402274,1.392123,-0.196891,-0.243831,1.182917,-0.266879,-0.087474,1.033475,-0.235487,-0.080661,0.953579,-0.188820,0.497341,0.671187,0.157931,-0.099902,-0.374377,-0.309137,0.257888,0.450741,-0.021252,0.318808,-0.075800,-0.205286,0.239423,0.706799,-0.030347,-0.130890,-0.097589,-0.311481,-0.285814,1.381603,0.025665,0.071415,0.769712,-0.199020,0.454344,0.662968,0.217588,0.149897,-0.703701,0.197263,0.334874,0.216579,0.134582,0.313808,-0.625683,-0.345064,0.296555,0.603677,-0.131349,0.285570,0.594175,-0.251836,0.299118,0.751836,-0.356007,0.298068,0.587908,-0.425782,-0.101182,0.291366,-0.399412,0.169751,0.606658,-0.098085,0.292311,-0.931127,0.136565,-0.065991,0.467446,-0.068618,0.045179,0.217649,-0.229740,0.024707,-1.053000,-0.180000,0.330261,-1.502898,-0.373602,0.078227,-1.369528,-0.183435,0.076405,1.180949,-0.193161,0.102460,0.820566,-0.182555,0.410022,-1.129123,-0.411832,0.341102,-0.933292,-0.340484,0.319052,-1.184828,-0.077975,0.380810,1.225440,-0.344828,0.484463,-0.897982,-0.386205,0.456451,-0.515531,-0.387254,0.451935,-0.614460,0.126819,-0.457143,0.930309,0.021361,-0.153292,0.660103
0.333037,-0.377159,0.114230,-0.648638,0.093577,1.223027,-0.382973,0.502721,1.435340,1.369280,0.721897,-0.089286,1.188828,-0.809090,0.026860,-0.836194,-0.244618,-0.919492,-1.018278,-0.122165,0.587107,0.234856,-0.603258,-0.170863,-0.273165,0.544746,-1.103002,-0.922252,0.531131,-0.278383,-1.414717,-1.414742,-1.335527,-0.000001,-0.000001,-0.000001,0.130322,0.276597,-0.848440,-1.131569,-1.131667,-1.102628,-0.000001,-0.000001,-0.000001,-0.350324,-0.392374,0.531283,-0.796586,-0.174160,-0.278285,0.308537,-0.944149,0.033525,-0.777467,-0.452267,0.484805,-0.000001,-0.000001,-0.000001,-0.000001,-0.000001,-0.000001,-0.000001,-0.000001,-0.000001,-0.000001,-0.000001,-0.000001,-0.000001,-0.000001,-0.000001,-0.000001,-0.000001,-0.000001,-0.247754,-0.720783,1.372166,0.157109,-0.523898,1.856424,0.271767,-0.219927,1.466504,0.357069,-1.054873,0.424590,-0.336465,0.888432,0.708523,0.323234,-0.616912,1.983550,0.209076,-1.623091,-0.249723,0.260870,-0.650570,0.130244,-0.015528,-0.258873,0.747435,0.135743,-0.764141,1.368041,0.212174,-0.730820,2.443371,-0.210886,-0.579668,1.626287,-0.100456,-0.979608,-0.681451,-0.101523,-0.512602,1.948807,-0.153809,-0.374911,-0.377296,-0.345785,-0.874712,-0.957566,-0.298140,0.050741,-1.276697,-0.045572,-0.863084,-0.371029,-0.288081,-0.581046,-0.040636,-0.344386,-0.988759,-0.127406,-0.576472,-2.156508,-1.223760,0.918997,-0.775370,-0.305289,0.398652,-0.982669,-0.952191,0.129932,-1.242487,-1.016350,0.788781,-1.025189,-1.594618,0.837432,-0.482597,-1.860280,0.083367,-1.412080,0.778169,0.642892,-1.452165,-0.333437,0.718836,-1.424406,-0.668661,0.810202,-1.385922,-0.973261,0.250458,-1.175557,0.741291,1.089614,-1.140823,0.904049,0.760449,-1.079941,0.532299,0.271097,-1.162222,0.981620,0.468219,-1.035157,-0.076637,1.217872,-0.980977,1.012247,0.880751,-0.985774,0.609710,0.486990,-1.029426,0.971903,0.665989,-0.907710,0.354064,1.145106,-0.836664,0.855021,0.942952,-0.887628,0.871908,0.658055,-0.948101,0.849074,-0.315959,-0.239741,-1.906824,-0.381540,-0.503614,0.148570,-0.192994,-0.525568,-0.413550,-0.391482,-0.315958,-0.643502,-0.302138,0.135890,-0.477688,-0.471654,-0.497188,0.781145,-0.353562,-0.189990,-0.197029,-0.308275,0.412362,0.750274,-0.381825,-0.856187,1.151106,-0.315327,0.530662,1.587915,-0.411338,-0.730901,-0.862966,-0.511135,-0.259431,-0.186912,-0.266187,0.201741,-1.248642,-0.662225,0.222820,-0.449246,-0.405533,-0.122400,1.483944,-0.531204,-0.449705,-0.667863,-0.360605,-0.434834,1.462506,0.267058,-0.462024,1.706259,-0.066248,0.257945,-0.968520,-0.067950,-0.297543,0.415338,-0.302326,-0.367910,0.210676,-0.481604,0.024619,0.148419,-0.083293,0.092032,-1.836307,-0.021023,0.083298,-1.232379,0.092536,-0.120642,-1.209018,-0.210455,0.488793,-0.804655,-0.049360,-0.128460,1.573582,-0.000494,0.237571,1.045625,-0.049665,0.414306,0.895780,-0.066362,-0.109740,-0.233616,-0.406632,-0.094301,0.222912,-0.213385,0.402679,1.372877,-0.196576,-0.243244,1.187530,-0.266564,-0.086822,1.057352,-0.235487,-0.080124,0.965682,-0.188504,0.497741,0.665061,0.157931,-0.099533,-0.364038,-0.308836,0.258355,0.462422,-0.020990,0.319254,-0.058593,-0.205005,0.239922,0.711690,-0.030083,-0.130305,-0.093824,-0.311180,-0.285271,1.379815,0.025978,0.071901,0.775802,-0.199020,0.454848,0.662557,0.217866,0.150373,-0.699752,0.197517,0.335322,0.217154,0.134845,0.314535,-0.621303,-0.345064,0.297252,0.598087,-0.131120,0.285570,0.608339,-0.251554,0.299506,0.752976,-0.355713,0.298481,0.583385,-0.425489,-0.100563,0.324428,-0.399412,0.170189,0.625616,-0.097813,0.292794,-0.918189,0.136565,-0.065448,0.338657,-0.068357,0.045179,0.266264,-0.229441,0.024707,-1.012144,-0.450152,0.330261,-1.475854,-0.373327,0.078672,-1.365569,-0.183166,0.077005,1.187841,-0.192904,0.102957,0.818956,-0.182265,0.410442,-1.152500,-0.411542,0.341538,-0.916850,-0.340484,0.319052,-1.135795,-0.077709,0.381292,1.168287,-0.344828,0.484909,-0.869724,-0.385912,0.456874,-0.495664,-0.386973,0.452336,-0.634160,0.127096,-0.456664,0.938312,0.021637,-0.152641,0.666186
0.344993,-0.367474,0.145360,-0.648135,0.137841,1.015630,-0.386252,0.511724,1.353449,1.237121,0.720528,-0.497794,0.568492,-0.677215,-0.523954,-0.322100,-0.216760,-0.866251,-1.020224,-1.001782,0.501141,0.233605,-0.601506,-0.197085,-0.288931,0.558416,-1.043744,-0.930442,0.539959,0.370912,-1.414717,-1.414742,-1.335527,-0.000001,-0.000001,-0.000001,-0.421579,0.294319,-0.971177,0.966813,0.938442,0.597051,-0.000001,-0.000001,-0.000001,-0.342166,-0.403989,0.210035,-0.784414,-0.187426,-0.321645,0.311321,-0.936080,0.215912,-0.769290,-0.139391,0.405870,-0.000001,-0.000001,-0.000001,-0.000001,-0.000001,-0.000001,-0.000001,-0.000001,-0.000001,-0.000001,-0.000001,-0.000001,-0.000001,-0.000001,-0.000001,-0.000001,-0.000001,-0.000001,-0.115003,-0.619212,1.378641,-0.002200,-0.212764,2.181373,0.254893,-0.044910,1.610093,0.339370,-0.439350,2.056768,-0.132009,-0.472177,0.804392,0.426954,-0.217365,1.722033,0.741236,-0.512042,0.906945,0.484238,-0.726259,0.881638,-0.027764,-0.671203,0.949625,0.286941,-0.391835,1.759687,0.149385,-0.524718,2.322573,-0.155462,-0.161986,0.775178,0.073257,-0.464158,-1.034414,0.047578,-0.582074,1.666463,-0.315127,-0.284462,-1.183913,-0.277685,-0.686189,-0.765713,-0.255944,-1.357991,-1.756830,-0.037670,-0.744018,-0.018114,-0.294062,-0.358420,-0.133982,-0.281921,-0.937385,-0.563831,-0.435113,-2.080153,-1.234676,0.689688,-0.633531,-1.600470,0.533446,-0.806218,-2.400851,0.987094,-0.901282,-1.759931,0.878284,-0.857202,-1.469291,0.818181,-0.603519,-1.603995,-0.018257,-1.375664,0.292390,0.181095,-1.669025,-1.418878,0.133875,-1.597382,-2.780835,0.119627,-1.004329,-2.166046,-0.312908,-1.253902,0.569534,0.557556,-1.127364,-1.395403,0.525668,-0.986408,-0.772627,0.052003,-1.225262,-0.531031,-0.275519,-1.107954,-0.419663,0.537697,-1.035925,-0.982983,0.402223,-1.041155,-0.648203,0.109920,-1.060095,-0.659321,-0.016680,-0.977505,0.474982,0.274049,-1.000571,0.107699,0.391243,-0.918227,-0.232394,0.203644,-0.886721,-0.494671,-0.316561,-0.235178,-1.887491,-0.382020,-0.125096,0.010237,-0.000846,-0.515428,-0.298432,-0.391287,-0.301749,-0.824340,-0.301745,0.149151,-0.735699,-0.470784,-0.476477,0.598968,-0.351989,-0.164228,-0.432860,-0.305429,-0.036358,0.275220,-0.377729,-0.822965,1.033185,-0.309916,0.550033,1.608235,-0.406204,0.063446,-0.821141,-0.504867,-0.232731,-0.124033,-0.066329,0.662345,-0.855934,-0.439222,0.673764,-0.512925,-0.396778,-0.107364,1.628293,-0.313597,0.261152,-0.778172,-0.351080,0.207979,1.462570,0.267796,-0.459268,1.797855,-0.064735,-0.110417,-1.061569,-0.065433,-0.296720,0.558977,-0.298920,-0.367078,0.303371,-0.178997,0.026661,-0.163986,0.269695,0.094300,-1.546716,0.321391,0.084829,-1.227413,0.421412,-0.119446,-1.061694,0.096924,0.491458,-0.793035,-0.040944,-0.124380,1.404845,0.005233,0.241897,0.824512,-0.044012,0.056175,0.813818,-0.060479,-0.103779,-0.079580,-0.090671,-0.085971,0.462141,-0.208894,0.023338,1.065171,-0.191385,-0.229981,1.194782,-0.260751,-0.072162,1.111620,-0.229110,-0.068014,0.727016,-0.182025,0.124118,0.235457,0.159573,-0.095749,-0.496131,-0.017915,-0.184430,0.247149,0.232357,-0.104190,-0.021540,-0.201545,0.245035,0.511146,-0.027487,-0.123732,-0.095726,-0.309019,-0.279165,1.404741,0.032739,0.076877,0.765823,-0.190883,-0.024047,0.494895,0.225263,0.154737,-0.469853,0.205044,0.339951,0.867491,0.393856,0.322713,-0.240095,-0.336851,0.305095,0.467373,0.082548,-0.214439,0.631963,-0.247675,0.310631,0.621050,-0.350871,0.309883,0.362660,-0.140117,-0.084069,0.178515,-0.103955,0.182311,0.208306,0.157876,0.305141,-0.928003,0.142453,-0.050016,0.516900,-0.062956,0.059853,-0.004062,-0.223856,0.042279,-1.247170,-0.174804,0.344438,-1.643603,-0.368796,0.093257,-1.486549,-0.179467,0.096056,1.113478,-0.189616,0.117070,0.447194,-0.177698,0.020734,-1.280635,-0.128038,0.354450,-1.322124,-0.334372,-0.137605,-1.473078,-0.071962,0.394971,1.142199,-0.338706,0.498146,-1.298336,-0.380501,0.469427,-0.945891,-0.382344,0.464260,-0.955665,0.129542,-0.452275,1.197367,0.281974,-0.146677,0.751062
0.342342,-0.359707,0.426857,-0.657500,0.072349,1.406019,-0.401009,-1.609502,1.463061,0.973288,0.720871,-0.490573,0.561155,-0.422625,-0.428778,-0.324828,-1.836222,-1.242875,-0.585532,-0.113537,0.177410,0.241204,-0.603258,0.006930,-0.266859,-0.089154,-0.579792,1.083829,-0.115213,-0.466230,-1.414717,-1.414742,-1.335527,-0.000001,-0.000001,-0.000001,-0.424572,0.273869,-0.508357,0.950863,0.938442,0.705017,-0.000001,-0.000001,-0.000001,-0.344195,-0.401562,0.201756,-0.781877,-0.185902,-0.467435,0.309462,-0.930009,0.316870,-0.762758,-0.320899,0.315497,-0.000001,-0.000001,-0.000001,-0.000001,-0.000001,-0.000001,-0.000001,-0.000001,-0.000001,-0.000001,-0.000001,-0.000001,-0.000001,-0.000001,-0.000001,-0.000001,-0.000001,-0.000001,0.273455,-0.278237,1.029715,0.298752,-0.503980,0.483097,0.219617,-0.224001,1.651609,0.480422,0.138341,0.913978,-0.035746,0.836652,0.425021,0.466416,-0.217365,2.471038,0.834963,-1.690235,0.393648,0.404367,-0.726259,-0.367774,0.287822,0.119066,-0.062127,0.263175,-0.391835,1.292959,0.325490,-0.765692,1.298677,0.042881,-0.636829,0.326201,0.145639,-1.044046,-0.451964,0.457746,-0.527684,1.176207,0.211472,-0.396965,-0.418989,0.107704,-1.234339,-0.888444,0.043455,-0.643508,-1.524039,0.033676,-1.078934,-0.748812,-0.038203,-0.593404,-0.695746,-0.111953,-1.004002,-0.215570,-0.150459,-1.060639,-0.924990,0.910581,-0.795535,-1.020365,1.165398,-0.832986,-1.775144,1.012238,-0.853461,-1.489681,0.942250,-0.702289,-1.280385,0.704705,-0.608066,-0.132927,-0.196714,-1.241919,-0.222169,-0.243361,-1.801242,-0.644587,-0.211523,-2.046466,-0.844755,-0.269441,-2.100111,-1.957561,-0.546676,-1.261001,0.701445,0.262583,-1.106293,0.492804,0.243754,-0.979155,0.019796,0.073582,-1.059472,0.220784,-0.593343,-1.170491,-0.053126,0.179729,-1.051654,-0.692782,0.193940,-1.004455,0.113088,0.026576,-1.024139,-0.099968,-0.477974,-1.049251,0.358333,-0.126681,-1.098583,0.535673,0.035271,-1.087610,0.292099,0.036079,-1.050260,0.619858,-0.314159,-0.238220,-1.995858,-0.379373,-0.501997,0.198264,-0.191138,-0.524179,-0.373499,-0.389753,-0.314892,-0.716053,-0.300566,0.136733,-0.748455,-0.470136,-0.496610,0.496712,-0.352180,-0.189990,-0.232473,-0.306866,-0.056433,0.506599,-0.154913,-0.856978,1.070886,-0.314345,0.530662,1.627699,-0.602867,0.032452,-0.749175,-0.510468,-0.258686,-0.080846,-0.072325,0.648530,-0.385762,-0.446130,0.662511,-0.360107,-0.405003,-0.119626,1.743539,-0.111032,0.251440,-0.595762,-0.360053,0.203178,1.648843,0.269024,-0.030949,1.595609,0.218854,-0.109227,-1.348667,-0.066059,-0.295006,0.238187,-0.300169,-0.365347,0.134736,-0.181874,0.027660,-0.706210,0.264161,0.095412,-1.493883,0.314592,0.086914,-1.261573,0.093886,-0.116955,-1.126877,0.088330,-0.132112,-1.026003,-0.048808,-0.123719,1.502335,0.001087,0.239970,0.679026,-0.048104,0.053873,0.533944,-0.064738,-0.107638,-0.019530,-0.404972,-0.092308,0.718003,-0.211775,0.404368,0.942811,-0.194946,-0.240797,0.981418,-0.264959,-0.084813,1.003789,-0.233893,-0.077890,0.906599,-0.187200,0.116799,0.422939,0.160113,-0.097287,-0.398964,-0.018216,-0.185830,0.225581,0.231027,-0.105528,-0.180796,-0.203292,-0.235103,0.310096,-0.028279,-0.126702,-0.149955,-0.020317,-0.281924,1.442570,0.027205,0.074369,0.892490,-0.197641,-0.025560,0.472889,0.218713,0.153309,-0.427208,0.198288,0.337637,0.786319,0.387677,0.319018,-0.284393,-0.343672,0.301551,0.407922,0.080970,-0.229952,0.658611,-0.249885,0.300282,0.521263,-0.354193,0.299751,0.327600,-0.143711,-0.099326,0.059132,-0.397864,0.171540,0.179756,0.153332,0.293687,-1.047465,0.137534,-0.064444,0.478394,-0.067069,0.046112,-0.002800,-0.227970,0.025777,-1.193479,-0.178272,0.331134,-1.563956,-0.371904,0.079118,-1.349798,-0.181575,0.077655,1.111440,-0.191383,0.103875,0.335709,-0.180549,0.009125,-1.228315,-0.410065,0.342444,-1.177061,-0.338956,-0.151222,-1.418159,-0.076666,0.382182,1.074390,-0.343298,0.485839,-1.246236,-0.384418,0.457755,-0.819082,-0.385520,0.453174,-0.818101,0.128989,-0.453751,1.421377,0.276000,-0.148683,1.029308
0.337906,-0.354285,0.635471,-0.642267,0.127200,1.065158,-0.378605,0.522873,1.708550,0.712255,0.723271,-0.149870,0.404748,-0.034178,1.089018,-0.324322,-0.247717,-0.991825,-0.582175,-1.008701,0.232839,0.732970,-0.601506,0.029815,-0.263943,-0.086666,-0.062850,-0.906684,0.529870,0.360841,-1.414717,-1.414742,-1.335527,-0.000001,-0.000001,-0.000001,-0.421259,0.273869,-0.167849,0.950826,0.938453,0.571275,-0.000001,-0.000001,-0.000001,-0.348957,-0.397267,0.481825,-0.779366,-0.185902,-0.300442,0.315029,-0.930404,0.446411,-0.762334,-0.254714,0.487785,-0.000001,-0.000001,-0.000001,-0.000001,-0.000001,-0.000001,-0.000001,-0.000001,-0.000001,-0.000001,-0.000001,-0.000001,-0.000001,-0.000001,-0.000001,-0.000001,-0.000001,-0.000001,0.193498,-0.619212,2.617131,0.721727,-0.671551,2.441226,0.558797,0.431256,0.410777,0.260507,0.197725,0.283345,-0.071325,0.088101,0.367873,0.967936,-0.209959,0.715699,0.634224,-1.195781,1.135590,0.595572,-0.708847,0.919371,0.606670,-0.655918,0.975930,0.784373,-0.781395,-0.080296,0.755730,-0.883006,0.635590,0.233178,-0.144381,-0.061885,0.153390,0.088145,-0.316279,0.446395,-0.923427,0.900601,0.182281,-1.296986,-0.371309,0.042422,-0.677480,-0.189702,0.072706,0.325531,0.129894,0.407365,-1.171971,-0.658132,0.047081,-1.374363,0.025608,-0.144256,-0.931669,-0.674021,-0.198677,-1.503917,-1.055123,0.672805,-0.598701,-0.461778,1.016772,-0.854612,-1.375398,0.855420,-0.846725,-0.989870,0.634627,-0.648320,-0.283182,0.444111,-0.427775,0.162007,-0.238143,-1.179310,-0.221078,-0.634786,-1.626301,0.462988,-0.712189,-1.955412,0.512338,-0.835820,-2.139819,0.314023,-0.727648,-1.250119,0.557667,-0.492637,-1.218549,0.012563,-0.263834,-1.130417,0.393540,0.089294,-0.918949,0.303068,-0.921704,-1.163205,0.395705,-0.470931,-1.092810,-0.463855,-0.148462,-1.048407,0.486772,0.077821,-0.951170,-0.365463,-0.921564,-1.066994,0.485925,-0.514339,-1.072516,0.323199,-0.284629,-1.109247,0.387447,-0.031458,-1.002048,0.519511,-0.126436,-0.232478,-1.795943,-0.153364,-0.494466,0.138341,0.001822,-0.513100,-0.151197,-0.388804,-0.299041,-0.861289,-0.299179,0.150400,-0.788905,-0.467953,-0.474695,0.564213,-0.349632,-0.162849,-0.338672,-0.302825,0.433947,0.131274,-0.375313,-0.821317,0.731272,-0.307692,0.550996,1.530717,-0.596495,0.065105,-0.666223,-0.503138,-0.230433,-0.064053,-0.064681,1.110066,-0.478347,-0.437375,0.675634,-0.382297,-0.394638,-0.103924,1.607846,-0.102059,0.265645,-0.753618,-0.348914,0.212725,1.424567,0.270741,-0.456065,1.830891,-0.061106,-0.107232,-1.416329,-0.061983,-0.292915,0.418704,-0.295198,-0.363235,0.326655,-0.473645,0.030785,-0.375779,0.273395,0.098884,-1.474620,0.324587,0.088999,-1.213954,0.104486,-0.113915,-1.048612,0.099490,0.496843,-0.943964,-0.038779,-0.118977,1.629100,-0.289630,0.245278,0.837452,-0.040865,0.058888,0.591361,-0.363373,-0.101264,0.039398,-0.397688,-0.083022,0.626035,-0.205332,0.413927,0.941440,-0.188166,-0.226946,1.089068,-0.257516,-0.068796,1.123014,-0.225922,-0.065244,0.950151,-0.178786,0.126181,0.451661,0.163088,-0.093134,-0.527389,-0.014212,-0.181049,0.201902,0.235321,-0.100956,-0.302226,-0.198378,-0.228951,0.356058,-0.024385,-0.119544,-0.103185,-0.305300,-0.275275,1.398470,0.035519,0.080357,0.926179,-0.187821,-0.020390,0.486151,0.227825,0.158188,-0.414297,0.207116,0.343125,0.878003,0.396288,0.327923,-0.186145,-0.333761,0.310091,0.556471,0.085024,-0.212820,0.441639,-0.244629,0.312248,0.462626,-0.347868,0.311566,0.376676,-0.417106,-0.080925,0.186763,-0.390122,0.184101,0.648095,-0.089529,0.307410,-0.995325,0.144663,-0.048511,0.288862,-0.060381,0.061234,0.030545,-0.220914,-0.468517,-0.796881,-0.442063,-0.055906,-1.444728,-0.365986,-0.331766,-1.300063,-0.176563,0.098556,1.083574,-0.186841,0.118447,0.396711,-0.174569,0.022413,-1.265795,-0.403213,-0.060975,-1.059104,-0.331315,-0.136088,-1.113651,-0.069599,0.396305,0.939000,-0.335645,0.072315,-1.173753,-0.377490,0.066042,-0.679184,-0.379472,0.465934,-0.996344,0.132807,-0.448843,1.316697,0.284399,-0.142013,1.043060
0.337013,-0.355043,0.630010,-0.641642,0.130738,0.995465,-0.378605,0.525437,1.679624,0.712178,0.723271,-0.144117,0.404718,-0.033931,1.112568,-0.324118,-0.244618,-0.991935,-0.582267,-1.008701,0.240316,0.732389,-0.599753,-0.005085,-0.260790,-0.089154,-0.028879,1.078915,0.527347,0.420397,-1.414717,-1.414742,-1.335527,-0.000001,-0.000001,-0.000001,-0.419331,-0.415873,-0.143541,0.950817,0.938453,0.585781,-0.000001,-0.000001,-0.000001,-0.350987,-0.396669,0.523222,-0.779776,-0.187426,-0.296749,0.315340,-0.930009,0.427996,-0.762758,-0.287807,0.470478,-0.000001,-0.000001,-0.000001,-0.000001,-0.000001,-0.000001,-0.000001,-0.000001,-0.000001,-0.000001,-0.000001,-0.000001,-0.000001,-0.000001,-0.000001,-0.000001,-0.000001,-0.000001,0.390735,-0.615581,2.424610,0.720143,-0.667558,2.352321,0.557257,0.439354,0.386031,0.259018,-0.417798,0.259317,-0.072295,0.092813,0.367658,0.754077,-0.202552,0.679215,0.632392,-1.189671,1.074440,0.593986,-0.697192,0.965167,0.426173,-0.652096,0.978845,0.783026,-1.174407,-0.148181,0.583755,-0.876658,0.563643,0.231994,-0.135579,-0.036284,0.152243,0.092751,-0.367401,0.445456,-1.267803,0.846096,0.181312,-1.294778,-0.365046,0.041554,-0.671709,-0.242229,0.071813,0.328426,0.095933,0.281357,-1.168246,-0.668759,0.046503,-1.372595,0.006106,-0.144949,-1.148669,-0.687705,-0.199319,-1.498987,-1.075992,0.672778,-0.598472,-0.544607,1.016747,-0.877526,-1.387408,0.855368,-0.846418,-1.004571,0.634602,-0.647988,-0.271522,0.419758,-0.427495,0.140207,-0.238175,-1.178949,-0.239407,-0.634815,-1.625900,0.461262,-0.712216,-1.955049,0.505721,-0.835844,-2.139491,0.313429,-0.727648,-1.249781,0.548880,-0.460558,-1.218191,-0.031244,-0.263866,-1.103655,0.319050,0.089265,-0.918704,0.258915,-0.921704,-1.162885,0.377869,-0.441946,-1.092380,-0.470450,-0.148492,-1.047967,0.430543,0.045605,-0.973802,-0.379268,-0.921539,-1.066798,0.481184,-0.514339,-1.072098,0.287271,-0.284655,-1.109029,0.332256,-0.031485,-1.001835,0.435189,-0.126835,-0.232478,-1.771689,-0.153854,-0.494078,0.204063,0.001612,-0.512612,-0.105093,-0.389177,-0.298508,-0.837286,-0.299580,0.151210,-0.808261,-0.468388,-0.473491,0.576703,-0.349832,-0.160863,-0.373055,-0.302825,0.435457,0.078887,-0.375313,-0.819735,0.793257,-0.307451,0.552382,1.510642,-0.596294,0.066697,-0.677931,-0.502927,-0.228881,-0.078004,-0.064462,0.665216,-0.477377,-0.437141,0.676129,-0.382866,-0.394379,-0.103258,1.628194,-0.101840,0.265645,-0.720471,-0.348649,0.212725,1.460194,0.270502,-0.456065,1.822285,-0.061414,-0.107618,-1.417133,-0.061983,-0.293326,0.401840,-0.295513,-0.363650,0.312697,-0.473645,0.030243,-0.382678,0.273395,0.098282,-1.447407,0.324936,0.088488,-1.215031,0.104820,-0.114513,-1.038988,0.099801,0.496136,-0.911897,-0.038227,-0.119639,1.646610,-0.289630,0.244806,0.820154,-0.040865,0.058888,0.575822,-0.363373,-0.100851,0.052654,-0.397688,-0.082543,0.680058,-0.205673,0.414332,0.935078,-0.188166,-0.226359,1.106583,-0.257516,-0.068090,1.149469,-0.225922,-0.064708,0.936378,-0.178469,0.126580,0.456179,0.162548,-0.093134,-0.518569,-0.014513,-0.181049,0.208388,0.235037,-0.100956,-0.273341,-0.198378,-0.228951,0.366319,-0.024638,-0.119544,-0.103009,-0.305627,-0.275275,1.396129,0.035819,0.080357,0.908387,-0.187490,-0.020390,0.495159,0.228115,0.158188,-0.377644,0.207390,0.342677,0.929147,0.396551,0.327923,-0.140883,-0.333427,0.310091,0.544086,0.084804,-0.211696,0.534981,-0.244629,0.313025,0.472218,-0.347868,0.312012,0.356035,-0.417106,-0.080307,0.171030,-0.390122,0.184575,0.618894,-0.089529,0.307856,-1.001339,0.144663,-0.047466,0.291901,-0.060381,0.062130,0.020964,-0.220914,-0.467402,-0.802999,-0.442063,-0.055068,-1.464518,-0.365986,-0.330838,-1.314215,-0.176563,0.099156,1.125062,-0.186841,0.119403,0.395824,-0.174569,0.023287,-1.266067,-0.403213,-0.060068,-1.091159,-0.331315,-0.135063,-1.131100,-0.069344,0.397232,0.937462,-0.335645,0.073245,-1.201340,-0.377490,0.066465,-0.719754,-0.379472,0.466738,-1.030289,0.132531,-0.448843,1.315464,0.284399,-0.142013,0.996963
0.348536,-0.344577,0.661439,-0.633908,0.130738,1.112488,-0.373869,0.537005,1.774863,0.706300,0.724645,0.086084,0.399155,0.093490,1.852732,-0.308852,-0.229139,-0.947858,-0.576441,-1.001782,-0.263030,0.250635,-0.584005,-0.136153,-0.243085,-0.101580,-0.193973,-0.911598,-0.127809,0.509784,0.752697,0.750669,0.665638,-0.000001,-0.000001,-0.000001,0.133858,-0.418602,0.012345,0.950475,0.938463,0.743877,-0.000001,-0.000001,-0.000001,-0.337444,-0.388714,0.606084,-0.776009,-0.174160,-0.214284,0.309462,-0.932033,0.357557,-0.765201,-0.485359,0.347033,-0.000001,-0.000001,-0.000001,-0.000001,-0.000001,-0.000001,-0.000001,-0.000001,-0.000001,-0.000001,-0.000001,-0.000001,-0.000001,-0.000001,-0.000001,-0.000001,-0.000001,-0.000001,0.437336,-0.133186,1.073584,0.773124,-0.144927,0.522196,0.218077,0.012071,0.041343,0.307231,0.240896,0.144684,0.071186,-0.429764,0.745193,0.382158,0.248795,0.785227,0.693451,-0.463156,0.931132,0.648412,-0.691364,-0.114397,0.654385,-0.209242,-0.822651,0.438149,0.042544,0.193449,0.282945,-0.499367,0.607813,0.422678,0.378822,0.206407,0.190724,0.097302,0.291372,0.479483,0.151998,0.497233,0.212921,-0.264617,-0.645525,0.197318,-0.329465,0.470208,0.362280,0.669777,0.319287,0.058031,-0.505840,-1.030722,0.067513,-0.135794,-0.879938,-0.124229,-0.478638,-0.282859,-0.084270,-0.065775,-0.296013,0.522853,-0.441511,-0.426081,0.766060,-0.450743,0.322752,0.683140,-0.395159,0.196720,0.372139,-0.506311,0.388424,-0.240371,-0.193502,0.159718,-0.278145,-0.999922,-0.603123,-0.860622,-1.413153,0.646995,-1.087866,-1.833030,0.624110,-1.233056,-2.134837,0.891229,-0.948079,-1.128651,0.238864,-0.850883,-1.016452,-0.517180,-0.652737,-0.780195,0.530973,-0.530251,-0.697881,-0.139399,-1.189953,-1.070148,-0.020209,-0.881396,-0.898235,-0.628106,-0.742372,-0.801835,-0.056383,-0.635485,-0.759971,0.136894,-1.259363,-0.976141,0.231949,-0.873806,-0.952399,-0.960884,-0.712074,-0.983357,-0.849219,-0.674414,-0.856561,-0.298328,-0.122829,-0.229436,-1.641653,-0.148795,-0.491298,0.267654,0.005726,-0.510321,0.148512,-0.206278,-0.296288,-1.008241,-0.111383,0.152458,-0.324889,-0.260043,-0.472335,0.231382,-0.346301,-0.160146,-0.402592,-0.299034,0.435457,0.802262,-0.371688,-0.819735,1.311093,-0.304245,0.552382,1.509878,-0.593827,0.067494,-0.753754,-0.500337,-0.227390,-0.219324,-0.062192,1.112471,-0.131933,-0.218983,0.678456,-0.585183,-0.391461,-0.099874,1.659315,-0.099376,0.270865,-0.603687,-0.345931,0.218132,1.797237,0.275153,-0.451521,1.889102,-0.055656,0.266629,-1.270474,-0.056629,-0.288698,0.141882,-0.290227,-0.358975,0.168043,-0.170714,0.035867,-0.159707,0.624548,0.104532,-1.583463,0.329584,0.094274,-1.402518,0.428924,-0.107786,-1.140096,0.103638,0.503478,-0.690412,-0.035510,-0.112913,1.557855,0.013188,0.249643,1.125085,-0.036159,0.424778,0.894247,-0.358462,-0.097888,-0.361819,-0.392710,-0.079116,0.315726,-0.200514,0.416392,1.382610,-0.183330,0.339560,1.058788,-0.252676,-0.064778,0.913108,-0.221476,-0.061982,0.859591,-0.173926,0.511247,0.842722,0.167683,-0.089718,0.057999,-0.008952,0.270287,0.665731,0.239593,0.330666,0.439579,-0.193768,0.253223,0.855001,0.222481,-0.114139,-0.287869,-0.011045,-0.270255,1.207195,0.039826,0.084323,1.182158,-0.183076,0.467754,0.648500,0.231524,0.162551,-0.383163,0.210498,0.776186,1.071807,0.399783,0.334648,-0.115881,-0.328973,0.316539,0.649326,-0.122325,-0.210032,0.322914,-0.240197,0.314221,0.627639,-0.343357,0.314107,0.540344,-0.412622,-0.077729,0.093341,-0.385804,0.186803,0.333999,0.164280,0.309716,-0.976828,0.148112,-0.045918,0.425061,-0.056791,0.063512,-0.016016,-0.216513,0.046650,-1.128648,-0.437737,0.347406,-1.504868,-0.361764,0.096893,-1.209692,-0.172337,0.100956,1.078045,-0.182802,0.120818,0.492038,-0.170303,0.426771,-1.250842,-0.398759,0.358477,-1.080809,-0.327054,0.338165,-1.409815,-0.065938,0.398603,1.227145,-0.331378,0.502273,-1.148990,-0.372986,0.473341,-0.657313,-0.375159,0.467977,-0.768089,0.137158,0.014523,1.173691,0.287926,-0.135994,0.726459
0.356516,-0.335650,0.596889,-0.628787,0.136490,1.081402,-0.378060,-1.561897,1.798476,0.577755,0.728418,0.726599,0.247349,0.102149,1.861105,0.205243,-0.222959,-0.636258,-0.573789,-1.010431,-0.390359,0.736910,-0.576997,-0.351418,-0.262004,-0.105312,-0.913980,-0.935769,-0.782965,-0.141778,0.752976,0.750681,0.747699,-0.000001,-0.000001,-0.000001,0.131178,-0.418602,-0.542697,0.950586,0.938442,0.787642,-0.000001,-0.000001,-0.000001,-0.324523,-0.379527,0.612721,-0.778520,-0.141892,0.134205,0.313793,-0.915844,0.157515,-0.759492,-0.221621,0.108785,-0.000001,-0.000001,-0.000001,-0.000001,-0.000001,-0.000001,-0.000001,-0.000001,-0.000001,-0.000001,-0.000001,-0.000001,-0.000001,-0.000001,-0.000001,-0.000001,-0.000001,-0.000001,0.394177,0.693816,0.145579,0.516863,0.317852,0.052298,0.556404,0.980648,0.147021,0.258128,-0.315178,0.303561,0.151355,0.191662,-0.850806,0.544253,0.296893,0.328304,0.633613,-0.353310,0.408366,0.594159,0.106247,-0.003504,0.604807,0.760396,-0.062303,0.591878,0.087363,-1.011803,0.586415,-0.442278,0.049156,0.385998,0.466791,0.466822,0.299550,0.727863,0.142811,0.449371,-0.165202,-0.125232,0.324468,-0.482998,-0.409665,0.043290,-0.277245,0.583837,0.201863,1.395842,1.529783,0.284820,-0.920777,-2.491346,0.144910,-0.929112,-0.525717,0.034156,-0.450081,-0.618854,0.173104,0.259304,-0.170875,0.289257,-0.217869,-1.409047,0.478324,-0.228679,-1.237779,0.431165,-0.217382,-0.782146,0.030350,-0.220364,-0.425345,-0.390477,-0.048010,-0.549412,-0.476319,-0.646845,-1.691633,-1.229603,-1.162695,-0.376468,-1.447946,-1.665091,0.152632,-1.642255,-1.980310,0.345104,-1.172114,-0.891084,-2.129916,-1.489269,-0.886394,-2.168169,-1.300260,-0.574467,-1.560160,-1.195626,-0.540220,-1.518334,-1.439391,-0.860801,-2.245223,-1.405065,-0.570279,-2.239169,-1.225667,-0.706459,-1.834452,-1.176176,-0.571942,-1.431123,-1.505336,-0.806328,-0.814361,-1.080452,-0.721971,-2.366604,-1.078640,-0.812445,-2.156094,-0.933128,-0.592992,-1.437409,0.069495,-0.219535,-1.371445,-0.143011,-0.482150,0.146675,0.010660,-0.500180,0.318483,-0.201880,-0.285410,-1.037725,-0.106861,0.159916,-0.174543,-0.255463,-0.462847,-0.007183,-0.342371,-0.149995,-0.304240,-0.294771,0.442475,1.103413,-0.367828,-0.808397,1.202566,-0.300547,0.559044,1.600951,-0.399013,0.079705,-0.834158,-0.497967,-0.215158,-0.091816,-0.060123,1.121047,0.111457,-0.216902,0.687841,-0.264188,-0.140449,0.553291,1.612419,-0.097349,0.288713,-0.667836,-0.343500,0.235791,0.979257,0.280553,-0.010317,1.095195,-0.049308,0.278111,-0.755199,-0.050368,-0.276082,-0.329632,-0.284348,0.051667,-0.359340,-0.164985,0.050739,-0.034977,0.284119,0.121059,-1.769305,0.334596,0.109930,-1.638222,0.113389,0.483110,-1.486882,0.106800,0.522895,-0.244761,-0.032528,0.540904,0.963083,0.018293,0.262658,1.197759,-0.031119,0.434871,1.313795,-0.353232,0.308990,-0.727980,-0.387408,0.390549,-0.227510,-0.194726,0.425951,1.688617,-0.177824,0.352774,1.126936,-0.247494,-0.050118,0.728746,-0.216369,0.464069,0.932418,-0.169410,0.520262,1.114498,0.173369,0.273981,0.371280,-0.002788,0.283153,0.889569,0.244682,0.342969,0.919252,-0.188584,0.267023,1.226124,0.227398,-0.098606,-0.558456,-0.004876,-0.255826,0.687697,0.044446,0.563156,1.477336,-0.178332,0.481668,1.060495,0.235234,0.631922,0.007664,0.213353,0.788580,1.458344,0.403026,0.353973,0.015691,-0.324185,0.335070,0.731708,-0.118042,0.317091,0.491068,-0.235471,0.693740,1.180200,-0.338221,0.322556,0.705631,-0.127834,-0.065101,-0.427172,-0.380844,0.195785,0.111486,0.168030,0.746138,-0.712197,0.381274,-0.036174,0.840391,0.187576,0.071764,0.076382,-0.212087,0.568907,-1.436844,-0.162953,0.756340,-1.121873,-0.356958,0.531490,-1.335202,-0.167831,0.112057,1.174833,-0.178250,0.129730,0.838818,-0.165458,0.836655,-0.832174,-0.393989,0.783659,-0.745653,-0.322159,0.819472,-1.351789,-0.062010,0.407241,1.699673,-0.326475,0.938105,-0.612144,-0.368163,0.886704,-0.381825,-0.370249,0.860599,-0.209782,0.142604,0.027730,0.900397,0.291454,-0.117342,0.196266
0.356516,-0.335650,0.583979,-0.628665,0.140028,1.069000,-0.379149,-1.561033,1.784585,0.577602,0.728418,0.729127,0.247439,0.102397,1.868307,0.205650,-0.222959,-0.625678,-0.573967,-1.010431,-0.381311,0.737874,-0.578749,-0.309175,-0.262004,-0.104068,-0.871554,-0.939045,-0.780443,-0.107279,0.753050,0.750681,0.632099,-0.000001,-0.000001,-0.000001,0.132786,-0.415873,-0.455232,0.950651,0.938442,0.785263,-0.000001,-0.000001,-0.000001,-0.325227,-0.378892,0.618575,-0.778956,-0.141892,0.113278,0.313793,-0.916263,0.137229,-0.759890,-0.221621,0.122533,-0.000001,-0.000001,-0.000001,-0.000001,-0.000001,-0.000001,-0.000001,-0.000001,-0.000001,-0.000001,-0.000001,-0.000001,-0.000001,-0.000001,-0.000001,-0.000001,-0.000001,-0.000001,0.396759,0.690185,0.101651,0.519688,0.313859,0.033865,0.559140,0.976575,0.127607,0.260507,-0.320582,0.274861,0.152905,0.186950,-0.831135,0.547188,0.293189,0.297268,0.636878,-0.359421,0.354932,0.596985,0.094592,-0.025104,0.607285,0.756621,-0.076031,0.594399,0.083912,-1.021353,0.588624,-0.448625,0.033021,0.387979,0.462390,0.504200,0.301580,0.723257,0.153487,0.295135,-0.168225,-0.107371,0.326286,-0.487414,-0.287799,0.044921,-0.280148,0.673837,0.203648,1.392946,1.624455,0.286339,-0.922640,-2.411438,0.146071,-0.930880,-0.540297,0.035304,-0.231175,-0.598431,0.081559,0.256839,-0.160812,0.289390,-0.217640,-1.537613,0.534375,-0.252448,-1.674524,0.431294,-0.217178,-1.009194,0.030482,-0.220157,-0.667298,-0.266262,-0.047835,-0.558835,-0.476161,-0.621556,-1.815196,-1.229459,-1.136237,-0.500400,-1.447788,-1.664984,0.102108,-1.642111,-1.980219,0.326715,-1.171917,-0.890999,-2.441388,-1.521907,-0.886304,-2.163804,-1.264501,-0.574467,-1.491310,-1.129432,-0.512801,-1.565312,-1.439211,-0.838445,-2.441947,-1.375336,-0.546361,-2.294940,-1.192123,-0.706239,-1.945911,-1.143162,-0.571942,-1.566067,-1.505209,-0.806133,-0.998635,-1.028511,-0.721762,-2.368888,-1.020913,-0.787966,-2.212472,-0.903348,-0.592779,-1.549892,0.069096,-0.219535,-1.375429,-0.143491,-0.481762,0.166611,0.010242,-0.499730,0.326945,-0.202067,-0.284833,-1.028178,-0.107053,0.160355,-0.184623,-0.255685,-0.461691,0.018689,-0.342578,-0.148616,-0.315520,-0.294771,0.443455,1.112987,-0.367828,-0.806749,1.144225,-0.300547,0.559968,1.644622,-0.398812,0.081365,-0.897393,-0.497757,-0.213668,-0.128935,-0.059921,1.122017,0.089370,-0.216677,0.688337,-0.314399,-0.140190,0.553957,1.578944,-0.097349,0.289441,-0.665319,-0.343212,0.235791,1.059821,0.280314,-0.010317,1.092399,-0.049616,0.278111,-0.788998,-0.050368,-0.276082,-0.350329,-0.284651,0.051667,-0.413047,-0.165309,0.050739,-0.094232,-0.061485,0.121059,-1.707933,0.000769,0.109930,-1.589466,0.113723,0.483110,-1.474405,0.107137,0.522895,-0.249110,-0.032528,0.540904,0.985119,-0.279757,0.262658,1.192344,-0.031119,0.435250,1.310825,-0.353232,0.309403,-0.732436,-0.387408,0.391067,-0.236734,-0.195040,0.426356,1.689802,-0.177824,0.353361,1.121890,-0.247494,-0.049466,0.711634,-0.216369,0.464606,0.923692,-0.169410,0.520662,1.107478,0.173105,0.274381,0.365424,-0.003089,0.283153,0.894294,0.244682,0.342969,0.923026,-0.188584,0.267023,1.226376,0.227145,-0.098022,-0.557751,-0.005178,-0.255283,0.689684,0.044446,0.563156,1.470316,-0.178332,0.481668,1.060409,0.235234,0.631922,0.002564,0.213628,0.788580,1.460552,0.403289,0.354700,0.027227,-0.324185,0.335767,0.721938,-0.118262,0.318170,0.501751,-0.235471,0.694516,1.176083,-0.338221,0.323002,0.715969,-0.127834,-0.064431,-0.419351,-0.380844,0.196260,0.113062,0.168030,0.746584,-0.715710,0.381274,-0.035631,0.837237,0.187576,0.072249,0.083225,-0.212087,0.570022,-1.432746,-0.162953,0.757213,-1.143876,-0.356958,0.532381,-1.331481,-0.167831,0.113257,1.186758,-0.178496,0.130227,0.844901,-0.165458,0.837529,-0.835404,-0.393989,0.784566,-0.751877,-0.322159,0.819964,-1.361724,-0.062010,0.407722,1.695369,-0.326475,0.939034,-0.619490,-0.368163,0.887550,-0.383959,-0.370249,0.861403,-0.213842,0.142316,0.027730,0.909750,0.291454,-0.117342,0.216131
0.354298,-0.332950,0.573875,-0.632155,0.174543,0.803151,-0.386619,0.542580,1.461794,0.576584,0.895146,0.942767,0.088506,0.231795,0.436399,0.204842,-0.201281,-0.671284,-0.566988,-1.005242,-0.615990,0.247171,-0.576997,-0.622324,-0.259339,0.554684,-0.165968,-0.915699,0.537437,0.263267,-1.414717,-1.414742,-1.335527,-0.000001,-0.000001,-0.000001,0.133753,0.291590,-0.072739,-1.131569,-1.131667,-1.102628,-0.000001,-0.000001,-0.000001,-0.310981,-0.379527,0.144159,-0.780211,-0.115450,0.101108,0.328012,-0.888353,0.592962,-0.760289,0.188526,0.183100,-0.000001,-0.000001,-0.000001,-0.000001,-0.000001,-0.000001,-0.000001,-0.000001,-0.000001,-0.000001,-0.000001,-0.000001,-0.000001,-0.000001,-0.000001,-0.000001,-0.000001,-0.000001,0.621169,-0.115032,0.483949,0.348908,-0.124961,-0.461950,0.201713,0.504482,-0.108609,0.292946,0.278727,-0.107683,0.173846,-0.396834,0.108142,0.365822,0.274718,0.928641,0.674656,-0.420454,0.424631,0.427870,0.700103,-0.443672,0.639662,1.145976,-0.372190,0.228956,0.466571,0.977027,0.270086,-0.109380,1.476799,0.563359,0.409630,0.990556,0.472371,0.134156,0.594648,0.468273,0.520527,0.604780,0.342630,0.262595,0.488013,0.313211,0.027259,0.427063,0.481278,0.690011,0.131555,0.174187,-0.064849,-2.984305,0.252532,-0.123436,-0.949869,0.046432,-0.244513,-0.236631,0.279403,0.237149,-0.268896,0.072970,0.083678,-0.124448,0.246362,0.124654,0.846984,0.222365,0.074079,0.741783,-0.359307,0.076145,0.796089,-0.844600,0.221290,0.533306,-0.663241,-0.550534,-0.987693,-1.400167,-0.982884,-0.024841,-1.777196,-1.431405,0.480990,-1.998004,-1.780398,0.592549,-1.401720,-0.754044,-0.219846,-1.400539,-0.491695,-1.098936,-1.488767,-0.256328,-0.747681,-1.337470,-0.190624,-0.805216,-1.784306,-0.731457,-0.417444,-1.354507,-0.526752,-1.559751,-1.402444,-0.392643,-0.725269,-1.284419,-0.246436,-0.736645,-1.740116,-0.593041,0.298573,-1.528447,-0.447331,-1.217347,-1.346085,-0.476082,-1.066311,-1.267569,-0.337066,-0.073916,0.257820,0.150038,-1.199232,-0.141560,0.274496,-0.429533,0.204020,-0.052994,-0.038983,-0.021846,-0.267383,-1.406800,0.078578,0.173616,0.133201,-0.254380,0.110629,-0.979546,-0.157630,-0.127598,-0.230776,-0.071707,0.927796,1.286170,-0.140661,-0.024390,0.773476,-0.299575,0.574641,1.669167,-0.205837,0.106650,-1.335256,-0.295171,-0.189265,-0.498095,-0.059307,1.136801,0.441714,-0.215759,0.703291,-0.350626,-0.139390,0.576484,1.482473,0.113293,0.314087,-0.612249,-0.088216,0.258801,0.693390,0.282021,0.005659,1.030823,0.517869,0.291909,-1.180485,0.539037,0.132571,-1.790968,0.587213,0.066557,-1.063199,0.432581,0.068611,-0.564255,-0.059620,0.140919,-1.898674,0.002192,0.617042,-1.738574,0.115086,0.504537,-1.644573,0.108394,0.546228,0.062124,-0.031435,0.563895,0.773599,0.019887,0.279094,1.278482,-0.029546,0.810823,1.734454,-0.045426,1.115543,-0.657759,-0.385749,0.865115,-0.363853,-0.193115,0.439664,2.046029,-0.176207,0.373232,1.001172,-0.245877,0.596399,0.058652,-0.215099,0.482748,0.888784,-0.167777,0.916373,1.783347,0.174725,0.286841,0.808416,-0.001257,0.299400,1.052891,0.246284,0.358506,1.276824,-0.186848,0.284398,1.357317,0.228706,0.481773,-1.027487,-0.003343,0.283279,-0.151205,0.045660,0.580069,1.995115,-0.176980,0.499240,1.317591,0.503070,0.648502,0.642193,0.214653,1.233102,2.290031,0.404362,0.379296,0.133596,-0.322821,0.359352,0.282867,0.093819,0.335886,0.536551,-0.234095,0.707258,1.737069,-0.336713,0.336465,0.681646,-0.126323,0.548631,-0.865493,-0.090045,0.210573,-0.066578,0.169367,0.761200,-0.472892,0.152531,0.461803,0.760642,0.188863,0.515946,0.100547,-0.210640,0.587550,-1.461280,-0.161495,1.172118,-0.716267,-0.091698,0.973324,-0.972708,-0.166519,0.132359,0.685083,-0.176996,0.585165,0.696671,-0.164044,1.253042,-0.484243,-0.114335,1.215588,-0.604803,-0.320942,1.307341,-1.146132,-0.060978,0.422291,1.884670,-0.325256,1.380853,-0.228532,-0.085389,0.901443,-0.248115,-0.099223,0.874599,0.026877,0.143965,0.503345,0.304277,0.292798,0.528301,-0.299389
0.359627,-0.330606,0.941310,-0.620923,2.403320,-0.008715,-0.376237,0.606045,0.913137,0.574726,0.893429,0.951504,-0.070517,0.354761,-0.634134,0.216165,1.371745,-0.338953,-0.126121,-1.001782,-0.789752,0.734796,-0.575244,-0.462841,0.979291,-0.097848,0.444432,1.122754,-0.117735,-0.661769,0.753524,0.750681,0.919884,-0.000001,-0.000001,-0.000001,0.696792,-0.418602,1.031824,0.966859,0.938453,0.569418,-0.000001,-0.000001,-0.000001,-0.302822,-0.369107,0.073140,-0.773062,-0.078700,0.418130,0.327399,-0.900889,0.543042,-0.757023,0.155434,0.412506,-0.000001,-0.000001,-0.000001,-0.000001,-0.000001,-0.000001,-0.000001,-0.000001,-0.000001,-0.000001,-0.000001,-0.000001,-0.000001,-0.000001,-0.000001,-0.000001,-0.000001,-0.000001,0.305100,-0.528533,0.325791,0.432439,-0.121017,1.439677,0.676226,0.508555,0.448505,0.363472,-0.342200,0.004566,0.219797,0.149307,-0.563984,0.452657,-0.147048,-0.077095,0.299537,0.293839,0.909307,0.307347,1.375475,1.387526,0.355064,1.588830,1.890052,0.503377,0.866484,0.160238,0.169332,0.258429,-0.775288,0.168387,0.924030,1.549581,0.239103,0.134156,-1.047507,0.220048,1.571762,0.628395,-0.019975,1.028033,0.433121,0.113678,1.370072,0.698022,0.147164,1.361131,0.137591,0.350318,2.301985,0.972498,0.003902,1.714101,0.331661,-0.094530,1.295424,0.635644,0.131947,1.377328,0.995162,-0.054107,0.132943,0.161167,0.098289,0.313739,1.257870,0.013281,0.277575,1.147094,-0.602675,0.283015,0.914326,-1.124958,0.317818,1.397787,-0.779508,-0.400074,-0.484775,-1.635114,-0.877952,0.495610,-1.960598,-1.312675,0.885585,-2.139569,-1.658334,0.814784,-1.521406,-0.613667,0.999673,-1.672321,-0.268214,-0.673516,-1.748441,0.011773,-0.229651,-1.512365,0.134982,0.046967,-1.759864,-0.576562,0.996662,-1.599697,-0.335840,0.250352,-1.712590,-0.124754,0.396622,-1.425470,0.034867,-0.186194,-1.832553,-0.485617,0.895626,-1.691038,-0.402287,0.302318,-1.555699,-0.331396,0.482936,-1.364885,-0.149317,1.111251,0.090114,-0.059719,-0.440741,-0.111442,-0.232348,0.127507,0.048872,-0.112972,1.672104,0.203917,0.292378,-0.085049,0.141241,0.685730,-0.086724,-0.161015,0.380486,-0.094125,-0.041413,0.274390,-0.640217,-0.109633,0.342180,0.218588,-0.126428,0.582302,1.416662,-0.233081,0.920073,1.119290,-0.306949,0.597567,-0.755039,-0.371753,0.872112,-0.121222,0.085366,1.271257,-0.684911,-0.261606,1.179565,-0.009192,-0.180027,1.125337,1.353118,-0.122697,0.751225,-0.925583,-0.110206,0.507009,0.686650,0.364452,0.039065,0.591114,0.938405,0.288371,-0.962462,1.021345,0.105624,-1.807761,1.112165,0.441461,-0.849103,0.717354,0.547274,-0.571702,-0.349801,0.672842,-1.301222,-0.225599,1.082292,-1.879519,-0.050026,1.044007,-2.662728,0.302076,0.540245,0.035016,0.161009,1.259667,-0.160351,0.038661,0.837637,1.470482,-0.011013,0.949198,1.894204,-0.026141,1.320860,-0.517704,-0.055865,1.165829,-0.526154,-0.221098,0.770435,1.536722,-0.180741,0.857368,0.864945,-0.226821,0.509686,0.298243,-0.172730,0.924789,0.733123,-0.101120,0.855861,1.030691,0.049620,0.748103,1.043377,-0.118479,0.400185,1.015106,0.178806,0.454889,1.708134,-0.235853,0.429466,1.255808,0.161031,0.662476,-1.165367,-0.120663,0.451130,-0.441474,0.128745,0.721284,1.927428,-0.057679,0.608244,1.584695,0.370578,0.751357,0.556951,0.360667,1.359250,1.993100,0.279157,0.598174,-0.639353,-0.202418,0.569236,-0.510144,0.053705,0.982885,1.110737,-0.260701,1.140042,0.897553,-0.340942,0.765247,0.471513,-0.105682,0.605638,-0.104486,-0.338460,0.666446,-0.144207,0.234021,0.823344,-1.104024,0.232371,0.578435,0.186302,0.008288,0.653577,-0.033770,-0.168888,0.766750,-1.485660,-0.141579,0.918957,-1.758007,-0.093098,1.130671,-1.831896,-0.191888,0.897317,1.214531,0.025803,0.691834,0.074509,-0.165458,0.936765,-1.441530,-0.093829,0.887506,-1.378913,-0.280329,0.931893,-1.624721,0.009652,0.952046,1.103472,-0.284580,1.044553,-1.357081,-0.348922,0.991570,-0.980645,-0.372851,1.349108,-0.977536,0.058278,0.620014,0.481140,0.405496,0.680886,-0.983427
0.355191,1.552126,1.354849,-0.622417,0.164388,0.270016,-0.367678,0.564459,0.762036,0.570171,0.728074,1.219953,-0.223556,0.357977,-0.967189,0.207569,-0.213660,-0.633312,-0.117029,-0.106618,-1.235111,0.250923,0.319234,-0.855944,-0.266859,0.541013,-0.577151,-0.940695,-0.126548,0.205474,0.753449,0.750681,0.193595,-0.000001,-0.000001,-0.000001,-0.417939,0.290225,-0.375589,0.950490,0.938442,0.615965,-0.000001,-0.000001,-0.000001,-0.320464,-0.345242,0.585388,-0.770115,-0.033166,0.769895,0.337911,-0.878654,0.417533,-0.744383,0.369031,0.134452,-0.000001,-0.000001,-0.000001,-0.000001,-0.000001,-0.000001,-0.000001,-0.000001,-0.000001,-0.000001,-0.000001,-0.000001,-0.000001,-0.000001,-0.000001,-0.000001,-0.000001,-0.000001,0.541895,-0.746154,1.051184,0.681293,-0.831086,-0.169942,0.133199,-0.704191,-0.703228,0.233281,-0.110003,-0.369692,0.246749,0.883720,0.158923,0.072659,-0.838882,-0.122166,0.587061,0.531937,-0.301611,0.762043,1.590886,1.373460,0.576297,0.844418,1.044257,0.345430,-0.574516,-0.078404,0.373662,0.382089,0.038935,0.352869,0.581114,-0.233340,0.418280,1.367526,-0.062357,0.403449,-0.038315,-0.785327,0.285349,0.099361,-0.002894,0.264006,0.813249,-0.152959,0.174622,1.135494,-0.210253,0.496352,0.022599,-0.607155,0.212505,0.360703,-0.371239,0.188007,0.494041,-0.741084,0.427828,0.338093,-0.072526,0.009192,0.086656,0.375209,0.148015,0.275193,1.223196,0.025788,0.227159,1.495123,-0.559698,0.214957,0.571964,-1.129703,0.203803,0.669392,-0.748349,-0.364789,-0.199639,-1.478810,-0.855940,0.685102,-1.675236,-1.238947,0.878769,-1.824538,-1.588954,0.780246,-1.438655,-0.581128,0.950479,-1.802841,-0.435490,-1.174384,-1.824272,-0.150442,-0.300568,-1.519153,0.101929,0.006534,-1.708875,-0.573169,1.001459,-1.742284,-0.478486,0.575440,-1.777820,-0.203647,0.540741,-1.557257,0.047980,-0.029444,-1.783180,-0.552878,1.380559,-1.807805,-0.521987,0.356114,-1.691384,-0.387784,0.735287,-1.448801,-0.207298,1.307916,0.056490,-0.430068,-0.736841,0.058175,-0.413041,1.605117,0.171552,-0.085292,0.997116,-0.060490,0.091065,-0.712120,-0.159268,0.362318,-0.424567,-0.338149,-0.261045,0.533993,-0.264036,-0.014399,0.108730,-0.243562,0.950360,1.324622,-0.142606,-0.008966,0.402041,-0.351039,0.591662,1.645111,-0.094256,0.992318,-1.750264,-0.206291,0.751525,-1.150842,0.004363,1.358489,1.005999,0.058388,1.015034,0.137699,-0.327187,1.166229,0.988362,0.152990,1.116003,0.472085,-0.299221,1.130122,0.944060,0.436333,0.721410,0.863056,0.116057,0.940893,-1.044491,0.077760,0.456133,-0.548959,0.373278,0.393395,-0.767890,0.463170,0.909208,-0.929820,-0.440702,1.075048,-1.025937,-0.084915,1.014309,-1.450316,-0.019268,0.974842,-1.310873,0.234223,1.024797,-0.890497,0.049711,0.990069,1.601322,0.017321,0.971994,1.044220,-0.032079,0.952668,0.988584,-0.048061,0.826777,-0.759757,-0.385425,0.925378,-0.493799,-0.150939,0.802827,1.307626,-0.156207,0.893439,1.287528,-0.248481,0.549703,0.772667,-0.239932,0.957723,0.919843,-0.215683,0.895116,1.062770,0.307422,0.455476,-0.073316,0.125556,0.984333,0.666519,0.323417,1.013521,0.228396,-0.126313,0.980558,0.820679,0.305709,0.732497,-0.498667,0.123576,0.516172,0.861193,-0.018644,0.797353,1.675713,-0.274255,1.240031,0.381487,0.386252,0.895623,0.296724,0.087615,1.437723,1.830662,0.293970,1.387967,0.867509,-0.420994,1.326574,0.004161,-0.065758,0.620963,0.140440,-0.195275,0.943701,1.115724,-0.318057,0.617122,1.103525,-0.408735,0.371939,-0.246566,-0.403730,0.508963,0.059949,0.120478,1.037223,-0.591017,0.315920,0.726933,0.889582,-0.096647,0.721010,-0.007482,-0.236199,0.817726,-1.178996,-0.166421,1.341195,-0.353303,-0.338089,1.157130,-0.384187,-0.129503,0.406980,0.307504,-0.130525,0.827646,0.376404,-0.148953,1.482460,-0.623032,-0.394897,1.453570,-0.336210,-0.344745,1.580991,-1.168713,-0.115643,0.661869,1.703282,-0.349096,1.201270,-0.230051,-0.369081,1.132790,0.262206,-0.350969,1.094337,0.114789,0.239172,0.738679,0.734123,0.198266,0.854131,1.507569
0.355191,1.550587,1.313761,-0.623544,0.167467,0.270216,-0.367311,0.568332,0.740234,0.570069,0.727731,1.211625,-0.224098,0.357730,-0.930918,0.206255,-0.210561,-0.669534,-0.119325,-0.106618,-1.220153,0.248709,0.317482,-0.873919,-0.262004,-0.086666,-0.523175,-0.935769,-0.125287,0.179163,0.753429,0.750681,0.303049,-0.000001,-0.000001,-0.000001,-0.416756,0.288861,-0.350257,0.950768,0.938442,0.570084,-0.000001,-0.000001,-0.000001,-0.320464,-0.345876,0.606442,-0.772216,-0.033166,0.793830,0.336986,-0.878260,0.417707,-0.748048,0.369031,0.259439,-0.000001,-0.000001,-0.000001,-0.000001,-0.000001,-0.000001,-0.000001,-0.000001,-0.000001,-0.000001,-0.000001,-0.000001,-0.000001,-0.000001,-0.000001,-0.000001,-0.000001,-0.000001,0.538106,-0.749784,1.080880,0.677574,-0.839073,-0.160724,0.129620,-0.712338,-0.631967,0.230157,-0.115408,-0.325251,0.244713,0.874352,0.161432,0.280456,-0.846289,-0.114583,0.582774,0.519715,-0.314990,0.758333,1.585059,1.445086,0.573045,0.836775,1.150140,0.341727,-0.581418,-0.055288,0.370407,0.378916,0.122758,0.350098,0.572312,-0.174219,0.415482,1.887582,-0.023746,0.400481,-0.044362,-0.658901,0.282680,0.094945,0.051799,0.261619,0.807443,-0.259804,0.300992,1.132598,-0.347631,0.493967,0.020759,-0.814979,0.210680,0.357166,-0.412087,0.186246,0.490230,-0.763891,0.426061,0.049990,-0.091759,0.008607,0.086201,0.388411,0.147412,0.298321,1.189378,0.025172,0.226753,1.463726,-0.560356,0.191925,0.605979,-1.105796,0.184392,0.597373,-0.749078,-0.340135,-0.274047,-1.479504,-0.856200,0.679320,-1.675864,-1.239182,0.883820,-1.825115,-1.589136,0.783916,-1.439376,-0.581551,0.925254,-1.738950,-0.435937,-0.995323,-1.789984,-0.124331,-0.185895,-1.519865,0.101442,0.103310,-1.709507,-0.573368,1.007631,-1.713724,-0.478917,0.691050,-1.778480,-0.204087,0.570104,-1.557936,0.047768,-0.005859,-1.783715,-0.553073,1.389701,-1.782777,-0.522194,0.371070,-1.691927,-0.388221,0.757793,-1.449386,-0.207723,1.342834,0.055488,-0.430068,-0.747967,0.057214,-0.412653,1.643863,0.170733,-0.084804,1.020664,-0.061253,0.091065,-0.714001,-0.160062,0.362723,-0.444104,-0.339241,-0.261045,0.477717,-0.265026,-0.014399,0.081079,-0.244749,0.950360,1.342364,-0.143794,-0.008175,0.393648,-0.352011,0.591662,1.636910,-0.285576,0.992318,-1.722764,-0.207143,0.752333,-1.142096,0.003522,1.358489,0.991851,0.057460,1.015034,0.127265,-0.328235,1.166951,0.987643,0.151886,1.116731,0.479081,-0.300293,1.130122,0.964091,0.435345,0.721410,0.836141,0.114851,0.941279,-1.048552,0.076482,0.456545,-0.523035,0.372054,0.393810,-0.772117,0.461887,0.909708,-0.982005,-0.442206,1.075603,-1.220913,-0.086338,1.014819,-1.515165,0.296280,0.975439,-1.301248,0.232629,1.024797,-0.909622,0.048364,0.990069,1.591090,0.015754,0.971994,1.060462,-0.033626,0.953078,1.007121,-0.049672,0.826777,-0.759309,-0.386733,0.925378,-0.508123,-0.152248,0.802827,1.297338,-0.157482,0.894075,1.248658,-0.250072,0.550409,0.722331,-0.241202,0.958304,0.916442,-0.216986,0.895116,1.031922,0.306089,0.455476,-0.067659,0.124301,0.984333,0.659435,0.322349,1.013521,0.221937,-0.127756,0.981098,0.812469,0.304686,0.733130,-0.493213,0.122319,0.516760,0.848730,-0.019859,0.797353,1.654103,-0.275952,1.240031,0.330549,0.385105,0.895623,0.287850,0.086579,1.437723,1.794976,0.292885,1.388755,0.861963,-0.422706,1.327329,-0.052455,-0.066666,0.621503,0.090171,-0.196403,0.943701,1.110719,-0.319246,0.617122,1.139725,-0.410209,0.371939,-0.294114,-0.404963,0.508963,0.091283,0.119402,1.037223,-0.573593,0.314950,0.727435,0.911248,-0.097683,0.721010,-0.039640,-0.237395,0.818306,-1.197459,-0.167562,1.341614,-0.360416,-0.339201,1.157130,-0.396880,-0.130578,0.406980,0.284708,-0.131532,0.828105,0.387646,-0.150356,1.482460,-0.622073,-0.396362,1.453570,-0.337879,-0.345963,1.114326,-1.180383,-0.116675,0.661869,1.684016,-0.350316,1.201270,-0.257214,-0.370562,1.132790,0.254302,-0.352106,1.094337,0.118135,0.238076,0.738679,0.748687,0.196900,0.854782,1.498379
0.355191,1.550966,1.316491,-0.623293,0.167926,0.262974,-0.367861,0.567887,0.758898,0.570146,0.728074,1.214584,-0.224308,0.357482,-0.929576,0.206255,-0.210561,-0.673898,-0.118969,-0.106618,-1.222666,0.248515,0.317482,-0.881501,-0.262240,-0.090398,-0.537974,-0.934131,-0.130331,0.106384,0.753414,0.750681,0.339748,-0.000001,-0.000001,-0.000001,-0.418043,0.284767,-0.377033,0.950746,0.938442,0.619620,-0.000001,-0.000001,-0.000001,-0.320464,-0.346474,0.579177,-0.772216,-0.034690,0.789998,0.336986,-0.878260,0.437933,-0.748048,0.419172,0.305497,-0.000001,-0.000001,-0.000001,-0.000001,-0.000001,-0.000001,-0.000001,-0.000001,-0.000001,-0.000001,-0.000001,-0.000001,-0.000001,-0.000001,-0.000001,-0.000001,-0.000001,-0.000001,0.537423,-0.749784,1.095464,0.676874,-0.835080,-0.126668,0.128934,-0.712338,-0.602697,0.229558,-0.115408,-0.329857,0.244323,0.879007,0.156251,0.279728,-0.846289,-0.102579,0.581951,0.519715,-0.304663,0.757621,1.585059,1.436110,0.572430,0.836775,1.108916,0.340883,-0.577967,-0.048691,0.369821,0.378916,0.080684,0.349575,0.572312,-0.180306,0.414979,1.887582,-0.023246,0.399937,-0.044362,-0.642313,0.282200,0.094945,0.039106,0.261181,0.810346,-0.314375,0.300549,1.132598,-0.360289,0.493538,0.020759,-0.823576,0.210265,0.358935,-0.423397,0.274490,0.490230,-0.790395,0.425742,0.052455,-0.106380,0.008367,0.086201,0.392044,0.147186,0.274767,1.188817,0.024915,0.226753,1.464452,-0.560593,0.191717,0.612548,-1.105996,0.184217,0.611917,-0.749363,-0.340360,-0.269993,-1.479765,-0.856295,0.679277,-1.676099,-1.239246,0.887426,-1.825331,-1.589191,0.774969,-1.439671,-0.581551,0.934675,-1.739243,-0.435937,-1.004564,-1.790271,-0.124331,-0.189549,-1.520131,0.101442,0.087353,-1.709808,-0.573567,1.008942,-1.713989,-0.478917,0.692919,-1.778779,-0.204087,0.565540,-1.558230,0.047556,-0.004771,-1.783944,-0.553073,1.390794,-1.783009,-0.522402,0.360466,-1.692185,-0.388221,0.758292,-1.449652,-0.207723,1.334943,0.055684,-0.429664,-0.743693,0.057459,-0.412653,1.648289,0.170733,-0.084804,1.020344,-0.061058,0.091642,-0.710571,-0.159862,0.362723,-0.457396,-0.339019,-0.261045,0.497938,-0.264835,-0.013682,0.093236,-0.244517,0.950891,1.332554,-0.367337,-0.008175,0.401800,-0.352011,0.591662,1.634247,-0.285375,0.992318,-1.730684,-0.207143,0.752333,-1.142683,0.003522,1.358489,0.982800,0.057460,1.015492,0.122148,-0.328235,1.166951,0.962956,0.151886,1.116731,0.454584,-0.300293,1.130839,0.941630,0.435345,0.721857,0.836356,0.115159,0.941279,-1.051645,0.076482,0.456545,-0.518705,0.372054,0.393810,-0.770542,0.461887,0.909708,-0.987127,-0.442206,1.075603,-1.247127,-0.086338,1.014819,-1.521236,0.296280,0.975439,-1.299473,0.232629,1.025450,-0.912645,0.048364,0.990731,1.587330,0.016065,0.972466,1.065631,-0.033319,0.953078,1.003238,-0.049352,0.827191,-0.755835,-0.386733,0.925856,-0.501725,-0.152248,0.803232,1.285569,-0.157482,0.894075,1.246454,-0.249756,0.550409,0.723334,-0.241202,0.958304,0.917807,-0.216986,0.895515,1.027067,0.306354,0.455845,-0.067228,0.124301,0.984800,0.657513,0.322349,1.013967,0.219818,-0.127475,0.981098,0.814774,0.304939,0.733130,-0.493493,0.122319,0.516760,0.849686,-0.019859,0.797839,1.668660,-0.275621,1.240535,0.303114,0.385105,0.896099,0.288785,0.086579,1.438171,1.785702,0.292885,1.388755,0.874304,-0.422372,1.327329,-0.101434,-0.066666,0.621503,0.085421,-0.196132,0.944122,1.111137,-0.319246,0.617534,1.139503,-0.409917,0.372609,-0.298675,-0.404963,0.509401,0.098929,0.119402,1.037706,-0.575187,0.314950,0.727435,0.905092,-0.097683,0.721459,-0.039422,-0.237395,0.818306,-1.194547,-0.167562,1.341614,-0.372388,-0.339201,1.157130,-0.406790,-0.130320,0.407580,0.286066,-0.365655,0.828105,0.395984,-0.150077,1.482915,-0.624340,-0.396071,1.454042,-0.339413,-0.345963,1.114326,-1.180239,-0.116675,0.661869,1.688235,-0.350316,1.201753,-0.257674,-0.370269,1.133248,0.254807,-0.352106,1.094773,0.115358,0.238076,0.739197,0.749962,0.197164,0.854782,1.524080
0.346318,-0.324805,1.039791,-0.623544,0.162174,0.400359,-0.380789,0.579036,1.172457,0.444274,0.720528,1.128608,-0.067300,0.357234,-0.567081,0.208075,-0.241537,-0.888069,-0.117293,-0.101428,-1.339428,0.735084,0.310473,-0.657795,0.953104,-0.747891,0.099905,-0.909135,-0.780443,-0.641747,0.753812,0.750681,0.354853,-0.000001,-0.000001,-0.000001,0.142962,-0.436323,0.012264,0.950450,0.938442,0.999088,-0.000001,-0.000001,-0.000001,-0.321831,-0.355661,0.601090,-0.779776,-0.068392,0.633407,0.333268,-0.887958,0.447289,-0.750915,0.024066,0.069363,-0.000001,-0.000001,-0.000001,-0.000001,-0.000001,-0.000001,-0.000001,-0.000001,-0.000001,-0.000001,-0.000001,-0.000001,-0.000001,-0.000001,-0.000001,-0.000001,-0.000001,-0.000001,0.302182,-0.789678,0.191786,0.432094,-0.416226,-0.177340,0.480733,-0.740804,0.057485,0.364807,-0.142430,-0.992703,0.220673,0.864927,1.048283,0.450629,-0.864805,-0.010450,0.299126,-0.200689,0.374666,0.307876,1.573403,2.142137,0.356151,0.836775,2.588653,0.499838,0.201155,-0.083365,0.167113,0.737203,-0.698451,0.167461,0.567911,0.344283,0.385519,0.824493,-1.026474,0.216396,1.336130,1.276795,-0.022643,1.107441,-0.460346,-0.013300,0.801636,1.010211,0.146380,0.794143,-1.030864,0.346961,1.942878,1.730145,0.001656,1.574534,0.657051,0.169746,1.143136,-0.008689,0.223325,0.897105,0.622545,0.176959,0.089865,0.293117,0.308538,0.394899,0.514844,0.192392,0.249204,0.715681,-0.331401,0.235706,0.722308,-0.668561,0.124761,0.366710,-0.546530,-0.343980,-0.435663,-1.262576,-0.863128,0.095233,-1.450353,-1.246970,1.016903,-1.485820,-1.597330,0.734157,-1.161200,-0.584931,-0.000960,-1.875679,-0.784148,-0.340537,-1.620681,-0.311928,1.487174,-1.133909,0.128371,1.801715,-1.489236,-0.619477,-0.060313,-1.984657,-0.788988,-0.366152,-1.687228,-0.397697,1.838127,-1.240343,0.002294,2.200626,-1.655082,-0.575299,0.693603,-1.893915,-0.729269,-0.359898,-1.728723,-0.556073,0.322485,-1.369326,-0.299898,0.218829,0.260825,0.154228,-1.295473,-0.137952,-0.092901,-0.350157,0.207106,-0.048825,0.648292,0.160111,-0.262499,-1.056855,0.081528,0.176923,0.041859,-0.251105,-0.438621,-0.328085,-0.154890,-0.123571,-0.012236,-0.068620,0.930815,1.198137,-0.137773,-0.018722,0.637398,-0.296609,0.577490,1.769176,-0.203579,0.874914,-1.669186,-0.292801,0.529476,-1.071536,-0.057036,1.586889,1.267076,0.001939,0.707525,0.237314,-0.136742,0.582642,1.278528,0.115529,1.018996,-1.110336,-0.339676,0.900290,-0.178632,0.285704,0.439043,-0.675371,-0.043268,0.666221,-0.292991,-0.044082,0.531933,-1.658144,0.301352,0.469961,-1.802667,0.138594,0.553440,-1.004821,-0.746765,0.679694,0.003056,-0.327698,1.112583,-1.705403,0.118842,0.511862,-2.455743,0.409746,0.554278,0.307151,-0.028718,1.205527,-0.064035,-0.274030,0.736663,1.181583,-0.025786,0.815081,1.668616,-0.347349,1.119747,-0.796046,-0.381445,0.870017,-0.820739,-0.188938,0.443785,1.424469,-0.172002,0.378665,1.094718,-0.242010,-0.021394,0.293135,-0.509077,0.487709,0.903282,-0.466497,0.920432,1.301906,0.178791,0.644879,1.187491,0.003087,0.305152,1.060196,0.249771,0.364007,1.080212,-0.183106,0.290010,1.340986,0.232325,0.488347,-1.475016,0.001004,0.289385,-0.727616,0.049366,0.585532,1.753997,-0.172898,0.505462,1.422785,0.239512,0.654373,0.431023,0.217254,1.238627,2.435822,0.407332,0.388201,-0.809875,-0.318700,0.367892,-0.402711,-0.113989,0.340293,0.281946,-0.230486,0.710427,1.343321,-0.332791,0.340277,1.339298,-0.402740,0.553682,-0.582492,-0.375582,0.214626,-0.062036,0.172564,0.765328,-0.498896,0.155230,0.465901,0.808652,-0.048816,0.519605,-0.021273,-0.207112,1.104366,-1.055219,-0.157745,1.175575,0.175295,-0.351877,1.403394,0.311284,-0.163078,0.137259,0.120260,-0.173707,0.588913,0.206701,-0.160335,1.256468,-0.329927,-0.388941,1.219143,-0.035040,-0.316966,1.311360,-0.841405,-0.057827,0.425923,1.642351,-0.321274,1.384496,0.126682,-0.363059,0.904899,0.459153,-0.365057,0.877881,0.429027,0.147762,0.508731,0.098610,0.295774,0.536272,-0.783977
0.343667,-0.329067,0.734617,-0.621548,0.152424,0.254413,0.515806,0.558465,1.718395,0.437250,0.714008,0.634774,-0.065857,0.358720,-0.658627,0.211309,-0.235338,-0.837774,-0.110847,0.778189,-1.414205,0.733258,-0.571740,-0.629951,0.968618,0.550951,0.359581,1.090794,0.536175,-0.457923,0.753359,0.750681,0.334978,-0.000001,-0.000001,-0.000001,0.699792,0.286132,0.654853,-1.131569,-1.131667,-1.102628,-0.000001,-0.000001,-0.000001,-0.324523,-0.363616,0.609509,-0.785670,-0.118408,0.298459,0.340071,-0.883911,0.571627,-0.747649,-0.419174,-0.258783,-0.000001,-0.000001,-0.000001,-0.000001,-0.000001,-0.000001,-0.000001,-0.000001,-0.000001,-0.000001,-0.000001,-0.000001,-0.000001,-0.000001,-0.000001,-0.000001,-0.000001,-0.000001,0.421172,-0.314544,0.503491,0.743987,-0.731352,0.439783,0.332105,-0.777467,-0.141299,0.247266,0.208534,-0.333833,0.140012,0.121031,0.608338,0.055584,-0.961000,-0.436379,0.423900,0.043520,0.732508,0.284729,0.729241,2.460035,0.553215,0.561920,0.791263,0.394146,0.449359,-0.533229,-0.029092,0.496229,0.531370,0.204544,1.464891,0.939433,0.326979,0.571347,-0.247812,0.226395,1.604986,1.608652,-0.113596,1.268467,-0.188043,-0.027640,0.894429,0.838708,0.182328,1.731402,-0.162508,0.323684,1.740065,1.542028,0.007804,1.775937,0.813334,0.121632,1.306833,-0.271683,0.285504,1.076869,0.437307,0.208809,0.248202,-0.636392,0.341546,0.447363,1.026335,0.229093,0.318601,0.766253,-0.264754,0.281564,0.283582,-0.490227,0.201004,0.212476,-0.190502,-0.446895,0.079498,-0.873321,-0.974182,0.317552,-1.097523,-1.349100,0.707645,-1.161204,-1.605870,0.630840,-0.724534,-0.564226,-0.524971,-2.035747,-1.332461,-0.219569,-1.402934,-0.232153,-0.469110,-1.192543,0.022119,0.605369,-1.190736,-0.576562,-0.662131,-1.955141,-0.814414,-1.283243,-1.551521,-0.396597,0.712145,-1.268252,-0.088231,0.445871,-1.461229,-0.553073,-0.838484,-1.998517,-0.751998,-0.483479,-1.614304,-0.554325,-0.377405,-1.191177,-0.249988,-0.426374,0.262828,0.149665,-1.276023,-0.135540,0.272913,-0.433357,0.208962,-0.055735,0.573968,0.161824,-0.271734,-0.935254,0.083108,0.169061,0.130032,-0.249365,-0.450421,-0.569994,-0.153699,-0.137804,-0.204291,-0.289080,0.451003,1.051908,-0.136801,-0.794687,0.581156,-0.296108,0.567054,1.733005,-0.203379,0.857792,-1.715050,-0.293012,0.514263,-1.038898,-0.057440,1.132029,0.862372,0.001489,0.699094,-0.058076,-0.137261,0.571712,1.404652,0.115091,0.311113,-0.894030,-0.340494,0.892123,0.208951,0.287671,0.006106,-0.197681,0.241834,0.292713,-0.667921,0.251719,0.133839,-1.969980,0.593117,0.465702,-1.713411,0.437688,0.548274,-1.089768,-0.745653,0.673953,-0.325530,-0.660814,0.618574,-1.235847,-0.200810,0.506381,-1.688308,0.111583,0.547588,-0.323808,-0.028994,0.565273,0.071549,-0.273071,0.279565,0.942540,-0.318741,0.810034,1.461761,-0.346364,0.718382,-0.837098,-0.380447,0.405255,-0.842669,-0.187629,0.437131,0.933263,-0.170728,0.369023,1.013401,-0.240708,-0.032091,0.651559,-0.508131,-0.034544,0.796189,-0.465852,0.531673,0.686648,0.180686,0.640326,1.109676,0.005221,0.299866,0.966080,0.251384,0.358952,0.979971,-0.181664,0.283858,1.337077,0.233623,0.481189,-1.350756,0.003140,0.282736,-0.518279,0.049992,0.579544,1.522243,-0.172567,0.499745,1.258938,0.239512,0.648978,-0.262544,0.217254,0.804148,1.419653,0.155300,0.379296,-0.411502,-0.318366,0.359352,0.818258,-0.112861,0.329771,0.234856,-0.229099,0.703280,0.691448,-0.331602,0.332687,1.165219,-0.401533,-0.049226,0.128995,-0.085400,0.206556,-0.262671,0.173096,0.757109,-0.691525,0.155730,-0.024340,0.790329,0.192453,0.510868,-0.166969,-0.206227,1.093930,-1.184362,-0.156886,1.166985,-0.128369,-0.350764,0.967906,0.020886,-0.161755,0.125558,0.339203,-0.172443,0.140553,0.082485,-0.159478,0.846550,-0.824679,-0.387743,0.793924,-0.430800,-0.316047,0.831079,-1.382462,-0.057295,0.417731,1.335442,-0.320353,0.948627,-0.571453,-0.361847,0.897071,0.125153,-0.363920,0.870446,0.219688,0.149400,0.503345,0.084740,0.042492,0.528301,-0.277860
0.343667,-0.328664,0.736459,-0.621174,0.152883,0.235410,0.516167,0.558884,1.747747,0.437453,0.714008,0.646881,-0.065736,0.358720,-0.678433,0.211413,-0.232239,-0.839081,-0.109964,0.779918,-1.451541,0.733064,-0.571740,-0.617555,0.966931,0.548463,0.281831,1.091206,0.533653,-0.487010,0.753284,0.750681,0.398461,-0.000001,-0.000001,-0.000001,0.698504,0.284767,0.626127,-1.131569,-1.131667,-1.102628,-0.000001,-0.000001,-0.000001,-0.324523,-0.365447,0.614150,-0.785234,-0.116884,0.313230,0.339147,-0.886329,0.552861,-0.746826,-0.435219,-0.333488,-0.000001,-0.000001,-0.000001,-0.000001,-0.000001,-0.000001,-0.000001,-0.000001,-0.000001,-0.000001,-0.000001,-0.000001,-0.000001,-0.000001,-0.000001,-0.000001,-0.000001,-0.000001,0.420490,-0.720783,0.735625,0.743459,-0.735346,0.750844,0.331761,-0.781540,0.033253,0.247121,0.203130,-0.336220,0.139918,0.111606,0.662897,0.055035,-0.964703,-0.515946,0.423289,0.037409,0.779901,0.284373,0.717586,2.505256,0.552903,0.558098,0.842990,0.393477,0.445908,-0.532313,-0.029534,0.493055,0.568649,0.204013,1.460490,1.024692,0.326723,0.562133,-0.245844,0.225719,1.601962,1.715819,-0.114202,1.264051,-0.088456,-0.028071,0.891526,0.929163,0.181994,1.728506,-0.078347,0.323036,1.740065,1.657091,0.007389,1.970309,0.917952,0.121327,1.303022,-0.252041,0.195805,1.347778,0.498950,0.208888,0.248202,-0.549743,0.341597,0.447363,1.083340,0.229144,0.296147,0.796551,-0.264674,0.281564,0.301225,-0.490160,0.201004,0.225126,-0.190407,-0.446895,0.078616,-0.873262,-0.974064,0.314447,-1.097445,-1.348993,0.721385,-1.161157,-1.605780,0.632897,-0.796930,-0.587468,-0.504722,-2.035629,-1.357116,-0.200330,-1.402838,-0.231911,-0.269281,-1.192454,0.022119,0.748519,-1.223906,-0.598518,-0.676727,-1.896294,-0.814198,-1.282801,-1.551431,-0.396597,0.834766,-1.235564,-0.064754,0.535406,-1.517367,-0.596161,-0.406000,-1.766960,-0.659828,-0.711053,-1.528489,-0.530284,-0.329013,-1.191098,-0.249988,-0.220933,0.262828,0.148920,-1.332434,-0.135540,0.272492,-0.403999,0.208962,-0.056674,0.400988,0.161637,-0.272312,-1.010763,0.083108,0.168622,0.151841,-0.249365,-0.451047,-0.614710,-0.153699,-0.137804,-0.179595,-0.289080,0.451003,1.093043,-0.136801,-0.037310,0.579677,-0.295868,0.566592,1.728934,-0.203161,0.857792,-1.709432,-0.292801,0.514263,-1.034835,-0.057036,1.131524,0.875721,0.001939,0.698637,-0.052624,-0.137001,0.571046,1.405109,0.115310,0.310384,-0.899700,-0.339963,0.890799,0.189798,0.287671,0.005213,-0.079165,0.241834,0.291909,-0.733583,0.251719,0.132982,-1.980860,0.593117,0.464871,-1.694731,0.438012,0.547274,-1.069956,-0.745261,0.672842,-0.327451,-0.660814,0.617553,-1.229089,-0.200448,0.505135,-1.686860,0.111907,0.546228,-0.327952,-0.028718,0.563895,0.060025,-0.272735,0.278622,0.953616,-0.318408,0.809277,1.463719,-0.346018,0.717555,-0.830709,-0.380096,0.404259,-0.841140,-0.187315,0.436726,0.912944,-0.170728,0.368436,0.985527,-0.240708,-0.032743,0.626675,-0.507820,-0.035080,0.790278,-0.465509,0.530875,0.651019,0.180686,0.639956,1.047278,0.005221,0.298933,0.957803,0.251384,0.358060,0.984825,-0.181664,0.283359,1.317654,0.233898,0.480020,-1.363389,0.003140,0.281650,-0.485375,0.050293,0.579058,1.514703,-0.172222,0.498736,1.255182,0.240080,0.648026,-0.265774,0.217518,0.803252,1.421598,0.155837,0.377781,-0.418335,-0.318018,0.357900,0.801131,-0.112640,0.329771,0.229224,-0.229099,0.702860,0.702401,-0.331602,0.332275,1.176440,-0.401533,-0.049896,0.107305,-0.085072,0.206118,-0.251039,0.173379,0.756626,-0.686128,0.155970,-0.024842,0.783526,0.192725,0.510420,-0.163655,-0.205916,1.093395,-1.183321,-0.156604,1.166985,-0.131117,-0.350764,0.967423,0.010940,-0.161755,0.124958,0.334693,-0.172443,0.140094,0.093526,-0.159188,0.846096,-0.832788,-0.387743,0.793453,-0.436676,-0.316047,0.830546,-1.385534,-0.057040,0.417286,1.332340,-0.320353,0.948144,-0.574527,-0.361847,0.896648,0.118169,-0.363920,0.870044,0.219583,0.149677,0.502347,0.086094,0.042778,0.526999,-0.278498
0.344993,-0.337994,0.507852,-0.620169,0.123230,0.421563,-0.369317,0.550300,1.714591,0.306440,0.538703,-0.617877,0.242538,0.355751,0.635494,0.213234,-0.247717,-0.999134,0.335496,-0.096239,-1.697933,0.732970,0.301734,-0.623705,0.966442,-0.101580,0.381552,1.094895,-0.135360,-0.111812,0.753628,0.750681,0.945316,-0.000001,-0.000001,-0.000001,0.692079,-0.414508,0.673046,-1.131569,-1.131667,-1.102628,-0.000001,-0.000001,-0.000001,-0.323860,-0.368509,0.510872,-0.785234,-0.143326,0.107531,0.345638,1.061267,0.726481,-0.751713,-0.403129,-0.078506,-0.000001,-0.000001,-0.000001,-0.000001,-0.000001,-0.000001,-0.000001,-0.000001,-0.000001,-0.000001,-0.000001,-0.000001,-0.000001,-0.000001,-0.000001,-0.000001,-0.000001,-0.000001,0.406730,0.051803,-1.613821,0.341837,-0.420219,-0.644512,0.397560,-0.765246,0.067782,0.635759,-0.822742,0.218588,0.173461,0.794296,1.438473,0.141858,-0.901793,-0.614333,0.194369,-0.994274,0.046699,0.219516,0.799103,1.683629,0.101443,0.764217,2.419607,0.406955,0.163196,0.480357,0.257975,0.321865,-0.738570,-0.053717,-0.016855,0.594115,0.320623,-0.321462,-0.852062,0.295951,1.305929,0.091134,0.049659,1.074348,-0.513952,0.179066,1.091660,1.140987,0.088220,0.412325,-0.920235,0.284820,1.710287,0.963000,-0.045178,1.756504,0.438866,0.127463,1.337295,0.165790,0.179759,1.429032,0.534785,0.506929,0.344669,-2.986626,0.557367,0.588695,-1.753078,0.327792,0.441879,-0.882380,-0.564828,0.436353,-1.637114,-0.353758,0.429385,-1.812704,0.011951,-0.512466,-1.325616,-0.628163,-0.875872,-0.870413,-0.792533,-1.207194,-0.065367,-0.700789,-1.419500,0.389288,-0.538254,-0.604582,-1.909254,-1.927327,-1.411889,-0.161622,-2.031762,-1.682353,0.147291,-1.390293,-1.612046,-0.509698,-0.975793,-0.662992,-1.392182,-1.649776,-0.858156,-1.387797,-1.349533,-0.331549,-1.972289,-0.976268,-0.261664,-2.005800,-1.188090,-0.537282,-1.593997,-1.874493,-0.710291,-1.157873,-1.431150,-0.516078,-2.301890,-0.835625,-0.287368,-2.177765,0.263626,0.091313,-1.001952,-0.134815,-0.159231,0.129079,0.209781,-0.126342,1.482659,0.162400,0.155402,-0.468916,0.268146,0.493721,-0.499852,-0.248699,0.012955,0.076339,-0.152924,-0.240135,-0.509130,-0.066479,0.374741,0.634726,-0.135838,-0.159650,1.531245,-0.295136,0.937595,1.179210,-0.202551,0.733752,-1.174427,-0.090216,0.398271,-0.845869,0.136834,1.505362,0.542899,0.002633,1.066572,-0.389649,-0.136212,1.105585,1.266639,0.115977,0.895157,-0.836506,-0.339135,1.423082,0.360156,0.288649,0.364447,0.873024,0.243052,0.602185,-1.134672,-0.040939,0.463710,-1.130242,0.014243,0.401048,-0.997838,0.141134,0.470496,-0.805803,-0.744164,0.587521,-0.679740,-0.325548,0.539146,-0.948398,0.120234,0.412699,-1.089729,0.411003,0.445336,-1.102671,-0.027911,0.461624,0.891225,-0.271789,0.657433,1.047947,-0.023266,0.388346,0.534108,-0.345046,0.257790,-0.007117,-0.379111,0.330326,0.207158,-0.186359,0.374071,0.248525,-0.169427,0.277599,0.913337,-0.239419,0.490356,0.698013,-0.208723,0.395431,0.687787,-0.464535,0.469164,0.023773,0.181502,0.582883,0.577438,0.006476,0.673388,0.625806,0.252452,0.716159,0.638672,-0.180502,0.683813,0.802630,0.234668,0.389645,-0.597871,0.004396,0.197702,0.399649,0.051207,0.504000,1.057594,-0.171215,0.420756,0.140881,0.240938,0.574445,-0.732966,0.218300,0.734000,1.042657,0.408394,0.265404,-0.156923,-0.317002,0.250140,0.142029,0.098771,0.245822,0.609869,-0.228005,0.271305,-0.294675,-0.330388,0.268533,-0.072358,-0.400339,-0.145561,-0.229292,-0.373417,0.138349,-0.398652,0.174184,0.259881,-1.294055,0.156710,0.378040,0.071464,-0.047005,0.441119,-0.527674,-0.205043,-0.014719,-0.694747,-0.425886,-0.102244,-1.250391,-0.349628,0.045384,-0.438487,-0.160712,0.032151,1.071927,-0.171447,0.508558,-0.237785,-0.424672,-0.022275,-1.018016,-0.386557,-0.107331,-1.038274,-0.314829,-0.188505,-1.177276,-0.056263,0.348486,0.494294,-0.319134,0.024798,-1.557896,-0.360648,0.020556,-0.813644,-0.362760,0.037911,-1.063132,0.150485,0.428292,0.867936,0.297141,0.427011,1.540057
0.345886,-0.344955,0.342982,-0.621174,0.111266,0.531424,0.512888,0.545170,1.909052,0.175707,0.359281,-1.447627,0.400148,0.355504,1.035143,0.212827,-0.250817,-1.199883,-0.108638,0.776459,-1.448035,0.239184,0.308721,-0.914017,0.955280,0.548463,0.403289,-0.914461,0.528608,0.053634,-1.414717,-1.414742,-1.335527,-0.000001,-0.000001,-0.000001,0.692295,0.290225,0.526421,-1.131569,-1.131667,-1.102628,-0.000001,-0.000001,-0.000001,-0.327256,-0.366044,0.375050,-0.784414,-0.140368,-0.066024,0.347186,1.071780,0.465174,-0.751314,-0.583634,-0.232341,-0.000001,-0.000001,-0.000001,-0.000001,-0.000001,-0.000001,-0.000001,-0.000001,-0.000001,-0.000001,-0.000001,-0.000001,-0.000001,-0.000001,-0.000001,-0.000001,-0.000001,-0.000001,0.353590,0.817171,0.207771,0.384761,0.242029,-2.010025,0.111894,-0.398968,-1.502404,0.217807,0.505520,0.412096,0.012921,0.083388,1.287966,0.137645,-1.219958,-0.898427,-0.222814,-0.597444,0.025040,0.091044,-0.353642,1.656123,0.189602,-0.071814,-1.114575,0.150240,0.235620,-0.468242,0.059993,0.163332,1.026648,0.255747,0.642677,0.597637,0.351486,0.290617,0.732867,0.365902,1.052192,0.587682,0.129715,0.750088,0.358078,0.158753,0.598598,0.866094,0.350002,1.184682,0.170401,0.450346,1.159521,-0.266916,0.093585,1.528594,0.066064,0.097460,1.065087,-0.584911,0.341660,1.057179,0.739583,0.855724,0.378581,-2.044546,0.828262,0.691269,-1.042623,0.601776,0.654150,-0.189580,-0.338923,0.542382,-2.179422,-0.404714,0.424488,-2.120412,0.216876,-0.195375,-1.899572,-1.913043,-0.924294,-2.391258,-1.899831,-0.948605,-0.609426,-1.537349,-0.841389,0.030113,-0.356954,-0.492178,-2.312447,-1.889599,-0.440191,-0.861603,-1.543028,0.019992,-2.058793,-1.100175,0.110742,-1.399580,-0.316967,-0.407296,-2.736981,-2.074826,-0.161733,-0.260821,-1.703116,-0.124754,-1.730402,-1.198331,-0.063484,-1.255112,-0.463603,-0.627745,-2.998107,-1.487719,-0.264864,-1.968007,-1.313293,-0.003995,-1.434663,-1.034194,-0.227686,-1.788428,0.263626,0.089792,-1.061756,-0.134815,-0.160815,0.087760,0.209781,-0.128182,1.471078,0.341290,0.153270,-0.464074,0.268146,0.103967,-0.739445,-0.044731,0.010595,-0.030228,0.030642,-0.243555,-0.495083,-0.066479,-0.096543,0.542007,-0.136074,-0.163671,1.391414,-0.064882,0.492769,0.575107,-0.010403,-0.032853,-0.968546,-0.090444,0.395229,-0.886469,0.136834,1.057137,0.330544,0.218034,1.064245,-0.574278,-0.136212,0.465348,1.095251,0.115977,0.891454,-0.544600,-0.339411,0.785677,0.741064,0.288649,0.362622,0.722254,0.242744,0.600609,-1.024099,-0.040939,0.461584,-0.870318,0.014243,0.398901,-0.780914,-0.157027,0.468455,-0.729110,-0.398560,0.585253,-1.127035,0.008265,0.047732,-1.074863,0.120234,0.410257,-0.993340,0.410692,0.442671,-1.209984,-0.027911,0.458922,1.310469,-0.271789,0.655467,0.891773,-0.023573,0.386801,0.271794,-0.345046,-0.140198,0.232808,-0.379111,-0.130052,0.636073,-0.186359,0.372010,0.112844,-0.169427,0.275201,0.676881,-0.239735,-0.136179,0.413585,-0.209047,0.393241,0.506808,-0.161957,0.085295,-0.035945,0.181502,0.580976,0.308491,0.006150,0.671445,0.326400,0.252190,0.714300,0.249631,-0.180502,0.681776,0.529560,0.234668,0.387259,-0.531817,0.004069,0.195486,0.493760,0.051207,0.036617,0.860417,-0.171215,0.418654,-0.125106,0.240660,0.572462,-0.950761,0.218300,0.302768,0.945711,0.408394,0.262435,-0.242146,-0.317002,0.247294,-0.129241,0.098771,0.243573,0.636749,-0.228276,-0.102263,-0.639545,-0.330388,0.266816,-0.700032,-0.400632,-0.148705,-0.907333,-0.084153,0.136523,-1.237906,0.173901,-0.169215,-1.276436,0.386432,0.375949,-0.233251,0.193228,0.439327,-0.948770,-0.205043,-0.529885,-0.696909,-0.426168,-0.505591,-1.017960,-0.349628,-0.383275,0.079313,-0.160970,0.029751,1.070599,0.064700,0.066777,-0.710151,-0.424672,-0.426144,-0.583893,-0.386847,-0.109543,-0.910622,-0.315140,-0.190514,-1.081781,-0.056263,0.346225,0.116865,-0.319445,-0.404639,-1.584918,-0.360942,-0.386743,-0.866260,-0.362760,-0.348951,-0.961613,0.150485,0.426377,0.876225,0.296877,0.423703,1.876032
0.343208,-0.339154,0.322035,-0.619170,0.150210,0.146314,-0.367133,0.567887,1.478640,0.171762,0.357564,-1.695663,0.402944,0.360946,0.755534,0.728241,-0.195082,-0.657861,0.341505,0.781648,-1.427121,0.246108,0.315730,-0.840735,-0.245024,-0.090398,-0.302751,-0.934543,-0.118981,0.072388,0.753205,0.750681,0.293835,-0.000001,-0.000001,-0.000001,0.690256,0.279310,0.470661,0.966646,0.938442,0.626738,-0.000001,-0.000001,-0.000001,-0.331315,-0.346474,0.493030,-0.786080,-0.115450,0.111909,0.367897,1.093225,0.707014,-0.756624,-0.058164,0.134934,-0.000001,-0.000001,-0.000001,-0.000001,-0.000001,-0.000001,-0.000001,-0.000001,-0.000001,-0.000001,-0.000001,-0.000001,-0.000001,-0.000001,-0.000001,-0.000001,-0.000001,-0.000001,0.276730,0.022801,-0.008552,0.708307,-0.635611,-0.641039,0.425846,-0.842545,-0.002673,0.155018,-0.093856,-0.119746,0.191591,0.083388,0.798563,0.680465,-0.794488,-1.491928,0.151282,-0.597444,-0.150128,0.015412,-0.353642,1.229537,0.299443,-0.075636,0.209624,0.646993,0.242522,-1.284572,0.161793,0.163332,-0.389120,0.197948,0.638276,0.517828,0.296504,0.286010,0.169348,0.304317,0.716887,0.345287,0.212071,0.752296,0.721148,0.110529,0.270870,0.243304,0.174622,0.528039,-0.522780,0.400441,0.532458,-1.116226,0.055718,0.729971,-0.523041,0.149874,0.634897,-0.649550,0.214981,0.778906,0.031835,0.805022,0.405392,-2.076458,1.074481,0.763220,-2.641016,0.270571,-0.393935,-2.032688,0.116487,-0.877372,-2.170504,0.484551,-0.507656,-1.912682,-0.426206,-0.156923,-2.459736,-1.652815,-0.726136,-1.575916,-1.637812,-0.838260,-0.665640,-1.454736,-0.708194,0.334911,-0.594066,-0.251736,-2.359045,-1.434854,-0.089070,-2.405514,-0.675138,0.290749,-2.024610,-0.392529,0.463032,-1.843537,-0.792905,-0.074951,-2.933887,-1.089551,0.102442,-2.499528,-0.369784,0.096324,-2.286469,0.016397,0.171286,-2.022778,-0.700087,-0.136049,-3.057976,0.125159,-0.122853,-2.549455,0.142585,-0.045084,-2.489915,0.348024,0.167351,-2.096726,0.452750,0.105032,-0.112484,0.092871,-0.144943,-0.416043,0.211629,-0.109742,1.356920,0.343205,0.174538,0.280131,0.270110,0.508265,0.050734,0.161421,0.033665,-0.447514,0.399725,-0.217131,0.110958,-0.064357,-0.076998,-0.371380,-0.133913,-0.132097,0.765909,-0.062658,0.511254,0.013966,0.375722,-0.000200,-0.595678,0.315139,0.424972,-0.540422,0.138491,0.629905,0.167668,0.435498,0.644238,-0.387750,-0.134083,0.491925,0.660381,0.327523,0.921261,0.071431,-0.083044,0.812771,0.773826,0.290865,0.380945,0.817129,0.528449,0.616401,-1.505993,0.255476,0.478829,-1.482353,0.306929,0.416320,-1.037409,0.143986,0.488910,-1.038720,-0.395252,0.607983,-0.523690,-0.322701,0.068621,-0.603546,-0.196692,0.434724,-0.878493,0.115406,0.470083,-1.523936,-0.025736,0.486047,1.743699,-0.268925,0.674812,1.059901,-0.020759,0.402319,0.531986,-0.342105,0.272984,-0.059798,-0.066145,-0.110482,0.589552,-0.183452,0.388595,0.318109,-0.166536,0.298644,0.673771,-0.236842,0.514356,0.587295,-0.206169,0.414646,0.387641,-0.159060,0.101230,0.049468,0.184213,0.596482,0.720302,0.009238,0.690568,0.525270,0.254871,0.732588,0.549745,-0.177910,0.702185,0.500885,0.237000,0.411168,-0.390874,0.007160,0.217694,0.625976,0.053673,0.521884,1.165916,-0.168167,0.439294,-0.177187,0.509620,0.591938,-0.786438,0.220626,0.321584,1.140483,0.410553,0.292180,0.373987,-0.313926,0.275817,-0.399032,0.100807,0.265111,0.830134,-0.225783,-0.086351,-0.513152,-0.327692,-0.111310,-0.928777,-0.117647,-0.123346,-0.958675,-0.081371,0.154050,-1.221821,0.176314,-0.151401,-1.165591,0.388652,0.395980,-0.201433,0.195551,0.028227,-1.093388,-0.202400,-0.508522,-0.818001,-0.153124,-0.488446,-1.206308,-0.083519,-0.365054,-0.506904,-0.158593,0.053703,1.207425,0.066982,0.085555,-0.856809,-0.155780,-0.409395,-0.609461,-0.105716,-0.091697,-1.275993,-0.312382,-0.170868,-1.107833,-0.054166,0.364426,0.176704,-0.030461,-0.386829,-1.607242,-0.358249,-0.369394,-1.196784,-0.360181,-0.332473,-1.255444,0.152931,0.445968,1.136471,0.299302,0.451032,2.064382
0.355624,-0.336810,0.377950,-0.003911,0.161282,-0.037039,0.528006,0.587175,1.268660,0.040138,0.183290,-1.788018,0.407183,1.006704,0.888722,0.726723,1.365546,-0.829047,0.336293,0.781648,-1.346070,0.247746,0.313978,-1.064250,0.987537,0.548463,1.096952,1.109237,0.533653,0.054009,0.753573,0.750669,0.148974,-0.000001,-0.000001,-0.000001,1.243340,0.287496,1.176067,-1.131569,-1.131667,-1.102628,-0.000001,-0.000001,-0.000001,-0.313673,-0.339751,0.228809,-0.776854,-0.083092,0.274524,0.374389,1.085131,0.771844,-0.752137,0.829319,0.421927,-0.000001,-0.000001,-0.000001,-0.000001,-0.000001,-0.000001,-0.000001,-0.000001,-0.000001,-0.000001,-0.000001,-0.000001,-0.000001,-0.000001,-0.000001,-0.000001,-0.000001,-0.000001,0.284119,-0.390700,0.128137,0.715906,-1.094398,-0.356389,0.626292,-1.306491,-0.024182,0.161566,-0.104599,-0.418010,0.415336,0.078676,1.381109,0.480556,-1.216255,-1.199759,0.160269,-0.603555,-0.030966,0.223054,-0.365298,1.091615,0.306110,-0.079457,0.750479,0.272445,0.239071,-1.115737,0.000747,0.160158,0.223415,0.203618,1.130724,0.781603,0.301960,0.281403,0.027576,0.309989,1.055216,0.940264,0.080181,0.999355,0.158475,-0.007758,0.595731,0.731157,0.179426,1.178891,-0.360724,0.405092,1.795873,1.111382,0.059205,1.728250,0.665963,-0.020637,1.280182,-0.331801,0.218433,1.054714,0.403998,0.686279,0.768808,-1.966577,-0.062660,0.644800,-2.559059,-0.562655,0.200422,-2.129812,-1.076497,0.486360,-2.320087,-1.196255,0.472753,-2.019954,-0.465574,0.429807,-1.758651,-1.346166,-0.463193,-2.367659,-1.417849,-0.577431,-1.300765,-1.254556,-0.407550,-0.513352,0.560260,0.657421,-2.882621,-0.966217,0.346247,-2.636955,-1.642667,0.783917,-2.359254,-0.910249,0.515668,-2.040987,1.203829,0.632055,-2.268803,-0.040700,0.287968,-2.368348,-0.346312,0.378718,-2.394439,0.006397,0.555591,-2.271163,1.559757,0.594864,-1.586034,0.566387,0.413080,-2.424160,0.466333,0.351820,-2.315657,0.538163,0.483807,-1.926866,0.618656,0.108881,-0.494457,0.292616,-0.139771,-0.034266,0.382188,-0.102831,1.530603,0.501994,0.184351,0.077370,0.433875,0.516971,0.100861,0.139167,0.047295,-0.225491,0.379898,-0.200140,-0.079303,0.134063,0.405344,-0.054285,0.068865,-0.111004,0.740179,0.144680,0.523538,0.579574,0.357017,0.019378,-0.852431,0.295730,0.442544,-0.706943,0.313540,0.639916,0.230710,0.415222,0.652669,-0.505340,0.091163,0.502855,1.140876,0.517966,0.930973,0.057723,0.147520,0.819559,0.934514,0.494718,0.384148,-0.121685,0.214622,0.618781,0.172022,-0.069841,0.480954,-0.146543,-0.013677,0.418467,-0.263585,-0.185050,0.491992,0.184354,-0.430355,0.611409,0.190424,-0.355911,0.560545,-0.299344,-0.227812,0.438411,-0.467557,0.384899,0.473401,-1.213990,0.204161,0.490789,1.205292,-0.001789,0.679177,0.965008,-0.050944,0.768966,0.889808,-0.067693,0.277670,-0.342959,-0.097983,0.354319,0.032155,0.086224,0.395249,0.423180,0.104114,0.308286,1.087767,0.034652,0.524347,1.131441,0.061718,0.423449,0.909247,0.113113,0.489989,0.220519,0.409805,0.599867,0.746877,0.266529,0.694883,0.905754,0.478489,0.736714,0.716027,0.063067,0.706799,1.067072,0.453774,0.417206,-0.631902,0.264666,0.223303,0.550439,0.312769,0.526335,1.154253,0.117575,0.926975,0.766957,0.483685,0.595865,-0.879197,0.440175,0.754645,0.813567,0.386044,0.298905,-0.441772,-0.025543,0.282265,0.395323,0.289447,0.276173,0.819685,0.006495,0.292747,-0.393100,-0.075228,0.290891,-0.243604,-0.146404,-0.111954,0.090561,-0.110752,0.162119,0.016706,0.151462,-0.142699,-1.398073,0.365798,0.406267,-0.233441,0.171625,0.466845,-0.727097,0.044502,0.015921,-0.513960,-0.180870,-0.078254,-1.008488,-0.110854,-0.355480,-0.330284,0.062889,0.066604,1.361274,0.042225,0.534374,-0.207164,-0.183401,-0.400793,-0.792766,-0.134284,-0.083246,-0.726708,-0.055597,-0.160779,-0.635387,0.166090,0.373545,0.418376,-0.059503,0.049486,-1.180182,-0.105561,0.043969,-0.606413,-0.118795,0.060150,-1.042473,0.380083,0.450357,0.940813,0.527937,0.456346,0.872985
0.355624,-0.336810,0.366219,-0.004284,0.163038,-0.047641,0.527461,0.588484,1.235446,0.040214,0.182946,-1.778125,0.407635,1.006704,0.859569,0.726520,1.365546,-0.854247,0.336202,0.781648,-1.341417,0.247840,0.313978,-1.061533,0.988025,0.547219,1.053320,1.112514,0.531131,0.156116,0.753539,0.750669,0.201705,-0.000001,-0.000001,-0.000001,1.242268,0.286132,1.152352,-1.131569,-1.131667,-1.102628,-0.000001,-0.000001,-0.000001,-0.313010,-0.339751,0.241941,-0.776854,-0.083092,0.266185,0.374700,1.084317,0.744952,-0.752137,0.813274,0.410294,-0.000001,-0.000001,-0.000001,-0.000001,-0.000001,-0.000001,-0.000001,-0.000001,-0.000001,-0.000001,-0.000001,-0.000001,-0.000001,-0.000001,-0.000001,-0.000001,-0.000001,-0.000001,0.284297,-0.394330,0.182508,0.716079,-1.094398,-0.374368,0.626635,-1.306491,-0.044554,0.161856,-0.104599,-0.419535,0.415531,0.078676,1.386559,0.480735,-1.216255,-1.189891,0.160468,-0.609666,-0.019259,0.223410,-0.365298,1.093967,0.306412,-0.083278,0.736841,0.272609,0.239071,-1.112782,0.000900,0.156984,0.213613,0.203747,1.130724,0.769231,0.302216,0.276796,0.049943,0.310129,1.055216,0.953452,0.080181,0.999355,0.158215,-0.007652,0.595731,0.725810,0.179651,1.175995,-0.364483,0.405092,1.794011,1.094513,0.059291,1.728250,0.649869,-0.020558,1.278276,-0.344005,0.218512,1.054714,0.394535,0.686812,0.768808,-1.880772,-0.062159,0.622102,-2.504674,-0.562167,0.222465,-2.114266,-1.104140,0.486567,-2.311529,-1.195810,0.472753,-2.008287,-0.464940,0.429807,-1.674932,-1.345588,-0.463004,-2.344790,-1.417352,-0.577261,-1.293010,-1.254099,-0.407423,-0.505767,0.560849,0.657632,-2.843614,-0.965659,0.370434,-2.612590,-1.607835,0.783917,-2.354768,-0.941404,0.515668,-2.013458,1.204371,0.632055,-2.184746,-0.011795,0.287968,-2.354681,-0.313666,0.378935,-2.370481,0.006928,0.555591,-2.255167,1.560163,0.594864,-1.526159,0.566781,0.413080,-2.408390,0.466773,0.351820,-2.299901,0.538616,0.483807,-1.906513,0.618461,0.109253,-0.493517,0.292616,-0.139771,-0.034989,0.382188,-0.102381,1.528020,0.501994,0.184884,0.074679,0.433675,0.517376,0.099478,0.138945,0.047873,-0.229169,0.379898,-0.200140,-0.079403,0.134063,0.405344,-0.064101,0.068865,-0.110213,0.731305,0.144680,0.524000,0.575902,0.357017,0.020174,-0.846294,0.295730,0.443289,-0.702739,0.313540,0.639916,0.228144,0.415222,0.653165,-0.507759,0.091422,0.502855,1.142770,0.517966,0.931763,0.060674,0.147520,0.820276,0.940316,0.494718,0.384148,-0.124748,0.214622,0.618781,0.180044,-0.070147,0.480954,-0.126313,-0.013980,0.418467,-0.251230,-0.185050,0.491992,0.195400,-0.430355,0.611409,0.198569,-0.355911,0.560545,-0.297666,-0.227812,0.438411,-0.467275,0.384899,0.473401,-1.211820,0.204161,0.490789,1.205575,-0.001789,0.679177,0.961175,-0.050944,0.768966,0.890361,-0.067693,0.277670,-0.339681,-0.097983,0.354319,0.036541,0.085884,0.395249,0.423589,0.104114,0.308286,1.089605,0.034652,0.524998,1.136548,0.061381,0.423449,0.911255,0.113113,0.490422,0.217082,0.409519,0.599867,0.750233,0.266228,0.694883,0.907453,0.478489,0.736714,0.719128,0.063067,0.707298,1.070108,0.453521,0.417206,-0.633555,0.264365,0.223303,0.547465,0.312769,0.526335,1.155043,0.117244,0.926975,0.764522,0.483685,0.595865,-0.877411,0.440175,0.754645,0.820369,0.386044,0.299632,-0.436708,-0.025878,0.282962,0.397089,0.289447,0.276712,0.806973,0.006495,0.292747,-0.391708,-0.075228,0.291337,-0.239005,-0.146404,-0.111336,0.097276,-0.111079,0.162594,0.024817,0.151201,-0.142699,-1.395050,0.365798,0.406769,-0.232716,0.171374,0.467293,-0.726736,0.044502,0.016500,-0.516558,-0.180870,-0.077800,-1.012820,-0.110854,-0.354997,-0.334735,0.062889,0.067204,1.361335,0.041979,0.534833,-0.193383,-0.183401,-0.400793,-0.789809,-0.134284,-0.082774,-0.720393,-0.055920,-0.160779,-0.631120,0.166090,0.373545,0.419578,-0.059826,0.049970,-1.174247,-0.105561,0.044392,-0.601686,-0.118795,0.060552,-1.035846,0.380083,0.450357,0.933511,0.527937,0.456346,0.872067
0.356083,-0.336431,0.376842,-0.003911,0.160391,-0.051201,0.527822,0.586338,1.239791,0.040138,0.182946,-1.777860,0.407123,1.126209,0.875889,0.726618,1.362465,-0.871707,0.336115,0.781648,-1.342252,0.247940,0.313978,-1.060197,0.988025,0.547219,1.081100,1.112101,0.531131,0.189354,0.753539,0.750669,0.195251,-0.000001,-0.000001,-0.000001,1.242693,0.286132,1.184822,-1.131569,-1.131667,-1.102628,-0.000001,-0.000001,-0.000001,-0.312306,-0.339117,0.239584,-0.777264,-0.080224,0.274932,0.374700,1.083922,0.737645,-0.752137,0.796227,0.392122,-0.000001,-0.000001,-0.000001,-0.000001,-0.000001,-0.000001,-0.000001,-0.000001,-0.000001,-0.000001,-0.000001,-0.000001,-0.000001,-0.000001,-0.000001,-0.000001,-0.000001,-0.000001,0.284465,-0.394330,0.164600,0.716434,-1.094398,-0.384577,0.626801,-1.306491,-0.045179,0.162011,-0.104599,-0.425600,0.415625,0.078676,1.397325,0.481105,-1.216255,-1.190638,0.160879,-0.609666,-0.022687,0.223755,-0.365298,1.088591,0.306573,-0.083278,0.691468,0.272949,0.239071,-1.106043,0.001198,0.156984,0.207395,0.204013,1.130724,0.750213,0.302472,0.276796,0.067122,0.310401,1.055216,0.941438,0.080425,0.999355,0.142674,-0.007433,0.595731,0.726264,0.179760,1.175995,-0.330139,0.405310,1.794011,1.104495,0.059459,1.728250,0.659715,-0.020403,1.278276,-0.342752,0.218673,1.054714,0.418637,0.686226,0.744521,-0.931042,-0.062711,0.461711,-1.038828,-0.562707,0.156948,-1.606686,-0.992069,0.242139,-2.261128,-1.100872,0.491638,-2.040991,-0.431689,0.405829,-1.056946,-1.346223,-0.412336,-2.638982,-1.417902,-0.554385,-1.534746,-1.254604,-0.407387,-0.646039,0.630360,0.725457,-2.421108,-0.084037,0.130827,-1.964157,-0.171577,-0.380584,-2.144894,-0.878560,0.594497,-1.737001,1.300420,0.696328,-1.502236,0.158342,0.264910,-2.124191,-0.218008,0.378935,-1.967092,-0.214812,0.510541,-1.971318,1.668600,0.636779,-0.909970,0.715741,0.390974,-2.111964,0.438582,0.398810,-2.044505,0.509607,0.438356,-1.578291,0.618860,0.109253,-0.496566,0.293096,-0.139771,-0.038011,0.382598,-0.102831,1.531101,0.502375,0.184351,0.084330,0.434068,0.516566,0.098011,0.139389,0.046669,-0.221586,0.380105,-0.200802,-0.086423,0.134294,0.404364,-0.059212,0.068865,-0.111795,0.742483,0.144680,0.523076,0.574586,0.357017,0.018581,-0.849905,0.295730,0.441737,-0.709422,0.313540,0.639450,0.225994,0.415222,0.652669,-0.510411,0.091163,0.502855,1.138556,0.517966,0.931763,0.061571,0.147520,0.820276,0.936448,0.495207,0.384595,-0.113909,0.214929,0.619167,0.183234,-0.069508,0.481400,-0.124916,-0.013349,0.418917,-0.247791,-0.184738,0.492492,0.242129,-0.430355,0.611965,0.197443,-0.355911,0.561098,-0.318276,-0.227812,0.439059,-0.484096,0.384899,0.474108,-1.205365,0.204161,0.491450,1.202947,-0.001452,0.679177,0.964936,-0.050611,0.768966,0.884161,-0.067347,0.277670,-0.338561,-0.097632,0.354319,0.033941,0.086224,0.394809,0.420700,0.104429,0.308286,1.090072,0.034652,0.524347,1.136156,0.061718,0.423449,0.911173,0.113113,0.489989,0.221789,0.410070,0.600267,0.753979,0.266855,0.694883,0.906385,0.478761,0.736714,0.720988,0.063360,0.707298,1.065722,0.454038,0.417206,-0.632500,0.264993,0.223303,0.538452,0.313069,0.526861,1.149710,0.117575,0.926975,0.757067,0.483685,0.596381,-0.874610,0.440175,0.755093,0.825448,0.386044,0.299632,-0.436548,-0.025543,0.282962,0.401977,0.289685,0.276173,0.819530,0.006766,0.292359,-0.394432,-0.074934,0.290891,-0.242355,-0.146404,-0.111954,0.094927,-0.110752,0.162119,0.022548,0.151462,-0.143182,-1.398269,0.365798,0.406267,-0.236214,0.171625,0.466397,-0.729581,0.044502,0.015385,-0.511509,-0.180870,-0.078254,-1.004369,-0.110579,-0.355925,-0.324950,0.063147,0.066004,1.360100,0.042493,0.534374,-0.206236,-0.183123,-0.401213,-0.790001,-0.134284,-0.083246,-0.723202,-0.055597,-0.161271,-0.632096,0.166346,0.373100,0.418630,-0.059503,0.049486,-1.177004,-0.105561,0.043969,-0.603358,-0.118514,0.060150,-1.040692,0.380349,0.450357,0.939747,0.527937,0.456996,0.874224
0.376912,-0.325184,0.681133,0.011947,0.163929,-0.321891,0.546764,0.594058,1.088212,0.039349,0.181573,-1.699899,0.719095,1.136351,0.575416,0.729654,-0.204381,-0.313532,0.339559,-0.091070,-1.635445,0.246108,0.319234,-0.906483,0.961098,-0.102824,0.414389,-0.907909,-0.130331,0.861193,0.753245,0.750681,0.587982,-0.000001,-0.000001,-0.000001,0.689615,-0.417237,0.430966,0.950577,0.938453,0.599985,-0.000001,-0.000001,-0.000001,-0.296030,-0.319546,-0.037629,-0.767193,-0.030208,0.708486,0.380579,1.121531,0.904130,-0.751314,1.092054,0.632198,-0.000001,-0.000001,-0.000001,-0.000001,-0.000001,-0.000001,-0.000001,-0.000001,-0.000001,-0.000001,-0.000001,-0.000001,-0.000001,-0.000001,-0.000001,-0.000001,-0.000001,-0.000001,0.437000,-1.148763,-0.217875,0.577972,-1.281887,-0.217018,0.626115,-0.712338,0.848681,0.320617,-1.378881,-0.587360,0.415235,0.304649,0.855954,0.386562,-0.857399,-0.895095,-0.003504,-0.927130,-0.900410,0.048633,0.193592,0.449867,0.309202,0.363397,1.013403,0.242104,0.204563,-1.105125,0.113927,0.724508,-0.594021,0.122460,0.537156,0.256557,0.197576,0.258426,-0.082656,0.319312,1.342178,0.289735,0.070859,1.100817,-0.189391,-0.052077,1.123559,0.797452,0.108538,0.776805,0.199502,0.303333,1.520490,-0.291573,-0.030813,1.572766,-0.126774,0.140895,1.358231,-0.431718,0.194043,1.458582,0.951772,0.996968,0.953497,-1.189950,1.090194,1.482307,-0.590197,1.029343,1.763672,-0.558034,0.272272,1.964335,-2.207911,-0.411509,1.643331,-1.946473,1.125965,0.951166,-2.213585,0.291902,0.107165,-3.444071,-1.196578,-0.268268,-2.625801,-1.154334,0.052109,-1.426050,0.135589,0.443178,-2.601308,-1.158510,-0.504012,-2.247092,-1.304030,-1.040028,-2.275367,-0.818296,-0.676337,-2.104701,0.265947,0.066169,-2.994416,-0.840084,-1.037863,-2.756237,-0.831045,-1.255861,-2.664742,-0.281163,-0.994952,-2.519248,-0.267715,0.250950,-3.196573,-0.980199,0.313191,-2.593302,-1.085772,0.411051,-2.655369,-1.002021,0.427524,-2.529274,0.628265,0.837318,-0.436468,0.304175,0.989865,-1.261750,0.392046,0.345745,0.234523,0.510993,0.202911,0.084969,0.627380,0.530233,1.521505,0.557143,0.065645,-0.809750,0.388541,0.454007,0.557198,0.144249,0.888706,0.552498,0.078766,0.669839,0.482465,0.154280,0.980148,1.313743,0.172688,0.806424,-1.274345,0.303710,0.466202,-0.920720,0.320991,1.547309,1.552702,0.638685,1.107390,1.223965,0.100457,1.164842,0.778799,0.525834,0.959323,-0.341540,0.156747,1.480747,-0.154049,0.506247,0.831236,-0.921364,0.228535,1.005283,0.033449,0.237907,0.892967,-1.247920,0.289568,0.834649,-1.655771,0.126164,0.992610,-0.923045,-0.415586,0.635297,-0.567646,-0.007803,0.583050,-1.423725,0.104820,0.464772,-1.470528,0.694519,1.127049,-0.638203,0.213947,1.152655,0.667696,0.011271,1.150744,0.920497,-0.038052,1.146873,1.564552,-0.054277,1.086325,-0.903230,-0.084384,0.830839,-0.668185,0.099738,0.798233,1.113541,0.117675,0.892215,0.913440,0.047909,0.548346,0.455015,0.074446,0.956605,0.877297,0.126071,0.886932,1.246444,0.421993,0.968519,1.624358,0.280112,0.713967,1.127388,0.490269,0.754965,1.260497,0.075465,0.727250,1.459191,0.464927,1.000555,-1.265662,0.278260,0.765167,-0.400670,0.324763,1.011157,2.032658,0.130443,0.947616,1.204948,0.494526,1.071582,-0.343455,0.449784,1.202377,1.322314,0.396288,1.025451,-0.129225,-0.012557,0.978955,0.582659,0.299150,0.294429,0.613509,0.018134,0.677828,0.215346,-0.062578,0.700269,0.232945,-0.134122,0.501777,0.280956,-0.098391,0.597362,-0.273842,0.411696,0.727394,-1.093980,0.375375,0.423246,0.605090,0.422157,0.481520,-0.192897,0.056246,1.058875,-1.328851,-0.169019,1.139958,-0.823204,-0.099016,1.365541,-0.639892,0.073987,0.661399,0.836304,0.052831,0.549902,0.166974,0.094892,0.819031,-1.197826,-0.122082,0.765378,-0.830551,-0.043397,0.798800,-1.464191,0.176287,0.814482,1.255136,-0.047284,0.919366,-1.091980,-0.093223,0.868933,-0.315701,-0.106700,1.228940,-0.364300,0.392060,0.928885,0.289383,0.538233,1.106651,0.287294
0.389760,1.554068,1.039936,0.008953,0.195338,-0.551052,0.548948,0.645066,0.630744,0.170871,0.357908,-1.369401,1.034585,1.270204,-0.322428,0.728439,-0.191983,-0.390014,0.345477,-0.091070,-1.745516,0.248803,0.331478,-1.080937,0.991667,0.550951,1.840284,1.136272,0.541220,2.018263,0.753394,0.750669,0.274477,-0.000001,-0.000001,-0.000001,0.700752,0.291590,0.587962,0.950811,0.938431,0.584337,-0.000001,-0.000001,-0.000001,-0.280417,2.611448,-0.221341,-0.764246,0.022586,0.730505,0.387382,1.124764,1.040921,-0.747225,1.109102,0.957072,-0.000001,-0.000001,-0.000001,-0.000001,-0.000001,-0.000001,-0.000001,-0.000001,-0.000001,-0.000001,-0.000001,-0.000001,-0.000001,-0.000001,-0.000001,-0.000001,-0.000001,-0.000001,0.439057,-1.540479,1.175737,0.578673,-1.249989,0.686326,0.625948,-1.143695,0.426591,0.320317,-1.945764,0.007481,0.526918,-1.813937,0.870983,0.388030,-0.816708,-0.616234,0.232757,-0.853874,-1.111412,0.048633,0.263453,0.813227,0.130416,0.409207,1.080314,0.438653,0.242522,-0.736883,-0.055099,0.759381,0.410387,0.123250,1.099916,0.633364,0.197963,-0.215619,-0.475448,0.321471,1.372415,1.345473,-0.067092,1.380970,0.195208,-0.051103,0.821923,0.678680,0.109097,0.475955,-0.522115,0.305282,1.539093,0.107981,0.066266,1.389005,0.226046,0.053415,1.160261,-0.135665,0.194846,1.202464,0.517112,0.827470,1.505266,-1.990707,1.099934,2.045281,-1.549876,0.962851,2.253936,-1.017639,0.599805,0.127187,-1.647039,0.462805,0.698685,-1.610191,1.314029,1.627013,-2.884369,0.245826,1.850184,-3.870731,-0.314476,1.232477,-3.389488,-0.004401,0.668541,-2.621495,0.636030,0.958713,-3.318692,-1.029491,1.412378,-2.475586,-1.646023,1.888952,-2.142390,-1.676618,2.188734,-2.105357,0.432370,1.092946,-3.260318,-0.982166,0.991501,-2.460808,-1.442943,1.241494,-2.310527,-1.389035,1.205546,-2.317195,-0.050257,0.394832,-3.382308,-0.933515,0.760913,-2.474329,-1.144843,0.952857,-2.318344,-1.148475,1.023691,-2.015573,0.599446,0.548600,-0.165906,0.488978,0.609731,0.566349,0.539184,0.678947,1.793489,0.637070,0.998929,0.563103,0.742459,1.056013,0.862231,0.660991,0.732605,-0.502416,0.636303,1.127794,1.077233,0.186207,1.332937,-0.590261,0.073452,0.609855,-0.302065,0.099860,1.391393,0.285784,0.473958,0.854473,-0.695168,0.391510,1.326083,-0.535909,0.386293,1.713740,0.658717,0.698124,1.795041,1.204242,0.164472,1.663260,-0.321279,0.568671,2.344554,1.526306,0.204274,2.241539,-0.444592,0.649509,1.465949,0.700364,0.379704,1.582704,-0.654678,0.353450,1.139427,0.061793,0.359955,1.083603,-0.413862,0.451699,1.740515,-1.658364,0.576856,1.998853,-1.460382,0.900123,1.377668,-0.816155,0.926042,1.968022,0.048412,1.116890,2.109478,-0.480784,0.299709,2.092279,0.895190,0.007138,1.760483,0.677093,0.249250,1.228252,0.224430,-0.058523,0.737022,0.102168,-0.088688,0.823984,1.048810,0.135131,1.489701,1.025160,0.131881,1.331863,0.914306,0.040794,1.654596,0.880717,0.046100,1.358025,0.651262,0.075900,1.571635,0.759215,0.544123,1.073589,0.257446,0.396417,1.321009,0.148344,0.559905,1.335490,0.227825,0.129079,1.342687,0.117198,0.775058,1.711385,-0.022949,0.394663,1.425444,0.985312,0.259520,1.149337,1.199573,0.032837,1.604163,-0.765029,0.909949,1.691089,-0.400367,0.325337,0.911517,1.658725,0.788863,1.915748,1.584780,0.206048,1.832666,-1.567980,0.342648,1.032032,0.771327,0.051124,1.237775,-0.000684,-0.049327,0.928140,-0.101787,-0.140714,1.425854,0.088208,0.160863,1.255558,-0.502146,0.609146,0.951761,-0.952643,0.538524,1.109240,1.007613,0.612246,1.063295,-0.291814,0.027746,1.735669,-1.752714,0.092467,2.060313,-1.018137,-0.086617,1.920932,-0.956011,0.105443,1.434958,1.011007,0.093496,1.177292,0.267379,0.105149,1.004671,-1.140773,-0.128631,1.371123,-1.213242,-0.070568,1.020566,-1.609726,0.363303,1.422565,1.112112,-0.074496,1.116758,-1.631193,-0.099845,1.454298,-0.966342,-0.094031,1.399714,-0.850410,0.478566,1.084817,1.448585,0.444506,1.942185,2.631093
0.396848,1.569601,1.423085,0.022684,2.423223,-1.468256,0.550955,0.676367,0.210965,0.174383,0.360994,-1.030020,1.189009,1.912993,-0.790042,0.738448,1.384124,0.164226,0.348565,0.778189,-1.661485,0.249091,0.326243,-0.905435,0.999424,1.205971,2.438000,1.146112,1.205189,1.618765,-1.414717,-1.414742,-1.335527,-0.000001,-0.000001,-0.000001,0.709641,1.014028,1.087158,-1.131569,-1.131667,-1.102628,-0.000001,-0.000001,-0.000001,-0.263479,2.638973,-0.304493,-0.757942,0.091604,0.736937,0.402224,1.124344,0.828663,-0.739870,1.667665,1.048603,-0.000001,-0.000001,-0.000001,-0.000001,-0.000001,-0.000001,-0.000001,-0.000001,-0.000001,-0.000001,-0.000001,-0.000001,-0.000001,-0.000001,-0.000001,-0.000001,-0.000001,-0.000001,0.278787,-0.775155,0.056147,0.508919,-0.607707,-0.757885,0.232225,-0.805932,-0.838288,0.154418,-0.655334,0.231745,0.630454,-0.933549,1.096744,0.058150,-0.757501,-1.452540,-0.541783,0.159550,-1.367359,-0.384858,-0.289609,0.370177,-0.227466,0.401564,-1.537187,0.076575,0.666549,-1.072373,-0.171372,0.556492,1.289503,0.049220,1.187886,0.467220,0.153010,0.861290,0.575500,0.306617,1.429793,0.618224,-0.060432,1.275091,0.047680,-0.134411,0.958261,0.074626,0.048927,0.886728,-2.022609,0.279950,1.602374,0.200225,-0.036957,1.947339,0.245927,-0.109803,1.516212,-0.323726,0.125047,1.084264,-0.400972,0.806699,1.726617,-2.606260,0.998875,2.251927,-0.918247,1.053767,2.605406,0.016098,0.550725,0.664181,-1.352882,-0.518278,2.474663,-0.914475,-0.355805,1.918795,-1.940052,-0.902649,1.004919,-3.357182,-1.268730,0.977258,-2.725449,-1.399820,0.489706,-2.152369,-0.239956,1.551156,-2.249804,-0.670627,2.354897,-2.555561,-1.118111,2.514355,-1.752340,-0.834362,2.557427,-1.367374,-0.632504,1.522899,-1.769174,-1.002862,2.061558,-2.161975,-1.012498,2.095265,-1.664449,-0.742137,2.095769,-1.449518,-0.482604,1.384069,-2.515988,-0.901300,1.728719,-1.880038,-0.857604,1.849168,-1.603480,-0.565425,1.848600,-1.339905,0.625668,0.704629,1.688178,0.752566,0.857594,0.052964,0.582949,1.062438,1.804039,0.689681,1.058959,1.768335,0.627966,1.187450,0.523761,0.559771,1.009591,-0.061343,0.577013,1.542635,0.800096,0.152785,0.759847,-0.991064,0.091319,1.980384,0.585525,0.171033,1.744873,-0.194228,0.381893,2.116906,-0.485722,0.525493,2.398140,-0.461031,0.341646,1.856306,0.428260,0.662869,1.842382,0.339639,0.377224,2.223710,0.416135,0.760464,2.804093,0.982868,0.187168,2.512758,0.650333,0.506976,1.517678,0.709626,0.514548,1.595762,-1.112503,0.538398,1.520653,-1.209540,0.299788,1.468688,-1.025170,0.438323,1.757429,-1.077578,0.990079,2.017649,-1.448002,1.019729,1.850747,-1.231542,1.092880,1.949036,-0.441627,1.022286,2.125578,-1.023624,0.495147,2.168859,1.153091,0.325879,1.880331,1.021014,0.272515,1.735987,1.253374,0.268901,1.733250,-0.778673,0.243192,2.042504,-0.416544,0.112910,1.830875,0.594578,0.132840,1.826228,0.905217,0.064716,2.209025,1.128645,0.092915,1.809405,0.791979,0.146455,1.903973,1.050111,0.425773,1.541250,1.243060,0.286589,1.882225,0.813216,0.748988,1.872192,1.996877,0.355652,1.979115,0.491806,0.715159,1.907620,0.181198,0.284743,1.607724,0.070123,0.345685,1.764367,1.633286,0.155545,1.727628,0.060453,0.784865,1.807589,-0.012257,0.472904,1.467067,1.503833,0.670659,2.153225,0.761546,0.012777,2.060385,-0.724303,0.307037,1.684067,0.985199,0.029503,1.302942,-0.135112,-0.048432,1.361970,-0.177463,-0.118549,2.088398,-0.059001,-0.080452,1.300871,-0.516839,0.429318,1.446236,-1.198975,0.623043,1.715653,0.197706,0.439123,1.638200,-0.571176,0.073600,1.928605,-1.517599,0.116451,1.821328,-1.561770,-0.085779,2.089672,-1.417325,0.084828,2.210417,1.130068,0.298823,1.731900,-0.095920,0.108569,1.496657,-1.264182,-0.106612,1.468297,-1.177546,-0.025693,1.121380,-1.347488,0.194072,1.533735,0.661813,-0.029553,1.639891,-1.597599,-0.077580,1.552641,-1.035308,-0.093176,1.493122,-1.189296,0.398857,1.669760,1.232450,0.559375,2.113424,1.931813
0.397280,1.569601,1.426774,0.023804,2.424115,-1.522065,0.552772,0.675948,0.192243,0.174459,0.360994,-1.022679,1.188918,1.912993,-0.785356,0.738145,1.384124,0.170554,0.348742,0.778189,-1.665250,0.248515,0.326243,-0.907103,0.999187,1.205971,2.427134,1.144062,1.205189,1.587163,-1.414717,-1.414742,-1.335527,-0.000001,-0.000001,-0.000001,0.709641,1.012663,1.127871,-1.131569,-1.131667,-1.102628,-0.000001,-0.000001,-0.000001,-0.262112,2.638973,-0.329971,-0.758378,0.093128,0.736252,0.402526,1.125158,0.827377,-0.739870,1.667665,1.010815,-0.000001,-0.000001,-0.000001,-0.000001,-0.000001,-0.000001,-0.000001,-0.000001,-0.000001,-0.000001,-0.000001,-0.000001,-0.000001,-0.000001,-0.000001,-0.000001,-0.000001,-0.000001,0.277076,-0.775155,0.102058,0.506979,-0.607707,-0.745774,0.230519,-1.265804,-0.786000,0.152784,-1.265452,0.012121,0.629388,-0.928837,1.251486,0.056312,-0.753797,-1.442479,-0.544027,0.165661,-1.376872,-0.386800,-0.283781,0.320395,-0.229017,0.405385,-1.524078,0.075052,0.669999,-1.199308,-0.172851,0.559666,1.336606,0.047899,1.192287,0.460178,0.151739,0.865897,0.555435,0.305265,1.429793,0.667167,-0.061518,1.277299,0.036196,-0.135499,0.961128,0.032160,0.047700,0.562750,-2.073422,0.278979,1.604213,0.232592,-0.037707,1.749452,0.240209,-0.110571,1.518117,-0.345053,0.124244,1.086729,-0.428325,0.806539,1.726617,-2.622234,0.998750,2.252142,-0.979239,1.025876,2.605406,-0.059014,0.550594,0.664181,-1.145181,-0.494304,2.474838,-1.027321,-0.390292,1.894367,-1.583549,-0.902823,1.004919,-3.465141,-1.268887,1.000306,-2.741303,-1.373996,0.509416,-2.186608,-0.665380,1.802585,-2.383938,-0.734430,2.379304,-2.495829,-1.152847,2.540705,-1.699460,-0.866555,2.583865,-1.355491,-0.665252,1.544655,-1.726555,-1.003021,2.084831,-2.122159,-1.012678,2.118998,-1.677265,-0.742313,2.095981,-1.428624,-0.482756,1.405124,-2.541832,-0.901439,1.751448,-1.903313,-0.857760,1.849168,-1.668330,-0.594354,1.848810,-1.426614,0.626262,0.705002,1.637623,0.753292,0.857982,0.008784,0.583367,1.062926,1.820046,0.690264,1.059492,1.751423,0.628559,1.187450,0.608144,0.764626,1.564139,-0.039855,0.577404,1.542635,0.925083,0.153267,1.229173,-1.044771,0.091791,1.980384,0.520237,0.171524,1.744873,-0.236028,0.382094,2.117702,-0.474644,0.525915,2.398140,-0.461671,0.341864,1.856306,0.421671,0.663338,1.842840,0.337932,0.377754,2.224376,0.440659,0.760693,2.804821,1.001118,0.187434,2.513420,0.700442,0.507714,1.518609,0.677813,0.798136,1.596148,-1.345671,0.539037,1.521510,-1.325861,0.590644,1.469554,-1.022199,0.438958,1.757929,-1.012476,0.990831,2.018204,-1.634443,1.020077,1.851810,-1.247636,1.093228,1.950232,-0.411955,1.022934,2.126230,-0.914106,0.495412,2.170237,1.169387,0.326501,1.880802,1.051462,0.273129,1.736397,1.249654,0.269540,1.733663,-0.750119,0.243839,2.042982,-0.378667,0.113565,1.831280,0.599943,0.133497,1.826816,0.908994,0.065347,2.209731,1.136202,0.093550,1.809941,0.780045,0.147087,1.904405,1.046303,0.426577,1.542020,1.181440,0.287204,1.882691,0.809690,0.749522,1.872638,1.943554,0.356239,1.980154,0.479521,0.715940,1.908837,0.177394,0.285359,1.608855,0.101437,0.346286,1.765379,1.614119,0.156221,1.728133,-0.016628,0.785155,1.808065,0.059604,0.473433,1.467552,1.535062,0.670933,2.154740,0.887488,0.333647,2.061837,-0.773771,0.307486,1.684607,1.042360,0.030067,1.302942,-0.117262,-0.047819,1.362382,-0.202658,-0.117964,2.089017,-0.111686,-0.079836,1.721289,-0.559801,0.429862,1.446236,-1.195529,0.623283,1.716155,0.201963,0.439646,1.638200,-0.568402,0.074186,1.928605,-1.569217,0.117028,1.821328,-1.636350,0.178643,2.089672,-1.537938,0.085365,2.210417,1.179002,0.299327,1.732359,-0.082427,0.109125,1.497077,-1.277060,-0.106031,1.468732,-1.254679,-0.025085,1.121380,-1.397313,0.194583,1.534180,0.671850,-0.028943,1.640337,-1.651186,-0.076992,1.553099,-1.115358,-0.092590,1.493557,-1.226307,0.399399,1.670238,1.222067,0.559915,2.114074,2.007536
0.411482,1.597921,1.905084,0.646563,2.423656,-1.729183,0.563338,0.668646,0.138616,0.174943,0.358595,-1.070625,0.875112,2.166596,0.357001,0.740268,1.387223,0.555143,0.811156,0.795466,-1.360607,0.243318,1.220721,-0.908580,0.953341,1.853525,1.030900,-0.922664,1.856577,2.382257,-1.414717,-1.414742,-1.335527,-0.000001,-0.000001,-0.000001,0.696896,1.729660,0.723704,-1.131569,-1.131667,-1.102628,-0.000001,-0.000001,-0.000001,-0.249895,2.670195,-0.341321,1.249395,0.176846,0.580338,0.402224,1.123135,0.560226,-0.703520,2.226228,0.458558,-0.000001,-0.000001,-0.000001,-0.000001,-0.000001,-0.000001,-0.000001,-0.000001,-0.000001,-0.000001,-0.000001,-0.000001,-0.000001,-0.000001,-0.000001,-0.000001,-0.000001,-0.000001,0.127638,1.560711,-0.278081,0.260603,0.317852,1.349038,0.320172,-1.896619,0.155516,0.225244,-1.702824,-0.729932,0.576550,-1.606757,-0.327378,0.056502,-0.228430,-1.379444,-0.370259,-0.597444,-0.025969,-0.472516,-0.161542,0.078492,-0.147525,0.569516,-0.613179,0.133038,0.790651,-0.933193,-0.151867,1.260372,-0.453781,-0.114819,1.284604,1.153775,-0.030484,0.506909,-0.005315,0.076074,1.855737,0.004435,-0.286786,1.729518,-0.515284,-0.122246,1.950121,0.598212,0.036533,1.265650,-0.723886,0.233078,2.480630,1.668122,-0.084627,2.076316,0.704034,0.002767,1.900720,-0.014997,0.049711,2.160414,0.428154,0.782359,2.039394,-1.570325,1.030127,2.382124,-0.392856,1.002350,2.751547,1.237126,0.099997,2.921711,0.381218,-0.514624,2.543213,0.664333,1.191485,1.958604,0.482944,0.352902,1.455804,0.452975,0.008754,1.222448,0.263646,-0.123312,1.054679,0.461936,0.615809,1.497066,-0.177319,-0.952120,0.699833,0.111091,-1.112807,0.361583,0.940591,-0.733338,0.244904,0.608713,0.055911,1.299138,-0.212541,-0.912241,1.307389,-0.507620,-0.780684,1.777490,0.206352,-0.513995,1.835831,-0.904496,-0.340820,1.355216,-1.742422,-1.023115,1.337092,0.885923,-0.853289,1.769393,0.104064,-0.589754,1.955003,0.008376,0.709920,1.546356,0.262102,0.866772,1.860907,-1.556863,0.693915,1.492573,0.531404,0.810791,1.733851,1.704355,0.773594,1.826444,1.701289,0.758510,2.055353,-0.058369,0.616276,2.240860,-0.017031,0.481816,1.349014,0.338060,0.503387,2.996878,1.725732,0.435998,2.325985,0.688888,0.074670,2.967465,-0.169162,0.248907,3.031440,0.012385,0.692585,2.578216,-0.331112,0.419375,2.416163,-0.329762,0.611495,2.850298,1.209553,0.337171,2.553441,-1.110598,0.709394,2.712736,-1.199544,0.688269,1.458650,-0.411552,0.782119,1.497761,-0.536275,0.584574,2.182897,-1.983654,0.705365,2.541454,-1.825893,0.624344,2.116239,-1.250345,0.280795,1.876590,-0.116116,0.410270,2.672550,-1.090807,0.261767,2.321872,-1.576405,0.315763,1.950445,0.906174,0.701971,2.081473,-1.109624,0.566921,1.914107,0.989267,0.510460,1.840265,1.241981,0.516508,2.723930,-0.357279,0.494169,2.821173,-1.314108,0.594020,1.818006,0.646134,0.343094,1.807582,0.897461,0.309381,2.197731,1.349944,0.367814,1.792379,1.213909,0.460042,1.885975,1.182731,0.683311,1.602877,1.497571,0.616689,1.462411,0.962807,0.834425,1.904122,1.350664,0.482211,2.069523,1.324287,0.548682,2.021320,-1.922616,0.615119,2.240819,-0.957357,0.672466,1.845414,1.112857,0.555830,1.757097,1.856080,0.362601,1.835395,1.369821,0.612416,2.394676,-0.453596,0.271620,2.284989,-0.688111,0.741403,2.186733,0.089158,0.399885,1.960331,0.191780,0.440013,1.825956,0.171751,0.433585,1.878535,1.189389,0.392624,2.279007,0.903143,0.480125,1.850073,1.315353,0.195275,2.041237,-0.377388,0.440239,1.972587,-0.249178,0.213804,1.915776,0.632407,0.331075,2.282055,-0.347514,0.339222,2.516876,-0.342213,0.365283,2.395645,-0.126013,0.476258,2.590146,0.455794,0.180128,1.966885,1.024316,0.297717,2.096481,-0.601618,0.401213,2.090510,0.240875,0.527557,2.289601,-0.445626,0.720349,2.187858,0.662261,0.524549,2.277689,-0.179183,0.435910,2.163148,0.847727,0.367691,2.072996,0.148450,0.715238,2.182602,-0.241818,0.647414,2.801740,-1.632330
0.417243,1.602562,2.052692,0.668905,2.405966,-1.854046,0.589015,0.665218,-0.462523,0.170947,0.182603,-1.359411,0.876855,2.037692,-0.688579,0.744112,1.368645,1.017737,1.258205,0.807575,-0.954204,0.242549,0.324490,-0.794871,1.022221,0.550951,2.970344,1.193641,0.533653,1.750845,0.753628,0.750681,0.523764,-0.000001,-0.000001,-0.000001,1.253085,0.299760,2.875367,-1.131569,-1.131667,-1.102628,-0.000001,-0.000001,-0.000001,-0.240411,2.667133,-0.430680,1.254854,7.148118,0.688930,0.414585,1.142951,0.731917,1.266173,2.604285,0.713345,-0.000001,-0.000001,-0.000001,-0.000001,-0.000001,-0.000001,-0.000001,-0.000001,-0.000001,-0.000001,-0.000001,-0.000001,-0.000001,-0.000001,-0.000001,-0.000001,-0.000001,-0.000001,0.068998,1.680391,0.284254,0.097057,0.732713,0.864382,0.223019,-1.294320,1.711212,-0.021742,-1.924146,-1.582443,0.624927,-2.581338,-1.599615,0.044021,-1.208848,-1.675479,-0.555257,0.092331,-0.303157,-0.395461,0.298419,1.236116,-0.235835,0.348112,0.105550,0.252383,0.635491,-1.030989,-0.016386,1.238155,-0.384091,-0.109930,1.631975,0.783115,0.144624,0.801459,-0.158729,0.293247,1.402616,-0.889728,-0.345893,2.000838,-0.888123,-0.143322,1.254056,-0.480355,0.040669,0.195374,-2.570792,0.268804,2.432249,0.681799,-0.139104,2.131078,0.302628,-0.029766,1.712277,-0.250828,0.027406,1.335453,-0.450192,0.971430,1.889994,-1.543299,1.088512,2.265847,0.031591,1.077832,2.555197,1.363129,0.183687,2.792443,0.442526,-0.483030,2.379535,0.803420,1.121020,1.717264,0.380080,0.286579,1.166878,0.171337,0.030004,1.007988,0.194182,-0.157832,0.966355,0.418702,0.592016,1.294656,-0.614965,-0.872455,0.452390,-0.877516,-1.198480,0.174228,0.479447,-1.132753,-0.048630,-0.473371,-0.019068,1.082965,-0.702382,-0.949222,1.097945,-1.655705,-0.923766,1.694202,-0.349636,-0.595127,2.089846,-1.049600,-0.396678,1.095330,-1.306836,-1.047841,1.193829,0.262029,-0.859077,1.634982,0.328125,-0.542850,1.842440,0.720847,0.726931,0.970441,1.478715,0.895203,0.958478,-0.382696,0.726592,1.407170,1.669410,0.852113,1.736027,2.118280,0.829160,1.509242,-0.090247,0.634370,2.251858,-0.382724,0.719943,2.548626,-1.649345,0.643707,1.141934,1.583034,0.715585,3.478000,1.640218,0.698757,1.239973,-0.291636,0.324347,3.345093,0.257849,0.332836,3.284784,0.240670,0.399110,1.749051,-1.423689,0.320556,1.965218,0.102045,0.762632,2.718688,0.399839,0.255514,2.263210,0.347721,0.881845,2.321497,-1.111684,0.757445,1.951024,-0.567521,0.604944,1.515130,0.190614,0.739994,2.187526,-1.432446,0.605216,2.549973,-1.512166,0.563205,2.142900,-0.690932,0.279321,1.901589,0.579456,0.455625,2.678293,-0.675123,0.349964,2.318882,-0.824714,0.439686,1.975137,1.692718,0.576580,2.161416,-1.822511,0.844578,2.030573,0.663734,0.784549,1.980944,0.959563,0.801728,2.524540,-0.892274,0.783270,2.177656,-1.728371,0.526767,1.734984,-0.449534,0.603389,2.262842,0.359608,0.591212,2.707419,0.578261,0.666276,2.208055,0.452551,0.474593,1.800546,-0.562801,0.795170,1.715577,1.433727,0.766625,1.573185,1.042154,0.995371,1.576651,0.934910,0.676775,1.736532,1.402915,0.700113,2.209229,-1.544202,0.765181,1.887883,-0.606200,0.704154,1.993628,-0.234876,0.939868,1.876905,0.695449,0.165718,1.948444,2.353049,0.207390,2.088211,-0.579864,0.343239,2.512773,1.014156,0.804347,2.405157,0.527949,0.548420,2.559263,-0.389641,0.645393,1.466295,-0.821629,0.678792,1.876406,-0.237277,0.655856,2.281533,1.172374,0.772485,1.847809,-0.078302,0.211571,1.624450,-0.177704,0.239989,2.037323,-0.304260,0.229493,2.003859,0.363127,0.608845,1.875978,1.025686,0.593208,1.387951,0.208148,0.594743,1.629097,0.950391,0.672091,2.713606,0.627035,0.354636,2.026090,-0.033430,0.529577,1.317486,0.001047,0.662722,1.282438,0.297879,0.523904,1.854681,0.418732,0.498805,1.809307,-1.214961,0.520891,1.449377,0.059743,0.700336,1.381061,-0.016959,0.602138,1.330152,-0.281380,0.863233,1.843327,-0.010339,0.189603,2.334657,-1.447374
0.417243,1.602965,2.093262,0.670406,2.401105,-1.871008,0.590838,0.663935,-0.486194,0.170668,0.182603,-1.373613,0.877998,2.037445,-0.727279,0.744415,1.368645,1.089095,1.259531,0.809304,-0.901079,0.243512,0.320986,-0.755060,1.026839,0.548463,3.232064,1.210847,0.532392,1.984650,0.753459,0.750681,0.611795,-0.000001,-0.000001,-0.000001,1.251693,0.294319,3.081237,-1.131569,-1.131667,-1.102628,-0.000001,-0.000001,-0.000001,-0.241073,2.670195,-0.424541,1.255264,7.155378,0.762102,0.415519,1.144160,0.774708,1.267395,2.587238,0.766222,-0.000001,-0.000001,-0.000001,-0.000001,-0.000001,-0.000001,-0.000001,-0.000001,-0.000001,-0.000001,-0.000001,-0.000001,-0.000001,-0.000001,-0.000001,-0.000001,-0.000001,-0.000001,0.070719,1.673174,0.235249,0.099353,0.724727,0.956758,0.225744,-1.302417,1.873004,-0.019363,-1.940359,-1.526965,0.626383,-2.595476,-1.543276,0.046217,-0.801895,-1.666037,-0.321451,0.067963,-0.201075,-0.392807,0.275108,1.264438,-0.233358,0.332827,0.065694,0.253730,0.625181,-1.032652,-0.014907,1.225499,-0.450521,-0.108351,1.614370,0.857693,0.002533,0.783088,-0.196774,0.294195,1.734897,-0.852480,-0.344799,1.992006,-0.820399,-0.019168,1.573110,-0.452464,0.042004,0.186688,-2.509954,0.146905,2.424799,0.751048,-0.232442,2.124025,0.328694,-0.029077,1.704655,-0.200202,0.028209,1.328058,-0.408474,0.972842,1.889765,-1.571809,1.089868,2.265633,0.014877,1.079244,2.554992,1.328347,0.185108,2.792235,0.395391,-0.481849,2.379359,0.732976,1.122732,1.716811,0.355409,0.288142,1.166642,0.205894,0.031443,1.007774,0.203048,-0.156511,0.966172,0.442948,0.593754,1.294445,-0.633281,-0.902208,0.452168,-0.780750,-1.196819,0.173986,0.546903,-0.784325,-0.101020,-0.364564,-0.017503,1.103925,-0.666021,-0.947868,1.097730,-1.526208,-0.890310,1.693982,-0.265236,-0.593593,2.067217,-1.149812,-0.395381,1.095134,-1.115589,-1.046654,1.193620,0.144338,-0.857760,1.657929,0.361037,-0.541468,1.842227,0.699686,0.727738,0.970814,1.511925,0.896164,0.958866,-0.319067,0.727411,1.407620,1.672351,0.852876,1.736027,2.117877,0.829954,1.509242,-0.095734,0.635258,2.251858,-0.367410,0.720526,2.548626,-1.650269,0.644672,1.141934,1.590444,0.716312,3.477143,1.662441,0.699499,1.239973,-0.287565,0.324957,3.344297,0.229693,0.333258,3.284784,0.203356,0.597521,1.749051,-1.357144,0.321006,1.965218,-0.035320,0.763150,2.719354,0.257253,0.255961,2.263999,0.322125,0.882397,2.322160,-1.146380,0.758433,1.951955,-0.665230,0.606149,1.515901,0.349580,0.740940,2.188383,-1.385869,0.606137,2.550388,-1.501414,0.564151,2.143900,-0.678574,0.280419,1.902700,0.660959,0.456700,2.679357,-0.645332,0.350659,2.320078,-0.823314,0.440308,1.975845,1.665405,0.577121,2.162739,-1.801362,0.845537,2.031045,0.640495,0.785496,1.981732,0.943212,0.802713,2.524987,-0.906705,0.784269,2.178134,-1.737436,0.527723,1.734984,-0.438836,0.604361,2.263429,0.363318,0.592185,2.708070,0.584069,0.666898,2.208591,0.454306,0.475567,1.800978,-0.552570,0.796261,1.716316,1.426743,0.767855,1.574157,1.046563,0.739878,1.577580,0.924886,0.677643,1.737529,1.405810,0.701168,2.210446,-1.545330,0.766412,1.889014,-0.612547,0.704768,1.994599,-0.252427,0.940889,1.877956,0.698471,0.166298,1.949435,2.308879,0.207898,2.089144,-0.662939,0.344039,2.513561,0.966881,0.805377,2.405912,0.539839,0.549108,2.559263,-0.419770,0.646216,1.466683,-0.824327,0.679687,1.876818,-0.233818,0.656758,2.281533,1.193294,0.773404,1.848247,-0.082615,0.212386,1.624450,-0.172731,0.240749,2.037323,-0.295592,0.230278,2.003859,0.374182,0.609718,1.875978,1.027678,0.594078,1.387951,0.204980,0.595581,1.629097,0.952088,0.672876,2.713606,0.628795,0.355396,2.026090,-0.013808,0.530423,1.317486,0.004432,0.663618,1.282438,0.300817,0.524501,1.854681,0.417937,0.499327,1.809307,-1.217001,0.521488,1.449377,0.061969,0.701242,1.381520,-0.018967,0.602994,1.330587,-0.280632,0.864041,1.843806,-0.025973,0.449653,2.335958,-1.465793
0.417243,1.602965,2.089797,0.670528,2.401537,-1.877730,0.590838,0.664380,-0.487403,0.170668,0.182603,-1.373756,0.877998,2.037445,-0.727307,0.744618,1.371745,1.113533,1.259531,0.809304,-0.901758,0.243418,0.320986,-0.755582,1.027076,0.548463,3.231609,1.210847,0.532392,1.979990,0.753459,0.750681,0.612996,-0.000001,-0.000001,-0.000001,1.251693,0.294319,3.083446,-1.131569,-1.131667,-1.102628,-0.000001,-0.000001,-0.000001,-0.241073,2.670195,-0.421759,1.254854,7.153944,0.767164,0.415519,1.144555,0.772136,1.267794,2.604285,0.764589,-0.000001,-0.000001,-0.000001,-0.000001,-0.000001,-0.000001,-0.000001,-0.000001,-0.000001,-0.000001,-0.000001,-0.000001,-0.000001,-0.000001,-0.000001,-0.000001,-0.000001,-0.000001,0.070541,1.673174,0.237989,0.099181,0.724727,0.971101,0.225578,-1.302417,1.865798,-0.019517,-1.940359,-1.535779,0.626282,-2.595476,-1.547783,0.046038,-0.801895,-1.662898,-0.321651,0.067963,-0.203772,-0.392991,0.275108,1.263525,-0.233509,0.332827,0.077698,0.253730,0.625181,-1.034029,-0.014907,1.225499,-0.457040,-0.108480,1.614370,0.867699,0.002401,0.783088,-0.215038,0.294055,1.734897,-0.851749,-0.344924,1.992006,-0.819190,-0.019274,1.573110,-0.454785,0.041895,0.186688,-2.519748,0.146905,2.424799,0.753854,-0.232529,2.124025,0.332090,-0.029152,1.704655,-0.197674,0.028131,1.328058,-0.412759,0.972815,1.889765,-1.561343,1.089842,2.265633,0.023441,1.079244,2.554992,1.327063,0.185108,2.792235,0.392817,-0.481849,2.379359,0.728604,1.122732,1.716811,0.353738,0.288142,1.166642,0.203006,0.031418,1.007774,0.200258,-0.156536,0.966172,0.442432,0.593721,1.294445,-0.615116,-0.902208,0.452168,-0.786260,-1.196819,0.173986,0.554718,-0.784325,-0.101020,-0.360347,-0.017503,1.103925,-0.643884,-0.947868,1.097730,-1.491074,-0.890341,1.693982,-0.273413,-0.593593,2.067217,-1.154901,-0.395381,1.095134,-1.104997,-1.046654,1.193620,0.147757,-0.857760,1.657929,0.364631,-0.541468,1.842227,0.705319,0.727738,0.970814,1.507177,0.896164,0.958866,-0.324585,0.727411,1.407620,1.666827,0.852876,1.736560,2.117743,0.829954,1.509242,-0.095419,0.635258,2.251858,-0.369345,0.720526,2.548626,-1.642472,0.644672,1.141934,1.591685,0.716312,3.477143,1.662853,0.699499,1.239973,-0.284138,0.324957,3.345093,0.231341,0.333258,3.284784,0.204220,0.597521,1.749517,-1.361964,0.321006,1.965676,-0.033229,0.763150,2.719354,0.260749,0.255961,2.263999,0.323975,0.882397,2.322160,-1.145690,0.758433,1.951955,-0.663875,0.606149,1.515901,0.349678,0.740940,2.188383,-1.388014,0.606137,2.550388,-1.502958,0.564151,2.143900,-0.682809,0.280419,1.902700,0.653671,0.456700,2.679357,-0.661544,0.350993,2.320078,-0.848872,0.440308,1.975845,1.649064,0.577121,2.162739,-1.823844,0.845537,2.031045,0.647243,0.785496,1.981732,0.944613,0.802713,2.524987,-0.909508,0.784269,2.178134,-1.734999,0.527723,1.734984,-0.442578,0.604361,2.263429,0.358269,0.592185,2.708070,0.576297,0.667222,2.208591,0.450291,0.475567,1.800978,-0.561943,0.796261,1.716316,1.426703,0.767855,1.574157,1.044861,0.739878,1.577580,0.923128,0.677643,1.737529,1.404376,0.701168,2.210446,-1.545718,0.766412,1.889014,-0.615446,0.704768,1.994599,-0.256694,0.940889,1.877956,0.695831,0.166576,1.949435,2.299705,0.207898,2.089144,-0.669566,0.344039,2.513561,0.962178,0.805377,2.405912,0.542674,0.549108,2.559263,-0.421188,0.646216,1.466683,-0.826799,0.679687,1.876818,-0.235619,0.656758,2.282151,1.192192,0.773404,1.848247,-0.084188,0.212386,1.624896,-0.171269,0.240749,2.037824,-0.297227,0.230278,2.004344,0.370511,0.609718,1.876513,1.026523,0.594078,1.387951,0.202588,0.595581,1.629097,0.952332,0.672876,2.713606,0.624872,0.355396,2.026549,-0.019854,0.530423,1.317486,0.006390,0.663618,1.282438,0.301256,0.524811,1.854681,0.418586,0.499327,1.809307,-1.220943,0.521799,1.449377,0.061899,0.701242,1.381520,-0.019971,0.602994,1.330587,-0.279135,0.864041,1.843806,-0.026218,0.449653,2.335958,-1.464660
0.422112,1.599863,1.598947,0.664287,2.393570,-1.658090,0.582824,0.639491,-0.044795,0.039324,0.003525,-1.722139,0.567980,1.397377,-0.475452,0.745525,1.390323,0.802480,0.812482,1.671644,-0.787296,0.246014,0.331478,-0.993352,0.966442,1.215909,1.405475,-0.924302,1.205189,2.856171,-1.414717,-1.414742,-1.335527,-0.000001,-0.000001,-0.000001,1.249444,1.718761,1.096252,-1.131569,-1.131667,-1.102628,-0.000001,-0.000001,-0.000001,-0.236311,2.664070,-0.301995,1.254418,0.156230,1.006091,0.422624,1.122320,0.349195,1.281282,2.177090,-0.009956,-0.000001,-0.000001,-0.000001,-0.000001,-0.000001,-0.000001,-0.000001,-0.000001,-0.000001,-0.000001,-0.000001,-0.000001,-0.000001,-0.000001,-0.000001,-0.000001,-0.000001,-0.000001,0.204330,1.600605,0.810999,0.529583,0.473444,0.361912,0.320859,-1.843712,0.410006,0.072731,-1.837805,-0.167933,0.780331,-2.214103,-0.805988,-0.170947,-0.716810,-1.784993,-0.277953,-0.951573,-1.254323,-0.515628,-0.243059,-0.647315,-0.491309,1.191786,-0.229715,0.367684,0.294200,-0.669313,0.114955,1.035267,-0.514855,0.042358,0.734994,0.199107,0.173324,0.819886,-0.019643,0.202350,0.798455,-0.536258,-0.133340,1.400842,-1.048191,-0.042299,1.062665,-1.095377,0.169492,0.606147,-2.299155,0.303010,1.246969,-0.047383,-0.006981,1.493244,-0.253279,0.109585,1.421038,-0.587090,0.184572,0.677932,-0.643820,0.997660,1.523599,-2.288972,1.343893,1.900736,-1.564352,1.196333,2.187601,-2.041888,0.475214,0.411247,-2.020991,0.379430,0.870932,-1.770118,1.071922,1.254257,-2.233770,0.088249,0.767062,-1.758031,-0.096634,0.602329,-1.722046,-0.275399,0.694090,-1.798931,0.480884,0.907161,-2.434316,-1.154596,1.230099,-1.401883,-1.134441,1.574679,-1.342187,-0.604893,1.886387,-1.100305,-0.145217,0.903719,-2.454546,-1.423901,1.109151,-1.408924,-1.272642,1.466531,-1.647183,-0.506236,1.486636,-1.894549,-0.444983,0.731532,-2.448300,-1.042258,0.935873,-1.393585,-0.965694,1.359595,-0.993090,-0.571487,1.549346,0.077171,0.913661,0.653478,0.589303,1.120242,1.012524,-0.915211,0.722068,1.031528,1.327704,0.848485,1.295748,2.120231,0.825817,1.177934,0.160404,0.840531,1.782558,-0.303253,0.718561,2.015124,-1.345091,0.643707,0.748830,1.356261,0.717746,2.844611,1.765085,0.702946,1.322768,-0.145872,0.329072,2.703258,0.167566,0.338867,2.679738,0.139393,0.603719,1.824370,-1.560625,0.548846,2.036020,0.333282,1.026386,2.163010,0.682816,0.478497,2.363980,-0.157425,0.892166,1.758036,-1.514304,0.753282,2.004131,-0.691409,0.601007,1.181150,-0.061338,0.737490,2.234699,-1.055666,0.604598,2.597173,-1.172886,0.564151,1.710812,-1.133786,0.637483,1.420867,-0.210463,0.461683,2.736832,-0.758428,0.685002,2.386801,-1.514590,0.448591,1.409709,1.547189,0.585261,2.240641,-1.846853,0.847117,1.626204,0.537268,0.787056,1.658866,0.833922,0.804336,2.580426,-0.615219,0.785914,2.244296,-1.773950,0.835700,1.396715,-0.199822,0.605018,1.772686,0.587476,0.593790,2.164338,1.014791,0.669776,1.760518,0.795715,0.478806,1.858996,0.083265,0.792195,1.400244,1.752782,0.764164,1.173932,1.020899,0.994576,1.194838,0.834616,0.676775,1.799838,1.118598,0.699089,2.284022,-2.019778,0.762718,1.957358,-1.045238,0.413983,1.578927,-0.025112,0.621935,1.445092,0.566256,0.171979,1.540992,2.867043,0.214146,2.144621,-0.016839,0.349429,1.891940,0.789803,0.811195,1.809836,-0.682828,0.764123,2.116629,-0.094104,0.645945,1.527484,-0.448539,0.680594,1.536299,0.353609,0.658537,2.377198,0.974014,0.775884,1.915579,0.302809,0.215322,1.694367,-0.308444,0.244418,2.117949,-0.315093,0.479523,2.077304,0.557508,0.612074,1.963660,0.565730,0.595795,1.456602,-0.226681,0.596429,1.265195,0.435904,0.672618,2.223318,0.794753,0.596589,1.649594,0.040261,0.531281,1.384063,-0.574666,0.665385,1.351500,-0.029119,0.819451,1.449949,0.248302,0.502722,1.880332,-0.868063,0.816893,1.082478,-0.143118,0.703029,1.448657,-0.139378,0.603861,1.394355,-0.496630,0.861595,1.903138,-0.265412,0.195004,2.415938,-1.474946
0.427874,1.596358,1.409142,0.654053,0.162174,-0.990370,0.573353,0.607772,0.487616,-0.222626,-0.174184,-1.865786,0.561215,1.257833,0.731469,0.741786,1.371745,0.451056,0.810186,1.668184,-1.183550,0.251017,1.224225,-0.986012,-0.236542,1.207215,0.764051,-0.919388,1.197637,2.746004,0.752692,0.750669,0.570117,-0.000001,-0.000001,-0.000001,0.689184,1.018121,0.132448,-1.131569,-1.131667,-1.102628,-0.000001,-0.000001,-0.000001,-0.247865,2.651222,-0.236401,1.256930,0.085778,1.290570,0.420775,1.113042,0.821474,1.288213,1.799032,-0.067836,-0.000001,-0.000001,-0.000001,-0.000001,-0.000001,-0.000001,-0.000001,-0.000001,-0.000001,-0.000001,-0.000001,-0.000001,-0.000001,-0.000001,-0.000001,-0.000001,-0.000001,-0.000001,0.181806,2.322405,1.111157,0.410545,0.541232,1.280179,0.524196,-1.021636,0.692736,0.409442,-1.557033,0.409512,0.686582,-2.251746,-1.227855,0.163336,-0.535530,-1.666743,0.038362,-0.866096,-0.757584,-0.082493,0.048042,-0.291349,-0.137454,1.054358,-0.121227,0.363137,0.480374,-0.192318,0.080093,1.460126,-0.366139,-0.024552,0.946036,0.359481,0.226152,0.608201,-0.589266,0.229907,1.608010,-0.799788,-0.128979,1.903765,-0.629157,0.050570,1.457094,-0.014769,0.112892,0.727617,-1.811760,0.340896,2.346663,1.213060,0.009964,1.851921,0.124117,0.107515,1.628534,-0.156890,0.170695,0.951275,-0.084022,0.801746,1.172325,-0.979319,0.998599,1.617642,0.053641,1.084124,1.854092,0.304936,0.830336,1.864530,0.068398,0.750270,1.341855,0.402251,0.935208,0.888965,-0.738244,0.176179,0.362517,-0.049275,0.119560,0.282027,0.103567,-0.077309,0.361967,-0.182273,0.341959,0.543538,-1.833742,-0.968895,-0.190287,0.710347,-0.665327,0.141350,-1.342045,-0.202041,0.125434,-1.237646,-0.175919,0.412488,-1.827078,-0.947841,0.442679,-2.188230,-0.673754,0.323995,-2.476674,-1.064775,0.497639,-2.301596,-0.576669,0.312557,-1.662214,-1.162631,0.246462,-1.786576,-1.181509,0.475087,-2.286207,-1.101624,0.421577,-2.057574,0.887243,0.859076,0.640966,1.080007,1.140399,-1.304115,0.875168,1.088765,0.925977,0.978968,1.250460,1.662231,0.946019,1.454507,1.814216,0.948072,1.519733,-0.067252,0.785312,1.622680,0.194929,0.683775,0.889196,0.152059,0.706175,2.251695,1.531486,0.640159,1.891133,0.818279,0.438395,2.223757,-0.606936,0.629042,2.340889,-0.359504,0.859385,2.151488,-0.387394,0.605052,2.000848,-0.586084,0.824777,2.253727,1.093652,0.516852,1.909662,-1.248900,0.926378,2.135038,-1.107255,0.902923,1.509894,-0.835751,0.758228,1.168542,0.175985,0.557563,2.232196,-1.079186,0.676221,2.187432,-1.166619,0.592187,1.204071,-0.215323,0.590167,1.402720,-0.029188,0.706254,2.237590,-1.163313,0.542440,1.813696,-1.260131,0.575068,1.394371,1.185139,0.663712,1.514435,-1.059120,0.834705,1.506356,0.916736,0.774803,1.510018,1.132860,0.791586,1.958894,-0.573439,0.772991,1.932780,-1.408740,0.866904,1.455249,0.281095,0.615991,1.281942,0.767452,0.581191,1.613928,1.295288,0.634406,1.312445,1.016371,0.729937,1.528720,0.702931,0.918402,1.282683,1.390021,0.882943,1.512550,1.046846,0.809775,1.518666,0.548813,0.727797,1.635899,1.160992,0.524836,1.513348,-1.741450,0.588560,1.768927,-0.766634,0.636144,1.424320,0.346045,0.835821,1.321080,1.126311,0.326128,1.423977,2.206308,0.331309,2.006078,-0.975148,0.237152,1.653009,0.272726,0.699338,1.580724,0.381239,0.806035,1.466887,0.796597,0.675326,1.472634,0.391312,0.687838,1.504634,0.783215,0.644183,1.717850,0.706369,0.739076,1.452549,1.081623,0.417577,1.635421,-0.138956,0.410516,1.513669,-0.292133,0.427819,1.504228,0.628340,0.577103,1.789946,-0.348986,0.581945,1.723486,-0.577425,0.603208,1.553393,-0.426604,0.700633,2.039004,1.074647,0.634736,1.547171,0.741999,0.538131,1.713208,-1.034588,0.651125,1.692930,-0.014649,0.783124,1.362300,-0.251638,0.688962,1.348760,0.071763,0.780510,1.436586,-0.263536,0.688610,1.776689,0.306498,0.610788,1.705928,-0.280737,0.949186,1.767795,-0.355157,0.356202,1.606377,-1.504535
0.428307,1.595198,1.421388,0.653680,0.159959,-0.965966,0.571897,0.605207,0.539915,-0.222652,-0.174527,-1.863523,0.560825,1.257833,0.738500,0.741786,1.371745,0.465239,0.810450,1.669914,-1.075676,0.250823,1.224225,-0.967511,-0.236290,1.204727,0.875394,-0.918150,1.192593,2.771940,0.752662,0.750669,0.588202,-0.000001,-0.000001,-0.000001,0.149603,1.016757,0.282898,-1.131569,-1.131667,-1.102628,-0.000001,-0.000001,-0.000001,-0.247865,2.649392,-0.241255,1.257365,0.087212,1.305341,0.420775,1.113436,0.830941,1.287814,1.832125,-0.027262,-0.000001,-0.000001,-0.000001,-0.000001,-0.000001,-0.000001,-0.000001,-0.000001,-0.000001,-0.000001,-0.000001,-0.000001,-0.000001,-0.000001,-0.000001,-0.000001,-0.000001,-0.000001,0.181113,2.322405,1.096048,0.410190,0.537238,1.233805,0.524196,-1.025709,0.675417,0.409442,-1.562438,0.426976,0.686582,-2.261171,-1.248603,0.162787,-0.542937,-1.661893,0.037950,-0.878318,-0.707745,-0.282714,0.036386,-0.221307,-0.137454,1.046715,-0.121359,0.362622,0.476923,-0.186238,0.079642,1.453778,-0.338664,-0.024817,0.937234,0.348998,0.226020,0.598987,-0.635951,0.229231,1.604986,-0.789586,-0.129459,1.650082,-0.640472,0.050245,1.454191,-0.013609,0.112667,0.394952,-1.864517,0.340354,2.344800,1.125379,0.009548,1.850153,0.130340,0.107281,1.626629,-0.142507,0.170455,0.946375,-0.089598,0.829307,1.172554,-0.956984,0.998172,1.617857,0.080867,1.110628,1.854296,0.325320,0.829864,1.864738,0.090787,0.749846,1.342030,0.410357,0.934671,0.889191,-0.727667,0.175658,0.362990,-0.040407,0.119088,0.282454,0.103015,-0.077742,0.362332,-0.172683,0.341435,0.543750,-1.812665,-0.969366,-0.189838,0.717502,-0.665839,0.141592,-1.295784,-0.202544,0.125679,-1.207150,-0.176400,0.412688,-1.822897,-0.948267,0.442895,-2.173614,-0.674234,0.324215,-2.475578,-1.034240,0.520058,-2.296953,-0.577024,0.312752,-1.620376,-1.162957,0.246670,-1.815126,-1.181897,0.475306,-2.292948,-1.102023,0.421789,-2.070253,0.887439,0.858703,0.585556,1.308664,1.140011,-1.317323,0.875168,1.088314,0.913336,0.978968,1.249927,1.662498,0.946211,1.454102,1.849941,0.948072,1.519155,-0.072791,0.785312,1.621963,0.229746,0.683775,0.888706,0.136239,0.706175,2.250905,1.534236,0.640159,1.890633,0.812065,0.438194,2.222098,-0.620696,0.629042,2.340144,-0.367998,0.859385,2.150518,-0.351050,0.604817,2.000352,-0.621361,0.824517,2.253006,1.095872,0.516633,1.908934,-1.257837,0.926378,2.135038,-1.099261,0.903162,1.509894,-0.404081,0.758228,1.168542,0.182527,0.557563,2.232196,-1.128879,0.676221,2.187432,-1.136983,0.591850,1.204071,-0.181040,0.589806,1.402720,-0.027993,0.705905,2.237590,-1.160979,0.542440,1.813696,-1.260878,0.574731,1.394371,1.149095,0.663447,1.514435,-1.060415,0.834705,1.505884,0.902285,0.774803,1.510018,1.117093,0.791586,1.958481,-0.592746,0.772991,1.932302,-1.423325,0.561520,1.454844,0.258038,0.615663,1.281355,0.752846,0.581191,1.613222,1.289567,0.634406,1.311909,1.009369,0.729621,1.528720,0.691542,0.918402,1.282283,1.375466,0.882943,1.512084,1.036551,0.809775,1.518220,0.560545,0.727797,1.635899,1.155085,0.524836,1.513348,-1.735504,0.588560,1.768927,-0.784854,0.635844,1.423794,0.322439,0.835463,1.321080,1.116951,0.326128,1.423977,2.195477,0.331045,2.005630,-0.981066,0.237152,1.653009,0.245951,0.698977,1.580724,0.377628,0.806035,1.465808,0.798204,0.675326,1.472246,0.392425,0.687838,1.504188,0.779426,0.644183,1.717231,0.711982,0.738749,1.452074,1.078194,0.417577,1.634938,-0.137202,0.410276,1.512665,-0.288254,0.427819,1.503780,0.623478,0.576792,1.789411,-0.363124,0.581945,1.723067,-0.562286,0.603208,1.552465,-0.441604,0.700633,2.038354,1.070444,0.634736,1.546253,0.745546,0.538131,1.712788,-1.032281,0.651125,1.692495,-0.003159,0.782801,1.361767,-0.249436,0.688962,1.348315,0.072238,0.780186,1.436140,-0.256259,0.688610,1.776230,0.322559,0.610788,1.705492,-0.272188,0.949186,1.767795,-0.334269,0.356202,1.605672,-1.546356
0.435853,1.583169,1.105960,0.664417,0.155962,-1.404725,0.584647,0.592750,0.207038,-0.226164,-0.179331,-1.550090,0.401140,0.488862,-0.009209,0.745630,1.371745,0.671775,0.813096,0.812764,-1.310302,0.249385,0.305238,-0.612215,0.986811,1.197277,1.884977,1.122754,0.547510,1.825883,0.752846,0.750669,0.455081,-0.000001,-0.000001,-0.000001,1.242804,1.011316,1.110195,-1.131569,-1.131667,-1.102628,-0.000001,-0.000001,-0.000001,-0.247865,2.626125,-0.155465,1.264079,0.050552,1.392738,0.420152,1.117064,1.113235,1.284548,1.732847,0.077249,-0.000001,-0.000001,-0.000001,-0.000001,-0.000001,-0.000001,-0.000001,-0.000001,-0.000001,-0.000001,-0.000001,-0.000001,-0.000001,-0.000001,-0.000001,-0.000001,-0.000001,-0.000001,0.372682,1.230628,1.286176,0.412486,0.684843,1.379374,0.529824,-1.355325,1.840977,0.246377,-2.021362,-1.155855,0.689493,-2.138759,-1.300193,0.162418,-0.853695,-1.620582,0.040605,-0.035846,0.267420,-0.078254,0.170281,2.090385,0.218263,0.695526,0.143110,0.358579,0.573461,-0.640692,0.077875,0.813296,-0.138770,-0.024286,1.535203,1.040188,0.084177,0.695616,-0.734541,0.377112,1.692601,-0.183361,-0.132734,1.954496,-0.539599,0.049052,1.848619,0.319107,0.113117,1.115260,-1.219874,0.335484,2.609009,1.599358,-0.087364,2.295405,0.510791,0.018653,1.889311,0.056114,0.169250,1.842730,0.170213,0.698369,0.683339,-0.934214,1.006481,1.138181,1.503424,1.226920,1.096856,0.922439,1.197453,1.007791,0.455321,1.365326,0.693263,0.904485,0.645651,0.311285,-1.790678,0.094121,0.180933,-0.100593,-0.064627,0.095736,0.411038,-0.069839,0.030029,0.520903,0.145879,-0.018267,-1.312636,-0.743318,-0.174389,-1.029394,-0.353342,0.818488,-1.030958,-0.037135,1.016558,-1.004625,-0.450760,-0.097307,-1.290808,-0.716307,0.209102,-0.549468,-0.632805,0.593201,-0.571137,-0.528894,0.756733,-1.186289,-0.782197,-0.144433,-0.091683,-0.911000,0.261058,-0.680735,-0.874892,0.421541,-1.214531,-0.702359,0.614847,-1.138684,0.889442,1.212633,0.217236,1.311311,1.132447,-1.553880,0.877425,1.080427,0.869427,0.981265,1.241713,1.632713,0.948584,1.448703,1.382668,0.951143,1.512075,-0.017144,0.788252,1.614515,0.079385,0.687566,0.883687,0.328368,0.710516,2.242731,1.663198,0.645069,1.436834,0.297352,0.442709,2.213934,-0.613930,0.634002,2.331017,-0.583111,0.864136,1.691815,-0.456642,0.610357,1.548492,-1.281752,0.831164,1.594404,1.288653,0.522238,1.894790,-1.151203,0.933185,1.477326,-0.083155,0.906117,1.499355,-0.734891,0.762153,1.158636,0.447428,0.562265,1.822275,-1.042988,0.681179,1.773362,-1.211466,0.597281,1.191240,0.363179,0.596814,1.388461,-0.148954,0.713401,1.728946,-1.083659,0.549618,1.217319,-0.663796,0.582067,1.378326,1.114547,0.669952,1.498832,-0.831262,0.840432,1.495228,0.954460,0.780457,1.501881,1.199188,0.797469,1.548640,-0.714193,0.778953,1.458214,-1.072085,0.566993,1.053919,0.112217,0.621471,1.271126,0.735536,0.587004,1.601928,1.078527,0.640147,1.302569,0.899826,0.736086,1.133441,0.388993,0.921917,1.274345,1.229830,0.887563,1.048310,0.978392,0.813796,1.074703,0.388531,0.732407,1.140423,1.317625,0.528983,1.500201,-1.451613,0.593208,1.229279,-0.717576,0.934003,1.413355,0.204789,0.842579,1.309225,1.230914,0.332110,1.412791,1.275790,0.583313,1.560660,-1.347951,0.242805,1.636592,0.013963,0.706159,1.564981,0.814225,0.809878,1.458029,0.701681,0.680040,1.466295,-0.057570,0.693268,1.497869,0.390838,0.649568,1.707696,0.917828,0.744628,1.445356,0.860222,0.422654,1.194908,-0.296674,0.415435,1.505430,-0.765511,0.432707,1.497806,0.256071,0.582378,1.262203,0.093947,0.587142,1.310292,-0.630561,0.608290,1.113823,-0.156136,0.705128,1.447259,1.151354,0.638764,1.539637,0.387162,0.543266,0.891238,-0.908640,0.656476,1.263250,-0.239871,0.788603,0.876441,0.040405,0.694198,1.341939,-0.432165,0.785997,0.996144,-0.286710,0.694020,1.358988,-0.082830,0.615980,1.309186,-0.650616,0.953270,1.291741,-0.174396,0.618964,1.591032,-1.275675
0.438937,1.571519,1.041264,0.664287,0.099329,-1.390281,0.592478,0.535723,0.709313,-0.356769,-0.531653,-0.441832,0.245635,0.102644,1.580954,0.736529,-0.204381,-0.396342,1.259617,1.668184,-0.842512,0.742202,0.299982,-0.160039,1.003791,0.542258,1.204525,1.122754,0.521057,-0.234564,-1.414717,-1.414742,-1.335527,-0.000001,-0.000001,-0.000001,1.250085,0.292954,2.272128,-1.131569,-1.131667,-1.102628,-0.000001,-0.000001,-0.000001,-0.245836,2.615742,-0.140406,1.273305,0.035852,1.568210,0.422011,1.118693,1.169935,1.288213,2.028675,0.124934,-0.000001,-0.000001,-0.000001,-0.000001,-0.000001,-0.000001,-0.000001,-0.000001,-0.000001,-0.000001,-0.000001,-0.000001,-0.000001,-0.000001,-0.000001,-0.000001,-0.000001,-0.000001,0.500279,1.263304,-0.421245,-0.005725,0.636972,0.036469,0.344713,-1.078616,1.196643,0.422691,-1.227687,2.110886,0.798845,-1.559688,-0.535923,0.116894,-0.716810,-1.227464,-0.214039,-1.403325,0.106886,-0.083733,-0.569054,1.735858,0.048461,1.455224,1.568690,0.288289,0.301101,0.949953,0.195925,0.099895,0.891110,0.097258,0.484342,0.212873,0.355547,0.083538,-0.320116,0.608463,1.127712,0.111473,0.356683,0.730243,1.108916,0.258689,1.187356,0.989962,0.466322,1.080550,-0.676448,0.514859,1.433041,-0.805433,0.242734,1.528594,-0.433028,0.073442,1.263057,-0.257917,0.410979,1.303438,-0.248155,0.657919,0.051829,-1.023572,0.921237,0.416313,0.587950,0.984295,0.506173,0.084512,1.341376,0.504619,0.100672,1.385045,-0.010063,-0.523374,0.406523,-0.379943,-1.213248,-0.044220,-0.168286,-0.135868,-0.116837,-0.044036,0.626052,-0.076036,0.021452,1.350764,-0.283215,-0.555141,-0.026795,-0.349697,0.017969,-0.246886,-0.400541,0.079219,-1.332005,-0.543146,0.035585,-1.552936,-0.733700,-0.529655,-0.791516,-0.654033,0.020776,-0.851463,-0.753704,-0.062343,-1.136402,-0.497562,-0.140684,-0.674712,-0.879212,-0.514275,-0.200179,-0.843242,-0.017125,-0.781941,-0.831403,0.146155,-0.565458,-0.715521,0.297544,-0.647948,0.893245,1.204625,-0.181841,1.315644,1.122944,-1.785885,0.881130,0.630499,0.660826,0.984511,1.225329,1.600640,0.951736,1.041908,0.961196,0.954188,1.491943,-0.191924,0.976923,1.589415,0.105243,0.689939,0.388818,0.191032,0.712196,1.443299,1.159807,0.646061,1.418850,-0.082248,0.638160,2.183804,-0.743828,0.634002,2.305061,-0.788255,0.863934,1.676527,-0.451125,0.609888,1.534873,-1.545521,0.830375,1.576649,1.225065,0.521562,1.877610,-1.304402,0.932079,1.463089,-0.366150,0.910040,1.057294,-0.436505,0.766692,1.152332,0.127400,0.864021,1.416193,-1.235318,0.684585,1.363171,-1.307484,0.600145,1.183075,0.320726,0.599040,1.379387,-0.345061,0.714825,1.224982,-0.810714,0.550314,1.208100,-0.632820,0.884364,1.367612,0.212337,0.927008,1.487310,-0.470331,0.842673,1.027986,1.200642,0.782669,1.125929,1.101032,0.799771,1.137112,-0.436693,0.781287,0.981694,-0.512380,0.569900,1.043111,0.014803,0.624046,1.255464,0.612109,0.589279,1.584553,0.953713,0.642389,1.288270,0.707694,0.737693,1.122795,-0.098764,0.925697,1.266807,1.246025,0.891266,1.039681,1.088975,0.817011,1.066452,0.480608,0.735574,1.130239,1.326031,0.777907,1.488222,-1.227727,0.889926,1.218152,-0.348117,0.935230,1.403441,0.557019,0.843600,1.299893,1.376070,0.603077,1.403985,0.174958,0.830136,1.116101,-1.232988,0.498869,1.622476,-0.628216,1.031846,1.551446,0.689310,0.812134,1.440942,0.602597,0.682544,1.077236,-0.338744,0.695671,1.085125,0.181664,0.651652,1.688676,0.823636,0.746503,1.432320,0.711357,0.423991,0.747514,-0.269110,0.416405,1.001850,-1.030197,0.433994,1.047687,-0.108560,0.584160,0.724023,0.780390,0.589152,0.482157,-0.114673,0.610538,0.666460,0.674547,0.707515,1.426957,1.121325,0.641292,1.079076,0.234661,0.545537,0.470130,-0.511387,0.658546,0.826460,0.013064,0.790454,0.860773,0.395391,0.695241,0.895553,-0.703733,0.787851,0.548377,0.006439,0.696114,0.523164,-0.059956,0.618277,0.905846,-0.615352,0.956547,1.282404,0.372562,0.876590,0.946095,-1.019733
0.444266,1.565315,0.651406,0.671908,0.101112,-1.344754,0.594479,0.517717,0.830580,-0.487095,-0.540230,0.366928,0.087213,-0.422870,-1.186005,0.740879,-0.219859,-0.279495,1.262355,0.811034,-1.064852,0.743646,0.322738,-0.340165,-0.246238,-0.091627,0.125794,-0.916925,-0.129070,0.756309,0.753125,0.750669,0.994303,-0.000001,-0.000001,-0.000001,0.144139,0.288861,0.775720,-1.131569,-1.131667,-1.102628,-0.000001,-0.000001,-0.000001,-0.225460,2.585155,-0.589198,1.279199,0.012368,1.468780,0.417057,1.117064,1.070851,1.289035,1.979537,-0.177252,-0.000001,-0.000001,-0.000001,-0.000001,-0.000001,-0.000001,-0.000001,-0.000001,-0.000001,-0.000001,-0.000001,-0.000001,-0.000001,-0.000001,-0.000001,-0.000001,-0.000001,-0.000001,0.479812,1.680391,-0.013977,-0.079026,0.728720,-0.348412,0.247050,-1.302417,1.510555,0.504369,-0.720122,1.325685,0.857784,-0.999468,-0.684434,0.275683,-0.801895,-0.934078,-0.296536,-0.627998,-0.586597,0.029013,0.269281,1.783386,0.136610,0.760396,-1.014382,0.273288,0.235620,0.505164,0.336870,0.505750,1.385760,0.504762,1.108718,0.787770,0.592753,0.778481,0.751815,0.615082,1.052192,0.824008,0.354258,0.992731,1.135528,0.362310,0.584118,0.304910,0.560648,1.164413,-0.648676,0.648988,1.163223,-1.092939,0.246804,1.123977,-0.824878,0.327054,1.057489,-0.886347,0.491447,1.325593,0.345751,0.484799,-0.541416,-0.434592,1.100736,-0.227395,-0.170335,1.094500,-0.068591,-0.663508,0.836623,0.002899,-0.427133,1.373682,-0.166572,-0.754944,0.338438,-0.957059,0.814326,0.284816,-0.259669,0.140026,0.102654,0.094669,-0.992624,-0.045455,0.178937,-1.145979,-0.157958,-1.071880,0.733428,-0.230096,-0.109673,-1.615427,-0.137353,-0.056159,-0.712285,-0.239213,-0.151699,-0.398769,-0.530314,-0.973978,0.489436,-0.550075,-0.320755,-0.910140,-0.512027,-0.319461,-0.255190,-0.380114,-0.344575,0.493602,-0.814807,-0.925646,0.909072,-0.780090,-0.517398,-1.045905,-0.893160,-0.534001,-1.012822,-0.833338,-0.559011,-0.716779,0.896242,1.198510,-0.060062,1.319262,1.493897,-1.978588,0.884207,1.061499,0.058291,0.987384,1.217736,1.608979,0.954686,1.429603,1.035099,0.957676,0.922608,-0.244300,0.980262,1.581306,0.147323,0.693980,0.382820,0.282070,0.716312,1.433610,1.265344,0.884191,0.515027,-0.233489,0.641855,1.400076,-0.805800,0.637891,1.571045,-0.845090,1.063994,1.217863,-0.430357,0.614266,1.083471,-1.755140,0.835411,1.566440,1.144141,0.738941,1.865712,-1.135468,0.937516,1.452273,0.791987,0.913713,1.049511,-0.147513,1.058154,1.145996,-0.516365,0.869068,1.009255,-1.809443,0.983794,1.355898,-1.640093,0.605563,1.174868,-0.183283,0.605688,1.370268,0.284634,0.721261,1.216133,-0.495832,0.880900,1.197685,-0.547363,0.890106,1.356299,0.032738,0.932166,1.475787,-0.228971,0.848413,1.019808,1.083528,0.788335,1.119747,0.769683,0.805667,0.728994,-0.295295,0.787264,0.974321,-0.258501,0.575347,1.036896,-0.202707,0.629552,1.246459,0.552886,0.595105,1.574562,0.856922,0.647781,1.280047,0.737191,0.743526,0.729146,-0.096037,0.930039,1.260746,1.064022,0.896526,1.031597,1.111741,0.821304,1.058720,0.533311,0.740183,1.122051,1.425036,0.782053,0.911397,-1.108006,0.895190,1.209242,-0.111906,0.940764,0.923596,0.562111,0.850055,1.291149,1.435196,0.878611,0.933663,-0.514316,1.081357,1.108784,-0.791151,0.759249,1.610542,-0.891679,1.037998,1.540002,0.733755,0.815738,1.433163,-0.195757,0.687235,0.694936,-0.577963,0.700782,1.079252,-0.090090,0.656758,1.078758,0.747347,0.752067,1.000291,0.419464,0.428797,0.307410,-0.311206,0.420594,0.995159,-1.528471,0.438621,1.041302,-0.650290,0.589446,0.716888,0.685582,0.594078,0.476151,-0.079389,0.615322,0.660077,0.853795,0.711989,1.418957,0.990771,0.645598,1.072957,-0.152289,0.550371,0.464570,-0.200056,0.663618,0.397687,0.062046,0.795945,0.854252,0.279339,0.699946,0.889177,-0.774057,0.793351,0.542465,-0.050501,0.701242,0.517099,-0.042220,0.623164,0.509540,-0.510592,0.960886,1.274584,0.330542,1.138548,0.935413,-0.132180
0.444266,1.564558,0.628832,1.297782,0.103326,-1.356236,0.594118,0.518162,0.840908,-0.487223,-0.540230,0.375569,0.087243,-0.422870,-1.164768,0.741582,-0.216760,-0.226691,1.262177,0.811034,-1.041950,0.745473,0.320986,-0.264214,-0.241871,-0.091627,0.182564,-0.916099,-0.129070,0.797990,0.753065,0.750681,1.007790,-0.000001,-0.000001,-0.000001,0.147564,0.290225,0.714524,-1.131569,-1.131667,-1.102628,-0.000001,-0.000001,-0.000001,-0.224094,-0.310994,-0.635590,1.279199,0.006452,1.455647,0.417057,1.117484,1.126384,1.289858,1.930400,-0.171384,-0.000001,-0.000001,-0.000001,-0.000001,-0.000001,-0.000001,-0.000001,-0.000001,-0.000001,-0.000001,-0.000001,-0.000001,-0.000001,-0.000001,-0.000001,-0.000001,-0.000001,-0.000001,0.484462,1.676805,0.086250,0.125849,0.724727,-0.620209,0.252168,-1.306491,1.425652,0.508837,-0.730931,1.307159,0.860695,-1.008835,-0.739720,0.280826,-0.805598,-1.026035,-0.290816,-0.640220,-0.553649,0.034137,0.257625,1.864710,0.141263,0.752799,-1.057813,0.277836,0.618280,0.524667,0.340856,0.499403,1.349156,0.508459,1.099916,0.781843,0.596442,0.769268,0.754099,0.618594,1.046144,0.738994,0.357533,0.988315,1.125253,0.365241,0.578312,0.236975,0.563776,1.158622,-0.659518,0.651802,0.949258,-1.197407,0.248964,1.120440,-0.827011,0.329129,1.055583,-0.911372,0.493616,1.320663,0.372377,0.484879,-0.541416,-0.433677,1.100812,-0.249452,-0.158811,1.094603,-0.068591,-0.665977,0.836729,0.002899,-0.417300,1.373771,-0.166572,-0.737965,0.338532,-0.957059,0.812365,0.284930,-0.259692,0.131219,0.102759,0.094669,-1.012342,-0.045359,0.178937,-1.161843,-0.157860,-1.071901,0.729908,-0.230008,-0.109673,-1.621013,-0.137257,-0.056159,-0.720077,-0.239095,-0.151699,-0.405960,-0.530224,-0.973978,0.486253,-0.549995,-0.320971,-0.916377,-0.511937,-0.319461,-0.264119,-0.380025,-0.344575,0.484479,-0.814730,-0.925646,0.902065,-0.780020,-0.517398,-1.054102,-0.893083,-0.534217,-1.023748,-0.833259,-0.559221,-0.722806,1.060756,1.618830,0.879603,1.060252,1.555863,-0.893182,1.053327,1.134922,-0.445561,1.145028,0.788868,0.324946,1.117465,1.105382,1.475388,0.931286,1.022643,-0.469634,0.956904,1.053873,-0.430582,0.891445,0.945342,0.368662,0.689506,1.574538,1.789853,0.857597,1.046423,0.277705,0.425250,1.539513,-0.253717,0.615875,1.700015,-0.375515,1.043113,1.297023,-0.941656,0.591235,1.159385,-0.560577,1.061176,1.027795,1.315007,0.503836,1.274140,-0.648660,1.168633,0.911768,-0.174451,1.116358,0.682493,-0.694466,1.021568,0.828226,0.484384,0.831682,1.469675,-1.132208,0.947825,1.417193,-1.253369,0.871528,0.763277,0.073038,0.564659,0.912879,0.933992,0.682690,1.291391,-0.846070,0.845009,1.285886,-1.033990,0.857599,0.818935,0.856683,0.904742,2.218313,-1.777951,0.812744,1.091803,0.203684,0.753124,1.178636,0.409738,0.769027,1.195547,-1.195976,0.750124,1.050765,-1.434535,0.843727,1.102861,-0.384948,0.899532,0.771328,0.011354,0.865613,1.047445,0.363599,0.914723,0.846229,0.538510,1.015041,1.181678,-0.174801,0.897531,0.958674,0.706880,0.859494,1.102764,0.935540,0.789963,1.126779,-0.227717,0.980304,1.198658,0.541253,0.505633,1.001188,-1.302895,0.858127,1.293190,-0.980142,0.615523,0.998209,0.120895,1.135438,0.877875,0.742075,0.578290,1.005776,2.014631,0.561493,1.177588,-1.022319,0.475445,1.015759,0.350953,1.001724,0.969660,0.816773,0.789582,1.000557,-0.203221,0.918397,0.759715,-0.630150,0.952621,1.147596,0.469378,0.907695,1.182001,1.245502,0.717727,1.072953,0.688413,0.399682,0.815572,0.031665,0.394310,1.079967,0.017901,0.410592,1.117922,0.775292,0.835750,0.807870,0.057565,0.836201,0.954993,-0.474431,0.850987,0.736227,-0.275740,0.932407,0.938520,0.135151,0.616300,1.150520,0.754813,0.788501,0.535029,-0.732139,0.912912,0.893782,-0.472108,0.762053,0.458625,-0.108561,0.671698,0.964353,-0.672611,0.759407,0.617384,-0.295505,0.953318,0.999786,-0.232600,0.863952,0.968007,-0.455096,0.928785,1.347602,-0.855663,0.595662,1.034696,-1.771965
0.443833,1.569199,1.052036,0.661293,0.087392,-1.025097,1.489434,0.519863,-0.430634,-0.497275,-0.902850,-0.352776,-0.537333,-1.199760,-2.071760,0.740675,-0.232239,-0.421658,1.269242,1.671644,-0.568721,0.741720,0.319234,-0.448967,0.967893,-0.091627,1.000933,1.084654,-0.115213,0.270816,0.753877,0.750681,0.352734,-0.000001,-0.000001,-0.000001,0.710713,0.284767,2.017900,-1.131569,-1.131667,-1.102628,-0.000001,-0.000001,-0.000001,-0.224094,2.591877,-0.899598,1.280454,0.006452,1.694582,0.411500,1.106971,1.281005,1.303745,2.357595,-0.107928,-0.000001,-0.000001,-0.000001,-0.000001,-0.000001,-0.000001,-0.000001,-0.000001,-0.000001,-0.000001,-0.000001,-0.000001,-0.000001,-0.000001,-0.000001,-0.000001,-0.000001,-0.000001,0.492029,0.494349,0.224337,-0.016321,0.688836,-0.334897,0.333467,0.353907,0.650230,0.579808,-0.531161,2.391489,0.792638,-0.947687,0.104473,0.313139,0.171117,-0.790727,0.232147,-0.609666,-0.589126,0.103415,0.187764,0.623171,0.212221,1.527736,0.065650,0.280367,0.359723,1.137889,0.354301,-0.201303,0.751779,0.682261,0.563510,1.493801,0.775488,0.166347,1.004836,0.602924,0.496374,1.072408,0.487242,0.520667,1.852604,0.375126,0.262196,-0.053856,0.585545,0.808620,-0.102565,0.753561,-0.416529,-0.288928,0.518857,-0.028018,-0.679400,0.500323,0.442643,-0.997790,0.587159,0.793696,-0.192633,-0.206402,-1.482498,-0.527176,0.117492,-1.295315,-2.149355,0.716295,-1.199298,-0.576736,0.707957,-1.410153,1.018360,0.887340,-1.490617,0.920454,0.413307,-1.518003,1.158493,0.245277,-0.476812,0.801540,0.191241,-0.003065,1.007269,0.297490,0.310507,0.762308,-0.061441,-1.449741,1.332928,-0.137687,-0.467063,0.942048,-0.398815,-0.473658,0.449863,-0.598046,-0.722363,0.207848,-0.397634,-1.380696,1.010340,-0.399731,-0.605186,0.147115,-0.619166,-0.702284,0.746925,-0.724524,-0.926847,0.587518,-0.666104,-1.332337,1.044575,-0.541275,-0.838749,0.262703,-0.785175,-0.961501,0.895093,-0.936904,-1.081267,0.787306,0.893839,1.197393,-0.495979,1.316379,1.115768,-2.046407,0.881740,0.622199,0.362603,0.985087,1.216626,1.473893,0.952521,1.035294,0.821196,1.162088,0.921404,-0.049819,0.977906,1.580644,0.340059,0.691357,0.382290,-0.412552,0.713895,1.432753,0.580156,0.881726,0.963627,-0.301888,1.029846,1.399280,-0.847626,0.840678,1.569493,-0.895129,1.062136,0.764399,-0.082623,0.830811,1.082517,-1.997000,0.833012,1.564387,0.932813,0.736915,1.156250,-1.193603,0.935063,1.450177,0.824436,0.911018,1.047686,-0.620571,1.054808,1.144034,-0.605158,0.865593,1.007540,-1.625633,0.980375,0.950382,-1.402773,0.602374,1.172327,0.104910,0.601627,0.828113,-0.195099,0.717687,0.717912,0.026994,0.877840,0.614115,-0.269681,0.887228,1.353579,-0.379043,0.929714,1.473086,-0.066541,0.844889,1.017842,1.293635,0.784856,1.118580,0.604645,0.802047,0.727719,0.121953,0.783594,0.508084,0.317838,0.877196,0.642187,-0.224397,0.626320,1.244648,0.618659,0.591528,0.939340,0.820426,0.644593,1.278394,0.603333,0.739971,0.339955,-0.012230,0.927064,1.259238,1.198730,0.892810,1.029653,1.157113,0.818362,1.056862,0.616715,0.737017,1.120014,1.188033,0.779205,0.909011,-0.930218,0.891471,1.207613,-0.127070,0.937709,0.921654,0.310018,0.846662,0.799390,0.982122,0.876038,0.931719,-0.738613,1.079032,0.672064,-0.934738,0.756817,0.901139,-1.028034,1.034574,0.859751,0.554705,0.813482,0.908244,-0.037747,0.684190,0.693740,-0.698157,0.697473,0.677876,-0.718790,0.653760,1.077521,0.201544,0.748971,0.998940,-0.093271,0.679670,0.306517,-0.489045,0.884468,0.994113,-1.999759,0.680141,1.040369,-1.521685,0.586504,0.715817,0.272250,0.591186,0.475698,-0.079179,0.612224,0.226890,0.608639,0.709086,1.417757,0.821323,0.642813,1.072001,-0.607126,0.547241,0.463731,-0.075765,0.660640,0.396816,0.038194,0.792889,0.374955,0.471736,0.945576,0.455986,-0.647613,0.790290,0.541573,0.044132,0.698231,0.105499,-0.113738,0.620000,0.508736,-0.643244,0.957897,0.807308,0.495623,1.135836,0.932756,0.120155
0.450920,1.572301,1.022454,0.656423,-2.130312,-0.327492,0.591750,-1.654098,-0.531066,-0.626100,-1.436998,-0.633956,-0.850658,-1.456331,-0.947267,0.739565,-0.247717,-0.252761,1.269684,0.812764,-0.687419,0.737392,0.326243,-0.669523,1.013013,-0.742929,2.148429,1.145287,-0.775413,0.831730,0.753110,0.750669,0.711080,-0.000001,-0.000001,-0.000001,1.253085,-0.418602,2.438644,0.934557,0.938453,0.695539,-0.000001,-0.000001,-0.000001,-0.211918,2.590047,-1.136270,1.287168,0.005018,1.630849,0.413660,1.108994,1.125625,1.315189,1.963492,-0.514813,-0.000001,-0.000001,-0.000001,-0.000001,-0.000001,-0.000001,-0.000001,-0.000001,-0.000001,-0.000001,-0.000001,-0.000001,-0.000001,-0.000001,-0.000001,-0.000001,-0.000001,-0.000001,0.460217,0.871543,-0.312792,0.300164,0.740700,-1.264816,0.227117,0.093444,-0.855716,0.486970,0.521668,1.350308,0.736705,0.083388,0.464118,0.254574,0.049044,-0.694285,0.141897,0.086295,-0.776232,0.408250,0.286764,-0.156354,0.469094,0.344291,-1.983057,0.254070,0.245931,0.085126,0.487131,0.160158,-0.929778,0.638839,0.132624,0.455722,0.578027,0.796852,1.243564,0.599824,0.037206,-0.741055,0.614653,0.002288,1.335559,0.472781,0.268002,-0.608357,0.547812,0.192479,-0.175269,0.636863,-0.515130,0.395116,0.707282,-0.869044,-0.169553,0.578825,-0.012293,-0.823106,0.573120,0.219894,-0.585283,-0.098738,-1.903657,-0.404412,0.288984,-1.821008,-1.453664,0.746318,-1.384851,-0.085295,0.696410,-1.559195,1.294931,0.864903,-1.618622,0.999922,0.505548,-1.527210,1.084748,0.474121,-0.284092,0.764033,0.358836,0.155058,0.949414,0.413494,0.502846,1.110774,0.027242,-1.549023,1.169275,0.052634,-0.388688,1.269987,-0.377596,-0.609763,0.122021,-0.570448,-0.902792,0.228847,-0.299088,-1.485828,0.872873,-0.263600,-0.581053,0.289833,-0.609394,-0.809088,1.188016,-0.737682,-1.044444,0.955804,-0.544491,-1.390474,0.984918,-0.407341,-0.819772,0.833845,-0.708327,-0.984888,0.950351,-0.851632,-1.141797,0.997681,1.063956,1.760303,0.561893,1.057360,1.619445,-1.514814,1.039765,1.119674,-0.645874,1.119969,1.173513,0.017593,1.077061,0.919987,2.076331,1.272470,0.665755,-0.603000,1.047014,1.189468,1.710780,0.958993,0.989981,-0.962267,0.707127,0.848010,0.209101,0.821144,1.080003,-0.094550,1.133408,0.928672,-0.376894,1.124787,1.239896,-0.483642,0.923450,1.097221,0.039195,1.100815,1.058179,-1.346426,0.885344,1.024411,1.227811,0.983448,1.427785,-0.604379,0.713472,1.201307,1.425876,1.066059,1.008321,-0.878535,0.931762,1.142458,0.211231,0.990271,1.028179,-1.477630,1.055732,0.971229,-1.494681,1.235300,1.170286,-0.701982,0.561335,0.830428,-0.619552,0.626643,0.748245,-0.581410,0.738004,0.655824,-0.706316,1.010180,0.728051,-0.976304,1.005172,0.777974,1.164898,0.838851,0.915452,1.416058,0.778896,0.983327,0.828929,0.795845,0.533808,0.202066,0.777308,0.222077,0.737363,0.914541,0.710651,0.376436,0.643429,0.768343,1.068114,0.889206,1.038106,1.224301,0.914723,0.843504,1.111835,0.686890,0.799440,0.575057,1.059210,1.151492,1.182727,0.728362,0.928441,1.074146,0.895757,0.960070,0.210516,0.794091,0.974447,1.263962,0.856481,0.733130,-1.044309,1.016832,1.038632,-0.374435,1.156777,0.784405,1.264263,1.060203,1.179581,0.966426,1.024784,0.832276,-0.891129,0.944457,0.557826,-0.209445,0.897382,0.688985,-0.953465,0.925793,0.656315,0.592068,0.860126,0.794438,0.877802,0.718837,1.021578,0.140359,0.710724,1.052636,0.099697,0.645365,1.033194,0.401006,0.717727,0.971992,0.953937,0.628649,0.691729,-1.046424,1.046128,0.888270,-0.577498,0.872543,0.912782,-0.812329,0.833107,0.553565,-0.895236,0.854401,0.747785,-1.681104,0.889620,0.520543,-1.174354,0.742122,0.663799,1.389818,0.685996,0.975200,0.446873,0.827539,0.394532,-1.098524,0.652300,0.744014,-0.892423,0.762053,0.298380,-0.719244,0.883578,0.798506,0.370703,0.759407,0.467992,-0.960575,0.689798,0.850315,-0.734222,0.632669,0.826036,-0.933939,1.051200,1.154922,0.085067,1.035054,0.784833,0.512268
0.451353,1.571922,0.999735,0.656545,-2.130312,-0.317610,0.591933,-1.654517,-0.550029,-0.626150,-1.436998,-0.630827,-0.851470,-1.331388,-0.953727,0.739256,-0.244618,-0.247526,1.270390,1.666454,-0.669536,0.736722,0.326243,-0.674912,1.014952,-0.742929,2.205270,1.147750,-0.776675,0.847212,0.753125,0.750669,0.694533,-0.000001,-0.000001,-0.000001,1.253725,-0.418602,2.462187,0.934593,0.938453,0.685616,-0.000001,-0.000001,-0.000001,-0.211214,2.589412,-1.132633,1.287168,0.005018,1.630849,0.413972,1.106551,1.101775,1.315588,1.930400,-0.528854,-0.000001,-0.000001,-0.000001,-0.000001,-0.000001,-0.000001,-0.000001,-0.000001,-0.000001,-0.000001,-0.000001,-0.000001,-0.000001,-0.000001,-0.000001,-0.000001,-0.000001,-0.000001,0.479130,0.516089,-0.202123,0.168234,0.712796,-0.974668,0.320006,0.834147,0.229867,0.568057,0.105914,1.896963,0.785076,-0.392121,-0.312402,0.298999,0.611354,-0.419419,0.216430,-0.573075,-0.784823,0.287911,0.228558,-0.444007,0.373806,1.550664,-0.797669,0.267722,0.380385,1.170153,0.508990,-0.179126,-0.233094,0.672096,0.097469,1.424236,0.623236,0.198594,0.544894,0.592933,0.514480,-0.159714,0.614165,0.286856,1.898018,0.488851,-0.045247,-0.120858,0.576946,0.504875,0.336395,0.624197,-0.613754,0.268038,0.699061,-0.611068,-0.644208,0.580745,0.027696,-1.090968,0.581146,0.532647,-0.271294,-0.125607,-1.883494,-0.270862,0.263657,-1.802143,-1.474216,0.745445,-1.386729,-0.148155,0.695515,-1.561125,1.208739,0.864146,-1.620248,1.050160,0.504438,-1.529290,0.967578,0.473138,-0.286243,0.782054,0.357946,0.173837,0.958790,0.412702,0.501202,1.198088,0.057950,-1.550968,1.025998,0.051605,-0.412649,1.150542,-0.378715,-0.611939,0.119539,-0.571456,-0.904994,0.307518,-0.300171,-1.468243,0.750949,-0.264530,-0.562091,0.357322,-0.610442,-0.811066,1.111063,-0.738715,-1.067075,0.957889,-0.545381,-1.392248,0.921568,-0.430788,-0.821650,0.714128,-0.709257,-1.008054,0.983041,-0.852563,-1.143709,0.980274,1.064160,1.759930,0.757121,1.057605,1.618637,-1.453038,1.039965,1.552551,-0.674345,1.120156,1.172447,-0.004696,1.077262,0.919177,2.113034,1.272691,0.664551,-0.602445,1.047214,1.187482,1.742741,0.959224,0.988471,-0.967792,0.707127,0.845571,0.214533,0.821384,1.078578,-0.085831,1.133608,0.926282,-0.388083,0.922000,1.238344,-0.483447,0.923450,1.096251,0.064091,1.101049,1.057225,-1.311578,0.885344,1.023079,1.262263,0.983667,1.426267,-0.602936,0.713472,1.199982,1.383439,1.066308,1.007428,-0.823866,0.932057,1.141654,0.182107,0.990578,1.027767,-1.478130,1.056035,0.970814,-1.482064,0.936192,1.169244,-0.682213,0.561335,0.829826,-0.643056,0.626992,0.747734,-0.599686,0.738338,0.654578,-0.719305,1.010504,0.727344,-0.975999,1.005172,0.777313,1.175853,0.839175,0.914469,1.419749,0.779216,0.982917,0.832781,0.796178,0.533394,0.198537,0.777645,0.221080,0.727230,0.914855,0.709841,0.370515,0.643758,0.767168,1.070186,0.889206,1.036803,1.230674,0.915034,0.842431,1.114957,0.687206,0.798641,0.572742,1.059497,1.150723,1.191584,0.728689,0.927469,1.082802,0.896018,0.959141,0.220803,0.794372,0.973408,1.268093,0.856735,0.731913,-1.039700,1.017460,1.038089,-0.365224,1.157077,0.783434,1.268977,1.060534,1.178530,0.963901,1.024784,0.831284,-0.892236,0.944710,0.556893,-0.224724,0.897382,0.687471,-0.959216,0.926127,0.654863,0.580538,0.860365,0.793359,0.889480,0.719108,1.020801,0.141307,0.711018,1.051811,0.090722,0.645365,1.031905,0.400335,0.718029,0.971116,0.946246,0.628649,0.690391,-1.045256,1.046388,0.887266,-0.564801,0.872805,0.911886,-0.800954,0.833107,0.551915,-0.907728,0.854683,0.746912,-1.685753,0.889896,0.519170,-1.200434,0.742381,0.662599,1.393093,0.686242,0.974282,0.443649,0.827817,0.393692,-1.101558,0.652300,0.743107,-0.893347,0.762351,0.297355,-0.720148,0.883833,0.797616,0.370172,0.759705,0.467100,-0.966440,0.689798,0.849433,-0.736024,0.632950,0.825199,-0.940277,1.051477,1.153924,0.099677,1.035341,0.784183,0.512018
0.469098,1.575403,0.932309,1.303399,-2.135605,-0.556291,1.491074,-1.715417,-1.427758,-0.756858,-1.791385,-0.837416,-0.700595,-1.846509,-0.707472,0.742292,-0.235338,0.376759,1.269862,0.804115,-0.324471,0.736335,0.324490,-0.728741,0.997484,-0.097848,1.624841,1.119066,-0.121503,0.085356,-1.414717,-1.414742,-1.335527,-0.000001,-0.000001,-0.000001,1.252438,-0.414508,1.909267,-1.131569,-1.131667,-1.102628,-0.000001,-0.000001,-0.000001,-0.173237,-0.314056,-1.152044,1.300596,0.015236,1.675848,0.413660,1.088364,1.227691,1.320898,1.716802,-1.165718,-0.000001,-0.000001,-0.000001,-0.000001,-0.000001,-0.000001,-0.000001,-0.000001,-0.000001,-0.000001,-0.000001,-0.000001,-0.000001,-0.000001,-0.000001,-0.000001,-0.000001,-0.000001,0.651775,0.867912,1.359391,0.296272,0.740700,-1.061962,0.222686,0.557389,-0.696390,0.483101,0.527072,1.477105,0.734379,0.088101,0.501327,0.250899,0.470766,-0.861003,0.137198,0.092331,-0.364453,0.404011,0.298419,0.065433,0.640599,0.783323,-1.427770,0.251210,0.638942,0.156796,0.484317,0.163332,-0.023536,0.636205,0.638276,0.616455,0.718978,0.801459,1.272485,0.597796,0.040229,-0.639070,0.749810,0.004496,1.485583,0.593673,0.270870,-1.261711,0.545468,0.198270,-0.543494,0.757889,-0.304867,0.485667,0.894050,-0.867276,0.223433,0.664464,-0.225483,-0.734839,0.662496,-0.334188,-0.761275,-0.284454,-2.114054,0.506351,-0.018507,-1.866643,-0.180470,0.489491,-1.484231,0.146769,0.730259,-1.593266,1.010553,0.974257,-1.641477,1.012237,0.714783,-1.392968,0.674872,0.709040,-0.089315,0.693804,0.566368,0.427348,0.896984,0.575671,0.781681,0.994102,0.442441,-1.304123,0.458209,0.298106,-0.188271,0.877156,-0.230887,-0.417088,-0.192099,-0.402815,-0.681723,0.091395,-0.026744,-1.297140,0.589166,-0.035174,-0.370747,0.637855,-0.464033,-0.593942,0.960104,-0.620292,-0.855146,1.235920,-0.333825,-1.249087,0.903387,-0.223979,-0.597683,1.095841,-0.527111,-0.772885,0.501935,-0.713793,-1.015215,0.948924,1.239871,1.811423,1.898404,1.042909,2.046836,0.705648,1.220600,2.050965,-0.033104,1.108681,1.249927,-1.028782,1.065635,0.978906,1.411747,1.260051,1.307286,-2.015029,1.220763,0.650616,1.166287,0.946193,1.063183,-0.542322,0.921486,0.204866,0.352164,1.040326,0.704303,0.588296,1.123750,0.280399,-0.931797,0.912089,0.632491,-0.647464,1.108213,1.164469,0.353671,0.873893,1.123755,-1.025332,0.873390,1.118513,1.431268,0.762710,0.828017,-1.324936,0.956799,1.291529,-0.404094,1.051834,1.928157,-1.237754,0.914539,0.822308,0.542858,0.972664,1.874522,-0.341591,0.747528,1.426128,-1.120403,0.919005,0.755611,-0.265732,0.542475,0.904360,-0.232709,0.608803,0.816186,-0.843407,0.721589,0.734756,-0.400744,0.696101,0.814964,0.860009,0.992680,0.866793,-0.344739,1.121600,0.979190,1.384520,1.058012,1.035245,1.733016,1.086295,0.988956,-0.521151,1.071711,0.749054,-0.246026,1.199995,0.767936,0.868197,0.929887,0.851349,1.243845,1.176205,0.503008,1.414516,0.898470,0.403117,1.314951,0.974930,0.855428,1.313184,1.043783,0.846373,0.976959,1.001094,0.991446,0.971781,0.881012,1.020323,-0.032702,1.049483,1.041827,0.894638,0.598484,1.374522,-1.860539,0.999846,1.634998,-1.337216,1.141690,0.850521,0.645110,1.043584,0.762145,1.516680,0.475431,0.896575,0.987999,0.688277,0.618380,-1.390572,0.631349,0.787187,-0.330340,0.909021,0.750482,0.852657,1.059597,0.872362,0.832775,0.964706,1.077236,1.180644,0.978240,0.715002,0.851640,0.911278,0.526467,0.088208,0.992741,0.613027,1.003205,0.866161,0.755733,-0.742527,1.265053,0.477694,0.157067,1.101472,0.546676,-0.213565,1.094396,1.146557,-1.351817,1.111267,1.615377,-0.539045,0.874961,1.442137,-0.616479,0.976563,0.751106,0.880080,0.909759,0.599699,1.191198,1.080494,1.262902,-0.715839,0.916471,1.225817,-0.162124,1.033473,1.316938,-0.869224,1.116638,0.862746,1.297191,1.031244,1.391338,-0.270284,0.956916,1.318685,0.062459,0.888447,1.270905,0.210926,1.036245,1.680533,-1.021651,0.767420,0.872784,-1.250857
0.478836,1.573863,0.860759,1.309388,-2.165718,-0.477878,1.519853,-3.889797,-2.254819,-0.895353,-1.968746,-0.952082,-0.848403,-1.848242,-0.016696,0.738553,-0.238438,-0.123806,1.268008,0.805845,-0.415040,0.743646,0.320986,-0.553429,0.963289,-0.095359,1.012178,1.088743,-0.120242,0.720558,0.753324,0.750681,0.894461,-0.000001,-0.000001,-0.000001,0.699465,0.280674,1.165529,0.934920,0.938453,0.580263,-0.000001,-0.000001,-0.000001,-0.182058,2.588217,-0.675630,1.312794,0.012368,1.639050,0.412424,1.096853,1.178998,1.331519,1.092054,-1.327530,-0.000001,-0.000001,-0.000001,-0.000001,-0.000001,-0.000001,-0.000001,-0.000001,-0.000001,-0.000001,-0.000001,-0.000001,-0.000001,-0.000001,-0.000001,-0.000001,-0.000001,-0.000001,0.670520,0.857064,0.305546,0.316236,0.728720,-1.398154,0.242618,1.000967,-0.916721,0.500501,0.500115,1.044388,0.745622,0.064538,-0.033649,0.271280,0.455998,-0.791817,0.160468,0.067963,-0.472284,0.624381,0.269281,-0.583274,0.833786,1.195607,-1.235245,0.269410,0.625181,0.518041,0.667817,0.147463,-0.547569,0.800236,0.119421,0.506070,0.733325,0.778481,0.756068,0.612106,0.028134,-1.341594,0.899870,-0.255785,1.379611,0.974276,-0.399068,-1.771755,0.684341,-0.469955,-0.477695,0.769260,-0.310455,1.301660,0.996775,-1.075753,1.141843,0.759536,-0.448176,-1.245435,0.761978,-0.903030,-0.897130,-0.364875,-2.114398,0.643685,0.060688,-1.912983,0.213983,0.585133,-1.392831,-0.250942,0.964501,-1.425216,0.594941,1.069662,-1.572735,0.675055,1.046531,-1.074089,0.477269,0.966028,0.302226,-0.124050,0.726951,0.869924,0.290781,0.680649,1.219460,0.844741,0.842597,-0.941453,0.472848,0.411233,0.209203,0.467654,-0.018827,0.176645,-0.516111,-0.208355,-0.058668,-0.410425,0.304656,-0.970585,0.577845,0.009565,-0.110665,0.109869,-0.184344,-0.094647,0.332581,-0.462189,-0.397663,0.575329,-0.132316,-0.963859,0.281756,-0.144732,-0.283841,0.608465,-0.315921,-0.338170,-0.282867,-0.602357,-0.678159,-0.158668,1.235270,2.099737,1.667616,1.264085,2.351073,-0.283989,1.216695,2.409105,-0.666341,1.285461,1.678173,-0.479370,1.248307,1.308527,2.407844,1.463575,1.225601,-0.747598,1.405496,1.199012,2.220408,1.171157,0.528694,-1.875730,1.153240,0.866665,0.193896,1.047961,0.645152,-0.499125,1.131760,0.940153,-0.391784,1.124576,0.526434,-0.565929,1.118759,0.646125,0.021265,1.102652,1.050206,-1.609719,0.887721,1.004658,1.242572,0.775498,1.397189,-1.102758,0.972546,1.164721,0.526022,1.048640,1.836617,-1.301862,0.911820,1.112803,0.571987,0.972358,1.391304,-1.071668,1.040845,1.338029,-1.298596,0.923127,1.131876,-0.245206,0.898426,1.322492,-0.082415,0.955473,1.198860,-0.478963,0.734582,0.606790,0.048271,0.710436,0.677251,0.138690,1.006530,0.729899,0.666848,1.127650,0.884979,1.254187,1.063985,0.961973,1.204052,1.092511,0.911467,-0.497220,1.078011,0.662367,-0.023106,1.203845,1.088776,0.801061,1.238633,1.316251,1.133152,1.182347,1.018777,1.158247,1.205201,0.827595,1.146743,1.287543,1.171432,0.976090,1.042152,1.129186,1.002285,1.000178,1.347283,1.034219,0.881830,0.931263,-0.095536,1.052087,0.944311,1.182832,0.842997,1.260823,-1.701123,0.998929,1.529385,-1.155862,1.150617,1.222453,0.486753,1.055114,1.147001,1.605059,0.754096,1.259719,-0.156834,1.187897,0.961095,-0.684890,0.894687,1.344773,-0.972963,1.242224,1.285155,0.755843,1.061404,0.790031,1.525117,0.968022,1.016824,0.694172,0.983057,1.045458,0.362400,0.916968,1.023658,0.218768,0.999853,0.964361,0.839643,0.873652,0.685370,-0.952320,1.041969,0.884172,-0.798392,1.108673,0.911438,-0.765591,1.101165,0.551915,-1.226254,1.117051,1.150678,-1.882272,1.144454,0.948275,-1.578376,0.979725,1.239543,1.594950,1.149699,0.971452,0.506904,1.085037,1.198039,-1.228581,0.922124,1.158532,-1.070727,1.040492,0.767055,-1.024407,1.124216,0.794873,0.263637,1.038275,0.892893,-1.079050,0.962633,1.253699,-0.828784,0.893053,1.209180,-0.713698,1.036522,1.585928,-1.051647,1.031814,0.743515,-1.129110
0.479269,1.573461,0.873738,1.310889,-2.166150,-0.507523,1.524221,-3.893225,-2.417694,-0.895328,-1.968746,-0.969678,-0.848793,-1.848487,-0.044820,0.738448,-0.235338,-0.160574,1.269065,0.805845,-0.345911,0.743265,0.319234,-0.523440,0.967656,-0.101580,1.157721,1.101860,-0.127809,0.737045,0.753344,0.750681,1.038781,-0.000001,-0.000001,-0.000001,0.698399,0.273869,1.171649,0.950460,0.938453,0.659905,-0.000001,-0.000001,-0.000001,-0.179325,2.587582,-0.736941,1.312359,0.010844,1.590636,0.413349,1.098482,1.144977,1.333164,1.125147,-1.317146,-0.000001,-0.000001,-0.000001,-0.000001,-0.000001,-0.000001,-0.000001,-0.000001,-0.000001,-0.000001,-0.000001,-0.000001,-0.000001,-0.000001,-0.000001,-0.000001,-0.000001,-0.000001,0.668799,0.443564,0.197037,0.514395,0.724727,-1.511731,0.240922,0.996893,-0.967868,0.499020,0.500115,1.042961,0.744651,0.064538,-0.027120,0.269633,0.452294,-0.767530,0.158437,0.061852,-0.432125,0.622612,0.263453,-0.611404,0.832396,1.191786,-1.257225,0.267897,0.621730,0.433897,0.666338,0.147463,-0.521654,0.799052,0.611869,0.472153,0.732061,0.773875,0.722810,0.610895,0.025111,-1.326720,0.898657,-0.255785,1.322161,0.973301,-0.401971,-1.824433,0.683223,-0.472851,-0.479715,0.768177,-0.312317,1.248426,0.995944,-1.075753,1.107105,0.758773,-0.450081,-1.264708,0.761258,-0.905495,-0.898147,-0.365354,-2.114490,0.652756,0.060311,-1.913132,0.233892,0.609789,-1.392974,-0.196622,0.964318,-1.425403,0.651287,1.069529,-1.572946,0.696229,1.046183,-1.074224,0.469710,0.965797,0.325160,-0.139980,0.726767,0.869924,0.291103,0.680505,1.219460,0.838748,0.842204,-0.941559,0.482300,0.410938,0.187482,0.397072,0.011883,0.176645,-0.539571,-0.179928,-0.034922,-0.414579,0.304235,-0.970785,0.582818,0.009246,-0.110665,0.112979,-0.184704,-0.094647,0.358272,-0.462573,-0.397663,0.532193,-0.108023,-0.963859,0.273091,-0.145057,-0.283632,0.580965,-0.291192,-0.338170,-0.202876,-0.602756,-0.657345,-0.298369,1.236068,2.100141,1.731876,1.265046,2.351460,-0.276983,1.217514,2.409105,-0.653205,1.286231,1.678173,-0.510436,1.249294,1.308527,2.324977,1.464676,1.225601,-0.829412,1.406287,1.198295,2.085299,1.172093,0.528694,-1.797911,1.153967,0.865808,0.224683,1.048692,0.644651,-0.517363,1.132379,0.939290,-0.398797,1.125437,0.526434,-0.576899,1.119381,0.646125,0.004515,1.103580,1.050206,-1.668084,0.888543,1.004658,1.170951,0.776173,1.397978,-1.121470,0.973363,1.165383,0.530892,1.049628,1.837101,-1.335422,0.913014,1.113189,0.590899,0.973635,1.391749,-1.013525,1.042081,1.338480,-1.273740,0.924410,1.132376,-0.202880,0.899915,1.323047,-0.080494,0.956534,1.199371,-0.480846,0.735611,0.607388,0.032713,0.711395,0.677958,0.146268,1.007336,0.730615,0.676594,1.128920,0.885490,1.282911,1.065238,0.962383,1.212114,1.093815,0.911881,-0.484134,1.079333,0.662885,0.018476,1.205128,1.088776,0.825486,1.239933,1.316838,1.159654,1.183649,1.019428,1.174748,1.206160,0.827595,1.143592,1.288833,1.171432,0.984418,1.043243,1.129555,1.069406,1.001722,1.347750,1.067878,0.882897,0.931747,-0.056782,1.053237,0.944810,1.194105,0.844031,1.260823,-1.731983,1.000474,1.529973,-1.149032,1.151856,1.222938,0.523950,1.056134,1.147548,1.614828,0.754954,1.260235,-0.185714,1.188669,0.961543,-0.644213,0.895750,1.345500,-0.980883,1.243588,1.285852,0.791367,1.062312,0.790031,1.533424,0.969139,1.016824,0.702847,0.984271,1.045458,0.349931,0.918174,1.023658,0.215988,1.000785,0.964361,0.830700,0.874445,0.685370,-0.950143,1.042699,0.884172,-0.805806,1.109720,0.911438,-0.781076,1.102349,0.551915,-1.230120,1.117922,1.150678,-1.889030,1.145578,0.948275,-1.598672,0.980790,1.239543,1.606875,1.150716,0.971452,0.528986,1.086173,1.198039,-1.221661,0.923323,1.158532,-1.087737,1.041412,0.767055,-1.040447,1.125280,0.794873,0.273786,1.039195,0.892893,-1.083997,0.963844,1.253699,-0.849528,0.894213,1.209180,-0.715374,1.037596,1.586407,-1.020868,1.032629,0.744165,-1.165557
0.493010,1.568820,0.547687,1.317755,-2.133850,-0.697198,1.531141,-1.741562,-2.783545,-1.157507,-2.149884,-0.776086,-0.381587,-1.979371,-1.046386,0.743508,-0.210561,0.013011,1.264122,1.678542,-0.122580,0.741145,1.218969,-0.926984,0.952853,1.199750,0.290965,-0.906684,1.192593,0.060178,-1.414717,-1.414742,-1.335527,-0.000001,-0.000001,-0.000001,0.698399,1.005858,0.045839,-1.131569,-1.131667,-1.102628,-0.000001,-0.000001,-0.000001,-0.154228,-0.318949,-0.893604,1.321174,-0.015598,1.440607,0.416755,1.092016,0.968844,1.349071,-0.107302,-2.322157,-0.000001,-0.000001,-0.000001,-0.000001,-0.000001,-0.000001,-0.000001,-0.000001,-0.000001,-0.000001,-0.000001,-0.000001,-0.000001,-0.000001,-0.000001,-0.000001,-0.000001,-0.000001,0.666395,0.664815,-1.507234,0.310232,0.972114,-1.569223,0.235804,1.253283,-0.115816,0.494552,0.235557,-0.233451,0.741841,0.370567,-1.037306,0.265958,0.271015,-0.558710,0.384689,-0.231169,-1.233480,0.618017,1.311442,-0.242911,0.827904,1.012370,0.159442,0.074723,0.063249,1.499393,0.663976,-0.363011,-0.126010,0.796410,-0.091621,1.327121,0.872881,0.562133,1.042864,0.609543,-0.122906,-0.906191,1.034546,-0.112423,1.637322,0.971671,-0.538274,-2.071335,0.933729,-0.938567,-1.056718,0.767529,-0.615616,1.184484,1.089450,-1.162349,1.219511,1.105387,-0.973540,-0.740981,0.941689,-0.745421,-1.045697,-0.340509,-1.972628,0.274336,0.128436,-1.716680,0.173373,0.674021,-1.205155,0.820673,0.975600,-0.891729,0.514078,1.250001,-0.732171,0.387285,1.401164,-0.494484,0.073549,1.090313,0.926420,0.050718,0.838175,1.430505,0.310751,0.665274,1.696474,0.849934,1.179633,-0.442314,0.753140,0.454907,0.668482,1.069114,0.029618,0.601641,-0.264671,-0.047984,0.419702,-0.448546,0.587715,-0.538836,0.666698,0.128348,0.330632,0.528106,-0.165909,0.248619,0.460094,-0.357073,-0.045930,0.533298,0.084202,-0.562238,0.452354,-0.106561,0.142612,0.981701,-0.398118,-0.018418,0.009468,-0.557022,-0.324961,0.277273,1.246679,1.798821,2.209499,1.277575,2.035684,0.418591,1.228000,2.473702,0.159420,1.295604,1.752411,-0.825586,1.258555,0.973068,2.103092,1.474272,1.300784,-1.747322,1.414132,0.645154,1.292580,1.403694,1.060694,-1.983508,1.388600,0.202427,-1.175685,1.286823,1.147203,-0.224799,1.330079,0.273829,-0.409515,1.332341,0.624108,-0.362762,1.122686,1.157756,0.297844,1.323575,1.114409,-0.958051,1.142181,0.460576,1.204100,0.989947,0.805678,-1.123235,0.976888,0.630396,0.185801,1.292002,2.769711,0.377371,1.211131,1.176454,-0.803946,0.986821,2.251977,-0.788114,1.053865,2.207414,-1.317508,1.234975,1.214319,-1.719355,0.910638,0.879361,-0.019985,0.966180,1.775488,-1.247455,0.743485,1.282199,-1.447120,0.717461,0.785540,0.976901,1.011688,0.838344,-0.849419,1.139104,0.960356,1.621875,1.075291,1.021272,1.886435,1.104276,1.372955,-0.482117,1.089936,1.194725,-0.339943,1.216389,0.757566,2.171496,1.250578,0.836323,1.157986,1.193986,1.113525,0.486668,1.215725,0.905573,1.055655,1.297893,1.229483,2.079699,1.309729,1.187397,1.001661,1.014677,0.972828,0.682231,1.145365,1.002519,0.806248,1.063887,1.022956,0.602227,1.098167,2.477871,-2.397522,1.013440,2.659881,-1.586328,1.160157,0.831625,1.453694,1.064603,0.742009,1.837564,1.029329,0.877575,0.667930,1.193870,1.032177,0.373808,1.154782,0.759683,-0.686546,1.251800,0.724108,0.038842,1.282729,0.863504,1.341721,1.239380,1.070056,2.133153,1.277381,1.103293,0.019833,1.209249,1.109839,-1.853644,1.300887,0.604081,-0.331357,1.635393,1.176610,-0.295863,1.511002,0.469456,1.089189,1.600234,0.971516,-0.077487,1.387164,1.654008,-2.071179,1.398760,1.609790,-1.045460,1.419877,1.864858,-1.988015,1.238470,0.742455,0.445939,1.159790,1.033946,0.442599,1.363341,1.659498,-0.430921,1.212492,1.637216,-1.078882,1.337591,1.782086,-1.494614,1.378212,0.855444,2.036838,1.335831,1.813041,-0.667354,1.256239,1.311315,-1.006281,1.174462,1.650734,-0.309518,1.304187,2.583643,-0.336770,1.039133,1.473800,-2.062055
0.485923,1.567257,0.508076,1.960356,-2.106870,-0.883830,2.443943,-1.715836,-2.723093,-1.292261,-2.155375,-0.661491,-0.069976,-1.975661,-1.122755,0.747957,-0.219859,-0.170830,1.268536,0.812764,-0.246558,0.746148,0.322738,-0.764546,0.980505,1.205971,0.719434,1.092844,1.206450,0.579164,-1.414717,-1.414742,-1.335527,-0.000001,-0.000001,-0.000001,1.248908,0.999036,0.619323,-1.131569,-1.131667,-1.102628,-0.000001,-0.000001,-0.000001,-0.158286,-0.317716,-0.948632,1.326222,0.003494,1.330645,1.902720,1.115040,0.667321,1.370312,0.139389,-2.594056,-0.000001,-0.000001,-0.000001,-0.000001,-0.000001,-0.000001,-0.000001,-0.000001,-0.000001,-0.000001,-0.000001,-0.000001,-0.000001,-0.000001,-0.000001,-0.000001,-0.000001,-0.000001,0.676366,0.860695,-0.059832,0.522695,1.183513,-1.117057,0.442044,1.000967,0.057080,0.506158,0.500115,1.764402,0.749308,0.064538,0.295831,0.277890,0.455998,-0.860042,0.398985,0.061852,-0.494088,0.830966,0.269281,0.146422,1.015058,0.760396,-0.686311,0.275140,0.235620,0.331053,0.672840,0.147463,0.007594,0.804988,-0.381830,0.777804,0.881647,0.258426,0.962939,0.616566,-0.313218,-0.564131,1.040845,-0.255785,1.680745,1.100929,-0.726796,-1.590872,0.814615,-0.799689,-0.615636,0.772723,-0.310455,2.132538,1.093439,-1.074006,1.529249,1.109377,-1.095366,-1.189303,0.946263,-1.181304,-1.495559,-0.273961,-1.740968,1.025002,0.236572,-1.474122,0.338026,0.820233,-0.835826,0.744282,1.349766,-0.645083,0.793180,1.410735,-0.883818,0.434204,1.660136,-0.019853,0.633939,1.123836,1.405206,0.417057,0.803237,1.870944,0.718368,0.594361,2.063450,0.960870,1.389018,0.015327,0.535576,0.485513,1.114551,1.321524,-0.013428,0.966196,-0.211530,-0.211941,0.561448,-0.370119,0.779151,-0.115871,0.727500,0.133130,0.765679,0.663845,-0.321701,0.540461,0.416551,-0.462662,0.161346,0.491471,0.171475,-0.193369,0.292578,-0.124472,0.467507,1.074421,-0.505819,0.230740,-0.011869,-0.623655,-0.052468,0.283818,1.349351,1.939207,-0.541665,1.395634,2.109158,2.154345,1.510754,2.477871,0.730479,1.548723,2.177949,-1.681070,1.507242,1.229766,-0.399015,1.522694,2.137615,-2.764812,1.613803,0.899355,-0.825537,1.610177,1.666386,-0.321355,1.554444,0.406570,-1.416474,1.412656,0.828766,0.627866,1.402200,0.579648,-1.208537,1.383027,0.292214,-0.710506,1.348388,1.019497,0.365945,1.349615,1.057225,-0.972419,1.166099,0.502855,1.582307,1.003410,0.983969,-0.948490,1.239775,0.916569,0.441093,1.372706,2.200917,-1.989137,1.569406,1.093055,0.621860,1.322806,2.172338,-0.085568,1.345315,2.126968,-0.478642,1.195794,1.106297,0.568413,1.144961,1.294067,1.482920,1.148617,1.197286,0.011561,0.876463,1.186025,1.004285,0.802176,1.277435,1.407979,1.057027,0.653375,0.093022,1.365194,1.223722,0.347938,1.298477,1.187941,0.661281,1.641375,1.509706,-0.757067,1.634345,1.300503,-0.983948,1.482203,0.783304,1.207179,1.497324,0.869408,0.857157,1.420884,1.144854,0.369882,1.420208,0.935781,1.287630,1.485592,1.254833,2.240961,1.113118,1.370400,0.600149,1.634781,1.233167,0.299543,0.905924,1.251485,0.620846,1.321601,1.270195,0.208560,0.868151,2.190676,-1.572567,1.634063,2.389220,-1.916886,0.750605,1.076262,0.457879,1.222218,1.027152,0.504461,0.870055,1.146631,1.909046,1.026809,1.264760,-1.169875,0.751164,1.120018,0.031572,1.408477,1.069636,0.279396,1.484236,0.724832,0.233935,1.468331,0.997743,2.379350,1.505108,1.048824,1.384954,1.417369,1.023040,-1.180545,1.497011,0.967939,1.016786,1.281913,1.522996,-0.068775,1.398230,0.823535,0.406929,1.259932,0.827911,0.199285,1.571455,1.466022,-1.162434,1.597265,1.455729,0.139274,1.631029,1.701128,-0.244081,1.456780,1.122834,-0.347988,1.377758,0.915995,0.880319,1.576703,1.558094,0.007084,1.419249,1.532027,0.061478,1.531152,2.136903,-0.076223,1.513703,0.744348,2.026156,1.529690,1.705217,0.972293,1.465302,1.612902,0.526779,1.392197,1.550359,0.759297,1.073516,2.371372,-1.602297,0.900157,1.205284,-2.167999
0.492144,1.565718,0.576681,1.320376,-2.114378,-0.852746,1.542796,-1.726985,-2.445476,-1.423783,-2.157087,-0.371213,-0.225360,-1.849725,-0.858866,1.247192,-0.201281,0.613950,1.270390,0.812764,-0.147103,0.752496,0.310473,-0.415879,1.017380,0.560904,0.888830,1.171108,1.188809,-1.692560,-1.414717,-1.414742,-1.335527,-0.000001,-0.000001,-0.000001,1.256934,0.295683,1.249250,-1.131569,-1.131667,-1.102628,-0.000001,-0.000001,-0.000001,-0.148803,2.586350,-1.011725,1.329579,0.028502,1.438006,1.916940,1.120716,0.974105,1.351539,0.764137,-1.618753,-0.000001,-0.000001,-0.000001,-0.000001,-0.000001,-0.000001,-0.000001,-0.000001,-0.000001,-0.000001,-0.000001,-0.000001,-0.000001,-0.000001,-0.000001,-0.000001,-0.000001,-0.000001,0.690987,1.245151,1.095464,0.538940,1.147623,-0.375938,0.458741,1.424226,-0.322651,0.520743,0.446070,1.373275,0.758615,0.544760,0.509476,0.294226,0.837028,-0.191587,0.417768,-0.005292,-0.363867,0.847577,0.857309,0.012197,1.029932,1.145976,-0.247281,0.289297,0.590673,0.304782,0.685546,0.112590,0.273662,0.816732,0.066660,0.858409,0.893327,0.203201,0.681579,0.627373,-0.343419,-0.312582,1.050536,-0.280073,1.803790,1.110164,-0.758695,-1.987160,0.950804,-0.831539,-0.771170,0.903600,-0.329058,1.921165,1.193757,-1.093439,1.779243,1.289171,-1.546491,-1.288809,1.134480,-1.208388,-2.079602,-0.258889,-1.554676,1.042318,0.211647,-1.295315,0.391731,0.801639,-0.665397,1.016079,1.316337,-0.448482,1.137647,1.444133,-0.728971,0.703843,1.726731,0.320333,0.807386,1.062632,1.697680,0.236748,0.718445,2.040806,0.453061,0.538147,2.182430,0.784563,1.400752,0.328663,0.522242,0.374417,1.275331,1.120261,-0.320939,0.898506,0.505908,-0.583046,0.473070,0.382712,0.769188,0.197112,0.482945,0.066445,0.940217,0.583413,-0.481660,0.587927,0.725851,-0.676111,0.062996,0.432599,0.196301,0.088936,0.203735,-0.199207,0.655813,0.797153,-0.559075,0.386570,0.457156,-0.729294,0.059883,0.571748,1.377560,2.254618,1.214186,1.429379,2.431301,1.298771,1.538497,2.846114,0.103047,1.573783,2.097761,-0.931118,1.532074,1.163423,2.018974,1.751757,1.484814,-1.953099,1.634805,0.777385,1.028469,1.632690,1.572088,-1.960319,1.798978,1.007593,-2.035923,1.429149,1.180360,-0.555158,1.604824,0.432910,-0.011110,1.593802,0.873665,0.209872,1.163608,0.944139,0.378501,1.572375,0.989704,0.202135,1.174864,1.049656,0.558130,1.428292,0.897403,0.349888,1.247654,1.480030,1.056013,1.403860,1.735505,-1.751101,1.323905,1.430541,0.779311,1.357649,1.748121,-1.167725,1.376641,1.698458,-1.485853,1.521666,1.543426,-0.591935,0.828941,1.249670,0.548738,0.839791,1.159125,0.385966,0.895952,1.141376,0.599190,1.114337,0.603717,-1.130324,1.320577,0.597801,1.111440,1.391288,1.179212,1.286744,1.324236,1.148797,1.054257,1.363330,1.068960,-0.789180,1.352515,1.242712,-0.336920,1.511482,1.116169,1.471880,1.525406,1.351097,0.930952,1.447384,1.057436,0.448860,1.444743,0.863836,0.639077,1.508886,1.201705,1.305901,1.397467,1.333726,0.862308,1.381482,1.634324,0.825084,1.183387,1.209409,0.004397,1.349564,1.220647,1.309528,1.137048,1.574361,-1.504472,1.380552,1.816147,-0.921317,1.345395,1.491447,1.008626,1.243912,1.461571,1.222817,1.417113,1.102284,-0.885904,1.523817,0.793620,1.106917,1.519069,1.047806,-0.649442,1.429663,1.665653,1.099438,1.506100,1.154156,2.013232,1.493549,1.308537,1.535494,1.531340,0.987623,-0.405029,1.720727,0.931189,-1.712003,1.808845,0.902872,-1.551258,1.798619,1.454456,-0.424911,1.642939,0.743870,1.246107,1.757375,1.182144,0.009620,1.867441,1.887485,-2.445733,1.889955,1.785711,-1.357228,1.654980,2.051819,-2.330210,1.480826,1.024527,0.902572,1.637140,1.281169,0.169634,1.600904,1.892379,-0.848205,1.720620,1.878789,-1.811726,1.554670,2.059304,-2.282374,1.531499,1.098692,1.505088,1.553244,2.060665,-1.537195,1.770036,1.546153,-1.724967,1.685420,1.486959,-0.834237,1.356434,1.867826,-1.360846,1.421085,1.143957,-0.329472
0.491252,1.567257,0.659887,1.950001,-2.112164,-0.855505,2.443943,-1.731277,-2.471444,-1.423707,-2.157431,-0.392562,-0.225059,-1.849725,-0.845518,1.247698,-0.201281,0.651700,1.270924,0.812764,-0.116671,0.752690,0.306990,-0.368057,1.018105,0.560904,0.912987,1.169870,1.186302,-1.607826,-1.414717,-1.414742,-1.335527,-0.000001,-0.000001,-0.000001,1.257686,0.295683,1.292770,-1.131569,-1.131667,-1.102628,-0.000001,-0.000001,-0.000001,-0.148099,2.586350,-0.987817,1.330425,0.031460,1.454009,1.916940,1.121926,0.975917,1.355204,0.697952,-1.705189,-0.000001,-0.000001,-0.000001,-0.000001,-0.000001,-0.000001,-0.000001,-0.000001,-0.000001,-0.000001,-0.000001,-0.000001,-0.000001,-0.000001,-0.000001,-0.000001,-0.000001,-0.000001,0.691155,0.828019,1.018337,0.539651,1.139636,-0.447112,0.459594,1.416079,-0.545408,0.521633,0.429922,1.350707,0.759195,0.530622,0.510851,0.294775,0.825963,-0.189601,0.418590,-0.023625,-0.367401,0.848461,0.839825,0.024438,1.030708,1.134559,-0.081547,0.289637,0.580363,0.304953,0.685843,0.103069,0.285211,0.817126,0.053457,0.818803,0.893838,0.189381,0.585658,0.627373,-0.352490,-0.287921,1.050654,-0.284462,1.815426,1.110271,-0.767404,-1.964237,0.951144,-0.840191,-0.833261,0.903494,-0.332783,1.892557,1.193670,-1.096955,1.750375,1.289171,-1.552207,-1.281946,1.134558,-1.215783,-2.091789,-0.258596,-1.554676,1.075421,0.211923,-1.295315,0.403632,0.801923,-0.665397,1.016373,1.316626,-0.448420,1.118119,1.444378,-0.746370,0.697931,1.727112,0.297714,0.805644,1.062980,1.697680,0.236847,0.718758,2.041020,0.449991,0.538436,2.182613,0.786359,1.401112,0.328663,0.513685,0.374741,1.275555,1.126241,-0.320587,0.898748,0.498930,-0.582721,0.473070,0.378723,0.769519,0.197112,0.475336,0.066738,0.940217,0.583091,-0.481300,0.587927,0.729331,-0.675757,0.062996,0.425975,0.196581,0.089131,0.183580,-0.198951,0.655813,0.807422,-0.558791,0.386570,0.462282,-0.729002,0.059883,0.577273,1.344742,2.241644,0.283893,1.390340,2.425742,1.919641,1.506439,2.847541,0.224893,1.544893,2.108684,-1.364374,1.687348,1.178743,1.210019,1.722526,1.515013,-2.453017,1.611255,0.819421,0.928955,1.608036,1.608199,-1.125235,1.553236,1.068302,-1.313966,1.412416,1.215365,0.047996,1.594339,0.483482,-0.584308,1.585384,0.910983,-0.397931,1.349826,0.959894,0.233069,1.566394,0.997219,-0.954781,1.416311,1.048324,1.268663,1.214729,1.576998,-0.761975,1.242758,1.453598,0.936200,1.368045,2.134105,-2.254050,1.564252,1.402881,1.044248,1.611363,1.716958,-0.638352,1.341908,1.666979,-0.959635,1.490131,1.507599,0.043199,1.143487,1.209255,0.995764,1.148268,1.119390,0.791330,0.877144,1.094236,1.545203,1.100961,0.554930,-0.493491,1.312161,0.553750,0.071793,1.660368,1.154125,0.902531,1.589858,1.133278,0.714194,1.639738,1.056246,-0.911468,1.632686,1.233943,-0.671076,1.779547,1.115358,1.113433,1.796371,1.350510,1.124495,1.720811,1.056785,0.912064,1.715806,0.862764,0.965735,1.484947,1.200873,1.270497,1.361455,1.316681,0.276957,1.630450,1.609488,0.425395,0.902720,1.185694,0.109705,1.318716,1.197619,0.823994,1.106977,1.548066,-1.193732,1.629729,1.791723,-1.406637,1.323848,1.469031,-0.005290,1.538468,1.434750,1.016630,1.136454,1.076461,-0.483951,1.512379,0.771146,-0.516973,1.253868,1.014244,-1.183486,1.408477,1.633529,0.570273,1.481980,1.170748,1.315304,1.465838,1.317657,1.651213,1.503319,0.994835,0.530778,1.694968,0.941961,-0.734788,1.784424,0.910540,-0.721043,1.530645,1.464980,-0.922578,1.397980,0.758799,0.296082,1.739394,0.771044,-0.295990,1.570283,1.398097,-2.036873,1.595819,1.803310,-1.139794,1.629045,1.645500,-1.286641,1.454403,1.047228,0.873655,1.611130,1.295282,0.163951,1.574697,1.904862,-0.904760,1.695029,1.475878,-1.075811,1.529934,1.603179,-1.543500,1.513448,1.111925,1.225580,1.528471,1.647661,-0.794414,1.744160,1.558741,-0.864920,1.658921,1.498916,-0.137616,1.323780,1.843806,-2.223734,1.405642,1.109308,-1.294622
0.507211,1.552529,-0.006746,1.959610,-2.078108,-1.129636,2.454325,-1.698694,-2.733542,-1.552200,-2.158118,-0.102909,-0.224398,-1.849973,-0.822311,1.254671,1.384124,1.579833,1.270568,0.809304,0.096780,0.748750,0.317482,-0.548232,1.021984,-0.087910,1.288165,1.156353,0.532392,-0.146055,-1.414717,-1.414742,-1.335527,-0.000001,-0.000001,-0.000001,1.255333,-0.418602,1.698898,-1.131569,-1.131667,-1.102628,-0.000001,-0.000001,-0.000001,3.142095,-0.325074,-1.187945,1.340496,0.003494,1.088564,1.921582,1.123135,1.029053,1.342962,1.026872,-1.238888,-0.000001,-0.000001,-0.000001,-0.000001,-0.000001,-0.000001,-0.000001,-0.000001,-0.000001,-0.000001,-0.000001,-0.000001,-0.000001,-0.000001,-0.000001,-0.000001,-0.000001,-0.000001,0.876017,0.853434,1.166811,0.927486,1.171582,0.296815,1.025643,0.992869,-1.306380,0.679050,0.489306,-0.484856,0.861861,0.587116,0.868582,0.283212,0.862951,-0.598570,0.636068,0.049630,0.141715,1.036138,0.251797,1.135446,1.019550,0.752799,0.611934,0.280027,0.614829,0.136893,0.844373,0.137942,0.484826,0.808814,0.101816,0.897260,0.885328,0.244605,0.280064,0.773234,-0.322289,0.101717,1.181339,-0.260201,1.970948,1.104078,-1.063234,-1.997650,0.944222,-1.135249,-1.586436,0.898301,-0.316043,1.847499,1.189686,-1.079290,1.644091,1.198393,-1.531272,-1.155627,1.039331,-1.466972,-2.350293,-0.287249,-1.514119,1.189736,0.225553,-1.240923,0.612872,0.810963,-0.634168,1.028720,1.341797,-0.440453,0.901385,1.449703,-0.729811,0.749679,1.617120,0.318748,0.794585,1.055952,1.736929,0.804725,0.689134,2.084764,0.960201,0.514220,2.210168,0.971045,1.310462,0.332045,0.560300,0.385570,1.315639,1.093717,-0.316753,0.938395,0.388924,-0.583787,0.483108,0.279846,0.675517,0.183738,0.921812,0.015224,0.937632,0.566058,-0.516044,0.559800,0.642010,-0.624334,0.136599,0.468917,0.108824,0.099660,0.269093,-0.204836,0.613063,1.055353,-0.595535,0.360781,0.324347,-0.743174,0.052024,0.448920,1.212655,2.171063,-0.210190,1.664526,2.224749,1.907239,1.721180,2.472801,-0.047020,1.551020,2.515129,-2.054616,1.669812,0.990076,-1.738037,1.665369,2.735366,-1.818729,1.873540,0.844466,-2.226430,1.864531,1.072241,-0.097905,1.959037,0.914454,-2.655854,1.750517,0.703340,-0.155328,1.816288,1.263095,-0.994987,1.775030,0.401314,-0.930882,1.314076,1.206882,1.136070,1.719600,0.947055,0.549922,1.338213,0.558063,0.922525,1.549208,0.584104,0.503144,1.387241,0.768681,1.168461,1.127638,1.849019,-2.260430,1.779207,1.577976,0.858347,1.767422,1.157528,-0.323867,1.714910,1.101888,0.479788,1.508290,1.263935,0.514408,1.390383,1.469245,0.912277,1.310337,0.919183,1.403802,1.273392,1.430994,0.995922,1.105109,0.263568,-1.380955,1.518190,0.790875,0.376033,1.618661,1.219830,0.329762,1.837536,1.108108,-0.030602,1.897474,0.955087,-1.078704,1.893929,1.018920,-0.973069,2.097816,0.816911,1.359959,1.784098,0.909688,1.260489,1.970960,0.567730,0.592580,1.635850,0.972559,1.217980,1.670697,1.287933,1.654873,1.037821,1.327665,0.503686,1.787793,1.229319,-0.234124,0.999937,1.247806,1.008129,1.642149,1.212458,0.197850,1.201105,1.549235,-0.184688,1.787203,1.785617,-2.177187,1.758942,1.026047,-0.260066,1.660817,1.029758,0.720039,1.459279,0.701139,-1.290921,1.526164,0.387177,0.961745,1.555421,1.035871,-1.241573,1.846327,0.988947,0.506930,1.734872,0.470646,0.264949,1.743568,0.862235,2.428618,1.769021,0.943732,1.160071,1.923168,0.857069,-1.437109,1.987069,0.856208,-0.358562,2.160926,0.947224,-0.082591,1.948343,0.587133,1.466051,2.106175,0.568668,0.042356,2.032931,2.134654,-1.195815,2.081535,1.574173,0.151106,1.874036,1.827006,-0.223984,1.719225,0.767657,-0.732114,1.645475,0.699789,0.142235,1.822251,1.766917,0.040879,1.921736,1.339023,-0.503943,2.014805,1.918664,-0.856360,1.635859,0.541171,2.063989,2.014088,1.507379,0.134559,1.973395,1.419637,-0.242093,1.909238,1.366792,0.594554,1.190750,1.433428,-2.344991,1.730727,1.191240,-0.541295
0.507211,1.552529,-0.017224,1.959114,-2.078540,-1.105310,2.454142,-1.699113,-2.716210,-1.552124,-2.158118,-0.107025,-0.224278,-1.850220,-0.842174,1.254066,1.384124,1.502480,1.270390,0.809304,0.095995,0.748556,0.317482,-0.566206,1.018105,0.542258,1.224228,1.153890,0.534914,-0.210017,-1.414717,-1.414742,-1.335527,-0.000001,-0.000001,-0.000001,1.255542,-0.415873,1.624524,-1.131569,-1.131667,-1.102628,-0.000001,-0.000001,-0.000001,3.142757,-0.324439,-1.188090,1.340086,0.003494,1.083371,1.921582,1.122740,1.016018,1.342538,1.026872,-1.255421,-0.000001,-0.000001,-0.000001,-0.000001,-0.000001,-0.000001,-0.000001,-0.000001,-0.000001,-0.000001,-0.000001,-0.000001,-0.000001,-0.000001,-0.000001,-0.000001,-0.000001,-0.000001,0.875670,0.853434,1.186649,0.927302,1.171582,0.302437,1.025466,0.992869,-1.298915,0.678905,0.483902,-0.492578,0.861760,0.582403,0.871632,0.283033,0.862951,-0.582741,0.635856,0.043520,0.148237,1.035955,0.251797,1.158057,1.019389,0.748978,0.607475,0.279698,0.614829,0.141883,0.844076,0.137942,0.478097,0.808685,0.101816,0.889382,0.885204,0.239999,0.284434,0.772962,-0.322289,0.107214,1.181095,-0.262409,1.974943,1.103866,-1.063234,-2.000500,0.943997,-1.135249,-1.571323,0.898083,-0.316043,1.824566,1.189519,-1.079290,1.634384,1.285101,-1.531272,-1.161648,1.039247,-1.466972,-2.349094,-0.287143,-1.514119,1.190296,0.225679,-1.241137,0.617353,0.811091,-0.634373,1.031626,1.341954,-0.440577,0.904657,1.449836,-0.729916,0.753224,1.617279,0.318521,0.793571,1.056125,1.736929,0.805424,0.689291,2.084764,0.960148,0.514365,2.210168,0.970841,1.310627,0.332045,0.552932,0.385717,1.315639,1.089311,-0.316593,0.938153,0.390136,-0.583639,0.483108,0.283904,0.675638,0.183738,0.918748,0.015357,0.937632,0.564278,-0.515894,0.559800,0.641425,-0.624216,0.136599,0.463245,0.108951,0.099660,0.269495,-0.204743,0.612854,1.056982,-0.595432,0.360562,0.329516,-0.743068,0.052024,0.450722,1.212655,2.171436,-0.260978,1.664526,2.224749,1.891531,1.721180,2.472801,-0.063592,1.551020,2.515129,-2.064803,1.669812,0.990076,-1.748965,1.665369,2.735366,-1.819435,1.873540,0.844466,-2.228754,1.864280,1.072241,-0.096864,1.958791,0.914454,-2.663216,1.750517,0.702878,-0.164816,1.816087,1.263095,-0.989031,1.774802,0.401314,-0.920944,1.313664,1.206882,1.125664,1.719357,0.947055,0.535034,1.337684,0.558063,0.920861,1.548971,0.584104,0.504765,1.386699,0.768681,1.170960,1.127388,1.849019,-2.255099,1.778911,1.578362,0.862597,1.767115,1.157528,-0.322078,1.714607,1.101888,0.482440,1.507979,1.263935,0.521476,1.390383,1.469245,0.885400,1.309988,0.919693,1.387979,1.273058,1.431592,0.986298,1.104772,0.264221,-1.389173,1.517649,0.790875,0.391397,1.618337,1.219830,0.328144,1.837229,1.108486,-0.036086,1.897155,0.955500,-1.080694,1.893606,1.018920,-0.976348,2.097502,0.816911,1.361624,1.784098,0.909688,1.259655,1.970960,0.567730,0.589828,1.635539,0.972559,1.217729,1.670381,1.287933,1.652820,1.037821,1.327665,0.496857,1.787793,1.229319,-0.230974,0.999937,1.247806,1.000688,1.642149,1.212458,0.191385,1.201105,1.549235,-0.189264,1.787203,1.786205,-2.177269,1.758641,1.026533,-0.262406,1.660486,1.030262,0.724822,1.459001,0.701655,-1.282253,1.525889,0.387663,0.957501,1.555158,1.035871,-1.242295,1.845993,0.988947,0.504663,1.734872,0.470646,0.265138,1.743568,0.862235,2.425894,1.768702,0.943732,1.161135,1.922851,0.857069,-1.436678,1.986742,0.856208,-0.356614,2.160926,0.946740,-0.082983,1.948103,0.587133,1.466127,2.106175,0.568668,0.043904,2.032632,2.134654,-1.197056,2.081240,1.573754,0.148747,1.873738,1.826561,-0.226735,1.719225,0.767657,-0.735109,1.645218,0.699789,0.137240,1.821950,1.766497,0.035224,1.921421,1.338587,-0.505257,2.014482,1.918172,-0.857121,1.635603,0.540727,2.062116,2.013764,1.506932,0.134525,1.973077,1.419214,-0.243223,1.908933,1.366390,0.591740,1.190484,1.433947,-2.345236,1.730463,1.191240,-0.538219
0.520925,1.549806,-0.606771,1.317130,-2.078972,-1.125074,1.522220,-1.682389,-1.572819,-1.552124,-2.157774,-0.059633,-0.380114,-1.848242,-0.780868,1.252449,1.365546,1.211508,1.266596,1.671644,-0.106787,1.229252,0.333230,-0.480338,0.979543,-0.097848,1.156439,1.123980,0.522318,1.156191,0.753250,0.750681,0.493639,-0.000001,-0.000001,-0.000001,0.697968,-0.425407,0.639046,0.934720,0.938463,0.868992,-0.000001,-0.000001,-0.000001,3.168559,-0.326904,-1.454736,1.344699,-0.006724,0.357952,1.920648,1.100900,1.225705,1.332341,1.289607,-1.094669,-0.000001,-0.000001,-0.000001,-0.000001,-0.000001,-0.000001,-0.000001,-0.000001,-0.000001,-0.000001,-0.000001,-0.000001,-0.000001,-0.000001,-0.000001,-0.000001,-0.000001,-0.000001,0.911093,1.194365,-0.650229,1.058003,1.359071,1.437238,1.019505,1.330632,0.333119,0.847782,0.570308,-0.897026,0.854488,0.417636,0.325997,0.378853,0.936926,0.459031,0.786978,-0.933240,0.010970,0.994601,1.072720,0.465519,1.004827,1.207071,2.908205,0.685934,0.683761,0.531493,0.886188,-0.011071,1.458266,0.730822,0.260151,1.317871,0.976630,-0.188035,0.049325,0.607927,0.130831,-2.407756,1.037821,-0.063873,2.008997,1.007623,-1.185022,-3.296086,1.248309,-1.632781,-2.268417,1.109609,-0.405354,0.975063,1.442473,-1.448579,1.830479,1.278122,-1.746367,-1.525687,1.138573,-0.686321,-2.844525,-0.263389,-1.667413,1.395995,0.206903,-1.400672,0.363915,0.667934,-0.786024,0.873639,1.178885,-0.550404,1.100189,1.416372,-0.744814,0.805279,1.561493,0.118573,0.797444,1.027087,1.486306,0.304886,0.712268,1.892284,0.779186,0.532382,2.073305,0.987468,1.164853,0.139985,0.431674,0.368001,1.186655,1.019147,-0.327650,0.826949,-0.050323,-0.559539,0.425087,-0.071586,0.522850,-0.041019,0.629441,-0.018596,0.790244,0.665731,-0.577377,0.456951,0.277377,-0.681864,0.021542,0.142481,0.039178,-0.143653,0.253806,-0.203790,0.531317,1.058850,-0.641376,0.277946,0.367914,-0.813848,-0.087725,0.536121,1.427797,2.182920,-0.677502,1.701398,2.228337,2.059344,1.751181,2.467243,0.547729,1.577995,2.497679,-1.832861,1.696024,0.969356,-0.730166,1.892248,2.151245,-2.441644,1.893958,0.790239,-0.762149,2.320363,1.026623,-1.565046,2.417684,0.093929,-2.077408,2.213480,0.224972,-0.958754,1.821012,-0.300245,0.068844,1.777189,-0.348723,0.813135,1.314278,0.308568,-0.610636,1.718663,0.073319,0.483255,1.580460,-0.071909,-2.093874,1.546726,-0.088692,0.275128,1.383440,0.171338,-2.672068,1.386202,1.457719,-2.124695,1.816704,1.243996,1.202344,1.801664,1.190783,0.141487,1.459429,0.744403,0.526967,1.826178,1.301803,-1.090696,1.751508,1.511327,-0.677688,1.654174,0.960960,-0.273918,1.597496,1.479928,-0.575910,1.402299,0.315020,-2.163828,1.269285,0.835588,1.066557,1.639974,1.244955,0.420366,1.569727,0.767420,0.201713,1.618789,0.577841,-0.496715,1.916148,0.575680,-0.035710,1.827826,0.814851,1.438387,1.807988,0.906066,0.853146,1.695600,0.563712,-0.323479,1.654656,0.465187,-0.083137,1.687526,0.910219,0.423387,1.568083,1.344679,0.088866,1.822050,1.254155,0.657924,1.272834,1.271557,-0.782827,1.667801,1.235445,0.207153,1.227293,1.025681,-0.466431,1.821489,1.298753,0.155543,1.773090,1.048909,0.836158,1.673712,0.582938,-0.364071,1.990384,0.280042,-1.225682,1.530836,-0.011014,2.011963,1.809874,1.069373,0.337445,1.544971,1.021071,0.010320,1.754930,0.447444,1.891214,1.766024,0.848716,1.738430,2.067550,0.544519,-0.666884,2.217521,0.257305,-2.199404,2.288682,0.431773,-2.100424,2.419018,0.932124,1.132544,1.957681,0.565555,2.567257,2.354645,0.546190,1.382342,2.589321,2.105040,-1.340825,2.630502,1.550149,-0.513269,2.153118,1.382834,-2.280032,1.740636,0.736955,-0.192995,2.130893,0.680054,0.259886,2.104253,1.354446,-0.429461,2.214161,1.320778,-1.868252,2.312476,1.435348,-2.471879,1.647641,0.522489,1.582065,2.312217,1.488677,-1.771037,2.269083,1.401865,-1.563155,2.194386,1.349912,-0.602350,1.469318,1.007848,-1.430893,1.739127,1.225238,1.249475
0.520925,1.550185,-0.571882,1.316635,-2.078108,-1.124514,1.521125,-1.681526,-1.557661,-1.551997,-2.157774,-0.079394,-0.380204,-1.847994,-0.764920,1.252344,1.365546,1.217503,1.266946,1.673374,-0.052980,0.754329,1.217217,-0.513667,0.980505,-0.100336,1.235400,1.128494,-0.115213,1.149136,0.753210,0.750681,0.540182,-0.000001,-0.000001,-0.000001,0.698824,-0.426772,0.712396,0.934689,0.938463,0.903018,-0.000001,-0.000001,-0.000001,3.167854,-0.326269,-1.457735,1.345109,-0.003856,0.359321,1.920337,1.099691,1.221963,1.333164,1.322699,-1.078227,-0.000001,-0.000001,-0.000001,-0.000001,-0.000001,-0.000001,-0.000001,-0.000001,-0.000001,-0.000001,-0.000001,-0.000001,-0.000001,-0.000001,-0.000001,-0.000001,-0.000001,-0.000001,0.890291,1.074685,-0.632084,0.939666,0.517321,-0.199825,1.035869,0.793411,-1.056411,0.687686,0.235557,-1.292660,0.867772,0.902570,0.094031,0.296983,0.689078,-0.064365,0.650152,-0.225058,-0.859979,1.047615,1.311442,0.026884,1.029157,1.016191,2.326920,0.294359,0.452810,0.235751,0.689090,-0.004723,0.913138,0.818713,-0.091621,1.283556,1.037968,-0.477979,-0.021878,0.785788,-0.122906,-0.567658,1.192479,-0.112423,2.108538,1.113095,-1.193731,-2.806897,1.078959,-1.589419,-1.955327,0.908800,-0.405354,0.981030,1.197821,-1.162349,1.376437,1.292318,-1.403730,-1.225115,1.227944,-1.021259,-2.441867,-0.263495,-1.667413,1.397772,0.206752,-1.400458,0.363708,0.667756,-0.786024,0.869822,1.178649,-0.550258,1.096459,1.416149,-0.744692,0.800516,1.561237,0.118573,0.790816,1.026826,1.486306,0.305511,0.712033,1.892284,0.779192,0.532142,2.073305,0.987481,1.164623,0.140197,0.427900,0.367766,1.186655,1.009045,-0.327873,0.827191,-0.050875,-0.559717,0.400851,-0.075384,0.522670,-0.041019,0.628665,-0.018782,0.790244,0.669539,-0.577557,0.456951,0.280255,-0.682040,0.021542,0.140107,0.039026,-0.143653,0.236448,-0.203929,0.531526,1.055656,-0.641505,0.256309,0.370348,-0.813981,-0.087725,0.537617,1.427593,2.182920,-0.668718,1.700908,2.228757,2.074127,1.750981,2.467731,0.565610,1.577800,2.498212,-1.822069,1.695823,0.969761,-0.726954,1.892035,2.151824,-2.436664,1.893759,0.791618,-0.738226,2.320132,1.027112,-1.565686,2.417684,0.094720,-2.095603,2.213480,0.225435,-0.950949,1.821012,-0.299449,0.072204,1.777400,-0.347977,0.796484,1.314488,0.309034,-0.589935,1.718663,0.073776,0.528914,1.580460,-0.071244,-2.042504,1.546726,-0.087963,0.310267,1.383716,0.171338,-2.561743,1.385713,1.457719,-2.129022,1.816408,1.243610,1.201571,1.801358,1.190371,0.143313,1.459101,0.744403,0.527639,1.825867,1.301304,-1.088749,1.751508,1.510771,-0.662919,1.653825,0.960960,-0.250227,1.597162,1.479928,-0.559650,1.402299,0.314367,-2.150372,1.269285,0.835588,1.013424,1.639974,1.244955,0.428206,1.569727,0.767420,0.211244,1.618789,0.577841,-0.501759,1.915824,0.576158,-0.045910,1.827826,0.815256,1.465106,1.807673,0.906702,0.860600,1.695284,0.564418,-0.295584,1.654656,0.465723,-0.033981,1.687526,0.910618,0.517612,1.567818,1.344679,0.092104,1.821724,1.254155,0.659370,1.272572,1.271557,-0.778334,1.667520,1.235445,0.209572,1.227018,1.025681,-0.461928,1.821163,1.298753,0.160779,1.772789,1.048909,0.846722,1.673712,0.582938,-0.354092,1.990384,0.280042,-1.204147,1.530836,-0.011014,2.033427,1.809874,1.069373,0.345525,1.544971,1.021071,0.052638,1.754709,0.448028,1.874059,1.766024,0.849137,1.749525,2.067256,0.544966,-0.623804,2.217229,0.257924,-2.128344,2.288682,0.432247,-2.063344,2.418757,0.932124,1.069418,1.957681,0.566099,2.594699,2.354394,0.546676,1.339673,2.589321,2.105620,-1.423082,2.365265,1.550568,-0.610105,2.153118,1.383317,-2.267657,1.740636,0.737555,-0.098896,2.130893,0.680551,0.231356,2.104253,1.354866,-0.460485,2.213871,1.321213,-1.900262,2.312476,1.435881,-2.526439,1.647641,0.522933,1.562045,2.312217,1.489123,-1.840238,2.268789,1.402288,-1.600627,2.194386,1.350314,-0.657061,1.469053,1.007848,-1.430606,1.739127,1.225238,1.263084
2.663736,-0.341096,-1.391069,1.950625,-2.092691,-1.270860,1.517485,-1.682389,-1.974604,-1.427829,-2.153314,0.008436,-0.537423,-1.719088,-1.402849,1.254874,1.365546,1.497355,1.266241,0.811034,-0.138108,1.243399,0.305238,0.372999,1.040414,-0.099092,0.900681,1.204295,0.524840,-1.769107,0.753748,0.750681,0.312026,-0.000001,-0.000001,-0.000001,1.266575,-0.424043,1.618997,-1.131569,-1.131667,-1.102628,-0.000001,-0.000001,-0.000001,3.217386,-0.366679,-1.729240,1.363995,-0.055216,0.133112,1.921884,1.087155,1.230555,1.346627,0.878457,-1.453004,-0.000001,-0.000001,-0.000001,-0.000001,-0.000001,-0.000001,-0.000001,-0.000001,-0.000001,-0.000001,-0.000001,-0.000001,-0.000001,-0.000001,-0.000001,-0.000001,-0.000001,-0.000001,0.887709,1.226997,0.293236,0.940378,1.582450,1.822491,1.231362,1.867803,1.164946,1.195353,1.040041,0.033961,0.869228,-0.001381,1.306368,0.919298,1.240323,-0.014595,0.881926,-0.719586,1.500560,1.049211,0.181936,1.566830,1.031322,0.703169,-0.632157,1.054247,0.966473,0.394204,1.021669,0.099895,2.443442,1.116821,-0.447794,0.706986,1.181965,-0.335282,0.522078,1.240387,-0.355514,-2.050886,1.189211,-0.785204,2.439346,1.111464,-2.081222,-2.636730,1.330916,-1.823707,-1.856232,1.394965,-0.546770,0.589216,1.382846,-1.300148,1.417347,1.377035,-1.984302,-0.857664,1.226259,-1.496522,-2.582189,-0.293587,-1.544823,-1.061144,0.512235,-1.239423,-2.539577,1.015448,-0.591918,-1.372103,0.951902,-0.514694,0.029545,1.568770,-0.623332,0.959448,1.141402,-1.143890,0.576446,0.837375,0.432265,-0.667061,0.718105,1.080755,-0.027262,0.653624,1.372200,0.729189,0.610467,-1.251324,0.508316,0.242189,0.140458,-0.070917,0.171725,0.152712,-1.089609,-0.005357,0.035830,-1.474139,0.171013,-1.338060,0.576806,-0.282170,0.037152,-0.512598,-0.455730,-0.070694,-1.166780,-0.443691,-0.627992,-1.702280,-0.201986,-1.356122,-0.092701,-0.497732,-0.692149,-1.301942,-0.530987,-0.636285,-0.634877,-0.540457,-0.846580,-1.353434,1.409588,1.710735,-0.317501,1.911261,1.451811,1.445764,1.752419,1.658236,-0.673391,1.411740,1.650911,-2.381500,1.540349,0.398796,-1.317948,1.544513,1.440456,-1.850917,1.795596,0.053399,-1.035364,1.805741,0.538732,0.108483,1.946720,-0.673137,-0.646425,1.782532,0.203176,0.741677,1.878550,-0.438090,-1.030564,1.865841,-0.591387,-0.754867,1.607139,0.515471,0.295102,1.845603,0.182498,-1.010350,1.733715,-0.050770,1.265466,1.686034,-0.222243,-0.618756,1.556973,-0.093148,1.396606,1.642810,0.738765,-1.679433,2.164706,0.588323,1.403874,2.207361,0.860124,-0.150694,1.903435,0.406969,0.093472,1.742099,0.452541,1.255738,2.074566,0.567568,-0.387097,2.015836,0.546421,0.116311,1.677834,0.426801,0.102704,1.522062,0.427334,-0.387199,1.651456,0.387139,0.815893,2.182577,0.544820,1.170580,2.105359,0.612769,0.674239,2.176172,0.064705,-0.027404,2.176420,0.046750,0.517758,2.334023,0.446284,1.145667,2.338604,0.377441,1.399157,2.249254,-0.022752,1.365401,2.222587,-0.022434,1.346181,2.287204,0.543949,1.354269,1.891981,0.823298,0.181273,2.217854,0.562070,0.749424,1.644572,0.609703,0.013283,2.098464,0.531055,0.998200,1.584873,0.205973,0.009955,2.217624,0.542270,-0.056854,2.076795,0.359306,0.275194,2.035021,0.783332,1.151605,1.800619,0.464768,-0.852312,1.860001,0.183004,0.282075,1.880146,0.042769,-1.091468,2.226731,0.698432,0.792779,1.882728,0.155712,1.374227,1.945079,0.607487,1.375793,2.009116,0.258813,0.359310,2.183086,-0.165818,-0.184909,1.987988,0.128016,0.317870,1.939700,0.226522,-0.791479,1.989863,-0.182122,0.693853,2.131640,-0.089726,-0.211982,2.036447,0.358443,-1.525475,2.066791,0.982020,-0.712604,2.100961,0.774970,-1.309042,1.911369,-0.108510,1.032197,1.818986,-0.003749,0.890511,2.051550,0.721508,-0.705035,2.179952,0.664215,-0.608221,2.015712,0.688430,-1.086550,1.908161,0.277869,1.688209,2.014996,0.815669,-0.476219,1.955634,0.767099,-0.439163,2.141095,0.746996,-0.239489,1.832766,0.305717,-1.607098,2.044691,0.265804,-0.526273
2.665954,-0.341475,-1.330282,1.959488,0.091821,-1.612322,1.501639,-1.587623,-1.450947,-1.427626,-2.148511,-0.171460,-0.223436,-1.718593,-1.011318,1.260336,1.393422,2.019848,1.270568,1.668184,-0.074261,1.246858,0.333230,0.088314,1.011074,-0.089154,1.509875,1.144062,0.531131,0.089138,0.753324,0.750669,0.480350,-0.000001,-0.000001,-0.000001,1.256934,0.276597,1.560009,-1.131569,-1.131667,-1.102628,-0.000001,-0.000001,-0.000001,3.224178,-0.383822,-2.238412,1.365686,-0.074308,-0.198412,1.920035,1.074618,1.392075,1.343760,1.125147,-0.985063,-0.000001,-0.000001,-0.000001,-0.000001,-0.000001,-0.000001,-0.000001,-0.000001,-0.000001,-0.000001,-0.000001,-0.000001,-0.000001,-0.000001,-0.000001,-0.000001,-0.000001,-0.000001,0.949959,3.211084,-0.326969,1.097381,2.248691,1.142917,1.436239,1.786430,1.656058,1.377026,1.180427,-0.860141,0.983816,0.422348,0.446850,1.236506,0.940629,0.494618,1.059583,-0.921019,0.953271,1.034013,-0.208092,0.313962,1.039228,0.790966,0.494486,1.098919,0.687211,1.370307,1.083863,-0.359837,3.331428,0.907265,-0.219147,1.184072,1.005074,-0.689664,0.179239,1.239307,0.136879,-1.975023,1.200107,-0.061665,1.795169,1.273745,-2.147922,-3.404545,1.521694,-1.627025,-1.322013,1.375157,-0.610029,1.030071,1.553916,-1.445042,1.958790,1.551606,-2.378314,-1.319053,1.156784,-2.323947,-3.381729,-0.081455,-1.477228,-0.578226,0.242647,-0.817566,-1.423404,0.739949,-0.692747,-1.574259,1.058582,-0.412710,-0.498596,1.615471,-0.382466,0.464932,0.894954,-1.367228,0.697434,0.755145,-0.243330,-0.119300,0.798526,-0.222645,-1.681311,0.443499,0.851026,-2.461410,0.484619,-1.564004,0.341136,0.622302,-0.587537,-1.007813,0.930806,-0.133034,-0.636702,1.253685,0.421659,-0.148759,0.114606,-1.672740,-0.324649,0.401061,-0.748262,-0.015259,0.197058,-0.698548,-2.135194,1.564887,-0.023721,-0.815504,-0.099401,-1.682937,-0.584181,0.008671,-0.938846,0.002611,0.235272,-0.636285,0.744675,0.509979,-0.302659,1.225116,1.613923,1.510879,-1.121799,1.716810,1.325100,-0.088873,1.789812,1.173680,-0.827988,1.455164,0.679198,-1.965389,1.416394,0.510324,-0.708314,1.636795,0.597075,-1.580498,1.729835,0.435693,-0.750915,1.766387,-0.528737,-1.278356,1.734522,-0.101314,0.522643,1.847292,0.085837,0.093749,1.587967,0.021833,-0.784143,1.589703,0.437204,-0.868592,1.748096,0.185055,-0.413293,1.583670,0.199855,-2.182771,1.687501,0.473504,0.548758,1.236937,0.191038,-1.162165,1.780742,0.138119,0.221934,1.947741,0.343853,-0.933554,2.006895,0.582019,1.113645,2.088356,0.440500,0.210443,1.829933,0.377603,0.409705,1.712158,0.444376,0.881074,2.121867,0.558495,-0.673116,2.112938,0.021057,0.549163,1.819381,0.379013,0.591670,1.699179,-0.214294,-0.502762,1.834148,-0.202999,0.006934,2.195314,0.640525,0.494198,2.117931,0.378663,0.285634,2.189255,-0.145711,0.781394,2.189682,-0.131526,1.363665,2.303776,0.376976,0.396384,2.331179,0.282395,0.934995,2.264759,-0.128197,1.166935,2.260809,0.399810,0.858365,2.046108,0.089387,0.647807,1.762798,0.571530,-0.114172,2.098146,0.656675,0.610725,1.569313,0.700176,-0.614894,2.048004,0.668974,0.253706,1.509674,0.372894,0.176376,2.097816,0.182143,0.662136,2.152180,0.489069,-0.577439,2.145178,0.402133,0.625499,1.657032,0.100632,-1.264884,1.997706,-0.139477,-0.230909,1.746866,0.243776,-1.191042,2.020793,0.229402,0.285482,1.841248,0.265111,1.362588,1.916522,0.282430,-0.166419,2.002191,0.278252,-0.686232,2.200158,0.461883,-0.427702,2.025110,0.148682,0.033996,1.997689,-0.155083,-1.077240,2.065294,0.395980,-0.571946,1.949023,0.459490,-0.822594,2.074062,0.007759,-1.013384,2.083263,-0.084225,-1.625682,2.097003,0.064533,-1.639389,1.884140,0.056753,1.546293,2.017993,0.524966,-0.139596,2.047551,-0.008918,-1.039776,2.196911,-0.093475,-1.199296,2.052349,-0.172878,-0.607781,1.974608,0.363981,0.096425,2.051690,0.039001,-1.181029,1.970066,0.034449,-1.055842,2.137052,0.051107,-1.550272,1.741644,0.411653,-0.866330,1.895982,0.403749,-0.693870
2.665521,-0.340314,-1.289932,1.959358,0.093577,-1.600080,1.501823,-1.588906,-1.457470,-1.427677,-2.147828,-0.167705,-0.224007,-1.718348,-1.030466,1.260231,1.393422,2.027704,1.269862,0.812764,-0.103755,1.247339,0.331478,0.087220,1.009608,-0.086666,1.503306,1.142011,0.532392,0.016869,0.753280,0.750669,0.439636,-0.000001,-0.000001,-0.000001,1.256294,0.276597,1.483933,-1.131569,-1.131667,-1.102628,-0.000001,-0.000001,-0.000001,3.222811,-0.379527,-2.214074,1.365686,-0.072874,-0.202659,1.920960,1.075827,1.378981,1.344583,1.009824,-1.033614,-0.000001,-0.000001,-0.000001,-0.000001,-0.000001,-0.000001,-0.000001,-0.000001,-0.000001,-0.000001,-0.000001,-0.000001,-0.000001,-0.000001,-0.000001,-0.000001,-0.000001,-0.000001,1.087359,2.108415,-0.493121,1.142601,1.654280,2.140579,1.424817,1.953300,0.958553,1.364231,1.158809,0.343395,0.869517,0.106951,1.088136,1.131139,0.903642,-0.046422,0.884793,-0.566965,1.582594,1.050797,-0.330403,1.019414,1.031946,-0.060350,0.038992,1.059813,1.045757,0.913014,1.025808,-0.179126,2.426305,1.268979,-0.834721,0.820256,1.183872,-0.215619,0.592597,1.246058,-0.292052,-1.676153,1.193935,-0.734473,2.448028,1.237574,-2.011619,-2.678490,1.459738,-2.408033,-1.790125,1.400165,-0.507702,0.668850,1.480756,-1.259513,1.789556,1.553831,-1.940503,-0.720641,1.228987,-1.715696,-2.554510,-0.108297,-1.476999,-0.612528,0.217320,-0.817566,-1.430742,0.739282,-0.692542,-1.572626,1.057845,-0.412710,-0.488291,1.614825,-0.382344,0.483209,0.894160,-1.367023,0.702671,0.754364,-0.243165,-0.052967,0.797793,-0.222645,-1.611660,0.442826,0.851208,-2.498231,0.483800,-1.563813,0.360944,0.621508,-0.587537,-0.997177,0.929942,-0.156725,-0.476071,1.252855,0.421904,-0.053316,0.113883,-1.672561,-0.304880,0.400370,-0.769378,0.089352,1.111815,-0.395280,-2.145486,1.564061,-0.023509,-0.676305,-0.099985,-1.682781,-0.574515,0.008090,-0.938637,0.062869,0.234600,-0.636066,0.812009,0.509287,-0.302447,1.330723,1.613923,1.511624,-1.127599,1.716810,1.325908,-0.086095,1.789812,1.174619,-0.809398,1.455164,0.680308,-1.975409,1.416394,0.511167,-0.707555,1.636795,0.598279,-1.662273,1.729835,0.437072,-0.640263,1.766619,-0.527758,-1.372516,1.734522,-0.099667,0.476344,1.847292,0.529700,0.188894,1.587967,0.023493,-0.772568,1.589913,0.438757,-0.813149,1.748096,0.185986,-0.413502,1.583670,0.200808,-2.147542,1.687501,0.474891,0.777981,1.236937,0.192495,-1.052465,1.780742,0.138836,0.496008,1.947741,0.344784,-0.540383,2.007190,0.582823,0.932223,2.088356,0.440946,0.202245,1.829933,0.378054,0.364131,1.712158,0.445418,0.921788,2.121867,0.559652,-0.860215,2.112938,0.021568,0.525862,1.819381,0.379611,0.529432,1.699490,-0.213587,-0.523857,1.834148,-0.201621,-0.172965,2.195314,0.641469,0.570317,2.117931,0.379041,0.309300,2.189255,-0.144884,0.723584,2.189682,-0.130530,1.318184,2.303776,0.377786,0.390204,2.331179,0.283619,0.932187,2.264759,-0.126840,1.173742,2.260809,0.400927,0.884100,2.046424,0.090219,0.673686,1.762798,0.571899,-0.123185,2.098146,0.657608,0.636196,1.569313,0.701068,-0.643882,2.048297,0.191413,0.195598,1.509674,0.373479,0.180952,2.097816,0.182686,0.686628,2.152180,0.489555,-0.139390,2.145178,0.403184,0.641491,1.923709,0.101624,-1.205933,1.997706,-0.138543,-0.171906,1.746866,0.244503,-1.220104,2.340981,0.230099,0.347548,1.841468,0.266236,1.276518,1.916522,0.282818,-0.157106,2.002191,0.279111,-0.585622,1.919854,-0.129685,-0.349918,2.025110,0.149595,0.015826,1.997950,-0.154599,-1.083577,2.065294,0.397026,-0.557082,1.949275,0.460423,-0.811826,2.074062,0.008829,-1.027406,2.083263,-0.083352,-1.649379,2.097003,0.065461,-1.579870,1.884140,0.058003,1.497327,2.018260,0.525922,-0.106356,2.047551,-0.008498,-0.963001,2.196911,-0.093039,-1.108612,2.052349,-0.172386,-0.567061,1.974608,0.364908,0.075705,2.051690,0.039447,-1.141079,1.970066,0.034872,-0.958561,2.137052,0.051509,-1.465673,1.741644,0.412651,-0.765263,2.149529,0.405050,-0.164775
2.657082,-0.369795,-2.109045,1.300648,0.073673,-1.425769,0.582463,-1.576474,-0.153500,-1.552455,-1.974923,0.034937,-0.385165,-1.202481,-1.935599,1.253764,1.371745,1.132951,1.265093,0.783378,-1.391771,1.247533,0.315730,-0.020437,1.002577,-0.086666,0.615263,1.128494,0.524840,-0.348131,0.726901,0.750669,0.981374,-0.000001,-0.000001,-0.000001,1.253621,0.294319,-0.064663,0.950937,0.938453,0.626592,-0.000001,-0.000001,-0.000001,3.239087,-0.395437,-1.878480,1.362739,-0.146284,0.113001,1.940746,1.098062,1.051910,1.337228,0.517446,-0.911321,-0.000001,-0.000001,-0.000001,-0.000001,-0.000001,-0.000001,-0.000001,-0.000001,-0.000001,-0.000001,-0.000001,-0.000001,-0.000001,-0.000001,-0.000001,-0.000001,-0.000001,-0.000001,1.284774,0.846172,-0.878569,1.543683,1.171582,-0.249505,1.425160,1.464912,1.036396,1.532808,1.126382,0.801101,0.979550,0.088101,0.228376,1.340964,1.721252,-0.040441,1.117377,0.098442,0.373684,1.451779,-0.353642,-0.629937,1.383163,-0.075636,-1.079175,1.062674,1.025052,1.702042,1.195123,0.163332,0.699016,1.569205,-1.349122,1.054352,1.472378,-0.234046,1.303041,1.096009,-0.992900,-3.201078,1.333454,-0.745513,1.677422,1.608298,-1.370641,-2.271686,1.461081,-1.436099,-0.172891,1.280216,-1.361768,0.231221,1.576756,-1.469781,2.251046,1.729175,-1.734934,-0.474988,1.502887,-1.449747,-2.160315,0.075234,-1.323243,1.267910,0.401815,-0.737049,0.925553,0.714883,-0.398222,0.144171,0.834098,-0.218496,0.771462,1.480896,-0.203644,0.987030,0.828547,-1.371186,0.129382,0.618770,-0.636503,0.285604,0.290819,-0.022910,-0.696913,-0.214141,0.035321,-1.541740,0.471707,-1.673217,-0.265598,0.539545,-1.046996,-0.474403,0.177221,-0.787931,0.020291,-0.209925,-0.868272,0.201218,0.005674,-1.873444,-0.231734,0.162168,-1.251402,0.051108,-0.014642,-1.098732,0.760358,-0.334503,-1.138140,0.263598,-0.347637,-1.952648,0.189138,-0.069251,-1.444331,0.247960,-0.260029,-1.290870,1.086546,-0.474809,-1.315741,1.001253,1.640341,0.442977,-0.187697,1.522614,0.206583,0.106605,1.623367,0.298198,0.732570,1.657393,0.656288,-0.678129,1.623498,0.486297,0.872889,1.659697,0.555077,-1.572690,1.747889,0.380141,0.301028,1.563241,1.302375,0.416442,1.749256,0.580720,-0.806278,1.627389,0.485221,-0.950428,1.786085,-0.044998,-0.209613,1.795518,-0.329660,-0.235866,1.556723,-0.733281,0.932590,1.800440,-0.256736,-1.287439,1.688300,-0.180326,-0.285615,1.866619,0.186546,0.102203,1.780200,0.145568,1.121783,1.516957,0.787291,-0.797558,1.756546,0.597811,1.319718,1.824586,0.459047,-0.022630,1.566088,0.396338,-0.178319,1.735087,0.464831,0.419683,1.796251,0.581225,0.910293,1.794132,0.044584,0.164199,1.829981,0.406569,-0.309212,2.003381,0.438646,-1.400147,1.836864,0.454181,1.749923,1.917009,0.199863,-0.017641,1.843202,-0.341477,-0.077442,1.903370,-0.539909,1.454509,1.899906,-0.134436,2.153179,2.025732,0.367417,0.946661,2.050516,0.268006,0.744827,1.981955,0.480311,0.544557,1.980505,0.386672,-0.227090,2.062279,-0.301833,0.054324,1.790700,0.577960,0.843185,1.839311,0.667636,0.871875,1.843289,0.283608,-0.421796,2.070794,0.199602,0.196498,2.017651,0.382487,0.012665,1.838764,0.191053,1.066285,1.878023,0.032611,0.463833,1.841147,-0.068439,-0.061550,1.931963,-0.343392,-1.750552,2.003414,-0.558762,0.944384,2.006699,0.256438,-0.625964,2.033807,0.241543,1.277645,1.859287,0.235839,2.262975,1.936485,0.264158,-0.763852,2.303735,0.261355,-1.965273,2.218118,-0.156282,-1.392051,2.042130,0.130718,-0.937578,2.010246,-0.175165,-1.031960,2.074872,0.368756,-0.469198,1.961112,0.003882,-1.125689,1.815128,-0.537556,-0.831965,1.830441,-0.511597,-1.295675,2.115334,-0.816017,-1.331523,1.903175,0.021150,1.237639,2.273594,0.060657,-0.480494,2.066073,-0.431739,-1.383554,2.214754,-0.532078,-2.118688,2.069146,-0.197077,-1.194510,1.741282,0.340294,0.175529,2.068513,-0.410588,-1.546557,1.988426,-0.392384,-2.324917,2.155780,-0.354309,-2.418828,1.766660,0.422426,-0.250395,1.905197,0.419040,0.626769
2.657542,-0.370576,-2.163487,1.299154,0.071458,-1.421327,0.581368,-1.577338,-0.115210,-1.552607,-1.974923,0.061918,-0.385195,-1.202233,-1.899901,1.252955,1.371745,1.080582,1.267211,0.785108,-1.302722,1.247151,0.315730,-0.015145,1.002577,-0.087910,0.588766,1.124805,0.523579,-0.469255,0.726896,0.750669,0.974551,-0.000001,-0.000001,-0.000001,1.254150,0.294319,-0.032279,0.950940,0.938453,0.613540,-0.000001,-0.000001,-0.000001,3.239791,-0.396034,-1.907243,1.361894,-0.150676,0.094537,1.937963,1.095249,1.084356,1.336006,0.500399,-0.932564,-0.000001,-0.000001,-0.000001,-0.000001,-0.000001,-0.000001,-0.000001,-0.000001,-0.000001,-0.000001,-0.000001,-0.000001,-0.000001,-0.000001,-0.000001,-0.000001,-0.000001,-0.000001,1.477371,0.842542,-0.780909,1.541915,1.167589,-0.249298,1.423620,1.920711,1.022865,1.531464,1.120977,0.737339,0.978674,0.078676,0.198020,1.338936,1.717548,-0.036981,1.115333,0.086295,0.362980,1.450010,-0.365298,-0.650866,1.381773,-0.083278,-1.117179,1.060482,1.021601,1.771015,1.193346,0.160158,0.589395,1.567747,-1.357924,1.072415,1.470983,-0.243260,1.365721,1.247138,-0.995923,-3.174986,1.331879,-0.749902,1.668588,1.606886,-1.373545,-2.254993,1.459847,-1.441890,-0.154862,1.278703,-1.363631,0.220319,1.575590,-1.471549,2.236744,1.728178,-1.738745,-0.513739,1.501844,-1.454647,-2.155757,0.075234,-1.322787,1.280703,0.401840,-0.736623,0.937556,0.714909,-0.398017,0.151980,0.860399,-0.218082,0.767947,1.480941,-0.203295,0.991436,0.828578,-1.370868,0.118625,0.618827,-0.636147,0.272945,0.290872,-0.022484,-0.708865,-0.214094,0.017437,-1.544470,0.504480,-1.672921,-0.261890,0.539576,-1.046683,-0.442244,0.177254,-0.787449,0.035812,-0.209896,-0.868027,0.204229,0.005704,-1.873144,-0.255451,0.162194,-1.272604,0.056042,-0.014613,-1.098512,0.775181,-0.334474,-1.137928,0.273214,-0.347637,-1.952374,0.211340,-0.069228,-1.443914,0.248896,-0.260003,-1.290432,1.077972,-0.501344,-1.336554,0.997448,1.639543,0.442201,-0.093979,1.521899,0.205387,0.053931,1.622548,0.296846,0.676974,1.656630,0.144523,-0.638829,1.622713,0.485015,0.867360,1.658827,0.553295,-1.535072,1.747106,0.377383,0.277105,1.562277,1.300865,0.547412,1.748048,0.577490,-0.751789,1.626407,0.483796,-0.885980,1.785257,-0.048316,-0.197723,1.794430,-0.332702,-0.225144,1.555680,-0.734756,0.900443,1.799531,-0.258109,-1.270991,1.687220,-0.182324,-0.238784,1.865496,0.185028,0.180120,1.778841,0.143527,1.162286,1.745345,0.786360,-0.739917,1.755341,0.597039,1.313370,1.823334,0.458225,-0.006090,1.564839,0.395507,-0.164215,1.733816,0.463831,0.469711,1.794747,0.580114,0.873614,1.792694,0.043563,0.141885,1.828256,0.405373,-0.328740,2.002111,0.436634,-1.418457,1.835495,0.452141,1.783810,1.915739,0.198408,-0.000798,1.841949,-0.342644,-0.077639,1.902066,-0.541149,1.450614,1.898584,-0.135950,2.142459,2.024436,0.366201,0.910391,2.049241,0.266783,0.752211,1.980666,0.478302,0.565951,1.978910,0.385555,-0.234841,2.060988,-0.303064,0.028068,1.789609,0.577191,0.841976,1.838093,0.666703,0.890105,1.842232,0.709766,-0.414355,2.069621,0.198563,0.199928,2.016628,0.380685,0.015585,1.837546,0.189380,1.061045,1.876783,0.031155,0.469754,1.839465,-0.069994,-0.062989,1.930839,-0.344344,-1.753650,2.002114,-0.560143,0.944209,2.005362,0.254196,-0.630104,2.032429,0.239393,1.281678,1.858379,0.234221,2.248044,1.935369,0.262961,-0.719174,2.302534,0.260084,-1.915460,2.216924,-0.158189,-1.355344,2.040871,0.129367,-0.879735,2.009170,-0.176541,-1.024158,2.073902,0.367251,-0.435139,1.960076,0.002052,-1.106852,1.813932,-0.539207,-0.816674,1.828995,-0.512889,-1.268950,2.114210,-0.817390,-1.318987,1.902110,0.019250,1.248390,2.272566,0.059242,-0.486296,2.064937,-0.433033,-1.349570,2.213568,-0.533420,-2.099259,2.067904,-0.198594,-1.199532,1.740239,0.338922,0.185511,2.067268,-0.411963,-1.549631,1.986920,-0.393689,-2.275984,2.154632,-0.355548,-2.372380,1.765575,0.420950,-0.236933,1.903830,0.417034,0.622774
0.525362,-0.365911,-1.856761,1.309891,0.117018,-1.579677,0.598486,-1.563624,-0.244688,-1.428237,-1.965660,-0.742558,-0.383391,-0.934034,0.001966,1.256491,1.368645,1.280024,1.267744,0.793736,-1.097637,1.246570,0.322738,0.313833,-0.238481,0.565866,0.394308,-0.930042,0.541220,0.666795,0.753145,0.750669,0.496854,-0.000001,-0.000001,-0.000001,0.691112,1.003129,-0.290079,-1.131569,-1.131667,-1.102628,-0.000001,-0.000001,-0.000001,3.243850,-0.406454,-2.086389,1.361074,-0.153634,0.052554,1.929621,1.096458,0.900098,1.343760,0.402124,-1.050732,-0.000001,-0.000001,-0.000001,-0.000001,-0.000001,-0.000001,-0.000001,-0.000001,-0.000001,-0.000001,-0.000001,-0.000001,-0.000001,-0.000001,-0.000001,-0.000001,-0.000001,-0.000001,1.475818,1.270565,-0.076752,1.140477,1.187507,1.145395,1.229313,1.477133,1.406199,1.361842,1.142595,1.556577,1.087546,0.634241,-0.508806,1.337289,1.732361,-0.076241,1.113500,0.110664,-0.234775,1.248375,0.315831,-0.703865,1.380373,-0.067993,-1.066950,1.249778,1.035404,2.207630,1.359262,0.172814,0.940101,1.566563,-0.342219,0.808220,1.613717,0.299830,1.629734,1.398671,-0.301123,-2.232832,1.467768,-0.489622,1.588768,1.728866,-1.361932,-2.145852,1.585216,-1.103434,-0.293799,1.400165,-0.513267,0.835793,1.574759,-1.264819,2.209668,1.727409,-1.514123,-0.772295,1.501124,-1.444817,-2.095168,0.174083,-1.091353,0.613416,0.362381,-0.499139,1.808818,0.562148,-0.289841,0.836518,0.619346,-0.270370,0.155941,0.673468,-0.107466,0.091025,0.674560,-1.304619,-0.617261,0.385239,-0.852630,0.668256,-0.051700,-0.266135,-0.132700,-0.550624,-0.030009,-0.501146,0.351464,-1.526417,-0.220903,0.186980,-1.252585,-0.542870,0.017475,-0.967792,1.339867,-0.266337,-0.639370,0.275449,0.020303,-1.735336,-0.059856,-0.071970,-1.536391,1.113147,-0.248316,-1.153892,1.517460,-0.589787,-0.961322,0.431182,-0.356107,-1.820112,0.557980,-0.292598,-1.742200,0.342109,-0.379358,-1.476645,0.618432,-0.568642,-1.328060,0.589580,1.655349,0.434193,0.567340,1.541163,0.575985,-0.431869,1.447666,0.302818,0.420358,1.673843,0.671606,0.145852,1.641636,0.892654,1.839995,1.886141,0.588791,-1.794304,1.770465,0.426204,1.316794,1.815696,1.341465,-1.008847,1.784735,0.645516,-1.582894,1.668011,0.079175,-1.950446,1.823069,-0.752935,0.517986,1.836724,-0.287684,0.442807,1.597645,-0.714228,0.836051,1.847216,-0.245444,-0.306199,1.742750,-0.174833,-1.047291,1.913499,0.180536,0.820039,1.583317,0.127965,1.086716,1.539276,0.765318,-0.499519,1.503799,0.576101,0.446009,1.859442,0.433781,-0.961538,1.894428,0.370816,-0.975837,2.076253,0.436711,-0.277838,1.852802,0.549977,0.323365,1.853027,0.012677,-0.653885,2.210509,0.369196,-0.761358,2.063911,0.401227,-1.241338,1.636535,0.420991,1.949881,1.665460,0.181029,0.089135,1.889093,-0.352738,0.100162,1.644969,-0.548385,1.280633,1.948309,-0.138382,2.239007,1.767959,0.370761,0.858576,1.793467,0.273390,0.529923,1.726953,-0.138188,-0.199189,2.028913,0.391588,-0.939181,1.810503,-0.299372,-0.385476,1.818866,0.565869,1.491796,1.873242,0.649485,1.046941,1.875709,0.693299,0.575789,1.838156,0.183266,0.181546,2.049041,0.363935,0.547820,1.872724,0.173820,0.882350,1.927866,0.481624,1.448947,1.898411,-0.089122,-0.323957,2.249652,-0.362908,-1.334494,1.808560,-0.575748,1.604798,2.054883,0.232629,0.561233,1.771746,0.218713,1.072266,1.677159,0.257422,2.479296,1.973907,0.276447,-1.081646,2.346809,0.272311,-2.251371,2.262447,-0.139840,-1.519735,2.089461,0.142365,-2.104409,2.053254,-0.161889,-0.614874,1.886439,0.388829,0.369792,2.002517,0.023597,-0.787558,2.135201,-0.512893,-1.259375,2.143364,-0.491868,-1.909346,2.155642,-0.795495,-1.797043,1.691468,0.048152,0.615481,2.306911,0.078518,-0.014417,2.373435,-0.417542,-1.251188,2.258793,-0.517351,-2.545932,2.115859,-0.180425,-1.879660,1.784175,0.357605,0.444132,2.115297,-0.395492,-2.116290,2.314212,-0.377610,-3.041050,2.466572,-0.340276,-2.593332,1.797942,0.404272,0.485406,1.952309,0.393717,1.324700
0.525362,-0.366314,-1.867014,1.311141,0.116586,-1.575516,0.598670,-1.564462,-0.245354,-1.428211,-1.965660,-0.739766,-0.383180,-0.934282,-0.003121,1.256590,1.368645,1.289186,1.267830,0.793736,-1.101873,1.246570,0.322738,0.314452,-0.239695,0.562133,0.388495,-0.935369,0.537437,0.630278,0.753070,0.750681,0.557666,-0.000001,-0.000001,-0.000001,0.690687,0.999036,-0.272742,-1.131569,-1.131667,-1.102628,-0.000001,-0.000001,-0.000001,3.243850,-0.406454,-2.088316,1.361074,-0.155068,0.047353,1.929923,1.097272,0.920384,1.343760,0.386079,-1.058325,-0.000001,-0.000001,-0.000001,-0.000001,-0.000001,-0.000001,-0.000001,-0.000001,-0.000001,-0.000001,-0.000001,-0.000001,-0.000001,-0.000001,-0.000001,-0.000001,-0.000001,-0.000001,1.475650,1.270565,0.004630,1.140305,1.187507,1.177552,1.228980,1.477133,1.381268,1.361552,1.148000,1.576626,1.087446,0.634241,-0.512206,1.337110,1.732361,-0.084571,1.113289,0.110664,-0.239520,1.248192,0.321659,-0.704297,1.380222,-0.064172,-1.029611,1.249778,1.035404,2.201005,1.359117,0.172814,0.927994,1.566435,-0.342219,0.811821,1.613585,0.299830,1.642144,1.398671,-0.298099,-2.233213,1.467768,-0.489622,1.596577,1.728760,-1.361932,-2.123181,1.585100,-1.100538,-0.285693,1.400165,-0.513267,0.838970,1.574759,-1.264819,2.199027,1.727409,-1.514123,-0.780985,1.501046,-1.442352,-2.085886,0.174297,-1.091353,0.603697,0.362582,-0.499139,1.807615,0.562353,-0.290046,0.828949,0.593571,-0.270370,0.139570,0.673668,-0.107466,0.100299,0.674813,-1.304709,-0.613914,0.385470,-0.852725,0.672017,-0.051464,-0.266221,-0.119766,-0.550409,-0.030009,-0.495315,0.351726,-1.526480,-0.220673,0.187244,-1.252675,-0.556784,-0.013844,-0.968034,1.337254,-0.295387,-0.639370,0.255418,0.020544,-1.735417,-0.058105,-0.071758,-1.536478,1.116897,-0.248046,-1.153892,1.526593,-0.589551,-0.961322,0.446562,-0.355904,-1.820190,0.568963,-0.292389,-1.742264,0.342502,-0.379151,-1.476645,0.627423,-0.568429,-1.328060,0.593328,1.655756,0.433821,0.580458,1.541654,0.575565,-0.407260,1.448084,0.302818,0.459379,1.674224,0.671606,0.135429,1.642021,0.892654,1.787009,1.886567,0.588791,-1.792372,1.770864,0.426204,1.331611,1.816168,1.341465,-1.006240,1.785226,0.645516,-1.549148,1.668512,0.079175,-1.954732,1.823487,-0.753731,0.540207,1.837145,-0.287684,0.439883,1.598057,-0.714694,0.862890,1.847675,-0.245444,-0.355035,1.743269,-0.174833,-1.092882,1.914175,0.179807,0.791724,1.583870,0.127248,1.063873,1.539766,0.764872,-0.479595,1.504389,0.575715,0.424552,1.860081,0.433781,-0.969166,1.895046,0.370816,-0.976069,2.076875,0.436211,-0.275426,1.853523,0.549421,0.320850,1.853753,0.012677,-0.650536,2.211177,0.369196,-0.763133,2.064533,0.400574,-1.245517,1.637076,0.420329,1.950485,1.666094,0.181029,0.080311,1.889719,-0.353116,0.092787,1.645621,-0.548385,1.299183,1.948971,-0.138860,2.235499,1.768600,0.370761,0.835960,1.794426,0.273390,0.509737,1.727597,-0.138188,-0.228961,2.029562,0.391588,-0.963077,1.811162,-0.299372,-0.412815,1.819395,0.565469,1.487696,1.873870,0.649485,1.049583,1.876232,0.693299,0.586794,1.838743,0.182726,0.186633,2.049547,0.363302,0.552010,1.873352,0.173232,0.879571,1.928793,0.481098,1.442304,1.899101,-0.089122,-0.328096,2.250232,-0.362908,-1.333434,1.809332,-0.575748,1.610494,2.055431,0.231902,0.558981,1.772442,0.218016,1.057401,1.677617,0.256883,2.467463,1.974448,-0.095503,-1.097824,2.347422,0.272311,-2.283779,2.263057,-0.139840,-1.468629,2.090065,0.142365,-2.117478,2.053787,-0.161889,-0.645464,1.886918,0.388327,0.293955,2.003030,0.023149,-0.848774,2.135799,-0.512893,-1.252423,2.143952,-0.491868,-1.889769,2.156215,-0.795495,-1.793162,1.691995,0.047552,0.643902,2.307425,0.078059,-0.019854,2.374014,-0.417542,-1.274485,2.259398,-0.517351,-2.519972,2.116455,-0.180425,-1.840313,1.784708,0.357160,0.387732,2.115895,-0.395492,-2.079978,2.314824,-0.377610,-3.010102,2.467158,-0.340276,-2.616769,1.798495,0.404272,0.490741,1.952860,0.393717,1.324911
0.519600,-0.355043,-1.848204,1.317008,0.071458,-1.151479,1.495264,-1.582913,-1.093974,-1.422969,-1.615050,-1.833245,-0.542714,-0.803397,-0.390022,1.258916,-0.195082,1.545796,1.264829,0.793736,-1.033581,1.247533,0.329726,-0.100633,1.008646,0.560904,0.350376,1.136272,0.543727,-1.799703,0.753544,0.750669,0.437099,-0.000001,-0.000001,-0.000001,1.253725,0.996307,-0.163857,0.966486,0.938442,0.655685,-0.000001,-0.000001,-0.000001,3.228236,-0.394204,-2.154907,1.354360,-0.149242,0.041060,1.931471,1.100086,0.800251,1.353583,0.172481,-1.598564,-0.000001,-0.000001,-0.000001,-0.000001,-0.000001,-0.000001,-0.000001,-0.000001,-0.000001,-0.000001,-0.000001,-0.000001,-0.000001,-0.000001,-0.000001,-0.000001,-0.000001,-0.000001,1.479428,1.281413,0.538671,1.143474,1.654280,0.614449,1.424817,1.957373,0.528628,1.532509,0.559499,2.301777,1.528155,0.125744,0.129242,1.548761,1.750878,-0.822768,1.348328,0.147329,-1.197188,1.651471,-0.307092,-0.525811,1.558232,-0.476502,-0.570584,1.253492,1.442219,2.255181,1.529758,0.550144,0.975726,1.718585,-0.817116,1.475381,1.616004,0.327414,2.623958,1.401910,0.741040,-1.444659,1.470673,0.520667,1.319788,1.485232,-0.033634,-1.342708,1.461081,-0.759223,-0.054462,1.280329,-0.293715,0.906331,1.576918,-0.854896,1.781111,1.642384,-0.210240,0.455370,1.412072,-0.595207,-0.550448,0.067218,-0.680506,-0.229168,0.187801,-0.180497,0.434615,0.475930,-0.149007,0.294276,0.392075,-0.206255,0.342135,0.284493,-0.288124,0.767779,0.295614,-0.740598,-1.967067,0.333148,-0.861828,0.154089,-0.312200,-0.251965,-1.100585,-0.797504,-0.042965,-1.117112,-0.099294,-1.152632,-1.383311,-0.028180,-1.234626,0.484859,-0.280642,-0.873269,1.763571,-0.554885,-0.424910,0.950314,-0.351250,-1.482515,-0.590200,-0.257171,-1.581275,0.647996,-0.459716,-1.085107,1.418081,-0.662746,-0.755104,0.692569,-0.767164,-1.724211,0.379850,-1.120901,-2.574668,0.086460,-0.500651,-1.475771,0.284131,-0.648410,-1.233760,0.538275,1.659755,0.076818,0.411532,1.546467,0.202219,-0.374842,1.451980,0.298686,0.639154,1.677673,0.664502,0.305580,1.645372,0.885163,1.689649,1.685439,0.576943,-1.786204,1.589262,0.410648,1.471319,1.596181,1.328938,-0.657191,1.559994,0.624423,-1.017553,1.668271,0.510291,-1.566162,1.822459,-0.771650,0.133273,1.835424,-0.302897,0.036779,1.402740,-0.721873,0.932069,1.845369,-0.251090,-0.676554,1.492009,-0.180326,-0.747561,1.911491,0.176833,0.623169,1.580334,0.127965,1.343189,1.543938,0.339272,-0.259170,1.508634,0.578481,0.832698,1.569927,0.437141,-0.521567,1.607621,0.374210,-0.630725,1.780632,0.439794,-0.020456,1.854276,0.553402,0.059135,1.853027,0.016888,-0.902304,2.209814,0.374129,-0.722294,2.360156,0.405252,-0.842291,1.634635,0.424354,1.471764,1.667053,0.182444,0.131008,1.596458,-0.352738,-0.007719,1.646606,-0.549212,1.159380,1.639647,-0.140813,2.256225,1.770538,0.367417,1.066947,1.795714,0.268594,0.747701,1.728557,0.480311,0.330985,1.732045,0.387208,-0.416152,1.811478,0.079973,-0.235602,1.822910,0.566238,1.156351,1.588799,0.650923,0.990578,1.878651,0.694674,0.270094,1.841042,0.661866,0.509994,2.051890,0.364519,-0.025869,1.877059,0.174363,0.782085,1.928492,0.482110,1.220184,1.898411,-0.087566,-0.192064,1.982396,-0.361440,-1.456560,1.807535,-0.145450,1.362195,2.054083,0.233417,0.330692,1.771746,0.219468,1.229944,1.679415,0.248564,2.615712,1.976129,0.270917,-0.904816,2.066643,0.266816,-2.102046,1.983642,0.444770,-1.449201,1.801129,0.136523,-1.490174,2.053787,-0.167839,-0.878597,1.886439,0.380591,0.203292,2.003030,0.015793,-1.007142,1.861269,-0.522794,-1.021580,1.874353,-0.499585,-1.609872,2.157339,-0.803733,-1.542186,1.693587,0.037702,0.875695,2.309192,0.070984,0.065883,2.108518,-0.423557,-1.320849,1.981814,-0.523590,-2.498703,1.831295,-0.187479,-1.574571,1.784431,0.350302,0.444465,1.830295,-0.401888,-1.949208,2.034143,-0.383710,-2.740846,2.198699,-0.346070,-2.524871,1.801484,0.405748,0.073949,1.952044,0.395724,1.161450
0.500990,1.551747,-0.748922,1.972099,0.086501,-0.938080,1.522220,-1.582494,-0.806631,-1.158041,-1.253116,-2.305778,-0.538475,-0.423860,-1.451351,1.267308,1.374844,2.640095,1.264564,0.804115,-0.980245,1.242630,1.231213,-0.184879,0.994820,0.552195,-0.311660,1.099809,0.531131,-2.162436,0.753170,0.750669,0.527210,-0.000001,-0.000001,-0.000001,1.253621,0.993594,-0.571935,-1.131569,-1.131667,-1.102628,-0.000001,-0.000001,-0.000001,3.183468,-0.358724,-1.961487,1.337549,-0.091966,0.501557,1.920960,1.115460,0.912840,1.371135,0.287804,-1.890365,-0.000001,-0.000001,-0.000001,-0.000001,-0.000001,-0.000001,-0.000001,-0.000001,-0.000001,-0.000001,-0.000001,-0.000001,-0.000001,-0.000001,-0.000001,-0.000001,-0.000001,-0.000001,1.616492,1.158102,0.277776,1.178097,1.255343,0.463714,1.205115,1.407931,0.477738,1.512275,0.813249,-0.279484,1.526989,-0.495683,-0.012494,1.433849,1.499281,-0.398613,1.632175,0.147329,-1.272510,1.871485,-0.796120,-1.320841,1.728649,-1.167462,0.823172,1.398290,1.207776,1.553653,1.638204,0.550144,1.051190,1.635978,0.295307,1.791216,1.653966,0.005280,1.537198,1.557087,0.825632,0.805861,1.460140,0.725827,0.644192,1.694763,0.296997,-0.377343,1.517565,-1.051386,0.032435,1.545222,0.772476,1.811778,1.687783,0.049735,2.731192,1.728946,-0.063668,1.297134,1.854288,-0.097789,0.208372,-0.024787,-0.356271,-0.333550,0.185542,0.077755,0.075389,0.457157,0.113064,0.676605,0.377030,-0.116825,0.808677,0.017526,-0.233232,0.220094,0.201186,-0.577382,-1.821128,0.105633,-0.743869,0.146835,-0.410836,-0.140062,-1.303443,-0.889966,0.112511,-1.600760,-0.237497,-0.979887,-1.147255,-0.141454,-1.075257,0.689824,-0.403960,-0.719516,1.505865,-0.641414,-0.238361,0.966012,-0.451092,-1.236740,-0.949425,-0.391256,-1.382714,0.301202,-0.611582,-0.898750,1.060386,-0.845543,-0.528159,0.626194,-0.856828,-1.442880,0.063111,-0.620942,-1.565489,-0.189889,-0.662280,-1.245628,0.412295,-0.788934,-0.985694,0.436541,1.232867,0.195819,-0.505117,1.475869,0.251482,1.120809,1.572813,0.272810,0.319367,1.245470,0.531344,-1.002895,1.188010,0.709790,-0.103717,1.156851,0.797144,-0.012426,1.268270,0.582818,-0.306564,1.613254,1.401651,1.092438,1.531990,0.723231,0.543627,1.593400,0.578915,0.036522,1.534133,0.198834,-0.526532,1.707507,-0.007639,-0.693130,1.457504,-0.455328,1.348113,1.679968,-0.782183,-1.191900,1.543540,-0.835488,-1.262670,1.734494,-0.405755,-1.358715,1.616170,-0.274145,-2.054283,1.204180,1.028469,-0.293998,1.627448,1.201348,0.603076,1.654090,0.729917,1.187697,1.361438,0.669949,1.585493,1.485686,0.771483,0.614721,1.442511,0.921999,0.352830,1.741978,0.869492,0.715114,1.738014,0.804569,-0.167637,1.582579,0.223483,-2.011063,1.706558,0.815961,1.486161,1.635219,-0.039793,-1.431931,1.565033,-0.210482,-1.254680,1.917438,-0.044104,1.248294,1.914165,0.382219,1.284074,1.776326,0.738888,-0.064437,1.781181,0.802064,0.113691,1.693667,0.448330,0.319854,1.677908,0.364686,0.086662,1.736077,-0.306325,0.284493,1.411814,0.719367,-1.313124,1.673947,0.870605,-0.632523,1.175366,0.904761,-1.507015,1.863820,0.864628,-0.192332,1.370958,1.152577,0.357400,1.959816,0.906377,0.464865,1.554322,0.222057,-0.647981,1.776752,-0.321044,-0.425423,1.586925,-0.577819,-1.329826,1.667748,-0.370679,1.429899,1.678479,1.219734,-1.743056,1.648963,1.165254,0.409266,1.489867,0.566286,0.627636,1.721666,0.530419,-0.332265,1.768702,0.565607,-0.461940,1.668612,0.883047,0.292281,1.746056,0.454192,0.841316,1.485234,0.137415,-0.773863,1.574156,0.676082,-1.309478,1.455673,0.254388,-0.793213,1.533829,-0.246011,0.558200,1.570388,-0.286335,0.002937,1.614661,-0.150260,0.184360,1.698340,0.352326,1.074213,1.614408,0.344979,0.301624,1.824523,-0.156758,-0.490320,1.668846,-0.246834,-0.187512,1.776942,0.125463,0.268210,1.707010,0.615866,-0.620938,1.775858,-0.118199,-0.112033,1.717684,-0.117667,-0.044480,1.644225,-0.093376,-0.950963,1.354519,0.623446,-1.194777,1.588775,0.696882,-0.602133
0.488141,1.575403,0.045111,2.600718,0.123230,-0.992010,1.519669,-1.594480,-0.894681,-1.157049,-0.720338,-1.110075,-0.697739,-0.031952,0.115519,1.264982,1.408901,3.034289,1.264564,0.805845,-0.911953,1.242723,2.127443,-0.286099,0.992629,1.199750,0.151837,1.110875,0.544988,-0.946688,0.753454,0.750681,0.332607,-0.000001,-0.000001,-0.000001,1.249333,1.009951,-0.299938,-1.131569,-1.131667,-1.102628,-0.000001,-0.000001,-0.000001,3.135965,-0.329966,-1.865773,1.328734,-0.078700,0.624105,1.919101,1.119088,0.971356,1.373603,0.237664,-1.851523,-0.000001,-0.000001,-0.000001,-0.000001,-0.000001,-0.000001,-0.000001,-0.000001,-0.000001,-0.000001,-0.000001,-0.000001,-0.000001,-0.000001,-0.000001,-0.000001,-0.000001,-0.000001,1.368173,1.800116,0.940338,1.230906,2.152951,-0.168124,1.195565,0.260313,-0.704920,1.506917,0.294941,-1.526335,1.535717,-1.277222,-1.879286,1.546195,2.002429,-1.074630,1.945623,-0.035846,-2.093663,1.909473,-1.483148,-1.967245,1.557457,-1.553043,1.331189,1.561289,1.676620,-0.194011,1.935912,0.829165,0.169046,1.561811,0.286504,1.198435,1.556061,-0.468765,0.956850,1.568569,0.834703,0.111378,1.742208,0.873631,-0.854683,1.792955,0.552220,0.373829,1.585884,-1.097643,0.048137,1.572503,0.521283,2.012635,1.710455,0.109802,1.615564,1.823943,0.931852,2.036740,1.847712,0.636087,0.959237,-0.181636,-0.105363,-0.661517,0.125901,0.307957,-0.389630,0.360255,0.285942,0.065168,0.212146,0.120549,1.189573,-0.107512,-0.045737,-0.384092,0.052809,-0.388538,-1.783552,-0.088127,-0.437115,0.225394,-0.560192,0.093815,-0.995238,-1.010151,0.347915,-1.629818,-0.316939,-0.810479,-1.090192,-0.416621,-0.825911,0.165818,-0.669546,-0.392914,1.267271,-0.771667,0.039503,1.011461,-0.608183,-1.096496,-0.922897,-0.603529,-1.138642,0.366055,-0.886563,-0.594381,1.146557,-1.001964,-0.239034,0.869776,-1.070445,-1.257861,-0.100203,-0.805978,-1.299608,-0.245491,-0.834788,-0.991444,0.403037,-0.916297,-0.703432,0.640418,1.188241,0.540592,-1.119690,1.647183,0.252645,0.324800,1.338757,0.715377,-0.747538,1.028706,0.563001,-0.625515,1.149578,0.744615,0.650738,1.320466,0.859274,0.973062,1.054875,0.666172,0.587944,1.581481,1.470813,1.340881,1.506648,0.838255,0.527493,1.574202,1.084278,0.631140,1.332127,0.299115,-0.711884,1.299115,0.070972,-0.651945,1.452761,-0.418619,-0.004499,1.462026,-0.322808,-1.852009,1.540082,-0.184377,-0.406026,1.733134,0.286527,-1.510728,1.615363,0.335449,-0.512674,0.928437,0.999644,-0.264498,1.853598,1.172466,-0.018939,1.894911,0.695806,0.370730,1.605148,1.030827,1.356245,1.446180,1.209154,1.504649,1.406656,0.879917,1.335873,1.714856,0.827162,1.936321,1.718524,1.323210,1.076240,1.570499,0.793535,-1.180803,1.952481,1.401965,0.953134,1.009202,0.385376,-1.882525,1.239054,0.496883,-1.968922,1.578568,0.342411,-1.452797,1.570684,0.382697,-0.843510,1.735786,0.750507,-1.254332,1.743729,0.819487,-1.412379,1.959664,1.087517,-1.232162,1.942594,0.890201,-0.554054,1.707594,0.462577,-1.244164,0.861255,1.056206,0.118251,1.336767,1.292363,-0.939045,0.886374,0.883314,0.544682,1.825196,0.845715,-0.376319,1.091151,1.131590,1.582764,1.335800,0.886882,-1.589145,0.957391,0.664555,-0.382983,1.753347,0.133006,-1.670591,1.306278,-0.149900,-0.309350,1.173858,0.035316,-0.288108,1.163394,1.192958,0.114702,1.943150,1.139578,-0.730108,1.249603,0.607699,0.197181,1.686748,0.925041,-0.789990,1.734061,0.981338,0.449182,1.637174,0.919798,1.386423,1.716045,0.896190,0.918157,1.214314,0.590313,0.387412,1.099695,0.714597,0.175088,1.194853,0.292473,0.708530,1.778674,-0.199405,1.100903,1.540055,-0.249007,0.061071,1.844143,-0.110590,-0.217718,1.665045,0.403930,-0.061081,1.346435,0.816363,1.753774,1.792046,0.272077,-0.539261,1.637614,0.198009,-0.383219,1.747324,0.160284,0.106994,1.443350,0.649599,-0.861605,1.746194,-0.086632,-0.024009,1.686104,0.314773,-0.193911,1.878695,0.317365,-0.465214,0.806382,0.601860,-0.955501,0.816449,1.285861,-0.207548
0.472181,1.576563,0.862750,1.969470,0.137381,-1.268940,1.502729,0.497565,-0.860503,-0.892859,-0.715878,-0.611041,-0.700925,0.098685,1.149295,1.265593,1.390323,2.540052,1.271980,0.800655,-0.602918,1.245801,1.238221,-0.369202,1.007921,1.208459,0.529206,1.140373,1.200160,-1.424879,-1.414717,-1.414742,-1.335527,-0.000001,-0.000001,-0.000001,1.258758,1.020850,-0.123909,-1.131569,-1.131667,-1.102628,-0.000001,-0.000001,-0.000001,-0.152861,-0.328136,-1.400993,1.327888,-0.071350,1.275114,1.905504,1.115855,0.902377,1.386244,-0.254714,-2.506851,-0.000001,-0.000001,-0.000001,-0.000001,-0.000001,-0.000001,-0.000001,-0.000001,-0.000001,-0.000001,-0.000001,-0.000001,-0.000001,-0.000001,-0.000001,-0.000001,-0.000001,-0.000001,1.420452,0.755494,-0.713992,1.179154,1.275261,-0.198254,1.205282,0.964354,0.732045,1.512421,0.851014,-0.911940,1.639057,-1.545551,-3.320378,1.223844,1.525204,-1.830940,1.869046,0.190030,-2.039037,1.668427,-1.419114,-1.625826,1.371702,-1.575971,-1.093431,1.400646,1.231931,1.207351,1.639980,0.940131,0.066596,1.637162,0.334863,0.926562,1.654857,-0.487136,1.641743,1.559519,0.846761,-0.333240,2.020765,0.994939,1.176425,1.821409,0.987256,0.002455,1.776103,-1.028222,0.282154,1.547389,0.785514,1.691892,1.689446,0.265286,1.345789,1.818800,1.268773,1.693617,1.855493,0.771511,0.828959,-0.258942,0.058014,-0.379954,0.053157,0.418668,0.320988,0.307631,0.388404,0.371722,0.091001,0.286336,1.289651,-0.227382,0.084716,0.081687,-0.357960,-0.262552,-1.515282,-0.242725,-0.245766,0.563594,-0.699157,0.249379,-0.822037,-1.131849,0.468902,-1.198842,-0.652107,-0.732091,-0.434427,-0.592580,-0.648670,-0.075218,-0.826993,-0.199757,1.315911,-0.974901,0.166561,0.642701,-0.868607,-1.002123,-0.408375,-0.720504,-0.948440,0.594447,-1.015406,-0.424067,1.174487,-1.153665,-0.110649,0.801893,-1.163060,-1.150632,0.337454,-0.891344,-1.143208,0.055499,-0.988510,-0.819875,0.558736,-1.070754,-0.546265,0.881144,1.366957,0.304515,0.284302,1.196625,0.119986,0.835163,1.354175,0.264059,1.006608,1.234952,0.698868,-0.540323,1.198450,0.966049,-0.271367,1.001536,0.749800,0.441360,1.178935,1.305425,-0.872750,1.349649,1.086768,0.171326,1.342247,1.009966,1.215808,1.480122,1.172773,0.019478,1.304391,1.068175,-0.756981,1.107107,0.630255,-0.737184,1.299401,-0.199260,-0.128640,1.305614,0.205920,-1.993730,1.372755,0.398544,0.387134,1.608639,0.712435,-0.819239,1.471157,0.520584,1.738518,1.217177,0.954321,-1.136717,1.408248,0.717167,1.523145,1.494249,0.967087,-0.276288,1.271219,0.909519,-0.426102,1.166164,1.101173,1.315245,1.191916,0.753024,1.210077,1.246430,0.671412,0.711496,1.342113,0.564534,0.998911,0.983117,1.265360,0.846387,1.243230,0.696709,0.036370,1.376336,0.870509,0.210047,1.309476,0.592992,-0.912982,1.347971,0.116801,-0.640077,1.336947,0.213269,-0.245799,1.449061,0.719805,-0.414411,1.487942,0.782781,-0.427341,1.435416,1.054775,0.148323,1.457807,0.856686,0.611780,1.547403,0.422557,-0.218200,1.233892,0.765856,0.020771,1.512588,0.884015,0.783365,1.079206,0.917585,-0.143127,1.539812,0.934585,0.928792,1.033594,0.687017,0.106662,1.511768,0.997517,0.034398,1.110314,0.744631,-0.208554,1.653024,0.644901,-0.231735,0.992577,0.785946,-0.251206,0.920036,0.086686,-1.173188,0.866947,0.630888,-0.121468,1.524092,0.600606,0.953224,1.230225,0.847496,0.626757,1.439785,1.053368,-0.176873,1.499396,1.080901,0.348089,1.433234,1.077521,0.904920,1.245197,1.002043,1.018778,0.837319,0.726465,0.019836,1.011747,0.937616,-0.535947,1.073946,0.963750,0.349806,1.334552,0.100347,0.762732,1.343279,-0.009569,-0.139601,1.362649,0.143875,0.391951,1.429561,0.732054,0.865776,1.102734,1.020330,0.688858,1.305515,0.431911,-0.629953,1.435010,0.363809,-0.036664,1.282629,0.341692,0.232587,1.336617,0.841802,-0.474081,1.280784,0.077818,-0.060851,1.481239,0.481557,0.124109,1.386736,0.475781,-0.578308,1.234562,0.650419,-1.516368,1.001479,0.724862,-1.124621
0.455789,1.573863,0.901918,2.603461,0.118801,-1.039300,1.512928,-1.567472,-0.848905,-0.759785,-0.544007,-0.100959,-0.699903,0.098685,1.239267,1.262761,-0.198182,2.132117,1.272778,0.786838,-0.752993,1.242436,2.132700,-0.390942,1.005730,0.554684,0.584914,1.107187,0.526102,-1.602663,0.753075,0.750669,0.482126,-0.000001,-0.000001,-0.000001,1.251477,0.992230,0.332112,-1.131569,-1.131667,-1.102628,-0.000001,-0.000001,-0.000001,-0.196305,-0.336091,-0.912731,1.317407,-0.094834,1.334338,0.423861,1.120716,0.879698,1.378490,-0.303851,-2.682028,-0.000001,-0.000001,-0.000001,-0.000001,-0.000001,-0.000001,-0.000001,-0.000001,-0.000001,-0.000001,-0.000001,-0.000001,-0.000001,-0.000001,-0.000001,-0.000001,-0.000001,-0.000001,1.360784,-0.318130,-2.296335,1.013139,0.764659,-1.485652,0.983874,0.760872,-0.754523,1.322420,0.332707,-1.206196,1.529610,-1.785662,-3.778914,1.321502,1.595476,-1.655186,2.174132,0.025187,-2.556180,1.898871,-2.106071,-1.546422,1.547547,-1.961505,-0.442765,1.356489,0.894048,0.073053,1.756109,1.602791,-0.762644,1.555215,0.330462,1.109793,1.548953,-0.961181,0.874206,1.405422,0.145950,-1.401882,1.880152,1.151575,0.361140,1.788393,0.917653,0.302716,1.711361,-1.071619,0.605525,1.442168,0.314745,1.367247,1.708048,0.123929,1.461856,1.821334,1.171693,3.306340,1.938929,0.946375,1.348109,-0.371932,0.181062,-0.544332,-0.009395,0.507966,0.589124,0.209780,0.417592,0.404254,0.053600,0.261022,1.535087,-0.263432,0.076148,-0.046844,-0.363349,-0.229076,-1.460041,-0.445480,-0.266761,0.875282,-0.798866,0.241056,-0.741055,-1.175426,0.430216,-1.191582,-0.739512,-0.614300,-0.450255,-0.680809,-0.641952,0.095107,-0.887772,-0.255118,1.686058,-1.067655,0.146242,1.222515,-0.990421,-0.911302,-0.091798,-0.836816,-0.985934,0.650161,-1.084235,-0.447583,1.288931,-1.225887,-0.125244,0.959635,-1.276558,-1.100137,0.332978,-0.978873,-1.176365,0.245720,-1.056289,-0.797582,0.791258,-1.171395,-0.564320,0.741210,1.189837,0.115740,0.446087,0.988213,0.011571,1.086135,1.190189,0.240999,1.923938,1.093570,0.278747,-0.300750,1.068001,0.739216,-1.874869,0.674954,0.523097,1.737340,0.734274,1.150191,-1.186352,1.084164,0.076465,-0.178608,1.127878,0.950049,1.324095,1.318336,0.678270,-0.523699,0.818174,0.881418,-0.309011,1.036135,1.055973,-0.037627,1.255384,-0.034770,-0.811689,1.048518,0.272984,-0.702818,1.592143,0.351494,0.510123,1.166725,0.494625,-0.474784,1.716385,0.165930,1.218888,0.587940,1.017036,-2.298974,1.240152,0.733378,1.250963,1.069399,0.964173,-0.636099,1.194638,0.906575,-0.366072,1.136872,0.640424,1.464483,1.243653,0.776356,2.045082,1.351392,0.662478,0.517488,1.173565,0.547990,1.167353,1.175178,0.657182,1.620936,0.924821,0.783432,-1.245651,1.087226,0.542932,-0.656860,1.024080,0.751145,-1.257782,1.050985,0.338621,-1.721471,1.351207,0.540926,-1.358840,1.110195,0.691162,-1.277242,1.172757,0.746710,-1.106601,1.452539,1.021437,-0.769353,1.499217,0.823752,-0.187719,1.306623,0.386163,-1.252680,0.838775,0.894770,-0.028555,1.092406,0.560205,0.263617,0.745239,0.607919,0.649781,1.213786,0.627615,0.662384,0.707900,0.333404,0.203508,1.091235,0.674027,-1.014872,0.603516,0.440838,0.426911,1.130708,0.289513,-1.324323,0.852108,0.450607,1.085514,0.569803,0.225265,-0.302502,0.734204,0.183498,2.185597,1.322260,0.850457,-1.052049,1.185598,1.028210,-0.274397,1.411781,0.770452,-1.055787,1.208394,0.752162,-0.199092,1.167309,0.589814,1.467898,1.285416,0.652534,0.403102,0.895297,0.392426,0.471830,0.621314,0.616992,0.864039,0.887730,0.712759,-0.106005,1.096178,0.326688,1.238151,1.086695,-0.236122,1.104677,1.358417,-0.096896,0.606293,1.402858,0.980273,-0.220274,1.062306,0.727097,0.313872,1.301239,0.142769,0.087895,1.170826,0.063874,0.177466,1.322323,-0.002503,0.489114,0.662289,0.552552,-1.215183,1.320539,0.200291,0.313367,1.214108,0.194286,-0.163675,1.382411,-0.188827,-0.216336,0.620839,0.327303,-1.918840,0.594582,0.279143,-0.115775
0.455356,1.573461,0.909810,2.603842,0.117018,-0.997771,1.510927,-1.564462,-0.859837,-0.759988,-0.543664,-0.120697,-0.700144,0.098685,1.261589,1.262458,-0.201281,2.189720,1.273484,0.781648,-0.835715,1.241666,2.132700,-0.425175,1.005730,0.564622,0.281151,1.100634,0.538698,-1.896399,0.753200,0.750669,0.408937,-0.000001,-0.000001,-0.000001,1.255653,1.004493,0.170699,-1.131569,-1.131667,-1.102628,-0.000001,-0.000001,-0.000001,-0.197630,-0.336091,-0.885181,1.317407,-0.094834,1.374136,0.423559,1.120716,0.898635,1.377667,-0.320899,-2.633758,-0.000001,-0.000001,-0.000001,-0.000001,-0.000001,-0.000001,-0.000001,-0.000001,-0.000001,-0.000001,-0.000001,-0.000001,-0.000001,-0.000001,-0.000001,-0.000001,-0.000001,-0.000001,1.358202,-0.742523,-2.039700,1.009959,0.768653,-1.422745,0.980473,0.764945,-0.709076,1.319296,0.343516,-1.183496,1.527670,-1.776237,-3.721010,1.318376,1.602883,-1.660654,2.170455,0.037409,-2.778804,1.895516,-2.094486,-1.550025,1.544445,-1.950088,-0.764303,1.353958,0.900950,-0.065641,1.753747,1.983294,-0.897507,1.552967,0.343666,1.028133,1.546667,-0.951967,0.916253,1.403666,0.151998,-1.546741,1.878577,1.155964,0.296310,1.786763,1.265668,0.148336,1.578403,-1.062932,0.548881,1.440866,0.316608,1.192563,1.707135,0.125698,1.483895,1.820412,1.175504,3.381252,1.937807,0.951275,1.424627,-0.372145,0.181062,-0.517430,-0.009596,0.507966,0.639950,0.209548,0.417592,0.418891,0.025115,0.261227,1.553176,-0.263633,0.076148,-0.059644,-0.363603,-0.229076,-1.444632,-0.445712,-0.266714,0.872431,-0.799102,0.241270,-0.755192,-1.175642,0.430216,-1.184037,-0.739774,-0.614300,-0.431624,-0.681045,-0.641952,0.097426,-0.888060,-0.255118,1.696667,-1.036085,0.146487,1.242747,-0.990662,-0.911302,-0.074874,-0.837029,-0.985934,0.652444,-1.084474,-0.471096,1.267230,-1.226123,-0.125244,0.956926,-1.276762,-1.079081,0.359760,-0.979059,-1.176365,0.254800,-1.056496,-0.797582,0.794318,-1.171607,-0.564320,0.743493,1.189837,-0.247376,0.460146,0.987968,0.011183,1.097330,1.190189,0.240511,1.926665,1.093375,0.278214,-0.294396,1.067800,0.738777,-1.858592,0.674732,0.522519,1.714257,0.734274,1.149529,-1.164127,1.083913,0.075975,-0.178207,1.127643,0.949258,1.334245,1.318095,0.678270,-0.514639,0.818174,0.880622,-0.306144,1.036135,1.055228,-0.035262,1.255384,-0.034770,-0.817063,1.048518,0.272526,-0.693575,1.591873,0.350828,0.511036,1.166497,0.493835,-0.473627,1.716120,0.165268,1.218446,0.587940,1.016552,-2.296442,1.239844,0.732992,1.252704,1.069399,0.963727,-0.641505,1.194310,0.906125,-0.392153,1.136560,0.639924,1.418350,1.243277,0.775801,2.047334,1.351043,0.661968,0.525354,1.173565,0.547392,1.173936,1.175178,0.656529,1.642067,0.924556,0.782771,-1.230730,1.087226,0.542421,-0.642867,1.024080,0.751145,-1.255987,1.050985,0.338621,-1.717659,1.351207,0.540447,-1.361114,1.110195,0.690757,-1.280316,1.172757,0.746074,-1.108808,1.452223,1.020731,-0.771581,1.498893,0.823171,-0.189924,1.306623,0.385730,-1.253202,0.838488,0.894370,-0.030543,1.092406,0.559699,0.261635,0.745239,0.607436,0.652729,1.213786,0.627074,0.662889,0.707636,0.332820,0.201819,1.091235,0.673484,-1.018245,0.603516,0.440838,0.414969,1.130708,0.289513,-1.315548,0.852108,0.450607,1.096642,0.569803,0.224780,-0.296893,0.734204,0.182711,2.185715,1.322260,0.849760,-1.046886,1.185598,1.027625,-0.271104,1.411510,0.770452,-1.056010,1.208100,0.751750,-0.201261,1.167016,0.589196,1.467277,1.285101,0.652096,0.402874,0.895036,0.391979,0.467733,0.621074,0.616448,0.861453,0.887479,0.712273,-0.102693,1.095879,0.326153,1.239133,1.086413,-0.236541,1.102847,1.358141,-0.097341,0.602652,1.402600,0.979673,-0.216165,1.062306,0.726600,0.317740,1.300960,0.142769,0.079823,1.170535,0.063874,0.169701,1.322012,-0.003036,0.485935,0.662034,0.552552,-1.211854,1.320228,0.200291,0.313120,1.213814,0.193863,-0.167397,1.382130,-0.188827,-0.224636,0.620839,0.326825,-1.921345,0.594582,0.278438,-0.116660
0.455356,1.573461,0.909960,2.604086,0.117018,-0.991531,1.511288,-1.564462,-0.863883,-0.760014,-0.544007,-0.120937,-0.700174,0.098685,1.262103,1.262557,-0.201281,2.195723,1.273484,0.781648,-0.834511,1.241666,2.132700,-0.425414,1.005982,0.564622,0.271487,1.101035,0.538698,-1.911761,0.753205,0.750669,0.404696,-0.000001,-0.000001,-0.000001,1.255758,1.004493,0.169169,-1.131569,-1.131667,-1.102628,-0.000001,-0.000001,-0.000001,-0.197630,-0.336091,-0.885326,1.317407,-0.094834,1.369619,0.423559,1.120716,0.896182,1.377667,-0.320899,-2.635586,-0.000001,-0.000001,-0.000001,-0.000001,-0.000001,-0.000001,-0.000001,-0.000001,-0.000001,-0.000001,-0.000001,-0.000001,-0.000001,-0.000001,-0.000001,-0.000001,-0.000001,-0.000001,1.358202,-0.742523,-2.039700,1.009959,0.768653,-1.422745,0.980296,0.764945,-0.709076,1.319296,0.343516,-1.183496,1.527670,-1.776237,-3.721010,1.318376,1.602883,-1.660654,2.170455,0.037409,-2.778804,1.895516,-2.094486,-1.550025,1.544445,-1.950088,-0.764303,1.353958,0.900950,-0.065641,1.753747,1.983294,-0.897507,1.552967,0.343666,1.028133,1.546667,-0.951967,0.916253,1.403666,0.151998,-1.546741,1.878459,1.155964,0.296310,1.786763,1.265668,0.148336,1.578403,-1.062932,0.548881,1.440866,0.316608,1.192563,1.707049,0.125698,1.483895,1.820412,1.175504,3.381252,1.937807,0.951275,1.424627,-0.372198,0.181062,-0.517457,-0.009646,0.507966,0.640113,0.209523,0.417592,0.418562,0.025090,0.261227,1.552933,-0.263677,0.076148,-0.059770,-0.363665,-0.229076,-1.444621,-0.445769,-0.266714,0.872802,-0.799127,0.241270,-0.755643,-1.175690,0.430216,-1.183685,-0.739840,-0.614300,-0.431890,-0.681104,-0.641952,0.098734,-0.888092,-0.255118,1.696513,-1.036145,0.146487,1.244551,-0.990692,-0.911302,-0.073488,-0.837082,-0.985934,0.652365,-1.084534,-0.471096,1.263778,-1.226181,-0.125244,0.956263,-1.276813,-1.079081,0.362745,-0.979106,-1.176365,0.253773,-1.056547,-0.797582,0.796258,-1.171660,-0.564320,0.744218,1.189837,-0.247376,0.461026,0.987968,0.011571,1.096044,1.190189,0.240511,1.926417,1.093570,0.278214,-0.293992,1.068001,0.738777,-1.850387,0.674732,0.522519,1.701879,0.734274,1.149529,-1.176862,1.083913,0.075975,-0.183695,1.127643,0.950049,1.333417,1.318336,0.678270,-0.519260,0.818174,0.880622,-0.317086,1.036135,1.055228,-0.040885,1.255384,-0.034770,-0.805726,1.048518,0.272526,-0.700071,1.592143,0.350828,0.495656,1.166725,0.493835,-0.476142,1.716385,0.165268,1.207967,0.587940,1.017036,-2.296397,1.239844,0.732992,1.252704,1.069399,0.963727,-0.641505,1.194638,0.906125,-0.392125,1.136872,0.639924,1.418521,1.243653,0.775801,2.047466,1.351392,0.661968,0.525743,1.173565,0.547392,1.173984,1.175178,0.656529,1.641897,0.924821,0.782771,-1.232064,1.087226,0.542421,-0.642831,1.024080,0.751145,-1.255987,1.050985,0.338621,-1.717465,1.351207,0.540926,-1.361114,1.110195,0.690757,-1.280166,1.172757,0.746074,-1.108575,1.452223,1.020731,-0.771185,1.499217,0.823171,-0.189811,1.306623,0.385730,-1.253763,0.838488,0.894370,-0.030468,1.092406,0.559699,0.261665,0.745239,0.607436,0.652729,1.213786,0.627074,0.662889,0.707900,0.332820,0.201855,1.091235,0.673484,-1.018128,0.603516,0.440838,0.415040,1.130708,0.289513,-1.314816,0.852108,0.450607,1.096895,0.569803,0.224780,-0.296939,0.734204,0.182711,2.185958,1.322260,0.849760,-1.045468,1.185598,1.027625,-0.270684,1.411510,0.770452,-1.056231,1.208100,0.751750,-0.201852,1.167016,0.589196,1.466701,1.285416,0.652096,0.401622,0.895297,0.391979,0.467376,0.621314,0.616448,0.861263,0.887730,0.712273,-0.105103,1.096178,0.326688,1.238122,1.086413,-0.236122,1.103057,1.358417,-0.096896,0.603099,1.402600,0.979673,-0.216567,1.062306,0.726600,0.317701,1.301239,0.142769,0.079477,1.170535,0.063874,0.169352,1.322323,-0.002503,0.485324,0.662289,0.552552,-1.212163,1.320539,0.200291,0.313084,1.213814,0.193863,-0.166643,1.382411,-0.188827,-0.224851,0.620839,0.326825,-1.921263,0.594582,0.278438,-0.116767
0.443373,1.547864,0.132231,1.961233,0.102435,-0.998532,1.491074,0.495864,-0.321447,-0.760726,-0.539204,-0.164383,-0.849666,0.095468,1.257873,1.256997,-0.226040,1.750908,1.276572,0.776459,-0.826146,1.238583,2.137956,-0.497789,0.975413,0.552195,0.761104,1.100222,0.526102,-0.472279,-1.414717,-1.414742,-1.335527,-0.000001,-0.000001,-0.000001,0.691543,0.301124,0.113241,-1.131569,-1.131667,-1.102628,-0.000001,-0.000001,-0.000001,-0.211214,-0.360554,-0.793538,1.301878,-0.158026,1.432536,0.417991,1.106971,0.645282,1.362982,-0.501404,-2.793553,-0.000001,-0.000001,-0.000001,-0.000001,-0.000001,-0.000001,-0.000001,-0.000001,-0.000001,-0.000001,-0.000001,-0.000001,-0.000001,-0.000001,-0.000001,-0.000001,-0.000001,-0.000001,1.348399,-1.159655,-1.543871,0.998479,0.313859,-1.156156,0.968707,0.305073,0.320174,1.309025,0.375877,-0.886389,1.521173,-1.748019,-2.417122,1.307183,1.188523,-1.500130,1.917655,0.074074,-2.782191,1.676387,-1.372493,-2.057161,1.534062,-1.923339,-1.121504,1.344513,0.918204,-0.387424,1.571717,2.002298,-1.000562,1.544921,0.370073,1.187991,1.538669,-0.376686,1.423481,1.396511,0.167080,-1.527577,1.729856,1.429493,0.444772,1.780570,1.283086,0.093186,1.571705,-0.707139,0.311564,1.435455,0.325898,1.342638,1.702898,0.343018,1.375377,1.816346,1.186913,3.443157,1.839206,0.966065,1.317088,-0.314012,0.019061,0.252116,-0.020089,0.358708,1.246405,0.103273,0.327580,0.801373,0.050760,0.243383,1.384797,-0.026923,-0.064623,1.033273,-0.650150,-0.384920,-1.536590,-0.533929,-0.425435,0.436550,-0.796563,0.113234,-1.193432,-1.120630,0.374011,-0.879846,-1.096539,-0.735916,-0.449494,-0.642169,-0.936554,0.042914,-0.711441,-0.505811,2.780461,-0.837742,-0.088535,1.927469,-1.247746,-0.942041,-0.115976,-0.852146,-1.156290,0.899963,-1.005873,-0.747994,0.747129,-1.176883,-0.442290,0.750478,-1.459779,-1.049446,0.571638,-1.034536,-1.321505,0.227738,-0.955538,-0.980297,0.875730,-1.121992,-0.677946,0.096069,1.222460,-0.242410,1.417737,1.026752,-0.370534,1.836319,1.026621,0.224813,2.211929,1.121876,0.247089,-0.078492,1.095591,0.311701,-2.208703,0.702880,0.465108,0.966075,0.756058,0.428907,-2.380666,1.105249,-0.462064,0.823331,1.143575,0.844715,0.992286,1.094495,-0.280930,-0.366735,1.018323,0.788438,-1.031713,0.832909,0.256324,-1.122856,1.254543,-0.523972,0.435160,1.046672,-0.643439,-1.189338,1.335814,0.329022,-0.126704,1.162682,0.487158,-1.192502,1.452139,0.175366,0.955293,0.855827,0.167215,-1.095507,0.991624,0.378878,1.427456,1.105188,0.187766,0.125052,0.929847,0.122312,0.166003,0.859746,0.181257,1.466303,0.913225,0.266099,1.231129,1.026513,0.196718,0.997122,1.182106,0.003038,1.111888,1.178055,0.693296,0.840342,1.182153,0.169642,-0.499485,1.108863,0.098378,-0.631263,1.045439,0.020533,-1.502629,1.073212,-0.062330,-0.028694,1.058449,0.069787,0.274957,1.136907,0.283179,-1.046443,1.196963,0.726252,-0.937122,1.166526,0.364224,-0.447992,1.214766,0.283446,-0.482148,1.323136,-0.014872,-0.965256,1.129912,0.543932,-0.085020,1.127907,0.574508,0.846434,0.772810,0.621598,-0.601047,1.240024,0.638838,0.491496,0.734868,0.345967,0.004432,1.126765,0.157130,1.013258,0.618002,0.452774,-0.634354,1.142886,0.306034,-1.023299,0.859227,0.002656,-0.242542,0.573968,-0.198649,-0.991136,0.740931,0.199855,0.367032,1.334231,0.187285,0.750246,0.992226,0.462417,-0.371762,1.170920,-0.010059,-0.853741,1.230385,0.327192,-0.959568,1.186780,0.553064,1.211724,1.009143,0.200714,-0.434016,0.654296,-0.504184,0.950933,0.397740,0.579481,-0.440042,0.655713,-0.196627,-0.980568,1.112934,-0.239455,1.348625,1.105483,-0.271739,1.496585,1.110913,-0.134748,0.846391,1.173192,0.346175,-0.568843,0.844606,0.246304,-0.329971,1.051146,-0.294668,1.045028,1.190170,-0.389891,1.315148,1.049661,-0.036299,1.453917,0.674050,0.087037,-1.769722,1.047457,-0.264839,1.334076,1.233668,-0.247215,1.126144,1.129528,-0.607807,0.738530,1.167903,0.341069,-0.522211,0.603246,0.298446,-0.507427
0.435853,-0.340314,-0.345785,1.960608,0.089607,-1.244777,1.495264,-1.552894,-0.247950,-0.760116,-0.538174,-0.145560,-0.857453,-0.030219,0.944711,1.251135,-0.235338,0.813828,1.710994,0.774729,-0.708389,1.236375,2.132700,-0.731219,0.954067,0.565866,-0.826641,-0.922664,0.536175,-1.475498,0.752572,0.750669,1.062817,-0.000001,-0.000001,-0.000001,0.692936,1.008587,-1.613599,-1.131569,-1.131667,-1.102628,-0.000001,-0.000001,-0.000001,-0.205126,-0.392972,-1.415483,1.293882,-0.227044,1.043842,0.417991,1.090782,0.880457,1.347849,-0.090254,-2.041221,-0.000001,-0.000001,-0.000001,-0.000001,-0.000001,-0.000001,-0.000001,-0.000001,-0.000001,-0.000001,-0.000001,-0.000001,-0.000001,-0.000001,-0.000001,-0.000001,-0.000001,-0.000001,1.266543,0.965853,-1.249375,1.123348,0.772646,-1.428613,0.889800,0.292852,-0.322689,1.240288,0.348920,-1.000326,1.362284,-1.220729,-3.876400,1.220539,1.606586,-1.793239,1.821884,0.043520,-2.863305,1.801505,-1.407459,-1.734033,1.462026,-1.946267,0.132253,1.264109,0.904401,-1.684593,1.848594,1.983294,-0.406514,1.482635,0.862521,0.742236,1.628319,-0.404327,1.147892,1.331679,0.155022,-0.366165,1.956209,1.158172,0.650194,1.728866,0.587021,0.038465,1.912299,-1.062932,0.430938,1.383165,0.318470,2.242135,1.760280,0.542673,1.377195,1.779435,1.177386,3.276033,1.800777,0.953740,1.159875,-0.357339,-0.298527,0.197450,-0.076290,0.059554,0.797937,0.086426,0.077754,0.148342,-0.129143,0.116189,0.022666,0.419380,0.047644,0.873538,-0.652020,-0.970381,-1.724350,-0.677622,-0.711596,-0.268459,-0.643440,0.000349,-0.416170,-1.058604,0.263607,-0.534982,-0.932544,-1.238688,0.087742,-0.822248,-1.135425,0.162830,-0.766724,-0.605896,1.687322,-0.828078,-0.234937,1.475806,-1.232484,-1.394089,-0.760510,-0.993139,-1.344983,-0.093345,-0.970830,-0.789969,0.647212,-0.987567,-0.522872,0.877885,-1.371971,-1.529619,0.141662,-1.190846,-1.366965,-0.194210,-0.847631,-1.091108,0.699576,-0.985270,-0.781166,-0.044963,1.060356,0.369354,0.356937,0.835929,0.344802,-0.774542,0.874340,-0.176179,1.297429,0.991588,0.403691,0.589966,0.974788,0.111020,-1.352606,0.590093,0.270386,0.698590,0.684801,0.293367,-2.238341,1.061882,-0.519719,1.516110,0.917636,0.024256,0.559587,1.148915,-0.780593,-0.203864,0.704937,0.632675,-0.536954,0.736471,-0.001554,-0.339815,0.987104,-0.774801,-0.406117,0.977324,-0.529530,-0.092785,1.522011,-0.275760,-0.069748,0.897537,-0.321435,-0.152943,1.400822,-0.699320,-0.312738,0.703721,-0.105992,-2.137980,0.832607,0.112086,1.396915,0.983039,0.285919,-0.548347,0.852004,0.221457,-0.595001,0.823429,-0.164305,1.317193,0.947215,-0.117913,1.760926,1.108274,-0.182851,0.517965,0.982452,-0.447035,1.123525,1.035662,-0.398782,1.442559,0.828467,-0.234811,-1.621300,0.805423,-0.132550,-0.517633,1.047333,-0.117843,-1.420991,1.075182,-0.572055,-0.781279,1.060446,-0.456712,-0.259573,1.097323,-0.088698,-1.743023,1.179538,0.198215,-1.118769,1.171050,-0.221588,-0.764857,1.241206,-0.203638,-0.960511,1.061972,-0.779715,-1.446923,0.741549,0.389296,0.351375,1.005111,-0.107510,0.850150,0.437242,-0.030630,0.026100,1.184674,-0.055285,0.683833,0.656294,-0.461812,-0.005212,1.003866,-0.060203,-0.031212,0.380153,-0.227401,-0.024630,0.913084,-0.436228,-1.514957,0.692835,-0.234191,0.983456,0.442247,-0.841782,0.214768,0.583690,-0.811785,2.179281,1.105034,-0.782783,-1.519508,0.945105,-0.367499,-1.631698,1.136825,-1.025429,-0.554440,0.927933,-0.773423,-1.019090,0.906501,-0.479925,0.729882,1.034823,-0.539162,-0.919084,0.697325,-0.803525,1.726167,0.454006,-0.192367,-0.162547,0.697138,-0.861892,-0.614569,1.139963,-0.494786,1.401569,1.112137,-0.467809,1.879196,1.098227,-0.780428,1.255911,0.887228,-0.534942,-1.496535,0.800416,-0.463851,-0.946859,1.038327,-0.550347,1.730428,1.197021,-0.655113,1.861098,1.075005,-0.336198,1.702858,0.474219,-1.041719,-1.445560,1.072841,-0.536705,1.767107,0.952118,-0.917102,1.481470,1.116565,-0.852698,1.701053,0.815082,-0.350289,-1.463925,0.428798,-0.647053,0.468997
0.441155,-0.401619,-1.670720,1.306896,-2.087398,-0.860267,0.573720,-1.592779,0.080396,-0.762049,-0.709362,-0.227422,-1.016326,-0.937498,0.063787,1.250425,-1.811445,1.097711,1.275160,0.785108,-0.401966,1.232041,2.136204,-0.861190,0.968618,-0.737953,0.180449,1.105961,-0.779197,-1.166647,0.727076,0.750681,2.098825,-0.000001,-0.000001,-0.000001,0.688759,0.284767,-1.352140,0.950854,0.938453,0.861454,-0.000001,-0.000001,-0.000001,-0.204422,-0.444399,-1.932508,1.277507,-0.343030,0.174141,0.416755,1.071780,1.305089,1.292301,0.500399,-0.749795,-0.000001,-0.000001,-0.000001,-0.000001,-0.000001,-0.000001,-0.000001,-0.000001,-0.000001,-0.000001,-0.000001,-0.000001,-0.000001,-0.000001,-0.000001,-0.000001,-0.000001,-0.000001,1.334293,-0.735262,-1.633075,1.192930,-0.164894,-1.451884,0.956951,-0.183265,0.291568,1.298763,-0.277412,-0.119381,1.400383,-0.660450,-0.109873,1.293043,0.740879,-0.942237,1.182923,0.763924,-1.843653,1.248375,-0.714604,-1.711708,1.523065,-1.045320,-0.332157,1.330696,0.501079,0.968565,1.386305,1.986468,0.179129,1.534756,0.866922,1.321829,1.529143,0.138763,1.857070,1.384897,-0.198426,-0.361143,1.719440,1.160381,-0.128067,1.771773,1.610815,0.617982,1.562997,-0.380265,0.045911,1.425927,0.102620,1.062018,1.695589,0.129235,1.062723,1.809747,1.179291,3.197752,1.832468,1.244339,1.542318,-0.870094,-0.860380,-0.834247,-0.524801,-0.641757,-1.330691,-0.474769,-0.085326,-1.346041,-0.352074,0.154370,-0.714791,0.169547,0.286166,0.534147,-1.221500,-1.117268,-1.368319,-0.911413,-1.064289,0.290298,-0.534963,-0.759327,-0.326247,-0.224255,-0.566932,-0.234071,-1.406079,-1.219631,-0.629066,-1.550070,-1.212547,-0.415223,-1.061709,-1.089320,0.338976,-0.507604,-0.915276,0.167806,-1.433702,-1.043780,-1.243695,-1.444544,-1.084191,-0.270397,-1.014027,-0.864028,-0.345239,-0.842121,-0.757009,-1.687422,-0.838437,-0.762074,-2.142906,-1.060192,-0.837290,-1.421891,-1.013524,-0.798457,-1.143798,-1.012524,-0.704495,-1.579047,0.871225,0.213356,0.309547,0.603429,0.093804,-0.017473,0.859139,-0.124051,1.104939,0.964231,-0.180091,0.401059,0.931441,-0.023319,-0.787299,0.725782,-0.586578,0.323828,0.772547,-0.787869,-2.009240,0.894522,-1.367582,1.115429,0.922468,-0.624557,0.798244,1.096218,-1.585561,0.046712,1.015046,-0.675418,-1.269065,1.030736,-1.098759,-1.429361,1.048705,-1.358880,0.902871,0.816075,-1.452515,-1.488908,1.068623,-0.832825,0.095434,0.935892,-0.763794,-1.186892,1.176512,-0.943389,0.617011,0.186353,-0.571850,-0.473649,0.449543,-0.255439,1.641326,0.536520,-0.485002,0.631797,0.656994,-0.557266,1.074109,0.573704,-0.640343,0.758116,0.571307,-0.646920,0.982725,0.689838,-1.134793,1.736033,0.852883,-0.974844,0.753190,0.865246,-1.013650,-0.579163,0.912064,-0.924464,-0.154529,0.817836,-1.148152,-0.884195,1.056439,-1.353509,-0.750424,1.084658,-1.167331,2.115602,1.070051,-1.216808,1.068757,0.848258,-1.211387,-1.095114,0.904394,-0.869900,-0.578472,0.870781,-0.773356,0.066333,0.920451,-1.173338,-0.779002,1.021203,-1.485675,0.419131,0.642428,-0.076089,-0.478612,0.862268,-0.658194,0.309274,0.538752,-0.557258,-1.101954,0.984058,-0.684023,-0.030440,0.754578,-0.636524,-0.215763,0.860904,-0.755490,0.951418,0.621383,-0.834500,-1.396965,0.820553,-1.516895,-1.317808,0.584852,-2.179502,-0.301405,0.567731,-1.384527,-0.193900,0.481646,-1.021698,-0.696433,1.008572,-0.984070,0.407989,0.792517,-1.028347,-1.371156,0.922299,-1.831748,0.841528,0.957156,-2.005301,0.471109,0.912496,-1.144995,0.058651,0.723291,-1.852887,0.308927,0.658318,-1.730741,1.598646,0.399209,-1.782273,-1.250103,0.659585,-1.873138,-1.327808,0.841036,-1.203424,1.206734,0.840833,-1.026928,1.817892,0.855231,-0.937330,1.433258,0.936128,-1.317152,-0.771409,0.619578,-1.467201,-0.674535,0.792790,-1.043172,1.510254,0.917682,-1.166333,2.077946,0.767545,-1.392490,1.746435,0.676668,-2.005554,-0.812252,0.764907,-1.060730,1.672828,0.958140,-1.414068,2.007981,0.868289,-1.324729,1.668997,0.673352,-0.925376,-0.452780,0.344539,-1.421965,-0.053912
0.441155,-0.405479,-1.769346,1.305022,-2.091368,-0.826740,0.574081,-1.595789,0.051531,-0.762279,-0.709018,-0.244415,-1.017077,-0.936508,0.166737,1.250728,-1.811445,1.149098,1.274982,0.786838,-0.408084,1.231178,2.134452,-0.881833,0.960624,-0.102824,-0.153059,1.094482,-0.776675,-1.434703,0.726926,0.750681,1.964474,-0.000001,-0.000001,-0.000001,0.689079,0.288861,-1.465190,0.950903,0.938453,0.808000,-0.000001,-0.000001,-0.000001,-0.203097,-0.446827,-1.985540,1.277943,-0.345988,0.180981,0.418303,1.073409,1.258440,1.293947,0.550539,-0.737778,-0.000001,-0.000001,-0.000001,-0.000001,-0.000001,-0.000001,-0.000001,-0.000001,-0.000001,-0.000001,-0.000001,-0.000001,-0.000001,-0.000001,-0.000001,-0.000001,-0.000001,-0.000001,1.332582,-1.166916,-1.611779,1.191345,-0.168887,-1.394062,0.955589,-0.187338,0.459168,1.297573,-0.288221,-0.055321,1.399608,-0.669875,-0.244138,1.291216,0.737175,-0.823793,1.181091,0.751702,-1.775375,1.454421,-0.726259,-1.655782,1.521665,-1.052962,-0.331407,1.328844,0.497628,0.970029,1.384673,1.980121,0.206673,1.533443,0.858120,1.303588,1.528004,0.129549,1.896283,1.383405,-0.204474,-0.301586,1.718102,0.897893,-0.029231,1.770579,1.605009,0.635760,1.561880,-0.386056,0.046371,1.424632,0.098895,0.855242,1.694510,0.127466,1.106688,1.808824,1.175504,3.187993,1.831504,1.241874,1.550001,-0.870946,-0.859463,-0.943409,-0.499198,-0.618416,-1.337283,-0.475488,-0.084509,-1.334620,-0.352758,0.155406,-0.692768,0.168990,0.287041,0.532568,-1.189168,-1.116386,-1.502634,-0.912223,-1.063367,0.255647,-0.535643,-0.758494,-0.360702,-0.224856,-0.566203,-0.249024,-1.407062,-1.218807,-0.581762,-1.550894,-1.211651,-0.428289,-1.062571,-1.088329,0.325327,-0.508404,-0.914297,0.185854,-1.434635,-1.063941,-1.231540,-1.445314,-1.083329,-0.286281,-1.014866,-0.886224,-0.401086,-0.811969,-0.755951,-1.653829,-0.812518,-0.781763,-2.170194,-1.060866,-0.836455,-1.466310,-1.014273,-0.820532,-1.249660,-0.957457,-0.703644,-1.647225,0.871225,0.212611,0.343814,0.603429,0.092608,-0.111747,0.859139,-0.125440,0.897720,0.964418,-0.181734,0.388215,0.931441,-0.025006,-0.659255,0.725782,-0.588938,0.260002,0.772547,-0.789855,-1.921160,0.894522,-1.369622,1.138299,0.922213,-0.627787,0.790368,1.095958,-1.587448,0.048364,1.014845,-0.678736,-1.269742,1.030526,-1.101802,-1.416134,1.048487,-1.360315,0.930958,0.815841,-1.454422,-1.512896,1.068363,-0.834822,0.113267,0.935664,-0.766040,-1.146372,1.175959,-0.945431,0.805585,0.186353,-0.572743,-0.540820,0.449543,-0.256211,1.621961,0.536520,-0.486271,0.617906,0.656994,-0.558547,1.072853,0.573704,-0.641343,0.775937,0.570946,-0.648031,0.997690,0.689460,-1.135814,1.746979,0.528083,-0.976040,0.767256,0.864922,-1.014956,-0.585343,0.911799,-0.925787,-0.144216,0.817499,-1.149646,-0.903006,1.056132,-1.354266,-0.789596,1.084339,-1.168606,2.073737,1.069727,-1.218283,1.038251,0.847917,-1.212637,-1.100034,0.904052,-0.871662,-0.627637,0.870466,-0.775311,0.049395,0.920140,-1.174992,-0.768853,1.020861,-1.486906,0.469737,0.642428,-0.077227,-0.454688,0.862268,-0.659632,0.321110,0.538469,-0.558634,-1.099063,0.984058,-0.685561,-0.040226,0.754304,-0.638326,-0.222025,0.860904,-0.757163,0.945222,0.621070,-0.835998,-1.396760,0.820222,-1.518450,-1.321886,0.584550,-2.180494,-0.308925,0.567477,-1.385423,-0.200878,0.481361,-1.023940,-0.696031,1.008572,-0.986219,0.398574,0.792297,-1.030551,-1.387085,0.922006,-1.832945,0.792066,0.956862,-2.006537,0.411400,0.912179,-1.146902,0.110234,0.722989,-1.854713,0.322460,0.658035,-1.732117,1.643603,0.398969,-1.784322,-1.235240,0.659313,-1.874520,-1.289025,0.840749,-1.205654,1.217320,0.840528,-1.028639,1.821379,0.854956,-0.939148,1.433865,0.935848,-1.319602,-0.772831,0.619578,-1.469075,-0.646088,0.792512,-1.044431,1.545622,0.917367,-1.167639,2.092896,0.767246,-1.394048,1.762584,0.676668,-2.006926,-0.771708,0.764608,-1.062068,1.699497,0.957822,-1.415338,2.034036,0.868007,-1.325934,1.703726,0.673352,-0.926374,-0.432098,0.344275,-1.423266,-0.054833
0.441615,-0.406260,-1.798045,1.305647,-2.091368,-0.828740,0.574809,-1.596626,0.070011,-0.762432,-0.545033,-0.242224,-1.016957,-0.936508,0.176539,1.251030,-1.811445,1.162410,1.274982,0.786838,-0.408031,1.231178,2.134452,-0.886221,0.958197,-0.104068,-0.199485,1.089981,-0.777936,-1.379679,0.726926,0.750681,1.962643,-0.000001,-0.000001,-0.000001,0.149923,0.287496,-1.512282,0.950903,0.938453,0.811217,-0.000001,-0.000001,-0.000001,-0.202393,-0.446827,-2.002527,1.277943,-0.344554,0.188089,0.418916,1.074618,1.247336,1.293947,0.550539,-0.743451,-0.000001,-0.000001,-0.000001,-0.000001,-0.000001,-0.000001,-0.000001,-0.000001,-0.000001,-0.000001,-0.000001,-0.000001,-0.000001,-0.000001,-0.000001,-0.000001,-0.000001,-0.000001,1.332582,-0.742523,-1.678053,1.191518,-0.168887,-1.436839,0.955755,-0.187338,0.431958,1.297719,-0.288221,-0.089421,1.399703,-0.674588,-0.261541,1.291216,0.733472,-0.833342,1.181091,0.751702,-1.773598,1.454605,-0.726259,-1.653284,1.521826,-1.056737,-0.328185,1.328844,0.494177,0.972524,1.384673,1.980121,0.227001,1.533443,0.858120,1.306174,1.528004,0.129549,1.883223,1.383273,-0.204474,-0.305337,1.717984,0.895684,-0.034773,1.770579,1.605009,0.621991,1.561880,-0.386056,0.035810,1.424520,0.098895,0.852178,1.694510,0.125698,1.107496,1.808824,1.173598,3.186000,1.831504,1.239408,1.540593,-0.711301,-1.026966,-0.656035,-0.443197,-0.665526,-1.215824,-0.460978,-0.108595,-1.389462,-0.328114,0.150634,-0.587393,0.198155,0.283194,0.663054,-1.015212,-1.068162,-1.762841,-0.892294,-1.040692,-0.063709,-0.506672,-0.757107,-0.527060,-0.215270,-0.581641,-0.402481,-1.338534,-1.217116,-0.493078,-1.572024,-1.209188,-0.732770,-1.005051,-1.001638,-0.006948,-0.511280,-0.848442,0.102374,-1.408418,-1.077114,-1.530692,-1.439762,-1.096258,-0.548028,-0.966004,-0.893695,-0.525952,-0.887761,-0.783024,-1.852020,-0.704361,-0.785468,-1.962643,-1.031977,-0.840001,-1.723103,-1.006081,-0.822060,-1.376961,-1.118562,-0.725733,-1.667361,1.061562,0.212611,0.355940,0.603910,0.092608,-0.118753,0.859549,-0.125440,0.879910,0.964613,-0.181734,0.385527,0.931826,-0.025006,-0.640522,0.726013,-0.588938,0.244280,0.959061,-0.789855,-1.883822,0.894753,-1.369622,1.163133,0.922704,-0.627787,0.795114,1.096218,-1.587448,0.070613,1.015046,-0.678736,-1.270216,1.030736,-1.101802,-1.433232,1.048705,-1.360315,0.955716,0.816300,-1.454422,-1.491937,1.068623,-0.834822,0.097329,0.936111,-0.766040,-1.154209,1.176512,-0.945431,0.795543,0.186842,-0.572743,-0.539466,0.450146,-0.256211,1.619671,0.537146,-0.485859,0.621093,0.657612,-0.558132,1.072330,0.574028,-0.641343,0.774834,0.571698,-0.648031,0.971997,0.689838,-1.135304,1.744586,0.528417,-0.975442,0.785291,0.865557,-1.014956,-0.575187,0.912064,-0.925787,-0.172158,0.818147,-1.149135,-0.902900,1.056771,-1.354266,-0.792076,1.085004,-1.168606,2.067489,1.070402,-1.218283,1.031009,0.848572,-1.212637,-1.108844,0.904709,-0.871662,-0.636861,0.871123,-0.775311,0.040055,0.920762,-1.174992,-0.773174,1.021203,-1.486906,0.463685,0.642968,-0.076858,-0.455547,0.862883,-0.659165,0.322086,0.539014,-0.558188,-1.098135,0.984351,-0.685062,-0.042502,0.754831,-0.637693,-0.222484,0.861519,-0.756575,0.946730,0.621683,-0.835998,-1.399547,0.820898,-1.518450,-1.328225,0.584852,-2.180494,-0.303022,0.567731,-1.385423,-0.204500,0.481646,-1.023213,-0.690606,1.008906,-0.985522,0.390368,0.792756,-1.030551,-1.370621,0.922570,-1.832945,0.807554,0.957451,-2.006537,0.396504,0.912789,-1.146902,0.100445,0.723593,-1.854713,0.307255,0.405010,-1.732117,1.646884,0.399469,-1.784322,-1.244629,0.659836,-1.874520,-1.209049,0.841347,-1.205654,1.203299,0.841116,-1.028220,1.832259,0.855507,-1.371927,1.426705,0.936386,-1.319602,-0.831868,0.620081,-1.469075,-0.654913,0.793068,-1.044431,1.547929,0.917972,-1.167639,2.084916,0.767843,-1.394048,1.763126,0.676934,-2.006926,-0.773526,0.765205,-1.062068,1.732948,0.958434,-1.415338,2.053567,0.868570,-1.325934,1.741981,0.673617,-0.926374,-0.431031,0.344539,-1.423266,-0.053844
0.436746,-0.418289,-1.904344,0.670033,-2.071005,-0.812017,0.563882,-1.579484,0.063309,-1.023236,-0.710735,-0.721207,-1.176010,-1.067392,-1.087056,1.253258,-1.823843,1.654137,1.275866,0.802385,-0.116826,1.232910,2.141461,-0.797587,0.987537,-1.395460,0.551551,1.091619,-1.441905,-0.646783,0.753339,0.750681,1.248974,-0.000001,-0.000001,-0.000001,0.709210,-0.429501,-0.708361,0.966862,0.938463,1.093373,-0.000001,-0.000001,-0.000001,-0.232915,-0.451719,-1.823665,1.273305,-0.400306,-0.542385,0.415208,1.081503,1.428026,1.286168,0.270756,-0.813733,-0.000001,-0.000001,-0.000001,-0.000001,-0.000001,-0.000001,-0.000001,-0.000001,-0.000001,-0.000001,-0.000001,-0.000001,-0.000001,-0.000001,-0.000001,-0.000001,-0.000001,-0.000001,1.336707,-1.152393,-0.976928,1.196810,-0.156907,-0.710602,0.961726,-0.179191,0.105361,1.128251,-0.282816,0.340744,1.289091,-0.114367,-0.955200,1.296169,0.740879,-1.236200,0.947472,0.757813,-1.906412,1.045328,-0.045130,-2.323838,1.345206,-0.606287,-1.505628,1.332712,0.501079,0.602072,1.388515,1.609138,0.036793,1.537003,0.858120,0.785463,1.531809,0.129549,1.282643,1.386109,-0.198426,-0.793336,1.720652,0.897893,-0.786514,1.773185,1.607912,0.218616,1.565007,-0.386056,-0.218718,1.299490,-0.116955,0.433917,1.696005,-0.079264,1.393957,1.810361,1.175504,2.659992,1.833350,0.953740,1.141531,-1.463963,-0.806992,1.051318,-1.499311,-0.963397,0.445953,-1.484822,-1.177275,0.335871,-1.122209,-0.825353,-1.431948,-0.401773,-0.539202,-1.280945,-1.502087,-1.072347,0.617270,-0.901984,-0.919329,0.854484,-0.513582,-0.829320,1.097970,-0.194587,-0.701423,0.907669,-1.003399,-0.814768,-0.095622,-0.672304,-0.710923,0.324373,-0.230568,-0.772219,0.660141,0.081527,-0.772305,1.226424,-0.522940,-0.674568,0.670286,-0.429513,-0.500465,0.336689,-0.080293,-0.449340,0.880687,0.204416,-0.490514,0.683304,-0.362492,-0.557364,0.440893,-0.395898,-0.462553,0.304050,-0.712823,-0.589294,-0.298802,-0.873940,-0.657981,-0.539690,0.894442,0.216397,-0.424574,0.631135,0.470705,-1.285065,0.882350,-0.127731,0.038744,0.985469,-0.188261,0.985971,0.952922,-0.032464,-0.126596,0.955510,-0.603146,-0.467291,0.978097,-0.809549,-1.512546,0.916330,-1.386107,0.147453,0.713659,-1.423989,-0.692970,0.881245,-2.052107,0.490946,1.224243,-1.476268,-1.027315,1.249281,-1.120119,-1.656755,1.061101,-1.368425,1.975474,1.048293,-1.458619,-1.571502,1.083754,-0.836875,-0.055247,1.161349,-0.763066,-0.932497,0.933715,-0.937319,1.669811,0.445896,-0.562688,-0.259910,0.481590,-0.246369,1.378356,0.567913,-0.874662,1.059525,0.392202,-0.950870,1.106309,0.299754,-0.628595,0.153203,0.250474,-1.173704,0.005771,0.378164,-1.121690,1.121018,0.552359,-0.959496,-0.036625,0.583648,-1.632489,-1.388396,0.928632,-1.553857,0.194557,0.844578,-1.599469,-0.641601,0.784549,-1.717064,0.213983,0.801728,-1.164816,2.538819,0.783270,-1.216330,1.592888,0.571812,-2.001245,0.120173,0.626004,-1.444188,-0.832546,0.897952,-1.410533,-0.588960,0.643971,-1.697781,-1.014322,0.739655,-1.487738,1.205888,0.670330,-0.430342,-0.422925,0.600345,-0.651042,0.113079,0.564471,-0.983862,-1.694121,0.737017,-0.677913,-0.534164,0.779479,-1.197183,-0.499123,0.598761,-0.748796,1.401051,0.645059,-1.299860,-1.220231,0.845641,-1.999321,-0.883895,0.334394,-2.171212,-0.562736,0.585142,-1.813444,0.191489,0.500490,-1.012793,-1.887851,0.709249,-0.975530,0.216480,0.813482,-1.039364,-0.912328,0.684190,-1.837699,1.428704,0.697473,-2.010384,0.526033,0.653468,-1.754912,-1.165669,0.748341,-2.284552,0.180821,0.679137,-1.737584,0.596977,0.650807,-2.279706,-1.853218,0.679628,-2.317768,-1.597522,0.585906,-1.216045,0.200612,0.865100,-1.443999,1.034079,0.612224,-1.380573,0.748462,0.709086,-1.330653,-0.659389,0.642813,-1.476151,-1.280463,0.817281,-1.050480,0.831117,0.660350,-1.173914,0.987446,0.792268,-1.401103,1.588001,0.945044,-2.013747,0.303481,0.789668,-1.502064,1.797871,0.697937,-1.421438,0.987333,0.620000,-1.331729,0.994210,0.699995,-0.918553,0.498705,0.364050,-1.411988,-0.420076
0.435394,-0.419449,-1.964832,0.668410,-2.071896,-0.800616,0.563154,-1.578621,0.091209,-1.023287,-0.710392,-0.718849,-1.176220,-1.067640,-1.119954,1.251838,-1.826942,1.547435,1.276130,0.802385,-0.106526,1.233292,2.141461,-0.783762,0.988514,-1.396689,0.527168,1.094070,-1.443166,-0.761355,0.753344,0.750681,1.284547,-0.000001,-0.000001,-0.000001,0.709000,-0.430865,-0.752899,0.966853,0.938463,1.085806,-0.000001,-0.000001,-0.000001,-0.234986,-0.451719,-1.817956,1.269538,-0.404698,-0.665202,0.415208,1.082293,1.413587,1.280459,0.254711,-0.764890,-0.000001,-0.000001,-0.000001,-0.000001,-0.000001,-0.000001,-0.000001,-0.000001,-0.000001,-0.000001,-0.000001,-0.000001,-0.000001,-0.000001,-0.000001,-0.000001,-0.000001,-0.000001,1.337389,-1.152393,-0.937259,1.197522,-0.156907,-0.705682,0.962236,-0.179191,0.130695,1.128696,-0.282816,0.348863,1.289475,-0.114367,-0.971253,1.296908,0.740879,-1.215011,0.948295,0.757813,-1.888182,1.045857,-0.045130,-2.313179,1.345670,-0.606287,-1.485147,1.333391,0.501079,0.603306,1.389110,1.609138,0.048179,1.537535,0.858120,0.797001,1.532321,0.129549,1.289798,1.386653,-0.198426,-0.796418,1.578827,0.897893,-0.778936,1.773616,1.607912,0.205882,1.565457,-0.383161,-0.247947,1.427011,-0.116955,0.447609,1.696339,-0.079264,1.392557,1.810670,1.175504,2.683108,1.833590,0.953740,1.155879,-1.464203,-0.807448,1.035592,-1.472728,-0.964039,0.391539,-1.485053,-1.177765,0.328426,-1.122446,-0.825830,-1.442668,-0.378178,-0.539622,-1.282455,-1.502341,-1.072867,0.637477,-0.902215,-0.919897,0.858046,-0.513818,-0.829810,1.089662,-0.194828,-0.701843,0.907370,-1.003694,-0.815253,-0.077553,-0.672569,-0.711371,0.317590,-0.230856,-0.772701,0.663716,0.081261,-0.772795,1.226081,-0.523180,-0.675168,0.677729,-0.429752,-0.500893,0.333584,-0.080563,-0.449780,0.878958,0.204150,-0.490934,0.648935,-0.362695,-0.557752,0.443626,-0.396106,-0.462971,0.325615,-0.713056,-0.589732,-0.295184,-0.874179,-0.658618,-0.518468,0.893839,0.216770,-0.323301,0.630410,0.093804,-1.331419,0.881531,-0.127731,0.354636,0.984706,-0.188838,1.066826,0.951936,-0.033713,-0.242331,0.954410,-0.604880,-0.449224,0.976923,-0.812252,-1.586784,0.914903,-1.388147,0.252191,0.711960,-1.427218,-0.680517,0.879021,-2.054032,0.502608,1.222386,-1.479520,-1.068442,1.247121,-1.122417,-1.630887,1.059033,-1.369395,1.934591,1.045987,-1.459534,-1.582027,1.081095,-0.836875,0.026659,1.159104,-0.763066,-0.839023,0.930731,-0.935940,1.881541,0.212107,-0.561794,-0.308331,0.480077,-0.245179,1.512322,0.566341,-0.873017,1.023865,0.390348,-0.949207,1.080869,0.297862,-0.627054,-0.013177,0.247887,-1.171991,0.027159,0.374939,-1.119648,1.207611,0.549284,-0.957104,0.008647,0.580796,-1.630531,-1.338322,0.925915,-1.551817,0.202318,0.842349,-1.598486,-0.658372,0.782350,-1.716276,0.262720,0.799439,-1.164368,2.580067,0.780950,-1.216330,1.631710,0.569560,-2.001245,0.120876,0.623731,-1.444188,-0.761625,0.895676,-1.410533,-0.499768,0.641741,-1.697781,-0.998124,0.737061,-1.487738,1.214513,0.668963,-0.429604,-0.391862,0.598801,-0.650070,0.157853,0.817011,-0.982970,-1.651902,0.735292,-0.676874,-0.511422,0.777907,-1.195966,-0.450876,0.597216,-0.748253,1.417962,0.642605,-1.299374,-1.292737,0.842938,-1.997808,-0.939791,0.331832,-2.170260,-0.491978,0.582541,-1.812510,0.249702,0.498058,-1.011278,-1.845041,0.706521,-0.974078,0.213719,0.811905,-1.040488,-0.893761,0.682250,-1.838119,1.471354,0.695352,-2.010796,0.475854,0.651360,-1.755583,-1.105404,0.746176,-2.284990,0.269302,0.676995,-1.738068,0.628086,0.648837,-2.280752,-1.864583,0.677566,-2.319113,-1.599608,0.583849,-1.217160,0.241408,0.588870,-1.444872,1.072599,0.610240,-1.381501,0.715264,0.707236,-1.332503,-0.655466,0.641046,-1.477069,-1.173170,0.815276,-1.051320,0.795287,0.658255,-1.174785,1.001216,0.790131,-1.402087,1.625577,0.942958,-2.014229,0.383956,0.787528,-1.502957,1.825425,0.695820,-1.422284,1.006152,0.617972,-1.332532,0.944306,0.698368,-0.917556,0.569244,0.361889,-1.410632,-0.475650
0.429632,-0.438084,-2.298335,0.659418,-2.073220,-0.752926,0.536565,-1.592334,-0.100535,-1.291294,-0.713135,-0.677136,-1.951701,-0.940715,-0.728879,1.246686,-1.823843,0.976826,1.272336,0.800655,-0.323321,1.231178,2.155457,-0.652836,0.961838,0.557172,-0.314378,1.081378,0.541220,-0.868753,0.751890,0.750681,1.691683,-0.000001,-0.000001,-0.000001,0.693896,0.997671,-1.630601,0.966449,0.938463,1.114809,-0.000001,-0.000001,-0.000001,-0.238381,-0.462139,-1.531821,1.268692,-0.417964,-0.558118,0.416133,1.072595,1.236813,1.276370,-0.090254,-0.868243,-0.000001,-0.000001,-0.000001,-0.000001,-0.000001,-0.000001,-0.000001,-0.000001,-0.000001,-0.000001,-0.000001,-0.000001,-0.000001,-0.000001,-0.000001,-0.000001,-0.000001,-0.000001,1.333957,-1.123392,-1.107960,1.192046,-0.117023,-1.075642,1.155857,0.345760,0.338892,1.297719,-0.212623,-0.492015,1.399798,-0.603957,-0.081920,1.292315,0.785273,-0.911607,0.941963,1.557508,-1.816768,1.039665,0.042214,-2.037241,1.521978,-0.549014,-1.242130,1.330192,0.542446,0.911665,1.385854,1.282550,-0.538046,1.534232,0.924030,0.896523,1.528507,0.198594,1.519953,1.384897,-0.162178,-0.957804,1.434822,0.670679,-1.328027,1.771448,1.309179,-0.120479,1.562554,-1.022431,-0.256565,1.425927,-0.312317,0.515760,1.695589,-0.056294,1.918258,1.719583,0.754818,1.277635,1.832307,0.409518,0.366983,-1.931101,-0.677756,1.007029,-1.850378,-0.832343,0.189909,-1.633473,-0.890016,-0.192034,-1.257478,-0.511167,-1.599841,-0.407677,-0.388167,-1.727216,-1.546433,-0.782149,0.793495,-0.886654,-0.745926,1.029474,-0.514367,-0.718377,0.940601,-0.158385,-0.743304,0.896115,-0.865949,-0.557887,-0.416853,-0.269238,-0.485201,0.616981,0.220169,-0.576885,0.997563,0.504894,-0.572535,1.891321,-0.228924,-0.380350,-0.059759,-0.123989,-0.131352,0.884287,-0.671476,-0.331549,-0.102761,-1.271586,-0.491781,-0.472685,-0.058702,-0.240355,-0.445847,-0.361030,-0.143289,0.522798,-0.761920,-0.254682,0.038923,-1.043740,-0.333879,0.043631,0.889238,0.208017,-0.250020,0.625106,0.085044,-1.189543,0.877016,-0.137421,0.594680,0.980681,-0.199183,1.152358,0.947799,-0.041170,-0.457215,0.950042,-0.614994,-0.429375,0.973201,-0.823120,-1.571575,0.685666,-1.395655,0.687233,0.707845,-1.439347,-0.559434,0.875574,-2.061118,0.951800,1.219510,-1.492594,-1.115184,1.244312,-1.135332,-1.829849,1.056543,-1.378437,2.040665,1.043222,-1.468461,-1.468661,1.078177,-0.851190,-0.468303,1.156639,-0.779456,-1.117220,0.927748,-0.952219,1.285720,0.439767,-0.573228,-0.053385,0.474024,-0.255439,1.235659,0.560374,-0.884364,1.174808,0.384771,-0.960670,1.125278,0.292120,-0.640343,-0.228953,0.241977,-1.186805,-0.180403,0.369942,-1.133730,1.281341,0.544499,-0.973598,0.066915,0.576649,-1.647881,-1.272692,0.922645,-1.569405,0.193667,0.836933,-2.068599,-0.856033,0.777003,-1.725581,0.110510,0.793875,-1.575897,2.190449,0.775311,-1.227091,1.331083,0.564099,-2.009959,0.406491,0.618238,-1.456815,-0.799023,0.583453,-1.424542,-0.595424,0.636648,-1.709310,-1.064174,0.731872,-1.884215,1.266725,0.663828,-0.438680,-0.321426,0.592938,-0.662042,0.038362,0.811911,-0.994344,-1.750804,0.730096,-1.173887,-0.632890,0.772979,-1.210914,-0.419661,0.591349,-0.761596,1.381960,0.345985,-1.311311,-1.445829,0.516178,-2.500917,-0.955196,0.327844,-2.644986,0.094347,0.579169,-1.823524,0.429677,0.494300,-1.029876,-1.726168,0.701385,-0.991912,0.115627,0.807842,-1.574760,-0.904021,0.677547,-1.845654,1.528823,0.690253,-2.019244,0.499840,0.646254,-1.768211,-0.881231,0.741229,-2.293972,0.602813,0.673006,-1.746733,0.964067,0.645168,-2.777642,-1.396568,0.673725,-2.327402,-0.655761,0.579148,-1.747089,-0.094658,0.583944,-1.452554,1.443063,0.605468,-1.389665,0.957223,0.702751,-1.926048,-0.928130,0.636750,-1.931548,-1.241059,0.540414,-1.467252,0.837344,0.653183,-1.606242,1.166708,0.785248,-1.411685,1.603392,0.939020,-2.455166,0.715052,0.782638,-1.511657,2.112074,0.690691,-1.430535,1.404518,0.613097,-1.340369,1.285332,0.693210,-0.929326,0.531079,0.101001,-1.427279,-0.202174
0.429199,-0.438463,-2.301136,0.659418,-2.073220,-0.754367,0.536565,-1.592334,-0.101863,-1.291294,-0.713135,-0.677665,-1.951671,-0.940715,-0.732337,1.246686,-1.823843,0.971585,1.272422,0.800655,-0.323009,1.231178,2.155457,-0.657127,0.961838,0.558416,-0.288785,1.081378,0.542481,-0.794976,0.751885,0.750681,1.687107,-0.000001,-0.000001,-0.000001,0.693896,0.997671,-1.616492,0.966452,0.938463,1.110469,-0.000001,-0.000001,-0.000001,-0.238381,-0.462139,-1.529180,1.268282,-0.417964,-0.569058,0.416133,1.072595,1.235642,1.276370,-0.074209,-0.865263,-0.000001,-0.000001,-0.000001,-0.000001,-0.000001,-0.000001,-0.000001,-0.000001,-0.000001,-0.000001,-0.000001,-0.000001,-0.000001,-0.000001,-0.000001,-0.000001,-0.000001,-0.000001,1.333957,-1.123392,-1.107609,1.192046,-0.117023,-1.069606,1.155857,0.345760,0.331389,1.297719,-0.212623,-0.492380,1.399798,-0.603957,-0.091121,1.292315,0.785273,-0.907356,0.941963,1.557508,-1.809556,1.039849,0.042214,-2.035944,1.521978,-0.549014,-1.231712,1.330192,0.542446,0.909084,1.385854,1.282550,-0.529291,1.534232,0.924030,0.901497,1.528507,0.198594,1.514883,1.384897,-0.162178,-0.935112,1.434822,0.668471,-1.310281,1.771448,1.306275,-0.111174,1.562554,-1.022431,-0.247359,1.425927,-0.312317,0.524726,1.695589,-0.056294,1.913461,1.719583,0.754818,1.288504,1.832307,0.407053,0.371905,-1.931074,-0.677756,1.006993,-1.850378,-0.832343,0.189998,-1.633473,-0.890036,-0.191700,-1.257451,-0.511187,-1.599965,-0.407655,-0.388167,-1.726974,-1.546401,-0.782149,0.793676,-0.886654,-0.745926,1.029456,-0.514367,-0.718377,0.940548,-0.158385,-0.743304,0.895993,-0.865916,-0.557887,-0.416690,-0.269238,-0.485201,0.616963,0.220203,-0.576885,0.995849,0.504923,-0.572535,1.892056,-0.228895,-0.380350,-0.060529,-0.123962,-0.131352,0.882608,-0.638831,-0.331549,-0.102116,-1.271557,-0.514623,-0.472776,-0.058676,-0.240355,-0.445945,-0.361007,-0.143289,0.521636,-0.761894,-0.254682,0.038482,-1.043713,-0.333879,0.043656,0.889238,0.208017,-0.252887,0.625106,0.085044,-1.189661,0.877016,-0.137421,0.594894,0.980681,-0.199183,1.152323,0.947799,-0.041170,-0.457705,0.950042,-0.614994,-0.429860,0.973201,-0.823120,-1.573222,0.685666,-1.395655,0.690159,0.707845,-1.439347,-0.556785,0.875313,-2.061118,0.954582,1.219510,-1.492594,-1.121411,1.244312,-1.135332,-1.819377,1.056543,-1.378437,2.035845,1.043222,-1.468461,-1.472784,1.078177,-0.851190,-0.411640,1.156639,-0.779456,-1.092058,0.927748,-0.952219,1.363909,0.439767,-0.573228,-0.053604,0.474024,-0.255825,1.235400,0.560068,-0.884364,1.173448,0.384443,-0.960670,1.125862,0.292120,-0.640843,-0.230772,0.241977,-1.186805,-0.193047,0.369564,-1.133730,1.243535,0.544499,-0.973598,0.024302,0.576649,-1.647881,-1.293142,0.922645,-1.569405,0.234383,0.836933,-2.068599,-0.840635,0.777003,-1.725581,0.121055,0.793875,-1.575897,2.198184,0.775311,-1.227091,1.336378,0.563772,-2.009959,0.404637,0.618238,-1.456815,-0.802765,0.583453,-1.424542,-0.602668,0.636648,-1.709310,-1.062809,0.731872,-1.884215,1.265867,0.663542,-0.438680,-0.322831,0.592938,-0.662042,0.037481,0.811911,-0.994344,-1.753543,0.730096,-1.173887,-0.635982,0.772979,-1.210914,-0.420858,0.591349,-0.761596,1.379184,0.345985,-1.311311,-1.451370,0.516178,-2.500917,-0.937387,0.327844,-2.644986,0.046609,0.579169,-1.823524,0.436304,0.494300,-1.029876,-1.723274,0.701385,-0.991912,0.099209,0.807842,-1.574760,-0.905284,0.677265,-1.845654,1.527460,0.690253,-2.019244,0.497559,0.646254,-1.768211,-0.885833,0.741229,-2.293972,0.601980,0.673006,-1.746733,0.963351,0.645168,-2.777642,-1.398163,0.673725,-2.327402,-0.656231,0.579148,-1.747089,-0.095351,0.583944,-1.452554,1.445279,0.605468,-1.389665,0.959205,0.702483,-1.926048,-0.929304,0.636503,-1.931548,-1.242993,0.540414,-1.467252,0.834885,0.653183,-1.606242,1.166931,0.785248,-1.411685,1.603248,0.939020,-2.455166,0.716535,0.782638,-1.511657,2.112251,0.690691,-1.430535,1.405356,0.613097,-1.340369,1.283693,0.693210,-0.929326,0.528329,0.101001,-1.427279,-0.241910
0.426548,-0.409764,-1.703991,0.015445,0.129414,-0.349335,0.515078,0.557602,0.372209,-1.554313,-0.901820,-0.796737,-1.799353,-0.682905,-2.240474,1.254874,-0.222959,1.094765,1.272158,0.798925,-0.598056,1.238108,1.229460,-0.488110,0.951402,0.555928,-0.615274,-0.950111,0.527347,-0.801775,0.727589,0.750681,0.737570,-0.000001,-0.000001,-0.000001,0.700857,1.000400,-1.425328,-1.131569,-1.131667,-1.102628,-0.000001,-0.000001,-0.000001,-0.237677,-0.424194,-1.042559,1.262388,-0.334246,0.193967,0.411188,1.077037,1.024729,1.268616,-0.090254,-0.694127,-0.000001,-0.000001,-0.000001,-0.000001,-0.000001,-0.000001,-0.000001,-0.000001,-0.000001,-0.000001,-0.000001,-0.000001,-0.000001,-0.000001,-0.000001,-0.000001,-0.000001,-0.000001,1.402389,-0.096879,-0.367632,1.161314,0.333777,-0.301708,1.188585,0.939962,1.761516,1.326289,0.192321,0.991925,1.517682,-0.490970,-0.117564,1.204931,1.073812,-0.392162,1.141880,0.153439,-0.743284,1.039493,-0.120819,0.101198,1.177730,-0.281801,-0.895565,1.382775,0.811314,1.947564,1.283766,0.917915,0.369780,1.471415,0.809761,0.827457,1.349075,0.539156,1.074572,1.544796,0.478231,-0.130445,1.169829,0.981717,-0.814014,1.434177,0.966935,-0.736638,1.507072,-0.712930,-0.061213,1.410664,-0.513267,0.310790,1.584561,0.049735,1.031771,1.368056,0.596837,-0.417253,1.291886,0.187879,-0.997748,-2.224507,-0.331525,0.792578,-1.970162,-0.455241,-0.071841,-1.573658,-0.259838,-0.868754,-1.376045,0.084858,-1.628164,-1.139328,0.566658,-1.874566,-1.167899,0.064514,-0.067717,-0.649364,-0.138494,0.207669,-0.363861,-0.376758,0.824311,-0.001086,-0.588374,1.188559,-0.550020,0.228092,-0.306024,-0.033948,0.226446,-0.178006,0.811674,-0.044556,1.454778,1.401278,-0.008238,1.955822,-0.137240,0.227853,-0.128011,0.146519,0.058484,-1.704311,0.896009,0.240708,-1.650162,1.420797,0.310246,-1.279468,0.045563,0.348627,0.403387,0.406681,0.395561,0.294297,0.955666,0.427659,0.820912,1.613780,0.375488,1.049767,0.748748,0.016573,0.068569,0.690645,-0.036495,-1.471764,0.551718,-0.192366,1.310529,0.689112,-0.157713,1.671577,0.849655,-0.328913,-0.681376,1.074396,0.192891,-0.280615,0.927251,-0.460409,-0.536292,0.893335,-0.604469,-0.040830,0.737548,-0.119969,-1.514372,0.720180,-1.314415,0.677810,1.128482,-1.056232,-1.038323,1.176140,-1.561175,-2.052062,1.008810,-1.276887,2.271087,0.999915,-1.456750,-0.477647,1.036999,-1.603229,-1.042131,1.131510,-1.033082,-1.777067,0.901934,-0.672226,0.127702,0.548191,-0.505038,0.874378,0.346439,-0.227007,0.157655,0.470577,-0.475746,-0.312736,0.338242,-0.955129,-0.058232,0.287985,-0.603516,-0.560655,0.312198,-1.150418,-0.184244,0.486336,-1.126923,0.709280,0.378343,-0.965625,-0.048259,0.465155,-1.610462,-1.143912,0.857503,-1.473915,-0.094075,0.568502,-1.488822,-0.636435,0.512020,-1.585249,0.369493,0.518132,-1.372269,2.019822,0.495815,-1.393610,1.394009,0.556701,-1.690368,0.720044,0.633100,-0.973315,-0.879838,0.620303,-0.882765,-1.071983,0.694622,-1.798236,-1.250506,0.812778,-1.573168,1.264819,0.563352,-0.676849,-0.122171,0.502241,-0.534010,-0.309314,0.765051,-0.875622,-1.130170,0.704151,-1.006830,-0.753796,0.973684,-1.004502,0.021251,0.500576,-0.565385,1.555576,0.730610,-1.152698,-0.934312,0.644305,-1.885735,-0.726034,0.462040,-2.068357,-0.793020,0.725954,-1.692784,0.544551,0.623537,-0.773074,-2.047121,0.506053,-0.745663,0.223910,0.785767,-1.476422,0.166358,0.671175,-1.435121,1.666837,0.706507,-1.608184,-0.276346,0.683102,-1.735945,-1.702595,0.503954,-1.856940,-0.369826,0.746465,-1.274645,0.519611,0.731646,-2.207277,-0.688116,0.744446,-2.225990,-0.205680,0.634990,-1.602409,-0.950719,0.619497,-0.925245,0.411638,0.620678,-0.829265,-0.505812,0.696675,-2.362931,-0.698100,1.103978,-1.855897,-1.206007,0.555784,-0.997610,-0.038896,0.689789,-1.119071,0.135719,0.551075,-0.860817,0.769491,0.771885,-1.953176,1.242358,0.548103,-1.012283,1.651032,0.727706,-1.368123,0.444515,0.628637,-1.281089,0.216554,0.629539,-0.789594,1.548133,0.471875,-1.242701,-0.476391
0.426088,-0.410143,-1.705095,0.014820,0.129414,-0.345374,0.514528,0.558884,0.371605,-1.554109,-0.901820,-0.807232,-1.799474,-0.683153,-2.195343,1.255683,-0.226040,1.174629,1.272244,0.800655,-0.594029,1.238201,1.229460,-0.469848,0.951654,0.558416,-0.552012,-0.949298,0.528608,-0.674107,0.727673,0.750681,0.720348,-0.000001,-0.000001,-0.000001,0.700752,1.003129,-1.404840,-1.131569,-1.131667,-1.102628,-0.000001,-0.000001,-0.000001,-0.238381,-0.425427,-1.040419,1.262388,-0.335680,0.184258,0.410566,1.076247,1.026541,1.267794,-0.041116,-0.642975,-0.000001,-0.000001,-0.000001,-0.000001,-0.000001,-0.000001,-0.000001,-0.000001,-0.000001,-0.000001,-0.000001,-0.000001,-0.000001,-0.000001,-0.000001,-0.000001,-0.000001,-0.000001,1.402568,-0.100510,-0.444640,1.161669,0.333777,-0.338740,1.189095,0.939962,1.735115,1.326734,0.192321,1.018769,1.517877,-0.495683,-0.084564,1.205301,1.070108,-0.413994,1.142291,0.147329,-0.745249,1.040021,-0.126647,0.125585,1.178194,-0.285622,-0.917104,1.382950,0.807863,1.988319,1.284063,0.914779,0.387172,1.471681,0.805360,0.823100,1.349330,0.539156,1.077207,1.544937,0.478231,-0.203287,1.169948,0.979509,-0.824595,1.434395,0.964032,-0.752877,1.507297,-0.715825,-0.076584,1.410770,-0.515130,0.306129,1.584642,0.049735,1.044041,1.368131,0.594931,-0.420870,1.291969,0.185414,-1.002598,-2.224693,-0.331981,0.797936,-1.997371,-0.455667,-0.063167,-1.601524,-0.260247,-0.846264,-1.376335,0.084445,-1.606884,-1.139573,0.566133,-1.866995,-1.168216,0.064061,-0.051936,-0.649711,-0.138966,0.221516,-0.364201,-0.377163,0.823211,-0.001422,-0.588721,1.186025,-0.550380,0.227457,-0.305372,-0.034330,0.225997,-0.175449,0.811227,-0.045037,1.463156,1.400834,-0.008725,1.951547,-0.137571,0.227453,-0.116290,0.146201,0.058053,-1.702553,0.895590,0.240268,-1.651569,1.420385,0.309823,-1.267483,0.045258,0.348041,0.407996,0.406378,0.395146,0.282580,0.955330,0.427005,0.821169,1.613408,0.374853,1.032925,0.748349,0.016170,0.032841,0.689929,-0.036495,-1.486829,0.551309,-0.192366,1.305644,0.688731,-0.157713,1.672654,0.849270,-0.328913,-0.682535,1.073748,0.192891,-0.279723,0.926859,-0.459747,-0.544139,0.892853,-0.604469,-0.049001,0.737067,-0.119969,-1.492770,0.719699,-1.314415,0.711658,1.128064,-1.055435,-1.039340,1.175920,-1.561175,-2.047050,1.008599,-0.820590,2.243799,0.999446,-1.456750,-0.521030,1.036740,-1.603229,-1.022928,1.131063,-1.033811,-1.712602,0.901669,-0.672888,0.259997,0.547702,-0.505485,0.874510,0.345836,-0.227007,0.145538,0.469964,-0.475746,-0.321255,0.337624,-0.955579,-0.067528,0.287337,-0.603516,-0.587619,0.311461,-1.150973,-0.186890,0.485610,-1.127476,0.706739,0.377661,-0.966273,-0.062885,0.464533,-1.611114,-1.144727,0.857238,-1.474577,-0.097996,0.567867,-1.489294,-0.647299,0.511394,-1.585659,0.365933,0.517480,-1.372269,2.013967,0.495154,-1.394088,1.389168,0.556387,-1.690773,0.694211,0.632457,-0.973315,-0.878031,0.619974,-0.882765,-1.062552,0.693974,-1.798236,-1.267652,0.812461,-1.573168,1.256417,0.562823,-0.676849,-0.124320,0.501626,-0.534010,-0.315202,0.764506,-0.876068,-1.135028,0.703565,-1.006830,-0.758460,0.973157,-1.004502,0.014634,0.499960,-0.565385,1.552838,0.729996,-1.152698,-0.936858,0.643630,-1.885735,-0.730288,0.461762,-2.068357,-0.783549,0.725436,-1.693232,0.538855,0.623000,-0.773074,-2.049328,0.505371,-0.745663,0.215350,0.785309,-1.476422,0.167353,0.670904,-1.435121,1.679933,0.705918,-1.608184,-0.251439,0.682504,-1.735945,-1.708639,0.503325,-1.856940,-0.407879,0.746204,-1.274645,0.511779,0.731147,-2.207277,-0.683364,0.744195,-2.225990,-0.206256,0.634404,-1.602409,-0.963674,0.618921,-0.925245,0.398891,0.620128,-0.829265,-0.501323,0.696417,-2.362931,-0.689232,1.103485,-1.855897,-1.196013,0.555227,-0.997610,-0.049507,0.689196,-1.119071,0.117300,0.550454,-0.860817,0.746835,0.771363,-1.953176,1.231034,0.547481,-1.012283,1.629804,0.727106,-1.368123,0.426653,0.628075,-1.281089,0.207153,0.628997,-0.790073,1.544604,0.471324,-1.243406,-0.475155
0.413240,-0.363212,-0.390339,0.019065,0.132520,-0.717720,0.522542,0.548154,0.654538,-1.689321,-1.076438,-0.329862,-1.957384,-0.032448,-1.927253,1.258614,1.371745,1.384326,1.264742,0.807575,-0.696988,1.241085,1.227708,-0.253680,0.959899,0.552195,0.098393,-0.917337,0.529870,-0.443446,0.753160,0.750681,0.596982,-0.000001,-0.000001,-0.000001,0.706857,1.001764,-1.041726,-1.131569,-1.131667,-1.102628,-0.000001,-0.000001,-0.000001,-0.239707,-0.373402,-0.693259,1.260312,-0.228478,0.829527,0.405008,1.083922,0.817206,1.272281,-0.074209,-0.643456,-0.000001,-0.000001,-0.000001,-0.000001,-0.000001,-0.000001,-0.000001,-0.000001,-0.000001,-0.000001,-0.000001,-0.000001,-0.000001,-0.000001,-0.000001,-0.000001,-0.000001,-0.000001,1.414606,-0.100510,0.118860,1.174917,0.329784,-0.259879,1.202390,0.931815,2.044981,1.338340,0.176107,0.806768,1.413566,-0.509821,-0.478909,1.430174,1.062747,0.251087,1.157609,0.128996,-0.746755,0.849691,-0.144059,-0.136576,0.833020,0.580980,-1.807790,1.394576,1.197423,1.194818,1.124055,0.905258,0.745771,1.024846,1.297808,0.033580,1.066032,0.520729,0.170616,1.398267,0.472184,-0.437991,1.038545,0.972885,-0.909391,0.941041,0.621823,-0.290545,1.258018,-0.391847,-0.533802,1.292995,-0.518855,-0.057156,1.111290,0.044429,0.229656,1.019443,0.372215,-1.000399,1.020072,0.180484,-1.236946,-2.216305,0.209478,1.004817,-2.153075,-0.039379,0.085636,-1.902706,0.137965,-0.633415,-1.602922,0.578278,-1.344833,-1.284175,0.999986,-1.777017,-1.303977,0.626815,0.202738,-0.777987,0.324214,0.398844,-0.454568,-0.072844,0.824274,-0.112358,-0.386583,1.001440,-0.762355,0.661014,-0.433732,-0.072177,0.517554,-1.323105,0.629398,0.218225,-0.591045,1.420635,0.152363,-0.980250,-0.300652,0.614290,0.202569,0.140595,0.268359,-0.062531,1.014899,-0.064760,0.710829,1.915699,-0.188484,1.403306,0.016235,0.703456,0.441170,0.401400,0.707947,0.470689,0.975459,0.637478,1.126786,1.689161,0.533717,1.810172,0.750955,0.403682,0.414339,0.923635,0.365069,-1.668052,0.553775,-0.168818,0.869995,0.690833,-0.132094,1.825184,0.851042,0.086150,-0.021208,1.075487,0.217165,0.444338,0.927650,0.214701,0.269501,0.893085,-0.585903,-0.122899,0.736585,-0.090768,-1.314483,0.718206,-1.296893,0.739107,1.126225,-0.244033,-0.764041,1.173340,-0.798906,-2.057995,1.005715,-0.799093,1.930292,0.996222,-1.434242,-1.233674,1.032762,-0.915275,-0.810491,1.127686,-0.278152,-1.307987,0.897326,-0.632826,0.742373,0.549918,-0.476213,0.593034,0.348260,-0.201309,0.077170,0.471510,-0.447908,-0.797601,0.338545,-0.519796,-0.731348,0.287337,-0.570231,0.168440,0.310363,-0.569006,0.211013,0.141787,-1.092420,0.374688,0.374921,-0.925213,-0.080122,0.765858,-0.927444,-0.373676,0.853450,-0.782884,0.051615,0.567245,-0.534560,0.091351,0.510780,-1.191476,0.159864,0.516841,-0.942927,2.445898,0.494506,-0.897959,1.539579,0.556387,-0.874367,-0.197490,0.632141,-0.367117,-0.108063,0.619343,-0.210240,-0.038180,0.693027,-0.193226,-0.879015,0.810842,-1.160656,0.337601,0.564696,0.069840,1.292891,0.503157,-0.047343,1.033118,0.765335,-0.410659,0.318046,0.704151,-0.486872,-0.066480,0.973959,-0.395978,0.347054,0.501493,-0.532050,1.116854,0.433991,-0.170713,-0.671139,0.641244,-0.864972,-0.353477,0.459188,-1.571697,-1.480090,0.722836,-1.225788,-0.020328,0.620579,-0.728426,-1.608628,0.502963,-0.702849,0.731916,0.785767,-0.393489,-0.109954,0.670904,-1.036166,0.521682,0.705600,-1.184072,-1.597577,0.681907,-0.493224,-1.520979,0.502406,-1.406033,-1.862573,0.744617,-1.253187,0.018015,0.729687,-1.200073,-2.050620,0.742667,-1.327133,-1.830251,0.633530,-0.529350,-0.097371,0.618345,-0.906354,0.508750,0.619830,-0.809188,0.050765,0.696417,-0.571795,-0.433408,0.861778,-0.934738,-1.802344,0.554926,-0.566642,0.373466,0.688603,-0.672016,0.387120,0.549547,-0.837644,0.777910,0.769788,-1.496298,0.207826,0.546573,-0.554031,1.061305,0.726506,-0.933533,0.188557,0.627770,-0.868305,0.144923,0.630093,-0.759669,1.420474,0.469164,-0.564416,-0.693055
0.410589,-0.336052,-0.062072,0.005950,0.154207,-0.729324,0.511070,0.579036,0.309162,-1.823261,-1.080898,-1.269464,-2.114001,0.232786,-0.794301,1.252955,1.362465,0.693268,1.264829,1.668184,-0.454779,1.242048,1.232965,-0.261401,1.013738,1.207215,0.697769,1.090381,1.201421,-0.487889,-1.414717,-1.414742,-1.335527,-0.000001,-0.000001,-0.000001,1.795457,1.015392,0.562377,-1.131569,-1.131667,-1.102628,-0.000001,-0.000001,-0.000001,-0.243103,-0.342179,-0.625669,1.258621,-0.165376,1.230531,0.407169,1.098876,0.593721,1.281282,-0.189532,-0.867670,-0.000001,-0.000001,-0.000001,-0.000001,-0.000001,-0.000001,-0.000001,-0.000001,-0.000001,-0.000001,-0.000001,-0.000001,-0.000001,-0.000001,-0.000001,-0.000001,-0.000001,-0.000001,1.270846,-0.129555,-0.646261,1.327156,0.557205,-0.228343,1.214832,0.842245,1.935257,1.349201,1.536731,-0.135454,1.189236,0.982626,-2.071157,1.324987,1.580663,-0.608993,0.866820,1.948227,-0.742155,0.833965,1.416198,-0.988350,0.841076,1.088750,0.526529,1.430987,1.283609,0.141624,1.182859,1.843765,2.481324,0.660884,1.478041,0.426977,0.741455,1.169661,-0.417905,1.391920,0.602095,-1.390599,1.049929,1.420688,-0.874465,0.861207,0.824826,-0.679597,0.692715,0.423907,-1.326999,1.149986,-0.381163,-1.175717,0.818563,0.263518,-0.895099,0.593634,0.781469,-0.929268,0.496985,0.131244,-1.289271,-2.338642,0.719543,0.419630,-2.318142,0.453145,-0.891177,-2.032995,0.625371,-1.325174,-1.898419,1.119215,-1.563355,-1.412177,1.270334,-1.820464,-1.422590,1.094118,-0.452030,-0.873436,0.755476,0.131492,-0.562207,0.243830,0.753409,-0.230933,-0.137674,0.946529,-0.988257,0.963995,-0.305939,-0.130741,0.836429,-1.670161,0.575105,0.482699,-0.533373,1.506956,0.367556,-0.315157,-0.473245,0.925676,-0.089773,0.058954,0.577352,-0.065500,1.029859,0.200930,0.739413,1.875103,0.043960,1.048366,-0.182782,0.927663,0.108051,0.304986,0.924820,0.524137,0.958431,0.841174,1.017365,1.677941,0.754387,1.516298,0.747941,0.784336,0.380953,0.920262,0.761462,-1.715893,0.550899,0.291288,0.259524,0.688155,0.411861,1.739656,0.848284,0.499559,0.496865,1.072212,0.240813,0.521615,0.924703,0.890584,0.494826,0.662680,-0.566358,-0.483725,0.732715,0.715980,-0.561153,0.714529,-0.825110,-0.100000,1.122922,0.569095,-0.548145,1.169890,-0.038127,-1.491906,1.002401,-0.780040,1.809513,0.992547,-1.415512,-1.402375,1.028504,-0.888032,-1.075085,1.123870,-0.962179,-1.731054,0.892984,-0.605070,-0.646780,0.546484,-0.019032,-0.689225,0.343720,0.193105,0.014215,0.466821,-0.027496,-1.586966,0.630638,-0.095130,-1.649623,0.282555,-0.059366,-0.540931,0.304438,-0.545674,0.245771,0.136456,-0.570716,-0.175776,0.369467,-0.314136,-0.210484,0.455927,-0.260416,0.938652,0.589336,-0.755097,-0.650554,0.562464,-0.514742,0.418080,0.506060,-0.433738,-0.209088,0.511930,-0.520407,1.006408,0.489528,-0.409682,1.394755,0.551542,0.334215,-0.149857,0.627279,0.233110,0.202759,0.614148,-0.182874,0.130250,0.687934,-0.170704,-0.085033,0.495951,-0.361515,0.005510,0.560641,0.085347,1.763786,0.498538,-0.027753,1.253460,0.761302,0.045644,1.146976,0.423963,0.022860,0.375791,0.970055,-0.371436,-0.103923,0.496869,-0.509254,0.285772,0.723536,-0.150320,-0.284774,0.636168,-0.349462,0.572240,0.454632,-0.618755,-1.517165,0.718670,-0.767938,-0.801488,0.616273,-0.697893,-1.325307,0.825226,-0.673571,0.738429,0.782374,0.157421,0.486285,0.666731,-0.639539,-0.563504,0.701089,0.044852,-1.922155,0.677107,0.138188,-1.382121,0.793508,-0.099465,-1.736880,0.740594,-0.797574,-0.626807,0.725748,-0.687752,-2.257146,0.738794,-0.869696,-2.324228,0.628818,-0.507407,-0.112717,0.613712,-0.478563,0.248573,0.615608,-0.354552,0.159697,0.692438,0.040802,-0.211036,1.099692,-0.016409,-2.144209,0.550661,-0.549473,-0.092490,0.683834,-0.654206,-0.040957,0.544664,-0.335173,0.619330,0.765616,-1.042164,-0.800954,0.541683,-0.535775,0.483768,0.721683,-0.916220,-0.320554,0.623457,-0.851861,-0.631881,0.626008,-0.270368,0.857311,0.724067,-0.537142,-0.474377
0.403935,-0.340693,0.095270,0.013319,0.170573,-1.144719,0.521086,0.571315,0.306804,-1.829318,-1.078155,-1.543832,-2.272483,0.618013,-0.941094,1.252851,1.390323,1.048288,1.263239,1.685461,-0.521449,1.234831,1.224225,-0.492879,0.996522,1.209703,0.289304,1.101035,1.198898,-0.064218,-1.414717,-1.414742,-1.335527,-0.000001,-0.000001,-0.000001,1.263255,1.020850,-0.248343,-1.131569,-1.131667,-1.102628,-0.000001,-0.000001,-0.000001,-0.251261,-0.337287,-0.473932,1.251061,-0.156592,1.348147,0.402224,1.105342,0.682694,1.280060,-0.074209,-0.816615,-0.000001,-0.000001,-0.000001,-0.000001,-0.000001,-0.000001,-0.000001,-0.000001,-0.000001,-0.000001,-0.000001,-0.000001,-0.000001,-0.000001,-0.000001,-0.000001,-0.000001,-0.000001,1.450712,-0.147664,-0.023254,1.115048,0.984045,-0.013832,1.204949,1.269577,1.403516,1.340574,2.697584,0.207188,1.073683,1.453423,-1.565428,1.310667,1.961738,-0.464788,0.852936,2.558712,0.144954,0.822834,1.992570,0.142820,0.656712,1.466688,1.290186,1.225343,2.417826,0.556758,1.003345,1.802544,0.888899,0.501734,1.420879,-0.267058,0.157831,1.100616,-1.851989,0.920308,1.595952,-1.213611,0.627493,1.643485,-1.232069,0.360461,1.442578,0.717843,0.305346,0.713175,0.491086,0.771533,0.655249,-0.656309,0.246389,1.244133,-1.107704,0.239344,1.188818,-1.164031,0.217870,0.938980,-1.156232,-2.524331,0.995658,0.503499,-2.329587,0.664073,-0.387364,-2.015890,0.759879,-0.181160,-1.680774,1.323595,-1.431727,-1.493167,1.670086,-1.745436,-1.332061,1.512790,1.055509,-0.852408,1.166878,0.620675,-0.514210,0.614705,1.061878,-0.160331,0.218717,1.015737,-0.858969,1.652782,0.542491,-0.204433,1.275109,-0.748417,0.599839,0.956284,0.805235,1.402228,0.794022,0.710758,-0.582628,1.598348,-0.006782,0.050000,0.976200,-0.552569,0.988219,0.583973,-0.425295,1.834833,0.389561,0.221165,-0.440506,1.416044,-0.027935,0.221527,1.266398,0.365845,0.866311,1.199173,0.951219,1.612530,1.056186,1.686552,0.745946,0.786601,0.543794,0.917850,0.764662,-1.581023,0.548842,0.295907,-0.041673,0.686434,0.418965,1.580131,0.846704,0.505768,0.837122,1.070907,0.250253,0.509795,0.923928,0.902775,0.564799,0.661976,-0.556321,-0.514285,0.732715,0.732196,-0.701671,0.715010,-0.816099,-0.110954,1.123750,0.583763,-0.639694,0.964504,-0.025957,-1.794733,1.003856,-0.773366,1.690297,0.994141,-0.961248,-1.414087,1.030374,-0.881208,-0.688873,1.125897,-0.242397,-1.419423,0.895149,-0.601704,0.275788,0.544518,-0.018138,-0.412733,0.341604,0.193909,-0.276752,0.465236,-0.027085,-1.916670,0.926440,0.312534,-1.886940,0.586769,-0.058324,-0.810714,0.304829,-0.545118,0.186514,0.137153,-0.570162,-0.289831,0.370817,-0.313488,-0.459243,0.457845,-0.259764,1.111694,0.591236,-0.753057,-1.027177,0.562464,-0.050410,0.726737,0.506060,-0.431783,0.000538,0.511930,-0.517444,1.034375,0.489528,-0.405776,1.669752,0.550900,-0.059245,-0.270067,0.626964,0.239130,0.312919,0.614148,-0.176196,0.311777,0.688245,0.360307,0.166041,0.496294,-0.357423,0.063062,0.559010,0.448677,1.816232,0.496981,-0.026315,1.367064,0.760234,0.047019,1.354697,0.423107,0.024939,0.823235,0.969021,-0.369050,-0.621414,0.495311,0.025418,-0.149934,0.724149,-0.148337,-0.003157,0.636844,-0.347402,0.749057,0.455780,-0.150376,-1.249721,0.719981,-0.766108,-0.879880,0.617347,-0.694864,-1.198156,0.826242,-0.670667,0.753717,0.781704,0.165155,0.684952,0.666179,-0.634785,-0.527527,0.412489,0.049935,-1.718759,0.677107,0.146435,-0.846587,0.497761,-0.094061,-1.170796,0.485177,-0.791661,-0.708719,0.726488,-0.188771,-2.215142,0.739045,-0.423722,-2.489547,0.629129,-0.499246,0.175771,0.613712,-0.472138,0.394806,0.615322,-0.347724,0.271820,0.691911,0.050003,0.123167,0.857492,-0.009831,-1.800250,0.550371,-0.543424,-0.053928,0.683834,-0.647931,-0.114017,0.544962,-0.328078,0.757061,0.766137,-0.599892,-0.933047,0.541982,-0.529343,0.554025,0.433793,-0.495487,-0.243183,0.623164,-0.452239,-0.708144,0.624935,-0.268413,0.488853,0.725158,-0.535081,-0.333397
0.403502,-0.337994,0.073880,0.021930,0.202873,-1.616963,0.519808,0.588484,0.201602,-1.961247,-1.077468,-1.862368,-2.276542,0.747164,-1.174028,1.251333,1.402702,1.228194,0.805772,1.673374,-1.255033,1.235988,1.231213,-0.548328,0.990941,1.219641,-0.396129,1.113739,1.210233,-0.750406,-1.414717,-1.414742,-1.335527,-0.000001,-0.000001,-0.000001,1.253941,1.722855,-0.745077,-1.131569,-1.131667,-1.102628,-0.000001,-0.000001,-0.000001,-0.253291,-0.334224,-0.385573,1.251061,-0.138934,1.433221,0.401913,1.115855,0.532108,1.281680,-0.238669,-1.089093,-0.000001,-0.000001,-0.000001,-0.000001,-0.000001,-0.000001,-0.000001,-0.000001,-0.000001,-0.000001,-0.000001,-0.000001,-0.000001,-0.000001,-0.000001,-0.000001,-0.000001,-0.000001,1.160441,2.315143,-1.326324,1.412109,2.799226,0.936133,1.488566,1.753891,1.309639,1.250995,2.751564,-1.127554,1.015614,1.514629,-1.199038,1.414207,2.416789,-0.258575,0.964834,2.638077,-0.231911,0.918085,2.079915,0.423849,0.738970,1.523915,0.559763,1.323278,2.062731,-0.733842,0.920464,1.843765,0.059075,0.575103,0.985593,-0.389776,0.226787,0.649605,-0.967831,0.694224,1.964481,1.505174,0.561119,1.420688,-0.150683,0.298984,1.480283,1.072270,0.240713,0.753676,1.258428,0.713614,0.878550,-0.421506,0.295468,1.263565,-1.157426,0.109815,0.996564,-0.912214,0.172702,1.525077,-0.833271,-2.555381,1.013302,0.846657,-2.435289,0.695980,0.254304,-2.111944,0.830294,0.535796,-1.798237,1.419457,-0.661523,-1.226401,1.429815,-1.665054,-1.267525,1.593311,1.462493,-0.748891,1.321509,1.176914,-0.441692,0.820202,1.132527,-0.113463,0.372552,1.172531,-0.861394,1.756947,0.691765,-0.189365,1.502620,1.883868,0.627192,1.173373,2.284878,1.436465,1.039817,2.570355,-0.749351,1.678990,0.802482,-0.139770,1.763554,0.491033,0.620936,1.649150,1.426822,1.481838,1.506517,1.590594,-0.609558,1.560899,0.371784,-0.174714,1.441985,-1.773236,-0.104162,1.263212,-2.535472,0.125870,1.187442,-2.463850,0.745743,0.791195,0.467822,0.687037,0.770609,-1.587508,0.548842,0.304695,0.212145,0.686621,0.430420,1.714006,0.658515,0.516128,0.348216,0.862785,0.266292,0.000140,0.737206,0.273673,-0.611353,0.664098,-0.541264,0.415080,0.504595,-0.017865,-0.768645,0.718697,-0.801927,0.356936,1.127646,-0.173086,-0.933037,0.969034,-0.005341,-1.971421,1.008397,-0.761918,1.564353,0.999446,-1.400024,-1.316220,0.782280,-1.521389,-1.079591,0.916377,-0.945788,-2.086126,0.901669,-1.243137,-1.217581,0.309990,-0.014935,-0.997401,0.342810,0.195903,0.389304,0.467128,-0.024994,-1.493560,0.631874,0.314646,-1.679491,0.589957,-0.055741,-0.469697,0.309641,-0.541692,0.117465,0.142499,-0.567567,-0.398470,0.376979,-0.310448,-0.556285,0.464196,-0.255739,1.072254,0.596935,-0.749032,-1.131499,0.565962,-0.046045,0.599426,0.509513,-0.427524,-0.090335,0.515523,-0.512379,0.915312,0.493171,-0.398403,1.477952,0.554121,0.345428,-0.297937,0.630512,0.249947,0.300719,0.618041,-0.164196,0.330329,0.692392,0.370183,0.146717,0.501140,-0.350470,0.012233,0.560112,0.452430,1.731204,0.498538,-0.022001,1.339733,0.762370,0.051145,1.241430,0.425418,0.030010,0.760520,0.971089,-0.362477,-0.621870,0.496869,0.030982,-0.224515,0.728769,-0.143401,-0.057904,0.642623,-0.342736,0.784444,0.460916,-0.145973,-1.207674,0.724929,-0.762002,-0.922811,0.622190,-0.687473,-1.193131,0.504355,-0.663579,0.746427,0.783511,0.178374,0.505771,0.668953,-0.626053,-0.601429,0.415799,0.058795,-1.431150,0.394122,0.159784,-0.554899,0.501789,-0.084640,-0.895493,0.489178,-0.781583,-0.576194,0.730417,-0.176978,-2.354308,0.496750,-0.412707,-2.451809,0.351658,-0.486044,0.339821,0.617169,-0.461383,0.544281,0.618419,-0.336294,0.464208,0.694557,0.065354,-0.046809,0.859753,0.000955,-1.827003,0.553500,-0.533563,0.169555,0.402702,-0.637703,0.096997,0.548938,-0.316511,0.899308,0.770320,-0.589401,-1.025015,0.545963,-0.518858,0.806058,0.437416,-0.900176,0.042889,0.626329,-0.442760,-0.465072,0.626551,-0.263984,0.404404,0.729755,-0.529117,-0.451609
0.403935,-0.337994,0.077050,0.021556,0.200658,-1.586037,0.519808,0.587620,0.208308,-1.961145,-1.077468,-1.861093,-2.276632,0.747412,-1.160453,1.251437,1.399621,1.258856,0.805417,1.675104,-1.242429,1.235894,1.231213,-0.543463,0.989728,1.220885,-0.455616,1.110050,1.211495,-0.831868,-1.414717,-1.414742,-1.335527,-0.000001,-0.000001,-0.000001,1.253830,1.724219,-0.744398,-1.131569,-1.131667,-1.102628,-0.000001,-0.000001,-0.000001,-0.252628,-0.334224,-0.389355,1.251061,-0.138934,1.430213,0.401602,1.116274,0.532578,1.281680,-0.238669,-1.095918,-0.000001,-0.000001,-0.000001,-0.000001,-0.000001,-0.000001,-0.000001,-0.000001,-0.000001,-0.000001,-0.000001,-0.000001,-0.000001,-0.000001,-0.000001,-0.000001,-0.000001,-0.000001,1.160620,2.318774,-1.320841,1.412109,2.799226,0.936670,1.488733,1.294019,1.316479,1.251149,2.751564,-1.140445,1.015708,1.514629,-1.221622,1.414387,2.416789,-0.265494,0.965034,2.644188,-0.244371,0.918258,2.079915,0.418761,0.739131,1.523915,0.550848,1.323278,2.062731,-0.738775,0.920464,1.846938,0.053511,0.575232,0.985593,-0.389119,0.226911,0.649605,-0.966597,0.694224,1.967505,1.512228,0.561119,1.420688,-0.144696,0.299097,1.483186,1.087048,0.240822,0.753676,1.261420,0.713614,0.880412,-0.422393,0.295468,1.263565,-1.157262,0.109894,0.996564,-0.905660,0.172702,1.525077,-0.826042,-2.555488,1.013532,0.839959,-2.435390,0.696194,0.262292,-2.112046,0.830499,0.533845,-1.798369,1.419665,-0.658591,-1.226512,1.429990,-1.663283,-1.267683,1.593538,1.463255,-0.749064,1.321746,1.176976,-0.441848,0.820415,1.136805,-0.113607,0.372552,1.168539,-0.861558,1.757158,0.687157,-0.189542,1.502844,1.891574,0.627001,1.173616,2.291868,1.436287,1.040063,2.569064,-0.749502,1.678990,0.808711,-0.139929,1.763770,0.503785,0.620757,1.649150,1.435326,1.481631,1.506517,1.602200,-0.609686,1.561094,0.380523,-0.200324,1.442193,-1.790408,-0.104317,1.263212,-2.537292,0.125711,1.187442,-2.464562,0.745743,0.790792,0.464480,0.687037,0.770609,-1.586663,0.548842,0.304207,0.199538,0.686621,0.429888,1.712761,0.658515,0.515723,0.346253,0.862785,0.265666,0.010846,0.737014,0.273011,-0.552517,0.663867,-0.542284,0.410917,0.504360,-0.018722,-0.798159,0.718457,-0.802390,0.370096,1.127245,-0.173883,-0.932745,0.968823,-0.006087,-1.980721,1.008196,-0.762850,1.562446,0.999221,-1.400482,-1.316649,0.782021,-1.522055,-1.080637,0.916158,-0.945788,-2.086386,0.901404,-1.243137,-1.217893,0.309990,-0.014935,-0.997662,0.342810,0.196289,0.388050,0.467128,-0.024994,-1.494312,0.631874,0.315062,-1.680248,0.589957,-0.055241,-0.469785,0.309250,-0.541692,0.119254,0.142150,-0.567567,-0.399456,0.376284,-0.310448,-0.555027,0.463561,-0.255739,1.075107,0.596659,-0.748371,-1.132228,0.565962,-0.046045,0.600167,0.509513,-0.427524,-0.090532,0.515523,-0.512379,0.914920,0.493171,-0.398403,1.477661,0.553794,0.345428,-0.298416,0.630196,0.249359,0.300419,0.617725,-0.164848,0.329895,0.692081,0.369647,0.146746,0.500810,-0.350470,0.011637,0.560112,0.452430,1.730500,0.498538,-0.022001,1.339388,0.762109,0.051145,1.240810,0.425418,0.030010,0.761083,0.970835,-0.362477,-0.622258,0.496869,0.030982,-0.224515,0.728444,-0.143401,-0.057595,0.642264,-0.342736,0.784297,0.460614,-0.145973,-1.207377,0.724654,-0.762002,-0.923829,0.621927,-0.687473,-1.193211,0.503993,-0.663579,0.746568,0.783511,0.177835,0.507992,0.668671,-0.626441,-0.601151,0.415504,0.058383,-1.433065,0.393830,0.159114,-0.555235,0.501487,-0.085078,-0.898506,0.488917,-0.782066,-0.577592,0.730167,-0.177480,-2.356667,0.496499,-0.413192,-2.452350,0.351371,-0.486624,0.342937,0.616887,-0.462256,0.540901,0.618143,-0.337221,0.458668,0.694288,0.064754,-0.046532,0.859753,0.000496,-1.827448,0.553222,-0.534402,0.171553,0.402412,-0.638573,0.097655,0.548640,-0.317496,0.899273,0.770044,-0.589846,-1.024986,0.545665,-0.519750,0.806519,0.437122,-0.901023,0.043600,0.626047,-0.443162,-0.462898,0.626551,-0.263984,0.403909,0.729490,-0.528466,-0.452351
0.395062,-0.363591,-0.180322,0.019065,0.194474,-1.512383,0.528550,0.581601,0.325767,-2.090020,-1.080898,-1.927693,-2.277715,0.744443,-1.131414,1.249617,1.390323,0.931981,0.802501,0.809304,-1.382988,1.239834,1.225978,-0.509947,0.968870,1.218397,-1.998370,1.074813,1.210233,-2.600088,-1.414717,-1.414742,-1.335527,-0.000001,-0.000001,-0.000001,1.247621,1.720126,-1.807908,-1.131569,-1.131667,-1.102628,-0.000001,-0.000001,-0.000001,-0.274992,-0.359956,-0.114498,1.249805,-0.199168,0.793691,0.390779,1.110598,0.514690,1.272281,-0.386082,-0.974003,-0.000001,-0.000001,-0.000001,-0.000001,-0.000001,-0.000001,-0.000001,-0.000001,-0.000001,-0.000001,-0.000001,-0.000001,-0.000001,-0.000001,-0.000001,-0.000001,-0.000001,-0.000001,1.112465,0.715600,-0.418213,1.269583,1.231384,0.334015,1.292209,1.391687,1.231539,1.073490,1.423367,-1.462439,1.017744,0.582403,-0.722802,1.318197,1.488171,-0.053087,1.031614,1.545287,-0.085989,0.739781,1.212442,-0.615871,0.736029,2.352350,1.335338,1.293277,1.593886,-0.728852,0.693824,1.640837,-0.953621,0.487348,0.800958,-0.034294,0.108816,-0.528596,-2.141354,0.694900,2.212171,1.474060,0.407304,1.228776,0.030301,0.248910,0.961128,1.545446,0.030952,-0.053392,2.019838,0.729636,0.980876,-0.545939,0.200133,1.675236,-0.961810,-0.000072,1.470530,-0.330404,0.046342,1.601401,-0.339166,-2.614632,1.018113,1.034677,-2.458207,0.668998,0.516121,-2.123423,0.800495,0.551030,-1.829825,1.391031,-0.738107,-1.421691,1.638959,-1.699619,-1.305593,1.562777,1.150014,-0.706459,1.282970,1.094218,-0.425126,0.758531,0.881345,-0.118532,0.337697,0.922782,-0.971445,1.710677,0.940243,-0.205963,1.449773,1.093229,0.620067,1.113904,1.908209,1.471444,0.979104,2.254621,-0.718559,1.639268,1.226143,-0.127177,1.720459,-0.446200,0.544855,1.605418,0.302016,1.415339,1.464427,0.507950,-0.584096,1.503581,0.291059,0.039049,1.309149,-0.474852,0.678403,1.340143,-1.386344,1.550817,1.191689,-1.737134,0.546009,0.775552,-0.082318,0.677635,0.376189,-1.816092,0.541032,0.289447,0.684977,0.679545,0.415147,1.590655,0.651427,0.506173,0.165714,0.646815,0.254444,-0.090187,0.731326,0.910885,-0.588062,0.657935,-0.549302,0.515531,0.730299,-0.029202,-0.690802,0.714529,-0.809013,0.589459,0.928107,-0.187753,-1.160620,0.966664,-0.021362,-2.149637,1.006741,-0.773831,1.542266,0.777146,-1.414100,-0.976922,0.780421,-0.891417,-0.852879,0.915026,-0.973409,-1.753381,0.900310,-0.622011,-0.213452,0.301406,-0.036424,-0.990449,0.332538,0.176509,0.526558,0.156569,-0.046043,-1.092254,0.326459,-0.113864,-1.330912,0.277150,-0.080862,-0.268739,-0.051859,-0.569562,0.285960,0.136456,-0.594242,-0.029269,0.371832,-0.341692,-0.245340,0.460697,-0.288481,1.098073,0.594483,-0.131823,-1.193206,0.558966,-0.530195,0.292706,0.502607,-0.815115,-0.082078,0.508336,-0.934486,1.381343,0.485886,-0.416577,1.464470,0.546068,-0.463074,-0.469409,0.622772,0.230125,0.196209,0.610939,-0.186186,0.316274,0.380866,-0.173430,-0.187358,0.494661,-0.755596,-0.046292,0.551164,0.074363,1.239040,0.193733,-0.043028,1.086235,0.498312,0.031036,0.002795,0.417911,-0.480762,0.148852,0.715423,-0.388187,-0.413503,0.487296,-0.524813,0.537184,0.723235,-0.164765,-0.552044,0.637189,-0.365983,0.232166,0.456904,-0.634859,-1.387416,0.721800,-0.782199,-1.100623,0.360736,-0.719460,-1.201776,0.498871,-0.694252,0.659023,0.777642,-0.364711,-0.258583,0.662017,-1.017473,-0.201757,0.408579,-0.761197,-1.699553,0.387542,0.142002,-1.041111,0.495293,-0.527040,-1.479466,0.484100,-0.794376,-0.330255,0.490846,-0.682064,-2.564027,0.491863,-0.863274,-2.295925,0.345486,-0.498666,0.291639,0.610820,-0.471719,0.778615,0.341883,-0.347278,0.606415,0.434747,-0.538042,-0.396551,0.853197,-0.460982,-2.179668,0.546963,-0.545172,0.372198,0.396166,-0.649745,0.629795,0.542527,-0.330128,1.256895,0.765616,-1.037604,-0.966127,0.539543,-0.531202,1.294263,0.430806,-0.911883,0.505031,0.343782,-0.847741,0.117886,0.618382,-0.285570,0.459512,0.725709,-0.558452,-0.448710
0.395062,-0.362809,-0.166823,0.018684,0.190936,-1.466176,0.526733,0.579900,0.329633,-2.089970,-1.080898,-1.929859,-2.278015,0.744690,-1.115409,1.249518,1.384124,0.951406,0.801973,0.804115,-1.497554,1.239934,1.224225,-0.511234,0.969358,1.215909,-1.882118,1.075639,1.207711,-2.390072,-1.414717,-1.414742,-1.335527,-0.000001,-0.000001,-0.000001,1.247941,1.717397,-1.730302,-1.131569,-1.131667,-1.102628,-0.000001,-0.000001,-0.000001,-0.276358,-0.359322,-0.099578,1.249805,-0.197644,0.793014,0.391090,1.109784,0.551634,1.271883,-0.370037,-0.936123,-0.000001,-0.000001,-0.000001,-0.000001,-0.000001,-0.000001,-0.000001,-0.000001,-0.000001,-0.000001,-0.000001,-0.000001,-0.000001,-0.000001,-0.000001,-0.000001,-0.000001,-0.000001,1.112979,0.711969,-0.408410,1.269755,1.227390,0.418702,1.292209,1.387613,1.278494,1.073490,1.417963,-1.471156,1.017744,0.577748,-0.734026,1.318567,1.484468,-0.062678,1.031814,1.539250,-0.108861,0.739954,1.206614,-0.623648,0.736029,2.352350,1.389848,1.293781,1.590435,-0.676455,0.694121,1.637663,-0.956905,0.487606,0.796557,-0.060632,0.108940,-0.533203,-2.151895,0.695304,2.209147,1.491730,0.407673,1.228776,0.007288,0.249129,0.958261,1.514883,0.031068,-0.053392,1.994009,0.730072,0.979013,-0.573032,0.200381,1.673467,-0.966669,0.000083,1.468625,-0.338541,0.046503,1.598937,-0.355585,-2.644404,1.018572,0.997389,-2.486296,0.669427,0.494860,-2.123757,0.800700,0.536936,-1.830220,1.391238,-0.742359,-1.422003,1.639134,-1.698871,-1.306069,1.563229,1.156083,-0.706894,1.283440,1.101905,-0.425519,0.758958,0.872522,-0.118916,0.337880,0.921988,-0.971904,1.711097,0.957563,-0.206405,1.474853,1.131687,0.619556,1.114388,1.916974,1.470941,0.979594,2.266282,-0.718980,1.639468,1.229747,-0.127575,1.720675,-0.316318,0.544375,1.605638,0.564181,1.414867,1.464639,0.830341,-0.584452,1.503776,0.284218,0.012974,1.309358,-0.639279,0.620806,1.340362,-1.677495,1.550392,1.191901,-1.979682,0.546212,0.775552,-0.109909,0.677870,0.375801,-1.803485,0.541032,0.288997,0.717483,0.679545,0.414614,1.615939,0.651620,0.505329,0.152688,0.646815,0.253240,-0.120777,0.731326,0.908844,-0.606850,0.657703,-0.550282,0.473196,0.730299,0.743467,-0.696717,0.714028,-0.810438,0.561672,0.927706,-0.189346,-1.162583,0.966234,-0.022914,-2.143677,1.006329,-0.774801,1.538449,0.776686,-1.414558,-0.989489,0.779902,-0.892083,-0.848374,0.914579,-0.974137,-1.752138,0.899503,-0.622673,-0.212891,0.301406,-0.036424,-1.025720,0.332538,0.176895,0.560643,0.156569,-0.046043,-1.068661,0.326459,-0.113864,-1.327329,0.581973,-0.080362,-0.279277,-0.051859,-0.569562,0.294168,0.135729,-0.593731,-0.025411,0.371498,-0.341094,-0.241976,0.460062,-0.288481,1.106124,0.593942,-0.131823,-1.198788,0.558966,-0.530195,0.287537,0.502607,-0.815115,-0.082047,0.508336,-0.934899,1.378204,0.485886,-0.417056,1.464796,0.545754,-0.463479,-0.472997,0.622772,0.229489,0.188623,0.610597,-0.186892,0.318238,0.380555,-0.173966,-0.183817,0.494345,-0.755995,-0.040091,0.551164,0.073994,1.241342,0.193733,-0.043028,1.085351,0.498312,0.031036,-0.009245,0.417630,-0.481261,0.145113,0.715423,-0.388187,-0.417549,0.487296,-0.524813,0.537026,0.722910,-0.165250,-0.549082,0.636513,-0.365983,0.231784,0.456336,-0.634859,-1.390005,0.721546,-0.782199,-1.099521,0.360199,-0.719460,-1.206156,0.498189,-0.694252,0.656542,0.777422,-0.365835,-0.256171,0.661746,-1.017861,-0.188162,0.408579,-0.762056,-1.715040,0.387226,0.140765,-1.042450,0.495293,-0.527514,-1.483083,0.483840,-0.794822,-0.330059,0.490606,-0.682608,-2.564066,0.491611,-0.864207,-2.288075,0.345486,-0.499781,0.284974,0.610820,-0.472557,0.778335,0.341883,-0.348169,0.577707,0.434747,-0.538642,-0.399703,0.853197,-0.461480,-2.168871,0.546673,-0.546011,0.370970,0.395851,-0.650615,0.614840,0.542527,-0.331113,1.258126,0.765339,-1.038049,-0.958325,0.539543,-0.532094,1.295641,0.430488,-0.912729,0.490686,0.343782,-0.848545,0.111083,0.618382,-0.285570,0.452826,0.725423,-0.558452,-0.447864
0.387975,-0.387246,-0.383919,0.010576,0.190936,-1.270500,0.526183,0.581182,0.003519,-2.091369,-1.079185,-1.942448,-2.276542,0.489110,-1.053275,0.749876,1.390323,0.729490,0.798443,1.666454,-1.230925,1.236469,1.231213,-0.633242,0.975664,1.858502,-1.079524,1.097759,1.861621,-2.450762,-1.414717,-1.414742,-1.335527,-0.000001,-0.000001,-0.000001,1.248693,1.728296,-1.362005,-1.131569,-1.131667,-1.102628,-0.000001,-0.000001,-0.000001,-0.290605,-0.393607,-0.188937,1.247704,-0.244702,0.318154,0.376248,1.062082,0.552334,1.268193,-0.550542,-1.237828,-0.000001,-0.000001,-0.000001,-0.000001,-0.000001,-0.000001,-0.000001,-0.000001,-0.000001,-0.000001,-0.000001,-0.000001,-0.000001,-0.000001,-0.000001,-0.000001,-0.000001,-0.000001,0.971108,0.262206,-0.333680,1.216774,0.992032,0.011090,1.492821,0.834147,1.042390,1.085995,2.152254,-1.821486,1.018034,1.523997,0.395881,1.211721,1.584366,-0.791219,0.970555,2.656410,0.379872,0.722459,2.097398,0.635171,0.567163,1.535379,0.547362,1.137851,1.676620,-1.310010,0.422709,1.491825,-0.683177,0.429412,0.000696,-1.411385,0.086216,-0.901349,-2.197796,0.698816,1.970529,1.031601,0.290679,1.175837,-0.275534,0.179285,1.158360,1.492415,0.243841,0.105684,1.728307,0.594861,0.670150,-1.190747,0.204203,1.067447,-1.457810,-0.061614,1.000375,-0.645769,-0.097589,0.973460,-0.696618,-2.642540,0.906522,1.156224,-2.539987,0.564497,0.527180,-2.206842,0.723343,0.664880,-1.856863,1.289566,-0.705294,-1.444528,1.553622,-1.618976,-1.443415,1.427291,1.342529,-0.895939,1.167352,1.062511,-0.567467,0.630496,1.032338,-0.222501,0.248279,1.067358,-1.005070,1.607570,0.968228,-0.333541,1.340495,1.051282,0.517137,0.942505,2.074281,1.343326,0.751180,2.173003,-0.749441,1.541860,1.254896,-0.124759,1.615306,-0.532612,0.547762,1.473782,-0.363208,1.353061,1.361213,-0.546722,-0.666536,1.430080,0.374667,0.066915,1.207384,-0.409483,0.680884,1.209226,-0.787419,1.553557,1.088044,-0.668664,0.536603,0.023029,0.209620,0.435498,-0.025408,-1.021689,0.531575,-0.174790,1.397992,0.670934,0.391703,1.506404,0.643144,0.490009,-0.240502,0.638089,0.233107,-0.202444,0.724256,0.239801,-1.162288,0.650353,-0.564359,0.888736,0.723796,-0.053525,-0.620353,0.708858,-1.276560,0.834407,0.924202,-0.213836,-1.231525,0.756749,-0.779036,-2.189595,1.004058,-0.793388,1.580789,0.774381,-1.435196,-0.545877,0.777503,-1.577983,-0.989128,0.697875,-1.013717,-1.923007,0.897592,-1.311618,-0.643283,0.290865,-0.504591,-0.849518,0.030803,-0.228165,0.867785,0.144942,-0.477871,-0.365292,0.315911,-0.550063,-0.871919,0.267584,-0.114605,-0.330153,-0.061124,-0.607662,0.183736,0.128233,-0.629297,0.261473,0.365350,-0.969363,-0.297063,0.455616,-0.333243,0.561448,0.850998,-0.175874,-0.727301,0.550363,-0.560157,-0.074002,0.494114,-1.209298,0.124578,0.499499,-0.958604,2.232595,0.476928,-0.442524,1.733295,0.536091,-0.881021,-0.323844,0.304013,-0.374899,-0.088076,0.601891,-0.218222,-0.020933,0.372571,-0.200331,-0.735897,0.486905,-1.167243,0.110308,0.281163,-0.310904,0.274656,0.181995,-0.530201,0.499671,0.488929,-0.434857,-0.945080,0.408399,-0.511937,-0.333845,0.706338,-0.424123,-0.373981,0.180062,-0.558194,1.263042,0.421696,-0.671436,-0.745192,0.629727,-0.892885,-0.376833,0.451502,-1.131520,-1.591663,0.717645,-1.249643,-0.753433,0.613578,-0.764169,-1.312483,0.491340,-0.737123,0.675440,0.554280,-0.387374,-0.906431,0.387885,-1.034549,0.487040,0.399839,-1.184484,-1.223189,0.379159,-0.492605,-0.908199,0.487539,-0.976632,-1.206248,0.477697,-1.251811,0.137538,0.485448,-1.195431,-2.350127,0.485698,-1.320711,-2.112708,0.338119,-0.520029,0.336966,0.326231,-0.487992,0.964500,0.333704,-0.364572,0.957104,0.426552,-0.561994,-0.402141,0.361469,-0.930492,-1.783571,0.538687,-0.563215,0.820084,0.387837,-0.668461,1.073833,0.534874,-0.834116,1.427506,0.759592,-1.492665,-0.510376,0.531878,-0.550387,1.587060,0.422385,-0.930077,0.916819,0.335426,-0.865023,0.769378,0.348259,-0.785165,0.630059,0.460764,-0.599065,-0.680401
0.379563,-0.434983,-1.217788,0.007078,2.394893,-1.232773,0.515622,0.585474,0.294303,-2.090962,-1.080211,-2.016462,-2.428499,0.486881,-1.223273,0.745525,1.393422,0.655953,0.350774,0.812764,-1.414676,1.239452,1.222473,-0.406487,0.988751,1.215909,0.181354,1.123980,1.203943,0.008434,0.752707,0.750669,0.526572,-0.000001,-0.000001,-0.000001,1.246444,1.020850,0.514946,-1.131569,-1.131667,-1.102628,-0.000001,-0.000001,-0.000001,-0.305555,-0.436444,-0.321552,-0.741567,-0.310762,-0.031973,0.368209,-0.889982,1.098562,-0.714964,-0.320899,-0.622499,-0.000001,-0.000001,-0.000001,-0.000001,-0.000001,-0.000001,-0.000001,-0.000001,-0.000001,-0.000001,-0.000001,-0.000001,-0.000001,-0.000001,-0.000001,-0.000001,-0.000001,-0.000001,1.002585,1.520818,0.162792,1.356821,2.124998,0.170383,1.570885,1.375392,-0.225907,1.144761,0.786226,-2.139239,1.064470,0.582403,0.336142,1.199060,1.480810,-0.551148,1.132483,1.551398,0.397328,0.825660,1.224097,-0.992336,0.810552,1.924781,0.331797,0.797018,1.586984,-1.908148,0.428029,1.279376,-0.670253,0.096460,0.809761,-1.122582,0.024498,-0.519383,-2.705757,0.765939,2.553524,-0.104510,0.330522,1.230984,-0.769703,0.178635,1.297566,2.045429,-0.171327,-0.383161,1.222268,0.412235,1.619114,-0.688789,0.051982,1.878429,-0.841691,-0.049179,1.470530,0.169920,-0.098069,1.318198,0.288613,-2.644484,0.878338,1.538154,-2.541945,0.538587,0.729164,-2.294420,0.608226,0.480103,-1.975904,1.172539,-0.735719,-1.545437,1.532289,-1.504920,-1.481642,1.299721,1.116201,-0.963157,1.060481,0.812252,-0.657440,0.604890,0.966159,-0.305235,0.145723,0.827580,-1.117187,1.464953,0.787895,-0.434632,1.189342,1.319071,0.301019,0.806159,2.279073,1.241027,0.640278,2.183701,-0.852414,1.473197,0.739113,-0.304195,1.589019,0.455868,0.378241,1.446972,1.316973,1.251306,1.288456,1.088152,-0.725346,1.319926,0.548665,-0.218886,1.204882,-1.480460,0.334627,1.110002,-2.422831,1.579534,1.038559,-2.423547,0.445347,-0.469734,0.464070,0.316704,-0.276826,0.102175,0.414656,-0.157288,1.686231,0.545621,-0.266318,1.167149,0.494173,-0.123677,-0.579153,0.438045,-0.208402,-0.210957,0.500044,0.247911,0.049459,0.323705,-0.620995,-0.556257,0.318968,-0.205001,-0.506287,0.458172,-1.330011,-0.758089,0.855568,-0.974733,0.315805,1.054894,-0.608152,-0.714211,0.672545,-1.012709,2.465448,0.828974,-1.959232,1.489063,0.576175,-3.451586,-1.033086,0.940821,-2.859155,-1.329561,0.407953,-2.786407,-2.853288,0.108583,-0.463848,0.449610,0.054386,-0.148723,-1.207357,0.106968,-0.361995,0.090542,0.505989,-0.433014,-0.397107,1.001193,-0.017873,-1.337028,0.335119,-0.493315,-2.057971,0.439906,-0.485502,-0.553683,0.268249,-0.214324,-0.859756,0.301428,-0.830522,-1.806089,0.419136,-0.764580,1.881785,0.325244,-1.514891,-0.649126,0.271888,-1.300013,0.430860,0.268249,-0.731684,1.828351,0.242531,-0.740767,1.985224,0.064658,-1.623964,0.729295,0.107991,-0.905971,-1.305494,0.064071,-0.815382,-1.713876,0.115856,-1.204127,-2.005536,0.193702,-1.116145,0.483592,0.282243,-0.733184,-0.292819,0.148378,-1.022621,-1.034985,0.413147,-0.905767,-1.307975,0.290801,-1.089091,-1.102484,0.632965,-0.549752,0.091142,0.146416,-0.149670,1.364733,0.410603,-1.226785,0.532138,0.255192,-1.906922,-0.132293,0.636420,-1.621914,-0.595227,0.604879,-1.305605,2.277753,0.784820,-0.207309,-0.761676,0.113345,-0.203147,-0.374684,0.465256,-1.143233,-0.317929,0.247367,-1.518981,0.715497,0.498049,-1.262994,-1.640546,0.730111,-0.641464,-1.958438,0.234189,-1.489942,-2.884984,0.730984,-1.371079,0.614076,0.690857,-1.399423,-1.199697,0.729542,-1.109635,-1.701084,0.375171,-0.819825,-0.749362,0.391811,-0.728268,-0.156151,0.425608,-0.619927,-0.468289,0.292566,-0.882719,-0.391329,0.726671,-1.117057,-1.903034,0.358672,-0.717874,0.068481,0.455360,-0.828893,-0.266750,0.284836,-1.009495,-0.316891,0.496708,-1.662553,-0.020932,0.281455,-0.714837,-0.235668,0.490661,-1.086036,-0.625106,0.429327,-1.013156,-0.472729,0.294939,-0.375785,1.411978,0.400624,-0.673027,0.938600
0.377345,-2.363486,-2.107941,-0.002661,2.390465,-1.180564,-0.368772,0.579900,0.125028,-2.089995,-1.077468,-1.993691,-2.430093,0.485645,-1.444719,0.746945,1.405802,0.495029,0.351744,0.800655,-1.520876,1.237720,1.227708,-0.571498,-0.231450,1.856014,-2.097561,-0.940695,1.850271,-2.639119,-1.414717,-1.414742,-1.335527,-0.000001,-0.000001,-0.000001,1.246333,1.722855,-1.243001,-1.131569,-1.131667,-1.102628,-0.000001,-0.000001,-0.000001,-0.312306,-0.454782,-0.391137,-0.753765,-0.378256,-0.675188,0.360481,-0.880283,0.497035,-0.729250,-1.289610,-1.184274,-0.000001,-0.000001,-0.000001,-0.000001,-0.000001,-0.000001,-0.000001,-0.000001,-0.000001,-0.000001,-0.000001,-0.000001,-0.000001,-0.000001,-0.000001,-0.000001,-0.000001,-0.000001,0.996560,1.110947,0.652316,1.348876,1.678191,0.315910,1.562189,1.395760,0.568011,1.308880,1.450390,-1.637985,1.059624,1.161531,0.757307,1.403922,1.506688,-0.198146,1.123297,1.600284,0.739093,1.021113,1.276475,-0.277233,0.802496,2.401980,0.731676,1.180671,1.214677,-1.166728,0.593061,0.572322,-0.438181,0.395494,0.339265,-1.131295,0.018406,-1.007192,-2.976258,0.762024,1.873842,0.969248,0.466529,0.992731,-0.273865,0.174505,0.650818,1.544185,-0.047301,-0.357137,1.671970,0.659275,1.200451,-0.533182,0.145407,1.482654,-1.138277,-0.051942,1.044151,-0.690376,-0.101119,1.052249,0.103921,-2.809056,0.867111,1.014856,-2.619181,0.535803,0.597665,-2.327756,0.587816,0.610416,-2.018881,1.150339,-0.561688,-1.681661,1.547852,-1.535290,-1.707076,1.349484,1.192087,-1.117755,1.118171,0.753408,-0.775156,0.613212,1.166527,-0.392965,0.155395,0.890951,-1.243984,1.459882,0.773649,-0.628955,1.138734,0.087539,0.185339,0.753940,1.330003,1.026942,0.507590,1.671447,-0.935880,1.442257,0.268807,-0.332914,0.776237,-1.065522,0.501927,0.329052,-0.960220,1.365037,0.073783,-1.471907,-0.767189,1.308619,0.100013,-0.089093,1.171934,0.751453,0.557316,1.099728,1.065732,1.330977,0.958915,1.459422,0.273431,-0.238965,0.023116,0.115999,-0.330420,-1.437535,0.254783,-0.565228,1.165491,0.408435,-0.116287,1.371625,0.367067,0.071639,-0.172086,0.530549,-0.399513,-0.295483,0.427613,0.125941,-0.251408,0.276287,-1.144956,-0.384156,0.322573,-0.235783,-0.357169,0.279382,-1.373065,-0.221005,0.942707,-0.350817,-0.263284,0.971404,-0.862242,-0.819219,0.609093,-1.264508,2.270359,0.770453,-1.859857,-0.418001,0.515878,-2.145257,-0.887105,0.901791,-1.576151,-1.531147,0.363410,-1.765267,-0.451709,-0.051848,-0.762230,0.107915,-0.113722,-0.438028,0.162066,-0.023038,-0.692688,-0.772505,0.131436,-0.767054,-0.954883,0.667673,-0.876842,-0.940695,-0.332400,-0.909733,-0.442976,-0.153833,-1.395114,-0.375977,0.400907,-1.279760,-0.700245,0.470573,-1.325735,-0.972022,0.592318,-1.206302,0.759080,0.326838,-1.317307,-0.463770,0.273461,-1.463149,0.360060,0.269886,-1.256673,2.460861,0.244190,-1.282929,2.096199,0.020570,-1.620654,0.760126,0.086663,-1.453830,-0.724827,0.065689,-1.417863,-0.897005,0.140053,-1.709310,-1.448771,0.241595,-1.503240,0.620172,0.146030,-0.551688,0.238091,0.018176,-0.822955,-0.035382,0.333333,-1.150608,-0.778490,0.230842,-0.839317,-0.563708,0.555688,-0.811821,0.223287,0.016105,-0.918320,1.453645,0.475533,-0.988096,0.207439,0.030451,-1.700264,-0.488861,0.480277,-1.891883,-1.766348,0.485632,-1.535426,0.752044,0.639697,-1.243545,-0.941527,0.212896,-1.196800,0.555127,0.416118,-1.454884,-0.385427,0.209393,-1.785274,1.088060,0.196186,-1.971094,-1.055253,0.454024,-1.682081,-1.828980,0.260486,-1.814767,-2.013059,0.782276,-1.677300,0.485741,0.757680,-1.203669,-1.401776,0.778922,-1.339530,-1.869717,0.403086,-1.075201,-0.434013,0.122800,-0.924372,0.045400,0.143130,-0.828337,-0.045304,0.256357,-1.180141,-0.280733,0.444289,-1.386387,-1.724020,0.344995,-0.975686,0.221417,0.178381,-1.096328,0.195225,0.310789,-1.315915,0.289998,0.304455,-1.496780,0.007534,0.307447,-0.988971,0.308775,0.210592,-1.346015,-0.180403,0.140709,-1.260090,-0.231903,0.196998,-1.089128,1.505744,0.493811,-1.647861,0.672336
