# Normalized Keypoints for sign: 윤보선길
1.521476,0.381471,0.872113,0.252020,-0.282327,-1.027527,-0.062787,0.010958,0.380776,-0.085754,-0.705409,1.325776,0.410747,-1.174792,0.841123,0.382895,1.375091,0.279801,-1.132569,0.880601,0.454820,0.636487,-0.333086,-0.465393,-0.424602,0.839619,1.334266,0.442404,0.819408,1.420519,0.442404,0.819408,-0.000001,0.442404,0.819408,-0.000001,-0.541422,0.433990,1.186405,-0.541422,0.433990,-0.000001,-0.541422,0.433990,-0.000001,0.911793,1.783964,0.699211,1.097668,0.373223,1.032243,1.014317,0.947759,-0.998592,1.051411,-0.182017,1.071826,-0.541440,0.434006,-0.000001,-0.541440,0.434006,-0.000001,-0.541422,0.434006,-0.000001,0.442404,0.819408,-0.000001,0.442409,0.819408,-0.000001,0.442404,0.819408,-0.000001,0.240164,0.547206,1.565226,0.668771,1.690636,1.319959,0.433487,0.941537,1.323758,-0.831706,0.902649,-0.504518,-0.634215,0.223540,0.693260,-0.117977,0.272783,-0.149920,-1.025228,-0.689986,-1.053554,-0.805007,-1.299206,-0.759537,-0.370193,0.161381,-0.728255,0.799238,0.166461,1.409612,-0.550223,-1.579398,-0.077234,-0.387231,-0.747008,-0.752885,0.485925,-0.976993,-0.614839,-0.210172,0.095121,0.823946,-0.473968,-0.884701,-0.497779,-0.208361,-1.384412,0.152661,-0.702319,-1.020362,0.171794,0.394647,-0.094383,-0.003880,0.047821,-0.748553,-0.762607,-0.347856,-1.101830,-0.783874,0.046325,-0.353698,-0.725009,0.309363,-0.951930,1.299183,0.695074,-1.078176,1.329504,0.805607,-1.258906,1.097964,1.016246,-1.606344,1.163651,0.934518,-1.860732,0.359558,0.597766,-1.330433,0.010815,0.583940,-1.958611,1.202726,0.482916,-1.997609,0.655157,0.217308,-1.788528,0.087514,0.138843,-1.356786,0.330112,-0.252881,-2.214792,0.963961,0.104520,-2.603436,1.602681,0.607055,-2.706930,1.645175,-0.238518,-1.471649,-0.039393,-0.779765,-2.213296,0.782596,-0.761526,-2.533429,2.060122,-0.489399,-2.649988,1.207024,-0.559846,-1.554128,0.709789,-1.146755,-2.014943,0.948372,-1.539263,-2.182271,1.461453,-1.913149,-2.234818,1.683421,0.997612,1.434112,-1.577160,1.219532,1.301692,-0.413737,0.884710,1.515553,-0.809506,1.143456,0.948151,1.415464,1.118347,0.964758,1.101206,0.992977,0.836531,-1.185334,1.272326,1.134798,1.793931,1.211029,0.887154,0.470532,1.247459,1.282590,-0.545537,0.948462,1.143078,1.914495,1.095418,0.693718,-0.560514,0.913013,1.141856,-0.163177,0.867345,1.061005,0.305117,0.839507,0.715106,1.318362,0.805884,0.474732,-0.061479,0.866677,0.787695,-0.920452,1.007282,0.988328,-0.524716,0.979634,1.530179,-0.359474,0.830572,1.484673,1.059418,0.720010,1.277284,1.024980,1.075938,1.219211,0.917893,1.254263,1.653743,-0.484264,0.643997,1.030778,-1.765340,0.664644,1.329381,-1.412388,0.599701,1.071929,-1.599170,0.572194,1.034950,-0.094610,0.595111,0.711471,1.973270,0.985474,1.395070,-0.902004,1.157727,0.966947,-0.684181,1.078256,0.902008,1.440554,0.928720,1.197250,1.776607,0.972043,1.211132,1.292376,0.843171,1.147787,-0.471042,0.801256,1.310909,-0.635748,0.821921,1.022643,1.095570,0.975989,1.281670,1.671616,0.984447,1.247181,1.071968,1.093279,0.935717,1.157236,1.031820,0.787167,0.411745,0.940111,1.283533,1.361612,0.997534,1.130991,0.062032,1.035895,0.825553,-0.006035,0.971970,0.970600,-0.593604,0.761036,0.474314,-0.220483,0.975987,0.471707,-0.662458,0.918226,0.589682,1.313159,0.910836,0.877852,-1.180349,0.852030,0.815105,-0.961824,1.025798,1.162165,0.800837,0.870652,0.993690,-0.586969,0.908108,1.324499,-0.985803,0.774556,1.037925,0.362566,0.717780,1.077266,-1.462840,1.174470,1.184340,0.163792,0.648753,1.234466,1.277285,1.173365,1.310864,0.112555,1.146746,1.186855,-0.341976,1.203029,1.303380,-0.967804,1.056983,0.921228,-0.439752,0.826845,1.119750,0.654910,1.112061,0.886843,0.069741,1.044007,1.223912,0.163096,0.900718,1.150755,0.354117,0.943281,1.153697,-0.808482,0.956775,1.237170,-0.071801,0.947216,1.150572,-0.673011,0.890387,1.145252,0.000983,1.070136,1.215146,0.197426,1.081684,0.841987,-0.479986,0.973029,1.195887,0.826236
1.521476,0.381471,0.872113,0.252020,-0.282327,-1.027527,-0.062787,0.010958,0.380776,-0.085754,-0.705409,1.325776,0.410747,-1.174792,0.841123,0.382895,1.375091,0.279801,-1.132569,0.880601,0.454820,0.636487,-0.333086,-0.465393,-0.424602,0.839619,1.334266,0.442404,0.819408,1.420519,0.442404,0.819408,-0.000001,0.442404,0.819408,-0.000001,-0.541422,0.433990,1.186405,-0.541422,0.433990,-0.000001,-0.541422,0.433990,-0.000001,0.911793,1.783964,0.699211,1.097668,0.373223,1.032243,1.014317,0.947759,-0.998592,1.051411,-0.182017,1.071826,-0.541440,0.434006,-0.000001,-0.541440,0.434006,-0.000001,-0.541422,0.434006,-0.000001,0.442404,0.819408,-0.000001,0.442409,0.819408,-0.000001,0.442404,0.819408,-0.000001,0.240164,0.547206,1.565226,0.668771,1.690636,1.319959,0.433487,0.941537,1.323758,-0.831706,0.902649,-0.504518,-0.634215,0.223540,0.693260,-0.117977,0.272783,-0.149920,-1.025228,-0.689986,-1.053554,-0.805007,-1.299206,-0.759537,-0.370193,0.161381,-0.728255,0.799238,0.166461,1.409612,-0.550223,-1.579398,-0.077234,-0.387231,-0.747008,-0.752885,0.485925,-0.976993,-0.614839,-0.210172,0.095121,0.823946,-0.473968,-0.884701,-0.497779,-0.208361,-1.384412,0.152661,-0.702319,-1.020362,0.171794,0.394647,-0.094383,-0.003880,0.047821,-0.748553,-0.762607,-0.347856,-1.101830,-0.783874,0.046325,-0.353698,-0.725009,0.309363,-0.951930,1.299183,0.695074,-1.078176,1.329504,0.805607,-1.258906,1.097964,1.016246,-1.606344,1.163651,0.934518,-1.860732,0.359558,0.597766,-1.330433,0.010815,0.583940,-1.958611,1.202726,0.482916,-1.997609,0.655157,0.217308,-1.788528,0.087514,0.138843,-1.356786,0.330112,-0.252881,-2.214792,0.963961,0.104520,-2.603436,1.602681,0.607055,-2.706930,1.645175,-0.238518,-1.471649,-0.039393,-0.779765,-2.213296,0.782596,-0.761526,-2.533429,2.060122,-0.489399,-2.649988,1.207024,-0.559846,-1.554128,0.709789,-1.146755,-2.014943,0.948372,-1.539263,-2.182271,1.461453,-1.913149,-2.234818,1.683421,0.997612,1.434112,-1.577160,1.219532,1.301692,-0.413737,0.884710,1.515553,-0.809506,1.143456,0.948151,1.415464,1.118347,0.964758,1.101206,0.992977,0.836531,-1.185334,1.272326,1.134798,1.793931,1.211029,0.887154,0.470532,1.247459,1.282590,-0.545537,0.948462,1.143078,1.914495,1.095418,0.693718,-0.560514,0.913013,1.141856,-0.163177,0.867345,1.061005,0.305117,0.839507,0.715106,1.318362,0.805884,0.474732,-0.061479,0.866677,0.787695,-0.920452,1.007282,0.988328,-0.524716,0.979634,1.530179,-0.359474,0.830572,1.484673,1.059418,0.720010,1.277284,1.024980,1.075938,1.219211,0.917893,1.254263,1.653743,-0.484264,0.643997,1.030778,-1.765340,0.664644,1.329381,-1.412388,0.599701,1.071929,-1.599170,0.572194,1.034950,-0.094610,0.595111,0.711471,1.973270,0.985474,1.395070,-0.902004,1.157727,0.966947,-0.684181,1.078256,0.902008,1.440554,0.928720,1.197250,1.776607,0.972043,1.211132,1.292376,0.843171,1.147787,-0.471042,0.801256,1.310909,-0.635748,0.821921,1.022643,1.095570,0.975989,1.281670,1.671616,0.984447,1.247181,1.071968,1.093279,0.935717,1.157236,1.031820,0.787167,0.411745,0.940111,1.283533,1.361612,0.997534,1.130991,0.062032,1.035895,0.825553,-0.006035,0.971970,0.970600,-0.593604,0.761036,0.474314,-0.220483,0.975987,0.471707,-0.662458,0.918226,0.589682,1.313159,0.910836,0.877852,-1.180349,0.852030,0.815105,-0.961824,1.025798,1.162165,0.800837,0.870652,0.993690,-0.586969,0.908108,1.324499,-0.985803,0.774556,1.037925,0.362566,0.717780,1.077266,-1.462840,1.174470,1.184340,0.163792,0.648753,1.234466,1.277285,1.173365,1.310864,0.112555,1.146746,1.186855,-0.341976,1.203029,1.303380,-0.967804,1.056983,0.921228,-0.439752,0.826845,1.119750,0.654910,1.112061,0.886843,0.069741,1.044007,1.223912,0.163096,0.900718,1.150755,0.354117,0.943281,1.153697,-0.808482,0.956775,1.237170,-0.071801,0.947216,1.150572,-0.673011,0.890387,1.145252,0.000983,1.070136,1.215146,0.197426,1.081684,0.841987,-0.479986,0.973029,1.195887,0.826236
1.527623,0.382872,0.992686,0.245017,0.794093,-0.979380,-0.066180,0.030244,0.347106,-0.085653,-0.704086,1.578459,0.409721,-1.173892,0.666176,0.377567,1.374193,-0.471807,-1.160993,-0.190603,0.602763,0.637778,-0.338801,-0.591517,-0.393905,0.838735,-0.257667,1.232099,0.820118,0.900850,1.232099,0.820118,-0.000001,1.232099,0.820118,-0.000001,0.973963,0.430124,-0.127982,0.973963,0.430124,-0.000001,0.973963,0.430124,-0.000001,0.915846,1.786318,0.803505,1.098846,0.380364,0.956560,1.017135,0.956669,-0.978416,1.053277,-0.188712,1.057842,0.973945,0.430140,-0.000001,0.973945,0.430140,-0.000001,0.973963,0.430140,-0.000001,1.232099,0.820118,-0.000001,1.232104,0.820118,-0.000001,1.232099,0.820118,-0.000001,0.149731,0.570648,1.664110,0.369025,1.498673,1.428847,0.059568,0.152138,1.301421,-0.785133,0.352844,-0.363321,-1.212532,-0.205281,-0.658364,-0.199807,-0.113078,-0.458795,-0.762033,-0.544866,-2.610345,-0.709369,-0.719939,-0.700161,-0.350977,0.327705,-0.035693,0.837136,0.403812,0.035853,0.186094,-1.568544,0.994039,0.718291,-0.782012,0.705842,1.072709,0.137437,1.482113,0.810751,0.337077,0.935278,0.379705,-0.012343,-0.870498,1.177317,-0.103368,0.339279,0.906521,1.805600,1.175679,0.485161,0.559320,1.131347,-0.462913,0.462846,0.651590,-0.083720,0.145841,-0.778149,0.294693,1.421073,-0.121822,0.282677,-0.942119,1.206013,0.694005,-1.035924,1.139362,0.787013,-1.219386,1.236463,0.995642,-1.548954,1.150291,0.914120,-1.845727,0.300771,0.494791,-1.299440,0.050037,0.501709,-1.922171,1.102715,0.441218,-1.958362,1.198503,0.155617,-1.762318,-0.023444,0.107873,-1.347285,0.393465,-0.289093,-2.203690,1.315712,0.034664,-2.602502,1.777784,0.521136,-2.687604,1.853553,-0.291081,-1.446215,-0.407156,-0.804883,-2.194164,0.408242,-0.816321,-2.523605,1.833042,-0.541065,-2.649196,1.277691,-0.580090,-1.521443,0.798632,-1.184117,-1.996998,0.786103,-1.600276,-2.164731,1.452834,-1.936139,-2.218337,1.947134,1.234667,1.664905,-1.527763,1.083505,0.985646,0.533453,0.942076,1.315851,-0.706920,1.009412,1.577889,2.184129,1.192411,1.650782,0.900208,1.089733,0.967004,-0.294061,1.189739,1.356483,1.756294,1.172068,1.116623,1.093115,1.254767,0.658124,0.270404,1.002845,1.319857,0.739104,1.200229,0.381118,0.064411,1.046418,0.849409,-0.441026,0.781828,1.074557,1.031964,0.991703,1.209481,1.869119,0.740456,0.857286,1.292919,0.802674,1.049025,-0.703481,0.944844,1.169415,-0.894094,0.824494,1.988063,-1.098616,0.691883,1.504644,0.407881,0.850661,1.276616,0.748604,0.999528,1.218558,0.920412,1.213104,1.315088,-0.457611,0.660897,1.489188,-1.659591,0.712642,1.325796,-1.307792,0.427135,1.057970,-1.516897,0.432013,1.034203,-0.131272,0.717922,0.748720,1.951777,0.974446,1.108852,-0.983210,1.148668,1.118227,-0.445072,1.069221,1.123091,1.995254,1.175565,1.042684,1.815622,0.938774,1.090710,1.292735,0.821973,1.001254,0.174084,0.794860,0.765470,-0.213788,0.831024,1.378629,1.195895,1.001537,1.180320,1.110949,1.109867,1.352091,0.891844,0.993947,0.692921,1.227212,1.192432,0.866023,0.635234,1.128137,1.394285,0.946167,1.159019,1.319281,0.541809,0.936191,1.014999,0.213111,1.010728,1.119910,-0.486477,0.813290,0.556877,0.349308,1.061042,0.554314,-0.664771,1.017912,0.738102,1.443730,0.994462,0.998598,-1.311574,0.683615,0.930107,-0.772617,1.211765,1.144982,2.269581,0.838241,0.945179,-0.142679,1.132214,0.949304,-1.665791,1.013487,1.361604,-0.288907,0.728736,0.670859,-1.337527,1.214360,1.143066,0.082646,0.708236,1.218462,0.857611,1.214548,0.987439,-0.584283,1.166632,1.198251,-0.086619,1.206458,1.320734,0.506389,1.042082,1.447166,0.021299,1.018010,1.523104,-0.047471,1.294426,1.401721,1.223429,1.277324,1.208167,-0.263333,1.147414,1.133821,-0.417501,0.958452,1.136393,-1.655764,1.010117,1.221532,-0.624706,0.962477,1.133410,-1.715334,1.136043,1.128185,-0.594397,1.056046,1.199541,-0.417717,0.994393,0.550539,-0.095494,1.041703,0.933036,0.229989
1.532996,0.367540,0.779348,0.242072,0.782062,-0.751366,-0.080249,0.016740,0.791196,-0.208686,-0.703124,2.264608,0.293291,-1.129433,0.380422,0.389724,1.370064,0.112775,-1.144532,-0.182226,0.549656,0.637778,-0.395883,0.305514,-0.451988,0.832546,0.459593,0.444399,0.814437,0.763297,0.444399,0.814437,-0.000001,0.444399,0.814437,-0.000001,-0.575189,0.424948,0.112454,-0.575189,0.424948,-0.000001,-0.575189,0.424948,-0.000001,0.920969,1.779258,0.684952,1.098846,0.374043,0.905438,1.021103,0.966420,-1.127118,1.053689,-0.217055,0.930003,-0.575207,0.424963,-0.000001,-0.575207,0.424963,-0.000001,-0.575189,0.424963,-0.000001,0.444399,0.814437,-0.000001,0.444404,0.814437,-0.000001,0.444399,0.814437,-0.000001,0.146489,0.544598,1.211674,0.371530,1.457544,1.040213,0.064966,0.543510,0.736758,-0.778633,0.774370,0.047164,-0.597953,-0.293020,0.396312,-0.202741,0.448600,-0.047464,-0.760354,-0.627083,-0.520681,-0.704730,-0.258986,0.419236,-0.346418,0.308201,0.498611,0.830746,0.758297,1.308728,0.184142,-1.156487,0.700402,0.719316,-0.838001,-0.154990,-0.198992,0.089707,-0.128684,0.803451,0.778749,1.502983,0.830623,-1.023403,-0.451287,1.177028,-0.631733,0.854620,-0.486186,-0.309945,1.110506,0.478783,0.506718,1.042607,0.267584,-0.058362,-0.352889,0.652156,-0.599524,-0.473747,0.295010,0.327679,-0.483423,0.229107,-0.910005,1.235202,0.616652,-1.025146,1.248758,0.708304,-1.239251,1.132127,0.900233,-1.562891,1.326643,0.857250,-1.823688,0.423899,0.417493,-1.305489,-0.041390,0.403668,-1.897507,0.878827,0.372543,-1.959132,0.757991,0.158398,-1.766688,0.175131,0.002880,-1.341745,0.086072,-0.421700,-2.186201,0.714552,-0.105136,-2.589618,1.641551,0.424567,-2.681127,1.340352,-0.371236,-1.440295,-0.486544,-0.904711,-2.186503,0.023635,-0.932044,-2.510900,1.535740,-0.703897,-2.558025,0.769372,-0.630600,-1.523956,0.652074,-1.280338,-1.976281,0.541080,-1.701867,-2.149181,1.432060,-2.022227,-2.200396,1.924220,1.238764,1.652050,-1.301361,1.087255,0.971621,0.974841,0.946352,1.298572,-0.721377,1.013112,1.558123,2.182830,1.195978,1.631247,0.741377,1.093113,0.385606,-0.395987,1.192831,1.333769,1.536449,1.174483,1.096251,1.035446,1.256542,0.643691,0.236094,1.003934,1.303853,0.742147,1.200463,0.366217,0.140949,1.045974,0.475536,-0.189542,0.781228,1.058602,0.802832,0.990892,1.193787,1.813676,0.739724,0.843641,0.705621,0.801917,1.037515,-0.837988,0.943852,1.158072,-0.984870,0.829030,1.589383,-1.661652,0.930239,1.176784,-0.400414,0.854532,1.271935,0.349435,1.253253,1.213988,1.005455,1.215789,1.310353,-0.378600,0.908323,1.034704,-1.373367,0.713728,0.982891,-1.376634,0.682932,1.052849,-1.498625,0.687415,1.028979,-0.132609,0.717520,0.740751,2.024891,1.237630,1.102551,-0.909134,1.150767,0.666297,-0.187864,1.071314,1.113167,1.995254,1.177821,1.034605,1.650642,0.940990,1.080940,1.150368,0.824045,0.988576,0.374792,0.796998,0.754850,0.019199,0.832753,1.366185,1.216716,1.003105,1.172012,1.028230,1.113706,1.014618,0.828265,0.997378,0.687435,1.327113,1.195281,0.860812,0.644702,1.130925,1.038020,0.868339,1.161884,1.309041,0.674571,0.939634,1.004696,0.461525,1.012046,1.110556,-0.422292,0.814086,0.550491,0.564175,1.061481,0.145580,-0.475935,1.018130,0.728295,1.525581,0.994894,0.991129,-1.285795,0.684382,0.922993,-0.748534,1.214523,1.129277,2.477226,0.840400,0.930681,-0.108569,1.134332,0.940130,-1.832416,0.773915,1.351683,-0.365123,0.730448,0.661402,-1.382776,1.215762,1.132068,0.034032,0.709143,1.208815,0.600259,1.215950,0.977674,-0.661508,1.168213,1.184834,-0.173721,1.208532,1.305201,0.525958,1.044342,0.918983,-0.051522,1.020386,1.114857,-0.146537,1.296764,1.386627,1.157614,1.279511,1.198677,-0.584114,0.902022,1.123613,-0.529416,0.960206,1.127013,-1.782738,1.011324,1.212106,-0.853110,0.964242,1.124107,-1.892854,0.891686,1.117898,-0.730748,1.058183,1.190135,-0.672946,0.997661,0.543779,-0.001588,1.042361,0.927151,0.024543
1.532245,0.366181,0.649424,0.226053,-0.289207,-0.326561,-0.081096,0.019638,0.708268,-0.211319,-0.704567,1.621947,0.292755,-1.221031,0.360111,0.388223,1.362715,-0.199810,-1.170870,-0.186414,0.642754,0.627427,-0.355877,0.556141,-0.397751,0.836966,0.136937,0.450230,0.817277,0.858125,0.450230,0.817277,-0.000001,0.450230,0.817277,-0.000001,0.981667,0.435284,0.542923,0.981667,0.435284,-0.000001,0.981667,0.435284,-0.000001,0.921232,-0.454114,0.650518,1.099639,0.369266,0.859410,1.019950,0.928702,-1.018218,1.053480,-0.223750,0.821231,0.981649,0.435300,-0.000001,0.981649,0.435300,-0.000001,0.981667,0.435300,-0.000001,0.450230,0.817277,-0.000001,0.450234,0.817277,-0.000001,0.450230,0.817277,-0.000001,0.140821,0.562824,0.922849,0.362396,1.484950,1.018702,0.054876,0.135438,1.072681,-0.789723,0.330830,-0.195312,-0.611913,-0.239366,0.298037,-0.207869,0.469142,-0.646412,-0.769238,-0.573866,-0.331454,-0.714357,-0.214120,0.158099,-0.353615,0.320817,0.190013,0.271962,0.385300,-0.033539,0.179311,-1.590252,0.041820,0.266220,-0.802997,-0.694873,0.218289,-0.709502,-0.701576,0.325804,0.314012,0.518196,0.371674,-0.986911,-0.893217,0.787404,-0.595554,-0.015147,-0.493674,-0.787507,0.031053,0.476651,0.540563,0.887719,0.509464,-0.026022,-0.622927,0.279135,-0.575228,-1.052014,0.288863,-0.151703,-1.007590,0.215896,-0.976521,1.089057,0.615197,-1.048503,1.351789,0.676628,-1.278904,1.197010,0.862340,-1.593964,1.204506,0.821731,-1.856986,0.472250,0.349634,-1.356185,0.935550,0.330310,-1.937960,1.229751,0.283361,-1.972863,1.581447,0.040033,-1.798355,0.287577,-0.014658,-1.372341,0.882003,-0.456721,-2.213541,1.343230,-0.191254,-2.607809,1.736209,0.372031,-2.696455,2.170250,-0.383689,-1.470600,0.021352,-0.986747,-2.194702,0.841551,-1.015394,-2.520483,2.321527,-0.698531,-2.609023,1.797936,-0.660181,-1.520265,0.705227,-1.283921,-1.985216,0.637730,-1.734557,-2.165530,1.538607,-2.064957,-2.214612,1.946637,1.005973,0.939391,-1.436585,1.227190,0.822655,-0.706751,0.893246,1.002142,-0.881655,1.150843,0.425893,1.072319,1.124969,1.114714,1.085482,1.198946,0.964501,-1.528538,1.276863,0.638502,2.024764,1.212836,0.451014,0.345307,1.246792,1.368963,0.013712,0.944983,0.800856,2.074028,1.088997,0.793057,-0.667048,0.904938,1.225152,0.512428,0.858663,0.648074,-0.241876,1.056923,0.863495,0.263706,0.797520,0.630585,-1.630002,1.073042,0.942399,-1.134434,0.997570,0.509398,-0.305126,0.988285,2.033409,0.360201,0.838197,1.259257,1.535043,0.726255,1.013711,1.152607,1.328550,0.961887,1.032066,1.256265,1.404646,0.193034,0.642702,1.164065,-1.702671,0.661631,1.094612,-1.071108,0.847836,1.197056,-1.452420,0.818366,0.740764,0.680445,0.810261,0.889789,1.321917,0.985942,1.130018,-0.676703,1.157973,1.090866,-0.546592,1.078502,0.550358,1.160962,0.928959,0.930803,1.791232,0.973652,0.910269,0.779322,0.844211,0.771067,-0.970220,0.801482,0.995011,-0.839623,0.821057,0.653345,0.801692,0.974202,1.035115,1.831143,0.990833,1.011396,1.617043,1.098857,0.703353,1.283061,1.264694,0.566766,0.602856,1.183798,1.034618,1.546970,1.231675,0.718192,-0.009424,1.041494,0.989240,-0.391290,0.969350,1.128263,-0.863340,0.757613,0.589819,-0.585197,0.970912,0.188477,-0.818813,0.912251,0.756750,1.399679,1.149583,1.418047,-0.763625,0.848730,1.329598,-0.191626,1.028547,0.745259,0.743605,0.872219,1.120595,-1.135369,0.908745,1.074754,-0.664067,0.774556,0.766825,0.407548,0.716923,1.166308,-1.022518,1.171877,0.883790,0.196697,0.903196,0.978667,1.205313,1.170582,1.065696,0.302714,1.145395,0.839594,-0.338094,1.202561,0.913860,-0.935285,1.057663,0.535469,-0.472805,0.828418,0.821927,0.416768,1.333899,0.486609,0.043647,1.044665,0.972257,0.234553,0.900505,0.880091,0.439014,0.942180,1.232617,-0.740918,0.953427,0.987227,0.032912,0.697176,1.228845,-0.628799,0.890175,0.872471,0.065016,1.070779,0.965731,0.241050,1.086480,0.955941,-0.597256,0.968790,0.947002,1.384022
1.536468,0.379390,0.783284,0.228807,-0.288342,-0.480275,-0.084489,0.019873,0.734128,-0.210788,-0.705409,1.359603,0.169960,-1.266011,0.057152,0.386447,1.357327,-0.217032,-1.171297,-0.186414,0.507393,0.661508,-0.378737,-0.026383,-0.393370,0.831662,-1.229947,1.230104,0.815147,-0.195408,1.230104,0.815147,-0.000001,1.230104,0.815147,-0.000001,0.972787,0.421065,-1.200670,0.972787,0.421065,-0.000001,0.972787,0.421065,-0.000001,0.925021,1.778311,0.848349,1.100432,0.371631,0.878262,1.026486,0.944913,-0.914498,1.053796,-0.226186,0.902627,0.972769,0.421081,-0.000001,0.972769,0.421081,-0.000001,0.972787,0.421081,-0.000001,1.230104,0.815147,-0.000001,1.230109,0.815147,-0.000001,1.230104,0.815147,-0.000001,0.712550,0.552391,0.839345,0.407588,1.022239,0.973341,0.565602,0.118697,0.118385,-0.249573,0.312530,0.059848,-0.559365,-0.263754,0.061844,-0.168611,0.160904,-0.252339,0.379594,0.030948,0.084333,-0.674390,-0.238620,-0.064918,-0.326484,0.315090,-0.291363,0.316640,0.770601,0.365118,0.634857,-0.668540,1.245594,1.642291,-0.820520,0.775330,1.952895,0.105604,0.952140,0.839192,0.794079,0.436313,1.318201,-0.527007,0.140163,1.972210,-0.143213,0.298310,1.404025,1.766140,0.691437,0.508244,0.521760,1.263379,1.261700,-0.044013,0.066112,1.783407,-0.234951,-0.917432,1.167670,0.862480,-1.814554,0.210910,-1.280175,1.119319,0.632102,-1.296654,1.207789,0.609745,-1.565020,1.103379,0.756156,-1.740347,1.111910,0.634730,-2.031386,0.231780,0.403174,-1.769408,0.556306,0.084917,-2.288536,0.757304,-0.083858,-2.297643,1.307116,-0.243795,-2.147947,0.413903,-0.071699,-1.651599,0.486720,-0.561125,-2.338682,0.573949,-0.298058,-2.516512,1.845306,0.388709,-2.444695,2.204183,-0.464576,-1.489451,0.075579,-0.988298,-2.222494,1.209195,-1.073135,-2.416560,2.456202,-0.482139,-2.323024,2.131517,-0.668549,-1.554461,0.666993,-1.144671,-2.022140,0.675667,-1.406426,-2.187995,1.681149,-1.381132,-2.246142,1.882759,1.004786,1.423101,-1.158394,1.226380,0.629286,0.276866,0.892324,0.801839,-0.254170,1.150321,0.924010,1.652369,1.124630,0.939030,1.014132,0.998846,0.253154,-0.933733,1.278115,1.103571,2.108128,1.215268,0.858334,0.920216,1.250549,1.261815,-0.542752,0.949993,1.120849,1.982320,1.095418,0.672959,-0.475753,1.157533,1.126189,0.055129,1.092616,1.039732,0.035254,1.064172,0.695755,1.034920,0.804065,0.458974,-0.660405,1.080129,0.776674,-0.695640,1.005104,0.978803,-0.041870,0.987673,1.526025,-0.936147,0.837995,1.482397,0.509548,0.726684,1.275265,0.849757,1.081680,1.217239,0.826317,1.258959,1.296483,-0.422675,0.890339,1.028010,-1.346186,0.908521,1.327582,-1.027384,0.853466,1.070093,-1.222950,0.824886,1.032695,0.363775,0.816586,0.707227,1.484814,1.248218,1.017835,-0.850147,1.161462,0.959916,-0.383386,1.081982,0.892101,1.731766,0.932343,0.824395,1.543559,0.976081,1.199566,1.373409,0.846917,0.624093,-0.244861,0.804689,0.872280,-0.405840,0.824735,1.008447,1.272207,0.978451,1.272192,1.555467,0.991257,1.241926,0.917099,1.099721,0.605557,1.186808,1.266127,0.783052,0.726264,1.185941,1.277986,1.224183,1.233116,1.121791,0.490675,1.042362,0.816297,0.134443,0.973948,0.962746,-0.627304,0.762259,0.469701,-0.188777,0.976642,0.467092,-0.487666,0.918226,0.581937,1.567190,1.155216,0.871509,-1.004913,0.853209,1.209613,-0.725418,1.268937,0.589134,2.057310,0.874585,0.976019,-0.791199,1.149780,1.313230,-1.107385,1.017322,1.025393,0.104613,0.962343,1.065265,-1.692165,1.176832,1.170447,0.275560,0.908485,1.222095,1.038925,1.175467,1.298500,0.168458,1.149458,1.168965,-0.178608,1.206233,0.769601,-0.572684,1.060823,0.901355,-0.152105,1.052736,1.104730,0.394298,1.336253,0.867487,0.864164,1.293484,1.211741,0.176559,0.903993,1.137665,0.191804,0.946136,1.142353,-1.060223,0.958683,1.225082,-0.177670,0.950088,1.139322,-0.956313,1.138005,1.132059,-0.120628,1.073768,1.203083,0.172597,1.087803,0.836311,-0.464330,0.974102,1.191240,0.688450
1.544539,0.389116,0.641469,0.216285,0.782494,-0.435534,-0.700564,0.022286,0.927737,-0.347669,-0.829397,-0.827426,0.172478,-1.359258,1.051776,1.090695,1.369166,0.965386,-1.160591,-0.186414,0.413490,0.667988,-0.384453,0.262142,-0.435001,0.377667,-0.414063,-0.344533,0.812315,0.335924,-0.344533,0.812315,-0.000001,-0.344533,0.812315,-0.000001,-0.536973,-0.240859,-1.231463,-0.536973,-0.240859,-0.000001,-0.536973,-0.240859,-0.000001,0.936074,-0.452708,0.697682,1.108698,0.371631,0.785450,1.687726,0.901528,-0.817194,1.050063,-0.217352,0.870067,-0.536991,-0.240843,-0.000001,-0.536991,-0.240843,-0.000001,-0.536973,-0.240843,-0.000001,-0.344533,0.812315,-0.000001,-0.344528,0.812315,-0.000001,-0.344533,0.812315,-0.000001,0.717004,0.888527,1.460619,0.412977,1.018808,0.944926,0.099994,-0.319469,0.739532,-0.244238,-0.171323,0.103673,-0.552867,-0.273510,-0.332348,-0.164580,0.156333,-1.329341,0.384656,-0.607769,-0.536289,0.260210,0.287615,-0.121722,-0.323362,0.461896,0.233410,0.321315,-0.036989,-1.125048,1.059720,-1.145677,1.816343,1.646388,-0.827529,0.838089,1.532370,0.513176,0.342226,0.842841,0.290993,0.097168,1.322036,-0.534314,-0.688265,1.591443,-0.146835,0.632875,1.408313,1.758239,1.209279,0.511599,0.514239,0.832944,1.019638,-0.514891,-0.841535,1.418309,-0.240358,-1.571012,1.171564,1.373536,-1.770590,0.123462,-1.166358,1.093908,0.451762,-1.216281,0.723655,0.563768,-1.518749,0.980969,0.624620,-1.850330,1.090982,0.547193,-2.059844,0.463165,0.293818,-1.760914,0.846303,-0.237579,-2.426287,-0.178474,-0.230197,-2.415805,0.783357,-0.326163,-1.970941,0.181226,-0.527028,-1.644859,0.821120,-1.347905,-2.235663,0.284535,-0.998924,-2.190440,-0.326272,-0.679477,-1.787511,0.417523,-0.662421,-1.576051,-0.058087,-1.181551,-2.221305,-0.023062,-1.111269,-2.161019,0.186246,-1.044669,-1.906900,-0.897928,-0.860483,-1.580361,0.501095,-1.184163,-1.837588,0.929217,-1.204767,-2.004615,0.980688,-0.959508,-1.893600,1.561385,0.973210,0.779001,-0.658020,1.195388,0.660234,0.280597,1.065716,0.822178,0.150844,1.313563,0.932057,1.276021,1.281427,0.935660,0.418344,0.961139,0.242255,-0.495222,1.230621,1.084234,1.178841,1.391911,0.838003,0.435729,1.190760,0.849952,-0.617124,1.131413,1.105258,2.343996,1.282102,1.101391,-0.925131,1.086589,1.479302,0.019307,1.025250,1.039732,0.099329,0.996126,0.706218,1.145218,0.946923,0.479942,-0.070393,1.014597,0.806234,-0.746880,1.159921,1.025850,-0.252944,1.178659,0.778812,-0.386835,1.027857,1.190474,0.081655,1.163825,1.311493,0.798143,1.278214,1.252608,0.717380,1.203037,1.328637,-0.721677,1.318032,1.069531,-1.211304,1.088478,1.359851,-0.917816,1.038619,1.110821,-1.234572,1.006937,1.073132,0.544212,0.974583,1.359210,1.340970,1.187473,1.045625,-0.985427,1.361549,0.987659,-0.513013,1.281550,0.917965,1.734165,1.126420,0.839605,1.678005,0.925463,1.211500,1.669028,1.027080,1.147787,0.131545,0.988361,0.884024,-0.243981,1.009646,1.023094,1.473714,1.168244,1.282261,1.532186,1.184617,0.935139,0.562793,1.292798,0.628988,1.389619,1.218292,0.805304,0.459395,1.133704,1.300829,1.096558,1.415064,1.159674,0.366075,1.236163,0.854412,0.717580,1.158096,1.001537,-0.553791,0.930283,0.499831,0.132858,1.157556,0.497238,-0.617828,1.091976,1.205189,1.404780,1.089354,0.900288,-1.231128,1.015198,1.237023,-0.732650,1.217272,0.592051,1.657098,1.046103,0.981442,-0.134677,1.094550,1.317396,-1.068442,0.960503,1.029910,0.418490,0.903727,1.070327,-1.328980,1.375301,1.175078,-0.182217,0.841415,1.224205,1.310075,1.371139,1.298781,-0.154047,1.087329,1.168965,-0.444514,1.144690,0.769601,-0.944048,1.001898,0.901355,-0.252417,1.003015,1.104730,0.887603,1.287387,0.870290,0.523052,1.236470,1.213818,-0.031068,1.090921,1.139898,0.293780,0.885865,1.144617,-0.873301,0.889797,1.227144,-0.182654,0.889458,1.141567,-0.677070,1.079788,1.134310,-0.090738,1.018047,1.205141,0.134837,1.282907,0.464984,-0.223175,1.149931,0.867247,0.608512
1.544539,0.389116,0.641469,0.216285,0.782494,-0.435534,-0.700564,0.022286,0.927737,-0.347669,-0.829397,-0.827426,0.172478,-1.359258,1.051776,1.090695,1.369166,0.965386,-1.160591,-0.186414,0.413490,0.667988,-0.384453,0.262142,-0.435001,0.377667,-0.414063,-0.344533,0.812315,0.335924,-0.344533,0.812315,-0.000001,-0.344533,0.812315,-0.000001,-0.536973,-0.240859,-1.231463,-0.536973,-0.240859,-0.000001,-0.536973,-0.240859,-0.000001,0.936074,-0.452708,0.697682,1.108698,0.371631,0.785450,1.687726,0.901528,-0.817194,1.050063,-0.217352,0.870067,-0.536991,-0.240843,-0.000001,-0.536991,-0.240843,-0.000001,-0.536973,-0.240843,-0.000001,-0.344533,0.812315,-0.000001,-0.344528,0.812315,-0.000001,-0.344533,0.812315,-0.000001,0.717004,0.888527,1.460619,0.412977,1.018808,0.944926,0.099994,-0.319469,0.739532,-0.244238,-0.171323,0.103673,-0.552867,-0.273510,-0.332348,-0.164580,0.156333,-1.329341,0.384656,-0.607769,-0.536289,0.260210,0.287615,-0.121722,-0.323362,0.461896,0.233410,0.321315,-0.036989,-1.125048,1.059720,-1.145677,1.816343,1.646388,-0.827529,0.838089,1.532370,0.513176,0.342226,0.842841,0.290993,0.097168,1.322036,-0.534314,-0.688265,1.591443,-0.146835,0.632875,1.408313,1.758239,1.209279,0.511599,0.514239,0.832944,1.019638,-0.514891,-0.841535,1.418309,-0.240358,-1.571012,1.171564,1.373536,-1.770590,0.123462,-1.166358,1.093908,0.451762,-1.216281,0.723655,0.563768,-1.518749,0.980969,0.624620,-1.850330,1.090982,0.547193,-2.059844,0.463165,0.293818,-1.760914,0.846303,-0.237579,-2.426287,-0.178474,-0.230197,-2.415805,0.783357,-0.326163,-1.970941,0.181226,-0.527028,-1.644859,0.821120,-1.347905,-2.235663,0.284535,-0.998924,-2.190440,-0.326272,-0.679477,-1.787511,0.417523,-0.662421,-1.576051,-0.058087,-1.181551,-2.221305,-0.023062,-1.111269,-2.161019,0.186246,-1.044669,-1.906900,-0.897928,-0.860483,-1.580361,0.501095,-1.184163,-1.837588,0.929217,-1.204767,-2.004615,0.980688,-0.959508,-1.893600,1.561385,0.973210,0.779001,-0.658020,1.195388,0.660234,0.280597,1.065716,0.822178,0.150844,1.313563,0.932057,1.276021,1.281427,0.935660,0.418344,0.961139,0.242255,-0.495222,1.230621,1.084234,1.178841,1.391911,0.838003,0.435729,1.190760,0.849952,-0.617124,1.131413,1.105258,2.343996,1.282102,1.101391,-0.925131,1.086589,1.479302,0.019307,1.025250,1.039732,0.099329,0.996126,0.706218,1.145218,0.946923,0.479942,-0.070393,1.014597,0.806234,-0.746880,1.159921,1.025850,-0.252944,1.178659,0.778812,-0.386835,1.027857,1.190474,0.081655,1.163825,1.311493,0.798143,1.278214,1.252608,0.717380,1.203037,1.328637,-0.721677,1.318032,1.069531,-1.211304,1.088478,1.359851,-0.917816,1.038619,1.110821,-1.234572,1.006937,1.073132,0.544212,0.974583,1.359210,1.340970,1.187473,1.045625,-0.985427,1.361549,0.987659,-0.513013,1.281550,0.917965,1.734165,1.126420,0.839605,1.678005,0.925463,1.211500,1.669028,1.027080,1.147787,0.131545,0.988361,0.884024,-0.243981,1.009646,1.023094,1.473714,1.168244,1.282261,1.532186,1.184617,0.935139,0.562793,1.292798,0.628988,1.389619,1.218292,0.805304,0.459395,1.133704,1.300829,1.096558,1.415064,1.159674,0.366075,1.236163,0.854412,0.717580,1.158096,1.001537,-0.553791,0.930283,0.499831,0.132858,1.157556,0.497238,-0.617828,1.091976,1.205189,1.404780,1.089354,0.900288,-1.231128,1.015198,1.237023,-0.732650,1.217272,0.592051,1.657098,1.046103,0.981442,-0.134677,1.094550,1.317396,-1.068442,0.960503,1.029910,0.418490,0.903727,1.070327,-1.328980,1.375301,1.175078,-0.182217,0.841415,1.224205,1.310075,1.371139,1.298781,-0.154047,1.087329,1.168965,-0.444514,1.144690,0.769601,-0.944048,1.001898,0.901355,-0.252417,1.003015,1.104730,0.887603,1.287387,0.870290,0.523052,1.236470,1.213818,-0.031068,1.090921,1.139898,0.293780,0.885865,1.144617,-0.873301,0.889797,1.227144,-0.182654,0.889458,1.141567,-0.677070,1.079788,1.134310,-0.090738,1.018047,1.205141,0.134837,1.282907,0.464984,-0.223175,1.149931,0.867247,0.608512
1.543389,0.384274,0.476638,-0.699231,-0.302942,0.281772,-0.717175,0.001558,1.180111,-0.610368,-1.078686,-0.981856,0.167933,-1.451403,0.119676,0.388490,0.464766,-0.129560,-1.158932,0.893167,0.329752,0.658480,-0.355877,0.290724,-0.420221,0.833430,-0.404078,0.430125,0.815147,-0.077630,0.430125,0.815147,-0.000001,0.430125,0.815147,-0.000001,0.969224,0.424948,-0.618347,0.969224,0.424948,-0.000001,0.969224,0.424948,-0.000001,0.940406,-0.456467,0.717216,1.109083,0.376408,0.514232,1.679399,0.905587,-0.734521,1.051202,-0.222839,0.804411,0.969206,0.424963,-0.000001,0.969206,0.424963,-0.000001,0.969224,0.424963,-0.000001,0.430125,0.815147,-0.000001,0.430129,0.815147,-0.000001,0.430125,0.815147,-0.000001,0.798107,0.534166,0.967500,0.711888,0.353883,0.794401,0.473207,0.058511,1.332020,-0.299199,0.400496,0.907430,-0.580759,-0.453806,0.480598,-0.083489,0.252241,-0.770156,0.645734,-0.738419,-0.527206,0.149217,-0.817886,-1.093685,0.273172,0.001945,-0.814463,0.836279,0.138730,0.099412,1.137593,-0.686630,1.645112,1.843317,-1.230139,0.957979,1.774259,-0.598067,0.918699,0.755693,0.064367,0.355374,1.795640,-1.855615,-0.587142,2.089910,-0.953805,0.863538,1.620877,0.968854,0.900247,0.809282,-0.124422,0.379831,1.506198,-1.704745,-1.150429,1.854974,-0.780476,-1.439752,1.324060,0.121670,-2.043827,0.176021,-1.309920,0.387445,0.394058,-1.354952,0.220192,0.426759,-1.617542,0.752608,0.523599,-1.919992,0.997087,0.505311,-2.090257,0.416997,0.019078,-1.567351,-2.086210,-0.074890,-2.410021,-1.827451,-0.240636,-2.315192,-0.220073,-0.511185,-2.023448,0.016707,-0.303764,-1.564164,-2.175033,-0.801969,-2.171883,-3.083271,-0.394055,-1.912032,-1.060208,-0.095124,-1.548630,0.398513,-0.735251,-1.668022,-2.257428,-0.903573,-2.040406,-2.857796,-0.896802,-1.848696,-1.184664,-0.573279,-1.354070,0.108366,-0.982006,-1.554383,-1.652637,-1.045510,-1.871964,0.025804,-1.058176,-1.776303,-0.313063,-0.844823,-1.540027,-0.644448,0.985154,0.551820,-1.012626,1.199304,0.967533,-0.430355,1.066834,0.323539,-0.187596,1.303362,0.296736,0.992802,1.260704,0.866306,0.721770,1.119978,0.653012,-1.545319,1.375362,0.208778,1.379574,1.263930,0.591112,0.079229,1.248774,1.451146,0.716827,1.138592,0.914411,2.291344,1.241749,1.389316,-0.044422,1.014099,1.396292,1.510944,1.162788,0.470957,-0.807376,0.899698,0.789832,-0.074900,1.059246,0.679376,-2.010039,1.341491,0.542867,0.335695,1.052281,0.178783,1.269068,1.164852,1.106572,-0.897836,0.997106,1.173359,0.170472,1.098176,1.312817,0.668860,1.172440,1.253901,0.508246,1.310640,1.312881,-0.810871,1.117401,1.060422,-0.783876,1.099671,1.364020,-0.202320,1.268088,1.125855,-0.630117,1.203831,1.074609,1.770997,1.125869,1.318215,0.077201,1.264554,0.959267,-0.523522,1.177964,0.835965,-0.378728,1.098440,0.695584,1.150478,1.199908,0.989000,1.689536,1.018837,0.918935,0.476508,1.108110,0.777821,-1.318581,1.056060,1.415823,-1.166359,1.062542,0.663983,0.260121,0.956496,1.045183,1.595267,1.125412,1.158072,1.028801,1.215779,0.545650,1.289942,1.347957,0.726157,0.802503,1.250403,1.189462,1.080825,1.315391,0.969864,0.530528,1.158855,0.663437,0.193108,0.937150,0.851268,-0.770630,0.935332,0.417268,-0.729776,1.134638,0.414632,-0.092221,1.052282,1.051570,1.571645,1.066821,1.195994,-0.412829,0.801273,1.118110,-1.082174,1.096543,0.598964,0.380549,0.916238,1.016784,-1.431500,1.171359,1.018554,-0.480341,1.024127,1.060690,0.190587,1.193592,1.461573,-1.427059,1.402669,0.809463,0.910480,1.103202,0.894816,0.692023,1.136367,1.286979,1.023292,1.386243,0.690645,-0.186227,1.465012,1.251801,-1.369471,1.335586,0.874636,-0.853478,1.092592,1.087265,0.284191,1.383370,0.876935,-0.108924,1.313573,0.889764,0.496546,1.154177,0.791368,0.620533,1.180831,1.153697,-0.485325,1.440235,0.905296,0.748623,1.186181,1.150572,-0.498184,1.142777,0.783054,0.294813,1.333588,0.883973,0.412376,1.190590,0.752185,-0.475865,0.904355,1.126992,1.097420
1.551061,0.393320,0.503750,-0.711753,-0.322483,0.778994,-0.718873,-0.022788,1.317517,-0.876712,-1.146200,0.295490,-0.192897,-1.590617,0.201363,0.369637,0.444132,0.188084,-1.167979,-0.184320,1.036010,0.672307,-0.424389,0.956259,-0.441588,1.300687,1.537069,-0.366015,1.191860,1.598515,-0.366015,1.191860,-0.000001,-0.366015,1.191860,-0.000001,0.978701,1.106267,0.766910,0.978701,1.106267,-0.000001,0.978701,1.106267,-0.000001,0.947423,-0.460686,0.885350,1.113817,0.348711,0.336310,1.681577,0.870320,-1.015329,1.053277,-1.760680,0.788671,0.978683,1.106283,-0.000001,0.978683,1.106283,-0.000001,0.978701,1.106283,-0.000001,-0.366015,1.191860,-0.000001,-0.366010,1.191860,-0.000001,-0.366015,1.191860,-0.000001,0.726335,0.531557,0.862588,0.425427,0.545804,1.478351,0.112617,0.085255,0.517681,0.266881,-0.207968,-0.194118,-0.535672,-0.960611,-0.239315,-0.156138,0.729440,0.746016,0.396949,-0.031955,0.620029,0.272342,-0.287568,1.011620,-0.314230,0.450429,0.847484,0.883502,0.336008,0.726099,1.067154,-0.711912,1.549772,1.655983,-0.862533,0.226581,1.117696,0.895250,-0.078072,0.848672,0.252550,0.582633,1.784137,-1.997971,-0.785423,1.598806,-0.657044,0.621113,0.953953,-0.333601,-0.908689,0.516142,0.480439,0.196719,1.267509,-1.018152,-0.950900,1.424816,-1.320594,-0.995644,0.758386,0.303886,-1.685558,0.201534,-2.391918,-1.362124,0.326533,-2.231199,-1.350877,0.225553,-2.274689,-1.496350,0.147127,-2.037901,-1.309941,0.275039,-1.610992,-1.299641,0.084817,-1.892706,0.332550,-0.615894,-1.671549,-0.304618,-0.851498,-1.424445,-0.614488,-0.757620,-1.084542,0.231302,-0.535144,-1.764946,1.266817,-1.464107,-1.526224,0.162722,-1.383698,-1.194471,0.882784,-1.028884,-0.823853,1.187286,-0.999074,-1.714512,0.826860,-1.337116,-1.316444,-0.175799,-1.302451,-1.044778,1.249023,-0.968651,-0.763486,2.224811,-1.129089,-1.634073,0.285741,-1.120653,-1.346751,0.879528,-1.103439,-1.100382,0.976068,-0.864706,-0.881928,1.593032,1.171181,0.688966,-1.616262,1.377405,1.103046,-1.208108,1.062385,0.470851,-1.097504,1.299490,0.448777,0.492268,1.257303,0.383972,0.791440,1.117127,1.334607,-1.402097,1.373295,0.358295,0.417755,1.263520,0.722763,-0.534626,1.249892,1.545267,1.076753,1.141406,0.582764,2.156405,1.246340,1.491839,0.450250,1.019776,1.122370,1.945377,1.168639,0.592449,-1.440885,0.905939,0.917339,-0.878457,1.065059,0.803221,-2.891653,1.347815,0.657519,-0.096578,1.058823,0.311029,0.778254,1.160526,1.567920,-0.019371,0.993185,1.234433,1.222867,0.855180,1.009672,0.998733,1.170894,0.957943,0.889902,1.310185,1.380037,-0.414330,1.118917,1.144286,-0.906485,1.102255,1.093712,0.261690,1.272135,1.202908,-0.721290,1.208776,0.736255,1.766267,1.131003,0.838161,-0.161459,1.265237,1.032081,-0.129423,1.178654,0.923552,-0.474893,1.099129,0.793834,0.560256,1.200577,0.703789,1.643971,1.018443,0.601798,-0.056392,1.108330,0.885471,-1.696230,1.056911,1.506357,-0.849317,1.063839,0.770075,-0.260016,0.958283,0.785292,1.704280,1.360076,0.897450,1.929244,1.213204,0.609607,1.264282,1.346334,0.786898,1.180573,1.249549,0.914328,1.113500,1.313758,0.514082,0.079859,1.156270,0.778726,-0.971644,1.183720,0.959808,-1.051429,0.937950,0.495218,-1.481852,1.138601,0.492622,-0.494733,1.056555,0.589177,1.013578,1.070718,1.279351,-0.115369,1.020849,1.197501,-0.909266,1.331848,0.721203,-1.085414,0.915854,1.128342,-1.705806,1.171789,1.091320,0.097067,1.024984,0.781576,0.208481,1.194885,1.186840,-0.892792,1.405032,0.500027,0.556135,0.850142,0.969634,0.559443,1.138696,1.038088,1.312668,1.387825,0.792815,-0.430286,1.466170,0.857226,-1.680297,1.336045,0.988134,-1.232825,1.092392,0.784891,0.007167,1.382972,0.467752,-0.637466,1.314018,0.963370,0.488401,1.155056,0.870533,0.537523,1.182370,0.907280,-0.123127,1.443107,0.649476,0.752055,1.187730,0.906178,-0.158182,1.143652,0.862839,0.223769,1.334022,0.956923,0.469074,1.188405,0.830981,-0.626833,1.144835,0.849240,1.524278
1.542990,0.428104,0.753009,-0.691486,-0.346532,0.457185,-0.723117,-1.256097,0.987433,-1.269938,-1.585489,1.252230,-0.561979,-1.727389,1.818154,1.088235,1.357863,0.150364,-1.157701,0.888978,0.166167,0.694299,-0.378737,-0.061927,-0.411427,1.308633,1.024753,-1.149725,1.560053,0.876128,-1.149725,1.560053,-0.000001,-1.149725,1.560053,-0.000001,0.997673,1.773352,1.129671,0.997673,1.773352,-0.000001,0.997673,1.773352,-0.000001,0.947687,-0.449408,1.143519,1.114201,0.358989,0.610694,1.682089,0.827727,-1.440300,1.053689,-0.211568,1.158403,0.997655,1.773368,-0.000001,0.997655,1.773368,-0.000001,0.997673,1.773368,-0.000001,-1.149725,1.560053,-0.000001,-1.149721,1.560053,-0.000001,-1.149725,1.560053,-0.000001,0.842309,0.859869,2.274124,0.757485,0.778896,2.123802,0.513258,-1.239326,2.562713,-0.746201,-0.552491,2.030942,0.066365,0.150434,0.000352,-0.043492,0.537652,1.634131,-0.935095,-0.138447,0.150770,-0.726140,-0.307984,0.150324,-0.316150,0.145321,0.582533,1.428260,0.524031,2.282780,0.758599,-0.701058,-0.315320,0.124769,-0.792483,-0.307829,0.138422,-0.200056,-0.782282,1.262872,0.540590,0.762183,1.386261,-1.399364,-0.917702,0.609846,-1.431457,0.208350,-0.626001,-1.572940,-0.572429,1.231816,0.341434,0.526161,1.526621,-0.795285,-0.699857,0.798102,-1.479919,-0.548566,0.529445,-0.401235,-1.101348,0.185112,-2.268938,-1.362124,0.313438,-2.090599,-1.350877,0.214148,-2.100624,-1.496350,0.134501,-1.847046,-1.309941,0.262528,-1.423825,-1.299641,0.068379,-1.756309,0.332550,-0.641793,-1.511274,-0.304618,-0.877074,-1.251775,-0.614488,-0.777042,-0.913941,0.231302,-0.554186,-1.646330,1.266817,-1.486354,-1.387952,0.162722,-1.405709,-1.057484,0.882784,-1.047089,-0.698369,1.187286,-1.015657,-1.602583,0.826860,-1.352572,-1.192115,-0.175799,-1.319739,-0.922607,1.249023,-0.984944,-0.649480,2.224811,-1.141567,-1.525396,0.285741,-1.132445,-1.230094,0.879528,-1.116388,-0.986402,0.976068,-0.878900,-0.774873,1.593032,1.188077,1.221032,-1.362120,1.392735,0.946473,-0.770810,1.286835,0.981202,-1.084655,1.314973,0.948151,1.021598,1.460647,0.825459,1.213700,1.328256,1.717065,-1.541680,1.384654,0.790888,1.004241,1.495479,0.543416,0.098327,1.252982,1.416253,0.689810,1.139893,0.877385,1.871309,1.240144,1.354515,0.001222,1.010821,1.014131,0.852391,1.383225,0.437512,-0.320676,1.119324,0.760061,-0.805331,1.459815,0.655760,-2.305619,1.336322,0.526855,0.523240,1.046934,0.168069,1.159446,1.178450,1.102770,-0.427751,1.009694,1.172221,0.440795,0.869385,1.312817,1.002141,1.181713,1.253901,0.414267,1.068601,0.960009,-0.961435,1.362217,1.059650,-0.163858,1.341184,1.030973,-0.099772,1.267649,0.717480,-0.034625,1.201359,1.074609,1.602156,1.122498,0.722126,-0.169408,1.270067,1.322930,-0.432084,1.183533,0.826596,-0.454543,1.103996,0.682222,0.854782,1.205090,0.976053,1.609337,1.025090,0.901573,0.067721,1.113733,1.259946,-1.597507,1.060761,1.396527,-1.140751,1.066432,0.642671,0.194711,0.959851,1.031268,1.816264,1.136910,1.151652,1.382810,1.226071,0.863082,1.221941,1.356307,0.721214,0.808545,1.258123,1.182685,1.168078,1.323786,0.958624,0.275008,1.169185,1.225995,-0.452696,1.183489,0.841915,-0.932103,0.936341,0.412324,-1.215759,1.134207,0.409684,0.347979,1.050788,1.042268,1.482125,1.066398,0.771693,-0.172394,1.019092,1.110997,-1.472890,1.340328,1.114013,0.090088,1.141208,1.493708,-1.960903,1.412609,1.330711,0.032091,1.265828,1.041110,0.273069,1.436653,1.442608,-1.380968,1.405281,0.787755,1.277818,1.104351,0.875228,0.619433,1.138942,1.267122,0.833296,1.641544,0.662518,0.429842,1.469599,0.710218,-0.700236,1.592756,0.842545,-0.523148,1.098508,1.063115,-0.047422,1.389812,0.846248,-0.049396,1.562402,0.870493,0.989277,1.401752,0.770641,0.867441,1.429614,1.135261,-0.186591,1.441909,0.886156,1.040466,1.436446,1.132287,-0.225342,1.389308,0.762166,0.609172,1.576772,0.864873,0.814158,1.200411,1.140889,-0.703421,1.141850,1.121411,0.897582
1.537993,0.434347,0.652131,-0.728322,-1.401917,1.569589,-1.334094,-1.278266,1.071690,-1.269837,-1.649071,1.910576,-0.561722,-1.681642,1.620520,0.386030,0.457056,-0.371618,-1.162626,0.901518,0.847271,0.688689,2.487501,-1.229841,-0.443762,1.759103,0.788324,-1.167376,1.560053,0.783454,-1.167376,1.560053,-0.000001,-1.167376,1.560053,-0.000001,0.992627,1.783705,0.337705,0.992627,1.783705,-0.000001,0.992627,1.783705,-0.000001,0.952266,1.785371,1.107850,1.108698,0.367674,0.628307,1.688621,0.825301,-1.446720,1.051411,-0.215530,0.899742,0.992609,1.783720,-0.000001,0.992609,1.783720,-0.000001,0.992627,1.783720,-0.000001,-1.167376,1.560053,-0.000001,-1.167372,1.560053,-0.000001,-1.167376,1.560053,-0.000001,0.218261,1.521709,2.544172,0.449870,0.504675,1.526937,0.135727,-0.396437,1.476867,-0.702307,-0.262957,1.813935,-0.504035,0.228418,-0.811092,-0.137796,0.398375,1.109067,-1.232149,-0.738419,0.472723,-1.099392,1.242138,0.534313,-0.610811,0.432073,0.759437,1.456781,-0.110964,1.622421,0.241980,-0.766138,0.057198,-0.108447,-0.459882,-1.142039,-0.985284,0.019627,-1.939569,0.389251,-0.300465,-0.313651,0.891716,-2.052685,-1.017564,-0.689707,-1.652194,-0.434570,-1.347845,-0.905934,-1.297955,0.528601,-1.037379,-0.820312,-0.431626,-1.539361,-0.962775,-0.033937,-1.358406,-0.549415,-0.488597,-1.815539,-1.575576,0.046502,-2.127753,-1.362124,0.202909,-1.929185,-1.350877,0.117888,-1.900792,-1.496350,0.040552,-1.491616,-1.309941,0.156932,-1.128737,-1.299641,-0.070367,-1.599721,0.332550,-0.860398,-1.327272,-0.304618,-1.092947,-1.053542,-0.614488,-0.940971,-0.718085,0.231302,-0.714917,-1.510155,1.266817,-1.674133,-1.229210,0.162722,-1.591489,-0.900218,0.882784,-1.146129,-0.596138,1.187286,-1.155627,-1.474083,0.826860,-1.483036,-1.049380,-0.175799,-1.465651,-0.782351,1.249023,-1.122468,-0.518596,2.224811,-1.246891,-1.400630,0.285741,-1.231975,-1.096167,0.879528,-1.225686,-0.855549,0.976068,-0.998706,-0.651970,1.593032,1.140633,0.801024,-0.861747,1.340381,1.069173,-1.233130,1.223893,0.981202,-0.643295,1.440750,0.817737,0.174716,1.382331,0.594356,0.614588,1.227410,1.421401,-1.303680,1.459813,0.392390,0.153862,1.526562,1.258662,-0.486209,1.240376,1.518867,1.286275,1.080065,0.579652,1.237238,1.130741,1.526640,0.218562,1.115620,1.196443,0.478606,1.457032,0.271977,-0.052239,1.185961,0.686356,-1.657282,1.513624,0.692486,-1.490181,1.177666,0.667033,0.920304,1.102032,0.465332,1.550349,1.323907,0.931778,-1.008352,1.138886,1.379663,-0.129632,0.974199,1.206192,0.340772,1.006374,1.149804,-0.456209,1.104827,0.846200,-1.235464,1.334703,0.923562,0.089048,1.283718,0.941372,-0.427704,1.176070,0.616958,0.734760,1.078273,1.369572,1.260043,1.430993,1.104272,-0.148627,1.273278,0.764713,-0.638689,1.186777,0.987659,-0.402595,1.107231,0.806774,1.234750,1.206219,1.024263,1.721398,1.052524,0.904839,0.339596,1.127439,1.255860,-1.522889,1.060127,1.386663,-1.030662,1.050397,1.137620,-0.088831,0.929380,1.036284,1.703020,1.244238,1.279627,1.064553,1.317468,0.687435,1.326434,1.192846,0.860812,0.316747,1.304147,1.317786,0.982172,1.385598,1.178074,0.322370,1.260925,0.872925,0.292727,1.138619,1.082597,-0.690891,1.102166,0.610723,-1.268773,1.044508,0.608187,0.758824,0.947046,0.728295,1.217084,0.978206,0.948508,-0.010548,1.177204,0.882400,-1.712750,1.151603,1.515214,-0.772972,1.166351,1.891686,-1.891336,1.419170,1.273597,0.314415,1.259448,0.976311,0.323228,1.414968,1.384506,-1.130744,1.358785,0.715917,1.352052,1.291042,0.795894,0.351876,1.350443,1.171303,0.904887,1.612852,0.523309,0.399976,1.458584,1.055443,-0.751214,1.597946,0.684259,-0.805171,1.123755,0.943587,-0.089969,1.421467,1.235575,-0.763292,1.567424,0.792444,0.891972,1.393471,1.039669,0.852246,1.405645,1.060592,-0.000040,1.380197,0.808638,1.233621,1.412334,1.058231,-0.046704,1.381062,1.033297,0.605367,1.581680,0.787519,0.766373,1.279853,0.916175,-0.626761,1.068505,0.935814,0.324190
1.537993,0.444115,0.684032,-0.733482,-1.392887,1.371242,-1.353738,-1.262364,0.924811,-1.270875,-1.709525,2.094729,-0.566267,-1.680814,0.635635,1.084549,1.357688,-0.428344,-1.157701,0.888978,0.963912,0.685239,2.521723,-1.413373,-0.439382,1.759987,-0.551249,-1.938657,1.565734,0.187592,-1.938657,1.565734,-0.000001,-1.938657,1.565734,-0.000001,0.994707,1.778528,0.685921,0.994707,1.778528,-0.000001,0.994707,1.778528,-0.000001,0.951195,1.786777,1.165276,1.109083,0.366130,0.565284,1.694900,0.848417,-1.355287,1.053689,-0.216739,0.927218,0.994689,1.778544,-0.000001,0.994689,1.778544,-0.000001,0.994707,1.778544,-0.000001,-1.938657,1.565734,-0.000001,-1.938653,1.565734,-0.000001,-1.938657,1.565734,-0.000001,0.210960,1.876071,2.848684,0.437851,0.528692,2.099406,0.122729,-0.801161,2.084685,-0.717195,-0.699115,1.822615,0.082624,0.286891,-1.493455,-0.144403,1.313974,1.372842,-1.244003,-0.051328,0.417867,-1.112243,1.291086,1.398009,-0.307751,0.444702,0.913206,0.897555,0.323667,1.245394,1.077172,-0.256483,0.447469,-0.118396,-0.421373,-0.465615,-0.996048,0.882541,-0.735516,0.385958,0.237220,0.055853,1.340526,-1.538066,-1.406056,-0.313062,-1.141986,-0.247563,-0.893833,0.159764,-1.157375,0.526172,-0.026738,-0.256834,2.005692,-1.970746,-0.822930,0.328624,-0.980317,-0.301737,-0.075419,0.284107,-1.532590,0.759118,-1.519744,-1.474581,0.482229,-1.008818,-1.189122,0.346571,-0.678555,-1.561445,0.067581,-0.242636,-1.617339,-0.149934,0.111934,-1.479928,0.253088,-0.727952,0.285619,-0.702407,-0.171069,-1.097576,-1.380203,0.179129,-1.468164,-1.540538,0.501889,-1.854931,-0.354153,-0.825355,0.178436,-1.775048,-0.326799,-0.451874,-2.083250,-0.007867,-0.698526,-1.818819,0.281259,-0.598848,-0.898309,-0.865885,0.289724,-1.582425,-0.436869,-1.315932,-1.947973,-0.280290,-0.467803,-1.398963,-0.252456,-0.932419,-1.114065,-0.917243,0.275286,-1.393682,-0.594128,0.215596,-1.525497,-0.394427,0.589729,-1.304711,-0.320426,0.624104,1.141487,1.488597,-0.979207,1.341197,1.079680,-1.457415,1.224830,0.992286,-0.862276,1.441623,0.829456,0.023854,1.383181,0.605558,0.598306,1.425194,1.979950,-1.095468,1.461048,1.032513,-0.000240,1.527770,1.268605,-0.314949,1.241908,1.525897,1.583113,1.081597,0.587431,1.169553,1.386241,1.534472,0.300899,1.117370,0.849721,0.128977,1.458854,0.281156,0.776678,1.187780,0.118276,-1.414696,1.515266,0.121559,-0.259706,1.391313,0.122311,1.549921,1.103822,0.475415,1.823840,1.324938,0.937679,-1.795808,1.140128,1.384238,-0.256786,0.975495,1.211896,0.369064,1.007488,1.155373,-0.593811,1.106183,0.851230,-1.409634,1.336228,0.930305,0.207750,1.285216,0.946441,-0.340073,1.177864,0.623184,0.874449,1.080068,1.375953,1.248029,1.432578,1.112783,-0.103467,1.274673,1.136319,-0.732881,1.188186,0.994292,-0.478290,1.108636,0.814087,1.186567,1.207567,1.030079,1.673024,1.053731,0.911343,0.555054,1.128691,1.263994,-1.335585,1.061396,1.393490,-0.921619,1.051923,0.654664,0.079090,0.930957,1.041626,1.733019,1.245512,1.284585,0.932698,1.318760,0.692356,1.207593,1.193865,0.865487,0.059169,1.068607,1.323020,1.061317,1.160460,1.186774,0.152619,1.262222,0.881679,0.112282,1.140134,1.090931,-0.609899,1.103570,0.616734,-1.319050,1.046265,0.614202,0.663368,0.948757,0.737092,0.979083,0.979934,0.954881,-0.046008,1.178565,0.888470,-1.684311,1.387124,1.524525,-0.610719,1.167543,1.900319,-1.906558,1.186393,1.279207,0.325416,1.260729,0.982420,0.316056,1.416470,1.390493,-1.037842,1.360436,0.722690,1.389090,1.292649,0.801638,0.380057,1.352052,1.176782,0.823105,1.614442,0.531028,0.602410,1.460191,1.064101,-0.634155,1.599306,0.692871,-0.621866,1.124951,0.950215,-0.042783,1.422652,1.244562,-0.646203,1.568740,0.798095,0.906517,1.394776,1.045746,0.895438,1.407184,1.065998,0.046872,1.381852,0.814250,1.214838,1.413883,1.063593,-0.034250,1.382361,1.039422,0.620046,1.346827,0.793120,0.752711,1.281158,0.922227,-0.965224,1.069993,0.941105,0.360984
1.552610,0.480300,0.892813,-0.718936,-1.402336,0.949337,-1.350826,-1.276103,0.592202,-1.271001,-1.713157,0.279771,-0.686241,-1.129503,-1.251053,1.804923,1.361992,0.574894,-1.130534,-0.203168,1.421644,0.707258,2.510362,-3.261858,-0.438847,1.306865,0.386139,-1.148957,1.561473,-0.275153,-1.148957,1.561473,-0.000001,-1.148957,1.561473,-0.000001,0.990855,1.108855,-0.347752,0.990855,1.108855,-0.000001,0.990855,1.108855,-0.000001,0.954160,1.808874,0.994628,1.121698,0.376408,0.526342,1.686831,-1.160776,-1.185308,1.055454,-0.209430,1.177323,0.990837,1.108871,-0.000001,0.990837,1.108871,-0.000001,0.990855,1.108871,-0.000001,-1.148957,1.561473,-0.000001,-1.148952,1.561473,-0.000001,-1.148957,1.561473,-0.000001,0.662680,1.552976,2.770066,0.140180,0.734336,2.918229,-0.251212,-1.225974,2.299229,-1.666137,-0.361930,2.502461,-1.093049,1.081183,-1.744490,-0.221463,0.608419,2.128591,-1.530030,0.040635,1.148817,-1.481944,1.323702,1.451330,-0.915087,0.452725,1.589184,0.380487,1.343925,1.808520,0.147325,0.686892,0.671641,-0.795803,0.432953,0.903608,-1.278347,1.586211,0.394096,0.471659,1.454641,0.827598,0.395063,-0.227681,0.160636,-0.462302,0.117369,0.769995,-1.142422,-0.653325,-0.777121,0.623676,1.588718,0.186776,-0.214287,0.150113,0.358398,0.613698,-0.459088,0.211111,0.182654,0.474254,-0.211199,0.541896,-1.352417,-1.474581,0.309015,-0.817517,-1.189122,0.195719,-0.441721,-1.561445,-0.099437,0.017044,-1.617339,-0.315418,0.366595,-1.479928,0.035654,-0.542370,0.285619,-1.044991,0.047002,-1.097576,-1.718505,0.414065,-1.468164,-1.797438,0.734010,-1.854931,-0.606040,-0.663965,0.178436,-2.069323,-0.138665,-0.451874,-2.374393,0.178518,-0.698526,-2.059613,0.451994,-0.598848,-1.117660,-0.713592,0.289724,-1.786878,-0.267706,-1.315932,-2.176638,-0.114063,-0.467803,-1.614483,-0.097338,-0.932419,-1.279121,-0.769376,0.275286,-1.549659,-0.435403,0.215596,-1.696782,-0.239346,0.589729,-1.492464,-0.174766,0.624104,1.338264,2.355567,-1.997389,1.529087,2.548286,-1.328761,1.438508,2.537409,-2.163665,1.449189,2.374504,-0.495446,1.578023,0.763346,0.378259,1.628492,2.116883,-0.283965,1.695802,1.815862,-0.444995,1.532822,2.501399,0.556516,1.490832,1.230767,2.321205,1.324579,0.693175,0.159640,1.387147,1.641294,1.174711,1.358612,0.938473,0.454347,1.680908,0.418642,-0.220516,1.409217,0.848354,-2.393549,1.513987,0.278458,-1.530571,1.389777,0.275527,0.588744,1.102233,0.003053,1.123982,1.333790,2.195388,0.483695,1.148375,1.475546,1.472314,0.983246,1.319885,1.068550,1.258563,1.260801,0.732576,1.359171,1.649970,0.364190,1.339684,1.494708,-0.831636,1.287580,1.372990,0.473367,1.179448,1.147519,-0.368440,1.080507,1.082498,1.899530,1.432176,1.283110,-0.070454,1.279504,1.606171,0.025472,1.193065,1.979868,-0.468851,1.113503,1.422154,-0.557388,1.212080,1.127395,0.234720,1.058769,1.018404,-0.636928,1.133265,1.897583,-1.611530,1.065671,1.924165,-0.275512,1.055821,1.276981,-1.151470,1.182140,1.129350,1.152399,1.488693,1.052295,1.777563,1.326049,0.782923,1.082931,1.425115,0.951500,1.153726,1.311222,1.077794,1.220025,1.392969,1.345342,-0.223873,1.269538,1.610479,-1.521742,1.142985,1.244178,-1.335953,1.105589,0.728332,-2.300389,1.047817,0.725859,-0.549258,0.949599,0.898983,0.057499,1.220858,1.484961,0.122158,1.395616,1.393328,-1.101803,1.392846,2.208047,-0.090352,1.172443,2.532259,-1.143908,1.424879,1.364711,0.922971,1.500093,1.075128,-0.063873,1.420122,1.482079,0.250992,1.363740,0.825469,0.888348,1.294947,0.888189,-0.011583,1.355082,0.940536,1.460221,1.618046,0.646649,0.128550,1.718278,1.698847,-0.744947,1.604046,1.321450,-0.853750,1.129871,1.049489,-0.553599,1.427734,1.901505,-0.930778,1.573326,0.883244,0.858740,1.640168,0.784355,0.877920,1.653971,1.147459,0.987534,1.649065,0.898820,1.484353,1.662140,0.832992,0.630606,1.626718,0.775987,0.367816,1.587448,0.877510,0.910111,1.288138,1.425591,-0.833815,1.071905,1.038234,1.019246
1.552610,0.480300,0.892813,-0.718936,-1.402336,0.949337,-1.350826,-1.276103,0.592202,-1.271001,-1.713157,0.279771,-0.686241,-1.129503,-1.251053,1.804923,1.361992,0.574894,-1.130534,-0.203168,1.421644,0.707258,2.510362,-3.261858,-0.438847,1.306865,0.386139,-1.148957,1.561473,-0.275153,-1.148957,1.561473,-0.000001,-1.148957,1.561473,-0.000001,0.990855,1.108855,-0.347752,0.990855,1.108855,-0.000001,0.990855,1.108855,-0.000001,0.954160,1.808874,0.994628,1.121698,0.376408,0.526342,1.686831,-1.160776,-1.185308,1.055454,-0.209430,1.177323,0.990837,1.108871,-0.000001,0.990837,1.108871,-0.000001,0.990855,1.108871,-0.000001,-1.148957,1.561473,-0.000001,-1.148952,1.561473,-0.000001,-1.148957,1.561473,-0.000001,0.662680,1.552976,2.770066,0.140180,0.734336,2.918229,-0.251212,-1.225974,2.299229,-1.666137,-0.361930,2.502461,-1.093049,1.081183,-1.744490,-0.221463,0.608419,2.128591,-1.530030,0.040635,1.148817,-1.481944,1.323702,1.451330,-0.915087,0.452725,1.589184,0.380487,1.343925,1.808520,0.147325,0.686892,0.671641,-0.795803,0.432953,0.903608,-1.278347,1.586211,0.394096,0.471659,1.454641,0.827598,0.395063,-0.227681,0.160636,-0.462302,0.117369,0.769995,-1.142422,-0.653325,-0.777121,0.623676,1.588718,0.186776,-0.214287,0.150113,0.358398,0.613698,-0.459088,0.211111,0.182654,0.474254,-0.211199,0.541896,-1.352417,-1.474581,0.309015,-0.817517,-1.189122,0.195719,-0.441721,-1.561445,-0.099437,0.017044,-1.617339,-0.315418,0.366595,-1.479928,0.035654,-0.542370,0.285619,-1.044991,0.047002,-1.097576,-1.718505,0.414065,-1.468164,-1.797438,0.734010,-1.854931,-0.606040,-0.663965,0.178436,-2.069323,-0.138665,-0.451874,-2.374393,0.178518,-0.698526,-2.059613,0.451994,-0.598848,-1.117660,-0.713592,0.289724,-1.786878,-0.267706,-1.315932,-2.176638,-0.114063,-0.467803,-1.614483,-0.097338,-0.932419,-1.279121,-0.769376,0.275286,-1.549659,-0.435403,0.215596,-1.696782,-0.239346,0.589729,-1.492464,-0.174766,0.624104,1.338264,2.355567,-1.997389,1.529087,2.548286,-1.328761,1.438508,2.537409,-2.163665,1.449189,2.374504,-0.495446,1.578023,0.763346,0.378259,1.628492,2.116883,-0.283965,1.695802,1.815862,-0.444995,1.532822,2.501399,0.556516,1.490832,1.230767,2.321205,1.324579,0.693175,0.159640,1.387147,1.641294,1.174711,1.358612,0.938473,0.454347,1.680908,0.418642,-0.220516,1.409217,0.848354,-2.393549,1.513987,0.278458,-1.530571,1.389777,0.275527,0.588744,1.102233,0.003053,1.123982,1.333790,2.195388,0.483695,1.148375,1.475546,1.472314,0.983246,1.319885,1.068550,1.258563,1.260801,0.732576,1.359171,1.649970,0.364190,1.339684,1.494708,-0.831636,1.287580,1.372990,0.473367,1.179448,1.147519,-0.368440,1.080507,1.082498,1.899530,1.432176,1.283110,-0.070454,1.279504,1.606171,0.025472,1.193065,1.979868,-0.468851,1.113503,1.422154,-0.557388,1.212080,1.127395,0.234720,1.058769,1.018404,-0.636928,1.133265,1.897583,-1.611530,1.065671,1.924165,-0.275512,1.055821,1.276981,-1.151470,1.182140,1.129350,1.152399,1.488693,1.052295,1.777563,1.326049,0.782923,1.082931,1.425115,0.951500,1.153726,1.311222,1.077794,1.220025,1.392969,1.345342,-0.223873,1.269538,1.610479,-1.521742,1.142985,1.244178,-1.335953,1.105589,0.728332,-2.300389,1.047817,0.725859,-0.549258,0.949599,0.898983,0.057499,1.220858,1.484961,0.122158,1.395616,1.393328,-1.101803,1.392846,2.208047,-0.090352,1.172443,2.532259,-1.143908,1.424879,1.364711,0.922971,1.500093,1.075128,-0.063873,1.420122,1.482079,0.250992,1.363740,0.825469,0.888348,1.294947,0.888189,-0.011583,1.355082,0.940536,1.460221,1.618046,0.646649,0.128550,1.718278,1.698847,-0.744947,1.604046,1.321450,-0.853750,1.129871,1.049489,-0.553599,1.427734,1.901505,-0.930778,1.573326,0.883244,0.858740,1.640168,0.784355,0.877920,1.653971,1.147459,0.987534,1.649065,0.898820,1.484353,1.662140,0.832992,0.630606,1.626718,0.775987,0.367816,1.587448,0.877510,0.910111,1.288138,1.425591,-0.833815,1.071905,1.038234,1.019246
1.554909,0.487223,0.783441,-0.705301,-0.330006,0.719112,-0.734755,-1.221394,0.367280,-1.269963,-1.710644,1.477782,-0.807543,-1.036036,-1.524229,1.808609,1.363602,0.613982,-1.133826,-0.203168,1.223139,0.714159,2.493217,-2.626141,-0.435001,1.767944,1.086202,-1.157551,1.936056,0.160970,-1.157551,1.936056,-0.000001,-1.157551,1.936056,-0.000001,0.983747,1.786293,1.033916,0.983747,1.786293,-0.000001,0.983747,1.786293,-0.000001,0.956318,1.809821,1.155658,1.118551,0.366130,0.532949,1.687085,0.823668,-0.934580,1.053897,-0.204260,1.128877,0.983729,1.786308,-0.000001,0.983729,1.786308,-0.000001,0.983747,1.786308,-0.000001,-1.157551,1.936056,-0.000001,-1.157546,1.936056,-0.000001,-1.157551,1.936056,-0.000001,0.673223,1.198614,2.021592,0.152225,0.264764,3.221746,-0.239668,-0.797812,1.584945,-1.653929,-0.380230,1.525470,-1.077699,1.051917,-0.684103,-0.211923,0.597019,1.302246,-1.517762,0.016418,1.262641,-1.470531,0.764852,0.711280,-0.907158,0.294438,0.550258,0.953740,0.511689,1.742081,-0.272055,0.188091,-0.275805,-1.238969,-0.050221,-0.217044,-0.836951,-0.117267,-0.661009,-0.002360,0.417714,0.534435,-0.057942,-0.727731,-0.072354,-0.844564,-0.859714,0.530064,-1.603900,-1.194051,-1.354341,0.228489,0.082182,-0.493928,-0.705353,-0.820428,0.166217,-0.127547,-0.472604,0.677732,-0.237006,-1.641205,0.210952,0.391786,-1.099926,-1.170788,0.324357,-0.668451,-1.040434,-0.019757,-0.404543,-1.501209,-0.182011,0.006278,-1.657009,-0.296966,0.482198,-1.506385,-0.107934,-0.391790,0.067459,-1.335743,0.431909,0.429140,-1.973307,0.874083,0.067744,-1.967089,1.171588,0.328174,-0.781939,-0.534050,-1.281462,-2.334561,0.176767,-0.281630,-2.777217,0.473631,-0.263014,-2.494748,0.721457,-0.391692,-1.279363,-0.597270,-0.750551,-2.066465,0.004590,-1.510837,-1.991787,0.112672,-2.638898,-1.878475,-0.066815,-1.206679,-1.407212,-0.662341,-0.367412,-1.634877,-0.223651,0.041838,-1.432546,0.036509,-0.036730,-1.352949,-0.034992,-0.810399,1.755887,1.722454,-1.497341,1.390127,1.429004,-0.429905,1.490859,1.493358,-2.045721,1.312510,1.465430,0.643429,1.458607,1.296591,1.744385,1.723295,2.137713,-1.354347,1.613837,1.274647,1.108295,1.495881,0.966622,0.488996,1.501465,1.717381,1.192239,1.142938,1.209826,1.156762,1.500236,1.687079,-0.100312,1.259267,1.284234,-0.296930,1.613542,0.844179,0.457730,1.349428,0.613671,-1.133236,1.667746,0.505672,-1.143996,1.341873,0.381155,0.994994,1.273698,0.654732,1.478047,1.175566,2.156280,-1.100807,1.007217,1.403628,-0.162935,1.107652,1.584127,0.109751,1.427262,1.518778,1.246043,1.318240,1.918929,0.341091,1.364165,1.380009,-0.621409,1.343987,1.272633,-0.441598,1.271457,0.604850,-0.165985,1.206084,1.377430,0.816133,1.347738,1.153735,-0.557839,1.271219,1.592936,-0.250239,1.184697,1.147178,-0.388798,1.363607,1.036889,0.630888,1.206219,1.243816,1.223402,1.250367,1.202097,0.044215,1.346253,1.131502,-1.662381,1.300174,1.289316,-1.867611,1.309876,1.011553,-0.131331,1.211717,1.277208,0.907315,1.372639,1.390945,1.466979,1.224796,1.099484,1.013119,1.355694,0.945730,1.420655,1.258123,1.435302,0.694002,1.551381,1.377563,0.875500,1.167906,1.073638,-0.786030,1.186126,1.243178,-0.873947,1.164098,0.701071,-1.630083,1.137937,0.698583,0.665923,1.054853,0.888122,1.134723,1.311633,1.077468,0.052845,1.455514,1.402238,-1.628201,1.340328,1.526523,0.193124,1.360862,1.368132,-2.098366,1.413461,1.578337,0.515443,1.504353,1.309624,0.447012,1.438374,1.706907,-1.536286,1.407874,1.085440,1.491906,1.107575,1.128302,0.565836,1.400923,1.187999,0.407846,1.643576,1.004511,1.281924,1.727238,1.094239,0.189954,1.593886,1.222858,0.300606,1.539036,0.966998,-0.071480,1.607952,1.242219,0.428667,1.563495,1.119468,1.516668,1.646496,1.038422,1.017829,1.676848,1.373453,-0.276854,1.445024,1.133437,1.047926,1.685153,1.368525,-0.341510,1.633020,1.032040,0.944896,1.577840,1.111632,1.314705,1.442652,1.035443,-0.529561,1.145250,1.028928,0.540502
1.556458,0.478177,0.801976,-0.692407,-0.326139,0.142985,-0.729541,-1.212465,0.092636,-1.275751,-1.708106,1.181108,-0.804163,-0.942842,-1.819504,1.808884,1.369352,0.807387,-1.120230,-0.182226,1.333226,0.725379,2.521723,-2.710515,-0.431156,1.309518,0.766575,-0.360339,1.559343,-0.402947,-0.360339,1.559343,-0.000001,-0.360339,1.559343,-0.000001,-0.533717,1.779822,0.496523,-0.533717,1.779822,-0.000001,-0.533717,1.779822,-0.000001,0.963072,1.805603,1.125317,1.125639,0.353488,0.357569,1.695158,0.842749,-0.656112,1.056384,-0.177739,1.306481,-0.533736,1.779838,-0.000001,-0.533736,1.779838,-0.000001,-0.533717,1.779838,-0.000001,-0.360339,1.559343,-0.000001,-0.360334,1.559343,-0.000001,-0.360339,1.559343,-0.000001,0.683766,1.214231,0.881212,0.164649,0.737767,1.865816,-0.228102,-1.225974,1.084700,-1.641325,-0.365554,1.643662,-1.062377,1.071427,-0.995540,-0.202383,0.909828,0.881276,-1.505056,0.035791,0.837977,-1.459096,0.777101,0.751218,-0.899243,0.450429,0.882715,0.963948,0.527116,1.212124,-0.691101,-0.755284,-0.819491,-1.229040,-0.498390,-1.172350,-1.690077,-0.524839,-1.178087,-0.476714,-0.073887,0.411953,-0.049230,-1.198596,-1.658372,-0.836301,-1.800575,0.409143,-1.593212,-1.699269,-1.447418,-0.167012,0.097224,-1.136906,-0.700664,-0.806080,-1.327814,-0.494354,-1.177454,-0.335029,-0.227935,-1.625392,-0.560523,0.202879,-0.965237,-1.170788,0.173722,-0.514465,-1.040434,-0.150946,-0.213907,-1.501209,-0.327259,0.215305,-1.657009,-0.440880,0.687185,-1.506385,-0.297026,-0.242407,0.067459,-1.633671,0.607443,0.429140,-2.267512,1.063193,0.067744,-2.190501,1.358432,0.328174,-1.000993,-0.404141,-1.281462,-2.590478,0.328204,-0.281630,-3.030410,0.623660,-0.263014,-2.704155,0.858889,-0.391692,-1.470121,-0.474684,-0.750551,-2.244269,0.140756,-1.510837,-2.190645,0.246474,-2.638898,-2.065901,0.058046,-1.206679,-1.550753,-0.543317,-0.367412,-1.770523,-0.095887,0.041838,-1.581504,0.161340,-0.036730,-1.516229,0.082255,-0.810399,1.762373,1.735359,-1.569737,1.396326,1.440699,-0.315271,1.497733,1.505045,-2.154780,1.515156,1.476545,0.646285,1.464891,1.306108,1.866014,1.729700,2.145626,-1.347039,1.621273,0.649883,1.635370,1.502741,0.420739,1.153879,1.508989,0.936698,0.153373,1.150116,0.780977,1.011598,1.507571,1.257086,-0.346448,1.266037,0.933667,-0.895403,1.619796,0.852885,0.939975,1.355473,0.623113,-1.055212,1.673197,0.516177,-0.435495,1.561274,0.391178,1.402625,1.279650,0.667239,1.489924,1.183186,1.777654,-1.194582,1.244750,1.728086,-0.161808,1.355596,1.591509,0.213697,1.434989,1.525985,1.089903,1.325840,1.574295,-0.182057,1.371544,1.388699,-0.396679,1.351090,1.279197,-0.456988,1.278890,0.613285,0.049202,1.213280,1.385670,0.806091,1.353869,1.165473,-0.467220,1.279270,1.600207,-0.218823,1.451724,1.155386,-0.347913,1.371492,1.045516,0.726970,1.213887,0.889421,0.748388,1.482094,1.208954,0.076415,1.353338,1.140077,-1.540605,1.307439,1.296498,-2.140186,1.317241,1.019970,-0.231312,1.219340,1.282851,0.344762,1.380299,1.397080,1.710207,1.232513,1.105560,0.837781,1.589810,0.951500,1.693535,1.265607,1.441779,0.438510,1.558560,1.388303,1.087342,1.415752,1.658354,-1.203920,1.193361,1.253491,-1.009227,1.395475,0.708856,-1.723685,1.145218,0.706372,0.766883,1.061680,0.898983,0.779947,1.318792,1.085348,0.076516,1.461734,1.409713,-1.559246,1.347731,1.534875,-0.048853,1.586624,1.376285,-2.004848,1.656821,1.253756,0.957320,1.748816,0.957723,0.520020,1.685078,1.712586,-1.508370,1.415652,1.091836,1.785382,1.370960,1.133408,0.125715,1.408610,1.193174,0.286978,1.651271,1.011833,1.620561,1.735040,1.102488,0.428259,1.853527,1.231028,0.571913,1.765714,0.973284,-0.012593,1.614593,1.250207,0.704105,1.571140,1.124491,1.778120,1.653907,1.043825,1.287040,1.684322,1.378259,0.120871,1.719645,1.138426,1.564939,1.692671,1.373291,0.103534,1.640399,1.037485,1.307804,1.585311,1.116610,1.594970,1.450511,1.042897,-0.694599,1.152059,1.035747,0.294798
1.587967,0.395401,1.031926,-0.709909,-0.311317,0.280757,-1.330700,-1.201387,0.164563,-1.281611,-1.584021,-0.186985,-0.686661,-0.668399,-3.883367,1.805332,1.376712,0.665788,0.873890,1.981099,1.949058,0.731410,-0.304510,-1.745893,-0.444297,1.307749,1.234383,-1.147426,1.196113,0.743646,-1.147426,1.196113,-0.000001,-1.147426,1.196113,-0.000001,-0.542308,1.778528,0.948501,-0.542308,1.778528,-0.000001,-0.542308,1.778528,-0.000001,0.967651,1.783505,1.226452,1.159089,0.360581,0.302597,1.691186,0.875170,-0.418680,1.062605,1.354616,1.668198,-0.542326,1.778544,-0.000001,-0.542326,1.778544,-0.000001,-0.542308,1.778544,-0.000001,-1.147426,1.196113,-0.000001,-1.147421,1.196113,-0.000001,-1.147426,1.196113,-0.000001,1.344295,0.208462,-0.861397,0.442000,0.155059,1.569410,0.351931,-0.837950,1.910072,-0.861086,-0.442557,2.864894,-0.054054,-0.034740,-0.642342,-0.506907,1.206638,1.192567,-1.274891,-0.273881,-0.052597,-0.885639,0.675121,1.178318,-1.892498,0.855326,0.377341,0.211933,1.081927,0.801300,-0.043306,-0.256483,-1.353186,-1.021159,-0.305847,-1.012129,-1.308670,-0.871893,-1.380795,-0.292581,0.325544,-0.094838,-0.426145,-0.837249,-0.803992,-1.176671,-1.739040,0.438819,-1.804338,-1.288773,-1.613101,0.293492,0.202429,-0.145371,0.065431,-0.586810,-1.026369,-0.605225,-0.961394,0.304873,-0.601605,-1.086626,-0.646315,0.386827,-0.925091,-1.170788,0.320403,-0.468567,-1.040434,-0.023200,-0.157084,-1.501209,-0.173197,0.368488,-1.657009,-0.350803,0.899789,-1.506385,-0.112898,-0.197881,0.067459,-1.343564,0.659764,0.429140,-1.981030,1.119560,0.067744,-1.972953,1.414124,0.328174,-0.787690,-0.365420,-1.281462,-2.341279,0.373343,-0.281630,-2.783863,0.668379,-0.263014,-2.500245,0.899853,-0.391692,-1.284370,-0.438145,-0.750551,-2.071133,0.181343,-1.510837,-1.997007,0.286356,-2.638898,-1.883395,0.095263,-1.206679,-1.410980,-0.507839,-0.367412,-1.614838,-0.130020,0.041838,-1.669609,0.122564,-0.036730,-1.541816,0.178372,-0.810399,1.950101,1.553470,-0.489825,1.575894,1.271884,1.591507,1.909513,1.333105,-1.576876,1.513223,1.309065,1.538911,1.652944,1.159523,1.384741,1.927484,0.912910,-1.163998,1.621894,1.141089,1.138061,1.730461,0.851867,1.575474,1.513639,0.063300,0.030654,1.399197,0.684220,-0.983602,1.516511,0.285631,0.236385,1.519519,0.139051,-1.628664,1.854758,0.724578,1.737568,1.814862,0.479913,-1.295018,1.885484,0.952775,1.399966,1.571425,0.803707,2.110049,1.290152,0.488552,1.383326,1.410639,0.900289,-1.451822,1.703719,1.003281,-1.960856,1.835353,1.112626,-0.887620,1.682748,1.058456,-0.135813,1.578164,0.773039,-0.013821,1.618318,0.824297,1.251445,1.357335,0.519308,1.299488,1.537836,0.497714,1.724428,1.473626,0.851167,-0.108963,1.804132,1.000496,-0.170896,1.539926,0.393120,0.674751,1.456131,1.039262,-0.085538,1.634358,1.400603,0.142714,1.720857,1.157474,-1.610292,1.934683,1.107690,0.230564,2.051972,1.013915,-0.439052,2.026129,0.346152,-1.202282,2.047326,0.895672,-0.307428,1.724631,0.869447,-1.903504,1.617311,1.310015,-0.650031,1.471926,1.018760,-0.378536,1.591218,0.869065,1.463194,1.506515,1.005939,-1.400833,1.559975,1.235877,2.290170,1.656282,1.505452,-1.233766,1.443620,1.106160,-0.848437,2.076907,0.601511,0.198479,1.398850,0.598971,1.440609,1.546239,1.320546,-0.961278,1.326593,0.556759,0.480025,1.901843,0.509290,0.303493,1.586001,0.855749,0.308099,2.027715,0.747997,-0.157712,1.896582,1.173285,0.471074,1.990518,1.228457,1.135894,1.929432,0.922232,-1.522008,1.685162,0.995454,2.129603,1.890395,1.052576,-0.177898,1.414878,0.795800,-1.143228,1.656456,0.903931,2.284954,1.739861,0.981455,2.175876,1.857587,1.111163,2.265630,1.988643,1.270396,0.487453,1.835079,1.123735,2.421021,1.818644,1.044969,1.412043,1.901695,1.314151,1.371602,1.934644,0.985368,-0.466110,1.726585,1.059444,1.054821,1.944484,0.983625,-0.177981,1.887142,1.309925,1.749720,1.827201,1.037796,1.199521,1.451168,0.540601,0.188041,1.396355,0.942026,-1.850506
1.587216,0.403726,1.115271,-0.721881,-0.311540,0.586155,-1.341372,-1.192223,0.203518,-1.279393,-1.581869,-0.558285,-0.563937,-0.851146,-3.731569,1.807383,1.377424,0.971407,-1.107061,0.878507,0.289896,0.723219,-0.350161,-0.371583,-0.435001,1.768828,1.320611,-1.144353,1.931086,0.841266,-1.144353,1.931086,-0.000001,-1.144353,1.931086,-0.000001,-0.535779,2.457260,1.531245,-0.535779,2.457260,-0.000001,-0.535779,2.457260,-0.000001,0.967388,1.780205,1.299270,1.159498,0.366902,0.258495,1.687085,0.831390,-0.600813,1.064263,1.350654,1.703153,-0.535797,2.457276,-0.000001,-0.535797,2.457276,-0.000001,-0.535779,2.457276,-0.000001,-1.144353,1.931086,-0.000001,-1.144349,1.931086,-0.000001,-1.144353,1.931086,-0.000001,0.860549,0.539382,1.143971,0.772009,1.241607,2.586632,0.061000,-0.787768,2.403101,-1.225262,-0.988693,1.609811,0.078453,0.199152,0.041759,-0.027345,0.263641,0.552753,-0.919857,-0.090015,0.715745,-0.715795,-0.793387,0.850493,-0.617788,0.155654,0.308720,0.903945,0.548676,1.019842,-0.470101,-0.202301,-1.156162,-1.180399,-0.312814,-0.154386,-1.104586,-0.582170,-0.148404,-0.120487,0.571345,0.104636,-1.282630,0.505974,0.181910,-0.891460,-0.935693,0.700014,-1.070718,-1.541382,-0.873319,0.079944,0.371473,0.687296,-0.626655,0.157309,0.678365,-0.640283,-0.072923,1.481128,-0.288490,-0.876651,1.249761,0.331990,-0.919800,-1.427534,0.334887,-0.509007,-1.092290,0.068677,0.085596,-1.277223,-0.173770,0.684180,-1.635938,-0.376542,1.117311,-1.436477,-0.070491,-0.199461,0.309410,-1.209491,0.633152,-0.141705,-1.782217,1.109561,-0.136599,-1.772922,1.400277,0.481796,-0.732368,-0.368774,-0.780053,-2.255862,0.375486,-0.082046,-2.676198,0.686232,-0.598117,-2.297525,0.869278,-0.269533,-1.252554,-0.433707,-1.044339,-1.856252,0.088430,-1.343966,-1.987979,0.376578,-1.956122,-1.610757,0.183941,-1.314039,-1.415367,-0.489126,-0.495531,-1.587826,-0.116928,0.324306,-1.570249,0.133090,0.584965,-1.300436,0.248213,-0.700072,1.946684,1.540017,-0.142845,1.572635,1.260189,2.556579,1.905797,1.321419,-1.197411,1.509881,1.298553,1.586347,1.649716,1.151098,1.453265,1.924285,0.906006,-1.136959,1.618584,0.499856,0.986283,1.727430,0.291594,1.544664,1.510765,0.058709,-0.028406,1.639134,0.679139,-1.391171,1.514216,0.280155,0.144598,1.517334,0.134556,-1.728234,1.852936,0.716857,1.676751,1.813248,0.471024,-1.377730,1.884034,0.942803,1.327323,1.569897,0.793196,1.946084,1.288571,0.475415,1.317029,1.636650,0.506087,-1.628711,1.930109,0.359823,-1.751010,2.071676,0.730679,-0.741081,1.679011,1.050610,-0.066130,1.574805,0.765469,-0.177964,1.615497,0.814818,1.273546,1.354742,0.512137,1.623586,1.535365,0.488517,1.852117,1.471374,0.424859,-0.118380,1.802354,0.988238,-0.151575,1.536706,0.385850,0.591864,1.452878,1.031054,-0.246034,1.631094,1.391555,-0.096429,1.717684,1.151342,-1.846111,2.156735,1.101187,0.173903,2.049054,1.005340,-0.296333,2.023357,0.338970,-1.029941,2.044503,0.887689,-0.316585,1.971565,0.863827,-2.038037,1.613472,0.977797,-0.984182,1.468286,1.012379,-0.539880,1.587772,0.863004,1.283299,1.503090,0.999149,-1.574266,1.556511,1.225136,2.397593,1.652418,1.494143,-0.964492,1.440777,1.095368,-0.798501,2.074486,0.593365,0.203390,1.396429,0.590821,1.532214,1.305870,1.309138,-1.020753,1.324213,0.548514,0.631287,1.899509,0.501438,0.431980,1.582614,0.847877,0.056867,2.024765,0.740287,0.207984,1.893404,0.838349,0.276039,1.987548,1.223026,1.103725,1.926636,0.564779,-1.180003,1.682330,0.989434,1.919989,2.143904,1.047446,-0.315998,1.412085,0.791210,-1.391359,1.905670,0.897438,2.168355,1.736656,0.974172,2.039113,1.854197,1.103950,2.203965,1.985681,0.874721,0.490751,1.832144,1.116169,2.390407,1.815364,1.039922,1.078274,1.898651,0.952867,1.283334,1.931780,0.980817,-0.378716,1.723704,1.054432,0.831761,1.941603,0.979111,-0.059331,1.884111,0.945816,1.655857,1.823995,1.032793,0.989061,1.447669,0.532801,0.584792,1.393794,0.589192,-1.786951
1.591040,0.396081,0.876901,-0.727771,-0.291566,0.561811,-1.343918,0.009517,-0.087811,-1.406181,-1.519754,-1.254197,-0.682698,-0.713925,-2.571247,1.802738,1.367020,0.546739,0.855368,0.878507,0.480907,0.716318,-0.407313,0.398584,-0.456368,1.771470,1.705478,-1.167835,1.936767,1.764216,-1.167835,1.936767,-0.000001,-1.167835,1.936767,-0.000001,-0.535490,2.452083,1.495600,-0.535490,2.452083,-0.000001,-0.535490,2.452083,-0.000001,0.968195,-0.451302,1.429662,1.156326,0.367674,0.397200,1.679145,-1.151049,-0.908261,1.059700,-0.173164,1.475828,-0.535508,2.452099,-0.000001,-0.535508,2.452099,-0.000001,-0.535490,2.452099,-0.000001,-1.167835,1.936767,-0.000001,-1.167830,1.936767,-0.000001,-1.167835,1.936767,-0.000001,0.736482,0.849437,0.905026,0.651362,0.326436,1.172073,0.884313,-1.259415,1.063555,0.135968,-1.047352,0.409597,-0.050791,0.116350,-0.349783,0.331128,0.523939,0.127095,0.583131,-0.791635,0.181225,-0.359292,-0.858668,0.525417,-0.684304,0.284118,-0.337491,0.770301,0.505518,0.053325,0.674277,-0.260101,-0.857436,0.036746,-0.817015,-0.138238,0.055293,-0.626713,0.276767,0.698455,0.517571,0.375332,0.399963,-0.019650,-0.265936,0.155323,-0.989983,0.284680,0.654014,-0.586210,-0.391942,0.372158,0.322631,0.662108,0.276390,0.106978,0.242797,-0.000571,-0.459088,0.742197,0.445588,-0.421062,0.676922,0.356097,-0.907357,-1.427534,0.354110,-0.494780,-1.092290,0.085419,0.103209,-1.277223,-0.155235,0.703492,-1.635938,-0.358177,1.136249,-1.436477,-0.046360,-0.185660,0.309410,-1.171471,0.649369,-0.141705,-1.744672,1.127032,-0.136599,-1.744412,1.417539,0.481796,-0.704414,-0.356772,-0.780053,-2.223203,0.389476,-0.082046,-2.643887,0.700092,-0.598117,-2.270802,0.881974,-0.269533,-1.228211,-0.422382,-1.044339,-1.833562,0.101010,-1.343966,-1.962602,0.388940,-1.956122,-1.586839,0.195476,-1.314039,-1.397049,-0.478130,-0.495531,-1.570516,-0.105124,0.324306,-1.551240,0.144623,0.584965,-1.279599,0.259045,-0.700072,1.755540,0.743451,-1.958816,1.571819,1.149183,-0.498952,1.904678,0.514011,-2.450410,1.508649,0.486447,0.152967,1.458946,0.413070,2.130284,1.922331,1.909546,-0.790480,1.615703,0.381056,0.485677,1.723594,0.186824,0.027267,1.505682,1.164108,0.591600,1.390708,0.597180,-0.227671,1.506880,1.507886,-0.080890,1.509694,0.781078,-0.761936,1.845468,0.079299,1.050326,1.581137,0.367547,-1.796169,1.876950,0.256423,-1.142806,1.562615,0.140340,0.213266,1.281038,0.365856,0.315871,1.405282,0.829341,-1.721208,1.467840,0.945365,-0.838656,1.829109,1.044904,0.157312,1.675686,0.992340,1.667070,1.570555,0.709027,-0.651330,1.610075,0.744424,0.246180,1.348935,0.792314,1.103056,1.528389,0.833067,-0.060371,1.463958,0.775580,1.963398,1.795241,0.299007,0.304520,1.531651,1.063182,-0.208262,1.447771,0.958325,-0.768895,1.367550,0.829605,-0.806573,1.712951,0.728697,-0.918062,1.927822,0.627475,0.358632,2.044691,0.412896,-1.347716,2.018438,0.687805,-2.548361,2.039308,0.306227,-0.422827,1.716106,0.806334,-0.555084,1.373705,0.923737,1.481886,1.465492,0.636523,0.362282,1.584707,0.505756,2.518218,1.499448,0.942078,-0.741848,1.553429,0.559604,1.270359,1.649824,0.824527,-1.958421,1.435102,0.457360,-2.327336,1.843708,0.133481,-1.537640,1.389596,0.130695,-0.150744,1.537049,0.637289,-0.766855,1.317496,0.896181,-0.475394,1.894072,1.229910,-0.233398,1.579012,0.749734,-1.138440,2.020831,0.650052,-1.599652,1.888961,1.109668,2.057385,1.982856,0.801470,1.637117,1.921490,1.206396,-0.298198,1.676193,0.522082,2.258964,2.137485,0.650824,0.476505,1.406035,1.054198,0.083064,1.900016,0.361273,2.524843,1.731592,0.372760,0.626705,1.849457,0.508346,1.684164,1.981731,0.414732,0.730896,1.610489,0.495135,0.892332,1.810777,0.649724,3.036170,1.893840,0.533197,2.152718,1.926508,0.924052,2.012431,1.717250,0.666889,2.650695,1.936300,0.922813,1.876442,1.879321,0.522864,2.351311,1.819513,0.646070,2.825907,1.444623,0.467483,-1.022717,1.387634,0.878107,-0.706925
1.593738,0.400243,0.967972,-0.716721,0.788720,0.364008,-1.335792,0.031200,-0.049886,-1.405814,-1.457507,-1.350598,-0.804979,-0.667932,-2.991523,1.804515,1.365223,0.730025,0.871829,-0.178063,0.649045,0.700357,-0.390168,0.429024,-0.490877,1.766176,0.533688,-1.170443,1.931086,1.590909,-1.170443,1.931086,-0.000001,-1.170443,1.931086,-0.000001,-0.547644,1.786293,1.589664,-0.547644,1.786293,-0.000001,-0.547644,1.786293,-0.000001,0.971160,1.781152,1.521278,1.154379,0.360581,0.409171,1.679783,-1.151841,-0.961496,1.056074,-0.178651,1.566660,-0.547662,1.786308,-0.000001,-0.547662,1.786308,-0.000001,-0.547644,1.786308,-0.000001,-1.170443,1.931086,-0.000001,-1.170439,1.931086,-0.000001,-1.170443,1.931086,-0.000001,1.154939,0.549783,1.047148,0.864443,0.569821,0.242772,1.435464,-1.199188,1.660606,1.168901,-1.138986,1.585113,1.168578,-0.931345,-0.998338,0.709778,0.446315,0.671162,1.395962,-0.002955,0.819868,1.115224,0.271282,0.982706,-0.372347,0.457318,1.446173,1.332930,0.758297,0.603436,0.987999,-0.690248,0.945445,1.126508,-1.296684,1.419585,0.613723,-0.327427,0.050294,1.233696,0.279460,1.052217,1.243517,-0.548884,-0.120314,1.142518,-0.631733,0.888578,0.866925,-0.823015,0.454402,0.836629,0.506718,0.500841,0.489235,-0.058362,-0.193780,0.987289,-1.304374,0.550536,1.100968,-1.221305,0.465140,0.184110,-0.904246,-1.416766,0.303576,-0.516175,-1.171046,0.175135,0.067660,-1.186025,-0.120671,0.888992,-1.652680,-0.292096,1.043007,-1.460691,0.025265,-0.287025,0.194959,-1.002049,0.568136,-0.348567,-1.456471,0.956846,-0.181731,-1.447871,1.197713,0.583963,-0.682747,-0.375963,-0.523410,-1.811125,0.281026,-0.669862,-1.975819,0.573744,-0.079189,-1.742098,0.776332,0.542777,-1.170320,-0.426525,-0.648193,-1.759885,0.075872,-1.671049,-1.745157,0.373253,-2.656369,-1.520929,0.524263,-1.148566,-1.324191,-0.468470,-0.310240,-1.516565,-0.107459,0.147993,-1.507751,0.143417,0.630913,-1.211941,0.251807,-0.289509,1.796845,0.758174,-0.467681,1.432368,0.643310,1.613744,1.961864,0.806152,-1.111965,1.371620,0.917823,1.523087,1.528594,0.924503,1.966329,1.820414,0.791398,-0.936288,1.532074,0.436709,1.194401,1.687262,0.831535,1.693167,1.515423,0.448678,0.108079,1.451182,0.661198,-0.788448,1.620175,0.215202,0.385385,1.408822,0.037542,-1.018203,1.776897,0.485454,1.290509,1.520144,0.105729,-0.954885,1.828775,0.465294,0.483944,1.513558,0.227470,1.878075,1.453099,0.335461,1.407082,1.709994,0.377344,-2.141324,2.024419,0.858620,-1.335829,1.961694,0.921141,0.289642,1.600839,1.239833,1.335847,1.530297,0.961921,-0.424609,1.392332,0.609544,0.442182,1.404903,1.012158,0.745073,1.369774,0.270960,0.553647,1.338839,0.637442,1.294194,1.711391,0.740751,-0.200933,1.524742,0.661807,0.081650,1.440793,0.535347,-0.334867,1.360589,0.904603,0.259730,1.710254,0.830224,-1.179194,2.127700,0.795277,0.732225,2.032423,0.627258,-0.328259,2.022062,0.448030,-1.384086,1.815384,0.512197,-0.347793,1.497191,0.941169,-1.595798,1.494871,0.925200,0.122081,1.364659,0.618862,0.129929,1.515708,0.795687,2.265961,1.446767,0.943622,-1.191359,1.484055,1.142273,1.939898,1.550339,0.836904,-1.325742,1.479758,0.432299,-1.178151,1.907471,0.088833,-0.913295,1.482138,0.086024,1.140406,1.406624,0.605719,-0.077404,1.408482,0.467408,0.315797,1.957285,0.424191,-0.687842,1.526908,0.581741,0.141584,1.996480,0.461023,-0.158952,1.880497,0.978006,0.442253,1.990310,1.022521,1.131997,1.943184,0.707812,-1.410495,1.721979,0.767147,2.070924,1.953784,0.878542,-0.226413,1.451176,0.969033,-1.164165,1.672949,0.702836,2.379789,1.739636,0.760013,1.971719,1.840426,0.891860,2.232712,1.957280,1.097733,0.536718,1.793252,0.860381,2.301741,1.802039,0.873753,1.528350,1.901482,1.132860,1.409873,1.950701,0.819003,-0.167949,1.779449,0.889394,1.252283,1.960637,0.818626,0.119766,1.886930,1.127216,1.789266,1.810973,0.868104,1.349532,1.356231,0.452576,-0.279659,1.462901,0.856703,-1.213108
1.593738,0.400243,0.967972,-0.716721,0.788720,0.364008,-1.335792,0.031200,-0.049886,-1.405814,-1.457507,-1.350598,-0.804979,-0.667932,-2.991523,1.804515,1.365223,0.730025,0.871829,-0.178063,0.649045,0.700357,-0.390168,0.429024,-0.490877,1.766176,0.533688,-1.170443,1.931086,1.590909,-1.170443,1.931086,-0.000001,-1.170443,1.931086,-0.000001,-0.547644,1.786293,1.589664,-0.547644,1.786293,-0.000001,-0.547644,1.786293,-0.000001,0.971160,1.781152,1.521278,1.154379,0.360581,0.409171,1.679783,-1.151841,-0.961496,1.056074,-0.178651,1.566660,-0.547662,1.786308,-0.000001,-0.547662,1.786308,-0.000001,-0.547644,1.786308,-0.000001,-1.170443,1.931086,-0.000001,-1.170439,1.931086,-0.000001,-1.170443,1.931086,-0.000001,1.154939,0.549783,1.047148,0.864443,0.569821,0.242772,1.435464,-1.199188,1.660606,1.168901,-1.138986,1.585113,1.168578,-0.931345,-0.998338,0.709778,0.446315,0.671162,1.395962,-0.002955,0.819868,1.115224,0.271282,0.982706,-0.372347,0.457318,1.446173,1.332930,0.758297,0.603436,0.987999,-0.690248,0.945445,1.126508,-1.296684,1.419585,0.613723,-0.327427,0.050294,1.233696,0.279460,1.052217,1.243517,-0.548884,-0.120314,1.142518,-0.631733,0.888578,0.866925,-0.823015,0.454402,0.836629,0.506718,0.500841,0.489235,-0.058362,-0.193780,0.987289,-1.304374,0.550536,1.100968,-1.221305,0.465140,0.184110,-0.904246,-1.416766,0.303576,-0.516175,-1.171046,0.175135,0.067660,-1.186025,-0.120671,0.888992,-1.652680,-0.292096,1.043007,-1.460691,0.025265,-0.287025,0.194959,-1.002049,0.568136,-0.348567,-1.456471,0.956846,-0.181731,-1.447871,1.197713,0.583963,-0.682747,-0.375963,-0.523410,-1.811125,0.281026,-0.669862,-1.975819,0.573744,-0.079189,-1.742098,0.776332,0.542777,-1.170320,-0.426525,-0.648193,-1.759885,0.075872,-1.671049,-1.745157,0.373253,-2.656369,-1.520929,0.524263,-1.148566,-1.324191,-0.468470,-0.310240,-1.516565,-0.107459,0.147993,-1.507751,0.143417,0.630913,-1.211941,0.251807,-0.289509,1.796845,0.758174,-0.467681,1.432368,0.643310,1.613744,1.961864,0.806152,-1.111965,1.371620,0.917823,1.523087,1.528594,0.924503,1.966329,1.820414,0.791398,-0.936288,1.532074,0.436709,1.194401,1.687262,0.831535,1.693167,1.515423,0.448678,0.108079,1.451182,0.661198,-0.788448,1.620175,0.215202,0.385385,1.408822,0.037542,-1.018203,1.776897,0.485454,1.290509,1.520144,0.105729,-0.954885,1.828775,0.465294,0.483944,1.513558,0.227470,1.878075,1.453099,0.335461,1.407082,1.709994,0.377344,-2.141324,2.024419,0.858620,-1.335829,1.961694,0.921141,0.289642,1.600839,1.239833,1.335847,1.530297,0.961921,-0.424609,1.392332,0.609544,0.442182,1.404903,1.012158,0.745073,1.369774,0.270960,0.553647,1.338839,0.637442,1.294194,1.711391,0.740751,-0.200933,1.524742,0.661807,0.081650,1.440793,0.535347,-0.334867,1.360589,0.904603,0.259730,1.710254,0.830224,-1.179194,2.127700,0.795277,0.732225,2.032423,0.627258,-0.328259,2.022062,0.448030,-1.384086,1.815384,0.512197,-0.347793,1.497191,0.941169,-1.595798,1.494871,0.925200,0.122081,1.364659,0.618862,0.129929,1.515708,0.795687,2.265961,1.446767,0.943622,-1.191359,1.484055,1.142273,1.939898,1.550339,0.836904,-1.325742,1.479758,0.432299,-1.178151,1.907471,0.088833,-0.913295,1.482138,0.086024,1.140406,1.406624,0.605719,-0.077404,1.408482,0.467408,0.315797,1.957285,0.424191,-0.687842,1.526908,0.581741,0.141584,1.996480,0.461023,-0.158952,1.880497,0.978006,0.442253,1.990310,1.022521,1.131997,1.943184,0.707812,-1.410495,1.721979,0.767147,2.070924,1.953784,0.878542,-0.226413,1.451176,0.969033,-1.164165,1.672949,0.702836,2.379789,1.739636,0.760013,1.971719,1.840426,0.891860,2.232712,1.957280,1.097733,0.536718,1.793252,0.860381,2.301741,1.802039,0.873753,1.528350,1.901482,1.132860,1.409873,1.950701,0.819003,-0.167949,1.779449,0.889394,1.252283,1.960637,0.818626,0.119766,1.886930,1.127216,1.789266,1.810973,0.868104,1.349532,1.356231,0.452576,-0.279659,1.462901,0.856703,-1.213108
1.589116,0.375228,0.928811,-0.707324,0.785718,0.125704,-0.727602,0.018431,0.401251,-1.276221,-1.268469,-0.223608,-0.806751,-0.667262,-2.712571,1.802872,1.375990,1.192413,0.902716,1.976910,0.872824,0.726669,-0.367307,-0.131258,-0.474458,1.766176,-0.418871,-1.147426,1.567154,0.230188,-1.147426,1.567154,-0.000001,-1.147426,1.567154,-0.000001,-0.546161,1.784999,-1.487506,-0.546161,1.784999,-0.000001,-0.546161,1.784999,-0.000001,0.961985,-0.453167,1.329511,1.147290,0.343983,0.476598,1.685166,-1.157930,-0.902390,1.057321,-0.200596,1.422443,-0.546179,1.785014,-0.000001,-0.546179,1.785014,-0.000001,-0.546161,1.785014,-0.000001,-1.147426,1.567154,-0.000001,-1.147421,1.567154,-0.000001,-1.147426,1.567154,-0.000001,2.864483,-0.151116,-1.086261,1.477597,-0.753209,0.639191,1.255368,-0.884784,1.177746,1.058187,-0.501215,1.690769,0.525200,-0.117542,0.750099,1.331345,0.594734,1.076262,1.382016,-0.356157,-0.737804,1.357161,0.605806,0.352820,1.131943,-0.031309,0.037359,1.805320,0.647297,0.482924,1.168593,-0.314328,1.128194,1.561125,-0.361837,0.557624,1.561380,0.280744,-0.179460,1.071817,0.751839,1.289943,1.322036,-0.892008,-0.244661,1.418602,-0.429063,0.384336,1.784222,0.641277,-0.247049,0.663778,0.149827,-0.159142,0.531385,-0.187808,0.003033,1.525486,-0.661633,0.616803,1.022922,0.351423,1.029651,-1.390783,-0.450138,-1.453143,-0.157420,-0.594679,-1.314356,0.040601,-0.217610,-1.589547,-0.223633,0.317387,-1.586718,-0.573804,0.831445,-1.254165,-0.116636,-0.356858,0.618833,-0.730213,0.248334,-0.120032,-0.967197,0.675848,-0.347261,-1.031168,1.011890,0.117070,-0.890665,-0.449048,0.290631,-1.539108,0.235590,-0.008899,-1.391463,0.620349,0.324131,-0.971776,0.786882,0.271114,-1.307230,-0.437448,0.426983,-1.519942,0.069689,-0.447076,-1.467151,0.253059,-1.399047,-1.282486,0.093585,-0.720696,-1.394425,-0.401480,0.345161,-1.393919,-0.070213,0.335493,-1.148388,0.258823,0.880383,-1.163870,0.108536,-0.283139,1.803498,0.268336,-0.875049,1.438566,0.170715,1.187135,1.968542,0.302598,-1.309389,1.377775,0.407988,1.233644,1.534199,1.087300,2.040943,1.825393,0.932771,-1.080197,1.536409,0.595942,1.362554,1.690079,0.410795,1.477407,1.516748,0.545983,-0.100929,1.450527,0.769260,-0.207554,1.617655,0.325940,-0.210845,1.405330,0.488319,-1.189484,1.772465,0.083160,1.431883,1.515508,0.263560,-0.630906,1.824419,0.038113,-0.209320,1.508771,-0.176095,1.594895,1.448147,-0.139907,1.456247,1.485425,0.880912,-2.397158,1.798860,0.954201,-0.726920,1.725153,1.034506,0.579353,1.605026,0.982189,2.045263,1.533419,0.713427,-0.346616,1.636514,0.297875,0.457060,1.404474,0.777693,0.961866,1.367979,0.395698,-0.023352,1.335689,0.763974,1.908651,1.707633,0.320814,-0.076440,1.526586,0.770341,-0.071146,1.442656,0.661620,-0.291698,1.362447,0.557231,0.249026,1.458466,0.931763,-0.527385,1.903424,0.906649,0.469942,1.800723,0.257770,-1.118867,1.783292,0.564334,-2.383322,1.816248,0.648902,-0.311063,1.749495,1.032438,-0.936624,1.261264,1.019861,1.044254,1.369818,0.713479,0.482577,1.519568,0.576651,2.239085,1.450200,1.043555,-0.936804,1.487936,0.733012,1.319960,1.313472,1.003648,-1.826392,1.479535,0.592400,-1.498876,1.679902,0.205765,-1.817319,1.480165,0.203017,0.353995,1.404071,0.774850,-0.218216,1.406543,0.589265,-0.132370,1.956304,0.940451,-1.073264,1.530303,0.727117,-0.266169,1.998830,0.596597,-1.017843,1.882408,1.066760,1.337731,1.991375,0.757844,1.463486,1.943822,1.157776,-1.267849,1.721979,0.873486,2.422801,1.952850,0.968137,0.111773,1.451176,1.053894,-0.655343,1.673638,0.822102,2.814496,1.740786,0.380526,1.353359,1.842466,0.516037,1.872989,1.959640,0.807249,0.770463,1.576082,0.469634,1.826722,1.804013,0.961897,2.630466,1.902574,0.868949,2.000714,1.951372,0.903329,0.872318,1.778972,0.976938,2.165256,1.961312,0.902260,0.973513,1.888017,0.861242,2.258043,1.812901,0.955463,2.300146,1.360813,0.568292,-0.824993,1.461629,0.609371,-0.725227
1.584518,0.380069,0.771931,-0.707886,-0.284909,-0.032501,-0.729785,0.027346,0.346974,-1.272723,-1.143591,1.111801,-1.049868,-0.574262,-1.571435,1.097665,1.370962,-0.092109,0.930712,1.995733,1.212846,0.734017,-0.373022,0.139625,-0.465129,1.302455,0.269436,-0.358494,1.193991,0.676958,-0.358494,1.193991,-0.000001,-0.358494,1.193991,-0.000001,-0.557410,1.102385,0.054457,-0.557410,1.102385,-0.000001,-0.557410,1.102385,-0.000001,0.961178,-0.449867,1.115548,1.146497,0.348711,0.438000,1.684012,-1.158746,-0.960810,1.063231,-0.208518,1.494014,-0.557428,1.102401,-0.000001,-0.557428,1.102401,-0.000001,-0.557410,1.102401,-0.000001,-0.358494,1.193991,-0.000001,-0.358489,1.193991,-0.000001,-0.358494,1.193991,-0.000001,1.843063,0.502899,0.419466,1.482987,0.967386,0.640990,0.807075,-0.476712,1.048227,1.065829,-0.515846,1.321895,0.535897,0.462310,-1.893184,0.870125,0.871002,1.289880,1.386665,1.443757,-0.504953,0.014330,1.609277,1.317454,-0.376188,0.973472,0.650263,1.267810,1.408681,-0.175054,1.169894,0.119393,-0.116664,0.701841,0.061800,0.087555,0.333354,0.264808,0.448153,1.069993,1.220373,0.382278,1.322376,0.469438,-0.127284,1.049014,0.008789,0.434730,1.788141,1.122790,0.376935,1.044707,1.081540,-0.142489,0.531568,1.153037,0.465191,1.526901,-0.334872,0.880489,1.433846,0.335609,0.770572,-0.812207,-0.828847,-1.303555,-0.368895,-0.585976,-1.355986,-0.315091,-0.228696,-1.577667,-0.328145,0.161283,-1.280616,0.043504,0.402188,-0.268270,-0.732993,-0.316676,0.461677,-1.028165,0.142345,-0.511600,-1.182122,0.277819,-1.539038,-0.471854,0.821551,-1.033993,-1.701421,-0.195222,-0.012347,-1.639031,0.272086,0.023596,-1.328399,0.461590,0.744856,-0.655716,0.675973,0.239115,-1.777693,-0.132685,0.388540,-1.443470,0.314655,-1.626726,-1.312212,0.332015,-0.010377,-1.575570,0.117304,-0.816158,-1.616468,-0.154104,0.453656,-1.170842,0.277549,-1.097286,-1.032393,0.276922,0.156182,-1.298035,0.075213,-0.836339,1.757081,1.408352,-1.896561,1.391428,1.133424,-0.432244,1.699536,1.186445,-2.324180,1.510410,0.472264,0.094075,1.460647,0.401868,1.993021,1.924639,1.900584,-0.731423,1.618584,0.371387,0.490548,1.727028,0.178861,-0.244186,1.509882,1.158483,0.555897,1.395276,0.590956,-0.107906,1.512386,1.064617,-0.237965,1.271722,0.775024,-0.756336,1.850720,0.069136,1.148685,1.586568,0.355511,-1.523014,1.679372,0.242778,-0.896868,1.567792,0.126304,0.973341,1.286394,-0.316800,1.069805,1.407554,1.204517,-2.058582,1.470107,1.254113,-0.598500,1.591709,1.033824,0.132331,1.679011,0.981523,1.696913,1.324730,1.050209,-0.413314,1.614412,0.730954,0.281792,1.353455,0.782153,0.873064,1.533561,0.411106,-0.002702,1.469350,0.763213,2.197237,1.800375,0.874868,0.148023,1.535798,1.052923,-0.129867,1.451961,0.946617,-0.471285,1.371728,0.817524,-0.228477,1.465675,0.720289,0.119079,1.706370,0.618440,-0.157179,1.816518,0.401579,-1.972920,1.784352,1.100695,-2.518106,1.801729,0.295137,-0.815508,1.470750,0.798930,-0.397240,1.376261,0.914975,1.659551,1.468504,0.627551,0.644150,1.587772,0.497526,2.408880,1.502881,0.932828,-0.340853,1.556511,0.544264,1.276538,1.412528,0.809595,-1.627923,1.439699,0.442131,-1.911229,1.623216,0.122495,-1.907516,1.394662,0.119704,0.144465,1.304168,0.621252,-0.318102,1.322477,0.884971,-0.219688,1.898156,1.218870,-0.788403,1.346033,0.738905,-0.593739,1.805103,0.640091,-1.932157,1.892776,1.102878,2.239198,1.749448,0.794082,1.487707,1.925570,1.199458,-0.264062,1.680918,0.513891,2.185719,1.886265,0.644172,0.213632,1.410693,1.047852,0.291808,1.652622,0.352726,2.091948,1.735722,0.363172,0.782063,1.853527,0.498851,1.422925,1.985087,0.797122,0.342005,1.613623,0.485227,0.801165,1.814715,0.643180,2.846019,1.897763,0.526158,1.933434,1.930912,0.917791,1.498097,1.722273,0.660389,2.530911,1.940730,0.916604,1.331562,1.883227,0.515771,2.071834,1.823361,0.639584,2.680791,1.447669,0.456823,-0.886790,1.392323,0.868813,-0.568595
1.597187,0.393320,1.038569,0.220523,0.794512,-0.768790,-0.696320,0.050236,-0.053010,-1.147386,-0.829397,-0.551048,-0.927843,-0.526815,-0.961309,1.097257,1.368629,0.110860,0.878012,1.983193,1.385392,0.696459,-0.355877,0.580871,-0.462387,1.305981,-0.314564,-1.148039,1.194701,0.249333,-1.148039,1.194701,-0.000001,-1.148039,1.194701,-0.000001,0.985520,1.107561,0.016700,0.985520,1.107561,-0.000001,0.985520,1.107561,-0.000001,0.966844,1.799002,1.384668,1.155557,0.361353,0.282371,1.688238,0.872349,-0.559084,1.063434,-0.175619,1.723195,0.985502,1.107577,-0.000001,0.985502,1.107577,-0.000001,0.985520,1.107577,-0.000001,-1.148039,1.194701,-0.000001,-1.148035,1.194701,-0.000001,-1.148039,1.194701,-0.000001,1.300909,0.513332,-0.171507,0.924969,0.549235,0.947814,1.229372,-0.035157,1.619421,1.030718,-0.032038,1.223153,0.492173,0.506149,-0.703775,0.379187,0.599305,0.402567,0.817970,0.872845,-1.028009,0.431840,1.127908,0.690431,-0.399009,0.838118,0.157849,0.700505,1.430241,-0.844323,1.144692,0.148337,-0.584182,0.672723,0.086290,-0.100719,0.715755,-0.114080,0.261023,1.044111,1.727351,0.584328,0.856100,0.954918,0.245230,0.653196,0.034101,-0.580375,1.758188,1.150445,0.021430,1.023738,2.050814,0.665056,0.989849,1.178181,0.015751,0.791595,0.364572,-0.104423,1.815600,0.359354,0.404627,-0.422865,-0.656522,-1.303555,-0.032242,-0.422436,-1.355986,0.069368,-0.034517,-1.577667,0.324859,0.246960,-1.280616,0.652977,0.450558,-0.268270,-0.343272,-0.125551,0.461677,-0.414129,0.366929,-0.511600,-0.524607,0.503322,-1.539038,0.377141,0.898135,-1.033993,-1.249947,-0.029013,-0.012347,-1.111582,0.465839,0.023596,-0.476318,0.588313,0.744856,-0.078443,0.505246,0.239115,-1.384535,0.024155,0.388540,-1.077013,0.488871,-1.626726,-0.902361,0.503206,-0.010377,-1.189279,0.277055,-0.816158,-1.320627,-0.001820,0.453656,-0.891272,0.441014,-1.097286,-0.725386,0.436636,0.156182,-0.961511,0.225223,-0.836339,1.744623,1.257180,-0.584774,1.382628,1.126412,1.686200,1.696757,1.324478,-1.258199,1.516566,1.445614,1.725965,1.478307,1.409615,1.482415,1.769006,0.668877,-0.677213,1.706749,0.939296,1.364506,1.633564,0.714315,1.662170,1.708758,0.365834,0.786508,1.399197,1.007707,0.073214,1.826363,0.559897,0.540261,1.607271,0.316244,-0.666717,1.961439,0.902719,1.143551,1.704745,0.549408,-0.628159,1.995987,0.904496,0.386222,1.689842,0.640000,2.351274,1.635662,0.147806,2.030244,1.416616,0.654913,-2.164260,1.499615,1.085464,-1.760198,1.658435,1.186734,-0.802655,1.540098,1.130807,0.119227,1.470797,0.857851,-0.131037,1.582349,0.923176,0.984625,1.595405,0.912689,0.193176,1.570901,0.560449,0.966540,1.542032,0.933882,0.262700,1.446402,1.164910,-0.570700,1.465616,0.556910,0.290858,1.642515,0.853973,0.086775,1.561789,1.259691,1.401464,1.398947,1.099277,0.447072,1.847956,1.099391,0.252387,1.745034,1.007584,-0.470453,1.727326,0.766980,-1.464182,1.517112,0.885486,-0.233916,1.441847,0.856713,-1.106439,1.433751,1.163054,0.150968,1.545305,0.853239,0.423918,1.688728,1.018280,1.570607,1.389172,1.194721,-0.563147,1.658016,1.559193,1.975412,1.489617,1.256383,-0.135324,1.426335,0.830124,-0.247568,1.632910,0.374408,-0.935550,1.431236,0.371749,1.540455,1.358384,1.024673,1.063460,1.602172,0.770567,0.509488,1.692587,0.712926,-1.556147,1.469943,1.003083,2.088726,1.944994,0.848156,-0.777296,1.826110,0.897221,-0.420324,1.936486,1.296153,0.247822,1.889504,0.621597,-1.712345,1.664401,1.070505,1.887210,1.899580,1.137041,-0.431692,1.656163,0.893352,-0.606942,1.871103,1.053741,1.760153,1.939870,1.154068,1.847908,2.036402,1.282109,1.410111,1.905583,1.005797,-0.330578,1.741260,1.265340,2.467802,1.991658,1.128065,1.037532,1.846303,1.047669,0.710179,1.896158,0.742924,-1.288479,1.991160,1.141975,0.639328,1.905769,0.743172,-1.056352,2.076340,1.041359,0.855906,1.996291,1.120152,0.530815,1.540857,0.740456,0.130399,1.412939,0.758626,-0.425932
1.607581,0.376587,1.003736,0.216836,1.940943,-0.944458,-0.718389,1.291268,-0.504347,-1.008505,-0.639867,-0.000681,-0.804093,-0.251974,0.001185,1.102585,1.374018,0.154739,-1.107463,1.976910,1.556878,0.671438,-0.361592,0.415359,-0.461284,1.302455,0.707914,-0.346987,1.193281,0.905414,-0.346987,1.193281,-0.000001,-0.346987,1.193281,-0.000001,-0.535182,1.103679,0.454548,-0.535182,1.103679,-0.000001,-0.535182,1.103679,-0.000001,0.967388,1.791942,1.433214,1.178385,0.358989,-0.036044,1.682988,0.882892,-0.618100,1.064990,1.382345,2.242084,-0.535201,1.103695,-0.000001,-0.535201,1.103695,-0.000001,-0.535182,1.103695,-0.000001,-0.346987,1.193281,-0.000001,-0.346982,1.193281,-0.000001,-0.346987,1.193281,-0.000001,0.891362,0.505507,1.240145,1.548903,1.409554,0.219967,1.316369,0.382959,1.250782,0.640983,-0.028369,0.614789,0.603285,0.511027,-0.133617,0.933972,0.599305,-0.939561,0.388478,-0.341627,-1.847001,0.067867,-0.927983,-1.170526,-0.038785,0.694742,-1.325941,1.345268,0.261996,-0.399805,1.225464,-0.307092,-0.143579,0.325125,-0.354827,-1.047965,0.384211,-0.916475,-1.578996,1.137802,0.759527,-1.187890,0.944417,-0.424796,-0.938587,-0.389446,-0.877781,-0.906139,-0.402380,-1.837401,0.241376,0.336023,0.153587,-1.307522,0.328672,-1.090028,-1.101982,0.149035,-0.999206,-1.300751,0.670952,-0.139807,-0.274140,-1.177431,0.339421,-0.942243,-1.177187,0.175160,-0.524521,-0.950007,0.124460,0.617895,-1.002946,-0.003881,0.598815,-0.375496,-0.188212,0.703542,-0.961263,0.417711,0.484999,-0.465269,0.585197,0.657157,0.582446,0.565091,-1.122723,1.307628,0.570750,-2.455807,-0.798269,0.664162,-0.289950,0.374837,0.738183,0.024964,-0.329199,0.652274,-0.789237,-0.857448,0.531716,0.003424,-0.549682,0.762013,-0.302528,0.545730,0.788562,-0.115076,0.005653,0.720847,-0.531473,-0.484972,0.695155,0.382879,-0.264304,0.831580,-1.071740,0.550339,0.861934,0.046481,0.332493,0.875206,-0.224573,0.091923,0.847699,0.147824,1.976893,1.320210,0.369490,1.422745,1.322110,2.518934,1.960194,1.673323,-0.677464,1.375313,1.938199,0.923144,1.546088,0.709611,0.277789,1.864164,1.260166,1.638329,1.620651,1.693592,-0.414895,1.823334,1.411655,1.546158,1.718931,0.867944,1.677936,1.706352,0.223362,-1.020223,1.942877,1.056784,1.549151,1.506203,0.313049,1.109404,1.893467,1.358747,-0.439267,1.644555,1.514169,-0.845805,2.154842,1.161112,0.183013,1.859234,0.768668,2.633846,1.812886,0.833444,2.041575,2.422223,0.613721,-0.694036,2.292703,0.371237,-0.616666,2.032292,1.085458,0.049991,1.711250,1.031933,0.366827,1.427181,0.778082,0.065509,1.606840,0.815204,1.310611,1.653081,0.816817,0.810986,1.665620,0.432022,1.581762,1.671427,1.245674,1.139918,1.807504,1.654601,-0.064800,1.717304,0.546327,1.006553,1.635309,0.898132,0.499041,1.554602,1.370443,0.898640,1.647589,1.596290,-0.605218,1.818315,1.300447,-1.071527,1.728419,1.263552,-0.271328,1.969302,0.984761,-0.574186,1.777235,1.636074,-0.874436,1.725753,0.679505,-1.683629,1.553851,0.855957,-1.882238,1.684967,0.858160,-1.093175,1.617492,1.022954,1.372193,1.575891,0.870524,-1.034212,1.586393,1.611854,2.502667,1.873995,1.309367,-0.882229,1.470126,1.400362,0.209689,1.694628,0.758462,-0.762957,1.524011,0.756005,1.540455,1.466825,1.620018,0.824598,1.695557,0.787771,1.097612,1.753845,0.729311,-0.935093,1.414236,1.432217,1.047859,1.917876,1.209464,-0.332331,2.055521,0.450151,0.461468,1.942010,1.184857,-0.544147,1.909687,0.496552,-0.266389,1.709467,1.350765,1.205528,1.971911,0.710227,-1.167328,1.702695,0.502886,0.280813,1.896642,1.437246,0.843854,1.948130,1.588330,1.578851,2.027160,1.712178,1.298676,1.878354,0.934855,-0.969502,1.703147,1.677787,1.712051,1.982716,0.708165,0.327562,1.851965,0.958296,-0.581836,1.918820,0.335825,-0.487416,2.055258,0.724932,-0.182892,1.928566,0.339415,-0.363722,2.084153,0.951287,-0.143300,1.987551,0.703990,-0.010572,1.449854,0.753240,1.050354,1.488206,0.757692,-1.189391
1.628345,0.388436,1.023197,1.188713,1.911521,-1.990491,0.562742,1.286678,-1.842237,-0.219977,-0.136095,0.573115,-0.806285,0.302879,-1.424581,1.103261,1.366658,0.340209,0.892412,0.901518,0.666162,0.677917,-0.338801,-0.671788,-0.454161,0.832546,0.989484,0.440254,0.817987,0.249462,0.440254,0.817987,-0.000001,0.440254,0.817987,-0.000001,-0.579348,0.419771,0.523941,-0.579348,0.419771,-0.000001,-0.579348,0.419771,-0.000001,0.979528,-0.454573,1.313085,1.199652,0.370859,-0.175094,1.681323,0.876383,-0.543219,1.063434,1.400329,2.296984,-0.579366,0.419787,-0.000001,-0.579366,0.419787,-0.000001,-0.579348,0.419787,-0.000001,0.440254,0.817987,-0.000001,0.440259,0.817987,-0.000001,0.440254,0.817987,-0.000001,0.676069,0.211070,-0.158454,0.589166,0.367565,-0.785913,0.829810,0.496676,0.549592,1.057045,0.411502,-0.458654,0.474978,0.179700,-0.445319,0.276462,0.843604,-0.633832,1.062106,-0.109388,0.154739,1.416404,-0.283485,1.403617,-0.105067,0.299030,0.676964,0.707311,0.542506,0.595025,0.212262,-0.216729,-1.045932,-0.453682,-0.771498,0.047499,-0.829450,-0.180972,0.390814,0.644844,0.075900,0.578101,-0.099481,-0.439410,-0.374373,-0.644882,-0.946560,0.321403,-0.313937,-1.040115,0.904077,-0.062223,0.367713,0.080350,0.488857,-0.310015,-0.357663,-0.405267,-0.423979,0.341241,0.397326,0.640609,0.610070,-1.063915,0.524694,-0.942243,-1.086668,0.386978,-0.524521,-1.201995,0.361825,0.617895,-1.155638,0.165502,0.598815,-1.027341,-0.048844,0.703542,-0.814761,0.714125,0.484999,-0.053079,0.742709,0.657157,0.861574,0.710125,-1.122723,1.189346,0.632801,-2.455807,-0.666637,0.842861,-0.289950,0.528620,0.946496,0.024964,-0.177053,0.858649,-0.789237,-0.731614,0.720762,0.003424,-0.435053,0.930639,-0.302528,0.652573,0.975868,-0.115076,0.125149,0.904901,-0.531473,-0.372345,0.866909,0.382879,-0.178049,0.995306,-1.071740,0.631850,1.037682,0.046481,0.422003,1.046920,-0.224573,0.190039,1.008981,0.147824,1.942761,0.838369,0.227252,1.575077,1.520138,2.636310,1.922695,1.177166,-0.965581,1.539256,1.435756,2.080224,1.511099,1.519315,0.410017,1.826457,0.848965,-0.070346,1.575636,1.864159,0.758490,1.777497,1.559150,1.881695,1.666676,0.572440,1.042654,1.653057,1.225418,0.545572,1.884616,0.731257,0.663017,1.697013,0.773725,0.223234,1.611327,1.511203,0.388786,1.591000,1.682973,1.572202,1.487629,1.335329,-0.497211,2.025165,0.939873,1.029046,1.759554,1.042550,1.275865,2.146156,0.344447,-1.246288,2.249575,0.474261,-1.170055,2.230307,1.207188,0.231476,1.913077,1.150777,1.208368,1.883952,0.891929,-0.290896,1.800965,0.958389,0.757104,1.844450,1.264259,0.797095,1.864486,0.982395,0.201970,1.868998,1.381542,2.197696,2.204364,1.242093,0.204285,1.924592,0.663113,0.234001,1.844701,1.033790,-0.112711,1.763451,1.517808,1.171064,1.850691,1.337922,-0.085319,2.001024,1.419780,-0.427076,1.916057,0.899493,-0.344269,1.919124,0.679852,-1.066518,1.971673,1.278751,-0.511122,1.926286,1.113626,-1.688110,1.750183,0.957919,-1.278946,1.638623,0.959442,-0.464702,1.803550,1.119143,1.467523,1.770765,1.327952,-0.837630,1.773462,1.209275,2.540307,1.827486,1.488489,-0.715360,1.665670,1.015307,-0.644935,2.102534,0.481753,-1.362059,1.968904,0.479150,1.142572,1.654879,1.214513,0.770306,1.887069,0.918602,0.280766,2.147289,0.853917,-1.458654,1.606969,1.588382,1.889545,1.873074,1.354999,-0.790687,2.006198,0.881257,-0.985852,2.133290,1.287825,-0.274191,2.102283,0.598880,-1.617396,1.919987,1.464948,1.540736,2.175832,1.490854,-0.898392,1.910475,0.594116,-0.417107,2.099081,1.565456,0.875532,2.154558,1.214343,1.377810,1.974537,1.341802,0.722737,1.833369,1.045280,-1.078070,1.880621,1.292685,1.969821,1.931800,1.139633,0.072730,2.048062,1.422042,-0.283753,2.115906,0.748585,-1.462945,2.267932,1.153464,-0.128341,2.126826,0.748786,-1.254444,2.032892,1.053897,-0.049377,1.937790,1.131616,-0.442255,1.649754,0.474936,0.501804,1.676787,1.218856,-0.625036
1.612578,0.389838,1.269292,2.145112,3.057087,-2.341790,1.198214,3.792588,-2.517197,-0.208433,0.117175,-0.506684,-0.805329,0.763622,-1.864091,1.101626,1.362529,-0.130244,0.902288,0.907801,0.190109,0.674888,-0.355877,-0.461793,-0.371435,0.377667,1.120084,1.231945,0.451207,0.402230,1.231945,0.451207,-0.000001,1.231945,0.451207,-0.000001,-0.544677,0.417183,1.401322,-0.544677,0.417183,-0.000001,-0.544677,0.417183,-0.000001,0.977370,1.786318,1.317919,1.187445,0.386685,-0.019120,1.677863,0.822876,-0.881159,1.061985,1.404588,2.197889,-0.544696,0.417199,-0.000001,-0.544696,0.417199,-0.000001,-0.544677,0.417199,-0.000001,1.231945,0.451207,-0.000001,1.231950,0.451207,-0.000001,1.231945,0.451207,-0.000001,0.669981,0.205854,-0.162842,1.116921,0.792620,-2.053967,0.828004,0.051814,-0.321768,1.055531,0.389489,-0.824893,0.473588,0.150434,0.240018,0.741332,0.539937,0.524600,1.058309,-0.138447,0.196628,0.500013,-0.830086,0.805275,3.279848,-3.236058,0.306100,1.245263,0.527116,0.659186,-0.620346,0.227845,-1.525223,-0.456755,-0.792483,-0.621744,-0.413820,-1.012013,-0.928811,1.104999,0.548279,-0.236529,0.342362,-0.461287,-0.915524,-0.270001,-0.964627,-0.689184,0.140075,-1.565039,-0.909301,-0.068285,-0.131944,-0.665975,0.485861,-0.327962,-0.885145,-0.046383,-0.785882,-0.469118,0.393768,-0.393353,-0.398500,-0.479812,0.825566,0.687411,-0.988869,0.804029,0.773420,-1.063003,0.692612,0.492319,-1.283786,0.542054,0.906699,-1.461505,0.366041,1.129221,-0.509047,1.004314,0.445899,0.267109,1.005582,0.587823,0.896744,0.927581,0.844798,1.233068,0.736038,0.865919,0.037214,1.131326,0.406994,0.713429,0.997054,0.621290,0.172223,0.860362,-0.655242,-0.241418,0.678009,-0.371012,0.702540,1.150436,1.011444,0.943989,0.970015,1.122535,0.520840,0.854838,-0.056927,0.034424,0.856297,0.305203,0.902131,1.161778,0.455435,1.079428,1.035037,0.624906,0.882583,0.973384,0.088763,0.627528,0.981757,0.239807,1.919719,1.521033,-0.752808,1.556489,1.654533,1.345523,1.696757,1.467477,-1.994891,1.533802,1.881315,0.166675,1.518405,0.135473,0.177041,1.656414,1.418414,-0.233493,1.653265,1.304809,-0.422769,1.903876,2.249093,0.094111,1.860668,1.065396,1.670734,1.651314,0.418877,0.866623,1.938062,1.213275,0.007971,1.786523,0.754889,1.645446,1.486082,1.940561,-0.484834,1.707153,2.021643,0.648512,1.388212,1.544179,1.299158,1.710917,1.586759,0.211790,1.888205,1.663253,0.401152,2.148419,0.647280,-1.452771,2.273306,0.358685,-1.240954,2.290999,1.053937,-0.423955,2.014646,1.376035,0.404305,1.770315,0.764212,0.165269,2.008949,0.789905,1.279463,2.087040,1.124462,-0.108253,2.155610,0.799326,-0.052391,1.940096,1.642435,0.278563,1.616670,1.657763,0.459649,1.846153,0.608207,0.679841,2.031549,1.030275,0.499644,1.949815,1.581180,1.239802,1.776294,1.436224,0.329505,1.676129,1.176053,-1.443261,1.596461,1.629857,-0.050514,1.608580,0.862046,0.005149,1.674486,1.487827,-0.513651,1.635233,0.568376,-0.603676,1.555341,0.608473,-1.147274,1.705769,0.926745,-0.904390,1.897183,1.088090,0.451790,1.646356,0.962424,-0.758276,1.867605,1.779642,1.630438,1.650683,1.478185,-0.130469,1.896461,1.527088,0.180370,1.647635,0.821174,-0.262894,2.003945,0.818749,1.159233,1.950958,1.748296,1.485040,1.921521,0.887967,0.025811,1.710677,0.824740,-0.993330,1.724311,1.988584,1.098152,1.556564,1.686352,-0.274727,1.929596,0.743671,-0.548367,2.074141,1.148594,-1.425330,1.812200,0.806645,-0.313200,2.166365,1.314123,-0.198854,1.658004,0.694541,-1.030206,1.889297,0.505204,0.823749,2.057279,1.460834,-0.575140,2.093024,1.619359,-0.163366,2.151330,1.742908,-0.329099,1.515564,0.948139,-1.189276,1.779174,1.672141,-0.068803,2.102859,0.692733,-0.349654,1.987424,0.579455,-1.386638,2.073007,0.640162,-0.580056,2.263853,0.709606,-1.178686,2.083671,0.641253,-0.646535,1.972510,0.937780,-1.197324,2.104969,0.688696,-0.728590,1.734212,0.844833,1.724599,1.692956,1.180368,-0.027091
1.612578,0.389838,1.269292,2.145112,3.057087,-2.341790,1.198214,3.792588,-2.517197,-0.208433,0.117175,-0.506684,-0.805329,0.763622,-1.864091,1.101626,1.362529,-0.130244,0.902288,0.907801,0.190109,0.674888,-0.355877,-0.461793,-0.371435,0.377667,1.120084,1.231945,0.451207,0.402230,1.231945,0.451207,-0.000001,1.231945,0.451207,-0.000001,-0.544677,0.417183,1.401322,-0.544677,0.417183,-0.000001,-0.544677,0.417183,-0.000001,0.977370,1.786318,1.317919,1.187445,0.386685,-0.019120,1.677863,0.822876,-0.881159,1.061985,1.404588,2.197889,-0.544696,0.417199,-0.000001,-0.544696,0.417199,-0.000001,-0.544677,0.417199,-0.000001,1.231945,0.451207,-0.000001,1.231950,0.451207,-0.000001,1.231945,0.451207,-0.000001,0.669981,0.205854,-0.162842,1.116921,0.792620,-2.053967,0.828004,0.051814,-0.321768,1.055531,0.389489,-0.824893,0.473588,0.150434,0.240018,0.741332,0.539937,0.524600,1.058309,-0.138447,0.196628,0.500013,-0.830086,0.805275,3.279848,-3.236058,0.306100,1.245263,0.527116,0.659186,-0.620346,0.227845,-1.525223,-0.456755,-0.792483,-0.621744,-0.413820,-1.012013,-0.928811,1.104999,0.548279,-0.236529,0.342362,-0.461287,-0.915524,-0.270001,-0.964627,-0.689184,0.140075,-1.565039,-0.909301,-0.068285,-0.131944,-0.665975,0.485861,-0.327962,-0.885145,-0.046383,-0.785882,-0.469118,0.393768,-0.393353,-0.398500,-0.479812,0.825566,0.687411,-0.988869,0.804029,0.773420,-1.063003,0.692612,0.492319,-1.283786,0.542054,0.906699,-1.461505,0.366041,1.129221,-0.509047,1.004314,0.445899,0.267109,1.005582,0.587823,0.896744,0.927581,0.844798,1.233068,0.736038,0.865919,0.037214,1.131326,0.406994,0.713429,0.997054,0.621290,0.172223,0.860362,-0.655242,-0.241418,0.678009,-0.371012,0.702540,1.150436,1.011444,0.943989,0.970015,1.122535,0.520840,0.854838,-0.056927,0.034424,0.856297,0.305203,0.902131,1.161778,0.455435,1.079428,1.035037,0.624906,0.882583,0.973384,0.088763,0.627528,0.981757,0.239807,1.919719,1.521033,-0.752808,1.556489,1.654533,1.345523,1.696757,1.467477,-1.994891,1.533802,1.881315,0.166675,1.518405,0.135473,0.177041,1.656414,1.418414,-0.233493,1.653265,1.304809,-0.422769,1.903876,2.249093,0.094111,1.860668,1.065396,1.670734,1.651314,0.418877,0.866623,1.938062,1.213275,0.007971,1.786523,0.754889,1.645446,1.486082,1.940561,-0.484834,1.707153,2.021643,0.648512,1.388212,1.544179,1.299158,1.710917,1.586759,0.211790,1.888205,1.663253,0.401152,2.148419,0.647280,-1.452771,2.273306,0.358685,-1.240954,2.290999,1.053937,-0.423955,2.014646,1.376035,0.404305,1.770315,0.764212,0.165269,2.008949,0.789905,1.279463,2.087040,1.124462,-0.108253,2.155610,0.799326,-0.052391,1.940096,1.642435,0.278563,1.616670,1.657763,0.459649,1.846153,0.608207,0.679841,2.031549,1.030275,0.499644,1.949815,1.581180,1.239802,1.776294,1.436224,0.329505,1.676129,1.176053,-1.443261,1.596461,1.629857,-0.050514,1.608580,0.862046,0.005149,1.674486,1.487827,-0.513651,1.635233,0.568376,-0.603676,1.555341,0.608473,-1.147274,1.705769,0.926745,-0.904390,1.897183,1.088090,0.451790,1.646356,0.962424,-0.758276,1.867605,1.779642,1.630438,1.650683,1.478185,-0.130469,1.896461,1.527088,0.180370,1.647635,0.821174,-0.262894,2.003945,0.818749,1.159233,1.950958,1.748296,1.485040,1.921521,0.887967,0.025811,1.710677,0.824740,-0.993330,1.724311,1.988584,1.098152,1.556564,1.686352,-0.274727,1.929596,0.743671,-0.548367,2.074141,1.148594,-1.425330,1.812200,0.806645,-0.313200,2.166365,1.314123,-0.198854,1.658004,0.694541,-1.030206,1.889297,0.505204,0.823749,2.057279,1.460834,-0.575140,2.093024,1.619359,-0.163366,2.151330,1.742908,-0.329099,1.515564,0.948139,-1.189276,1.779174,1.672141,-0.068803,2.102859,0.692733,-0.349654,1.987424,0.579455,-1.386638,2.073007,0.640162,-0.580056,2.263853,0.709606,-1.178686,2.083671,0.641253,-0.646535,1.972510,0.937780,-1.197324,2.104969,0.688696,-0.728590,1.734212,0.844833,1.724599,1.692956,1.180368,-0.027091
1.566053,0.444115,1.223874,2.158185,1.918179,-2.429895,1.818773,1.296328,-2.597134,-0.078514,0.305502,0.713172,-0.561769,0.856120,-0.161576,1.104086,1.358761,-0.044410,0.881304,-0.203168,0.875901,0.689559,-0.395883,-0.097959,2.307547,-0.082528,0.336326,1.238085,0.079464,-0.269572,1.238085,0.079464,-0.000001,1.238085,0.079464,-0.000001,0.966258,-0.248608,0.793272,0.966258,-0.248608,-0.000001,0.966258,-0.248608,-0.000001,0.967388,1.793377,1.342241,1.153586,0.397735,0.503914,1.689391,-1.153079,-1.001617,1.058561,1.354318,1.408217,0.966240,-0.248592,-0.000001,0.966240,-0.248592,-0.000001,0.966258,-0.248592,-0.000001,1.238085,0.079464,-0.000001,1.238089,0.079464,-0.000001,1.238085,0.079464,-0.000001,0.608331,0.208462,0.971051,0.841644,0.569821,-0.996239,0.472833,0.550206,0.428868,1.144461,-0.171323,-0.062894,1.744115,-0.273510,-0.965735,-0.262916,0.752267,0.435969,0.822205,0.021262,0.581666,1.093814,-0.242703,0.575760,-0.075283,0.312794,1.102959,0.762223,0.767516,0.365768,0.552152,-0.675776,0.572609,0.661770,-1.282666,1.492714,0.170357,-0.731812,0.519414,0.745478,0.287148,0.487608,0.774088,-0.534314,-0.120887,0.743460,-1.091318,0.773305,0.847661,-0.811211,1.494108,0.430486,0.025864,-0.523868,0.969425,-0.985813,-0.658140,0.973997,-1.296297,-0.453213,1.084782,-0.694435,-0.438662,-0.414124,1.135930,0.687411,-0.936489,1.158862,0.773420,-1.017385,1.131900,0.492319,-1.233279,1.023719,0.906699,-1.411462,0.838397,1.129221,-0.443295,1.348539,0.445899,0.370706,1.410069,0.587823,0.999048,1.363350,0.844798,1.310754,1.166585,0.865919,0.113385,1.430677,0.406994,0.802418,1.346014,0.621290,0.260265,1.206076,-0.655242,-0.168601,0.994695,-0.371012,0.768871,1.432914,1.011444,1.005816,1.283785,1.122535,0.589988,1.163161,-0.056927,0.099598,1.144015,0.305203,0.952044,1.436047,0.455435,1.126596,1.329446,0.624906,0.934380,1.261036,0.088763,0.684305,1.251932,0.239807,1.692394,1.501452,-0.834977,1.520931,1.493278,1.798860,1.439997,1.152489,-0.358398,1.481206,1.414733,1.796877,1.455379,1.504197,-0.174863,1.365073,0.837540,0.145007,1.509567,1.853334,0.431772,1.484981,1.550742,0.048229,1.598470,0.966656,0.027449,1.587362,1.661285,0.025937,1.296324,1.167108,-0.980199,1.633486,1.490474,-1.179853,1.324337,2.046099,0.897746,1.533234,1.664685,0.770795,1.229372,1.909437,0.015398,1.318312,1.484126,-1.266182,1.703061,1.686473,-1.086048,1.377056,0.717215,-0.648121,1.713838,1.104297,-1.446575,1.672421,1.186406,-0.329938,1.842857,1.130487,0.482930,1.813703,1.230584,-0.211314,1.734652,1.382777,-0.697561,1.779653,1.584472,-0.204769,1.797679,1.791800,-0.960671,1.803074,1.358347,1.196588,1.474097,1.813731,0.759426,1.853268,1.395729,-0.576745,1.772653,1.457182,-0.334145,1.691590,1.497152,1.706033,1.525176,1.323685,1.292150,1.251376,1.405301,1.733572,1.379931,1.394683,0.940895,1.368515,1.094993,0.222779,1.413278,1.764778,1.392223,1.603622,1.438138,0.829742,1.681195,1.274075,-0.021630,1.569547,0.944112,1.058239,1.738816,1.104584,0.526827,1.703097,1.311924,0.190124,1.708377,1.183174,0.904071,1.513950,1.461724,1.214096,1.599096,1.546234,-0.786302,1.355336,0.864049,-0.866318,1.903252,0.861646,-0.555212,1.591691,1.773637,1.589044,1.822520,1.747004,-0.890488,1.426922,1.642903,-1.070164,1.540248,1.573157,1.236675,1.142775,1.340021,0.920818,1.220251,1.542556,-1.766664,1.102209,1.641032,0.189217,1.305686,0.945926,-1.369457,1.580627,1.452849,-0.479519,1.325268,1.481477,1.178295,1.575899,1.238344,-1.214521,1.517286,1.553231,-0.524660,1.302207,1.718913,-0.146359,1.136009,1.841500,0.169477,1.100082,1.827896,0.977070,1.375742,1.813247,0.322559,1.368418,1.466922,-0.700803,1.238380,1.774079,-0.141284,1.299834,1.383665,-1.215959,1.381618,1.478527,-0.315875,1.305893,1.378652,-1.263643,1.226625,1.773450,-0.423251,1.144865,1.455992,-0.449936,1.580142,0.858671,0.731567,1.613001,1.554328,0.941172
1.536843,0.467049,0.912048,2.172922,-0.311749,-1.480407,1.194091,-1.206933,-1.195064,0.055354,0.556968,-1.840310,-0.443124,1.179509,-0.028671,1.100534,1.369714,0.215424,0.904777,-0.198980,0.150652,0.705967,-0.350161,-0.659241,2.330018,-0.552427,-0.188508,2.032843,-0.666153,0.321344,2.032843,-0.666153,-0.000001,2.032843,-0.666153,-0.000001,-0.531041,-0.261548,0.128061,-0.531041,-0.261548,-0.000001,-0.531041,-0.261548,-0.000001,0.936897,1.793377,1.001583,1.113817,0.397735,0.944930,1.676581,0.853688,-1.008267,1.043115,-0.200298,0.835162,-0.531059,-0.261533,-0.000001,-0.531059,-0.261533,-0.000001,-0.531041,-0.261533,-0.000001,2.032843,-0.666153,-0.000001,2.032847,-0.666153,-0.000001,2.032843,-0.666153,-0.000001,0.620508,-0.789483,-0.601690,0.851184,-0.290498,-0.228049,0.009384,-0.286028,0.374800,0.654333,-0.607481,0.220719,-0.065205,-0.215037,-1.048638,-0.251898,0.777380,0.726104,0.281428,0.079322,0.204478,0.635966,0.336564,0.612991,-0.697027,0.624777,1.346280,0.221725,0.397641,0.763025,0.561204,-1.102305,0.873055,0.670340,-1.244157,0.264050,0.602302,-0.279658,-0.613547,0.758252,0.329389,0.526217,1.239661,-1.443162,-0.574648,1.135731,-1.051517,-0.193431,0.856585,-0.767801,-0.005798,0.837223,0.063425,-0.668988,1.707985,-1.884478,-0.961272,1.350437,-1.617652,-0.872547,0.671269,-0.650815,-1.579306,-0.447343,1.119638,0.687411,-0.962978,1.140235,0.773420,-1.040455,1.108839,0.492319,-1.258822,0.998434,0.906699,-1.436770,0.813600,1.129221,-0.476547,1.330469,0.445899,0.318315,1.388835,0.587823,0.947311,1.340474,0.844798,1.271467,1.143983,0.865919,0.074864,1.414963,0.406994,0.757414,1.327695,0.621290,0.215741,1.187928,-0.655242,-0.205426,0.978071,-0.371012,0.735326,1.418085,1.011444,0.974549,1.267313,1.122535,0.555019,1.146976,-0.056927,0.066638,1.128911,0.305203,0.926802,1.421649,0.455435,1.102743,1.313991,0.624906,0.908185,1.245935,0.088763,0.655592,1.237749,0.239807,1.219479,1.016546,0.054714,1.060019,0.772429,-1.086012,1.322846,0.818441,0.709341,1.350676,0.806019,-0.638092,0.928261,0.715212,-0.070884,0.972524,1.634712,-0.237656,0.747058,1.341171,-1.142997,0.653844,1.029678,-0.945628,0.584634,1.764269,-0.499913,0.976955,1.258983,-0.958008,0.819974,2.167506,-1.537984,1.103397,1.670526,0.507186,0.797346,1.417287,-0.040173,1.209724,1.800527,-1.044061,0.933833,2.268354,-1.504972,0.782371,2.048364,-1.799066,1.137514,1.956322,-1.653455,1.450610,0.976082,-0.645726,1.284788,1.381103,1.046006,1.161460,1.554967,1.934722,0.748237,1.490309,0.380923,1.134363,1.542115,-1.877825,0.710725,1.788561,-1.125855,0.698864,1.579391,-0.995540,1.103861,1.798787,-1.453527,1.293845,1.344883,0.141993,0.986451,1.706728,0.934381,1.086707,1.576052,-1.935654,0.998312,1.569775,-2.295663,1.177932,1.509637,-1.638342,1.277230,1.243816,0.168740,1.085194,1.209307,1.157203,1.178156,1.645682,-0.493101,1.129537,2.143842,-0.850136,1.138839,1.515786,0.221867,1.286774,1.282851,0.349519,1.187589,1.379555,-0.888556,1.519344,0.762954,-0.001810,0.729724,0.932535,0.596663,1.319352,1.423278,0.852396,0.693794,1.358143,0.891146,1.463558,1.054099,-0.482366,1.261236,1.768729,-1.892091,1.235708,0.681594,-0.130989,1.219702,0.679096,-1.612533,1.374609,1.440553,0.804931,1.392455,2.313012,-1.155071,1.090859,2.181981,0.662091,0.927958,1.555974,-3.820805,0.980883,1.391226,-0.883343,0.770765,1.592255,3.291851,0.860084,1.325054,2.306888,0.790139,1.721452,1.361003,0.434868,1.102545,-0.044987,0.932816,1.145485,1.678364,0.701748,1.528096,-1.100257,0.457857,1.032174,0.933055,0.519901,1.635822,-0.540061,0.656451,1.254066,1.187145,0.937527,1.380508,2.150823,0.792665,1.270064,-0.120163,0.656466,1.136373,2.171221,0.742795,1.056603,2.011395,0.767738,1.389626,2.549344,0.727846,1.150226,1.735725,0.770628,1.384564,2.868429,0.733130,1.409315,2.119049,0.691387,1.128385,2.284434,1.257368,1.019482,-2.589723,1.459501,1.360043,-0.043563
1.518778,0.436428,0.809550,1.211184,-0.322273,-1.307421,0.550738,-1.228617,-0.810667,0.186818,0.683843,-1.808771,-0.563307,1.270561,0.519518,1.090153,1.366833,0.098559,0.901057,0.878507,0.180478,0.713289,-0.401598,-0.125170,-0.368158,-1.009969,-0.916387,1.242379,-1.034345,-1.380917,1.242379,-1.034345,-0.000001,1.242379,-1.034345,-0.000001,-0.541422,-0.929927,-0.912777,-0.541422,-0.929927,-0.000001,-0.541422,-0.929927,-0.000001,0.920161,1.793836,1.253685,1.097284,0.399327,1.059489,1.027253,0.970454,-0.935039,1.047158,-0.207607,0.557092,-0.541440,-0.929911,-0.000001,-0.541440,-0.929911,-0.000001,-0.541422,-0.929911,-0.000001,1.242379,-1.034345,-0.000001,1.242384,-1.034345,-0.000001,1.242379,-1.034345,-0.000001,0.717004,-0.148508,-2.057993,0.631043,0.329867,-1.278412,-0.058469,0.459886,-0.391375,0.606618,0.371144,-0.085975,-0.073575,0.754674,1.643444,-0.156518,0.820777,0.119812,0.020763,-0.157761,0.060111,-0.376782,-0.850502,-0.048189,-0.080574,0.139594,-0.968901,0.750742,0.114046,0.140493,0.659093,0.209755,-0.971060,0.459365,-0.361837,-0.458659,1.711006,-1.031097,-0.060141,0.214242,0.033660,-0.703601,0.383560,-0.012343,-0.753763,1.275537,-0.982739,-0.254611,1.093746,-0.578308,-0.890956,0.358197,0.326392,0.418482,0.747970,-0.349551,-0.766477,0.710984,-0.108031,-0.856997,0.430034,0.601003,-1.137852,-0.301273,1.209756,0.421830,-0.949640,1.252610,0.424015,-0.974507,1.194411,0.182474,-1.264315,1.119564,0.803989,-1.442464,0.931518,1.106499,-0.559302,1.438841,0.184205,0.396595,1.479587,0.925817,1.108077,1.412158,0.924423,1.304691,1.214448,0.555259,0.069281,1.501226,0.378663,0.824835,1.406764,0.331431,0.212588,1.286626,-0.750090,-0.266052,1.105863,-0.483122,0.757412,1.483346,0.911173,1.045908,1.348272,1.473746,0.579708,1.226436,-0.214066,0.063258,1.220206,0.349922,1.002501,1.469294,0.888323,1.157183,1.364464,1.028094,1.007956,1.312195,0.070958,0.786235,1.316130,0.106172,0.964849,0.753291,-0.308810,1.187889,1.301692,-0.773952,1.057369,0.814780,0.165634,1.108455,0.933314,0.263964,1.084035,0.944084,-0.058856,0.755706,1.371787,-0.432331,0.994615,1.104681,-0.210752,0.709965,0.858334,-1.123412,0.944053,2.054808,-0.701446,1.137273,1.559828,0.297429,0.775468,1.994585,-1.628119,1.097711,1.846446,0.900589,0.582965,1.589637,-0.094430,1.008413,1.880527,-0.994625,0.753724,2.832490,-1.498357,0.811305,2.479941,-1.766816,0.949804,2.338783,-1.576343,0.938640,1.927845,0.113544,0.788468,1.493520,1.995852,0.674172,1.289019,2.178787,0.530066,1.230667,0.348520,0.950713,1.308775,-1.323327,0.834006,1.933725,-1.480820,0.851905,1.675871,-0.927247,0.793387,1.911059,-1.167213,1.017055,1.469131,0.635032,0.762402,1.326725,0.788926,0.930261,1.773946,-1.280782,1.101727,1.411846,-1.875973,1.022401,1.388995,-0.607560,1.127997,1.195974,1.102339,0.925053,1.207159,1.048500,0.793918,1.651129,-0.404182,0.749792,1.732122,-0.530864,0.768593,1.517123,0.549113,0.919970,1.278414,0.940118,1.178864,1.251295,-0.061457,1.046943,0.615400,0.945924,0.757613,0.792400,-0.055612,1.132197,1.287876,1.773490,0.721835,1.138193,-0.154063,0.989386,0.832799,0.409740,1.162907,2.084076,-1.546595,0.935931,0.880714,-0.949105,1.165482,0.878321,-1.572384,1.100731,1.181428,0.587197,1.097147,2.145537,-0.715303,0.801850,2.022474,0.511878,0.977511,1.700351,-2.542682,0.824874,1.492343,-0.658343,0.619455,1.317685,1.378123,0.483696,1.030223,1.800524,0.664956,1.780813,0.567445,0.849264,1.175802,-0.829235,0.847843,1.226022,1.544186,1.114497,1.625368,-0.272797,0.582354,1.173437,-0.561716,0.630347,1.802042,-1.606598,0.495018,1.415075,-0.101591,0.780880,1.501799,2.088320,0.627106,1.404563,-0.679780,0.500269,1.215605,1.081486,0.602321,1.141820,1.161819,0.641485,1.465427,1.080991,0.626643,1.228919,0.373360,0.643623,1.459743,1.330898,0.593249,1.136247,1.030318,0.538734,1.206913,1.293743,1.033670,0.848040,-1.477723,1.156731,1.201797,1.058509
1.521851,0.428783,0.963801,1.179867,-0.327634,-0.801614,-0.067516,-1.218496,-0.273411,0.447061,0.744215,-1.496883,-0.565545,1.273382,0.600935,1.081539,0.462258,-0.576233,0.914653,0.895235,0.517558,0.693430,-0.390168,0.252951,-0.398286,-1.006433,-0.505980,0.455756,-0.669695,-0.838937,0.455756,-0.669695,-0.000001,0.455756,-0.669695,-0.000001,-0.542001,-0.927339,-0.763242,-0.542001,-0.927339,-0.000001,-0.542001,-0.927339,-0.000001,0.913144,1.800896,1.217325,1.098461,0.405648,1.163652,1.025974,0.973721,-0.785739,1.049753,-0.202418,0.733869,-0.542019,-0.927323,-0.000001,-0.542019,-0.927323,-0.000001,-0.542001,-0.927323,-0.000001,0.455756,-0.669695,-0.000001,0.455760,-0.669695,-0.000001,0.455756,-0.669695,-0.000001,0.689434,-0.145900,-1.267884,0.605765,-0.108828,-0.585507,0.383324,-0.396437,-0.410283,0.584858,-0.105327,-0.834071,-0.099140,0.740101,1.049255,0.288555,0.523939,-0.266942,-0.005890,-0.791635,-0.234063,-0.854601,-1.380770,-0.658289,-0.401648,0.137298,-1.107174,0.720091,0.505518,0.008366,1.051319,-0.726384,-0.844519,0.876507,-1.265185,-0.157677,1.690791,-1.441857,0.251345,0.655058,0.029815,-0.778701,0.359127,-0.019650,-0.448605,1.256077,-0.989983,-0.256987,1.071282,-0.582259,-0.725497,0.724831,-0.158268,0.340081,0.494667,-0.353149,-0.014008,0.692048,-0.110735,-0.679685,0.824436,-0.421062,-0.807469,-0.383970,1.222844,0.808180,-0.989675,1.296340,0.716651,-1.243748,1.363391,0.284170,-1.274456,1.173379,0.600114,-1.450669,0.963421,1.082548,-0.583594,1.476041,0.493610,0.471304,1.494140,1.494223,1.155595,1.468668,1.327989,1.413853,1.285392,-0.437530,0.121739,1.518595,0.004340,0.853483,1.423645,1.464188,0.147122,1.303543,-0.678241,-0.368175,1.130370,-0.478623,0.769821,1.495970,0.416021,1.063101,1.349833,1.432512,0.607037,1.237599,-0.291189,-0.002607,1.246039,0.442947,0.969412,1.478366,1.171141,1.170299,1.395685,0.811012,1.026156,1.318005,-0.316804,0.747361,1.304533,0.156846,0.958189,0.750800,-0.649221,0.998042,1.301074,-1.372293,1.050313,0.815381,0.211099,1.101941,0.935778,0.102941,1.077744,0.948001,-0.098480,0.749482,1.375743,-0.332075,0.987810,1.110371,-0.388993,0.703705,0.863791,-1.111252,0.937853,1.661999,-1.009239,1.131625,1.125136,0.409249,0.770196,1.998501,-1.613997,1.093127,1.489825,0.467406,0.578944,1.047926,0.545827,1.004383,1.294159,-0.538741,0.750085,1.651775,-1.040292,0.592091,1.916171,-1.540334,0.946030,1.666210,-1.460509,0.931011,1.926113,0.299156,0.781036,1.491535,1.969803,0.666850,1.286345,2.332499,0.522779,1.228056,0.396589,0.943778,1.306581,-1.546588,0.584411,1.486017,-1.551701,0.846317,1.673489,-0.990679,0.787995,1.908133,-1.132094,1.012111,1.466146,0.620968,0.758250,1.323022,0.490878,0.923596,1.400024,-1.444761,1.094994,1.410637,-1.966969,1.015685,1.388118,-0.771967,1.121467,1.195974,1.046365,0.918996,1.207512,1.035579,0.787677,1.142800,-0.397416,0.743604,1.732878,-0.536103,0.762524,1.018200,0.609343,0.913916,1.278703,0.848891,1.171620,1.250106,-0.063586,1.039864,0.613940,0.878571,0.750896,0.791013,0.073478,1.125557,1.286621,1.721025,0.715081,1.136111,0.032866,0.982280,1.409724,0.345722,1.157009,2.082078,-1.596077,0.930694,0.878926,-0.513890,1.160201,0.876532,-1.658308,1.095823,1.178818,0.779392,1.091955,2.144016,-0.821477,0.796802,2.021025,0.775852,1.209214,1.150377,-1.736531,0.818974,0.984172,-0.463867,0.613324,1.318865,0.973124,0.477740,1.031502,1.672154,0.659155,1.426830,0.301214,0.843137,1.177220,-0.807784,0.841882,1.227519,1.797002,1.108230,1.627077,-0.459274,0.576250,1.175856,-0.432758,0.623919,1.291043,-1.388553,0.488477,1.417761,-0.019383,0.774956,1.110647,1.915100,0.621045,1.406906,-0.620365,0.493940,1.217078,0.871598,0.596215,1.143405,1.090531,0.635542,1.466836,1.075869,0.620433,1.230382,0.704083,0.637644,1.461141,1.320790,0.587169,1.137844,0.953659,0.532548,1.208372,1.138719,1.026477,0.846595,-1.547440,1.151428,1.200231,0.687263
1.513780,0.434347,1.059812,1.175269,-0.315406,-0.926706,-0.072001,-1.210538,-0.185829,0.317699,0.745296,-1.335382,-0.563983,1.272236,0.676087,1.089060,1.365760,-0.075978,0.883365,-0.205237,0.768492,0.687399,-0.413029,0.996891,-0.365984,-1.009969,-0.616105,1.233940,-1.035765,-1.033924,1.233940,-1.035765,-0.000001,1.233940,-1.035765,-0.000001,0.968338,-0.931221,-0.867219,0.968338,-0.931221,-0.000001,0.968338,-0.931221,-0.000001,0.910986,1.800896,1.326159,1.093727,0.410377,1.429161,1.022644,0.980205,-0.565184,1.054828,-0.183523,1.145058,0.968320,-0.931205,-0.000001,0.968320,-0.931205,-0.000001,0.968338,-0.931205,-0.000001,1.233940,-1.035765,-0.000001,1.233945,-1.035765,-0.000001,1.233940,-1.035765,-0.000001,0.605510,0.200637,0.442898,0.838734,-0.331627,-0.232109,0.471026,-0.767719,-0.248673,1.142551,-1.138986,-0.159820,0.530307,-0.926467,-0.941056,-0.265491,-0.149619,0.095091,0.819235,0.001889,-0.060474,0.626688,-0.258986,0.303076,-0.389394,0.308201,0.330655,0.203854,0.354483,-0.590384,0.549569,-0.686630,1.125075,0.659721,-0.838001,1.236384,1.017952,-0.741374,0.839020,0.742207,0.275616,0.015286,0.771297,-0.074409,0.211919,1.125704,-0.635355,0.398239,0.845527,-0.826966,0.328466,1.219060,0.502957,0.471144,0.967928,-0.529284,-0.083776,0.971736,-0.602227,-0.707959,1.082509,-1.221305,-0.753944,-0.393114,1.196591,0.575398,-0.979508,1.282964,0.774146,-1.198378,1.328076,-0.121907,-1.278309,1.142889,0.550423,-1.455476,0.943576,1.203502,-0.633740,1.460405,0.483763,0.499350,1.484009,1.314088,1.157649,1.456576,1.445619,1.515736,1.272162,-0.300049,0.098059,1.490743,0.172195,0.843357,1.418121,0.894381,0.166096,1.287840,-0.664760,-0.385647,1.116170,-0.533492,0.701586,1.496540,1.042285,1.009494,1.347203,1.614166,0.515843,1.243773,-0.358728,-0.043566,1.244223,0.378846,0.881053,1.480651,1.584830,1.111077,1.395983,0.795578,0.959076,1.326212,-0.212367,0.691635,1.304943,0.170852,0.761412,1.448811,-0.390499,0.993642,1.312150,-1.742483,1.045297,0.830178,0.098882,1.097367,0.953683,-0.009049,1.073839,1.596547,-0.088224,0.745566,1.394596,-0.642767,0.984290,1.133132,-0.565884,0.928395,0.884648,-0.899746,0.936303,1.677494,-1.278273,1.131413,1.141522,0.419671,0.770896,1.573603,-1.696783,1.094664,1.501335,-0.078945,0.580749,1.063447,0.790882,1.006398,1.308790,-0.402772,0.751905,1.663839,-0.889955,0.594009,1.925176,-1.437372,0.948223,1.673385,-1.639687,0.925864,1.929577,0.486835,0.776292,1.493520,2.259592,0.662541,1.288337,2.536203,0.519248,1.230001,0.696200,0.941093,1.663520,-1.368259,0.339374,1.933339,-1.300688,0.603508,1.675263,-0.686653,0.535118,1.909954,-1.192992,1.013246,1.468370,0.449663,0.759642,1.327289,0.960815,0.921517,1.776235,-1.343380,0.831446,1.856331,-2.078921,1.013837,1.395869,-1.045149,1.119669,1.202763,1.005823,0.916584,1.216193,1.161701,0.785597,1.662869,-0.336078,0.741901,1.741956,-0.509220,0.761228,1.528212,0.693731,0.912804,1.285818,1.203089,1.167357,1.254196,-0.069718,1.035787,0.943241,0.718680,0.518626,0.794301,0.121099,1.122569,1.290939,2.047728,0.481548,1.143272,0.142444,0.978188,1.417473,0.296996,1.156350,1.535442,-1.562633,0.930497,0.882819,-0.173013,0.912514,0.880426,-1.662997,1.096683,1.185553,0.624052,1.092387,1.728325,-1.072217,0.796612,2.026009,0.722134,0.967988,1.165601,-1.776319,0.816624,1.507727,-0.449534,0.611205,1.327148,1.380446,0.475835,1.040797,1.892013,0.657661,1.790913,0.604992,0.576681,1.187524,-0.759202,0.841657,1.236552,1.823036,1.107529,1.636303,-0.668273,0.574899,1.188909,-0.236620,0.363767,1.306130,-1.084065,0.486217,1.432703,0.401460,0.772596,1.121854,2.099825,0.618508,1.421539,-0.447050,0.491754,1.225965,1.138719,0.594475,1.152963,1.263390,0.386554,1.475338,1.518585,0.619713,1.239209,0.671665,0.387172,1.469573,1.864127,0.585436,1.147476,1.173682,0.530411,1.217180,1.369615,1.022987,0.850871,-1.911828,1.151428,1.203944,0.783736
1.513780,0.434347,1.059812,1.175269,-0.315406,-0.926706,-0.072001,-1.210538,-0.185829,0.317699,0.745296,-1.335382,-0.563983,1.272236,0.676087,1.089060,1.365760,-0.075978,0.883365,-0.205237,0.768492,0.687399,-0.413029,0.996891,-0.365984,-1.009969,-0.616105,1.233940,-1.035765,-1.033924,1.233940,-1.035765,-0.000001,1.233940,-1.035765,-0.000001,0.968338,-0.931221,-0.867219,0.968338,-0.931221,-0.000001,0.968338,-0.931221,-0.000001,0.910986,1.800896,1.326159,1.093727,0.410377,1.429161,1.022644,0.980205,-0.565184,1.054828,-0.183523,1.145058,0.968320,-0.931205,-0.000001,0.968320,-0.931205,-0.000001,0.968338,-0.931205,-0.000001,1.233940,-1.035765,-0.000001,1.233945,-1.035765,-0.000001,1.233940,-1.035765,-0.000001,0.605510,0.200637,0.442898,0.838734,-0.331627,-0.232109,0.471026,-0.767719,-0.248673,1.142551,-1.138986,-0.159820,0.530307,-0.926467,-0.941056,-0.265491,-0.149619,0.095091,0.819235,0.001889,-0.060474,0.626688,-0.258986,0.303076,-0.389394,0.308201,0.330655,0.203854,0.354483,-0.590384,0.549569,-0.686630,1.125075,0.659721,-0.838001,1.236384,1.017952,-0.741374,0.839020,0.742207,0.275616,0.015286,0.771297,-0.074409,0.211919,1.125704,-0.635355,0.398239,0.845527,-0.826966,0.328466,1.219060,0.502957,0.471144,0.967928,-0.529284,-0.083776,0.971736,-0.602227,-0.707959,1.082509,-1.221305,-0.753944,-0.393114,1.196591,0.575398,-0.979508,1.282964,0.774146,-1.198378,1.328076,-0.121907,-1.278309,1.142889,0.550423,-1.455476,0.943576,1.203502,-0.633740,1.460405,0.483763,0.499350,1.484009,1.314088,1.157649,1.456576,1.445619,1.515736,1.272162,-0.300049,0.098059,1.490743,0.172195,0.843357,1.418121,0.894381,0.166096,1.287840,-0.664760,-0.385647,1.116170,-0.533492,0.701586,1.496540,1.042285,1.009494,1.347203,1.614166,0.515843,1.243773,-0.358728,-0.043566,1.244223,0.378846,0.881053,1.480651,1.584830,1.111077,1.395983,0.795578,0.959076,1.326212,-0.212367,0.691635,1.304943,0.170852,0.761412,1.448811,-0.390499,0.993642,1.312150,-1.742483,1.045297,0.830178,0.098882,1.097367,0.953683,-0.009049,1.073839,1.596547,-0.088224,0.745566,1.394596,-0.642767,0.984290,1.133132,-0.565884,0.928395,0.884648,-0.899746,0.936303,1.677494,-1.278273,1.131413,1.141522,0.419671,0.770896,1.573603,-1.696783,1.094664,1.501335,-0.078945,0.580749,1.063447,0.790882,1.006398,1.308790,-0.402772,0.751905,1.663839,-0.889955,0.594009,1.925176,-1.437372,0.948223,1.673385,-1.639687,0.925864,1.929577,0.486835,0.776292,1.493520,2.259592,0.662541,1.288337,2.536203,0.519248,1.230001,0.696200,0.941093,1.663520,-1.368259,0.339374,1.933339,-1.300688,0.603508,1.675263,-0.686653,0.535118,1.909954,-1.192992,1.013246,1.468370,0.449663,0.759642,1.327289,0.960815,0.921517,1.776235,-1.343380,0.831446,1.856331,-2.078921,1.013837,1.395869,-1.045149,1.119669,1.202763,1.005823,0.916584,1.216193,1.161701,0.785597,1.662869,-0.336078,0.741901,1.741956,-0.509220,0.761228,1.528212,0.693731,0.912804,1.285818,1.203089,1.167357,1.254196,-0.069718,1.035787,0.943241,0.718680,0.518626,0.794301,0.121099,1.122569,1.290939,2.047728,0.481548,1.143272,0.142444,0.978188,1.417473,0.296996,1.156350,1.535442,-1.562633,0.930497,0.882819,-0.173013,0.912514,0.880426,-1.662997,1.096683,1.185553,0.624052,1.092387,1.728325,-1.072217,0.796612,2.026009,0.722134,0.967988,1.165601,-1.776319,0.816624,1.507727,-0.449534,0.611205,1.327148,1.380446,0.475835,1.040797,1.892013,0.657661,1.790913,0.604992,0.576681,1.187524,-0.759202,0.841657,1.236552,1.823036,1.107529,1.636303,-0.668273,0.574899,1.188909,-0.236620,0.363767,1.306130,-1.084065,0.486217,1.432703,0.401460,0.772596,1.121854,2.099825,0.618508,1.421539,-0.447050,0.491754,1.225965,1.138719,0.594475,1.152963,1.263390,0.386554,1.475338,1.518585,0.619713,1.239209,0.671665,0.387172,1.469573,1.864127,0.585436,1.147476,1.173682,0.530411,1.217180,1.369615,1.022987,0.850871,-1.911828,1.151428,1.203944,0.783736
1.501088,0.421139,1.015936,1.178034,-0.327214,-0.871641,-0.068245,-1.216569,-0.210992,0.318610,0.684084,-1.910256,-0.681253,1.273822,0.436633,1.092879,1.359123,-0.448711,0.889949,-0.198980,0.727289,0.666249,-0.384453,0.941224,2.290561,-1.008201,-0.307737,1.233326,-0.669695,-0.555080,1.233326,-0.669695,-0.000001,1.233326,-0.669695,-0.000001,0.987003,-0.928633,0.103177,0.987003,-0.928633,-0.000001,0.987003,-0.928633,-0.000001,0.909356,1.800408,1.410174,1.090195,0.390642,1.498787,1.014317,0.942092,-0.557343,1.052341,-0.164033,1.204309,0.986985,-0.928617,-0.000001,0.986985,-0.928617,-0.000001,0.987003,-0.928617,-0.000001,1.233326,-0.669695,-0.000001,1.233331,-0.669695,-0.000001,1.233326,-0.669695,-0.000001,0.576702,0.213678,-0.337557,0.808901,0.131084,-1.100018,0.914626,-1.189184,-0.259379,1.114313,-1.597157,0.864751,1.101644,-0.897260,-1.260828,-0.291536,0.457742,-0.264383,0.788760,0.030948,0.506500,0.600639,-0.234536,1.191373,-0.407174,0.315090,0.511906,0.174502,0.369910,-0.981832,0.526615,-0.668540,0.119895,0.634721,-1.734340,0.974027,0.569373,-1.970426,0.672737,0.717037,0.294837,-0.117405,0.291770,-0.052488,0.149585,0.720453,-1.084074,0.027418,1.284193,-1.320332,1.126598,1.198091,0.033340,0.287505,1.198932,-0.978616,-0.413355,0.951661,-1.290891,-0.496967,1.481121,-1.720466,-0.190449,-0.417316,1.172847,0.387629,-0.975424,1.240139,0.447222,-1.214086,1.307844,0.529363,-1.339561,1.141649,0.639311,-1.476559,0.878469,1.094925,-0.644455,1.412150,0.371876,0.329755,1.454994,1.028496,1.130364,1.414127,1.125441,1.273312,1.244256,-0.916099,0.020952,1.470963,0.105438,0.765932,1.379053,1.143185,-0.005876,1.289411,-0.759507,-0.549493,1.126548,-0.512351,0.630266,1.475073,0.858204,0.978232,1.345547,1.392836,0.486571,1.224521,-0.302603,-0.114883,1.208662,0.455827,0.864016,1.465624,1.270996,1.087464,1.374054,0.887307,0.895896,1.305222,-0.209827,0.627320,1.292459,0.127753,0.758002,1.435308,-0.511686,0.990542,1.299885,-1.938470,1.041769,0.817212,0.119808,1.094024,0.940707,-0.048309,1.070438,1.584206,-0.039993,0.742013,1.942245,-0.791232,1.212659,1.121150,-0.277327,0.924362,0.873735,-0.747661,1.181019,1.669747,-1.389011,1.126845,1.132948,0.482786,0.766061,1.124857,-1.729528,1.090080,1.494631,-0.275095,0.576515,1.053244,0.607576,1.002368,1.297264,-0.639691,0.748266,2.243179,-1.197872,0.590173,2.477904,-1.532014,0.721040,2.331609,-1.704538,0.921739,1.532953,0.064981,0.772160,1.487529,2.223121,0.658241,1.281296,2.487961,0.514827,1.223127,0.840610,0.936623,1.302154,-1.530691,0.335037,1.480079,-1.428070,0.599199,1.332663,-0.911930,0.783720,1.902250,-1.214272,1.008521,1.460511,0.490888,0.755683,1.316114,0.875438,0.658109,1.769287,-1.387222,0.826812,1.847741,-2.189817,1.009196,1.386821,-1.682101,0.861561,1.195974,0.428631,0.685652,1.208586,1.164248,0.781454,1.652914,-0.407407,0.737625,1.734003,-0.713355,0.756888,1.019518,0.550610,0.908318,1.279294,0.885473,0.923327,1.248061,0.135074,1.031492,0.937165,0.718228,0.514551,0.788531,0.237051,1.118282,1.284462,1.948207,0.477450,1.132531,0.292950,0.973877,1.406122,0.293262,1.151966,1.525130,-1.686938,0.926458,0.875380,-0.374261,0.908112,0.872984,-1.698937,1.092201,1.174693,0.453414,1.087838,1.720476,-1.150782,0.792718,2.018186,0.485083,0.963748,1.155292,-1.789549,0.812690,1.497766,-0.648939,0.606969,1.320935,1.272238,0.471576,1.033748,1.850587,0.653362,1.784282,0.675148,0.571726,1.180056,-0.699041,0.837060,1.230219,2.062960,0.840890,1.306251,-0.894433,0.570375,1.180328,-0.287445,0.359170,1.296059,-1.198735,0.481697,1.422730,0.343217,0.768646,1.114146,2.034829,0.614595,1.411630,-0.675027,0.487380,1.219734,1.097975,0.590108,1.146262,1.193722,0.382150,1.469377,1.384972,0.345569,1.233021,1.366046,0.382743,1.463661,1.678247,0.581088,1.140723,1.120795,0.526137,1.211005,1.302070,1.018618,0.843417,-2.101016,1.147171,1.197428,0.888224
-0.335177,0.444795,1.269522,0.245759,-0.341814,-0.390974,-0.061089,-1.211744,-0.524557,0.186388,0.620345,-1.985013,-0.683327,1.227018,-0.100324,0.380710,0.447363,-0.031016,0.868939,-0.211520,0.629113,0.702517,-0.401598,0.488542,2.307013,-0.091359,-0.114414,1.251741,0.074501,-0.597042,1.251741,0.074501,-0.000001,1.251741,0.074501,-0.000001,0.977218,-0.265415,0.471425,0.977218,-0.265415,-0.000001,0.977218,-0.265415,-0.000001,0.906671,1.810280,1.223047,1.081929,0.427795,1.850226,1.005603,0.942487,-0.643914,1.049234,-0.164647,1.017755,0.977200,-0.265399,-0.000001,0.977200,-0.265399,-0.000001,0.977218,-0.265399,-0.000001,1.251741,0.074501,-0.000001,1.251745,0.074501,-0.000001,1.251741,0.074501,-0.000001,1.156969,0.205854,-0.101972,1.400498,0.569821,-0.997032,1.899641,-0.319469,0.064972,1.658260,-0.644125,0.434542,1.157881,-0.897260,-0.154645,0.233531,1.051391,1.003609,1.393432,0.030948,1.128886,1.109517,-0.238620,1.013323,-0.065198,0.315090,0.988823,0.784354,0.770601,1.389310,0.988965,-1.138441,-0.518812,1.124125,-1.734340,0.255787,0.185041,-1.556479,-0.848504,1.239905,0.290993,0.431845,1.246307,-1.957781,-1.119925,1.141924,-2.032178,-0.869610,0.864422,-1.324282,-0.782528,2.029809,-0.462556,-0.875879,2.199794,-2.855019,-1.423719,1.356375,-1.995741,-0.899477,1.521913,-1.720466,-1.962527,-0.583939,1.139777,0.562986,-1.087746,1.182666,0.612281,-1.294689,1.199768,0.412696,-1.332867,1.010352,0.555489,-1.527300,0.805156,1.089478,-0.813199,1.366886,0.160365,0.296612,1.425826,0.993851,1.016259,1.382967,1.140621,1.303911,1.226135,-0.754922,-0.175447,1.448220,0.572619,0.703276,1.353264,1.184802,-0.066687,1.203902,-0.569514,-0.570839,1.039016,-0.325183,0.483963,1.436843,1.045529,0.863444,1.312756,1.609873,0.332644,1.174565,-0.047920,-0.183998,1.161922,0.607645,0.772667,1.436123,1.369573,0.981867,1.359781,0.881339,0.780439,1.266446,-0.106986,0.523277,1.232496,0.249719,0.861418,0.755110,-0.890463,0.905729,1.305732,-0.338047,0.736186,0.820949,-0.282254,1.002204,0.941311,0.832472,0.981595,1.583068,0.625559,0.648802,1.381233,-1.409734,0.871156,1.116617,0.957607,0.816958,0.869288,-0.444017,0.813175,1.666246,-1.201302,0.764430,1.129455,0.985055,0.641307,1.562268,-1.423201,0.725047,1.852188,0.724170,0.692683,1.052772,-0.680016,0.664966,1.298837,-0.458804,0.648116,1.656472,-1.834661,0.915734,1.919675,-1.607250,1.057839,1.670403,-0.932959,0.814200,1.538854,-0.461973,0.664230,1.493242,1.276093,0.545028,1.288337,1.513267,0.646443,1.230001,0.850097,0.817616,1.663212,-0.168699,0.706176,2.378295,-1.303353,0.725132,1.675263,-0.434727,0.914653,1.910312,-0.985059,0.885646,1.468370,1.241709,0.647324,1.326206,0.429640,0.793829,1.774592,-0.600469,0.702462,1.413389,-1.302881,0.885168,1.391555,-0.154402,0.740945,1.198553,1.541429,0.578155,1.210779,0.862123,0.670686,1.655656,-0.685433,0.623346,2.162414,-0.231831,0.640485,1.521566,0.526474,0.787764,1.281380,1.483422,0.811536,1.252163,1.169134,0.918437,0.941498,1.316738,0.864897,0.792937,0.255961,0.763665,1.288792,1.905549,0.829703,1.139712,-0.436707,0.860398,1.413850,-0.137528,0.787394,1.532984,-1.230221,0.590376,0.881060,-0.923158,0.788456,0.878667,-1.112459,0.735722,1.182438,0.853137,0.970192,1.726089,-0.543526,0.687500,2.023532,0.126908,0.851283,1.155292,-1.120485,0.486931,1.498652,-0.739790,0.255887,1.654378,0.147068,0.357729,1.034374,1.279474,0.296503,1.784899,0.072048,0.710274,1.180404,-0.486405,0.454485,1.230538,1.443237,0.715485,1.306251,-0.166698,0.448830,1.179931,-0.611188,0.494403,1.295614,-1.293454,0.361128,0.913536,-0.334321,0.441554,1.114146,1.394367,0.510611,1.411630,-0.801450,0.370722,1.220048,0.340676,0.473182,1.146599,0.810878,0.264033,1.469678,0.344093,0.485756,1.233333,0.104964,0.263922,1.463959,0.591359,0.220298,1.141063,0.519292,0.412125,1.211316,0.631222,0.903176,1.248458,-0.848785,0.792744,1.202403,1.873986
-0.330954,0.445474,1.231056,0.252571,-0.335366,-0.497483,0.561166,-1.198975,-0.829712,0.184109,0.619264,-1.863704,-0.687197,1.226490,-0.614840,0.370729,0.447363,-0.869411,0.852051,-1.276466,0.630452,0.706389,-0.407313,0.509169,2.327845,-0.548901,-0.323668,1.258803,-0.661892,0.394874,1.258803,-0.661892,-0.000001,1.258803,-0.661892,-0.000001,1.007150,-0.265415,0.577934,1.007150,-0.265415,-0.000001,1.007150,-0.265415,-0.000001,0.910179,1.814068,1.334642,1.085461,0.426975,1.721704,1.003301,0.910462,-0.619428,1.052031,-0.172253,1.064150,1.007132,-0.265399,-0.000001,1.007132,-0.265399,-0.000001,1.007150,-0.265399,-0.000001,1.258803,-0.661892,-0.000001,1.258808,-0.661892,-0.000001,1.258803,-0.661892,-0.000001,0.554824,0.224079,0.425837,0.579626,0.347021,-0.596764,1.565421,-0.275983,0.169471,1.265473,-0.779742,0.255292,1.247146,-0.765681,0.589211,1.138347,0.348149,-0.626285,1.159006,-0.510963,0.680998,1.258670,-0.218203,0.699617,-0.342094,0.321965,0.442004,1.393349,-0.231182,-0.726691,0.916909,-0.683012,-0.107607,0.474102,-0.894033,0.562697,-0.069561,-0.884642,-0.178333,1.339450,-0.000892,-0.017553,0.302230,-0.158353,-0.140947,0.240564,-0.772868,0.062234,1.124069,-0.578308,-0.144511,0.542265,0.168584,-0.603236,0.231986,-0.734160,-0.389049,0.538748,-0.766959,0.494555,0.954283,-1.550097,0.503237,-0.637333,1.114387,0.469586,-1.152952,1.169764,0.475263,-1.314687,1.177418,0.593622,-1.389133,1.008030,0.677249,-1.545537,0.798931,1.239209,-0.678340,1.311409,0.344765,0.178014,1.428369,1.154233,0.953816,1.409803,1.099213,1.146420,1.239017,-0.088962,-0.161912,1.412408,0.042400,0.636182,1.368877,0.756337,-0.105136,1.239132,-0.641358,-0.607974,1.043750,-0.469754,0.422565,1.438270,0.822213,0.841265,1.311188,1.548687,0.302724,1.190454,-0.128671,-0.267682,1.160571,0.634761,0.767139,1.423381,1.092202,0.964551,1.343948,0.754958,0.738838,1.275539,-0.136606,0.473745,1.249209,0.254816,0.861592,0.744671,-0.926155,0.905895,1.297579,-0.232216,0.736556,0.813526,-0.166368,1.002726,0.936382,0.736784,0.982280,1.579744,0.682707,0.649693,1.379699,-1.364768,0.872802,1.115506,1.176518,0.818979,0.868763,-0.039955,0.816058,1.269563,-1.070477,0.768130,1.129042,1.259737,0.645665,1.561472,-1.502888,0.729631,1.851226,0.855924,0.470440,1.049384,-0.410980,0.669602,1.294159,-0.295530,0.448017,1.649639,-1.390454,0.920327,1.912178,-1.610400,1.062590,1.659060,-0.807408,0.814812,1.921621,-0.016273,0.665062,1.487250,1.407892,0.546324,1.280969,1.697799,0.648204,1.222808,0.816712,0.568205,1.656258,-0.576984,0.952958,1.924616,-1.329511,0.970726,1.668700,-0.356271,0.918708,1.901892,-0.886127,0.890151,1.460145,1.259288,0.651475,1.315031,0.542882,0.796825,1.768305,-0.578813,0.705488,1.846564,-1.337602,0.887959,1.385102,-0.315212,0.743660,1.194342,1.482124,0.580379,1.206423,0.885357,0.672969,1.650688,-0.538894,0.625918,1.731753,-0.323846,0.643308,1.016863,0.701121,0.538825,1.277811,1.418416,0.812602,1.247181,1.300438,0.919930,0.936282,1.290073,0.866736,1.097147,0.306466,0.765591,1.283533,1.859773,0.831551,1.130991,-0.489881,0.861897,1.404572,-0.302325,0.790887,1.523631,-1.207270,0.593610,0.874327,-1.077361,0.792428,0.871931,-1.188667,0.739778,1.173114,0.812944,0.974098,1.719350,-0.564942,0.690618,2.017114,0.036807,0.853188,1.151376,-1.024204,0.489098,1.494594,-0.762909,0.258212,1.651730,0.557489,0.360292,1.392724,1.392878,0.299299,1.782072,0.464473,0.713798,1.177567,-0.615579,0.458166,1.228133,1.644813,0.718960,1.304237,-0.238291,0.451992,1.177082,-0.537195,0.239072,1.292418,-1.213972,0.363847,0.910371,-0.302319,0.443729,1.111699,1.389433,0.512568,1.407866,-0.752822,0.373353,1.217682,0.457458,0.230417,1.144054,0.931754,0.267112,1.467414,0.638073,0.489571,1.230982,0.327705,0.267019,1.461713,0.860667,0.222914,1.138498,0.686959,0.414696,1.208971,0.747871,0.904917,1.241698,-0.734737,0.796352,1.196506,1.871806
1.497263,0.446196,1.251756,0.249434,-0.320334,-0.621562,0.547463,-0.021347,-0.688519,0.184084,0.619744,-1.911803,-0.805119,1.270297,-0.232568,0.381119,0.461722,-0.608763,0.864013,-0.203168,0.273440,0.724509,-0.407313,0.280784,2.347005,-0.549775,-1.098074,2.032075,-0.664732,0.283942,2.032075,-0.664732,-0.000001,2.032075,-0.664732,-0.000001,1.013083,-0.261548,0.000671,1.013083,-0.261548,-0.000001,1.013083,-0.261548,-0.000001,0.913408,1.816881,1.343523,1.081929,0.426203,1.707187,1.004067,0.913284,-0.572474,1.047886,-0.169519,1.022254,1.013065,-0.261533,-0.000001,1.013065,-0.261533,-0.000001,1.013083,-0.261533,-0.000001,2.032075,-0.664732,-0.000001,2.032079,-0.664732,-0.000001,2.032075,-0.664732,-0.000001,0.658225,0.203245,0.186740,1.432835,0.562959,-0.506501,1.458574,0.978368,0.917812,1.192176,-0.658801,-0.401300,1.802224,-0.921589,-1.457439,0.260315,1.044534,-0.314804,1.425585,0.006732,0.495123,1.138050,-0.254952,0.513928,-0.358188,0.459614,0.620523,0.813706,0.357569,-0.704762,1.012550,-0.683012,0.262090,1.150484,-1.293180,0.884096,1.060333,-1.152094,-0.396487,1.264697,0.279460,-0.235582,0.816670,-0.545230,-1.061764,1.164049,-1.102141,-0.775015,0.891893,-0.823015,-0.246728,0.862753,0.018343,-0.586627,1.480526,-2.398490,-1.420467,0.640004,-1.301671,-1.252934,1.124606,-1.217340,-1.173741,-0.635707,1.110234,0.338242,-1.188885,1.159685,0.484288,-1.295697,1.171984,0.507755,-1.431082,0.994409,0.739711,-1.528774,0.789926,1.166343,-0.790667,1.325019,0.065230,0.130969,1.435304,1.743470,0.851145,1.405897,1.497235,1.118031,1.248898,-0.831807,-0.295454,1.437336,-0.001871,0.560959,1.371176,1.578297,-0.173194,1.241646,-0.560661,-0.630515,1.064435,-0.451470,0.379058,1.434490,0.911842,0.788154,1.319530,1.138185,0.301845,1.181276,-0.227134,-0.262338,1.159822,0.563210,0.655346,1.433630,1.464093,0.888392,1.357328,0.632541,0.717675,1.289026,-0.226574,0.433180,1.253644,0.294417,0.808176,0.763057,-0.663861,1.038165,1.311009,-0.834730,0.886938,0.824009,0.027687,0.946967,0.942568,0.298599,0.928088,1.581975,0.234251,0.792522,1.378731,-0.959263,1.037362,1.112638,0.152700,0.751554,0.865287,-0.658209,0.740536,1.663061,-1.214616,0.692424,1.126311,0.227703,0.564474,1.559912,-1.809441,0.896863,1.850914,0.723776,0.624316,1.596885,0.099891,0.823002,1.888353,-0.697327,0.586327,2.249990,-1.061024,0.419261,1.924687,-1.756662,0.767233,1.678135,-1.538202,0.749507,1.933732,0.103831,0.599017,1.498374,1.817231,0.476585,1.294723,2.154845,0.327134,1.236236,0.741791,0.493496,1.668883,-1.081284,0.634899,1.940452,-1.469539,0.896040,1.680951,-0.863307,0.839515,1.917299,-0.999943,0.810043,1.475497,0.740172,0.580483,1.335778,0.786338,0.718836,1.779224,-1.033558,0.888156,1.857890,-1.871585,0.809383,1.395869,-0.863123,0.920841,1.201132,0.899066,0.739709,1.212574,0.913086,0.602949,1.657901,-0.527197,0.553518,1.737794,-0.567441,0.569384,1.523769,0.548155,0.714048,1.282851,1.091909,0.983381,1.255956,1.092783,0.849999,0.945548,1.152453,0.799551,1.105948,0.067646,0.935405,1.292796,1.798196,0.764001,1.146352,-0.471513,1.033959,1.420028,-0.249462,0.961465,2.091910,-1.457897,0.750348,1.683537,-1.477324,0.962762,1.282770,-1.666245,0.904355,1.189678,0.442526,0.897833,2.151500,-0.560278,0.841727,2.028153,0.354566,1.021144,1.155292,-1.947507,0.644314,1.499131,-0.707298,0.424979,1.654980,1.203436,0.288165,1.035027,1.800398,0.467633,1.785542,0.820437,0.366890,1.181127,-0.751791,0.636588,1.230538,1.709486,0.900449,1.629676,-0.654539,0.374722,1.179533,-0.200485,0.161010,1.295168,-1.052135,0.287531,1.421846,0.174461,0.599581,1.113804,1.836332,0.447477,1.411630,-0.760219,0.299512,1.220048,0.975811,0.401867,1.146599,1.201302,0.191884,1.469678,1.289955,0.406571,1.233333,0.733032,0.191344,1.463959,1.607309,0.393640,1.141063,1.104393,0.342531,1.211316,1.232971,1.078851,1.253065,-1.018777,0.961133,1.206747,1.749210
-0.335553,0.422540,1.055097,0.239126,-0.322483,-0.377279,-0.075760,-1.199210,0.117200,0.183729,0.620707,-1.670834,-0.928403,1.271355,-0.949611,0.369912,0.449696,-0.233163,0.886657,-0.207331,0.872553,0.686108,-0.373022,0.693820,-0.364881,-0.082528,-0.093177,1.238389,0.077342,-0.818655,1.238389,0.077342,-0.000001,1.238389,0.077342,-0.000001,0.985827,-0.252490,0.197241,0.985827,-0.252490,-0.000001,0.985827,-0.252490,-0.000001,0.918811,1.820640,1.013868,1.075633,0.437253,0.998254,1.006373,0.874774,-0.823295,1.051100,1.350357,1.377173,0.985809,-0.252474,-0.000001,0.985809,-0.252474,-0.000001,0.985827,-0.252474,-0.000001,1.238389,0.077342,-0.000001,1.238394,0.077342,-0.000001,1.238389,0.077342,-0.000001,1.129794,-0.119850,-0.860214,1.371879,0.141377,-1.502713,1.874020,0.570255,-0.237131,1.631537,-0.622156,0.756757,1.730609,-0.867994,-0.764885,0.208942,1.065076,0.621161,1.364222,0.059949,0.487480,1.549505,-0.214120,0.521432,0.230665,0.321965,0.995707,0.756275,0.385300,-0.623352,1.388310,-1.116733,1.056439,1.546723,-1.258176,1.198715,1.436845,-0.709502,-0.792921,1.216560,-0.185230,-0.370327,1.678033,-1.935905,-1.602915,1.506490,-1.540037,-0.734397,1.304524,-1.300626,-0.149660,0.822947,-0.440038,-1.412211,2.675674,-3.304352,-1.706291,1.705920,-1.982225,-1.597130,2.344058,-1.185665,-2.097099,-0.739703,1.138367,0.413700,-1.171830,1.160626,0.420594,-1.123469,1.134483,0.164145,-1.394693,1.022308,0.738062,-1.511894,0.803272,1.110496,-0.918881,1.375369,-0.086360,0.129791,1.482548,1.022167,0.773090,1.481838,0.911674,0.940704,1.286534,-1.559988,-0.297927,1.446912,0.311397,0.594045,1.412253,1.181655,-0.107287,1.262342,-0.632481,-0.576467,1.083402,-0.290107,0.326495,1.468225,0.677155,0.763884,1.365765,1.530378,0.274285,1.226654,-0.141423,-0.238936,1.202219,0.709786,0.635051,1.458630,1.191753,0.905912,1.375466,0.866937,0.657407,1.315027,-0.178754,0.410190,1.270288,0.227390,0.674030,0.573868,-1.072735,0.909804,1.129312,0.841425,0.740825,1.324478,0.713724,1.006420,1.443150,1.015244,0.985335,1.404606,0.099786,0.652182,0.662418,-0.250764,0.874037,1.570259,0.745030,0.818576,1.264604,0.067401,0.813625,1.153175,-1.212438,0.763775,1.440017,1.263162,0.897031,0.994570,-0.956551,0.721982,1.389900,-0.623726,0.689458,1.443445,0.342847,0.661550,1.135775,0.954883,0.644855,0.905543,-0.113421,0.912093,0.643015,-0.147269,0.831067,0.824500,0.474278,0.818936,0.659419,-1.160735,0.668563,1.411059,-0.919940,0.548689,1.569718,-0.016807,0.897518,1.504710,-0.170969,0.819409,1.572396,-0.969938,0.706176,1.819429,-2.060643,0.724484,1.589856,-0.865611,0.659753,1.392621,-1.422019,0.883174,1.361347,-0.276799,0.644548,1.771675,0.936851,0.794990,1.677302,-0.783258,0.964856,2.176897,-0.931859,0.885884,1.747098,-0.201417,0.741642,1.464027,0.297320,0.579772,1.506212,1.313420,0.671735,1.516355,-0.083092,0.624006,1.619240,-0.707364,0.640926,1.384842,1.121548,0.787764,1.523486,0.702459,1.054717,1.823091,0.315864,0.921868,3.460397,0.459406,0.638526,3.185181,-1.048376,0.765808,1.544498,0.131559,0.832159,1.563772,0.089045,0.863842,1.260990,0.261663,0.786949,1.940622,-1.561354,1.043247,3.567335,-1.836806,1.034591,3.566352,0.055176,0.973728,2.776043,-2.049386,0.968456,2.035986,-0.378222,0.905312,1.517935,-2.235793,0.853403,1.000126,0.623034,0.488506,0.846348,0.262491,0.495028,1.561771,-0.844845,0.358387,1.294874,0.959210,0.296940,1.330824,-0.911767,0.709794,1.469202,-0.633452,0.453326,1.474555,1.376783,0.715012,1.538470,-0.823623,0.449050,1.508474,-0.635307,0.495113,1.150426,-1.025537,0.362267,1.278502,0.037707,0.443135,1.396238,1.420867,0.732267,1.262498,0.152403,0.371824,1.460112,-0.146803,0.473856,1.404796,0.377196,0.264248,1.379968,-0.303816,0.485035,1.471763,-0.158729,0.264138,1.374986,-0.122749,0.220970,1.401279,0.124321,0.413202,1.449243,0.143427,0.906222,3.539555,0.298293,1.030647,2.158523,-3.270368
-0.345946,0.419737,1.044439,0.244837,-0.308958,-0.630219,-0.085340,-0.016036,-0.010767,0.184514,0.619984,-2.026750,-0.807403,1.227724,-0.733796,0.384396,0.455610,-0.537552,0.899826,0.886884,0.507393,0.688268,-0.378737,0.837964,2.293303,-0.549775,-2.111825,1.240080,-0.663312,-2.118900,1.240080,-0.663312,-0.000001,1.240080,-0.663312,-0.000001,0.989679,-0.265415,-2.182033,0.989679,-0.265415,-0.000001,0.989679,-0.265415,-0.000001,0.912337,1.814068,0.924228,1.070514,0.428567,1.053157,1.004196,0.873958,-0.807612,1.049025,1.361311,1.495724,0.989661,-0.265399,-0.000001,0.989661,-0.265399,-0.000001,0.989679,-0.265399,-0.000001,1.240080,-0.663312,-0.000001,1.240084,-0.663312,-0.000001,1.240080,-0.663312,-0.000001,0.686612,0.526341,-0.776330,0.600375,1.221063,-0.852408,1.302644,1.329561,-0.418394,1.557098,0.382151,0.471677,1.679961,0.145556,-0.625673,0.756382,0.827633,-0.200005,1.616003,-0.767419,0.752168,1.883878,-0.316101,0.522457,0.209529,0.289845,0.241548,0.718376,0.520945,-1.369575,1.463265,-0.704676,0.331703,1.750507,-1.247662,0.369777,1.686553,-1.429108,-0.618087,1.121756,0.045193,-1.006383,1.251889,-0.468594,-0.779783,1.631552,-0.971872,-0.013590,1.524575,-1.071674,-0.140134,0.724535,-0.143225,-0.286598,1.214106,-0.798883,-1.412400,1.052347,-0.791256,-1.492977,1.651107,0.612899,-1.128835,-0.740868,1.182486,0.032316,-1.210165,1.196382,0.257880,-1.334029,1.261693,0.555770,-1.343955,1.112607,0.884856,-1.499016,0.842582,1.246311,-0.808050,1.412845,0.081477,0.074668,1.518039,1.218630,0.895753,1.496296,0.610197,1.053792,1.351618,-1.225094,-0.347683,1.483918,0.459541,0.545832,1.458968,0.831674,-0.015658,1.249930,-0.590988,-0.494886,1.099026,-0.279728,0.354685,1.492190,0.890864,0.776857,1.386759,1.571889,0.320102,1.247946,-0.007654,-0.263887,1.229679,0.709832,0.635285,1.487576,1.194737,0.862758,1.425940,0.960541,0.711313,1.331805,-0.153141,0.473554,1.285773,0.246364,0.669593,0.576335,-0.931144,0.905729,1.133424,0.864426,0.736375,1.331250,0.597661,1.002204,1.451800,1.051346,0.981430,1.414124,0.228440,0.648448,0.672349,-0.465498,0.870316,1.582749,0.472292,0.815553,1.276043,-0.222254,0.810958,1.557979,-1.158944,0.762041,1.449004,1.083324,0.896117,1.003166,-1.322618,0.721555,1.396292,-0.646487,0.462373,1.451678,0.218559,0.661550,1.143091,0.696142,0.440562,0.910262,-0.142253,0.912280,0.646009,-0.263819,0.831260,0.826318,0.542394,0.814200,0.659757,-0.731651,0.663819,1.411059,-0.603500,0.544380,1.569049,0.307229,0.645329,1.504058,-0.181482,0.816059,1.572088,-1.241874,0.460266,1.374086,-1.892846,0.722767,1.589260,-1.127590,0.658417,1.391890,-1.348293,0.882276,1.360601,-0.083434,0.644161,1.771675,1.034613,0.791994,1.678311,-0.964247,0.700608,1.738664,-1.084782,0.622321,1.264863,-0.126458,0.738927,1.466935,0.309937,0.576752,1.510185,1.189581,0.669029,1.521323,-0.074900,0.621434,1.623401,-0.691973,0.638315,1.389719,1.219834,0.785521,1.526742,0.838005,0.810895,1.824268,0.409024,0.917792,3.461563,0.267421,0.405842,3.186288,-1.350810,0.762384,1.545740,-0.134811,0.598410,1.565833,-0.167752,0.859750,1.842083,0.266518,0.784971,1.942121,-1.477605,1.041851,3.568416,-1.330496,1.033497,3.567434,0.135534,0.972877,2.195726,-1.535926,0.967380,1.616933,-0.570410,0.903966,1.519021,-2.158478,0.850016,1.007478,0.327991,0.485564,0.852693,0.344424,0.254200,1.565913,-0.610190,0.355824,1.299364,1.130126,0.294354,1.335243,-0.765955,0.707662,1.074065,-0.665057,0.451738,1.479072,1.219947,0.712910,1.543364,-0.889210,0.446789,1.515398,-0.533542,0.234027,1.158193,-0.854003,0.359327,1.286194,0.167478,0.440181,1.402183,1.472353,0.509442,1.269564,0.080128,0.368979,1.464556,-0.074071,0.225837,1.409575,0.516870,0.262046,1.384219,-0.064615,0.482874,1.476176,-0.194734,0.261923,1.379202,0.089195,0.218353,1.406096,0.311897,0.410422,1.453647,0.197575,0.902288,3.141621,0.126818,1.029176,2.159470,-2.591430
-0.345946,0.419737,1.044439,0.244837,-0.308958,-0.630219,-0.085340,-0.016036,-0.010767,0.184514,0.619984,-2.026750,-0.807403,1.227724,-0.733796,0.384396,0.455610,-0.537552,0.899826,0.886884,0.507393,0.688268,-0.378737,0.837964,2.293303,-0.549775,-2.111825,1.240080,-0.663312,-2.118900,1.240080,-0.663312,-0.000001,1.240080,-0.663312,-0.000001,0.989679,-0.265415,-2.182033,0.989679,-0.265415,-0.000001,0.989679,-0.265415,-0.000001,0.912337,1.814068,0.924228,1.070514,0.428567,1.053157,1.004196,0.873958,-0.807612,1.049025,1.361311,1.495724,0.989661,-0.265399,-0.000001,0.989661,-0.265399,-0.000001,0.989679,-0.265399,-0.000001,1.240080,-0.663312,-0.000001,1.240084,-0.663312,-0.000001,1.240080,-0.663312,-0.000001,0.686612,0.526341,-0.776330,0.600375,1.221063,-0.852408,1.302644,1.329561,-0.418394,1.557098,0.382151,0.471677,1.679961,0.145556,-0.625673,0.756382,0.827633,-0.200005,1.616003,-0.767419,0.752168,1.883878,-0.316101,0.522457,0.209529,0.289845,0.241548,0.718376,0.520945,-1.369575,1.463265,-0.704676,0.331703,1.750507,-1.247662,0.369777,1.686553,-1.429108,-0.618087,1.121756,0.045193,-1.006383,1.251889,-0.468594,-0.779783,1.631552,-0.971872,-0.013590,1.524575,-1.071674,-0.140134,0.724535,-0.143225,-0.286598,1.214106,-0.798883,-1.412400,1.052347,-0.791256,-1.492977,1.651107,0.612899,-1.128835,-0.740868,1.182486,0.032316,-1.210165,1.196382,0.257880,-1.334029,1.261693,0.555770,-1.343955,1.112607,0.884856,-1.499016,0.842582,1.246311,-0.808050,1.412845,0.081477,0.074668,1.518039,1.218630,0.895753,1.496296,0.610197,1.053792,1.351618,-1.225094,-0.347683,1.483918,0.459541,0.545832,1.458968,0.831674,-0.015658,1.249930,-0.590988,-0.494886,1.099026,-0.279728,0.354685,1.492190,0.890864,0.776857,1.386759,1.571889,0.320102,1.247946,-0.007654,-0.263887,1.229679,0.709832,0.635285,1.487576,1.194737,0.862758,1.425940,0.960541,0.711313,1.331805,-0.153141,0.473554,1.285773,0.246364,0.669593,0.576335,-0.931144,0.905729,1.133424,0.864426,0.736375,1.331250,0.597661,1.002204,1.451800,1.051346,0.981430,1.414124,0.228440,0.648448,0.672349,-0.465498,0.870316,1.582749,0.472292,0.815553,1.276043,-0.222254,0.810958,1.557979,-1.158944,0.762041,1.449004,1.083324,0.896117,1.003166,-1.322618,0.721555,1.396292,-0.646487,0.462373,1.451678,0.218559,0.661550,1.143091,0.696142,0.440562,0.910262,-0.142253,0.912280,0.646009,-0.263819,0.831260,0.826318,0.542394,0.814200,0.659757,-0.731651,0.663819,1.411059,-0.603500,0.544380,1.569049,0.307229,0.645329,1.504058,-0.181482,0.816059,1.572088,-1.241874,0.460266,1.374086,-1.892846,0.722767,1.589260,-1.127590,0.658417,1.391890,-1.348293,0.882276,1.360601,-0.083434,0.644161,1.771675,1.034613,0.791994,1.678311,-0.964247,0.700608,1.738664,-1.084782,0.622321,1.264863,-0.126458,0.738927,1.466935,0.309937,0.576752,1.510185,1.189581,0.669029,1.521323,-0.074900,0.621434,1.623401,-0.691973,0.638315,1.389719,1.219834,0.785521,1.526742,0.838005,0.810895,1.824268,0.409024,0.917792,3.461563,0.267421,0.405842,3.186288,-1.350810,0.762384,1.545740,-0.134811,0.598410,1.565833,-0.167752,0.859750,1.842083,0.266518,0.784971,1.942121,-1.477605,1.041851,3.568416,-1.330496,1.033497,3.567434,0.135534,0.972877,2.195726,-1.535926,0.967380,1.616933,-0.570410,0.903966,1.519021,-2.158478,0.850016,1.007478,0.327991,0.485564,0.852693,0.344424,0.254200,1.565913,-0.610190,0.355824,1.299364,1.130126,0.294354,1.335243,-0.765955,0.707662,1.074065,-0.665057,0.451738,1.479072,1.219947,0.712910,1.543364,-0.889210,0.446789,1.515398,-0.533542,0.234027,1.158193,-0.854003,0.359327,1.286194,0.167478,0.440181,1.402183,1.472353,0.509442,1.269564,0.080128,0.368979,1.464556,-0.074071,0.225837,1.409575,0.516870,0.262046,1.384219,-0.064615,0.482874,1.476176,-0.194734,0.261923,1.379202,0.089195,0.218353,1.406096,0.311897,0.410422,1.453647,0.197575,0.902288,3.141621,0.126818,1.029176,2.159470,-2.591430
-0.355167,0.400243,0.890962,0.227155,-0.296717,-0.546752,-0.692805,0.006619,0.151999,0.056519,0.682521,-1.516101,-0.805142,1.271618,-0.542991,0.386030,0.450233,-0.723160,0.879243,-0.180132,1.103962,0.698198,-0.413029,0.381927,-0.378022,-0.550659,-1.118052,0.450843,-0.298662,-1.714096,0.450843,-0.298662,-0.000001,0.450843,-0.298662,-0.000001,0.983747,-0.923472,-1.556686,0.983747,-0.923472,-0.000001,0.983747,-0.923472,-0.000001,0.909092,1.805603,0.875188,1.064603,0.381908,1.228738,0.358710,0.870716,-0.747132,1.047778,-0.173164,0.950535,0.983729,-0.923457,-0.000001,0.983729,-0.923457,-0.000001,0.983747,-0.923457,-0.000001,0.450843,-0.298662,-0.000001,0.450848,-0.298662,-0.000001,0.450843,-0.298662,-0.000001,1.150485,-0.138076,-0.719961,0.860723,0.110499,-1.047541,1.432578,0.526769,-0.628913,1.663222,-0.680815,0.148068,1.770587,-0.322227,-0.420640,0.227664,0.731725,0.639853,1.391727,-0.027112,0.937895,1.576991,-0.283485,0.377808,-0.061358,0.451577,0.565755,0.773288,0.342142,-0.298619,0.984114,-0.708294,0.548429,1.123080,-1.769344,0.730002,1.035561,-2.002259,-0.566151,1.228600,0.260238,-0.645033,1.239320,-1.041626,-1.295212,1.139566,-1.123874,-0.741135,1.328055,-1.355889,-0.366645,0.832680,-0.000460,-1.004390,1.951168,-2.416481,-1.636647,1.352404,-2.020037,-1.503120,1.941237,-1.752141,-1.604040,-0.624034,1.152237,0.329653,-1.179911,1.217445,0.676658,-1.340013,1.268148,0.781068,-1.324991,1.154857,0.742662,-1.109293,0.829305,1.244797,-0.828073,1.420494,0.177507,0.154405,1.547217,1.320715,0.915165,1.564084,1.035835,1.167712,1.429942,-0.762929,-0.338455,1.494870,0.452088,0.615218,1.498344,0.960159,0.082069,1.307681,-0.571043,-0.392055,1.124933,-0.124500,0.265851,1.497254,0.753714,0.778595,1.425096,1.426510,0.370061,1.276041,0.010997,-0.198654,1.256623,0.719223,0.589453,1.502603,1.194797,0.899062,1.439692,0.882068,0.748979,1.352867,-0.196188,0.510509,1.313606,0.134321,0.941126,1.135954,-1.798247,0.802978,1.144524,0.938813,0.622752,1.483502,-1.249553,0.706850,1.045119,1.681602,0.900398,1.804108,1.774433,0.783982,1.103453,-1.349956,0.834811,1.513403,2.122934,0.825238,1.253690,0.798124,0.874739,1.155643,-0.573886,0.629552,1.427538,1.659224,0.806900,0.932737,-1.058535,0.672207,1.299225,-0.289402,0.436154,1.207237,0.167149,0.646855,1.352171,0.177866,0.635219,1.000007,-1.323537,0.909216,1.184701,-1.147511,0.830074,0.654732,-0.342414,0.470137,1.295871,-0.948507,0.337132,1.257817,0.840771,0.480675,0.986202,0.389793,0.620152,1.306628,0.707186,0.575140,1.757800,0.632571,0.534813,2.492978,-0.833900,0.587585,1.406146,0.190800,0.551770,1.988858,-0.548000,0.812067,1.134890,0.652990,0.603222,0.892431,0.420917,0.579417,1.573413,-0.035438,0.749649,2.110818,-0.440806,0.671235,1.239876,-0.419027,0.532899,1.130632,0.848357,0.363572,1.189428,0.459001,0.464962,1.637549,-1.140057,0.428159,1.727961,-0.799640,0.458828,0.996002,0.482130,0.617027,1.260917,1.586236,0.502131,1.430987,0.843353,0.625164,2.741041,-0.330765,0.611647,2.499256,-1.168145,0.517399,1.127773,0.767498,0.575074,0.877300,-0.607451,0.566025,1.738103,-1.480382,0.634983,1.809979,-1.388934,0.924841,2.662472,-0.179090,0.933011,3.062983,0.710826,0.894098,2.051915,-1.342835,0.868583,1.523475,-0.455860,0.570618,1.430010,-1.545623,0.607713,0.722202,1.210719,0.500690,1.068947,-0.519424,0.288695,1.365602,-0.703888,0.165393,1.085388,0.779031,0.360274,1.473882,-0.471167,0.541525,1.240143,-0.242562,0.314177,1.301134,1.197651,0.815290,1.392587,-0.347425,0.522487,1.309831,-0.626367,0.291207,0.927609,-0.892618,0.398160,1.057837,-0.193293,0.455369,1.222494,0.803973,0.736959,0.995380,0.271256,0.406553,1.289501,0.128845,0.278185,1.221298,0.535164,0.331339,1.213904,-0.332497,0.599622,1.302312,0.066525,0.331629,1.529858,-0.195436,0.270481,1.216346,0.173791,0.447143,1.280150,0.311058,0.619244,2.660603,0.930593,0.918180,1.368731,-1.132212
-0.345547,0.394679,0.994311,0.240228,-0.304017,-0.555772,-0.077096,-0.009769,-0.364981,0.052038,0.743974,-0.692924,-0.567130,1.270561,0.032116,0.389316,0.457943,-0.526073,0.885827,-0.188508,0.175527,0.712420,-0.401598,-0.007497,-0.410357,-0.549775,-0.207469,0.438873,-0.664022,-0.548740,0.438873,-0.664022,-0.000001,0.438873,-0.664022,-0.000001,-0.535490,-0.265415,0.009741,-0.535490,-0.265415,-0.000001,-0.535490,-0.265415,-0.000001,0.914495,1.805115,1.051511,1.068928,0.391414,1.314812,1.004325,0.863019,-0.874696,1.046639,-0.166469,1.040930,-0.535508,-0.265399,-0.000001,-0.535508,-0.265399,-0.000001,-0.535490,-0.265399,-0.000001,0.438873,-0.664022,-0.000001,0.438878,-0.664022,-0.000001,0.438873,-0.664022,-0.000001,0.637139,0.883311,0.740195,0.333803,1.011946,-0.256925,0.972742,0.540162,0.226284,1.176520,-0.185954,0.812470,1.783157,-0.931345,-0.941086,0.241235,0.743153,0.822329,1.405699,-0.002955,0.554152,1.587686,0.267199,0.926270,-0.054879,0.456170,1.468025,0.790302,0.755211,-0.137529,0.996064,-0.690248,1.150656,1.580293,-1.300189,1.659618,1.045649,-0.330614,0.759674,1.243911,0.275616,0.454508,1.252932,-0.552537,-1.064469,1.533925,-0.635355,0.731286,1.339832,-0.826966,1.027343,1.636736,0.502957,0.291971,1.714538,-0.529284,-1.023653,1.731088,-1.658167,-0.871946,1.952245,-0.191309,-0.531624,-0.859483,1.065531,-0.730595,-0.766858,0.945206,0.024249,-0.851027,0.990020,0.821050,-1.031049,0.996838,0.631517,-0.602293,0.689005,1.299590,-0.911774,1.238014,0.556818,0.125838,1.375113,1.581602,0.738573,1.446224,1.205937,0.934954,1.338289,0.679690,-0.577780,1.335475,0.184625,0.557386,1.337311,0.807488,0.223931,1.146260,-0.648482,-0.313787,0.949192,-0.140470,-0.273922,1.343663,-0.008188,0.738974,1.276578,0.081571,0.371843,1.128638,-0.165397,-0.260419,1.111930,0.100945,0.030872,1.358046,-0.225691,0.220590,1.540977,-1.409648,0.730484,1.289065,-0.355789,0.348535,1.190512,-0.364889,0.662600,0.731816,-1.076261,0.899365,0.629286,-0.363697,0.729131,0.804272,0.280356,0.995869,0.928335,0.445005,0.975651,0.945223,0.319305,0.643114,0.817678,-0.957101,0.865569,1.112638,0.631566,0.812522,0.866782,-0.386683,0.809633,1.267784,-1.418055,0.762474,1.127073,1.467638,0.898413,1.559116,-1.137598,0.725047,1.489513,0.484886,0.466403,1.044578,-0.122645,0.665777,1.287354,0.412634,0.444556,1.050912,-0.603183,0.701121,1.339425,-1.061192,0.836011,0.975821,-0.444584,0.806781,1.134259,-0.477719,0.424841,1.480110,1.274014,0.296217,1.271935,1.532570,0.392268,1.213988,0.433247,0.561051,1.293647,-1.525390,0.459402,1.469393,-1.797139,0.722977,1.324617,-1.079115,0.660211,1.479199,-1.184189,0.885197,1.028979,0.492854,0.647517,1.301713,0.874097,0.531113,1.761034,-1.259749,0.698528,1.838355,-1.715895,0.620246,1.376475,-0.475672,0.736909,1.188527,0.903121,0.573921,1.200994,1.182114,0.432746,1.134648,-0.221219,0.619731,1.299920,-0.746363,0.637230,1.010198,1.283525,0.532762,1.273072,1.480131,0.804933,1.240761,1.482324,0.912423,1.255457,-0.223495,0.401568,1.400273,0.153957,0.758742,1.276756,1.290679,0.363852,1.120250,-0.253267,0.854361,1.393766,-0.246000,0.784971,0.960288,-1.451099,0.588562,2.461233,-0.112626,0.539236,2.459669,-1.916043,0.735079,1.161749,-0.195718,0.481424,0.870003,-1.829332,0.466959,0.807630,-0.569591,0.846414,1.145941,-0.460581,0.482806,0.979155,-0.319048,0.251875,1.315301,0.221030,0.114763,1.027638,1.453323,0.293279,1.422718,0.190179,0.441935,1.172936,-0.614500,0.452420,1.224500,1.658140,0.712910,1.301076,-0.851321,0.191479,1.173040,-0.293940,0.232420,0.774172,-0.771890,0.102846,0.905881,0.177511,0.437412,1.107859,1.589494,0.506317,0.871711,-0.158292,0.120817,1.214108,0.412484,0.224098,1.140210,0.892404,0.260730,1.144617,0.558299,0.214007,1.227432,0.283003,0.260600,1.458322,0.771295,0.216621,1.134624,0.723446,0.167890,1.205428,0.577955,0.897271,2.432696,-0.040677,0.791040,1.189687,1.080947
-0.355941,0.357815,0.962949,1.185026,0.782062,-1.448201,0.558013,0.032892,-1.365904,0.053987,0.746138,-0.055479,-0.432681,1.086870,-1.488330,1.084824,0.462609,-0.739975,0.894071,-0.182226,0.045380,0.732701,-0.367307,-0.979955,-0.371435,-0.545365,-0.176119,0.457442,-0.295111,-0.914500,0.457442,-0.295111,-0.000001,0.457442,-0.295111,-0.000001,0.979009,-0.265415,0.014380,0.979009,-0.265415,-0.000001,0.979009,-0.265415,-0.000001,0.900724,1.792889,0.426537,1.065780,0.360581,1.148446,0.353202,0.860569,-0.927657,1.041868,-0.166172,0.801136,0.978991,-0.265399,-0.000001,0.978991,-0.265399,-0.000001,0.979009,-0.265399,-0.000001,0.457442,-0.295111,-0.000001,0.457446,-0.295111,-0.000001,0.457442,-0.295111,-0.000001,0.659017,0.898960,-0.074570,0.354526,1.032531,0.259596,0.520132,0.998416,0.229832,1.194855,-0.160316,-0.373867,1.199733,-0.258876,-0.265702,0.261032,1.055961,-0.010103,0.876363,0.664763,0.705397,1.140206,-0.764854,0.345355,-0.043578,0.316238,0.369509,0.814148,0.776772,-1.229863,1.013201,-0.661304,-0.930018,1.151863,-1.727331,0.578844,1.061964,-1.550105,-0.015198,1.264697,0.801768,-0.392371,0.362599,0.429293,-1.484506,0.780905,-1.080451,-0.704371,1.358030,-0.799359,0.638238,0.466936,0.529281,0.640880,0.260277,-0.036817,-1.560148,-0.096165,-0.934395,-1.518105,1.125574,-0.163551,-0.867765,-0.146347,0.617188,-0.730595,-0.368487,0.472802,0.024249,-0.583930,0.587527,0.821050,-0.533270,0.691836,0.631517,-0.059013,0.443370,1.299590,-0.740549,0.909627,0.556818,0.162453,0.996867,1.581602,0.800306,1.063383,1.205937,0.962411,1.130638,0.679690,0.382485,0.965176,0.184625,0.321812,1.116342,0.807488,0.453200,0.816451,-0.648482,-0.124167,0.647078,-0.140470,-0.101188,1.074182,-0.008188,0.899977,0.977244,0.081571,0.551911,0.834501,-0.165397,-0.090702,0.837450,0.100945,0.385524,1.039474,-0.225691,0.614712,1.121243,-1.409648,0.865367,1.014649,-0.355789,0.496387,0.932768,-0.364889,0.926106,1.333065,-1.115888,0.793355,0.800430,1.368749,0.615515,1.264691,-0.427657,0.710192,1.671185,2.154250,0.916704,1.860620,0.965032,0.821870,0.672833,-0.204259,0.919053,1.747626,0.538415,0.721678,1.497064,-0.161042,0.814941,0.531521,-0.005683,0.870577,1.168450,-0.852039,0.850015,0.623671,-0.361396,0.999042,0.641246,-1.192946,0.526899,1.218819,1.504278,0.979416,1.247631,1.112980,0.731005,0.772793,1.459715,0.360045,0.855778,-0.278307,0.490509,0.118622,-0.999495,0.476114,0.544505,-0.603776,0.597162,0.928808,-0.074573,0.541367,0.957356,0.829319,0.470440,0.906867,0.703994,0.716521,1.033504,-1.094009,0.489076,1.128064,-1.693712,0.575524,1.038460,-1.015614,0.574271,1.533872,-1.381769,0.871692,1.106074,0.447358,0.676789,0.892951,1.274168,0.760465,1.266004,-1.276790,0.668759,0.909871,-1.455863,0.590555,0.952439,1.059859,0.712548,0.962158,1.089761,0.494654,1.057088,1.381262,0.616452,0.963715,1.308151,0.600499,0.737449,0.634655,0.650673,0.833560,1.649639,0.576244,1.149789,0.629502,0.799613,1.187878,1.730654,0.698107,0.839063,1.336614,0.706514,1.004816,1.098651,0.637974,1.220928,1.331916,0.904615,1.037408,0.450427,0.639242,0.731396,0.022778,0.860740,0.815415,-0.778281,0.692652,1.120200,-0.401120,0.455059,1.117932,-2.150623,0.693874,0.999333,-0.373770,0.398662,0.773944,-2.077365,0.567310,0.308465,0.382521,0.726969,1.257430,1.195960,0.405585,1.013611,1.512567,0.204679,0.982147,-1.366780,0.339020,1.039831,0.433080,0.306594,0.338667,0.099767,0.510134,1.193226,-0.771423,0.570909,0.936447,0.312512,0.788772,0.405919,-1.356507,0.213865,1.319571,-0.531964,0.220255,0.938534,0.273212,0.311013,1.068657,0.501401,0.359875,1.227045,0.586374,0.634733,0.969878,0.281755,0.322232,0.930721,-0.955286,0.208610,1.200857,-0.100283,0.278550,0.868120,-0.615048,0.310410,0.945974,-0.944224,0.278526,0.867340,-0.855919,0.201199,1.195745,-0.228754,0.364735,1.261314,-0.773882,0.708285,1.549121,-0.267580,0.685805,1.086345,0.510952
-0.362862,0.344606,0.700404,0.206708,0.803320,-0.565843,-0.080367,0.061563,-1.110240,0.186160,0.806629,-0.219401,0.294689,0.809607,0.511613,1.083999,0.456695,-0.600152,0.873890,-0.192697,0.349819,0.721480,-0.435820,-0.290186,-0.386783,-0.546249,-0.702965,0.441481,-0.297242,-1.206472,0.441481,-0.297242,-0.000001,0.441481,-0.297242,-0.000001,0.988196,-0.262842,-0.166368,0.988196,-0.262842,-0.000001,0.988196,-0.262842,-0.000001,0.892356,-0.456927,0.518003,1.067366,0.352668,1.056114,0.342057,-1.155504,-1.074020,1.039900,1.352180,0.882486,0.988178,-0.262827,-0.000001,0.988178,-0.262827,-0.000001,0.988196,-0.262827,-0.000001,0.441481,-0.297242,-0.000001,0.441486,-0.297242,-0.000001,0.441481,-0.297242,-0.000001,0.652954,0.528949,-0.387820,0.351616,1.433570,-0.099119,0.519030,0.951582,0.025756,1.194087,-0.691777,-0.878019,1.805005,-0.341738,-0.787091,0.733270,-0.167875,-1.763250,0.872127,-0.046485,-0.695443,1.603389,-0.830086,-0.707337,0.269082,0.297882,0.046501,0.251519,-0.070891,-3.165324,1.008665,-0.719148,-0.220616,1.148435,-1.328184,0.642682,1.059676,-0.356073,-0.199811,1.256663,0.244908,-1.626722,0.356677,0.370925,-1.081090,0.777664,-0.664289,-1.318513,1.354460,-0.858572,0.186792,0.460261,0.472918,0.441600,-0.474898,0.376578,-1.338433,-0.468065,0.081030,-1.735777,0.700420,0.295955,-0.793707,-0.343465,0.344766,-0.730595,-0.525670,0.161348,0.024249,-0.720822,0.201942,0.821050,-0.432232,0.359934,0.631517,0.441535,0.358522,1.299590,-0.937860,0.607483,0.556818,-1.314203,0.748675,1.581602,-0.657899,0.730217,1.205937,-0.242052,0.736483,0.679690,0.153910,0.702420,0.184625,0.054772,0.810044,0.807488,0.189002,0.513001,-0.648482,-0.342676,0.369107,-0.140470,-0.300238,0.826237,-0.008188,0.714445,0.701833,0.081571,0.344409,0.563870,-0.165397,-0.286276,0.584905,0.100945,0.235744,0.798735,-0.225691,0.473170,0.862826,-1.409648,0.709934,0.762164,-0.355789,0.326010,0.695622,-0.364889,0.979348,0.178350,-1.049208,0.657335,0.355289,1.295483,0.460307,0.783331,-0.938449,0.562247,1.176186,2.205747,0.772819,1.402329,1.088868,0.669436,0.259613,-0.551528,0.738589,1.267245,1.417207,0.772551,1.073898,0.568487,0.866106,0.230766,-0.050826,0.667843,1.282799,0.120921,0.631900,0.295024,-0.487251,0.788138,0.741820,-0.965185,0.561193,1.379074,1.032676,0.782545,0.832661,1.158732,0.553070,0.966398,0.131032,0.610492,1.050043,-1.287382,0.749383,1.043132,-1.445022,0.302640,0.294284,-0.934620,0.657832,0.725349,-0.726567,0.601639,0.719954,0.264370,0.528970,0.675095,0.879036,0.516761,0.808657,-0.651169,0.785915,0.394388,-1.233341,0.867618,0.827269,-0.381935,0.876416,0.855074,-1.026007,0.913774,0.840674,1.174658,0.711791,0.512451,0.632489,0.815229,0.645260,-0.890674,0.724079,0.619386,-0.803076,0.645731,0.627074,1.396852,0.508097,0.714131,1.308947,0.545075,0.775015,1.145600,0.429229,0.610512,0.427100,0.406789,0.441218,0.175067,0.452539,0.995117,1.514573,0.626437,0.918934,1.113681,0.616270,0.971662,1.081035,0.511891,0.626374,1.204069,0.760463,0.488447,1.329534,0.692991,0.992672,1.130134,0.724700,0.657829,0.983717,0.452327,0.349488,0.178721,0.657757,0.453903,-0.489009,0.504237,0.456265,-0.775700,0.499129,0.453649,-1.617947,0.734871,0.619147,0.462626,0.689633,0.498043,-1.704374,0.385663,0.453369,-0.625375,0.539304,0.861184,1.965650,0.454704,0.650532,0.639641,0.497981,0.746320,-1.853851,0.389225,1.150526,0.023568,0.355766,0.448884,-1.156256,0.831797,0.909058,-0.074186,0.356430,1.038708,0.207603,0.839489,0.502301,-0.849206,0.523829,0.988609,-0.326194,0.536896,0.567297,0.261297,0.365418,0.701004,0.016449,0.409195,0.943218,0.314697,0.684180,0.589539,0.650726,0.374873,1.031325,-0.884113,0.260079,0.943621,-0.329268,0.328923,0.964644,-1.485970,0.635267,1.045893,-1.053759,0.329198,0.963072,-1.645585,0.252451,0.936498,-0.563940,0.416182,1.024273,-0.704345,0.517540,0.475283,-0.234205,0.729373,0.858559,1.380366
-0.361314,0.354332,0.989289,0.213340,-0.292418,-0.263742,-0.070425,0.049765,-0.663822,0.448986,0.809034,0.270784,0.419208,0.533692,0.792524,0.372372,0.427977,-0.840164,0.868939,-1.291100,0.997621,0.719769,-0.504332,0.384912,2.298252,-1.470153,-0.050184,1.233785,-1.041438,-0.092842,1.233785,-1.041438,-0.000001,1.233785,-1.041438,-0.000001,1.001815,-1.600910,-0.431269,1.001815,-1.600910,-0.000001,1.001815,-1.600910,-0.000001,0.886970,-0.460686,0.909672,1.062632,0.334477,1.040842,0.338855,-1.153871,-1.073424,1.035028,-0.170430,0.423289,1.001797,-1.600894,-0.000001,1.001797,-1.600894,-0.000001,1.001815,-1.600894,-0.000001,1.233785,-1.041438,-0.000001,1.233790,-1.041438,-0.000001,1.233785,-1.041438,-0.000001,1.104253,0.179804,-0.571352,1.145109,-0.170542,0.467283,1.581657,-0.342906,1.151383,1.283785,-0.856745,1.518532,1.884963,-0.877750,-0.172639,0.663914,-0.001200,-0.249936,1.175509,-0.617456,-1.119844,1.274722,0.230500,-0.199935,-0.330090,0.600694,1.178408,0.840955,0.114046,-1.056757,0.927262,-0.762520,0.905125,1.393984,-0.967545,1.397410,0.807023,-0.531213,-0.128485,1.347817,-0.077731,-0.241648,1.236530,-1.202249,-0.408050,1.031911,-1.326500,-0.068812,1.137978,-0.661226,0.513685,0.950838,-0.402432,-0.500044,-0.010442,-1.762272,-0.708213,1.296702,-1.536621,-0.519515,1.394655,-1.106404,-0.269939,0.867365,0.591571,-0.086782,0.770145,0.742193,0.171367,0.582243,0.857055,-0.478497,0.493900,0.767165,-0.519220,0.712052,0.308849,0.634273,0.232876,0.255427,-2.160927,-0.527244,0.279683,-3.294679,-0.545977,0.034356,-3.428706,-0.304542,-0.373740,-2.548547,-0.249140,0.061400,-0.546967,-0.717735,-0.078311,-2.631174,-0.158123,-0.243459,-1.505831,0.263770,-0.304285,-1.003218,-0.487442,0.186635,-1.338584,-0.687386,0.076800,-1.899864,-0.426770,-0.103022,-1.610995,0.058508,-0.166795,-0.903241,-0.429162,0.288929,-2.461636,-0.504876,0.179084,-0.729360,-0.207315,0.078593,-0.906680,0.114356,0.062284,-1.118761,0.545350,-0.561863,-1.267416,0.609553,-0.478896,-0.239266,0.402570,-0.233007,-0.157396,0.697351,0.021122,1.442880,0.698250,0.239026,0.942874,0.571789,0.276003,-1.353659,0.821604,0.562911,1.780809,0.811101,0.422234,0.196059,0.857690,0.964876,-0.770944,0.611495,0.774341,1.814091,0.786490,0.723042,-1.270975,0.651686,1.129385,-0.050155,0.416788,0.403160,0.311636,0.627122,0.487228,0.049851,0.411121,0.730280,-1.145407,0.455469,0.930379,-1.659194,0.810248,0.355700,-1.278994,0.459222,1.123528,-0.310704,0.325577,0.792983,1.135493,0.223474,0.440607,1.123150,0.605587,0.402371,0.647656,0.559476,0.528652,-0.792150,0.763593,0.503133,-1.241336,0.814032,0.920176,-0.066539,0.787546,1.392248,-0.613396,0.791585,0.525531,1.331235,0.584635,0.024925,0.332891,0.562399,1.032404,-0.749004,0.732211,0.583021,-0.964989,0.653842,0.531841,0.271286,0.515986,0.598368,1.825627,0.349243,0.592396,1.017294,0.449996,0.378062,-0.368532,0.412342,0.672654,-0.536759,0.442149,0.263169,1.183840,0.345221,0.771968,1.528720,0.731041,0.621028,1.375540,0.611861,0.297944,1.195469,0.829271,0.490907,0.968541,0.502839,0.622513,1.840369,0.793883,0.039380,0.318230,0.552671,-0.272757,-0.283626,0.617466,0.448986,-0.944104,0.450374,0.475381,-1.118996,0.663958,0.472775,-1.780530,0.632831,0.032074,0.193423,0.604050,0.911514,-1.031068,0.554276,1.251279,0.148054,0.593313,0.464897,0.721029,0.263927,0.317776,-0.168275,0.273032,0.875623,-0.864471,0.149445,0.553815,0.719708,0.343735,0.592559,-1.067926,0.790265,0.650852,-0.267563,0.295116,0.800730,1.299146,0.796678,0.914637,-0.119516,0.504854,0.633629,-0.620272,0.534364,0.686918,-1.187269,0.381679,0.306670,-0.330525,0.441361,0.641925,0.854923,0.723279,0.212425,0.049170,0.390606,0.797202,0.034121,0.261606,0.691813,0.457140,0.314405,0.743201,-0.466807,0.579998,0.813363,0.029359,0.314594,0.743447,-0.322517,0.253971,0.682721,0.130829,0.431558,0.792234,0.312847,0.605284,0.468537,-0.146805,0.658796,0.509109,2.130745
-0.372458,0.356413,1.006590,1.196076,-0.288985,-1.206093,1.190939,0.052899,-0.654283,0.447973,0.806990,-0.131885,0.663514,0.302430,-0.420804,0.389999,-0.474626,-0.897428,0.899826,-0.213614,0.093535,0.707258,-0.504332,0.705625,2.292768,-1.471922,-0.098739,1.246219,-1.403957,-0.193761,1.246219,-1.403957,-0.000001,1.246219,-1.403957,-0.000001,0.993224,-1.603498,-1.606455,0.993224,-1.603498,-0.000001,0.993224,-1.603498,-0.000001,0.880216,-0.475264,0.762951,1.059869,0.333705,1.331047,0.334755,-1.164018,-1.369455,0.519760,1.345168,0.278290,0.993206,-1.603482,-0.000001,0.993206,-1.603482,-0.000001,0.993224,-1.603482,-0.000001,1.246219,-1.403957,-0.000001,1.246224,-1.403957,-0.000001,1.246219,-1.403957,-0.000001,0.626992,-0.179775,-1.337189,0.325908,0.501244,0.049271,1.437271,0.038421,-0.160816,1.668185,-1.215944,0.045100,1.777113,-1.038535,-1.310335,0.232053,0.398375,-0.628330,1.397228,-0.104544,-0.456949,1.581631,-0.348766,0.386996,-0.058001,0.282970,0.821061,0.778406,-0.110964,-1.793015,0.987999,-1.709514,0.542130,1.127198,-1.370197,1.295927,0.615017,-0.394281,0.188305,1.232962,-0.304310,-0.372773,0.789105,-1.100039,-1.152342,1.143112,-0.711334,0.083964,0.867992,-0.392815,0.576090,0.836018,-0.064344,0.259656,-0.486710,-0.137478,-1.194986,0.619083,-1.361109,-0.860389,0.258427,-0.270521,-0.535970,1.128207,0.252532,-0.086782,0.978141,0.354577,0.171367,0.763389,0.377181,-0.478497,0.694457,0.240999,-0.519220,0.773100,0.265207,0.634273,0.493972,-0.120602,-2.160927,-0.115866,-0.162175,-3.294679,-0.139739,-0.441674,-3.428706,0.003946,-0.844066,-2.548547,0.053328,-0.265609,-0.546967,-0.364367,-0.459511,-2.631174,0.191485,-0.621114,-1.505831,0.552918,-0.650230,-1.003218,-0.224043,-0.121941,-1.338584,-0.441875,-0.265960,-1.899864,-0.152187,-0.439832,-1.610995,0.317306,-0.481096,-0.903241,-0.230960,-0.010680,-2.461636,-0.317576,-0.142526,-0.729360,-0.001634,-0.235634,-0.906680,0.339812,-0.232853,-1.118761,0.311025,0.212656,0.478351,0.563722,0.140931,-0.729167,0.556290,0.295200,0.650609,0.634548,0.424686,0.659253,0.627407,0.494173,-0.016284,0.479476,-0.136207,-0.148841,0.677485,0.662975,0.190033,0.403517,0.475913,-0.223558,0.612749,0.593962,-1.405287,0.571468,0.820004,1.493417,0.699335,0.368191,-1.133223,0.537284,0.874949,-0.690764,0.293775,0.652959,0.680755,0.494053,0.270875,1.009909,0.289524,0.615873,0.110447,0.538060,0.355609,-1.084545,0.667531,0.468871,-0.526504,0.615593,0.058583,-0.540665,0.466525,0.591521,-0.403899,0.341425,0.604242,0.487381,0.440411,0.562126,-1.006330,0.359725,-0.043664,-1.526121,0.755139,-0.207979,-0.317987,0.776142,0.393246,-1.228203,0.717352,0.335158,-0.931444,0.690775,0.705186,0.345780,0.477458,0.244173,0.778060,0.584482,0.733947,-1.259216,0.490990,0.627594,-1.213205,0.674243,0.529666,1.354322,0.535825,0.555026,1.304607,0.392614,0.495134,2.143378,0.480554,0.252341,1.028448,0.429210,0.560928,0.116911,0.444742,0.643574,1.670190,0.334234,1.028302,0.968788,0.609667,0.664281,0.040811,0.716343,0.357852,1.449738,0.674964,0.547801,0.136249,0.565366,0.668174,1.009130,0.638735,0.111004,0.168151,0.657546,0.378325,1.643854,0.591851,-0.010254,-0.461879,0.411450,0.165024,-0.129652,0.595204,0.162254,-0.792469,0.549796,0.139159,0.892479,0.536451,0.131332,-1.285947,0.515192,0.104105,-0.871854,0.655155,0.194845,-0.496391,0.306179,0.099309,0.855615,0.300767,0.740421,-0.894740,0.164544,0.765886,1.021211,0.102614,0.453920,-0.844295,0.499052,0.482632,-0.527579,0.250807,0.979575,1.336983,0.507469,1.068318,-0.647500,0.245260,0.843702,-0.641429,0.286143,0.404755,-1.253625,0.155010,0.540032,-0.002838,0.260062,0.825454,1.580066,0.330203,0.488530,0.036961,0.171289,0.973150,-0.150749,0.029741,0.881052,0.412907,0.065408,0.913818,-0.236294,0.272838,0.988114,-0.097241,0.064113,0.912662,-0.036663,0.023084,0.873440,0.208409,0.217216,0.966616,0.152749,0.698685,0.133062,-0.049100,0.605210,0.576148,0.673065
-0.372458,0.356413,1.006590,1.196076,-0.288985,-1.206093,1.190939,0.052899,-0.654283,0.447973,0.806990,-0.131885,0.663514,0.302430,-0.420804,0.389999,-0.474626,-0.897428,0.899826,-0.213614,0.093535,0.707258,-0.504332,0.705625,2.292768,-1.471922,-0.098739,1.246219,-1.403957,-0.193761,1.246219,-1.403957,-0.000001,1.246219,-1.403957,-0.000001,0.993224,-1.603498,-1.606455,0.993224,-1.603498,-0.000001,0.993224,-1.603498,-0.000001,0.880216,-0.475264,0.762951,1.059869,0.333705,1.331047,0.334755,-1.164018,-1.369455,0.519760,1.345168,0.278290,0.993206,-1.603482,-0.000001,0.993206,-1.603482,-0.000001,0.993224,-1.603482,-0.000001,1.246219,-1.403957,-0.000001,1.246224,-1.403957,-0.000001,1.246219,-1.403957,-0.000001,0.626992,-0.179775,-1.337189,0.325908,0.501244,0.049271,1.437271,0.038421,-0.160816,1.668185,-1.215944,0.045100,1.777113,-1.038535,-1.310335,0.232053,0.398375,-0.628330,1.397228,-0.104544,-0.456949,1.581631,-0.348766,0.386996,-0.058001,0.282970,0.821061,0.778406,-0.110964,-1.793015,0.987999,-1.709514,0.542130,1.127198,-1.370197,1.295927,0.615017,-0.394281,0.188305,1.232962,-0.304310,-0.372773,0.789105,-1.100039,-1.152342,1.143112,-0.711334,0.083964,0.867992,-0.392815,0.576090,0.836018,-0.064344,0.259656,-0.486710,-0.137478,-1.194986,0.619083,-1.361109,-0.860389,0.258427,-0.270521,-0.535970,1.128207,0.252532,-0.086782,0.978141,0.354577,0.171367,0.763389,0.377181,-0.478497,0.694457,0.240999,-0.519220,0.773100,0.265207,0.634273,0.493972,-0.120602,-2.160927,-0.115866,-0.162175,-3.294679,-0.139739,-0.441674,-3.428706,0.003946,-0.844066,-2.548547,0.053328,-0.265609,-0.546967,-0.364367,-0.459511,-2.631174,0.191485,-0.621114,-1.505831,0.552918,-0.650230,-1.003218,-0.224043,-0.121941,-1.338584,-0.441875,-0.265960,-1.899864,-0.152187,-0.439832,-1.610995,0.317306,-0.481096,-0.903241,-0.230960,-0.010680,-2.461636,-0.317576,-0.142526,-0.729360,-0.001634,-0.235634,-0.906680,0.339812,-0.232853,-1.118761,0.311025,0.212656,0.478351,0.563722,0.140931,-0.729167,0.556290,0.295200,0.650609,0.634548,0.424686,0.659253,0.627407,0.494173,-0.016284,0.479476,-0.136207,-0.148841,0.677485,0.662975,0.190033,0.403517,0.475913,-0.223558,0.612749,0.593962,-1.405287,0.571468,0.820004,1.493417,0.699335,0.368191,-1.133223,0.537284,0.874949,-0.690764,0.293775,0.652959,0.680755,0.494053,0.270875,1.009909,0.289524,0.615873,0.110447,0.538060,0.355609,-1.084545,0.667531,0.468871,-0.526504,0.615593,0.058583,-0.540665,0.466525,0.591521,-0.403899,0.341425,0.604242,0.487381,0.440411,0.562126,-1.006330,0.359725,-0.043664,-1.526121,0.755139,-0.207979,-0.317987,0.776142,0.393246,-1.228203,0.717352,0.335158,-0.931444,0.690775,0.705186,0.345780,0.477458,0.244173,0.778060,0.584482,0.733947,-1.259216,0.490990,0.627594,-1.213205,0.674243,0.529666,1.354322,0.535825,0.555026,1.304607,0.392614,0.495134,2.143378,0.480554,0.252341,1.028448,0.429210,0.560928,0.116911,0.444742,0.643574,1.670190,0.334234,1.028302,0.968788,0.609667,0.664281,0.040811,0.716343,0.357852,1.449738,0.674964,0.547801,0.136249,0.565366,0.668174,1.009130,0.638735,0.111004,0.168151,0.657546,0.378325,1.643854,0.591851,-0.010254,-0.461879,0.411450,0.165024,-0.129652,0.595204,0.162254,-0.792469,0.549796,0.139159,0.892479,0.536451,0.131332,-1.285947,0.515192,0.104105,-0.871854,0.655155,0.194845,-0.496391,0.306179,0.099309,0.855615,0.300767,0.740421,-0.894740,0.164544,0.765886,1.021211,0.102614,0.453920,-0.844295,0.499052,0.482632,-0.527579,0.250807,0.979575,1.336983,0.507469,1.068318,-0.647500,0.245260,0.843702,-0.641429,0.286143,0.404755,-1.253625,0.155010,0.540032,-0.002838,0.260062,0.825454,1.580066,0.330203,0.488530,0.036961,0.171289,0.973150,-0.150749,0.029741,0.881052,0.412907,0.065408,0.913818,-0.236294,0.272838,0.988114,-0.097241,0.064113,0.912662,-0.036663,0.023084,0.873440,0.208409,0.217216,0.966616,0.152749,0.698685,0.133062,-0.049100,0.605210,0.576148,0.673065
-0.385526,0.343884,0.731458,1.213938,-0.290924,-1.364335,1.815621,0.047103,-0.643615,0.449517,0.744454,-0.693024,1.146649,0.212039,-0.108056,0.372372,-0.475524,-0.623663,0.900655,-1.293195,1.644084,0.729250,-0.510047,-0.447380,2.300425,-1.474574,0.731427,1.245297,-1.407508,0.360517,1.245297,-1.407508,-0.000001,1.245297,-1.407508,-0.000001,0.990258,-1.603498,-1.037213,0.990258,-1.603498,-0.000001,0.990258,-1.603498,-0.000001,0.864831,-0.472911,0.503103,1.048863,0.312378,1.001211,0.331940,-1.183074,-1.123773,0.507831,-0.172253,-0.182129,0.990240,-1.603482,-0.000001,0.990240,-1.603482,-0.000001,0.990258,-1.603482,-0.000001,1.245297,-1.407508,-0.000001,1.245301,-1.407508,-0.000001,1.245297,-1.407508,-0.000001,1.105887,0.177195,-0.459873,1.146779,0.278487,-0.373929,1.583089,0.095300,0.474139,1.285323,-0.860414,0.404273,1.886807,-0.882627,0.044852,0.179582,-0.307180,-1.488591,0.616964,-0.622299,-1.822954,0.804046,0.226417,-0.064802,-0.647074,0.598398,1.174282,0.842669,-1.112746,-1.673406,0.928544,-1.243231,-0.078464,0.941913,-0.974554,1.557582,-0.054241,-0.114080,0.716454,1.349286,-0.085373,-0.185559,0.775834,-0.724077,0.143808,0.642575,-0.374773,0.369616,1.139393,-0.144156,1.142658,0.550163,0.585645,0.081692,0.238173,-0.813276,-0.019915,0.549226,0.245762,0.504062,0.538833,-0.587465,0.645343,1.215199,0.319038,1.533354,1.397618,0.412183,1.582511,1.452275,0.272237,1.682698,1.186988,0.024115,1.078743,0.593646,-0.066814,0.456849,1.395743,0.044929,0.554412,1.274393,-0.353694,0.155934,0.803495,-0.842541,0.229793,0.249236,-1.253204,0.964199,1.227545,-0.089896,0.252422,0.669629,-0.673118,0.472773,0.672325,-1.088509,2.257911,0.679552,-1.499383,1.296849,0.724475,-0.210490,0.350948,0.116151,-0.780929,0.461801,0.077738,-1.119022,1.168800,0.172488,-1.353071,1.395085,0.178712,-0.290948,0.422745,-0.014877,-0.675561,0.680682,-0.095723,-0.860560,1.224856,-0.067596,-0.988823,1.679820,0.305733,-0.306555,-0.352412,0.558665,-0.354460,-1.286540,0.550534,-0.226236,0.587136,0.629094,-0.097573,0.221330,0.430865,0.022494,-0.174927,0.273862,0.562706,-0.273805,0.206717,0.184351,-0.712038,0.170555,0.057639,-0.722967,0.606774,1.091136,-1.585735,0.566033,0.491437,0.861773,0.435576,0.919460,-1.536909,0.532043,0.965286,-0.060357,0.062030,0.244361,0.642986,0.489629,0.417691,-0.333884,0.285523,0.762288,-0.882413,0.102331,1.058538,-1.673746,0.439960,0.634493,-1.594643,0.609415,0.543829,-1.034432,0.227959,0.670278,0.923605,0.092613,0.696470,1.552359,0.185356,0.652168,-0.251406,0.353472,0.043354,-1.845239,0.505562,-0.099234,-1.134969,0.770756,0.811737,-1.137573,0.711731,0.849221,-1.368309,0.432233,0.386677,0.504157,0.250255,0.390569,1.048754,0.578257,0.825597,-1.333498,0.484702,0.736289,-1.719324,0.406973,0.164233,0.324235,0.529744,0.645263,1.726504,0.387165,0.596369,1.338572,0.240957,0.378982,-0.037794,0.423449,0.666983,-0.628084,0.438885,0.268045,1.175982,0.328417,0.777587,1.408401,0.603282,0.416202,0.237526,0.710119,0.112195,1.156460,0.440052,0.314497,0.112350,0.559380,0.753597,1.624484,0.402546,0.252690,0.084197,0.651298,-0.058138,0.788160,0.586371,0.125826,-0.805639,0.406394,-0.136150,-0.360357,0.341563,-0.139078,-1.552085,0.544671,0.282444,0.497551,0.531039,0.655799,-1.546141,0.291334,0.603618,-0.551091,0.649235,0.332828,-0.760158,0.300871,0.226693,0.418303,0.056761,0.823565,0.199389,-0.080776,0.494786,1.558874,0.096812,0.897897,-0.228963,0.227410,0.582546,-0.819544,0.245051,0.724709,1.741223,0.501656,1.149151,-0.383681,-0.015014,0.500085,-0.485824,0.021638,0.533481,-1.329887,-0.105320,0.158321,0.143171,0.254732,0.530078,1.741855,0.324731,0.089716,-0.163557,-0.080597,0.722412,0.582806,0.023847,0.611375,0.996539,0.059679,0.993593,0.799710,-0.002727,0.739083,0.350870,0.058351,0.991782,1.039520,0.017215,0.601654,0.846813,-0.028956,0.718111,0.921544,0.692567,0.231762,-0.694814,0.599907,0.662128,0.927423
-0.384752,0.348089,0.751618,2.166841,-0.294358,-1.374153,1.830655,0.027831,-0.429894,0.449745,0.619984,-1.108046,1.272169,0.118801,1.655882,0.385080,0.433727,-0.621333,0.892814,-0.198980,1.181672,0.714580,-0.492902,-0.314790,2.315773,-1.475458,0.848130,1.258339,-1.408928,1.708815,1.258339,-1.408928,-0.000001,1.258339,-1.408928,-0.000001,0.985827,-1.602204,-1.007054,0.985827,-1.602204,-0.000001,0.985827,-1.602204,-0.000001,0.864567,-0.464933,0.615096,1.035863,0.315514,1.113428,0.332323,-1.148599,-0.983232,0.502649,-0.170133,-0.197135,0.985809,-1.602188,-0.000001,0.985809,-1.602188,-0.000001,0.985827,-1.602188,-0.000001,1.258339,-1.408928,-0.000001,1.258344,-1.408928,-0.000001,1.258339,-1.408928,-0.000001,1.167116,-0.174558,-0.604781,0.879777,-0.832078,0.476781,1.450269,-0.393088,0.231622,1.184930,-0.739429,-0.923659,2.399580,-0.405088,-0.359413,0.720796,-0.195273,-1.133159,0.859860,-0.109388,-0.057359,1.129490,-0.348766,-0.359573,0.263571,0.282970,0.166991,0.789887,-0.912382,-1.820277,0.997681,-0.766138,0.450671,1.138506,-1.370197,1.526668,1.050882,-1.222135,0.698192,1.242442,0.198823,-0.279508,0.799224,-0.151045,-0.067930,1.152545,-0.707712,0.190202,1.344120,-0.905934,1.857144,0.448099,0.427837,0.175909,0.494667,-0.133880,-0.200263,0.627835,-0.305169,-0.298274,1.533573,-0.785543,0.449858,1.330196,0.073095,1.533354,1.489317,0.131001,1.582511,1.395238,0.106470,1.682698,1.085958,-0.166718,1.078743,0.531077,-0.209397,0.456849,1.510852,-0.227848,0.554412,1.455757,-0.674224,0.155934,0.982593,-1.187860,0.229793,0.385239,-1.594384,0.964199,1.360895,-0.327113,0.252422,0.825419,-0.949646,0.472773,0.826457,-1.362466,2.257911,0.807028,-1.750336,1.296849,0.840599,-0.434335,0.350948,0.224388,-1.029572,0.461801,0.198794,-1.363348,1.168800,0.286584,-1.581069,1.395085,0.266093,-0.508289,0.422745,0.067697,-0.908861,0.680682,-0.005045,-1.088505,1.224856,0.031801,-1.202919,1.679820,0.443122,-0.310217,-0.365109,0.322986,-0.351536,-1.503550,0.491498,-0.216982,0.488782,0.573678,-0.081478,-0.600907,0.186587,0.042576,-0.035767,0.419717,0.026481,-0.053995,0.145185,0.212756,-0.994407,-0.114905,0.084478,-0.356317,0.046920,1.111222,-1.600044,0.508180,0.512522,-0.725091,0.118603,1.379159,-1.915674,0.477907,0.978692,-0.021187,0.240114,0.260356,1.010792,0.441112,1.018179,-1.588115,0.241727,1.360525,-1.427649,0.056533,1.623795,-1.192358,0.169382,1.300449,-1.852271,0.544714,-0.240787,-0.946356,0.396366,0.664287,0.799760,0.269750,0.688761,2.023258,-0.128419,0.644641,0.208913,0.037389,0.391812,-2.066215,0.446408,-0.107925,-1.451376,0.471129,0.804857,-1.607687,0.400139,0.840024,-1.765716,0.375300,0.378072,-0.191833,0.424063,0.380434,1.234873,0.254786,0.822285,-2.015972,0.157948,0.294127,-2.346557,0.342309,0.165092,-0.546525,0.466859,0.284065,0.566369,0.329490,0.601798,1.426350,0.416343,0.386195,0.358380,0.363867,0.673425,-0.615970,0.379277,0.274710,1.270537,0.519778,0.782036,0.976316,0.538756,0.743462,-1.079512,0.645975,0.109298,0.433288,0.150778,0.311746,0.352883,0.738405,0.751765,1.347751,-0.118762,0.249630,0.710907,0.586914,-0.061216,0.150087,0.527477,0.121389,-1.369398,0.352941,-0.140043,0.392456,0.284501,-0.142972,-1.731328,0.490247,0.277793,-0.239470,0.230970,0.653198,-1.817771,0.458792,0.601140,0.021570,0.587806,0.347534,-2.174582,0.465913,0.238461,0.079034,-0.002920,0.830957,1.187940,0.099656,0.503141,2.081701,0.279545,0.905812,0.437318,-0.102270,0.591807,-0.500571,0.442777,0.733448,2.079300,0.438830,1.158658,-1.010584,-0.077152,0.513535,0.394945,-0.042205,0.549014,-0.542728,-0.168995,0.173263,0.836917,0.420450,0.541626,2.019027,0.048340,0.103888,-0.043392,-0.142207,0.731009,1.192034,-0.036782,0.620622,1.593884,-0.000798,1.001817,1.901559,-0.066610,0.747621,1.338891,-0.002486,0.999940,2.200807,-0.043158,0.610973,1.653243,-0.089168,0.726631,1.388846,0.382021,0.228916,-2.261895,0.544201,0.659022,-0.045550
-0.392823,0.350170,0.690906,3.115697,-0.286835,-1.464793,2.468432,0.040836,-0.084952,0.450504,0.494312,-0.868861,1.389766,-0.020448,0.884121,0.383162,0.427079,-0.694736,0.887461,-0.211520,0.500704,0.717609,-0.521478,-0.375434,2.331656,-1.472806,0.592853,2.027471,-1.409638,0.796259,2.027471,-1.409638,-0.000001,2.027471,-1.409638,-0.000001,0.993532,-0.940280,-1.516609,0.993532,-0.940280,-0.000001,0.993532,-0.940280,-0.000001,0.854305,-0.462580,0.482481,1.033508,0.313150,1.066436,0.332835,0.830573,-0.824669,0.502339,-0.190237,-0.374157,0.993514,-0.940264,-0.000001,0.993514,-0.940264,-0.000001,0.993532,-0.940264,-0.000001,2.027471,-1.409638,-0.000001,2.027476,-1.409638,-0.000001,2.027471,-1.409638,-0.000001,1.172387,-0.526312,-1.432217,0.885166,-0.849190,0.032741,0.985013,-0.844646,-0.200689,1.189893,-0.754104,-1.318027,1.194625,0.208907,-0.973334,0.247841,-0.503539,-1.401838,1.416701,0.500270,-0.215572,1.598750,0.161136,-0.110253,0.266693,0.427495,0.653663,0.795835,-0.927809,-2.292683,1.422879,-0.784228,1.290687,1.589198,-0.473900,0.809660,1.479564,0.006917,1.058864,1.247561,0.183446,-0.392534,1.258173,0.308859,-0.072354,1.540406,-0.255371,0.809679,1.813457,0.104502,2.090736,0.452363,0.412794,0.741213,0.497102,0.319051,0.022810,0.631511,0.386197,-0.470354,1.538099,1.262601,0.860456,1.499697,0.024775,1.533354,1.624478,0.075759,1.582511,1.512950,0.038079,1.682698,1.216285,-0.241706,1.078743,0.660206,-0.282936,0.456849,1.680519,-0.281439,0.554412,1.723079,-0.737197,0.155934,1.246575,-1.255703,0.229793,0.585701,-1.661414,0.964199,1.557446,-0.373718,0.252422,1.055045,-1.003974,0.472773,1.053640,-1.416288,2.257911,0.994923,-1.799640,1.296849,1.011762,-0.478313,0.350948,0.383927,-1.078421,0.461801,0.377224,-1.411350,1.168800,0.454757,-1.625863,1.395085,0.394888,-0.550988,0.422745,0.189409,-0.954696,0.680682,0.128611,-1.133288,1.224856,0.178307,-1.244981,1.679820,0.373664,0.144668,0.039868,0.073285,0.100593,-0.431794,0.627028,0.278547,0.927516,0.306648,-0.262539,-0.854722,0.121356,0.526095,0.127165,0.354436,-0.092568,1.045228,-0.158335,0.087156,-0.177167,-0.178296,-0.020293,1.297014,-0.015311,-0.153923,-1.697439,0.454655,0.429419,-2.180108,0.068377,0.408882,-1.669387,0.681588,1.260929,-1.472934,0.430705,0.674232,1.641231,0.632757,0.860901,-1.123855,0.415114,0.595417,-0.607790,0.239717,0.879328,-0.682632,0.136070,0.395621,-1.206311,0.697179,0.005984,-0.096700,0.551346,0.542162,0.123866,0.435905,0.542210,1.487639,0.046686,0.870859,0.124306,-0.032404,0.255895,-1.558422,0.143724,0.166165,-0.928708,0.174717,0.673739,-1.232517,0.095065,0.678230,-1.391745,0.328494,0.636696,-0.308442,0.608959,0.754048,1.345912,-0.071213,0.317022,-2.094218,0.090789,0.144788,-2.186088,0.275324,0.493894,-0.875815,0.402148,0.536934,-0.749061,0.495064,0.484996,0.900047,0.589022,0.240123,0.274018,0.543689,0.552220,-0.795481,0.563959,0.631581,0.890110,0.460386,1.019994,0.159609,0.462317,0.630682,-1.376476,0.571312,0.321104,0.191532,0.082988,0.512902,1.278578,0.670719,0.632704,-0.395915,0.043539,0.629688,1.500229,0.754884,0.321173,-0.218534,0.471194,-0.072128,-1.584219,0.530865,0.116123,1.015328,-0.014312,0.113328,-1.150983,0.684911,0.656400,-0.319474,-0.062822,0.507398,-1.734266,0.411335,0.061020,0.578543,0.520456,0.209551,-2.054521,0.405985,0.106539,0.931809,0.173361,0.743671,0.792296,0.279014,0.770376,1.912808,0.220702,0.812016,-0.238428,-0.163872,0.487611,0.594716,0.386742,0.988044,1.356013,0.116580,1.079816,-1.691089,-0.138831,0.861592,1.439944,-0.107186,0.424822,0.759516,0.019080,0.559905,1.945640,0.360276,0.840132,1.721926,0.207441,0.502663,1.053983,0.039768,0.981482,1.400234,0.147093,0.890013,1.935089,0.186827,0.921211,1.699851,-0.127125,0.996389,1.820060,0.186257,0.919995,1.969975,0.139942,0.882471,2.122345,0.088679,0.974873,1.527719,0.307819,0.089411,-2.057479,0.494014,0.536132,-1.289198
-0.389749,0.351529,0.825613,3.111088,-0.291566,-1.489501,2.468554,0.035054,0.149972,0.579968,0.433701,-0.916321,1.389299,-0.067129,0.783273,0.380435,0.431394,-0.499555,0.854941,-1.268089,-0.056680,0.719321,-0.487187,-0.539953,2.321792,0.367057,0.610435,1.259875,0.073081,0.055234,1.259875,0.073081,-0.000001,1.259875,0.073081,-0.000001,1.008941,-0.246035,1.038140,1.008941,-0.246035,-0.000001,1.008941,-0.246035,-0.000001,0.855392,-0.460227,0.646769,1.033100,0.313922,1.145973,-0.305606,0.841116,-0.355770,0.505243,-0.193287,-0.318475,1.008923,-0.246019,-0.000001,1.008923,-0.246019,-0.000001,1.008941,-0.246019,-0.000001,1.259875,0.073081,-0.000001,1.259880,0.073081,-0.000001,1.259875,0.073081,-0.000001,1.109525,-0.158941,-1.256510,1.153409,-0.619571,-0.331160,0.635614,-0.342906,-0.352695,0.788695,-0.372892,-0.418213,1.282471,-0.239366,0.236897,0.183255,-0.003485,-1.227578,0.623317,0.655077,-1.377006,1.283304,0.764852,-0.683181,0.629790,0.446985,0.430715,0.844773,-0.295901,-2.256034,1.359224,-0.766138,1.113113,1.400150,-0.508904,1.056549,1.245495,0.309390,0.466316,0.867633,0.429247,-1.230772,0.778625,0.724965,-0.616165,1.036934,0.106502,-0.302940,1.616588,-0.140206,0.740519,0.550478,1.089062,0.491316,-0.256072,1.091912,-0.488165,0.552333,0.248465,-1.363165,1.400169,0.466323,-0.432832,1.413077,-0.003843,0.872483,1.516756,0.029430,1.452418,1.455940,-0.010247,1.252856,1.155379,-0.295606,1.275725,0.555081,-0.330475,0.687848,1.780116,-0.335682,-0.107253,1.911793,-0.890085,0.515618,1.314445,-1.386064,0.563010,0.607239,-1.793333,1.121913,1.689572,-0.436543,0.364146,1.138322,-1.121775,0.072842,1.131404,-1.544648,1.828343,0.985093,-1.864054,-0.180146,1.019164,-0.545642,0.238995,0.480351,-1.166479,0.053858,0.457137,-1.491129,1.014075,0.559252,-1.681529,0.610860,0.414054,-0.625259,0.020820,0.152055,-1.033618,0.875500,0.126227,-1.229819,1.226946,0.217551,-1.308628,1.710443,0.271088,-0.141881,-0.144551,0.348914,-0.046614,-0.996399,0.528816,0.256378,0.705585,0.619767,0.545795,0.047248,0.432904,0.742626,-0.552994,0.298766,0.180248,0.994954,0.280011,0.471405,-0.798328,-0.166993,0.350730,0.458111,0.048920,0.116186,-1.386741,0.570813,0.717785,-1.209764,-0.026570,0.655351,-1.623421,0.630508,1.064899,-1.607722,0.401663,0.831573,1.515070,0.614851,0.328334,-0.760934,0.400397,0.543466,-0.302326,0.227835,0.726091,-0.643826,0.125375,0.079307,-1.106716,0.368775,0.559038,-0.509665,0.239102,0.642876,1.184564,0.141246,0.639447,2.112345,0.029246,0.596496,0.492495,0.238487,0.720048,-1.660977,0.222158,0.291550,-1.448650,0.283859,0.757675,-1.402881,0.241533,0.774721,-1.684771,0.509420,0.323031,-0.255116,0.566241,0.351718,1.100819,0.240538,0.875562,-1.843179,0.407784,0.409456,-2.134562,0.330255,0.354279,-0.231601,0.457375,0.475815,0.482392,0.289959,0.468737,1.175999,0.392650,0.223856,0.787253,0.357245,0.545762,-0.168892,0.390338,0.615615,1.594664,0.549793,0.669714,0.696403,0.649273,0.488666,-0.446082,0.533340,0.162235,1.266933,0.066910,0.362021,0.289961,0.678866,0.833197,1.187972,0.027374,0.390276,0.303550,0.473856,0.080292,1.316815,0.572365,0.221095,-1.375710,0.412846,-0.097529,0.823209,0.129150,-0.100436,-1.570341,0.604229,0.377069,-0.171508,0.078229,0.740677,-1.793547,0.518689,0.684458,0.267239,0.526816,0.333308,-0.949760,0.429561,0.188142,1.337275,-0.024714,0.788939,0.355530,0.094972,0.825228,1.894852,0.292642,0.498788,0.188015,-0.063562,0.548421,-0.201974,0.252395,1.061315,1.406816,0.219888,0.840993,-1.989623,-0.060880,0.531028,0.872601,-0.044727,0.573243,0.823796,-0.192247,0.706893,1.515642,0.383949,0.950215,1.436792,-0.002093,0.621608,0.852297,-0.164705,0.716472,0.587327,-0.041583,0.967542,1.377463,0.012619,0.987909,1.324331,-0.010144,0.733182,0.941857,0.011010,0.986146,1.443568,-0.047939,0.960606,1.479365,-0.111155,1.046316,0.805801,0.528889,-0.099091,-1.389492,0.622858,0.715794,-0.585804
-0.387826,0.359896,0.603081,3.109616,-0.288775,-1.495154,2.460551,0.035775,0.036531,0.580803,0.431176,-0.188097,1.385570,-0.066785,0.381131,0.383712,-0.475349,-1.158085,0.850820,-0.178063,-0.779250,0.668857,-0.470111,0.386282,2.301528,0.379424,1.421760,1.246983,0.446954,0.630557,1.246983,0.446954,-0.000001,1.246983,0.446954,-0.000001,0.987292,0.421065,1.687951,0.987292,0.421065,-0.000001,0.987292,0.421065,-0.000001,0.864831,-0.471046,0.915347,1.035863,0.305237,0.996327,0.335271,0.832998,-0.637677,0.508249,-0.210043,-0.425048,0.987274,0.421081,-0.000001,0.987274,0.421081,-0.000001,0.987292,0.421081,-0.000001,1.246983,0.446954,-0.000001,1.246987,0.446954,-0.000001,1.246983,0.446954,-0.000001,0.596996,0.510724,0.173879,0.839999,0.065939,0.306758,0.476798,1.352999,-0.229914,0.653192,1.170214,-0.282164,-0.063332,0.861924,-0.223647,0.204911,-0.195273,-1.186091,0.267456,0.519643,-0.808121,1.560917,0.177468,-1.311674,0.241951,0.430939,-0.589732,0.743910,0.292850,-1.889795,0.964414,-0.299855,0.756907,1.104936,0.450433,0.283990,1.868472,0.436761,0.971331,1.201984,0.701910,-0.621195,0.762222,0.797948,-0.280745,1.122751,0.233149,-0.116868,1.773513,1.154348,0.716637,0.414393,0.919972,0.587271,0.230866,0.333444,0.575915,-0.137455,2.157767,-0.547753,1.079584,1.282428,0.307753,1.130061,-0.029178,1.000824,1.309781,0.000671,1.248320,1.308826,-0.033362,1.309855,0.862375,-0.347342,1.059765,0.283558,-0.407294,0.665196,1.544111,-0.362964,0.181575,1.577874,-0.966661,0.802629,0.946937,-1.468266,0.578669,0.385355,-1.934100,0.566311,1.304473,-0.451917,0.157745,0.884932,-1.168323,-0.243973,0.815717,-1.590519,1.612432,0.823643,-1.885837,-0.572267,0.757637,-0.583693,-0.244133,0.281999,-1.182173,0.755379,0.209773,-1.523475,0.342357,0.423759,-1.698741,-0.172629,0.236069,-0.662239,0.282936,0.001158,-1.056670,0.848065,-0.058562,-1.260178,1.184937,0.035856,-1.352034,1.704461,0.570093,0.138540,0.315996,0.261009,0.093581,-0.336562,0.631296,0.270547,0.961683,0.310699,-0.271843,-0.964114,0.125089,0.516577,-0.057955,0.358351,-0.101005,1.216076,0.078695,0.076330,-0.477756,0.053056,0.530037,1.148881,-0.011536,0.236763,-1.400084,0.457921,0.861762,-1.223463,0.071363,0.842759,-1.674363,0.684218,1.255187,-1.297156,0.433126,0.666511,1.680199,0.635182,0.264071,-0.845280,0.417111,-0.003332,0.543209,0.241823,-0.255179,0.011010,0.138248,-0.281703,-0.627438,0.701714,-0.387176,0.476255,0.555881,0.539886,-0.181699,0.440214,0.539522,1.079742,0.051107,0.868234,-0.166560,0.223943,0.609062,-1.876907,0.391370,0.163011,-1.120464,0.177958,0.334711,-1.470625,0.351997,0.261778,-1.363273,0.331424,0.633696,-0.392148,0.611332,0.149448,1.698379,0.192215,0.314033,-2.096584,0.094742,0.581478,-2.187922,0.279266,0.489160,-0.737141,0.660257,0.533052,-0.242143,0.498692,0.479949,0.766432,0.592760,0.234252,0.674906,0.547322,0.120017,-0.071146,0.567426,0.625820,1.271101,0.716738,0.681868,0.341401,0.706763,0.627757,-1.659568,0.817604,0.318208,0.516031,0.087063,0.510151,0.780706,0.674797,0.629616,0.103769,0.047636,0.624567,1.126316,0.759187,0.316021,0.800700,0.721480,-0.076565,-1.432785,0.533894,-0.286730,1.168124,-0.011209,0.110126,-1.204365,0.687916,0.068295,-0.185089,0.184608,0.082352,-1.802424,0.414255,0.057456,0.397081,0.524481,0.201718,-1.739674,0.409518,0.099751,1.107020,0.176960,0.739241,0.655263,0.282633,0.765546,1.823435,0.224135,0.807287,-0.080585,-0.160098,0.482256,0.066039,0.390190,0.983208,1.258220,0.120301,1.075203,-1.937905,-0.134988,0.855098,1.268615,-0.103281,0.417539,0.903242,0.022920,0.552692,1.681182,0.363825,0.834528,1.540695,0.210965,0.495135,1.044564,0.043483,0.976724,1.010219,0.150803,0.884896,1.695354,0.190569,0.916937,1.563574,-0.123543,0.991664,1.081298,0.190020,0.915756,1.813093,0.143636,0.877314,1.879951,0.092310,0.970159,1.162786,0.558140,0.085857,-1.536807,0.496999,0.533329,-1.468043
-0.371309,0.361297,1.001263,2.147506,-0.298434,-1.395490,1.833079,0.041321,-0.108419,0.712900,0.371045,0.742018,1.149003,-0.067235,-0.026738,0.390408,-0.474813,-0.843578,0.872659,-1.276466,0.878572,0.715028,-0.430104,-0.295533,2.338244,0.376782,1.084559,1.252354,0.078754,-0.257656,1.252354,0.078754,-0.000001,1.252354,0.078754,-0.000001,1.011310,0.421065,1.654204,1.011310,0.421065,-0.000001,1.011310,0.421065,-0.000001,0.877251,-0.464933,0.952299,1.062632,0.338434,1.168536,0.337448,0.823272,-0.931003,1.036065,-0.225275,-0.142724,1.011292,0.421081,-0.000001,1.011292,0.421081,-0.000001,1.011310,0.421081,-0.000001,1.252354,0.078754,-0.000001,1.252359,0.078754,-0.000001,1.252354,0.078754,-0.000001,0.559278,-0.130283,0.141898,0.585446,-0.122551,1.067079,0.615765,1.035205,-0.600044,0.766562,-0.314278,-1.206749,1.254579,-0.151686,0.113471,0.170781,0.638103,0.483580,0.604696,0.742196,0.226613,0.791915,0.295782,1.124763,-0.338005,0.467637,1.170520,0.834149,0.977136,0.176741,0.493032,-0.223965,0.337450,0.478554,-0.449368,0.804888,-0.496294,-0.059975,0.876572,1.342365,0.997639,1.390153,0.306064,0.301552,0.135692,0.244399,0.164414,1.246588,0.656865,-0.077090,1.127178,0.544712,1.145425,0.972324,-0.262064,0.671321,0.585567,-0.206743,-0.067516,0.621715,0.529761,0.002803,1.056340,0.865836,0.091299,0.783906,1.138264,0.144350,1.272494,1.211094,0.104617,1.210433,0.904577,-0.183950,1.167911,0.045307,-0.271306,0.791883,1.411076,-0.280335,-0.391337,1.174197,-0.855534,0.714511,0.583565,-1.328090,0.192745,0.185286,-1.921796,-1.928273,1.277655,-0.378978,-0.523791,0.493092,-1.040645,-1.186512,0.569659,-1.476354,-0.317633,0.572976,-1.816715,-1.528359,0.605072,-0.506685,-0.687501,0.068540,-1.102053,-0.246918,0.044691,-1.421532,0.257860,0.203220,-1.663091,-1.228188,0.043198,-0.588453,-0.295997,-0.132346,-0.977547,1.007655,-0.186501,-1.170227,1.198591,-0.064806,-1.271019,1.274767,0.429469,-0.132663,-0.025997,0.499787,-0.048350,-0.750772,0.699979,0.243437,0.819623,0.581423,-0.180357,-0.470931,0.202043,0.710750,-0.239097,0.459552,0.145530,1.338420,-0.005748,0.424773,-0.378387,0.009248,0.307480,1.165296,-0.013752,0.485350,-1.671720,0.751808,1.127073,-0.679050,0.160813,0.625231,-1.429177,0.557592,0.680504,-1.896057,0.332886,0.256455,2.085365,0.545192,0.311109,-0.679991,0.543796,-0.061049,0.682396,0.378648,0.158369,-0.074091,0.506568,-0.584879,-0.941062,0.557699,0.570121,-0.589225,0.426899,0.978736,1.248141,0.334532,0.655207,1.702177,0.475310,0.611883,0.256945,0.941320,0.733289,-0.999481,0.405678,0.758249,-1.480572,0.218852,0.772005,-0.812125,0.426467,0.792712,-1.364509,0.436060,0.340621,0.334018,0.724640,0.372465,1.688227,0.437930,0.507604,-1.827441,0.606953,0.414928,-1.915355,0.792236,0.355577,0.026585,0.650571,0.473223,0.537719,0.465012,0.461144,1.474226,0.571773,0.214360,0.963481,0.540065,0.537054,-0.116992,0.574367,0.606296,1.414148,0.738693,1.000447,0.673929,0.840502,0.493648,-0.161449,0.724706,0.168617,1.417609,0.478122,0.368082,0.085746,0.866030,0.488039,0.838362,0.440822,0.397977,0.091935,0.665940,0.088041,1.454282,0.755854,0.231407,-1.461565,0.580690,-0.087956,0.468362,0.560611,-0.090858,-1.586218,1.020475,0.388477,0.473381,0.748557,1.172082,-1.568811,0.680299,0.690847,0.130362,0.711922,0.310730,-1.182575,0.599904,0.170471,1.020883,0.157500,0.778008,0.308529,0.276893,0.813036,1.770474,0.474928,0.846116,-0.007860,-0.132941,0.534904,-0.112644,0.443459,1.048035,1.377146,0.151022,0.826873,-1.930661,0.130701,0.510256,0.924488,0.151368,0.549497,0.733960,0.002158,0.683376,1.409400,0.554989,0.932380,1.498340,0.168549,0.599908,0.571024,0.023394,1.040501,0.502501,0.144919,0.953491,1.325380,0.199358,0.975434,1.626302,-0.081911,1.055007,1.378845,0.198862,0.973772,1.789794,0.137776,0.946445,1.493092,0.072677,1.033368,0.777952,0.722466,-0.091638,-1.284157,0.798480,0.722638,-0.306128
-0.371309,0.361297,1.001263,2.147506,-0.298434,-1.395490,1.833079,0.041321,-0.108419,0.712900,0.371045,0.742018,1.149003,-0.067235,-0.026738,0.390408,-0.474813,-0.843578,0.872659,-1.276466,0.878572,0.715028,-0.430104,-0.295533,2.338244,0.376782,1.084559,1.252354,0.078754,-0.257656,1.252354,0.078754,-0.000001,1.252354,0.078754,-0.000001,1.011310,0.421065,1.654204,1.011310,0.421065,-0.000001,1.011310,0.421065,-0.000001,0.877251,-0.464933,0.952299,1.062632,0.338434,1.168536,0.337448,0.823272,-0.931003,1.036065,-0.225275,-0.142724,1.011292,0.421081,-0.000001,1.011292,0.421081,-0.000001,1.011310,0.421081,-0.000001,1.252354,0.078754,-0.000001,1.252359,0.078754,-0.000001,1.252354,0.078754,-0.000001,0.559278,-0.130283,0.141898,0.585446,-0.122551,1.067079,0.615765,1.035205,-0.600044,0.766562,-0.314278,-1.206749,1.254579,-0.151686,0.113471,0.170781,0.638103,0.483580,0.604696,0.742196,0.226613,0.791915,0.295782,1.124763,-0.338005,0.467637,1.170520,0.834149,0.977136,0.176741,0.493032,-0.223965,0.337450,0.478554,-0.449368,0.804888,-0.496294,-0.059975,0.876572,1.342365,0.997639,1.390153,0.306064,0.301552,0.135692,0.244399,0.164414,1.246588,0.656865,-0.077090,1.127178,0.544712,1.145425,0.972324,-0.262064,0.671321,0.585567,-0.206743,-0.067516,0.621715,0.529761,0.002803,1.056340,0.865836,0.091299,0.783906,1.138264,0.144350,1.272494,1.211094,0.104617,1.210433,0.904577,-0.183950,1.167911,0.045307,-0.271306,0.791883,1.411076,-0.280335,-0.391337,1.174197,-0.855534,0.714511,0.583565,-1.328090,0.192745,0.185286,-1.921796,-1.928273,1.277655,-0.378978,-0.523791,0.493092,-1.040645,-1.186512,0.569659,-1.476354,-0.317633,0.572976,-1.816715,-1.528359,0.605072,-0.506685,-0.687501,0.068540,-1.102053,-0.246918,0.044691,-1.421532,0.257860,0.203220,-1.663091,-1.228188,0.043198,-0.588453,-0.295997,-0.132346,-0.977547,1.007655,-0.186501,-1.170227,1.198591,-0.064806,-1.271019,1.274767,0.429469,-0.132663,-0.025997,0.499787,-0.048350,-0.750772,0.699979,0.243437,0.819623,0.581423,-0.180357,-0.470931,0.202043,0.710750,-0.239097,0.459552,0.145530,1.338420,-0.005748,0.424773,-0.378387,0.009248,0.307480,1.165296,-0.013752,0.485350,-1.671720,0.751808,1.127073,-0.679050,0.160813,0.625231,-1.429177,0.557592,0.680504,-1.896057,0.332886,0.256455,2.085365,0.545192,0.311109,-0.679991,0.543796,-0.061049,0.682396,0.378648,0.158369,-0.074091,0.506568,-0.584879,-0.941062,0.557699,0.570121,-0.589225,0.426899,0.978736,1.248141,0.334532,0.655207,1.702177,0.475310,0.611883,0.256945,0.941320,0.733289,-0.999481,0.405678,0.758249,-1.480572,0.218852,0.772005,-0.812125,0.426467,0.792712,-1.364509,0.436060,0.340621,0.334018,0.724640,0.372465,1.688227,0.437930,0.507604,-1.827441,0.606953,0.414928,-1.915355,0.792236,0.355577,0.026585,0.650571,0.473223,0.537719,0.465012,0.461144,1.474226,0.571773,0.214360,0.963481,0.540065,0.537054,-0.116992,0.574367,0.606296,1.414148,0.738693,1.000447,0.673929,0.840502,0.493648,-0.161449,0.724706,0.168617,1.417609,0.478122,0.368082,0.085746,0.866030,0.488039,0.838362,0.440822,0.397977,0.091935,0.665940,0.088041,1.454282,0.755854,0.231407,-1.461565,0.580690,-0.087956,0.468362,0.560611,-0.090858,-1.586218,1.020475,0.388477,0.473381,0.748557,1.172082,-1.568811,0.680299,0.690847,0.130362,0.711922,0.310730,-1.182575,0.599904,0.170471,1.020883,0.157500,0.778008,0.308529,0.276893,0.813036,1.770474,0.474928,0.846116,-0.007860,-0.132941,0.534904,-0.112644,0.443459,1.048035,1.377146,0.151022,0.826873,-1.930661,0.130701,0.510256,0.924488,0.151368,0.549497,0.733960,0.002158,0.683376,1.409400,0.554989,0.932380,1.498340,0.168549,0.599908,0.571024,0.023394,1.040501,0.502501,0.144919,0.953491,1.325380,0.199358,0.975434,1.626302,-0.081911,1.055007,1.378845,0.198862,0.973772,1.789794,0.137776,0.946445,1.493092,0.072677,1.033368,0.777952,0.722466,-0.091638,-1.284157,0.798480,0.722638,-0.306128
-0.367461,0.355012,0.935141,2.140323,-0.309600,-0.930800,1.826777,0.021565,0.375557,0.711938,0.370925,0.749927,1.026815,-0.066944,-0.193658,1.083048,-0.475349,-1.068552,0.889949,-1.289006,1.216322,0.718478,-0.470111,-0.972001,-0.364881,0.369709,-0.681729,1.233636,0.073081,-1.218895,1.233636,0.073081,-0.000001,1.233636,0.073081,-0.000001,0.985230,-0.242153,-0.203485,0.985230,-0.242153,-0.000001,0.985230,-0.242153,-0.000001,0.878602,-0.458333,0.972033,1.060662,0.324200,1.001760,0.349617,0.834632,-0.858141,1.033889,-1.763432,-0.279365,0.985212,-0.242137,-0.000001,0.985212,-0.242137,-0.000001,0.985230,-0.242137,-0.000001,1.233636,0.073081,-0.000001,1.233640,0.073081,-0.000001,1.233636,0.073081,-0.000001,0.558066,-0.495046,-1.457214,0.584611,-0.149957,-0.237173,0.615060,0.566906,-0.625125,0.766189,-0.339916,-0.792734,1.254126,-0.185770,-0.748186,0.169684,0.923513,-1.186486,0.603430,0.703509,-0.225509,0.791544,0.805684,0.523811,-0.338254,0.609865,1.481236,0.832435,0.138730,-2.088636,0.919492,-0.252865,-0.008172,0.477864,-0.477405,-0.129600,-0.496950,-0.082246,-0.681623,0.858509,0.459954,-0.472788,-0.157060,0.276022,-1.061695,-0.537228,-0.342217,-0.673645,0.183959,-0.104697,-0.472176,0.141313,1.115340,0.368853,-0.510690,0.171658,-1.338248,-0.581749,-0.442902,-0.821725,0.100398,-0.551776,-0.597425,0.668728,0.091299,0.783906,0.981090,0.144350,1.272494,1.074210,0.104617,1.210433,0.753024,-0.183950,1.167911,-0.104853,-0.271306,0.791883,1.213776,-0.280335,-0.391337,0.863337,-0.855534,0.714511,0.276589,-1.328090,0.192745,-0.047826,-1.921796,-1.928273,1.049092,-0.378978,-0.523791,0.226067,-1.040645,-1.186512,0.305475,-1.476354,-0.317633,0.354479,-1.816715,-1.528359,0.406032,-0.506685,-0.687501,-0.116982,-1.102053,-0.246918,-0.162800,-1.421532,0.257860,0.007657,-1.663091,-1.228188,-0.106574,-0.588453,-0.295997,-0.273881,-0.977547,1.007655,-0.341925,-1.170227,1.198591,-0.235174,-1.271019,1.274767,0.427420,-0.657379,-0.604078,0.497988,-0.546640,-1.335009,0.697939,-0.279252,0.759368,0.579841,0.000099,-0.443083,0.200681,0.241257,0.248264,0.458495,0.293847,0.412995,-0.006160,0.597052,-0.817292,0.009651,0.458492,0.128728,0.239380,1.393670,-1.375608,0.754411,0.802444,-0.791347,0.164481,1.187867,-1.470319,0.561963,1.138634,-1.221416,0.337121,0.399299,1.530394,0.549828,0.462645,-1.705324,0.548159,0.685162,-1.243498,0.383240,0.867797,-0.936965,0.511319,0.932919,-1.555918,0.789889,0.664940,-0.652171,0.659889,0.732211,1.370786,0.578168,0.364807,1.805930,0.475310,0.328368,0.631395,0.687886,0.818742,-0.816742,0.407618,0.865432,-1.436440,0.465962,0.852659,-0.306512,0.685403,1.308596,-0.680596,0.695729,0.441689,0.236878,0.728599,0.517215,0.519841,0.700665,0.598944,-1.630776,0.608352,0.524021,-2.001118,0.793622,-0.012907,-0.684475,0.907991,0.565052,0.893883,0.465620,0.565263,1.636440,0.572813,0.344608,0.363095,0.541343,0.646145,-0.497038,0.576105,0.229864,1.159825,0.740936,0.749129,0.918730,0.839644,0.574874,0.491104,0.724068,0.248481,1.323265,0.246656,0.443930,0.314161,0.866448,0.573789,1.723416,0.208097,-0.040424,0.177846,0.665300,-0.353050,0.679417,0.758268,0.366967,-1.760363,0.812280,0.411978,-0.458135,0.814234,0.409338,-2.023380,1.024105,-0.056343,-0.311846,0.751801,1.275974,-1.077686,0.682641,1.194285,0.788413,0.471747,0.455067,-2.429836,0.600496,0.302835,-0.022135,0.158542,0.864402,1.544333,0.278374,0.542276,2.021537,0.476650,0.938011,0.583369,0.137510,0.638754,-0.223362,0.446225,0.793783,1.679020,0.417661,0.911476,-1.462902,0.132512,0.630382,0.850466,0.152965,0.165476,0.274147,0.003269,0.303064,1.374143,0.555583,0.638426,1.851156,0.168938,0.202516,0.287789,0.024470,0.790367,1.265881,0.146437,0.684463,1.600012,0.201121,1.058605,2.048778,0.192466,0.806575,1.441489,0.200635,1.056261,2.282309,0.139288,0.675314,1.753432,0.073728,0.785461,1.372693,0.722031,0.409603,-1.407790,1.042992,0.455746,0.473162
-0.365936,0.361977,0.902163,1.203259,-0.299941,-0.990032,1.201610,0.030479,0.242374,0.713887,0.370684,0.922803,0.902016,-0.020624,-0.254349,1.096165,0.451492,-0.489575,0.856173,-1.265995,0.414693,0.706389,-0.413029,-0.363006,2.299355,0.370593,-0.304828,1.233940,0.078043,-0.948350,1.233940,0.078043,-0.000001,1.233940,0.078043,-0.000001,0.992627,-0.244741,0.025348,0.992627,-0.244741,-0.000001,0.992627,-0.244741,-0.000001,0.881023,-0.458821,0.989250,1.057514,0.322656,1.136475,0.351537,0.827331,-0.919220,1.037312,-0.227414,-0.072231,0.992609,-0.244725,-0.000001,0.992609,-0.244725,-0.000001,0.992627,-0.244725,-0.000001,1.233940,0.078043,-0.000001,1.233945,0.078043,-0.000001,1.233940,0.078043,-0.000001,0.554403,0.221503,-0.451784,0.581296,-0.115690,-0.560315,1.090053,-0.727582,-0.434260,0.763137,-0.790749,-0.532400,1.250863,-0.141931,-0.145367,0.651798,0.944083,-1.054526,0.600047,0.108322,-1.075837,0.316229,0.303898,-0.022929,-0.657891,0.621332,1.015412,0.828201,-0.240438,-1.316303,0.488832,-0.697484,-0.231285,0.021675,-0.908051,0.183513,-0.499557,-1.317673,-0.006581,0.854503,0.494506,-0.168536,-0.160554,-0.654748,-0.747688,-0.539874,-0.787313,0.322182,0.181085,-0.069188,0.317555,0.137957,0.653244,0.206839,-0.264500,-0.270479,-0.753202,-0.210126,-0.775069,0.170008,-0.330903,-1.039089,0.463294,0.668728,0.091299,0.783906,0.981090,0.144350,1.272494,1.074210,0.104617,1.210433,0.753024,-0.183950,1.167911,-0.104853,-0.271306,0.791883,1.213776,-0.280335,-0.391337,0.863337,-0.855534,0.714511,0.276589,-1.328090,0.192745,-0.125538,-1.645597,-1.928273,1.049092,-0.378978,-0.523791,0.226067,-1.040645,-1.186512,0.305475,-1.476354,-0.317633,0.354479,-1.816715,-1.528359,0.406032,-0.506685,-0.687501,-0.116982,-1.102053,-0.246918,-0.162800,-1.421532,0.257860,0.007657,-1.663091,-1.228188,-0.106574,-0.588453,-0.295997,-0.273881,-0.977547,1.007655,-0.341925,-1.170227,1.198591,-0.235174,-1.271019,1.274767,0.496712,-0.104511,0.058041,0.563556,-0.034349,-0.304893,0.560929,0.244666,0.697923,0.648621,0.509382,0.552022,0.459060,0.687799,-0.289906,0.322598,0.116747,0.452881,0.300662,1.030200,-0.661281,0.075268,0.832990,-0.389407,0.556501,0.857355,-1.831986,0.565600,1.097065,0.104750,0.480987,1.043857,-1.689810,0.610858,1.388315,-0.893225,0.380089,0.789933,1.298939,0.591293,0.897477,-0.834513,0.585240,1.135383,-1.070128,0.204453,1.309865,-1.563301,0.550963,1.474385,-1.752400,0.635990,0.199437,-0.616007,0.503675,0.676571,0.092921,0.411365,0.683043,0.754312,0.801016,0.639059,0.407418,0.759682,0.757591,-0.716346,0.715715,0.340588,-1.500749,0.768391,0.797091,-1.058240,0.741867,0.824258,-1.290593,1.003559,0.796521,0.720916,0.547855,0.412355,0.064163,0.770370,0.902045,-1.204902,0.678764,0.432124,-1.248078,0.863625,0.368939,1.267683,0.719996,0.478736,1.212312,0.529958,0.462219,1.488407,0.401376,0.215262,1.019078,0.605635,0.537054,0.071820,0.639612,0.607181,1.623415,0.550031,1.001328,1.095898,0.675259,0.507368,0.555821,0.800014,0.184229,1.524332,0.547328,0.382909,0.120227,0.693635,0.852626,1.154911,0.742714,0.421498,0.175577,0.741531,0.111706,1.272447,0.818703,0.256469,-1.094599,0.636778,-0.067052,-0.350667,0.869323,-0.069943,-1.185359,0.833063,0.415879,1.101426,0.805965,1.190001,-1.150355,0.513443,1.112402,-0.484752,0.782021,0.297463,-0.470112,0.439978,0.161433,0.986291,0.223941,0.772951,-0.234020,0.100721,0.806926,1.367319,0.295638,0.841080,-0.607708,0.471435,0.528132,-0.774231,0.507306,1.039910,1.622481,0.746425,1.144257,-1.447814,0.198263,0.958892,-0.166938,0.221619,0.533964,-0.272248,0.073044,0.667993,0.656123,0.394409,0.920860,1.556523,0.232471,0.587157,0.242204,0.091982,1.032508,0.021038,0.211867,0.944894,0.775976,0.265349,0.968041,0.507615,0.257770,1.047068,0.366702,0.265245,0.966440,0.590870,0.204442,0.937780,0.677719,0.139708,1.025446,0.308039,0.797752,-0.073524,-0.524897,0.856323,0.739382,0.690692
-0.377854,0.337641,0.631892,2.141425,-0.293925,-1.235401,1.826777,0.028302,0.060663,0.712849,0.430694,0.572744,0.659435,0.071732,0.734060,1.086184,0.443595,-0.303967,0.884169,-0.178063,1.460838,0.712420,-0.452965,-0.149034,-0.371435,-0.085181,-0.053349,0.439332,0.073791,-1.052559,0.439332,0.073791,-0.000001,0.439332,0.073791,-0.000001,0.981975,-0.256372,-0.841064,0.981975,-0.256372,-0.000001,0.981975,-0.256372,-0.000001,0.881567,-0.486084,1.116039,1.058692,0.319471,1.391183,0.356916,0.839086,-0.880427,1.037413,-0.215530,0.012001,0.981957,-0.256356,-0.000001,0.981957,-0.256356,-0.000001,0.981975,-0.256356,-0.000001,0.439332,0.073791,-0.000001,0.439337,0.073791,-0.000001,0.439332,0.073791,-0.000001,0.639565,0.521125,0.302607,0.881851,0.083093,-0.488589,1.452428,-0.372999,-1.865511,1.187610,1.192228,-0.640568,0.587027,0.257625,-1.226959,2.632055,-1.670293,-3.497095,0.861539,0.548643,-2.747716,2.060866,0.201918,-4.830317,1.828866,0.288697,-3.397633,0.789887,-1.294598,-1.950050,1.418994,-1.217949,-0.583037,3.815293,-0.894033,-2.508173,4.448045,-0.375196,0.045985,0.292266,-0.277400,-3.116343,1.253635,-1.081815,-3.371830,1.537166,0.254882,-3.534600,1.809887,1.174102,-1.149779,0.052004,0.450354,-1.344699,0.738604,-2.923340,-3.219337,0.628404,0.415900,-4.233082,1.112945,1.302207,-4.035111,0.668728,0.091299,0.783906,0.981090,0.144350,1.272494,1.074210,0.104617,1.210433,0.753024,-0.183950,1.167911,0.095383,-0.280216,0.791883,1.213776,-0.280335,-0.391337,0.863337,-0.855534,0.714511,0.276589,-1.328090,0.192745,-0.125538,-1.645597,-1.928273,1.049092,-0.378978,-0.523791,0.226067,-1.040645,-1.186512,0.305475,-1.476354,-0.317633,0.354479,-1.768910,-1.528359,0.406032,-0.506685,-0.687501,-0.116982,-1.102053,-0.246918,-0.162800,-1.421532,0.257860,-0.057537,-1.538231,-1.228188,-0.106574,-0.588453,-0.295997,-0.273881,-0.977547,1.007655,-0.341925,-1.170227,1.198591,-0.235174,-1.271019,1.274767,0.436636,-0.125936,0.784771,0.506635,-0.046020,-0.451739,0.707412,0.242835,1.100376,0.588459,-0.184079,-0.004812,0.401474,0.704602,-0.325892,0.465783,0.137577,1.347367,0.469759,0.414550,-0.808111,0.243828,0.297577,0.055465,0.745185,0.077390,-1.561408,0.754853,0.676028,0.094476,0.423425,0.174129,-1.137047,0.806686,0.313360,-1.858920,0.562400,0.252122,1.958791,0.774091,0.308472,-0.368831,0.543973,-0.060536,0.774581,0.378835,0.161364,-0.445487,0.506568,0.098359,-1.272299,0.799563,-0.211030,-0.324014,0.668975,0.659724,-0.187295,0.586137,0.280642,0.690141,0.732558,0.246199,-0.367941,0.946909,0.380764,-1.047361,0.409575,-0.132838,-1.233435,0.466610,0.099334,-1.551530,0.428938,-0.033220,-1.618869,0.693257,0.347749,-0.168313,0.725421,0.382037,1.661853,0.704110,0.136025,-1.754371,0.611832,-0.025262,-1.571540,0.797103,0.358155,0.738179,0.911375,0.474184,0.499710,0.470067,0.461144,0.897617,0.576559,0.213919,1.470509,0.544550,0.106392,0.812826,0.578698,0.102063,1.826840,0.742723,0.663805,0.565654,0.847737,0.496572,-0.584325,0.731576,0.172078,1.511371,0.484019,0.371369,-0.276632,0.871807,0.491127,0.282991,0.446752,0.403597,0.021047,0.672836,0.093696,1.821241,1.007877,-0.320624,-0.866525,0.812477,-0.485475,1.119781,0.813140,-0.488586,-1.072913,1.022186,0.394706,0.570656,0.750726,0.326826,-1.893452,0.682831,0.290298,-0.284887,0.717644,0.306774,-0.339039,0.604621,0.167299,1.898231,0.402547,0.440375,-0.485041,0.281361,0.811104,1.021774,0.479009,0.127407,0.384048,0.407001,0.532763,-0.682961,0.707311,0.702985,1.048402,0.419043,0.170539,-2.102759,0.134995,0.506612,0.205305,0.156189,0.026643,0.690773,0.263599,0.165571,0.960890,0.559725,0.532183,0.959119,0.395676,0.060451,0.628958,0.276356,0.701041,-0.429165,0.397287,0.588389,0.543116,0.203538,0.328432,0.355646,0.193429,0.717856,0.392339,0.203066,0.651656,0.281931,0.142337,0.578488,0.505978,0.319900,0.696929,-0.263455,0.729011,-0.087738,-0.646070,0.801041,0.373820,-0.598818
-0.385151,0.327193,0.591497,2.152115,-0.299718,-1.183305,2.450486,0.023242,0.290169,0.713026,0.430574,0.603845,0.658409,0.070771,0.532806,0.380160,0.440178,-0.632274,0.850820,-0.203168,1.303265,0.703808,-0.458680,0.036616,-0.353913,-0.544481,0.402824,1.236703,-0.299372,-0.105647,1.236703,-0.299372,-0.000001,1.236703,-0.299372,-0.000001,-0.532813,-0.258960,-0.322654,-0.532813,-0.258960,-0.000001,-0.532813,-0.258960,-0.000001,0.875620,-0.493602,1.064091,1.057514,0.309966,1.209820,0.353585,0.844358,-1.039586,0.520070,-0.181087,0.103127,-0.532831,-0.258944,-0.000001,-0.532831,-0.258944,-0.000001,-0.532813,-0.258944,-0.000001,1.236703,-0.299372,-0.000001,1.236708,-0.299372,-0.000001,1.236703,-0.299372,-0.000001,0.110008,0.518516,1.215414,0.336282,0.974248,0.346470,1.445951,0.500024,-0.959765,1.676968,0.723050,-1.368716,0.576330,0.277135,-0.645051,0.720057,-0.177017,-1.054610,1.408230,-0.061014,0.500385,1.590190,-0.846419,-0.891653,0.260200,0.442406,-0.737118,0.790744,-0.083232,-0.352441,0.997050,-0.733620,0.083180,1.136102,-1.797381,-0.354589,1.047937,-2.024530,-0.592467,1.243911,0.229531,-0.567127,0.798862,-1.070854,-1.454589,0.382729,-1.149186,-0.813960,0.877265,-0.874327,-0.016515,0.449619,0.457876,-0.194383,-0.237524,-0.572418,-0.989571,0.258490,-0.985723,-1.040952,0.688443,-0.753820,-0.678473,0.668728,0.091299,0.783906,0.981090,0.144350,1.272494,1.074210,0.104617,1.210433,0.753024,-0.183950,1.167911,0.095383,-0.280216,0.791883,1.213776,-0.280335,-0.391337,0.863337,-0.855534,0.714511,0.276589,-1.328090,0.192745,-0.125538,-1.645597,-1.928273,1.049092,-0.378978,-0.523791,0.226067,-1.040645,-1.186512,0.305475,-1.476354,-0.317633,0.354479,-1.768910,-1.528359,0.406032,-0.506685,-0.687501,-0.116982,-1.102053,-0.246918,-0.162800,-1.421532,0.257860,-0.057537,-1.538231,-1.228188,-0.106574,-0.588453,-0.295997,-0.273881,-0.977547,1.007655,-0.341925,-1.170227,1.198591,-0.235174,-1.271019,1.274767,0.447219,-0.525141,1.107170,0.510876,-0.551917,-0.624860,0.705735,-0.423430,1.024231,0.578782,-0.283562,-0.313021,0.191681,0.494173,-0.229213,0.425941,-0.128779,1.134373,0.386340,0.037702,-0.621922,0.122501,0.492243,-0.107508,0.558718,0.209617,-1.631603,0.767900,0.832865,1.018924,0.652543,-0.064126,-1.186213,0.741641,0.159161,-1.368260,0.257060,0.104472,1.333599,0.685297,0.257266,0.707398,0.462372,0.000874,0.675710,0.505103,0.323075,-1.127528,0.857031,0.418842,-1.056968,0.782880,-0.365376,1.055779,0.635545,-0.082486,-0.748078,0.520497,0.188086,-0.407281,0.627448,0.524798,-1.175424,0.804646,-0.078359,-0.655516,0.947748,-0.252687,-0.333392,0.970515,0.022265,-1.150441,0.923212,-0.121276,-0.299848,0.899820,0.662907,0.390103,0.662942,0.187239,0.677707,0.786012,-0.041013,-1.177153,0.694566,-0.283694,-0.672938,0.877528,0.015570,1.414315,0.733516,0.537894,1.104428,0.567068,0.480670,1.078988,0.661546,0.234252,1.648846,0.616741,0.120017,1.133373,0.636375,0.126030,1.748563,0.786205,0.682471,0.812552,0.786408,-0.017680,-0.607267,0.654556,0.006863,0.858464,0.618373,0.214461,-0.745194,0.748878,0.295554,-0.226709,0.581837,0.070061,-0.185723,0.838002,-0.241888,2.006630,0.788259,-0.052482,-0.003796,0.593807,-0.266864,1.253723,0.796839,-0.269860,0.029703,0.746823,0.094161,1.308875,0.734699,0.099906,-1.161115,0.472015,0.074174,-0.673667,0.836659,0.188452,0.121548,0.476130,0.090234,1.747404,0.247001,0.400742,-1.033990,0.351357,0.759463,0.503499,0.292432,0.090480,-0.361815,0.710505,0.475512,-0.888962,0.458390,0.635433,1.029629,0.715940,0.417440,-1.512112,0.191037,0.382443,-0.237796,0.229673,0.402005,0.098455,0.097647,0.027637,0.296166,0.430709,0.429040,0.910195,0.278203,-0.049469,0.359067,0.115786,0.634583,-0.937333,0.221258,0.516912,0.153263,0.260292,0.589913,-0.393258,0.488150,0.651851,-0.581244,0.260158,0.591416,-0.482725,0.213793,0.506452,0.007819,0.162973,0.631063,-0.621936,0.882877,-0.296823,0.526464,0.798705,0.199410,-0.222539
-0.375156,0.329274,1.037409,2.157634,-0.312614,-0.982967,2.452669,0.003971,0.328161,0.712621,0.432980,0.018807,0.661137,0.071679,0.622225,0.383437,0.427265,-0.882536,0.861953,-0.188508,0.983573,0.677469,-0.413029,1.274359,2.373856,-0.546249,0.335308,1.257571,-0.297242,0.484382,1.257571,-0.297242,-0.000001,1.257571,-0.297242,-0.000001,2.525791,-0.265415,1.008610,2.525791,-0.265415,-0.000001,2.525791,-0.265415,-0.000001,0.877514,-0.500662,1.104250,1.056337,0.294187,1.295615,0.346799,0.838270,-1.072555,0.512394,-0.192376,-0.097212,2.525773,-0.265399,-0.000001,2.525773,-0.265399,-0.000001,2.525791,-0.265399,-0.000001,1.257571,-0.297242,-0.000001,1.257576,-0.297242,-0.000001,1.257571,-0.297242,-0.000001,0.601451,0.200637,-1.756306,1.378104,0.556097,-1.602811,2.352626,0.530117,-1.701576,1.641089,0.759695,-1.985114,1.138360,-0.312472,0.255509,2.598664,-1.049247,-0.793405,1.369310,-0.017484,-0.384544,1.556997,-0.805636,0.146378,0.863212,0.303609,0.063698,1.861505,-1.260696,-0.088013,-0.294989,-0.701058,-0.980965,0.212437,-0.396883,-1.401937,0.168407,0.490904,-0.776349,0.736354,-0.734448,-0.865379,-0.596475,-0.085326,-1.147757,-0.796785,0.768713,-1.635943,0.379739,0.704441,-1.607404,-0.368712,0.003301,-0.915827,-0.742449,0.394525,-0.255810,-0.872485,0.445603,0.381884,-0.184554,1.345778,-0.833724,0.668728,0.091299,0.783906,0.981090,0.144350,1.272494,1.074210,0.104617,1.210433,0.753024,-0.183950,1.167911,0.095383,-0.280216,0.791883,1.213776,-0.280335,-0.391337,0.863337,-0.855534,0.714511,0.276589,-1.328090,0.192745,-0.125538,-1.645597,-1.928273,1.049092,-0.378978,-0.523791,0.226067,-1.040645,-1.186512,0.305475,-1.476354,-0.317633,0.354479,-1.768910,-1.528359,0.406032,-0.506685,-0.687501,-0.116982,-1.102053,-0.246918,-0.162800,-1.421532,0.257860,-0.057537,-1.538231,-1.228188,-0.106574,-0.588453,-0.295997,-0.273881,-0.977547,1.007655,-0.341925,-1.170227,1.198591,-0.235174,-1.271019,1.274767,0.448240,-0.534907,1.261537,0.328043,-0.563612,-0.589196,0.497443,-0.438251,1.221597,0.381232,-0.300863,-0.748656,0.000911,-0.153782,-0.206964,0.425941,-0.704687,1.561574,0.153031,0.016653,-0.734377,0.121088,0.473407,0.071877,0.556059,0.195872,-1.586338,0.764430,0.817654,1.023823,0.389707,0.362714,-1.179165,0.490788,0.508117,-1.438578,0.252219,0.089936,1.444888,0.680071,0.243656,0.690864,0.457646,-0.010699,0.556846,0.499934,0.313562,-1.304439,0.851683,0.409922,-1.340104,0.551521,-0.369178,1.990746,0.635957,-0.085040,-0.444102,0.520059,0.185384,-0.419283,0.626568,0.153199,-1.609798,0.802862,-0.436568,-0.466876,0.944927,-0.255857,0.214319,0.967082,-0.316458,-0.909774,0.919157,-0.124217,-0.277713,0.895095,0.659541,0.245580,0.658395,0.181911,0.930033,0.783710,-0.045308,-1.016578,0.692239,-0.289548,-0.575120,0.874981,0.007802,1.164276,0.731039,0.531105,0.865032,0.565452,0.471974,0.953829,0.659677,0.223856,1.697093,0.614377,-0.315576,1.399398,0.633764,0.115356,1.732826,0.783297,0.341657,0.514961,0.786200,-0.351373,-0.811616,0.653910,0.002813,0.481737,0.388141,-0.099109,-1.100295,0.747397,-0.056406,-0.646833,0.350352,0.061902,-0.368030,0.837564,-0.250097,1.754123,0.784971,-0.059337,0.268926,0.590581,-0.271131,1.393667,0.792867,-0.274130,-0.029094,0.742549,0.086921,0.967511,0.730793,-0.326616,-1.100355,0.468905,-0.332053,-0.227459,0.835194,0.174186,0.006161,0.474555,0.077986,1.743766,0.244883,0.059305,-0.938490,0.349019,0.389260,0.515219,0.289846,0.082257,-0.288248,0.706952,0.465556,-0.790220,0.454718,0.626965,0.712504,0.712683,0.409104,-1.453265,0.188325,0.370218,-0.070894,0.227150,0.388293,0.327064,0.095387,0.014057,0.350610,0.429128,0.418572,0.945244,0.276835,-0.063180,0.249375,0.113600,0.626252,-1.020249,0.218861,0.507951,0.169501,0.257428,0.581665,-0.480571,0.484315,0.643576,-0.935649,0.257277,0.583236,-0.601689,0.211407,0.497421,0.016821,0.160836,0.622806,-0.748787,0.882006,-0.301777,0.547074,0.794872,0.195066,-0.560164
-0.375156,0.329274,1.037409,2.157634,-0.312614,-0.982967,2.452669,0.003971,0.328161,0.712621,0.432980,0.018807,0.661137,0.071679,0.622225,0.383437,0.427265,-0.882536,0.861953,-0.188508,0.983573,0.677469,-0.413029,1.274359,2.373856,-0.546249,0.335308,1.257571,-0.297242,0.484382,1.257571,-0.297242,-0.000001,1.257571,-0.297242,-0.000001,2.525791,-0.265415,1.008610,2.525791,-0.265415,-0.000001,2.525791,-0.265415,-0.000001,0.877514,-0.500662,1.104250,1.056337,0.294187,1.295615,0.346799,0.838270,-1.072555,0.512394,-0.192376,-0.097212,2.525773,-0.265399,-0.000001,2.525773,-0.265399,-0.000001,2.525791,-0.265399,-0.000001,1.257571,-0.297242,-0.000001,1.257576,-0.297242,-0.000001,1.257571,-0.297242,-0.000001,0.601451,0.200637,-1.756306,1.378104,0.556097,-1.602811,2.352626,0.530117,-1.701576,1.641089,0.759695,-1.985114,1.138360,-0.312472,0.255509,2.598664,-1.049247,-0.793405,1.369310,-0.017484,-0.384544,1.556997,-0.805636,0.146378,0.863212,0.303609,0.063698,1.861505,-1.260696,-0.088013,-0.294989,-0.701058,-0.980965,0.212437,-0.396883,-1.401937,0.168407,0.490904,-0.776349,0.736354,-0.734448,-0.865379,-0.596475,-0.085326,-1.147757,-0.796785,0.768713,-1.635943,0.379739,0.704441,-1.607404,-0.368712,0.003301,-0.915827,-0.742449,0.394525,-0.255810,-0.872485,0.445603,0.381884,-0.184554,1.345778,-0.833724,0.668728,0.091299,0.783906,0.981090,0.144350,1.272494,1.074210,0.104617,1.210433,0.753024,-0.183950,1.167911,0.095383,-0.280216,0.791883,1.213776,-0.280335,-0.391337,0.863337,-0.855534,0.714511,0.276589,-1.328090,0.192745,-0.125538,-1.645597,-1.928273,1.049092,-0.378978,-0.523791,0.226067,-1.040645,-1.186512,0.305475,-1.476354,-0.317633,0.354479,-1.768910,-1.528359,0.406032,-0.506685,-0.687501,-0.116982,-1.102053,-0.246918,-0.162800,-1.421532,0.257860,-0.057537,-1.538231,-1.228188,-0.106574,-0.588453,-0.295997,-0.273881,-0.977547,1.007655,-0.341925,-1.170227,1.198591,-0.235174,-1.271019,1.274767,0.448240,-0.534907,1.261537,0.328043,-0.563612,-0.589196,0.497443,-0.438251,1.221597,0.381232,-0.300863,-0.748656,0.000911,-0.153782,-0.206964,0.425941,-0.704687,1.561574,0.153031,0.016653,-0.734377,0.121088,0.473407,0.071877,0.556059,0.195872,-1.586338,0.764430,0.817654,1.023823,0.389707,0.362714,-1.179165,0.490788,0.508117,-1.438578,0.252219,0.089936,1.444888,0.680071,0.243656,0.690864,0.457646,-0.010699,0.556846,0.499934,0.313562,-1.304439,0.851683,0.409922,-1.340104,0.551521,-0.369178,1.990746,0.635957,-0.085040,-0.444102,0.520059,0.185384,-0.419283,0.626568,0.153199,-1.609798,0.802862,-0.436568,-0.466876,0.944927,-0.255857,0.214319,0.967082,-0.316458,-0.909774,0.919157,-0.124217,-0.277713,0.895095,0.659541,0.245580,0.658395,0.181911,0.930033,0.783710,-0.045308,-1.016578,0.692239,-0.289548,-0.575120,0.874981,0.007802,1.164276,0.731039,0.531105,0.865032,0.565452,0.471974,0.953829,0.659677,0.223856,1.697093,0.614377,-0.315576,1.399398,0.633764,0.115356,1.732826,0.783297,0.341657,0.514961,0.786200,-0.351373,-0.811616,0.653910,0.002813,0.481737,0.388141,-0.099109,-1.100295,0.747397,-0.056406,-0.646833,0.350352,0.061902,-0.368030,0.837564,-0.250097,1.754123,0.784971,-0.059337,0.268926,0.590581,-0.271131,1.393667,0.792867,-0.274130,-0.029094,0.742549,0.086921,0.967511,0.730793,-0.326616,-1.100355,0.468905,-0.332053,-0.227459,0.835194,0.174186,0.006161,0.474555,0.077986,1.743766,0.244883,0.059305,-0.938490,0.349019,0.389260,0.515219,0.289846,0.082257,-0.288248,0.706952,0.465556,-0.790220,0.454718,0.626965,0.712504,0.712683,0.409104,-1.453265,0.188325,0.370218,-0.070894,0.227150,0.388293,0.327064,0.095387,0.014057,0.350610,0.429128,0.418572,0.945244,0.276835,-0.063180,0.249375,0.113600,0.626252,-1.020249,0.218861,0.507951,0.169501,0.257428,0.581665,-0.480571,0.484315,0.643576,-0.935649,0.257277,0.583236,-0.601689,0.211407,0.497421,0.016821,0.160836,0.622806,-0.748787,0.882006,-0.301777,0.547074,0.794872,0.195066,-0.560164
-0.374382,0.341803,0.843767,2.139773,-0.310242,-0.870192,1.836720,0.014092,0.333312,0.839730,0.495756,-0.280594,0.661673,0.117161,0.784619,0.373056,0.427265,-1.110793,0.874719,-0.186414,1.479295,0.699910,-0.452965,0.403924,2.315773,-0.548901,1.279645,1.240080,-0.668274,0.589483,1.240080,-0.668274,-0.000001,1.240080,-0.668274,-0.000001,0.989083,-0.262842,1.094025,0.989083,-0.262842,-0.000001,0.989083,-0.262842,-0.000001,0.882917,-0.506315,1.031433,1.060662,0.296552,1.270366,0.343722,0.819634,-1.232123,0.508350,-0.170430,-0.102442,0.989065,-0.262827,-0.000001,0.989065,-0.262827,-0.000001,0.989083,-0.262827,-0.000001,1.240080,-0.668274,-0.000001,1.240084,-0.668274,-0.000001,1.240080,-0.668274,-0.000001,1.154939,0.182412,-1.439660,1.946902,0.083093,-1.443374,2.379349,0.065166,-0.674631,1.670468,0.719381,-1.011704,1.779894,-0.370945,-0.327460,2.620679,-0.775236,-0.140221,1.398080,-0.075544,0.231845,1.583417,-0.324267,0.405775,0.881944,0.290993,0.451703,1.331216,-0.490094,0.459543,0.567337,-0.744474,-0.647432,0.682317,-0.435392,-1.309996,-0.232558,0.455845,-0.821160,0.756427,-0.273602,0.234001,-0.120421,-0.125515,-0.997573,-0.776731,-0.211948,-1.648832,-0.524345,0.151863,-1.843410,0.043198,-0.034260,-0.504818,-0.974951,0.358587,-0.629821,-0.853808,0.064810,-0.205678,-0.162537,0.272211,-0.933422,0.741264,0.137996,0.783906,1.038930,0.197738,1.272494,1.124583,0.170712,1.210433,0.808796,-0.111480,1.167911,0.150642,-0.209146,0.791883,1.286383,-0.228543,-0.391337,0.977734,-0.794676,0.714511,0.389557,-1.262525,0.192745,-0.039752,-1.580817,-1.928273,1.133204,-0.333938,-0.523791,0.324333,-0.988141,-1.186512,0.402695,-1.424338,-0.317633,0.434887,-1.601760,-1.528359,0.479279,-0.464184,-0.687501,-0.048710,-1.054844,-0.246918,-0.086443,-1.375142,0.257860,-0.034450,-1.353792,-1.228188,-0.051457,-0.547187,-0.295997,-0.221796,-0.933251,1.007655,-0.284729,-1.126947,1.198591,-0.172478,-1.230369,1.274767,0.446191,-0.526960,1.281087,0.325926,-0.557170,-0.397297,0.495026,-0.432684,1.362048,0.378949,-0.297192,-0.693437,0.189815,-0.151550,-0.308241,0.423271,-0.703719,1.532733,0.149721,0.017208,-0.922213,0.117243,0.473407,-0.119855,0.551410,0.195872,-1.544406,0.759421,0.818035,1.279000,0.383735,0.363097,-1.150271,0.484889,0.509078,-1.314888,0.246573,0.092378,1.677203,0.674435,0.247356,0.734319,0.452373,-0.005959,0.953195,0.494367,0.319062,-1.194446,0.845730,0.418260,-1.386485,0.780617,-0.363996,1.900685,0.632867,-0.401776,-0.402103,0.516828,-0.186847,-0.521185,0.622596,0.158768,-1.430545,0.798611,-0.431513,-0.737286,0.940166,-0.249500,0.341362,0.961897,-0.311378,-0.711988,0.913527,-0.117962,-0.100431,0.889034,0.665892,0.195400,0.653053,0.190422,0.980969,0.778879,-0.040676,-1.020632,0.949272,-0.284855,-0.396703,0.870341,0.012957,1.227647,0.726526,0.534341,0.753571,0.561619,0.475241,0.909370,0.655517,0.227462,1.718902,0.609893,-0.312555,1.385481,0.629001,0.119365,1.629187,0.778355,0.344334,0.563342,0.783003,-0.347580,-0.697971,0.650488,0.006580,0.342339,0.384671,-0.095262,-1.153325,0.743537,-0.052390,-0.602374,0.346863,0.068542,-0.383307,0.591444,-0.243416,1.769231,0.780160,-0.052962,0.322274,0.585746,-0.266158,1.203689,0.787353,-0.269154,0.178151,0.737216,0.094161,0.991595,0.725372,-0.321383,-0.862852,0.683417,-0.327070,-0.306615,0.592890,0.176663,-0.056071,0.470822,0.080716,1.696050,0.240646,0.061375,-1.179388,0.344760,0.391166,0.360230,0.285128,0.084184,-0.397156,0.701766,0.467669,-0.742624,0.449215,0.628487,0.826094,0.707325,0.086241,-1.431043,0.183361,0.372272,-0.240415,0.222311,0.390114,0.128896,0.345326,0.016339,0.126628,0.425379,0.420335,0.862617,0.273113,-0.060338,0.278684,0.355433,0.627749,-1.190412,0.214494,0.509561,-0.018957,0.252809,0.583374,-0.731944,0.478815,0.645063,-0.731453,0.252631,0.584932,-0.838430,0.207058,0.499044,-0.185610,0.397183,0.624290,-0.965289,0.878294,-0.297170,0.624568,0.789760,0.199410,-0.542280
-0.382077,0.322309,0.680943,1.208969,-0.308316,-0.940219,1.833807,0.008310,0.101512,0.842186,0.558411,-0.034609,0.663794,0.117532,0.741108,0.371413,-0.475524,-0.706622,0.863586,-0.178063,1.421644,0.702069,-0.407313,0.120613,2.322896,-0.549775,-0.146533,1.236703,-0.663312,-0.181844,1.236703,-0.663312,-0.000001,1.236703,-0.663312,-0.000001,1.002412,-0.923472,-0.214667,1.002412,-0.923472,-0.000001,1.002412,-0.923472,-0.000001,0.886690,-0.525572,0.889149,1.058692,0.282317,1.002450,0.340904,-1.183074,-1.096581,0.508458,-0.204557,-0.536805,1.002394,-0.923457,-0.000001,1.002394,-0.923457,-0.000001,1.002412,-0.923457,-0.000001,1.236703,-0.663312,-0.000001,1.236708,-0.663312,-0.000001,1.236703,-0.663312,-0.000001,0.632659,0.203245,-1.900300,1.411682,0.559528,-1.841005,1.912286,0.530117,-0.386872,1.673520,0.275886,-1.316857,1.783157,-0.322227,-0.135414,2.626188,-0.752409,0.063675,1.403168,-0.656142,0.412900,1.586618,-0.813803,0.710835,0.258045,0.302475,0.374693,1.892572,-0.459277,0.773663,0.150875,-0.704676,-1.050980,-0.206064,-0.855524,-1.229810,-1.078521,0.073771,-1.106430,0.762992,-0.239004,-0.218886,0.339231,-1.041626,-0.640123,-1.157499,-1.120252,-1.275519,-0.985127,-0.838819,-1.738683,0.048964,-0.488880,-1.552052,-0.728212,-0.076353,-0.855776,-0.481909,-0.610337,-0.130965,-0.158960,-0.718179,-0.472486,1.375741,0.314042,0.978037,0.643710,0.107397,0.039140,0.243870,-0.020759,-0.634365,0.198970,-0.147541,-1.070616,0.815817,-0.196969,-1.346623,-0.154733,-0.011018,-0.361377,-1.004230,-0.326813,-0.934126,-1.209584,-0.958554,-1.081707,-1.062304,-1.426582,-0.098240,-0.291476,-0.117365,-1.246463,0.859560,-0.269772,-1.928376,1.292525,-0.259672,-0.745355,1.715068,-0.096958,0.058553,-0.101876,-0.083165,-0.299727,0.953813,-0.158699,0.129776,1.515418,-0.113868,-0.560496,1.723515,0.025643,0.203239,0.191646,-0.001676,-0.056928,1.045694,-0.069153,0.813587,1.401731,-0.002968,0.035487,1.998800,0.122755,0.032440,0.316483,-1.022304,1.422796,0.385129,-1.042031,-0.427392,0.561677,-0.957179,1.162178,0.441401,-0.835494,-0.308784,0.249267,-0.020630,-0.672574,0.283111,-0.595610,1.024776,0.216009,-0.506335,-0.814218,-0.049296,0.011963,-0.164433,0.363608,0.264626,-1.676472,0.569733,0.455935,1.021203,0.179851,0.444860,-1.373561,0.532922,0.579618,-0.352905,0.289131,0.208552,0.818159,0.489031,-0.205253,0.914583,0.284984,-0.449410,0.553872,0.533078,-0.093467,-1.337433,0.662167,-0.060671,-0.897941,0.621152,-0.637073,1.156212,0.703857,-0.623210,-1.375816,0.830001,-0.067791,-0.868218,0.940351,-0.093973,-0.867512,0.613159,-0.320835,-0.523071,0.998448,-0.555665,1.111387,1.016796,-0.205041,-0.202648,0.967756,-0.399762,0.052335,0.686957,0.376184,0.994770,0.473499,-0.225248,0.931968,0.843987,-0.304382,-0.551036,0.753129,-0.160921,0.031224,0.674706,0.143103,1.995254,0.790090,0.263696,1.403049,0.394223,0.167506,1.348047,0.481594,-0.157833,1.636498,0.429636,-0.208766,1.021512,0.444531,-0.258367,1.396545,0.586100,0.426137,0.696016,0.613922,-0.253775,-0.586198,0.719992,-0.224924,0.631898,0.677614,-0.005671,-0.666941,0.567509,0.046011,-0.134084,0.641400,-0.345319,0.003560,0.661208,-0.659817,1.884308,0.590755,-0.446871,0.114507,0.409833,-0.548187,0.543846,0.840469,-0.551331,0.493268,0.546591,-0.320667,1.304032,0.777596,-0.201017,-0.872183,0.513633,-0.212431,-0.898131,0.657275,-0.254948,0.257849,0.307746,-0.315049,1.330620,0.301602,0.137416,-1.662946,0.164977,0.472960,0.299911,0.344172,0.165953,-1.408646,0.763838,0.157886,-0.271637,0.248966,0.363655,0.704732,0.768294,0.480172,-0.786702,0.499219,0.011594,-0.517589,0.286611,-0.014457,-0.397548,0.155901,0.124868,-0.077114,0.261636,0.504221,1.056182,0.331953,0.056226,0.177242,0.417913,0.367207,-0.798968,0.275576,0.588701,0.097372,0.312866,0.653769,-0.975365,0.540538,0.386294,-0.396303,0.313046,0.654749,-0.832451,0.267882,0.578803,-0.192177,0.218059,0.366067,-0.490012,0.701953,-0.581872,0.789709,0.603082,0.300581,0.205312
-0.389374,0.304939,0.506066,1.205844,0.788720,-1.745629,1.824594,0.065903,-0.757519,1.243057,0.935789,-0.278608,1.391467,0.348731,-0.434704,-0.327506,-0.481986,-0.204323,0.847955,0.888978,0.836707,0.698198,-0.407313,-0.397424,2.312496,-0.547133,0.175122,1.231486,-0.664732,-0.184251,1.231486,-0.664732,-0.000001,1.231486,-0.664732,-0.000001,0.993821,-0.264121,-0.187670,0.993821,-0.264121,-0.000001,0.993821,-0.264121,-0.000001,0.871041,-0.553782,0.941789,1.049248,0.245164,0.641996,-0.303300,0.820030,-0.905279,0.505452,-1.756719,-1.122518,0.993803,-0.264105,-0.000001,0.993803,-0.264105,-0.000001,0.993821,-0.264105,-0.000001,1.231486,-0.664732,-0.000001,1.231491,-0.664732,-0.000001,1.231486,-0.664732,-0.000001,1.236438,-0.153725,-1.438704,3.289709,0.761742,-1.160362,1.794975,0.453190,-0.581852,1.588784,0.825691,-0.806264,0.527044,1.354037,0.327074,3.134728,-1.820970,-3.938348,1.106966,-0.801322,-1.214001,1.912781,-0.344683,-0.499463,0.537579,0.575449,-1.726851,0.748612,-1.476450,-1.965120,1.072971,-1.196285,-2.662671,0.899459,-0.375855,-2.464978,1.712638,-1.043846,-2.071946,0.212039,-0.473271,-2.546290,-0.959097,0.440254,-1.726781,-0.614206,-0.070812,-3.505159,0.637949,-0.084943,-2.256203,-0.422794,-0.165743,-1.609576,-0.933361,0.559909,-2.430050,-0.738708,0.229542,-1.558890,-0.398909,0.585190,-2.585341,1.367058,0.568771,0.978037,0.217643,0.478967,0.039140,-0.286903,0.265185,-0.634365,0.129144,0.165987,-1.070616,0.596472,0.057017,-1.346623,-0.459396,0.323463,-0.361377,-1.069757,0.005167,-0.934126,-0.711457,-0.510460,-1.081707,-0.470349,-0.886381,-0.098240,0.422279,0.433317,-1.246463,1.337353,0.049553,-1.928376,1.236866,0.115392,-0.745355,0.667522,0.145031,0.058553,1.349029,0.441810,-0.299727,1.594986,0.081062,0.129776,1.627310,0.145002,-0.560496,1.128191,0.261786,0.203239,1.720286,0.425248,-0.056928,1.723578,0.183587,0.813587,1.731648,0.260256,0.035487,1.735743,0.359788,0.032440,0.036255,-1.154542,0.286712,0.316462,-0.898341,0.477619,0.072851,-0.520810,0.244043,0.196531,-0.820003,-0.362185,0.226851,-1.029516,-1.825460,-0.103033,-0.750345,1.538534,0.083451,0.120695,-1.809252,-0.324464,0.077041,-0.450957,-0.330215,-0.072457,-0.794936,0.246256,0.499248,-1.369957,-0.331374,-0.049671,-0.131232,0.126180,0.090206,-1.663734,0.183048,0.378972,1.999933,0.406479,0.335692,0.202459,0.422022,-0.148722,0.977347,0.253518,-0.028359,-1.146032,0.607456,0.424199,-1.766441,0.110414,-0.864790,0.827848,0.231881,-0.888033,-1.511666,0.408142,-0.411190,-0.885155,0.588362,-0.054354,-0.599831,0.581630,-0.613479,-0.469860,0.857403,-0.938113,0.664806,0.696710,-0.180539,-0.535883,0.702284,-0.383623,-0.413634,0.743890,0.007126,1.029423,0.565461,-0.058625,0.924468,0.623584,-0.458921,-0.274170,0.530489,-0.678135,0.365566,0.452642,-0.302045,1.338062,0.320322,0.023104,0.659389,0.142529,0.009475,0.256466,0.254258,-0.346414,1.530700,0.228879,-0.359903,1.773584,0.274138,0.055898,1.154792,0.444485,-0.048319,-0.103815,0.423985,-0.333836,-0.566005,0.320316,-0.337767,0.565545,0.349268,-0.112840,-0.635884,0.508407,-0.385524,-0.703420,0.545609,-0.455804,0.380928,0.260033,-0.770980,1.738928,0.481930,-0.619283,-0.090874,0.344470,-0.726763,1.152150,0.580445,-0.730001,-0.236845,0.571996,-0.512065,0.987011,0.521941,-0.317657,-1.445358,0.231635,-0.323520,-0.614366,0.113816,-0.157725,-0.681136,0.062549,-0.295091,1.630040,-0.163961,-0.211124,-0.893911,-0.030987,0.113670,-0.473042,-0.066376,-0.212006,0.558500,0.371845,0.166800,-1.047582,0.174561,0.066569,-0.043065,0.386248,-0.423344,-1.010952,-0.178151,0.147159,-0.867262,-0.178821,0.146301,-0.134932,-0.082289,0.284074,-0.644479,0.015435,-0.579689,-0.133545,-0.154561,0.149669,-0.579676,-0.058313,-0.264842,-1.441617,-0.170714,-0.085011,-0.603063,-0.103306,-0.275690,-0.544166,0.170691,0.096009,-1.486561,-0.105605,-0.267080,-0.737411,-0.176525,-0.100177,-0.816885,-0.007177,-0.260354,-1.318934,0.324620,-0.706485,1.600786,0.562905,0.179560,-0.450996
-0.418209,0.313985,0.546079,0.234889,1.933211,-1.713315,1.191302,1.312716,-2.577491,1.901438,1.310522,0.363382,1.880825,0.580257,0.063978,-0.336253,0.443771,-0.613545,-1.123924,0.891072,-0.678395,0.718030,-0.458680,-0.880916,-0.375815,-0.084297,0.620669,1.231486,0.073081,0.449516,1.231486,0.073081,-0.000001,1.231486,0.073081,-0.000001,0.965969,-0.251196,0.884382,0.965969,-0.251196,-0.000001,0.965969,-0.251196,-0.000001,0.849726,-0.536391,0.756144,-0.853934,0.257034,0.664288,-0.318671,0.845991,0.268481,-0.023921,-0.222541,-0.779235,0.965951,-0.251180,-0.000001,0.965951,-0.251180,-0.000001,0.965969,-0.251180,-0.000001,1.231486,0.073081,-0.000001,1.231491,0.073081,-0.000001,1.231486,0.073081,-0.000001,0.863791,-0.179775,-0.759729,1.317173,0.727474,0.304790,0.541060,0.841214,-0.197975,1.241429,0.781663,-1.407963,0.104954,1.290686,1.560424,0.446326,0.784236,-1.144556,0.719804,-0.244880,-0.248555,0.673080,-0.919866,0.735920,2.780817,-2.672872,-0.633323,0.901815,-0.329803,-1.125424,0.776366,0.610958,-1.670557,-0.291328,0.030301,-0.978779,0.161563,-0.263761,-0.298812,0.342940,-0.023958,-0.078109,-0.385310,0.396456,-1.171714,-0.506245,-0.577443,-0.732878,0.311976,-0.132304,-1.348226,0.075384,0.273789,0.591759,0.095037,0.516775,-1.340697,-0.273199,0.197136,0.608285,0.134411,0.537653,0.646176,1.884953,0.902313,1.155840,0.511631,0.925817,0.548425,-0.147786,0.654386,-0.007225,0.120134,0.319675,-0.766592,0.590893,0.247093,-0.300590,-0.038955,0.650042,0.130892,-0.374644,0.152605,0.854648,-0.500357,-0.296976,0.306290,-0.497808,-0.674802,1.160971,1.201072,0.557887,0.646037,1.751407,0.177391,1.256153,1.269747,0.281497,-0.608850,0.612111,0.426308,-0.226126,1.996904,0.583102,0.358288,1.976487,0.231525,0.100008,1.812314,0.382356,-0.238480,1.330345,0.507796,0.315355,2.224015,0.545468,-0.093785,2.086933,0.323175,0.663121,2.191676,0.514089,-0.668971,2.153094,0.637103,-0.375240,0.013214,-1.038198,-1.613622,0.099213,-0.973668,-1.101873,-0.179452,-0.796926,-1.145325,-0.056613,-1.285429,-1.011031,-0.033401,-1.614264,-0.914438,-0.401496,-0.271121,1.195331,-0.086898,0.556665,-1.125719,-0.318804,0.405338,-1.047950,-0.147298,0.151079,0.249800,-0.144210,0.320913,-0.353761,-0.025423,0.281333,0.586779,-0.131647,0.058275,1.089818,-0.084583,0.452994,-0.441069,0.123238,0.575053,1.130456,-0.044167,0.259049,0.800891,0.407379,0.513857,0.825889,0.310325,0.576732,1.108118,0.041604,-0.302046,-0.787693,0.369117,-0.693688,0.144281,0.502631,-0.919588,-0.523845,0.379689,-0.925574,1.353172,0.066698,-0.398717,1.923199,0.266582,-0.210763,1.724341,0.310337,-0.629184,2.397322,0.250760,-0.094850,2.151795,0.244569,0.277005,0.414128,0.768935,0.863693,-0.495709,0.044980,-0.338796,1.650183,0.208842,-0.166791,1.198605,0.131828,0.175876,-0.575636,0.008336,-0.048686,-0.615340,-0.096272,-0.556819,-0.985397,-0.248840,-0.037118,-0.099254,-0.069273,-0.105732,0.724376,-0.051451,0.359471,-0.622790,-0.169717,-0.504398,0.006912,0.044093,-0.927842,1.689395,-0.085157,-1.230463,-0.772878,0.389972,-0.960649,0.733869,0.035375,-0.663758,0.421323,0.352193,-0.358598,-0.583387,0.096593,-0.090557,-1.513515,0.109233,0.075223,1.256071,0.205273,-0.188222,-0.325354,0.138188,-0.191177,1.219834,0.117959,0.226586,-0.112754,0.087115,-0.221933,1.277462,0.097438,-0.232351,0.114252,-0.108786,-0.030571,-0.474366,-0.170088,0.383516,0.333191,0.039195,-0.417960,-0.580804,-0.090144,-0.123724,-1.573184,-0.146039,-0.071518,0.454925,-0.023691,0.301243,-0.763583,-0.243605,-0.184395,-0.686903,-0.006496,-0.356303,0.990809,-0.012311,0.214743,-1.252182,0.014051,0.216126,-0.902210,-0.124062,0.353225,-1.553224,-0.218154,-0.507694,-0.552232,-0.149081,-0.262318,-1.370199,-0.098731,-0.507876,-0.852505,-0.231361,-0.350558,-1.474164,-0.187779,-0.183417,-0.605416,0.021666,-0.482834,-0.920219,0.059684,-0.494014,-0.599276,0.008748,-0.367800,-1.440047,-0.046678,-0.501225,-1.052242,0.138901,-0.204522,1.127195,0.155740,-0.777823,0.021115
-0.428203,0.329274,0.577902,-0.705852,3.034532,-0.802952,-0.071276,1.323558,-2.244780,2.036699,1.375702,1.349574,2.122731,0.854560,-0.032244,-0.347176,0.449510,-0.701433,-1.146568,-0.184320,-1.487518,0.677917,-0.350161,-1.148822,-0.391732,0.369709,-1.272556,0.440409,0.442694,-1.326785,0.440409,0.442694,-0.000001,0.440409,0.442694,-0.000001,-0.534893,-0.243447,0.041169,-0.534893,-0.243447,-0.000001,-0.534893,-0.243447,-0.000001,0.830288,-0.532172,0.247155,-0.857082,0.262534,0.661057,-0.334554,0.845991,0.224049,0.499744,-0.225275,-0.776546,-0.534911,-0.243431,-0.000001,-0.534911,-0.243431,-0.000001,-0.534893,-0.243431,-0.000001,0.440409,0.442694,-0.000001,0.440414,0.442694,-0.000001,0.440409,0.442694,-0.000001,0.723909,-0.112026,0.728937,1.498321,-0.297360,-0.620325,1.044208,-1.165747,-0.053305,1.250958,0.338168,-1.686403,0.056122,1.675668,1.298051,0.319751,1.069647,0.032903,0.941523,0.693823,0.500180,0.728751,-0.206004,1.194293,-0.008517,0.472230,-0.583878,0.884360,0.391471,-0.121859,0.643909,0.770018,-0.996724,-0.134136,0.572969,-0.814814,-0.162799,0.124727,-0.877504,0.375387,0.321700,0.877036,-0.035959,0.447561,-0.906285,0.058578,-0.117857,-1.058681,-0.445894,-0.779605,-1.634375,0.122161,0.544278,0.140823,0.534759,-0.018826,-0.653963,-0.051199,-0.216062,0.017154,-0.089669,-0.143772,-0.134642,2.251508,1.172659,1.830151,0.756246,1.240793,1.296782,-0.222522,1.152318,0.675959,-0.213243,0.972592,0.237035,0.384735,0.814638,-0.691685,0.655368,1.049512,-0.030782,-0.450522,0.530103,0.436837,-1.010957,0.117793,-0.053202,-1.217739,-0.205008,-1.059893,1.985710,0.923898,0.884383,1.390163,0.474546,0.276495,1.013050,0.383537,-0.774435,0.566626,0.578862,-0.054745,2.739725,0.788326,1.022646,1.900272,0.408304,1.098980,1.642914,0.467139,-0.098825,1.294715,0.597026,0.944070,2.710160,0.697319,1.084805,2.142341,0.430678,0.811538,2.109711,0.485014,0.165310,2.193817,0.579363,-0.047603,0.087797,-1.135558,-2.005012,-0.004999,-0.806613,-0.106075,-0.291208,-0.347015,-1.805098,-0.142979,-1.281657,-0.155283,-0.094726,-1.383161,0.671613,-0.224874,0.126677,-0.127306,-0.272721,-0.791122,-0.810998,-0.418322,0.444102,-1.816121,-0.149505,0.597118,-0.020084,-0.045887,-0.112191,-0.934277,-0.351559,0.660446,-0.286308,0.128801,0.278883,0.818070,-0.266697,1.173791,0.045110,0.195322,1.130587,0.533352,0.024167,1.187355,2.147815,-0.163819,0.610460,-0.004701,0.178892,0.426598,-0.570377,-0.048020,-0.497922,-0.745371,0.321446,-0.934524,-0.285021,0.520707,-0.860231,-0.503634,0.217828,-0.867624,0.414192,-0.031057,-0.664853,1.397131,0.300382,-0.096837,1.613385,0.407629,-0.238502,0.633532,0.419034,-0.458839,0.977148,0.220708,0.370960,-0.078997,0.117161,0.483691,0.327383,0.012758,-0.471173,1.482064,-0.086536,-0.214083,1.254308,-0.162786,0.243106,-0.734521,-0.018924,0.085512,-1.009112,-0.176934,-0.306220,-0.882002,-0.305154,0.301179,0.057177,-0.336877,0.184781,1.457195,-0.290978,0.181062,-0.427837,-0.130493,-0.309995,0.293650,-0.202710,-1.001483,0.795557,-0.302048,-0.675169,-1.666474,0.240758,-0.749318,0.333734,-0.086046,-0.735614,0.097878,0.202167,0.148845,-0.004691,-0.117029,-0.162620,-1.392275,-0.071841,-0.057399,0.826171,0.075770,0.071115,0.596896,0.303008,0.068296,0.543854,0.067808,0.671911,0.050259,0.249166,-0.316151,0.146631,-0.027414,-0.322086,0.853751,-0.232678,0.063256,-0.801799,-0.248668,0.411627,0.228514,-0.489227,-0.098098,0.711562,-0.348866,-0.496825,-0.610823,-0.379227,0.269849,2.104939,-0.227586,-0.098872,-1.708090,-0.395397,-0.149097,0.514743,-0.203341,0.040204,0.808565,-0.245254,-0.122745,-1.611400,-0.520726,0.896060,-1.384674,-0.427956,0.506542,-1.618585,-0.297055,-0.415076,0.126162,-0.245437,-0.180704,-1.418687,-0.392769,-0.478487,-0.158705,-0.496598,-0.313209,-0.464396,-0.422689,-0.155300,0.431569,-0.429263,-0.114719,-0.305151,-0.426890,-0.147678,0.532944,-0.501035,-0.330159,-0.650703,-0.579792,-0.472097,-0.292771,-0.049437,-0.300376,1.548535,0.042840,-0.182290,-0.904839
-0.475479,0.309101,0.445740,-0.716721,3.025083,-0.466073,-0.717297,1.325971,-1.967577,2.307600,1.502578,-1.862493,2.370883,1.318864,0.063710,-0.329966,0.463507,-0.930097,-1.111585,1.976910,-1.190565,0.679208,2.481786,-0.964424,-0.455833,0.371478,-2.399590,-0.357421,0.450496,-1.935958,-0.357421,0.450496,-0.000001,-0.357421,0.450496,-0.000001,0.969821,-0.243447,-1.175150,0.969821,-0.243447,-0.000001,0.969821,-0.243447,-0.000001,-0.491603,-0.508640,-0.236277,-0.874816,0.272040,0.788821,-0.334042,-1.204557,0.067090,0.507629,-0.188712,-0.273301,0.969803,-0.243431,-0.000001,0.969803,-0.243431,-0.000001,0.969821,-0.243431,-0.000001,-0.357421,0.450496,-0.000001,-0.357416,0.450496,-0.000001,-0.357421,0.450496,-0.000001,0.811892,1.162131,0.127738,0.203616,1.169642,0.074338,0.035005,2.557167,-0.377209,-0.760693,2.189197,-1.417538,-0.545887,0.662117,1.286094,-0.070657,1.076503,0.724442,-0.959216,1.613153,1.479531,-0.741844,0.124437,1.184739,2.136485,-2.819693,0.406216,0.300899,1.646032,0.897778,-1.334360,1.998953,-0.990127,-0.772517,0.478428,-0.405393,-0.713410,0.143811,-0.029683,-0.172251,1.946241,0.237817,-0.877426,1.330879,0.183010,-0.543114,0.348973,1.272601,-1.102826,-0.132304,0.169830,0.424405,1.716487,0.753642,-0.409328,1.436986,0.088442,-0.308827,0.197136,0.517103,0.093935,0.541570,0.905146,2.333350,1.247607,1.830151,0.821507,1.326479,1.296782,-0.165686,1.258398,0.675959,-0.150316,1.088905,0.237035,0.447084,0.928703,-0.691685,0.737290,1.132636,-0.030782,-0.321448,0.627779,0.436837,-0.883496,0.223023,-0.053202,-1.120948,-0.101039,-1.059893,2.080612,0.996186,0.884383,1.501035,0.558813,0.276495,1.122743,0.467021,-0.774435,0.657349,0.655336,-0.054745,2.822369,0.856539,1.022646,1.977304,0.484074,1.098980,1.729067,0.541593,-0.098825,1.375915,0.666504,0.944070,2.772348,0.763549,1.084805,2.201108,0.501772,0.811538,2.174246,0.554476,0.165310,2.264556,0.644605,-0.047603,0.128755,-0.653094,-0.344463,-0.338856,-0.844003,1.348936,-0.450504,-0.910959,-2.043965,-0.484773,-0.952278,-0.261005,-0.211771,-1.576240,0.924166,-0.526891,0.090991,-0.114132,-0.569630,-0.082255,-0.708475,-0.885674,1.127537,-1.288176,-0.587556,0.685987,-0.590316,-0.405470,-0.043918,-2.114850,-0.935035,0.678053,-0.104011,-0.372888,0.230999,-0.587870,-0.472010,0.988401,0.715304,-0.225428,0.774649,-1.088143,-0.141958,0.673098,1.536926,-0.333975,-0.036385,-0.257554,-0.219934,0.164482,-1.391604,0.038922,-0.726709,-0.902795,0.197830,-0.846651,-0.687458,0.188819,-0.393083,-0.018364,-0.073869,-0.030775,1.207029,-0.280022,-0.201008,-0.040062,-0.102830,0.024960,-0.777462,0.051815,0.524996,-0.761747,-0.167698,0.469437,-1.376891,-0.060789,0.476505,0.771309,-0.102141,0.077073,0.990793,-0.195662,-0.266332,-0.389930,-0.297072,-0.350919,0.246284,-0.372776,0.176297,1.273304,-0.482381,0.470315,-0.008614,-0.630721,0.194625,-0.180563,-0.512130,0.419208,1.117027,-0.527606,0.288586,1.569970,-0.462015,0.291127,0.625769,-0.544581,0.092751,-0.505096,-0.547666,-0.450421,-0.715518,-0.627288,-0.148250,-0.290656,-0.264906,0.067148,-0.069741,-0.343866,0.208876,-0.674105,-0.306248,-0.036843,0.838738,-0.440676,-0.349448,0.960827,-0.201907,-0.279894,-0.421069,-0.252441,-0.533655,1.037625,-0.271682,-0.124538,-0.801853,0.029591,0.437599,0.778619,-0.063897,0.388888,-1.797232,-0.343835,0.349407,-0.399267,-0.490442,0.388773,-0.660453,-0.690742,0.670932,1.409781,-0.940608,-0.295761,0.591474,-0.780774,0.039238,-0.420267,-0.795558,0.058897,2.282960,-0.648368,0.504311,-2.003572,-0.504926,0.035198,0.410994,-0.615153,-0.092449,-0.261709,-0.937296,0.178897,-1.511994,-0.983877,0.721180,-0.529465,-0.906834,0.853402,-1.105021,-0.740939,-0.165127,0.192672,-0.925268,0.126087,-1.074955,-0.856115,-0.301065,-0.595637,-0.939382,-0.118204,-0.375592,-0.846343,0.014438,0.750013,-1.115342,0.065357,-0.436815,-0.853068,-0.306766,0.668104,-0.941951,-0.133630,-0.600607,-1.035181,-0.296255,-0.432141,-0.357585,-0.461188,1.867506,-0.039226,0.382810,-0.327152
-0.475479,0.309101,0.445740,-0.716721,3.025083,-0.466073,-0.717297,1.325971,-1.967577,2.307600,1.502578,-1.862493,2.370883,1.318864,0.063710,-0.329966,0.463507,-0.930097,-1.111585,1.976910,-1.190565,0.679208,2.481786,-0.964424,-0.455833,0.371478,-2.399590,-0.357421,0.450496,-1.935958,-0.357421,0.450496,-0.000001,-0.357421,0.450496,-0.000001,0.969821,-0.243447,-1.175150,0.969821,-0.243447,-0.000001,0.969821,-0.243447,-0.000001,-0.491603,-0.508640,-0.236277,-0.874816,0.272040,0.788821,-0.334042,-1.204557,0.067090,0.507629,-0.188712,-0.273301,0.969803,-0.243431,-0.000001,0.969803,-0.243431,-0.000001,0.969821,-0.243431,-0.000001,-0.357421,0.450496,-0.000001,-0.357416,0.450496,-0.000001,-0.357421,0.450496,-0.000001,0.811892,1.162131,0.127738,0.203616,1.169642,0.074338,0.035005,2.557167,-0.377209,-0.760693,2.189197,-1.417538,-0.545887,0.662117,1.286094,-0.070657,1.076503,0.724442,-0.959216,1.613153,1.479531,-0.741844,0.124437,1.184739,2.136485,-2.819693,0.406216,0.300899,1.646032,0.897778,-1.334360,1.998953,-0.990127,-0.772517,0.478428,-0.405393,-0.713410,0.143811,-0.029683,-0.172251,1.946241,0.237817,-0.877426,1.330879,0.183010,-0.543114,0.348973,1.272601,-1.102826,-0.132304,0.169830,0.424405,1.716487,0.753642,-0.409328,1.436986,0.088442,-0.308827,0.197136,0.517103,0.093935,0.541570,0.905146,2.333350,1.247607,1.830151,0.821507,1.326479,1.296782,-0.165686,1.258398,0.675959,-0.150316,1.088905,0.237035,0.447084,0.928703,-0.691685,0.737290,1.132636,-0.030782,-0.321448,0.627779,0.436837,-0.883496,0.223023,-0.053202,-1.120948,-0.101039,-1.059893,2.080612,0.996186,0.884383,1.501035,0.558813,0.276495,1.122743,0.467021,-0.774435,0.657349,0.655336,-0.054745,2.822369,0.856539,1.022646,1.977304,0.484074,1.098980,1.729067,0.541593,-0.098825,1.375915,0.666504,0.944070,2.772348,0.763549,1.084805,2.201108,0.501772,0.811538,2.174246,0.554476,0.165310,2.264556,0.644605,-0.047603,0.128755,-0.653094,-0.344463,-0.338856,-0.844003,1.348936,-0.450504,-0.910959,-2.043965,-0.484773,-0.952278,-0.261005,-0.211771,-1.576240,0.924166,-0.526891,0.090991,-0.114132,-0.569630,-0.082255,-0.708475,-0.885674,1.127537,-1.288176,-0.587556,0.685987,-0.590316,-0.405470,-0.043918,-2.114850,-0.935035,0.678053,-0.104011,-0.372888,0.230999,-0.587870,-0.472010,0.988401,0.715304,-0.225428,0.774649,-1.088143,-0.141958,0.673098,1.536926,-0.333975,-0.036385,-0.257554,-0.219934,0.164482,-1.391604,0.038922,-0.726709,-0.902795,0.197830,-0.846651,-0.687458,0.188819,-0.393083,-0.018364,-0.073869,-0.030775,1.207029,-0.280022,-0.201008,-0.040062,-0.102830,0.024960,-0.777462,0.051815,0.524996,-0.761747,-0.167698,0.469437,-1.376891,-0.060789,0.476505,0.771309,-0.102141,0.077073,0.990793,-0.195662,-0.266332,-0.389930,-0.297072,-0.350919,0.246284,-0.372776,0.176297,1.273304,-0.482381,0.470315,-0.008614,-0.630721,0.194625,-0.180563,-0.512130,0.419208,1.117027,-0.527606,0.288586,1.569970,-0.462015,0.291127,0.625769,-0.544581,0.092751,-0.505096,-0.547666,-0.450421,-0.715518,-0.627288,-0.148250,-0.290656,-0.264906,0.067148,-0.069741,-0.343866,0.208876,-0.674105,-0.306248,-0.036843,0.838738,-0.440676,-0.349448,0.960827,-0.201907,-0.279894,-0.421069,-0.252441,-0.533655,1.037625,-0.271682,-0.124538,-0.801853,0.029591,0.437599,0.778619,-0.063897,0.388888,-1.797232,-0.343835,0.349407,-0.399267,-0.490442,0.388773,-0.660453,-0.690742,0.670932,1.409781,-0.940608,-0.295761,0.591474,-0.780774,0.039238,-0.420267,-0.795558,0.058897,2.282960,-0.648368,0.504311,-2.003572,-0.504926,0.035198,0.410994,-0.615153,-0.092449,-0.261709,-0.937296,0.178897,-1.511994,-0.983877,0.721180,-0.529465,-0.906834,0.853402,-1.105021,-0.740939,-0.165127,0.192672,-0.925268,0.126087,-1.074955,-0.856115,-0.301065,-0.595637,-0.939382,-0.118204,-0.375592,-0.846343,0.014438,0.750013,-1.115342,0.065357,-0.436815,-0.853068,-0.306766,0.668104,-0.941951,-0.133630,-0.600607,-1.035181,-0.296255,-0.432141,-0.357585,-0.461188,1.867506,-0.039226,0.382810,-0.327152
-0.481251,0.278479,0.199958,-0.729064,0.825652,0.023650,-0.722751,1.287163,-1.262802,2.837201,1.566076,-1.000404,2.616447,1.365051,-0.776866,-0.341031,0.443409,-0.621749,-1.123522,0.899424,-0.316847,0.662799,-0.304510,-1.348256,-0.399924,-0.083412,-3.222927,-0.351281,0.443404,-2.408715,-0.351281,0.443404,-0.000001,-0.351281,0.443404,-0.000001,0.983747,-0.248608,-1.737434,0.983747,-0.248608,-0.000001,0.983747,-0.248608,-0.000001,-0.492410,-0.532631,-0.255912,-0.885437,0.233294,0.724355,-0.340703,-1.175378,0.322681,-0.025686,-0.204260,-1.016729,0.983729,-0.248592,-0.000001,0.983729,-0.248592,-0.000001,0.983747,-0.248592,-0.000001,-0.351281,0.443404,-0.000001,-0.351277,0.443404,-0.000001,-0.351281,0.443404,-0.000001,0.790410,0.226687,-0.742898,0.170038,0.388150,-0.805121,-0.925820,1.383092,-0.129293,-1.289776,0.917325,0.268945,-1.192074,1.485616,1.949668,-0.090454,0.281925,-0.414019,-1.534678,1.806646,0.465637,-0.776083,0.283532,-0.076754,1.497210,-2.188838,-1.255397,-0.260873,0.570237,-0.080202,-1.354395,1.677258,-0.449836,-1.238635,1.059647,-0.390225,-1.160020,0.258433,0.148665,-1.586254,1.093652,0.140573,-1.342999,2.403960,0.585257,-0.941902,1.876065,0.745189,-1.131364,2.030602,-0.507450,-0.752070,0.882412,-0.618657,-0.418693,2.490241,0.153950,-0.688926,1.677054,1.052747,-0.758982,1.187306,0.457391,2.516108,1.423691,1.605011,0.970692,1.404531,1.494852,-0.051423,1.423640,0.961830,-0.183764,1.343993,0.355676,0.547009,1.069269,-0.657697,0.742725,1.262511,0.806333,-0.189987,0.749057,0.857562,-0.714377,0.343173,0.698188,-0.962027,-0.056924,-0.052520,2.290241,1.064498,1.118000,1.710831,0.652094,0.612788,1.262453,0.589942,-0.444557,0.802748,0.784911,-0.188915,3.130469,0.937376,1.023300,2.119754,0.594932,1.017085,1.917171,0.658911,0.260741,1.528997,0.783632,0.683310,2.923877,0.841629,1.669215,2.344808,0.596118,0.789531,2.373492,0.663239,0.294618,2.528160,0.777996,0.196870,-0.352014,-0.810444,-0.914393,-0.247367,-0.703807,0.535880,-0.572474,-1.156855,0.005384,-0.425141,-0.891723,-0.507250,-0.577683,-1.211939,-1.524770,-0.762208,-0.438331,1.883378,-0.957391,0.396369,-0.828201,-1.153375,0.280196,0.361532,-0.789748,-0.335162,-1.012687,-0.507935,0.662754,-0.202274,-0.909791,0.162762,-0.878138,-0.464157,0.306034,-1.341216,-0.612379,0.793833,0.938177,-0.398962,0.305368,1.176032,-0.515089,0.536655,0.273600,-0.302928,0.167373,-1.306367,0.026261,0.110866,-0.265817,-0.387548,-0.594487,-0.361829,-0.052501,-0.951092,-1.126758,0.076683,-0.849833,-1.115235,-0.042529,-0.485874,-0.253571,-0.347577,-0.324940,0.078009,-0.108674,-0.568701,1.121801,-0.049576,-0.229240,0.040140,-0.112122,-0.020022,0.145348,-0.104885,0.360466,1.832562,-0.201207,0.397997,0.465483,-0.367293,-0.607483,0.376708,-0.470444,-0.461953,0.704271,-0.545699,-0.125799,1.232635,-0.394694,0.109117,0.703667,-0.697284,0.050351,0.637943,-0.626838,-0.299379,1.350376,-0.692907,-0.323899,1.462399,-0.677922,0.102063,1.041895,-0.556908,0.327452,-0.179885,-0.381357,-0.824715,-0.262250,-0.507355,-0.478681,-0.697477,-0.230307,-0.558584,-0.624552,-0.366782,-0.203230,-0.661767,-0.271461,-0.168310,0.303577,-0.570742,-0.481721,0.983888,-0.511086,-0.310312,-0.093093,-0.358755,-0.476970,-0.089244,-0.217247,-0.480076,0.500065,-0.219081,-0.182054,1.532436,-0.262348,-0.089991,-0.661211,-0.446331,-0.106687,-1.035493,-0.507385,-0.256946,-0.010128,-0.755587,-0.351755,1.531293,-0.822949,-0.569753,-0.813131,-0.951207,0.079652,-0.680029,-0.765713,-0.233515,0.263826,-0.694163,0.125527,-0.813556,-0.886585,0.357027,-0.098227,-0.666826,-0.160051,-0.762453,-0.918321,0.500085,-0.748798,-0.913598,0.019322,0.032446,-1.043885,0.158321,0.004449,-0.806049,0.130193,0.030810,-0.735284,0.054305,-0.341512,-0.988720,0.023592,-1.418825,-1.114107,0.222327,-0.705542,-1.071586,0.002817,-1.307655,-0.923255,0.379818,-1.339540,-0.828290,0.009141,-1.471456,-1.115939,0.209564,-0.946580,-0.916478,0.025512,-1.267218,-0.531742,-0.483172,1.688945,-0.434046,0.380664,0.185536
-0.488923,0.277800,0.151064,-0.725748,0.821576,0.083027,-0.718992,1.279690,-1.181800,2.962259,1.565594,-0.496149,2.734673,1.319834,-0.393101,-0.345267,0.434801,-0.952924,-1.116511,1.983193,-0.599345,0.648576,2.498932,-0.975852,-0.393370,-0.089591,-3.163505,-0.363715,0.442694,-2.375247,-0.363715,0.442694,-0.000001,-0.363715,0.442694,-0.000001,1.000332,-0.256372,-1.653069,1.000332,-0.256372,-0.000001,1.000332,-0.256372,-0.000001,-0.497813,-0.549563,-0.433517,-0.884260,0.228565,0.615373,-0.958519,-1.189559,0.271872,0.496739,-1.758244,-1.463459,1.000314,-0.256356,-0.000001,1.000314,-0.256356,-0.000001,1.000332,-0.256356,-0.000001,-0.363715,0.442694,-0.000001,-0.363711,0.442694,-0.000001,-0.363715,0.442694,-0.000001,0.255978,0.502899,-0.893302,-0.364347,0.741198,-0.733772,-0.921855,0.423097,0.152859,-1.283275,1.258179,0.225743,-1.182768,1.300441,0.642517,-0.573688,0.788807,0.951897,-1.538914,1.622780,1.374701,-0.773230,1.176856,0.256388,2.115363,-2.669428,-0.784668,-0.282588,1.260731,0.221650,-0.949568,1.543524,-0.046669,-0.802993,1.381777,0.092476,-0.742420,0.560945,0.363239,-0.672152,1.462329,0.406149,-0.908825,1.809007,1.033836,-0.569380,0.823003,1.201686,-1.134564,0.384718,0.760633,0.007656,1.727723,0.973072,-0.185996,1.447780,1.166723,-0.334288,0.896613,0.032846,0.065100,1.567649,0.712448,2.450382,1.395323,1.870530,1.043330,1.416133,1.554303,0.013670,1.453810,0.948555,-0.191286,1.365057,0.315935,0.594200,1.064177,-0.576764,0.807414,1.266275,0.911832,-0.167903,0.709850,1.089546,-0.733069,0.328463,0.605500,-0.855413,-0.120367,0.416392,2.271353,1.067537,1.633560,1.723219,0.637908,0.922428,1.310006,0.666966,-0.533121,0.814811,0.816831,-0.153070,3.058594,0.906800,1.151816,2.077546,0.572218,1.310933,1.951950,0.645023,0.385819,1.613618,0.786821,0.935456,2.926433,0.819663,1.256382,2.365975,0.591294,1.257038,2.397377,0.649700,0.267582,2.576913,0.772559,0.493829,-0.060175,-1.224946,-0.502886,-0.332824,-1.518144,2.093449,-0.663072,-1.046559,-0.787118,-0.491809,-1.224220,0.375518,-0.427515,-1.289171,-0.889329,-0.976362,-0.326225,1.312856,-0.892759,0.024610,-1.211446,-1.242189,0.600571,0.003802,-1.033789,-0.101726,-0.918379,-0.644974,0.457110,-1.272735,-1.231113,0.315369,-0.640451,-0.442757,0.717216,-1.774186,-0.555706,0.691684,1.723214,-0.320652,0.569780,-0.907429,-0.231376,1.187889,-1.090639,-0.431886,1.724941,-1.428541,-0.325000,1.703731,-1.184750,0.020789,-1.372864,-1.122091,0.160067,-0.683146,-1.162171,0.116715,-0.571823,0.660362,-0.183849,-0.208221,2.516642,-0.425644,-0.023482,0.810203,-0.058186,-0.204825,-0.760137,0.063219,0.363103,0.717070,0.071447,0.700610,-0.103282,-0.115470,-0.165431,1.508987,-0.170953,-0.262475,-0.370946,-0.380642,-0.152508,-0.300678,-0.483929,-0.719589,-0.050093,-0.559149,-0.292137,1.995254,-0.663625,0.072578,1.619342,-0.764044,0.115064,1.328561,-0.665286,-0.210756,1.363408,-0.701449,-0.242489,0.945379,-0.654936,-0.322737,1.506469,-0.500670,0.374853,0.567334,-0.606871,-0.375044,-0.555363,-0.703225,-0.393330,0.157015,-0.129534,-0.165609,0.902191,-0.468920,-0.073062,0.254854,-0.170140,-1.104434,1.388128,-0.767347,-0.830163,0.744014,-0.428314,-0.138918,-0.742165,-0.478384,-0.405060,-0.811089,-0.291731,-0.408129,-1.382076,-0.256230,-0.607195,0.508735,-0.335580,0.485327,-0.885123,-0.337227,0.441257,-0.064108,-0.612214,-0.440564,-0.130975,-0.820624,-0.587488,1.811769,-0.854482,-0.414686,-1.241836,-0.955882,0.271176,-0.252871,-0.986652,-0.432131,0.135185,-0.885546,0.344253,-0.992767,-0.762125,0.233068,0.592960,-0.582822,-0.252148,-1.406310,-1.142676,0.406859,-0.532909,-1.175151,-0.085248,0.135479,-1.077528,0.054760,0.305760,-0.871352,0.037234,0.378154,-1.043131,-0.122172,-0.040349,-1.021271,0.238734,-1.244015,-1.118899,0.091164,-0.304473,-1.044306,-0.124088,-0.837287,-1.091416,0.258696,-0.302039,-1.052210,0.207915,-1.032183,-1.120711,0.077375,-0.540974,-0.948291,0.238739,-1.063353,-0.451643,-1.178245,0.912729,-0.291602,0.119971,1.324053
-0.491245,0.271514,0.143108,-0.719116,1.903146,-0.088944,-0.726633,1.283074,-1.301755,2.838264,1.503420,-0.486691,2.616214,1.272676,-0.133801,-0.331058,0.450057,-1.102996,0.860294,1.970628,-0.050796,0.655898,2.504647,-0.884894,-0.399924,0.375898,-2.565722,-0.368010,0.813726,-1.943817,-0.368010,0.813726,-0.000001,-0.368010,0.813726,-0.000001,1.000929,-0.242153,-0.471553,1.000929,-0.242153,-0.000001,1.000929,-0.242153,-0.000001,-0.498356,-0.549563,-0.354630,-0.884260,0.233294,0.722977,-0.959031,-1.187950,0.256513,-0.024541,-0.199685,-1.118217,1.000911,-0.242137,-0.000001,1.000911,-0.242137,-0.000001,1.000929,-0.242137,-0.000001,-0.368010,0.813726,-0.000001,-0.368005,0.813726,-0.000001,-0.368010,0.813726,-0.000001,0.142034,0.841644,-0.546047,0.048581,0.309323,0.799716,-0.562697,0.433142,0.246772,-1.881810,1.742033,-0.148528,-1.316182,1.943703,0.512258,0.263249,-0.373376,-1.193554,-1.659084,1.642153,-1.096885,-1.332421,1.193189,-1.533414,-0.414854,0.420606,-1.578237,-0.401738,0.480873,-1.245960,-1.040673,1.557996,-0.710682,-1.338969,1.843922,-0.628976,-0.000121,0.570506,0.004223,-0.306801,1.473862,-0.978600,-1.901066,1.819968,1.325148,-1.408793,1.760241,0.089845,-1.235849,1.912174,-0.231022,-0.466216,1.739005,0.381547,-0.958839,1.918702,0.484187,-1.138882,2.287390,1.001289,-0.856436,1.072454,0.565092,2.467022,1.346736,1.769018,0.961629,1.366078,1.618728,-0.035363,1.386173,1.046776,-0.111443,1.254374,0.382242,0.567322,1.042948,-0.417451,0.753396,1.224278,0.813591,-0.170642,0.705673,1.166144,-0.737075,0.290624,0.581538,-0.919549,-0.153219,-0.061895,2.197509,1.047786,1.218094,1.738793,0.621881,0.674001,1.293890,0.569394,-0.367026,0.832306,0.742604,-0.070551,3.061835,0.920558,0.793175,2.105933,0.546953,1.072462,1.959540,0.618570,0.176409,1.623019,0.743466,0.792084,2.905103,0.824171,1.476520,2.364776,0.582538,0.805044,2.357806,0.623612,0.294840,2.534543,0.730695,0.169464,-0.001467,-0.886379,0.009288,-0.276886,-0.525033,1.433522,-0.599586,-0.713715,-1.878408,-0.634651,-0.894188,-0.073735,-0.369756,-1.638308,0.390313,-0.711517,-0.066772,0.247293,-0.586357,0.320176,-0.504671,-0.710855,0.857364,-0.793917,-0.707801,0.487445,0.469578,-0.576888,0.209327,-0.748871,-0.631604,0.519206,-0.001978,-0.376610,0.148301,0.035718,-0.727940,0.948219,0.471258,-0.260659,0.849375,1.156057,-0.386770,0.261675,0.706734,-0.374978,0.266503,-1.623119,-0.037572,0.659507,-1.454809,0.328394,-1.179382,-0.253421,0.229613,-1.181071,0.579390,0.188381,-0.769680,0.302781,-0.365800,-0.401720,0.877302,-0.611077,-0.210169,0.510250,-0.239537,-0.438568,0.702960,-0.117806,0.186565,0.254961,-0.118878,-0.361975,-0.407108,-0.047073,0.045293,1.900322,-0.339426,0.035580,0.155821,-0.572287,-0.731890,0.476875,-0.409555,-0.503789,0.484912,-0.484968,-0.055553,1.284134,-0.591485,0.248473,0.511684,-0.698490,-0.106606,-0.960846,-0.598368,0.033435,0.531783,-0.633116,-0.038317,0.720022,-0.835948,-0.083029,0.013387,-0.688220,-0.148487,-0.499426,-0.781056,-0.887240,-0.764485,-0.632002,-0.566658,-1.707229,-0.297269,-0.330222,0.269278,-0.646020,-0.258430,-0.882918,-0.338787,-0.231753,1.431266,-0.695856,-0.545554,-0.008958,-0.359566,-0.433101,0.112258,-0.415442,-0.616564,-0.476322,-0.223864,-0.619744,0.619218,-0.437023,-0.320667,1.610513,-0.268854,-0.169986,-0.595762,-0.500982,-0.182876,-1.191096,-0.787177,-0.179343,0.149633,-0.756762,0.177259,0.754013,-0.786542,-0.256416,-0.506218,-0.642487,-0.297286,-1.398210,-0.670804,-0.263196,0.530781,-0.539099,0.124109,-0.793370,-0.690476,-0.302021,-0.823367,-0.509772,-0.431094,0.746384,-0.549812,0.153255,-1.183190,-0.572160,0.156781,-0.753777,-0.744501,0.294452,-1.165161,-0.807229,-0.583557,-0.368705,-0.754046,0.128891,-0.928329,-0.699047,-0.287687,-0.816759,-0.797613,-0.475020,-1.488786,-0.720734,-0.300087,-0.624839,-0.464675,-0.264143,-1.403582,-0.726711,-0.291277,-0.612041,-0.800780,-0.493236,-1.464293,-0.879748,-0.282996,-1.046732,-0.631253,-0.571920,2.072862,-0.470823,0.291893,0.420662
-0.495469,0.290329,0.154848,-0.747668,0.796662,0.496202,-1.346097,0.076509,-1.085477,2.703636,1.441365,-1.090106,2.488385,1.317365,-0.228579,-0.330783,0.451667,-0.663843,0.861953,1.989476,0.115739,0.607147,2.607381,-1.768253,-0.453626,0.377667,-2.389092,-0.368778,0.813025,-1.604430,-0.368778,0.813025,-0.000001,-0.368778,0.813025,-0.000001,-0.537859,0.419771,-1.198350,-0.537859,0.419771,-0.000001,-0.537859,0.419771,-0.000001,-0.499971,-0.519000,-0.235389,-0.901586,0.223837,0.557234,-0.334042,-1.192801,-0.059695,-0.035950,1.349743,-0.485716,-0.537877,0.419787,-0.000001,-0.537877,0.419787,-0.000001,-0.537859,0.419787,-0.000001,-0.368778,0.813025,-0.000001,-0.368773,0.813025,-0.000001,-0.368778,0.813025,-0.000001,0.078379,1.555584,-0.140670,-0.020244,1.694025,-0.444149,-0.624778,1.791164,-0.810862,-1.459248,2.764640,-0.128009,-1.397558,2.679523,0.928861,-0.264371,0.848175,-0.909351,-1.186875,1.753429,-0.810208,-1.393799,1.809155,-1.653307,-0.456877,0.740626,-0.956665,0.079172,0.943234,-0.675622,-0.263655,0.715792,-1.197141,-0.956777,1.924444,-1.628206,-0.472497,1.455652,-1.195056,-0.361124,1.558343,-0.951403,-1.061346,1.436699,-0.527697,-1.078756,1.380301,-1.544464,-1.295058,0.988608,-1.658319,-0.510879,1.817886,-0.421775,-0.748064,1.537647,-0.660178,-0.821581,1.309778,-0.053495,-0.909225,1.662722,0.370658,2.244324,1.340781,1.786138,0.784207,1.380036,1.194206,-0.137185,1.378143,0.792878,-0.243664,1.231742,0.286671,0.455357,1.020848,-0.479085,0.555894,1.208025,0.606885,-0.481752,0.686789,0.505542,-1.054339,0.225483,0.508249,-0.997474,-0.198239,-0.885683,1.968457,1.024953,1.169551,1.573726,0.605546,0.623875,1.096816,0.583273,-0.594830,0.669386,0.782784,-0.137384,2.811159,0.890809,0.899541,1.967352,0.532226,0.915802,1.804619,0.630886,0.085719,1.401912,0.771594,0.478662,2.793093,0.811166,1.259514,2.204565,0.560133,1.102747,2.221739,0.651748,0.209686,2.407226,0.764919,0.226884,-0.347403,-0.281443,-0.737394,-0.243445,-0.208987,0.061880,-0.568395,-0.644699,-0.344654,-0.421977,-0.388627,-0.815630,-0.382496,-1.399964,-1.632352,-0.761144,-0.049413,1.849195,-0.959248,0.191152,-1.292377,-1.158213,0.661647,-0.040776,-0.799264,-0.064709,-0.883494,-0.521424,0.519952,-1.291620,-0.667141,0.023114,-0.286982,-0.483586,-0.167140,-0.324829,-0.631737,0.632632,0.142344,-0.419293,0.732331,1.508871,-0.327333,0.379222,0.591587,-0.322857,0.025199,-0.342879,-0.219740,-0.048163,0.150425,-0.618086,-0.682743,1.234369,-0.519103,-0.696823,-0.454943,-0.412331,-0.550031,-1.115689,-0.547096,-0.564779,-1.220148,-0.607500,-0.402182,-0.414837,-0.365410,-0.216283,0.485169,-0.307011,-0.300925,-0.334846,-0.128325,-0.524142,0.619454,-0.123802,0.269512,0.246754,-0.219392,0.265461,0.070532,-0.376270,-0.318627,-0.015530,-0.479513,-0.124970,0.809068,-0.554745,0.241370,0.196548,-0.659342,0.014367,-0.489698,-0.702938,-0.059594,0.200166,-0.633907,0.075501,1.414291,-0.701241,-0.009912,1.765199,-0.687677,0.470006,0.675683,-0.568341,-0.098686,-0.351453,-0.623048,-0.902720,0.324084,-0.508647,-0.883218,-0.583675,-0.464399,-0.942780,-1.006888,-0.614756,-0.636296,-0.625661,-0.506827,-0.306936,-0.766913,-0.572038,-0.037028,0.665077,-0.523355,0.115993,0.701185,-0.600228,-0.167304,1.020208,-0.233118,-0.170248,0.583099,-0.478020,0.267943,0.675858,-0.277951,-0.189791,-0.304171,-0.458589,-0.201739,0.206711,-0.752222,0.139340,-0.468167,-0.761095,0.016784,1.680289,-1.070545,-0.328002,0.464153,-0.959934,-0.023002,-0.506397,-1.019083,-0.333915,1.969835,-0.974755,0.011373,-1.746116,-0.900826,-0.083656,0.061916,-0.679616,-0.254723,-0.561254,-1.185380,-0.097103,-1.271096,-1.183635,-0.132740,-0.354780,-1.051786,0.007727,-0.681602,-0.811580,-0.382221,-0.012349,-0.961823,-0.099973,-0.246530,-0.996365,-0.409349,-1.007042,-1.123053,-0.243965,-0.550741,-1.081485,-0.411398,0.152215,-1.208631,-0.050777,-1.019785,-1.089611,-0.401673,0.047744,-1.124848,-0.260374,-0.723468,-1.166273,-0.403574,-0.850779,-0.534140,-0.577625,1.532985,-0.448295,-0.053516,-0.711768
-0.493920,0.284765,0.145037,-0.726299,0.798169,0.281012,-0.729663,0.063976,-0.989520,2.438836,1.501255,-1.286544,2.366593,1.318688,0.700584,-0.341990,0.449871,-0.007097,-1.134630,0.895235,0.946524,0.618788,2.544584,-0.982192,-0.417479,-0.086938,-2.384540,0.438414,0.075212,-1.585667,0.438414,0.075212,-0.000001,0.438414,0.075212,-0.000001,-0.543791,-0.247313,-1.061676,-0.543791,-0.247313,-0.000001,-0.543791,-0.247313,-0.000001,-0.503479,-0.520406,-0.337857,-0.903148,0.217468,0.483890,-0.336731,-1.196860,-0.055934,-0.032425,1.345168,-0.433163,-0.543809,-0.247298,-0.000001,-0.543809,-0.247298,-0.000001,-0.543791,-0.247298,-0.000001,0.438414,0.075212,-0.000001,0.438419,0.075212,-0.000001,0.438414,0.075212,-0.000001,0.120131,1.883896,0.329092,-0.195193,0.987972,-0.172810,-0.428445,0.516765,0.542762,-0.802700,1.221534,-0.886997,-1.232990,2.211679,0.400493,0.251134,0.430344,-1.501484,-1.338786,2.488894,-1.010282,-1.192177,1.837687,-1.521675,-0.361545,0.897765,-0.883279,-0.306408,0.733614,-1.023462,-0.257837,0.697746,-1.241301,-0.641015,1.871960,-1.619090,-0.219844,0.481343,-1.621619,-1.120624,0.751839,-1.417105,-1.010754,1.327226,-1.021392,-1.147471,1.228299,-2.328321,-1.438421,0.688638,-1.211927,-0.728672,1.457234,-1.969397,-0.965026,0.383774,-1.355083,-1.208463,0.788583,-1.134290,-0.569548,0.814943,-0.375432,2.158792,1.362645,1.817928,0.759456,1.411806,1.368579,-0.187211,1.383700,0.699372,-0.290582,1.250094,0.459791,0.413609,1.027324,-0.298767,0.428472,1.209581,0.794829,-0.482238,0.698585,0.779741,-1.041183,0.269323,0.695679,-1.056267,-0.148001,-0.123270,1.882020,1.019246,1.299818,1.481291,0.621705,0.389278,0.996908,0.643136,-0.442211,0.608639,0.800575,-0.017822,2.708740,0.895659,1.539445,1.920158,0.551295,1.087354,1.744386,0.636483,0.350773,1.388216,0.782281,0.831426,2.671044,0.802198,1.678971,2.179294,0.584143,1.168852,2.169132,0.652787,0.334942,2.370005,0.762211,0.549787,-0.540430,-0.985557,-0.763880,-0.242794,-0.878493,-0.102662,-0.567466,-0.649012,-0.277484,-0.420918,-0.391092,-0.930778,-0.574116,-1.399964,-1.587542,-0.759718,-0.047960,1.769325,-0.956769,0.194575,-1.246420,-1.155190,0.665123,-0.075467,-0.794831,-0.062241,-0.848824,-0.516202,0.522683,-1.438878,-0.660954,0.025056,-0.340472,-0.477252,0.195873,-0.518229,-0.625484,0.632119,0.154148,-0.412641,0.730247,1.591100,-0.527632,0.374481,0.893634,-0.316541,0.019189,-0.460039,-0.213199,-0.057689,-0.100270,-0.616862,-0.689334,1.107236,-0.517449,-0.702815,-0.739559,-0.410177,-0.557072,-1.240201,-0.293604,-0.571653,-0.781055,-0.350034,-0.408802,0.180213,-0.360861,-0.224588,-0.064803,-0.546159,-0.307501,-0.872044,-0.377824,-0.532234,0.143319,-0.372666,0.261653,-0.519051,-0.437704,0.254828,0.578637,-0.633014,-0.324241,0.091235,-0.475097,-0.130426,0.454640,-0.550340,-0.252911,-0.447791,-0.655059,0.011143,-0.980260,-0.699705,-0.062125,-0.007406,-0.630170,0.072336,1.362505,-0.697391,-0.012563,1.833834,-0.683337,-0.036431,0.722433,-0.563637,-0.437125,-0.088691,-0.620917,-0.907392,0.405281,-0.506281,-0.559993,-0.477566,-0.461757,-0.635539,-1.269399,-0.611541,-0.640940,-0.801451,-0.504170,-0.314617,-0.960503,-0.569664,-0.044756,0.460131,-0.518543,0.108139,0.645332,-0.595385,-0.173345,1.416240,-0.477496,-0.176292,0.118812,-0.472244,0.259166,0.129235,-0.518223,-0.620070,-0.247599,-0.674461,-0.611545,0.745281,-0.749258,0.138341,-0.894426,-0.757946,0.015419,1.642192,-1.066739,-0.329182,0.538172,-0.955882,-0.388401,-0.489284,-1.014785,-0.335175,2.120020,-0.969570,0.009926,-1.754947,-0.895313,-0.426595,0.038422,-0.674267,-0.581895,-0.502062,-1.180856,-0.097501,-1.238842,-1.179262,-0.133186,-0.261930,-1.047945,0.007285,-0.807407,-0.808417,-0.382904,-0.095954,-0.958896,-0.100934,-0.463440,-0.992649,-0.410242,-1.043742,-1.118899,-0.244588,-0.521836,-1.077082,-0.412230,0.368059,-1.203365,-0.385865,-0.938919,-1.085181,-0.402498,0.283468,-1.120711,-0.261002,-0.681781,-1.162433,-0.404460,-0.794229,-0.531520,-0.583649,1.383788,-0.442974,-0.410694,-0.998652
-0.494694,0.259707,-0.045129,-0.707144,0.778838,0.038141,-0.704809,0.037467,-0.688917,2.305170,1.503180,-1.034232,2.365218,1.318423,0.844061,-0.340347,0.452565,-0.288113,-1.131338,0.897330,-0.236051,-1.481866,2.481786,-0.707828,-0.461852,-0.544481,-1.048389,-0.362025,-0.293700,-0.758686,-0.362025,-0.293700,-0.000001,-0.362025,-0.293700,-0.000001,-0.562456,-0.255078,0.120468,-0.562456,-0.255078,-0.000001,-0.562456,-0.255078,-0.000001,-0.503479,-0.531684,-0.422169,-0.905118,0.202461,0.353169,-0.335324,-1.193618,-0.052266,-0.033254,-0.178055,-0.684589,-0.562474,-0.255062,-0.000001,-0.562474,-0.255062,-0.000001,-0.562456,-0.255062,-0.000001,-0.362025,-0.293700,-0.000001,-0.362020,-0.293700,-0.000001,-0.362025,-0.293700,-0.000001,-0.919529,1.860422,0.248222,-1.251943,1.395830,-0.533157,-0.874931,1.342954,-0.359435,-0.280118,1.639392,-0.900777,0.010100,1.485616,0.624963,-0.689626,1.583385,-0.128202,-0.765416,2.401774,-0.929824,-0.240109,1.764289,-0.496214,-0.032541,0.877113,-0.462301,-1.401014,1.892602,-0.779036,-0.664597,0.636284,-0.911225,-0.622851,0.446929,-1.354070,-0.625386,0.016440,-1.314441,-0.635321,2.192041,-0.440176,-0.542731,0.794294,-1.423961,-0.748989,0.696356,-1.131739,-0.490105,1.146495,-0.804059,-0.325272,2.381427,-0.704404,-1.445399,1.731772,-1.724299,-0.827519,-0.307872,-1.171929,-0.975275,0.755510,-0.726530,1.655655,1.168505,1.037482,0.477272,1.237746,0.746748,-0.126326,1.092877,0.077990,0.104667,0.953824,-0.061389,0.775116,0.917873,-0.015488,0.102633,1.063904,0.754913,0.085810,0.651554,0.635679,0.260300,0.292043,0.211814,0.339270,-0.052055,1.139113,1.303970,0.956693,1.046214,1.880853,0.594214,0.249246,1.353386,0.722141,-0.241311,0.696346,0.771189,0.170183,2.162094,0.923011,0.787188,2.056057,0.604477,1.086159,1.865485,0.737405,0.424932,1.342489,0.826477,0.868090,2.305038,0.887826,0.684287,2.098185,0.707918,1.376032,2.119531,0.800943,0.163669,2.155598,0.870381,0.665831,-0.537020,-0.815975,-0.333591,-0.239536,-0.717237,0.351749,-0.563930,-0.479531,0.008396,-0.417583,-0.922604,-0.549798,-0.570888,-1.247185,-1.655007,-0.756338,-0.475551,1.848179,-1.187398,0.349182,-1.028782,-1.380685,0.236501,0.502051,-1.042430,0.033658,-1.302357,-0.512715,0.628808,-0.334880,-0.657510,-0.312188,-0.552665,-0.473983,-0.079323,-0.761187,-0.622653,0.215328,0.470624,-0.410028,0.280827,1.840006,-0.525081,-0.076294,1.074398,-0.313844,-0.410901,-0.496949,-0.210424,0.107303,-0.309282,-0.612939,-0.593121,0.932660,-0.513527,-0.947388,-1.108310,-0.406306,-0.844457,-1.249512,-0.289623,-0.480626,-1.099480,-0.600110,-0.679069,-0.568763,-0.357405,-0.563551,0.205053,-0.298621,-0.563479,-0.918949,-0.374446,-0.430219,-0.098120,-0.369296,0.365705,-0.259846,-0.434944,-0.201275,0.958342,-0.629110,-0.607806,-0.556213,-0.471371,-0.465866,0.051574,-0.546624,-0.133549,0.577591,-0.651445,0.100051,-0.264646,-0.696077,0.037314,0.361181,-0.862487,-0.316124,1.632589,-0.693776,-0.338310,1.788383,-0.679862,0.085627,1.233019,-0.559826,-0.019295,-0.181493,-0.616879,-0.826463,-0.392710,-0.502213,-0.479858,-0.063736,-0.689139,-0.247787,-1.292337,-0.607689,-0.555793,-0.921453,-0.500480,-0.172931,-0.595348,-0.565581,-0.486371,1.476357,-0.515024,-0.313289,0.257521,-0.592357,-0.477316,1.266887,-0.474187,-0.480422,0.041644,-0.469056,-0.184117,0.571555,-0.514970,-0.516528,-0.775662,-0.671541,-0.512929,-0.070696,-0.745449,-0.283919,-0.687939,-0.754412,-0.374886,1.954946,-1.063131,-0.583935,0.282910,-1.193774,0.063622,-0.314156,-1.011343,-0.606721,1.442030,-0.965786,0.107756,-1.293834,-0.891865,-0.001621,-0.246603,-0.934620,-0.503029,-0.952980,-1.177004,0.013615,-0.716544,-1.175600,-0.008065,0.106525,-1.300136,0.131198,-0.038604,-0.804869,-0.287129,0.108017,-1.177226,0.028381,0.194998,-1.236660,-0.328933,-1.089989,-1.115207,-0.157163,-0.422586,-1.073555,-0.334465,-0.244940,-1.199540,0.029380,-1.543064,-1.081634,-0.325372,-0.402235,-1.117035,-0.172894,-0.639588,-1.158793,-0.323875,-0.958253,-0.527595,-0.485325,1.265510,-0.439574,-0.324727,-0.788945
-0.494694,0.259707,-0.045129,-0.707144,0.778838,0.038141,-0.704809,0.037467,-0.688917,2.305170,1.503180,-1.034232,2.365218,1.318423,0.844061,-0.340347,0.452565,-0.288113,-1.131338,0.897330,-0.236051,-1.481866,2.481786,-0.707828,-0.461852,-0.544481,-1.048389,-0.362025,-0.293700,-0.758686,-0.362025,-0.293700,-0.000001,-0.362025,-0.293700,-0.000001,-0.562456,-0.255078,0.120468,-0.562456,-0.255078,-0.000001,-0.562456,-0.255078,-0.000001,-0.503479,-0.531684,-0.422169,-0.905118,0.202461,0.353169,-0.335324,-1.193618,-0.052266,-0.033254,-0.178055,-0.684589,-0.562474,-0.255062,-0.000001,-0.562474,-0.255062,-0.000001,-0.562456,-0.255062,-0.000001,-0.362025,-0.293700,-0.000001,-0.362020,-0.293700,-0.000001,-0.362025,-0.293700,-0.000001,-0.919529,1.860422,0.248222,-1.251943,1.395830,-0.533157,-0.874931,1.342954,-0.359435,-0.280118,1.639392,-0.900777,0.010100,1.485616,0.624963,-0.689626,1.583385,-0.128202,-0.765416,2.401774,-0.929824,-0.240109,1.764289,-0.496214,-0.032541,0.877113,-0.462301,-1.401014,1.892602,-0.779036,-0.664597,0.636284,-0.911225,-0.622851,0.446929,-1.354070,-0.625386,0.016440,-1.314441,-0.635321,2.192041,-0.440176,-0.542731,0.794294,-1.423961,-0.748989,0.696356,-1.131739,-0.490105,1.146495,-0.804059,-0.325272,2.381427,-0.704404,-1.445399,1.731772,-1.724299,-0.827519,-0.307872,-1.171929,-0.975275,0.755510,-0.726530,1.655655,1.168505,1.037482,0.477272,1.237746,0.746748,-0.126326,1.092877,0.077990,0.104667,0.953824,-0.061389,0.775116,0.917873,-0.015488,0.102633,1.063904,0.754913,0.085810,0.651554,0.635679,0.260300,0.292043,0.211814,0.339270,-0.052055,1.139113,1.303970,0.956693,1.046214,1.880853,0.594214,0.249246,1.353386,0.722141,-0.241311,0.696346,0.771189,0.170183,2.162094,0.923011,0.787188,2.056057,0.604477,1.086159,1.865485,0.737405,0.424932,1.342489,0.826477,0.868090,2.305038,0.887826,0.684287,2.098185,0.707918,1.376032,2.119531,0.800943,0.163669,2.155598,0.870381,0.665831,-0.537020,-0.815975,-0.333591,-0.239536,-0.717237,0.351749,-0.563930,-0.479531,0.008396,-0.417583,-0.922604,-0.549798,-0.570888,-1.247185,-1.655007,-0.756338,-0.475551,1.848179,-1.187398,0.349182,-1.028782,-1.380685,0.236501,0.502051,-1.042430,0.033658,-1.302357,-0.512715,0.628808,-0.334880,-0.657510,-0.312188,-0.552665,-0.473983,-0.079323,-0.761187,-0.622653,0.215328,0.470624,-0.410028,0.280827,1.840006,-0.525081,-0.076294,1.074398,-0.313844,-0.410901,-0.496949,-0.210424,0.107303,-0.309282,-0.612939,-0.593121,0.932660,-0.513527,-0.947388,-1.108310,-0.406306,-0.844457,-1.249512,-0.289623,-0.480626,-1.099480,-0.600110,-0.679069,-0.568763,-0.357405,-0.563551,0.205053,-0.298621,-0.563479,-0.918949,-0.374446,-0.430219,-0.098120,-0.369296,0.365705,-0.259846,-0.434944,-0.201275,0.958342,-0.629110,-0.607806,-0.556213,-0.471371,-0.465866,0.051574,-0.546624,-0.133549,0.577591,-0.651445,0.100051,-0.264646,-0.696077,0.037314,0.361181,-0.862487,-0.316124,1.632589,-0.693776,-0.338310,1.788383,-0.679862,0.085627,1.233019,-0.559826,-0.019295,-0.181493,-0.616879,-0.826463,-0.392710,-0.502213,-0.479858,-0.063736,-0.689139,-0.247787,-1.292337,-0.607689,-0.555793,-0.921453,-0.500480,-0.172931,-0.595348,-0.565581,-0.486371,1.476357,-0.515024,-0.313289,0.257521,-0.592357,-0.477316,1.266887,-0.474187,-0.480422,0.041644,-0.469056,-0.184117,0.571555,-0.514970,-0.516528,-0.775662,-0.671541,-0.512929,-0.070696,-0.745449,-0.283919,-0.687939,-0.754412,-0.374886,1.954946,-1.063131,-0.583935,0.282910,-1.193774,0.063622,-0.314156,-1.011343,-0.606721,1.442030,-0.965786,0.107756,-1.293834,-0.891865,-0.001621,-0.246603,-0.934620,-0.503029,-0.952980,-1.177004,0.013615,-0.716544,-1.175600,-0.008065,0.106525,-1.300136,0.131198,-0.038604,-0.804869,-0.287129,0.108017,-1.177226,0.028381,0.194998,-1.236660,-0.328933,-1.089989,-1.115207,-0.157163,-0.422586,-1.073555,-0.334465,-0.244940,-1.199540,0.029380,-1.543064,-1.081634,-0.325372,-0.402235,-1.117035,-0.172894,-0.639588,-1.158793,-0.323875,-0.958253,-0.527595,-0.485325,1.265510,-0.439574,-0.324727,-0.788945
-0.463560,0.245777,0.245298,-0.704750,1.930852,-0.623408,-0.708931,1.277042,-0.952892,2.174415,1.565955,-1.124472,1.759383,1.087752,-0.476599,0.369637,1.362167,-1.164782,-1.141215,1.970628,-1.243400,0.600667,-0.327370,-0.330573,-0.466768,-1.011738,-0.869610,-0.357730,-1.034345,-0.127708,-0.357730,-1.034345,-0.000001,-0.357730,-1.034345,-0.000001,-0.561570,-0.926045,-0.777794,-0.561570,-0.926045,-0.000001,-0.561570,-0.926045,-0.000001,-0.480813,-0.520406,-0.040367,-0.900793,0.241207,0.043214,-0.338655,-1.181045,-0.132417,-0.036570,-0.195407,-1.005534,-0.561588,-0.926029,-0.000001,-0.561588,-0.926029,-0.000001,-0.561570,-0.926029,-0.000001,-0.357730,-1.034345,-0.000001,-0.357726,-1.034345,-0.000001,-0.357730,-1.034345,-0.000001,0.301393,1.177748,0.370156,-0.626364,1.433570,-0.272198,-0.579307,1.677448,0.132609,-0.883242,1.855636,0.246536,-1.253901,1.792613,0.865867,-0.525629,1.197524,0.762412,-0.764150,2.150221,-0.221540,-0.455997,1.686758,-0.127891,0.213369,0.706210,0.216826,-0.345579,1.457972,0.903160,-0.059792,0.188091,0.381907,-0.175922,1.007120,-1.295406,-0.915843,1.522545,-0.628428,-1.229649,1.277991,1.278497,0.436943,-0.388305,0.283996,-0.448440,0.526287,0.798502,-0.924156,1.185954,0.450411,-0.103530,1.134143,0.048784,1.001273,0.304659,-0.542951,0.450231,0.048624,-0.289438,-0.210444,0.894155,0.517036,1.146904,0.846713,0.059771,0.187508,0.831019,0.108465,-0.128876,0.652810,-0.668600,0.337282,0.656635,-1.161492,1.000453,0.785133,-0.227182,-0.088314,0.709316,0.727237,0.835190,0.447400,-0.114909,1.409628,0.199359,0.090389,1.405178,-0.045671,0.926315,0.877727,0.749792,1.218978,2.168669,0.574894,0.891192,1.511598,0.675330,-0.050483,0.727242,0.638609,0.379205,1.509312,0.822155,0.407547,2.026325,0.644131,0.932142,1.760614,0.724578,0.377615,1.230953,0.768145,0.592241,1.760220,0.809734,-0.097089,1.960103,0.736235,1.402043,1.911582,0.816531,0.902788,1.823974,0.834099,0.921108,-0.108813,-0.575366,-1.583694,-0.195822,-0.353889,0.871927,-0.510469,-0.660724,-1.139006,-0.356891,-0.261332,-0.350810,-0.308265,-1.170546,-1.033954,-0.664380,-0.312823,0.850654,-0.570663,-0.033356,-1.262947,-0.735276,0.508169,-1.440708,-0.530858,0.233262,0.139516,-0.452020,-0.054429,-0.826304,-0.282762,0.293050,0.226411,-0.329661,-0.358363,1.123532,-0.469991,0.258425,-0.756193,-0.246168,0.212311,0.859833,-0.375322,0.335150,0.656499,-0.148880,-0.133029,0.193028,-0.035790,-0.374633,0.285211,-0.537943,-0.929176,-0.842989,0.053573,-1.265251,-0.532109,0.220023,-1.237497,-1.050479,-0.112299,-0.861070,-0.439320,-0.386269,-0.669600,0.610994,-0.083972,-0.555247,1.288389,0.005753,-0.574539,-0.156585,-0.021907,-0.447463,0.446450,-0.239911,-0.058729,-0.719196,-0.300273,-0.154995,0.624033,-0.374192,-0.522121,0.595353,-0.477413,-0.308701,0.707639,-0.287248,0.101317,-0.062614,-0.399207,-0.047080,-1.230746,-0.499433,-0.485955,-1.287761,-0.645956,0.068729,0.082029,-0.697182,-0.445505,0.858800,-0.666861,-0.044865,-0.393020,-0.529354,-0.454018,-0.232781,-0.492732,-0.057129,-1.510460,-0.358684,0.599458,0.441338,-0.063575,0.462884,1.749060,-0.417320,-0.093407,-1.689625,-0.103822,-0.557088,0.320498,-0.175166,-0.284108,-1.569393,-0.219869,-0.153188,0.131909,-0.303283,1.232519,-2.597940,-0.128884,1.230310,-1.512479,-0.116199,0.571035,0.832356,-0.175469,-0.390929,-0.551226,-0.392851,-0.393306,-0.358202,-0.559059,-0.278045,-0.368646,-0.562843,0.114729,0.358141,-0.596518,-0.619740,-0.484680,-0.710354,-0.697330,-1.479539,-0.752835,-0.286863,1.074634,-0.384533,-0.325443,-0.987424,-0.562802,-0.696851,-0.648376,-0.359458,-0.494131,1.128700,-0.383743,-0.419915,-1.460307,-0.386632,0.032589,-1.316898,-0.544006,-0.346346,-1.734764,-0.612516,-1.065905,-0.437410,-0.552322,-0.505854,-1.332640,-0.505054,-0.676122,-0.775986,-0.617661,-0.527693,-1.298678,-0.554894,-0.669136,-0.329752,-0.322814,-0.649935,-0.786080,-0.559883,-0.657295,-0.193932,-0.621587,-0.546321,-1.329666,-0.688036,-0.667972,-0.922108,-0.366972,0.036861,0.644710,-0.363875,0.829693,0.157522
-0.448193,0.272916,0.385028,-0.701063,3.034532,-1.081435,-0.076367,2.538787,-2.279711,2.043256,1.438359,0.349109,1.397085,0.857090,0.605511,-0.340214,0.454000,-1.336720,-1.122291,1.972722,0.064243,0.596348,-0.350161,0.000828,-0.468975,-1.008201,-1.552476,-0.364329,-1.033635,-1.356706,-0.364329,-1.033635,-0.000001,-0.364329,-1.033635,-0.000001,-0.570757,-0.265415,-0.846338,-0.570757,-0.265415,-0.000001,-0.570757,-0.265415,-0.000001,-0.484849,-0.498768,-0.013778,-0.878733,0.260990,0.260972,-0.958906,-1.164018,0.078097,0.498915,-1.774387,-1.274411,-0.570776,-0.265399,-0.000001,-0.570776,-0.265399,-0.000001,-0.570757,-0.265399,-0.000001,-0.364329,-1.033635,-0.000001,-0.364324,-1.033635,-0.000001,-0.364329,-1.033635,-0.000001,0.290429,0.513332,0.480261,0.410498,0.556097,-0.442348,-0.585806,0.817777,0.276207,-0.889719,1.371827,0.093426,-1.261335,1.758529,0.695556,-0.072493,0.608419,-0.206213,-0.773474,2.121161,0.243252,-0.462771,1.148324,-0.209664,2.026260,-2.337941,-0.601159,0.179177,0.274338,0.524906,-0.068192,0.621812,-0.364146,-1.047183,1.427295,-0.341078,-0.922369,0.704213,-0.284162,-1.240220,0.290993,1.841768,-0.893125,1.433046,0.646101,-0.827155,1.420102,0.817546,-0.931992,1.162250,0.394346,-0.495991,0.168584,0.220433,-0.421323,1.192573,0.133616,-0.626992,0.715661,0.758065,-0.626210,0.874376,1.724242,0.761893,0.547374,0.072683,0.206003,0.436838,-0.764793,0.425972,0.073247,-1.127842,0.883458,0.411391,-1.247788,1.368923,0.664313,-0.827615,0.274348,0.199408,0.467857,1.808706,0.223344,-0.348949,2.408261,0.153274,-0.141820,2.403057,0.098797,0.830667,0.674855,0.409014,-0.603322,2.065665,0.398408,-2.715919,1.918537,0.545753,-0.726212,1.093803,0.409104,0.200943,0.917399,0.610601,0.959224,1.943443,0.581145,-1.331431,1.713735,0.585614,-0.617582,1.139181,0.585894,0.479484,1.035446,0.693660,-0.638740,1.721225,0.645141,0.641138,1.584192,0.689840,0.461933,1.462561,0.696939,0.526794,0.046665,-2.186187,-0.742342,-0.415839,-1.500031,0.967519,-0.097760,-1.474928,-2.080662,-0.554963,-1.388633,-1.195662,-0.466244,-1.863810,1.421381,-0.358448,-0.069759,-1.050963,-0.578712,-0.865650,0.289369,-0.382803,-0.093818,-1.178061,-0.243185,0.651783,0.472451,-0.272990,-0.560157,0.707379,-0.215774,0.583362,-0.272460,0.093445,0.110316,1.436665,-0.259230,0.725563,-0.466922,0.233764,0.382178,-0.343886,0.063060,0.169304,1.658168,-0.338957,-0.626170,0.427411,-0.453852,-1.359885,-0.247517,0.449120,-1.665657,-1.356017,0.385425,-1.322899,-0.674891,0.163631,-0.574839,0.740622,-0.065495,-0.205290,1.456203,-0.239091,-0.354900,0.043897,-0.002285,-1.098695,0.099738,-0.069370,0.015702,0.182391,-0.000084,0.267287,-1.097322,-0.123802,-0.593612,0.044095,-0.137931,-0.781944,1.539500,-0.120210,-0.358332,-0.198559,-0.220854,-0.409967,-0.159339,-0.296755,-0.335239,0.459091,-0.408452,-0.627528,-1.306647,-0.119266,-0.983902,-1.927716,-0.457067,-0.516482,-0.899979,-0.455623,-0.491342,-0.223282,-0.373141,-0.111024,-1.150071,-0.438597,-0.531071,-0.332162,-0.084949,0.519637,-2.072164,0.105991,1.816815,-3.840899,-0.259000,1.289246,0.289450,-0.318379,0.153977,-2.006001,-0.300310,-0.718236,1.356355,0.297290,-0.431794,-1.714684,-0.082364,-0.389913,-0.705310,0.110664,1.852887,-0.125266,0.150956,1.851004,-0.140790,0.208265,0.321738,-1.222934,0.099669,-0.122512,-0.831784,-0.221896,-0.554928,-1.180475,-0.715363,-0.488676,-0.303873,-0.422760,-0.168150,-0.721039,-0.138576,-0.515311,-0.122967,-0.208432,-0.566114,-1.358778,-0.204227,-0.175413,0.504146,0.027290,-0.160435,-0.727099,-0.360946,-0.514962,0.240431,-0.219625,-0.264230,1.728044,-0.046198,-1.003719,-0.691651,-0.094788,-0.597140,-1.472570,-0.049105,-0.982175,-1.073765,-0.471860,-0.777185,-0.096835,-0.211047,-0.721544,-1.131010,-0.282243,-0.844995,0.169430,-0.096985,-0.700335,-0.536187,0.019206,-0.505936,0.511796,-0.139322,-0.472209,-0.259093,0.017637,-0.495435,0.295572,-0.103107,-0.720313,-0.682761,-0.226028,-0.835342,0.019360,-0.363260,1.539906,-0.948878,-0.141493,0.671422,-0.867436
-0.417810,0.256225,0.205363,0.247231,3.048489,-1.881810,0.558135,5.045167,-2.047048,1.907564,1.250151,0.901934,1.024111,0.488324,0.866257,-0.340622,0.429773,-1.665989,-1.119401,1.983193,-2.062289,0.619657,-0.407313,-0.553618,-0.355017,-1.470153,-0.900960,1.240848,-1.406088,-0.055697,1.240848,-1.406088,-0.000001,1.240848,-1.406088,-0.000001,-0.537859,-0.927339,-0.504031,-0.537859,-0.927339,-0.000001,-0.537859,-0.927339,-0.000001,0.837569,-0.514293,0.168318,-0.870082,0.202461,-0.485664,-0.958777,-1.192801,-0.126868,0.496846,-1.804868,-1.414278,-0.537877,-0.927323,-0.000001,-0.537877,-0.927323,-0.000001,-0.537859,-0.927323,-0.000001,1.240848,-1.406088,-0.000001,1.240852,-1.406088,-0.000001,1.240848,-1.406088,-0.000001,0.321663,0.156362,0.558915,0.448630,0.079662,0.241393,-0.094202,0.767635,1.033822,-0.850019,0.847660,0.319934,-1.211596,1.051917,0.890929,-0.506548,-0.003485,0.011927,-0.202221,0.809942,-0.292209,-0.427094,1.074876,0.164675,-0.068320,0.534158,-0.490062,-0.328123,-0.163378,0.583284,0.364755,0.556776,0.478478,-0.584493,0.481933,-0.458231,-1.302144,-0.152287,-0.782978,-1.216163,-0.254381,1.096893,-0.426848,0.447561,0.812837,-0.801790,-0.009322,1.096303,-0.899536,0.601818,1.264796,-0.094112,-0.361111,0.999315,-0.643522,-0.680275,0.719094,-0.247463,-0.010814,1.098904,-0.598047,0.311817,2.371683,0.014054,-0.080189,-1.190589,0.834055,-0.992807,-1.394246,0.617669,-0.897114,-1.514593,1.101072,-0.321248,-1.547969,1.282235,0.096107,-1.418281,0.638447,-0.582946,0.380937,1.526106,-0.354656,-0.354106,2.016116,-0.186207,-0.294382,2.019401,-0.004292,1.292105,0.264734,-0.457059,-0.097745,1.423366,-0.038489,0.311516,2.048567,0.150225,1.074535,2.311815,0.307762,1.935739,0.061632,-0.227516,0.070029,0.873517,0.111037,-1.966404,0.611846,0.029603,-0.831910,0.160089,-0.046542,0.402148,0.019160,-0.135884,-0.308506,0.670014,0.094210,-0.145146,0.519708,0.071722,0.334566,0.328735,0.025326,0.531295,-0.054536,-1.075543,-1.916149,-0.136453,-0.620826,1.647030,-0.437503,-0.729164,-0.874770,-0.271749,-0.107430,0.003146,-0.208204,-1.504017,-0.756230,-0.530271,0.115778,0.081853,-0.110640,-0.741113,-1.606872,-0.218875,0.532987,-1.989655,-0.134673,0.261441,0.260327,0.018941,-0.504713,-0.303820,0.292688,0.230453,-0.098687,0.273985,-0.116034,1.545050,-0.115833,-0.627434,-0.963777,0.125449,-0.318640,-1.395902,0.173571,-0.379075,1.176691,-0.224945,-0.994635,0.673487,-0.338478,-1.614245,-0.126223,-0.193268,-1.336531,-1.575274,0.435984,-1.334603,-0.640852,0.424283,-0.571482,-0.208086,0.153566,-0.206276,-0.067585,-0.063269,-0.741504,-0.098796,0.332877,-1.109768,1.210505,0.471777,-0.327494,-0.532594,0.258404,-0.575157,-0.749760,0.091093,-0.160923,-0.716894,0.023027,-0.845266,1.471688,0.013470,-0.861939,0.592898,0.183527,-0.622236,0.374136,0.106578,-0.147332,-0.203532,-0.016218,-0.540542,-1.268919,-0.202144,-1.375537,-1.212396,-0.076989,-0.499295,-0.504083,-0.086784,-0.482249,0.387425,-0.021100,-0.094154,-0.982078,-0.094861,-0.848154,0.142107,-0.063019,0.029638,-2.149326,0.351855,0.668337,-1.891136,0.181517,0.523894,2.446578,-0.130589,-0.359304,-2.074576,0.142604,-0.982667,0.697162,0.291691,-0.704571,-2.265096,0.230994,-0.606013,0.186596,0.139508,2.116838,-0.122177,0.401064,2.115094,-0.817522,0.425990,0.094161,-0.620557,0.345574,-0.729986,-0.244037,0.034035,-1.129239,-0.474518,-0.278647,-0.096825,-0.656383,-0.273228,-0.290996,-0.085803,-0.007570,-0.572691,-0.200959,-0.095667,-0.636709,-1.288267,-0.109955,-0.236650,1.017233,0.094547,-0.660117,-1.063264,-0.058756,-0.608165,0.562748,0.116353,-0.379321,1.495004,0.044412,-1.176720,-1.315108,0.020703,-0.273840,-1.678219,0.087716,-0.656108,-1.763985,-0.321716,-0.921545,0.028490,-0.052327,-0.886232,-1.555637,-0.147007,-0.933114,-0.128403,0.015779,-0.798954,-0.844546,-0.144880,-0.590239,0.132013,-0.089562,-0.563279,-0.313802,-0.147427,-0.579046,0.211657,0.009181,-0.819703,-0.957900,-0.093859,-0.922676,-0.352840,-0.127129,0.537770,-1.247707,0.121731,0.538910,-1.206569
-0.408589,0.243696,0.134223,-0.717643,-0.306808,0.811019,-0.701412,0.047838,1.185064,0.842920,0.493711,0.187914,0.532422,-0.298003,0.598782,-0.334335,-1.424074,-0.461420,0.907641,-1.282723,-1.670365,0.674888,-0.350161,-2.209255,-0.397751,0.371478,0.837255,0.438414,0.078043,-0.789876,0.438414,0.078043,-0.000001,0.438414,0.078043,-0.000001,-0.534604,0.417183,0.935848,-0.534604,0.417183,-0.000001,-0.534604,0.417183,-0.000001,0.848375,-0.526978,0.381987,-0.849609,0.226201,-0.280979,-0.332251,0.855297,0.126336,-0.028901,-0.210657,-1.542215,-0.534622,0.417199,-0.000001,-0.534622,0.417199,-0.000001,-0.534604,0.417199,-0.000001,0.438414,0.078043,-0.000001,0.438419,0.078043,-0.000001,0.438414,0.078043,-0.000001,-0.042050,0.252769,-0.736715,-0.036413,-0.067699,-1.298708,-0.407494,-0.229190,-1.821612,0.694803,0.737681,-0.874786,-0.065205,-0.034740,0.092414,-0.373344,0.989737,0.579123,0.531504,0.858316,0.533397,1.199079,0.932113,0.860744,-0.384117,0.646577,0.875300,0.206841,-0.181853,0.341010,0.868458,-0.140839,1.450867,0.872744,-0.368846,-0.158103,-0.554970,0.430386,-0.730312,0.324357,0.060523,0.298960,1.175798,-1.063547,-0.062474,0.975870,-0.233681,0.461016,0.122965,-0.519143,0.512140,0.501273,-0.270949,-0.788591,1.941425,-2.107345,-0.929290,1.244934,-1.082940,-0.916336,0.046325,-0.440889,-0.803956,-0.061620,-0.415613,-0.220548,1.013852,-1.085574,-1.348216,0.947460,-1.087095,-1.426424,1.143468,-0.871941,-1.543590,1.627399,-0.281860,-1.436355,0.889603,-0.889041,0.091981,1.455849,-0.540893,-0.562234,1.794734,-0.386373,0.385938,1.677134,-0.177024,1.098613,0.410037,-0.765631,0.335463,0.925259,-0.367306,-0.389847,1.524295,-0.125631,1.080309,1.686998,0.064640,1.873756,0.011742,-0.638753,-0.719739,0.269527,-0.300242,-0.467702,0.562916,-0.137261,1.175228,0.359373,-0.145017,-0.192909,-0.150919,-0.526854,-0.079609,0.154979,-0.291423,0.571680,0.384342,-0.157484,0.852161,0.587349,-0.136160,0.210591,-0.202167,-0.792706,-0.034797,-0.118839,-0.353889,-0.778268,-0.228093,-0.421599,1.268821,-0.318361,-0.489367,-0.965283,-0.497501,0.119808,-0.566886,-0.132735,-0.586163,-0.317132,-0.090191,-0.597286,0.526198,0.043363,-0.125104,0.411443,-0.104540,0.153547,-0.407450,-0.204904,0.352922,1.242712,-0.188710,-0.468297,0.433553,-0.356951,-0.463406,-0.654801,0.114271,-0.165142,0.369528,-0.372979,-0.446699,0.262143,0.111049,-0.529654,-0.589659,0.126672,-0.579111,1.952155,-0.204471,-0.454427,1.575208,-0.047190,-0.790025,0.106311,0.007556,-0.697984,0.634834,0.056662,-0.880344,-0.878083,0.093059,-0.887260,0.519072,-0.042243,-0.754412,1.104096,0.030422,-0.209170,1.083307,0.010912,-0.588565,2.529299,-0.130129,-0.453330,2.080097,-0.204138,-0.956700,-0.006631,0.322430,-0.991100,-1.826846,0.119524,-0.493335,1.239930,0.021313,-0.459614,0.570468,-0.055215,-0.269307,-0.884182,0.077330,-0.467765,-1.564928,0.022320,-1.127822,-1.480676,0.076995,-0.776977,-0.649068,0.229513,-0.732243,-0.569307,0.219080,-0.366698,-1.202050,0.080581,-0.631238,-1.439351,0.096687,-0.783222,0.295122,-0.064346,0.238932,0.355462,0.125738,0.434862,-0.567250,-0.040867,-0.859933,-0.161527,0.086521,-0.722816,-1.052421,0.113390,-0.466810,-0.767059,-0.166437,-0.218979,-0.245293,0.586739,0.047386,-0.797609,-0.234884,0.044554,1.540455,-0.279499,-0.073412,-0.486472,-0.038552,-0.452991,1.644483,0.465202,-0.452415,-0.115212,-0.179954,-0.583462,0.771646,0.164114,-0.571145,-0.570993,0.355136,-0.673003,-0.623934,0.436253,-0.061171,-0.982337,0.357050,-0.695171,-0.436626,-0.049398,-0.038757,0.850815,0.194762,-0.501093,-0.973850,-0.036280,-1.011185,0.732235,0.252716,-0.750081,0.305399,0.318078,-0.366965,0.295062,0.213016,-0.727136,-0.096949,0.117415,-0.927490,-1.311936,0.201579,-0.259514,-0.023275,0.227414,-0.483534,-0.412995,0.308291,-0.685661,-0.991869,0.323194,-0.792090,-0.209046,0.230262,-0.786695,-0.034838,0.323436,-0.779240,-0.182879,0.300460,-0.347854,-0.620990,0.272068,-0.804443,-0.635130,-0.115780,-0.022073,1.263374,-0.175934,-0.237851,-1.482496
-0.414736,0.273595,0.173771,-0.705301,-0.311540,0.837575,-0.699595,0.003485,1.554868,0.051709,-0.009460,-0.431120,0.409185,-0.621234,0.785060,-0.321769,-0.489883,-1.364875,0.876353,-2.349739,-1.225079,0.641649,-0.413029,-1.435740,-0.401596,-0.086938,0.435319,0.435342,-0.292279,-0.221017,0.435342,-0.292279,-0.000001,0.435342,-0.292279,-0.000001,-0.552075,-0.246035,0.376933,-0.552075,-0.246035,-0.000001,-0.552075,-0.246035,-0.000001,0.833533,-0.514293,0.177051,-0.863786,0.211967,-0.149980,-0.960184,0.837478,0.381051,-0.035741,-0.202735,-1.579367,-0.552093,-0.246019,-0.000001,-0.552093,-0.246019,-0.000001,-0.552075,-0.246019,-0.000001,0.435342,-0.292279,-0.000001,0.435347,-0.292279,-0.000001,0.435342,-0.292279,-0.000001,-0.163717,0.242336,0.059349,0.194507,0.569821,-0.942841,1.139863,0.657226,-2.133558,0.775718,0.048590,-0.169942,1.236449,0.652362,1.752586,0.503209,1.455536,0.872785,0.819235,0.858316,0.477191,0.852922,1.421649,0.277759,0.611307,0.323113,0.661662,0.772431,0.798370,-0.039873,0.765067,-0.231201,0.074590,1.105626,-0.512409,0.454233,0.032152,-1.059782,-0.661107,1.351111,0.198823,-0.258246,1.120669,-1.267969,-0.368733,0.827513,-1.923599,0.903533,0.830181,-0.357306,1.055181,0.564439,-1.213944,-0.468410,1.431068,-1.945559,-0.802596,1.148788,-1.323297,-0.238228,0.727931,-0.852859,-0.402411,-0.072573,-1.025936,-0.959812,0.748677,-1.639987,-1.316188,1.025659,-1.477617,-1.359972,0.963885,-1.148362,-1.564447,0.922133,-0.589147,-1.368166,1.278287,-1.288435,0.765381,1.969135,-0.916830,0.063518,1.827488,-0.701206,-0.239919,1.555148,-0.423554,1.028595,0.961964,-1.197848,1.112432,0.831983,-0.823604,0.820622,1.123774,-0.539375,1.012141,1.176130,-0.281635,1.578250,0.327627,-1.136908,1.014921,0.143396,-0.747755,-0.287714,0.306289,-0.546971,0.313389,0.239306,-0.459582,0.616452,-0.131481,-1.055836,0.657327,-0.019015,-0.757714,1.139041,0.187050,-0.563038,0.984217,0.422978,-0.484651,1.064778,-0.301493,-0.392280,0.647397,-0.025226,-0.499932,0.413381,-0.324817,0.244039,0.651474,-0.205081,0.306644,0.450540,0.001761,0.329645,-0.414768,0.014177,-0.322229,-1.041688,-0.113530,-0.226128,1.526963,0.062749,-0.319326,0.880901,-0.035226,-0.370428,0.272188,-0.333472,0.197228,-0.066813,-0.021288,-0.672133,1.080725,-0.165493,-0.671231,-0.251298,0.313930,-0.017059,0.057811,-0.168457,-0.396003,-0.971906,0.302067,-0.587925,-0.847672,0.118041,-0.739335,1.899084,-0.213400,-0.768947,1.432591,-0.369415,-0.635679,1.272267,-0.065911,-0.605538,-0.864951,0.253172,-0.791813,-1.277089,0.083562,-1.168164,0.635413,-0.018979,-0.654768,0.898192,0.113186,-0.527968,1.587722,0.123058,-0.847545,2.655466,0.018353,-0.363079,2.222194,-0.276819,-0.854871,-0.197651,0.282681,-0.800026,-1.497448,-0.080406,-0.688240,1.123580,-0.180645,-0.200785,0.455601,-0.256651,0.072419,-0.558839,-0.116765,-0.172212,-1.615838,0.274835,-0.749930,-1.762414,0.118554,-0.292607,-0.786856,0.288895,-0.748149,-0.673962,0.294513,-0.388877,-1.075798,0.172012,-0.656416,-1.841509,-0.191845,-0.277149,-0.632595,-0.099744,0.407915,0.050711,0.116982,0.287279,-0.047374,-0.271484,-0.671766,-0.380565,0.077718,-0.392360,0.255365,-0.161602,-0.130201,-0.750922,-0.311176,-0.478307,0.190492,0.249861,-0.161307,-0.754949,-0.336464,-0.164248,1.540455,-0.361249,-0.351185,0.181082,-0.379561,-0.646994,1.644483,0.140424,-0.637188,-0.123283,-0.172533,-0.467537,0.539107,0.191439,-0.495445,-0.522496,0.404666,-0.638979,0.258170,0.262409,-0.013368,-0.634765,0.194509,-0.661688,-0.122181,-0.207286,0.017394,1.041351,0.324287,-0.440488,-0.670817,-0.190078,-0.940702,0.372831,0.085745,-0.632837,0.613938,0.132308,-0.739132,0.808108,0.265859,-0.592809,0.506587,0.144853,-0.832767,-1.230968,0.220350,-0.148097,0.836191,0.278543,-0.423911,0.024635,0.130070,-0.263756,-0.632305,0.158885,-0.739831,-0.292631,0.086493,-0.399440,0.181644,0.158147,-0.727410,-0.170917,0.366489,-0.280320,-0.211134,0.322037,-0.747672,-0.130622,-0.138478,-0.206299,1.578512,-0.287138,-0.412563,-1.131700
-0.453190,0.277078,0.285697,-0.705852,-0.304017,0.550762,-0.722751,0.017225,0.883099,-0.478828,-0.766260,-0.797336,0.295225,-1.267404,0.259336,0.385213,0.432643,-1.434995,0.877584,-0.215708,-0.576336,0.669278,-0.407313,-0.368842,-0.448711,0.834314,-0.417477,-0.354045,0.817987,-0.409918,-0.354045,0.817987,-0.000001,-0.354045,0.817987,-0.000001,-0.555638,0.423653,-1.683648,-0.555638,0.423653,-0.000001,-0.555638,0.423653,-0.000001,-0.513461,-0.488437,-0.570569,-0.883851,0.170857,-0.264674,-0.967358,0.840720,0.562173,-0.025996,-1.756719,-2.127687,-0.555656,0.423669,-0.000001,-0.555656,0.423669,-0.000001,-0.555638,0.423669,-0.000001,-0.354045,0.817987,-0.000001,-0.354040,0.817987,-0.000001,-0.354045,0.817987,-0.000001,0.055263,0.541990,1.148131,0.274516,1.011946,0.228251,-0.021657,0.981675,-2.132513,1.118879,1.738364,-0.856505,0.500543,1.631828,0.855412,0.670879,1.046819,1.478671,1.346454,0.650233,1.711618,1.534868,-0.242703,0.829200,0.533974,0.461896,-0.280381,1.291655,0.764430,1.628179,0.953095,0.737500,0.607141,1.532341,0.541469,-0.203834,0.998711,-0.317866,-0.143731,1.199803,0.287148,0.987779,1.662674,-0.537968,-0.307774,1.493816,-0.624488,1.224312,1.289548,-0.302043,0.514393,1.600582,0.510478,0.546729,2.178994,-0.051209,-0.004212,1.324976,-0.945208,-0.068692,1.064050,0.335609,-0.368731,-0.177030,-1.084119,-0.959812,0.665382,-1.706507,-1.316188,0.953117,-1.559970,-1.359972,0.883569,-1.238659,-1.564447,0.842556,-0.677699,-1.368166,1.173728,-1.352967,0.765381,1.804395,-0.992659,0.063518,1.664806,-0.782900,-0.239919,1.431611,-0.504268,1.028595,0.840837,-1.253967,1.112432,0.690473,-0.889024,0.820622,0.983770,-0.604186,1.012141,1.060337,-0.341004,1.578250,0.222146,-1.189864,1.014921,0.045079,-0.806577,-0.287714,0.196329,-0.604772,0.313389,0.135667,-0.513520,0.616452,-0.210853,-1.107254,0.657327,-0.094021,-0.812907,1.139041,0.104683,-0.616964,0.984217,0.332691,-0.535301,1.064778,-0.494006,-0.675117,-0.467191,-0.197614,-0.569435,0.715606,-0.515848,-0.310049,-0.623648,-0.370956,-0.037018,1.323625,-0.139068,0.202095,1.327657,-0.100189,-0.307857,-1.092290,-0.421797,0.549310,1.444534,-0.169613,-0.148467,1.262806,-0.211070,-0.239262,0.418142,-0.184670,-0.117272,-1.369624,-0.046299,-0.621254,1.234550,-0.136461,-0.698382,0.211034,0.149369,-0.182594,-0.167760,-0.095578,-0.753429,-0.574972,0.171751,-1.126844,-0.920054,0.203884,-0.855964,1.176628,-0.124595,-1.112069,1.105474,-0.557928,-0.521130,-0.863699,-0.456569,0.080173,-1.752982,-0.098957,-0.019842,-0.368966,-0.221173,-0.047161,0.733362,-0.527194,-0.259978,-0.248059,-0.280055,-0.936520,1.003997,-0.218540,-0.507619,0.603078,-0.287389,-0.778785,1.261308,-0.278834,-0.412830,0.783576,-0.128629,-0.699455,-0.127940,-0.289313,-0.911904,0.648897,-0.391673,-0.819647,0.280073,-0.467132,-0.517517,0.700447,-0.318289,0.184131,-0.690159,0.286119,0.136753,-0.316665,0.150973,-0.705063,-0.412309,0.107134,-0.663687,-0.803309,0.134757,-0.296115,-0.472181,0.029266,-0.275026,-1.941697,-0.555551,0.234774,0.119805,-0.438497,-0.087472,0.314285,-0.163942,0.124870,0.996917,-0.539377,-0.135680,-0.942590,-0.204735,-0.636393,1.730577,-0.501626,-0.367962,-0.167510,-0.435103,-0.761218,0.409296,-0.287745,-0.803300,-1.133215,-0.388917,-0.806578,1.288613,-0.384527,-0.656865,1.710658,-0.431133,-0.857091,0.687860,-0.157132,-0.837288,-1.061223,-0.196888,-0.133669,0.573347,0.425636,-0.239349,0.071007,0.209544,-0.161112,0.120464,0.329020,0.158888,0.438411,0.283188,-0.514518,-1.018227,-0.076305,0.213399,1.717693,0.237025,-0.252560,-0.643181,-0.321759,-0.414422,-0.641679,-0.071057,0.141030,1.351547,-0.053220,-0.383428,2.237003,0.057683,-0.240540,1.997679,0.380008,-0.178439,-0.561365,-0.004630,-0.363327,2.420255,0.077119,0.097778,0.546107,0.198359,0.302116,0.782005,0.252809,-0.248706,-0.963769,-0.024735,-0.215814,0.397923,0.252631,-0.240317,-0.576330,0.190991,0.289977,1.172045,0.125183,0.099037,0.353217,-0.461252,-0.809071,0.510698,-0.358780,-0.256766,-0.239302
-0.453190,0.277078,0.285697,-0.705852,-0.304017,0.550762,-0.722751,0.017225,0.883099,-0.478828,-0.766260,-0.797336,0.295225,-1.267404,0.259336,0.385213,0.432643,-1.434995,0.877584,-0.215708,-0.576336,0.669278,-0.407313,-0.368842,-0.448711,0.834314,-0.417477,-0.354045,0.817987,-0.409918,-0.354045,0.817987,-0.000001,-0.354045,0.817987,-0.000001,-0.555638,0.423653,-1.683648,-0.555638,0.423653,-0.000001,-0.555638,0.423653,-0.000001,-0.513461,-0.488437,-0.570569,-0.883851,0.170857,-0.264674,-0.967358,0.840720,0.562173,-0.025996,-1.756719,-2.127687,-0.555656,0.423669,-0.000001,-0.555656,0.423669,-0.000001,-0.555638,0.423669,-0.000001,-0.354045,0.817987,-0.000001,-0.354040,0.817987,-0.000001,-0.354045,0.817987,-0.000001,0.055263,0.541990,1.148131,0.274516,1.011946,0.228251,-0.021657,0.981675,-2.132513,1.118879,1.738364,-0.856505,0.500543,1.631828,0.855412,0.670879,1.046819,1.478671,1.346454,0.650233,1.711618,1.534868,-0.242703,0.829200,0.533974,0.461896,-0.280381,1.291655,0.764430,1.628179,0.953095,0.737500,0.607141,1.532341,0.541469,-0.203834,0.998711,-0.317866,-0.143731,1.199803,0.287148,0.987779,1.662674,-0.537968,-0.307774,1.493816,-0.624488,1.224312,1.289548,-0.302043,0.514393,1.600582,0.510478,0.546729,2.178994,-0.051209,-0.004212,1.324976,-0.945208,-0.068692,1.064050,0.335609,-0.368731,-0.177030,-1.084119,-0.959812,0.665382,-1.706507,-1.316188,0.953117,-1.559970,-1.359972,0.883569,-1.238659,-1.564447,0.842556,-0.677699,-1.368166,1.173728,-1.352967,0.765381,1.804395,-0.992659,0.063518,1.664806,-0.782900,-0.239919,1.431611,-0.504268,1.028595,0.840837,-1.253967,1.112432,0.690473,-0.889024,0.820622,0.983770,-0.604186,1.012141,1.060337,-0.341004,1.578250,0.222146,-1.189864,1.014921,0.045079,-0.806577,-0.287714,0.196329,-0.604772,0.313389,0.135667,-0.513520,0.616452,-0.210853,-1.107254,0.657327,-0.094021,-0.812907,1.139041,0.104683,-0.616964,0.984217,0.332691,-0.535301,1.064778,-0.494006,-0.675117,-0.467191,-0.197614,-0.569435,0.715606,-0.515848,-0.310049,-0.623648,-0.370956,-0.037018,1.323625,-0.139068,0.202095,1.327657,-0.100189,-0.307857,-1.092290,-0.421797,0.549310,1.444534,-0.169613,-0.148467,1.262806,-0.211070,-0.239262,0.418142,-0.184670,-0.117272,-1.369624,-0.046299,-0.621254,1.234550,-0.136461,-0.698382,0.211034,0.149369,-0.182594,-0.167760,-0.095578,-0.753429,-0.574972,0.171751,-1.126844,-0.920054,0.203884,-0.855964,1.176628,-0.124595,-1.112069,1.105474,-0.557928,-0.521130,-0.863699,-0.456569,0.080173,-1.752982,-0.098957,-0.019842,-0.368966,-0.221173,-0.047161,0.733362,-0.527194,-0.259978,-0.248059,-0.280055,-0.936520,1.003997,-0.218540,-0.507619,0.603078,-0.287389,-0.778785,1.261308,-0.278834,-0.412830,0.783576,-0.128629,-0.699455,-0.127940,-0.289313,-0.911904,0.648897,-0.391673,-0.819647,0.280073,-0.467132,-0.517517,0.700447,-0.318289,0.184131,-0.690159,0.286119,0.136753,-0.316665,0.150973,-0.705063,-0.412309,0.107134,-0.663687,-0.803309,0.134757,-0.296115,-0.472181,0.029266,-0.275026,-1.941697,-0.555551,0.234774,0.119805,-0.438497,-0.087472,0.314285,-0.163942,0.124870,0.996917,-0.539377,-0.135680,-0.942590,-0.204735,-0.636393,1.730577,-0.501626,-0.367962,-0.167510,-0.435103,-0.761218,0.409296,-0.287745,-0.803300,-1.133215,-0.388917,-0.806578,1.288613,-0.384527,-0.656865,1.710658,-0.431133,-0.857091,0.687860,-0.157132,-0.837288,-1.061223,-0.196888,-0.133669,0.573347,0.425636,-0.239349,0.071007,0.209544,-0.161112,0.120464,0.329020,0.158888,0.438411,0.283188,-0.514518,-1.018227,-0.076305,0.213399,1.717693,0.237025,-0.252560,-0.643181,-0.321759,-0.414422,-0.641679,-0.071057,0.141030,1.351547,-0.053220,-0.383428,2.237003,0.057683,-0.240540,1.997679,0.380008,-0.178439,-0.561365,-0.004630,-0.363327,2.420255,0.077119,0.097778,0.546107,0.198359,0.302116,0.782005,0.252809,-0.248706,-0.963769,-0.024735,-0.215814,0.397923,0.252631,-0.240317,-0.576330,0.190991,0.289977,1.172045,0.125183,0.099037,0.353217,-0.461252,-0.809071,0.510698,-0.358780,-0.256766,-0.239302
-0.462411,0.274317,0.297051,-0.700141,-0.335798,0.788631,-0.703351,-0.028820,0.832112,-1.011922,-1.207966,0.451569,0.293174,-1.405533,0.335810,0.377158,-0.490420,-1.440461,0.911361,0.880601,-0.238195,0.673150,-0.390168,-0.616121,-0.424602,1.298919,1.173567,-0.369391,1.192571,1.369806,-0.369391,1.192571,-0.000001,-0.369391,1.192571,-0.000001,0.996480,1.102385,1.105842,0.996480,1.102385,-0.000001,0.996480,1.102385,-0.000001,-0.514549,-0.491249,-0.454484,-0.893319,0.169265,-0.403584,-0.966080,0.834632,0.234503,-0.032938,-1.768603,-2.056751,0.996462,1.102401,-0.000001,0.996462,1.102401,-0.000001,0.996480,1.102401,-0.000001,-0.369391,1.192571,-0.000001,-0.369387,1.192571,-0.000001,-0.369391,1.192571,-0.000001,0.144063,0.190236,-0.363396,0.576311,0.336729,-0.391379,0.355897,0.469931,-0.922637,1.045210,0.847660,0.181298,-0.135402,1.388180,0.518207,0.265444,1.117615,0.911953,1.591881,0.471211,1.435965,1.405688,1.250304,1.226920,0.195369,0.730306,0.570131,0.694972,0.912417,0.968698,1.030633,0.679656,1.117313,1.291935,0.993144,0.456167,0.832133,1.427006,0.271596,1.101705,0.532949,0.891678,1.679779,-0.001383,-0.087944,1.614738,1.344123,0.334645,1.503896,1.959536,0.513492,1.097250,-0.146986,0.891964,1.924192,-0.338756,0.251214,1.761347,0.245762,-0.117146,0.802420,1.116025,0.023216,0.308110,-1.366985,-1.250498,0.841332,-1.538167,-1.407066,1.183585,-1.483944,-1.538623,1.408446,-0.711532,-1.645401,0.941768,-0.420067,-1.399668,1.376333,-1.310747,0.962630,2.035142,-0.893955,0.041285,1.907425,-0.627314,-0.079618,1.443022,-0.376083,1.010686,1.053548,-1.234832,1.104088,0.875043,-0.830152,1.067630,1.044991,-0.472347,1.109238,0.966176,-0.210244,1.455721,0.415773,-1.201556,0.739712,0.182147,-0.778067,-0.729988,0.284120,-0.551947,1.506141,0.219524,-0.565240,0.132175,-0.096873,-1.134534,0.200284,-0.058507,-0.823368,1.030674,0.171744,-0.618361,1.210634,0.420146,-0.545754,0.566572,-0.682422,-0.682491,-0.997496,-0.192889,0.080175,-0.239848,-0.510469,-0.331015,-0.982872,-0.366390,-0.064781,1.256001,-0.135329,0.171311,1.764179,0.104536,0.223927,-0.893257,-0.186002,0.509479,1.088243,0.058904,-0.185209,1.242027,-0.214395,-0.265346,0.566670,-0.190326,-0.145756,-1.516312,-0.054773,-0.647490,1.261346,-0.146056,-0.717218,0.171646,0.139276,-0.756687,-0.174317,-0.105850,-0.774864,-0.644070,0.162122,-1.142602,-0.946285,0.193545,-1.434238,1.373040,-0.135290,-1.116820,1.186878,-0.786622,-0.128999,-1.140400,-0.686679,0.404897,-1.456398,-0.340657,-0.017495,-0.412340,-0.220284,-0.044869,0.548521,-0.527859,-0.258400,-0.272429,-0.283951,-0.933768,1.114921,-0.224137,-0.504920,0.131540,-0.294584,-0.775470,0.789545,-0.287843,-0.410211,0.174178,-0.362181,-0.697874,-0.100283,-0.553190,-0.537995,0.244886,-0.394453,-0.380634,0.037897,-0.469905,-0.036597,0.880957,-0.320765,0.175736,-0.465950,0.056000,0.124452,-0.236322,0.149096,-0.207149,-0.451992,0.104362,-0.676572,-1.011082,0.131070,-0.311214,-0.485782,-0.229529,0.051849,-1.664096,-0.552354,0.231540,0.453075,-0.679848,-0.089779,0.452003,-0.163122,0.122678,1.151172,-0.539377,-0.139068,-0.788178,-0.203911,-0.642013,1.754303,-0.499470,-0.374161,0.044220,-0.439932,-0.765135,0.499644,-0.293203,-0.805045,-0.702356,-0.395965,-0.808323,1.515734,-0.392413,-0.660990,1.363770,-0.438062,-0.860438,0.603677,-0.383134,-0.840476,-1.018383,-0.197103,-0.157245,0.311845,0.424261,-0.259713,0.145370,0.207219,-0.173537,-0.011967,0.326034,0.144790,0.295608,0.279545,-0.169400,-1.264157,-0.349368,0.197741,1.706335,0.230587,-0.266723,-0.834443,-0.326891,-0.428519,-0.599673,-0.075121,0.120291,1.126463,-0.056444,-0.406690,2.118353,0.055203,-0.263578,2.099212,0.378627,0.200823,-0.266681,-0.005211,-0.385987,2.486440,0.074719,0.083819,0.554065,0.195297,0.286792,0.702059,0.248853,-0.261759,-1.077591,-0.030955,-0.229653,0.351190,0.248652,-0.253263,-0.674762,0.187941,0.274533,1.134727,0.122837,0.085203,0.426477,-0.459724,-0.408985,0.376289,-0.364948,-0.258938,-0.176129
-0.466634,0.252062,0.075982,-0.735696,-1.395259,1.348854,-1.334945,-1.232721,1.347497,-1.270166,-1.584719,1.186190,0.294456,-1.589409,-0.360799,1.081131,-0.478219,-1.619104,0.909702,-1.274372,-0.461975,0.667118,2.516008,-2.911193,-0.462387,1.304223,2.266591,-1.163536,1.191860,2.190323,-1.163536,1.191860,-0.000001,-1.163536,1.191860,-0.000001,0.973366,1.773352,1.852458,0.973366,1.773352,-0.000001,0.973366,1.773352,-0.000001,-0.529917,-0.479971,-0.555719,-0.897236,0.166900,-0.316825,-0.963902,0.888164,0.864531,-0.037918,-0.224066,-1.922703,0.973348,1.773368,-0.000001,0.973348,1.773368,-0.000001,0.973366,1.773368,-0.000001,-1.163536,1.191860,-0.000001,-1.163531,1.191860,-0.000001,-1.163536,1.191860,-0.000001,0.402345,0.179804,-0.056556,-0.341118,0.487563,0.341658,-0.297057,-0.322817,-0.167616,0.282538,0.946632,0.180850,1.261105,1.188373,-0.356674,-0.464357,0.478284,0.861125,0.841239,0.737353,1.768206,-0.088082,0.773018,0.549573,-0.021973,0.604124,1.517581,0.222167,0.724357,1.139502,0.781868,1.138703,0.777120,0.202508,1.283732,1.186962,-0.827500,2.286694,1.590029,0.879294,0.621274,1.021465,0.669389,1.097273,1.206784,0.842851,1.883310,0.874676,0.848727,2.200292,0.425565,0.988511,0.209951,1.224090,0.181031,0.869045,0.899278,0.783102,1.515025,0.353540,0.744769,1.183389,0.958633,-0.289767,-1.309926,-1.260457,0.650630,-1.358220,-1.283973,0.829718,-1.405124,-1.555460,0.825622,-0.741327,-1.536971,0.087288,-0.137611,-1.243663,1.349169,-1.170736,0.620404,1.309765,-0.587984,-0.646588,0.915830,-0.241411,-1.517468,0.597890,0.278295,-1.263808,0.946324,-1.112052,0.552841,0.195610,-0.509760,-2.490042,-0.015406,-0.242948,-1.684018,0.033226,0.132632,-1.193024,0.237160,-1.111545,0.423797,-0.408062,-0.584394,-1.494960,-0.543306,-0.534725,-1.933499,-0.163705,-0.440316,-0.710929,-0.274151,-1.095474,-0.162558,-0.379442,-0.721207,-1.553140,-0.441743,-0.679477,-0.744574,-0.218240,-0.592235,-1.218614,-0.532575,-0.357975,-0.591791,-0.242469,0.253054,-1.394930,-0.570435,0.412292,-1.146429,-0.235158,0.541470,0.770553,-0.021346,0.599365,1.907127,0.200583,0.515111,-1.263433,-0.111262,0.128606,1.673829,0.086571,0.009013,1.255083,0.015489,-0.531208,-0.441005,-0.015651,-0.425516,-2.141106,-0.177941,-0.880268,0.624397,-0.052405,-0.862480,-0.597289,0.203014,-0.890785,0.021091,-0.276354,-0.806762,-1.404897,0.207738,-1.055996,-0.967576,0.020317,-1.238974,1.735505,-0.314498,-1.427171,1.371721,-0.634777,0.126081,-0.770955,-0.786145,0.647172,-0.585933,-0.723131,0.292364,-0.110078,-0.403340,0.257642,0.259388,-0.495201,0.018129,-0.352008,-0.317099,-0.575814,1.494835,-0.289371,-0.556904,0.870580,-0.396499,-0.832353,1.254311,-0.423519,-0.485813,-0.556634,-0.501785,-0.850594,-0.899828,-0.553873,-0.691875,0.362834,-0.397243,-0.617146,0.201823,-0.472688,0.127620,0.741778,-0.325948,0.253025,-0.688993,0.303065,0.157015,-0.074978,0.154304,-0.170512,-0.551213,0.093682,-0.645885,-1.128015,0.103974,-0.271245,-0.461131,-0.270103,0.083852,-1.696198,-0.443327,0.391663,0.824741,-0.586094,0.088176,0.858464,-0.331876,0.291685,0.746254,-0.493980,0.033360,-0.456975,-0.143123,-0.366300,1.474917,-0.407301,-0.101363,0.116551,-0.491823,-0.467995,0.660319,-0.360167,-0.564131,-0.217109,-0.495787,-0.567284,1.540455,-0.507047,-0.925293,0.342810,-0.536207,-1.058578,1.282654,-0.447692,-0.628640,-0.698333,-0.154117,-0.265258,-0.338944,0.440170,-0.325452,-0.064489,0.206590,0.130313,0.143710,0.309229,0.465598,0.717281,0.248616,-0.197179,-1.162632,-0.137436,0.149724,1.717847,0.148155,0.017697,-0.703243,-0.382029,-0.173282,-1.410360,0.144491,0.003875,1.927229,-0.074579,-0.023115,2.246284,0.054532,0.116293,2.393402,0.394602,0.497593,0.554499,0.243415,0.046317,2.316994,0.074070,0.360976,1.254548,0.178069,0.222639,1.307423,0.215200,0.008778,-0.627871,-0.103452,0.048256,0.426675,0.214798,0.331808,-0.230452,0.170787,0.209878,1.736943,0.122203,0.359892,1.216848,-0.380727,-0.197776,0.112897,-0.447438,-0.411629,-0.406095
-0.440497,0.272236,0.591341,-0.721330,-1.405128,1.269009,-0.709534,-1.231986,1.099943,-1.273052,-1.712472,1.323420,-0.194179,-1.497731,-1.039006,1.086734,0.427627,-1.855973,1.001532,-0.180132,-1.706617,0.700779,2.527438,-3.345855,-0.455833,0.846681,1.253857,-1.150339,0.821538,0.630939,-1.150339,0.821538,-0.000001,-1.150339,0.821538,-0.000001,0.970110,1.104973,0.964743,0.970110,1.104973,-0.000001,0.970110,1.104973,-0.000001,-0.507795,-0.471505,-0.161634,-0.885437,0.185863,0.267784,-0.968769,0.848021,1.225400,-0.029002,-0.196634,-1.291230,0.970092,1.104989,-0.000001,0.970092,1.104989,-0.000001,0.970110,1.104989,-0.000001,-1.150339,0.821538,-0.000001,-1.150334,0.821538,-0.000001,-1.150339,0.821538,-0.000001,0.500895,0.528949,0.262267,-0.020674,-0.163680,1.007403,-0.866251,-0.336210,1.340579,-0.295005,0.605733,1.703255,0.577720,1.071427,-3.998736,0.117952,1.213495,1.124686,0.545450,0.674450,0.603332,-1.145436,3.477540,2.619853,-1.005378,1.665107,3.137971,0.771158,0.937063,1.748466,0.873940,1.160367,1.933594,0.430937,1.357244,1.056573,-0.972251,2.847096,1.382051,0.805276,0.436935,1.086391,1.178951,0.254100,0.692157,0.983251,2.031646,1.696853,0.135090,1.959536,0.611557,0.498844,-0.394957,0.296260,1.198372,0.624589,0.002518,1.250026,0.613038,0.824614,-0.372999,1.001125,0.336615,-0.592598,-1.154063,-1.260457,0.409152,-1.180025,-1.283973,0.619413,-1.184516,-1.555460,0.592780,-0.499437,-1.536971,-0.143415,0.099604,-1.243663,1.046042,-0.997868,0.620404,0.832166,-0.384853,-0.646588,0.444199,-0.022570,-1.517468,0.239743,0.494514,-1.263808,0.595165,-0.961720,0.552841,-0.214641,-0.334515,-2.490042,-0.421292,-0.069332,-1.684018,-0.302468,0.291670,-1.193024,-0.068639,-0.969686,0.423797,-0.693093,-0.426820,-1.494960,-0.862090,-0.379887,-1.933499,-0.464163,-0.295825,-0.710929,-0.504257,-0.957738,-0.162558,-0.596892,-0.573356,-1.553140,-0.680533,-0.535020,-0.744574,-0.479989,-0.456555,-1.218614,-0.522680,1.024493,-1.356605,-0.049522,0.913195,-1.477675,-0.350804,1.108150,-2.503299,-0.027058,1.237948,-0.032616,-0.011662,0.599365,2.302414,0.410641,1.631240,-0.573553,-0.100105,0.127496,0.617734,0.097266,0.007517,0.426144,0.275911,0.261441,-1.602888,0.729839,0.452029,-1.234640,0.091092,-0.440533,-0.404939,0.449079,-0.862480,-1.525844,0.439174,-0.890273,0.461104,0.185853,-0.805741,-2.491860,0.420380,-1.054416,-0.890885,0.028948,-1.236469,1.710255,-0.305569,-1.423002,1.333269,-0.623040,1.297618,0.348048,-0.774590,0.971049,1.375752,-0.711290,0.672987,0.798143,-0.391426,0.629241,0.761199,-0.483350,0.376030,-0.494416,-0.306264,-0.127318,0.918980,-0.278817,-0.217876,0.017914,-0.385697,-0.415543,0.725606,-0.412953,-0.482082,-0.521143,-0.492684,-0.845786,-0.614459,-0.542143,0.055605,0.067511,-0.385384,-0.174617,-0.086319,-0.460860,0.129759,0.727884,-0.314226,0.254631,-0.827654,0.313553,0.158089,0.382104,0.398890,-0.169168,-0.803332,0.345061,-0.218630,-1.734597,0.358902,0.229864,-0.296231,-0.006584,0.418420,-1.443869,-0.431621,0.722716,1.619097,-0.574292,0.416016,0.859920,-0.320893,0.293609,1.250318,-0.482635,0.729863,-0.265589,-0.132279,0.212788,0.874819,-0.637930,0.481237,-1.460558,-0.481095,-0.464557,0.276745,-0.350284,-0.561291,-0.222344,-0.485207,-0.564442,1.540455,-0.497007,-0.921716,0.384165,-0.525805,-0.635403,0.884361,-0.219182,-0.626148,-1.214920,-0.142896,0.287633,-1.270483,0.450387,0.185855,-0.584464,0.217380,0.796933,1.322596,0.320086,0.465911,1.439076,0.259354,0.158681,-1.518957,-0.125874,0.150071,1.838132,0.417745,0.357616,0.267847,-0.108630,0.474693,-1.665208,0.155790,0.462251,2.210181,0.195683,-0.023115,0.939050,0.320274,0.116293,2.074598,0.626995,0.497934,1.274050,0.253770,0.046778,1.543486,0.085208,0.695414,2.418128,0.189199,0.582338,2.091138,0.226200,0.648086,0.958114,0.177631,0.380394,1.548714,0.225864,0.649112,1.307671,0.181870,0.572389,2.445826,0.133088,0.691353,2.328554,-0.368934,0.204418,-1.097242,-0.437014,-0.409457,-0.272184
-0.423581,0.294491,0.676459,-0.715800,-0.344606,1.124388,-0.088371,-0.024230,0.596754,-1.273026,-1.711883,1.057104,-0.316530,-1.314023,0.225026,1.091512,0.435874,-1.612685,0.996581,0.882695,-1.929192,0.710708,2.527438,-3.464150,-0.471148,0.844029,0.033263,-1.165072,0.819408,0.350123,-1.165072,0.819408,-0.000001,-1.165072,0.819408,-0.000001,0.994418,1.104973,0.274434,0.994418,1.104973,-0.000001,0.994418,1.104973,-0.000001,-0.493760,-0.474805,-0.181762,-0.874816,0.186683,0.233726,-0.329945,0.863019,0.484725,0.500263,-1.779873,-1.391788,0.994400,1.104989,-0.000001,0.994400,1.104989,-0.000001,0.994418,1.104989,-0.000001,-1.165072,0.819408,-0.000001,-1.165067,0.819408,-0.000001,-1.165072,0.819408,-0.000001,0.598209,-0.153725,-0.833690,0.293595,0.093386,1.383820,-0.473188,0.078559,1.967541,-0.850019,0.264879,0.981624,-0.684891,0.939848,-1.476081,-0.271717,0.727154,1.184913,-0.839899,2.484050,0.184812,-1.701404,1.833604,1.017210,-1.017148,1.046882,0.681758,0.195776,1.535032,0.893523,0.123405,1.637504,0.708250,-0.683470,2.327096,0.940174,-0.684719,2.550998,1.249873,0.734551,1.746525,0.126715,0.765013,0.849053,0.989040,0.736961,1.224677,1.240591,-0.553231,1.201709,0.346295,0.816884,1.453474,0.270369,0.720433,1.785701,1.008972,0.967214,0.434790,0.764709,-0.187775,0.810977,0.423567,-0.474711,-1.135051,-1.385244,0.664610,-1.161326,-1.361607,1.024288,-0.815353,-1.582118,0.836092,-0.395002,-1.598273,0.002529,0.122903,-1.277303,1.134516,-0.909754,0.312528,0.858060,-0.244292,-1.250328,0.459533,0.157645,-1.787353,0.030232,0.557705,-1.167886,0.605410,-0.928818,0.493028,-0.292279,-0.330161,-1.249806,-0.507239,-0.229254,-2.253429,-0.472335,0.318183,-1.341457,-0.052481,-0.927177,0.102485,-0.678033,-0.408598,-1.602355,-0.757824,-0.327602,-1.387853,-0.547368,-0.248721,0.252037,-0.469917,-0.927316,0.116651,-0.571260,-0.518987,-1.795696,-0.636734,-0.482864,-0.754763,-0.439540,-0.395466,-0.881085,-0.392805,0.711612,-1.029742,0.083883,1.412079,-1.510154,-0.195421,1.076701,-2.076492,-0.067693,0.646535,0.803154,0.153291,0.816488,2.467646,0.608960,1.360403,-1.078460,0.165625,0.522015,1.577943,0.403320,0.390464,0.855011,0.163858,0.142958,-0.359797,0.428995,0.306115,-1.911754,0.338566,-0.639275,0.666990,0.228572,-0.711139,-0.412307,0.714667,-0.199061,0.453010,0.011516,-0.767592,0.097824,0.061795,-1.136282,-0.281407,0.087774,-0.861464,0.465319,-0.019730,-1.113863,0.376020,-0.436791,1.444359,0.238112,-0.570285,0.729935,1.402190,-0.707419,0.363811,1.093075,-0.345493,0.327395,0.867734,-0.146488,0.816228,0.050625,-0.159586,-0.035134,-0.893997,-0.100148,0.173718,-1.248419,-0.164549,-0.358302,-1.005007,-0.412733,0.015381,-0.792693,-0.247288,-0.696228,1.076708,-0.160239,0.214763,-0.326267,-0.261289,0.065808,-0.196914,-0.074004,-0.032704,1.188840,0.064021,0.178973,0.361409,0.170957,0.129161,0.101088,0.267964,-0.201261,-0.993800,0.226741,-0.241718,-1.807914,0.255500,0.198365,-0.199049,0.153640,0.392036,-0.921220,-0.190354,0.564935,1.529093,-0.314705,0.240369,1.117741,-0.047298,0.124311,1.078720,-0.174478,0.563296,0.710669,-0.087456,-0.057825,0.474349,-0.377370,0.213612,-0.704575,-0.314019,-0.762697,-0.125823,-0.405953,-0.803300,0.577410,-0.018490,-0.806578,0.668330,-0.268833,-0.657918,0.920330,-0.066930,-0.858217,-0.266230,-0.271094,-0.434248,-0.912108,-0.076589,0.407914,-0.129265,0.536442,0.262034,-0.988717,0.568668,0.502522,0.420042,0.447949,0.514027,0.661698,0.402788,0.193733,-2.110022,0.054196,0.203414,2.017684,0.102464,0.422787,-0.924824,0.071212,0.556111,-0.734803,0.311011,0.127182,2.493652,0.335746,0.119359,1.782799,0.440834,0.257392,1.818682,0.715184,0.603467,0.702929,0.328040,0.157696,1.910976,0.447842,0.762475,2.213747,0.567857,0.654464,1.453128,0.375115,0.709425,-0.379084,0.378586,0.444073,0.718518,0.375666,0.709948,-0.216213,0.558931,0.645080,1.848604,0.487496,0.757817,1.924662,-0.335758,-0.003959,-0.931087,-0.242273,-0.257095,0.146819
-0.398993,0.291008,0.069109,-0.720408,-1.399335,1.341210,-0.702744,-1.206683,0.814928,-1.274900,-1.710054,1.108503,-0.438905,-1.266681,-0.418821,1.091378,-0.475886,-2.101998,1.017591,-0.209425,-1.446857,0.685687,2.476071,-1.336205,-0.459645,1.306865,0.955346,-1.174124,1.196823,0.885510,-1.174124,1.196823,-0.000001,-1.174124,1.196823,-0.000001,1.002412,1.774646,1.251159,1.002412,1.774646,-0.000001,1.002412,1.774646,-0.000001,0.848095,-0.479024,0.282774,-0.865757,0.212739,-0.043200,-0.316622,0.890168,-0.072625,0.496327,-0.173480,-1.454364,1.002394,1.774662,-0.000001,1.002394,1.774662,-0.000001,1.002412,1.774662,-0.000001,-1.174124,1.196823,-0.000001,-1.174120,1.196823,-0.000001,-1.174124,1.196823,-0.000001,-0.597593,1.539935,0.570289,-0.597341,0.713751,0.465148,-1.369421,0.523421,1.737996,-1.332528,0.580095,-0.065555,-0.686735,1.685423,-3.472134,-0.390611,0.893829,0.701743,-0.602503,0.645449,-0.247115,-2.115364,2.914606,1.381375,-1.340875,1.506833,2.322606,0.182580,0.505518,-0.032113,0.426143,1.138703,0.300353,-0.951635,1.794900,0.075626,-1.426023,2.404503,-0.108996,-0.663406,0.410025,-1.078908,0.233829,0.714005,-0.887693,-0.597391,1.528637,-0.461637,-1.776519,1.410908,-1.492282,-0.322232,0.570602,-0.624662,-0.796778,1.552039,0.180602,-0.639437,0.594115,-0.646393,-0.822779,0.973415,-0.123089,-0.575916,-1.041320,-1.094692,0.176319,-1.077064,-1.296694,0.933915,-0.620374,-1.586021,0.783393,-0.266370,-1.656399,0.376281,0.167753,-1.118367,1.009999,-0.774117,0.426370,0.889193,-0.047448,-0.130040,0.387538,0.352130,0.064577,-0.026025,0.722106,0.217589,0.501896,-0.824475,0.204680,-0.356364,-0.178103,-0.932538,-0.457713,0.143219,-1.992645,-0.274578,0.522979,-1.367739,-0.192569,-0.823224,0.082038,-0.729634,-0.295284,-1.091790,-0.654479,-0.094345,-0.438409,-0.483828,-0.206127,-0.060954,-0.549139,-0.828191,0.168852,-0.649266,-0.419764,-1.948514,-0.739728,-0.386362,-0.347768,-0.501556,-0.279518,-0.439718,-0.046862,0.784482,0.027906,0.210612,1.143954,-2.376484,0.146558,0.465283,-0.359291,0.427501,0.392547,0.236766,0.600062,0.288798,1.338751,0.619462,1.215033,-1.201655,0.551320,-0.434722,0.781580,0.668170,-0.537355,0.855645,0.577983,-0.924017,-0.860683,1.188620,-0.404844,-1.591984,0.512875,-0.790290,-0.185374,0.794472,-1.078620,-1.137184,0.727970,-1.093114,0.015621,0.463261,-0.861627,-2.306527,0.663395,-0.939496,0.101754,0.282639,-0.964118,1.653843,0.177303,-0.905362,1.506920,-0.090666,0.105647,0.928527,-0.266295,0.677140,0.059933,-0.230894,0.737038,0.498248,0.041394,0.327715,-1.043141,-0.096373,-0.286782,0.073662,-0.025488,-0.502267,0.763366,-0.046563,-0.809004,0.544434,0.058412,-0.315737,0.621829,-0.017361,-1.233279,-0.759543,0.045179,-1.386543,-1.631350,0.062008,-0.374879,0.790184,0.221645,-0.322763,0.704091,0.144598,-0.121064,0.642918,0.020756,0.360052,-0.066354,0.421862,0.197876,0.036422,0.487826,-0.125740,-0.904849,0.650703,-0.187188,-1.819180,0.645901,-0.221089,-0.486248,0.520890,0.125332,-1.659825,0.049413,0.619863,-0.312981,0.125519,0.341650,0.591013,0.304473,0.532415,0.266301,0.146296,0.278284,-0.684743,0.266228,0.026080,0.867564,0.064506,0.286199,0.672765,0.019467,-0.590784,1.422633,0.083642,-0.613724,-0.262931,-0.050213,-0.616902,1.354054,-0.101685,-0.464984,-0.918251,-0.098120,-0.736345,1.323152,-0.019825,-0.722287,-0.180812,0.240673,-0.430774,-0.608079,0.990116,0.075736,-0.836921,0.773098,0.408158,0.765385,0.855616,0.396622,1.179223,0.779392,0.107851,-1.514306,0.413617,0.073255,1.788654,1.154640,0.264119,0.524547,0.420217,0.678133,-1.603325,0.696913,0.280670,2.286274,0.770420,0.281009,0.508916,0.658941,0.417481,1.611650,0.946799,0.346577,0.730651,0.589184,-0.112763,1.699274,0.658875,0.599253,2.209767,0.738215,0.478913,2.070316,0.755861,0.560086,0.677367,0.698654,0.289037,1.485912,0.758680,0.561835,1.171391,0.728570,0.468157,2.366733,0.693741,0.596048,2.152657,0.076705,-0.291146,-0.156351,0.002871,-0.817536,-0.323403
1.503011,0.256225,-0.102214,-0.703277,-0.348681,0.650931,-0.711232,-1.194400,0.692480,-1.275452,-1.332388,-0.373897,-0.438439,-0.990043,0.344815,1.098207,0.433366,-1.758928,1.009775,-0.190603,-0.566043,-1.467644,2.487501,-0.038937,-0.464594,1.308633,1.124515,-1.161541,1.198243,0.573886,-1.161541,1.198243,-0.000001,-1.161541,1.198243,-0.000001,0.984344,1.784999,1.814286,0.984344,1.784999,-0.000001,0.984344,1.784999,-0.000001,0.888040,-0.534525,0.713911,1.068135,0.137660,-0.811924,0.335142,-1.165627,-1.615001,0.518412,-0.195109,-0.602362,0.984326,1.785014,-0.000001,0.984326,1.785014,-0.000001,0.984344,1.785014,-0.000001,-1.161541,1.198243,-0.000001,-1.161536,1.198243,-0.000001,-1.161541,1.198243,-0.000001,-0.065586,1.542543,-0.106360,-0.600656,0.713751,0.014914,-0.416174,0.523421,1.046706,-1.334415,0.580095,0.399374,-0.688608,1.675668,0.540087,-0.394642,0.891544,0.918602,-1.166137,0.635763,0.778331,-0.700439,1.829571,-0.154910,-1.659545,0.897765,0.469987,-0.949457,0.912417,-0.067736,-0.432633,1.131467,1.356503,-0.501278,1.329249,1.566523,-0.565396,1.137244,0.432476,-0.668503,0.917003,0.690507,-0.232447,0.224916,0.141814,-0.209819,1.047362,0.388504,-0.835343,1.406957,0.952321,0.476966,0.570602,-1.021044,-0.303094,0.121371,0.034418,-0.268107,0.591445,-0.571292,0.031423,0.446496,0.781582,-0.602535,-1.056350,-1.094692,0.155093,-1.094248,-1.296694,0.685684,-0.854608,-1.586021,0.719071,-0.441157,-1.656399,0.356002,0.144878,-1.118367,0.857759,-0.808832,0.426370,0.901177,-0.416828,-0.130040,0.683648,-0.011563,0.064577,0.225822,0.283798,0.217589,0.471029,-0.838971,0.204680,-0.392425,-0.195002,-0.932538,-0.493390,0.126478,-1.992645,-0.304085,0.507643,-1.367739,-0.219449,-0.836903,0.082038,-0.754688,-0.310479,-1.091790,-0.682499,-0.109276,-0.438409,-0.510238,-0.220060,-0.060954,-0.569366,-0.841473,0.168852,-0.668380,-0.434021,-1.948514,-0.760718,-0.400292,-0.347768,-0.524563,-0.292602,-0.439718,0.175005,-0.351897,0.731558,0.432918,-0.412863,-0.789224,0.406846,-0.303880,0.444538,0.491885,-0.190919,0.675686,0.679386,-0.076004,0.401286,0.531766,-0.651158,-0.819091,0.733842,-0.575126,1.318661,0.908212,-0.610355,1.716071,0.911496,-0.971249,1.714848,0.859265,-1.349519,-1.412528,0.997485,-0.921755,1.557723,0.817178,-1.250695,0.658348,1.004078,-1.470708,-1.540331,0.522452,-1.421370,-0.598458,0.723920,-1.070687,-1.023498,0.995246,-1.241480,1.256748,0.694084,-1.416458,1.398193,0.448089,-0.252546,0.434636,0.296884,-0.303617,-0.618778,0.160837,-0.445399,-0.586232,0.499157,-0.462628,-1.468736,0.667079,-1.031595,0.625656,0.558201,-1.001796,0.168668,0.334879,-1.212850,-0.275145,0.505431,-0.811810,0.014651,0.475212,-1.308516,-1.206463,0.285844,-1.426455,-0.614489,0.637851,-1.056184,0.892451,0.544900,-0.613264,1.133402,0.727788,-0.359806,0.084397,0.587896,-0.481028,-0.433283,0.669321,-0.262828,-1.169738,0.763782,-0.696009,-0.299903,0.718610,-0.659895,-0.724589,0.736513,-0.786585,-0.914383,0.634506,-0.926099,-0.944781,0.431436,-0.590666,-0.754502,0.535059,-0.232153,-0.319099,0.500105,-0.321432,-1.471540,0.619973,-0.656654,-0.898896,0.693186,-0.360680,-0.483359,0.475582,-0.675272,1.246014,0.637175,-1.012192,1.422633,0.451179,-0.953491,0.488197,0.635534,-0.956848,0.838371,0.586936,-0.915486,-0.742730,0.576104,-1.052220,1.243282,0.334510,-1.023133,0.541611,0.709164,-0.850597,1.320693,1.017626,-0.352235,-0.708913,1.064705,-0.551694,-0.330760,1.170509,-0.275173,-0.728127,1.116296,-0.924728,-0.542767,0.813868,-0.271405,0.961993,1.071050,-1.019613,-1.166491,0.817619,-0.840855,-0.064605,1.057055,-0.026273,1.482721,1.113231,-0.571090,2.079148,1.224056,-0.426390,1.296236,1.196363,-0.314749,-1.128605,1.038953,-0.516262,1.571229,1.205661,-0.325987,-0.094855,1.306429,-0.157163,-0.375456,1.103849,-0.648158,-0.877397,1.128539,-0.965308,-0.203826,1.108741,-0.636490,-0.609770,1.294387,-0.172894,0.170315,1.228124,-0.320955,-0.367206,0.512523,-0.591102,0.219028,0.406420,-1.103357,-0.267153
1.503011,0.256225,-0.102214,-0.703277,-0.348681,0.650931,-0.711232,-1.194400,0.692480,-1.275452,-1.332388,-0.373897,-0.438439,-0.990043,0.344815,1.098207,0.433366,-1.758928,1.009775,-0.190603,-0.566043,-1.467644,2.487501,-0.038937,-0.464594,1.308633,1.124515,-1.161541,1.198243,0.573886,-1.161541,1.198243,-0.000001,-1.161541,1.198243,-0.000001,0.984344,1.784999,1.814286,0.984344,1.784999,-0.000001,0.984344,1.784999,-0.000001,0.888040,-0.534525,0.713911,1.068135,0.137660,-0.811924,0.335142,-1.165627,-1.615001,0.518412,-0.195109,-0.602362,0.984326,1.785014,-0.000001,0.984326,1.785014,-0.000001,0.984344,1.785014,-0.000001,-1.161541,1.198243,-0.000001,-1.161536,1.198243,-0.000001,-1.161541,1.198243,-0.000001,-0.065586,1.542543,-0.106360,-0.600656,0.713751,0.014914,-0.416174,0.523421,1.046706,-1.334415,0.580095,0.399374,-0.688608,1.675668,0.540087,-0.394642,0.891544,0.918602,-1.166137,0.635763,0.778331,-0.700439,1.829571,-0.154910,-1.659545,0.897765,0.469987,-0.949457,0.912417,-0.067736,-0.432633,1.131467,1.356503,-0.501278,1.329249,1.566523,-0.565396,1.137244,0.432476,-0.668503,0.917003,0.690507,-0.232447,0.224916,0.141814,-0.209819,1.047362,0.388504,-0.835343,1.406957,0.952321,0.476966,0.570602,-1.021044,-0.303094,0.121371,0.034418,-0.268107,0.591445,-0.571292,0.031423,0.446496,0.781582,-0.602535,-1.056350,-1.094692,0.155093,-1.094248,-1.296694,0.685684,-0.854608,-1.586021,0.719071,-0.441157,-1.656399,0.356002,0.144878,-1.118367,0.857759,-0.808832,0.426370,0.901177,-0.416828,-0.130040,0.683648,-0.011563,0.064577,0.225822,0.283798,0.217589,0.471029,-0.838971,0.204680,-0.392425,-0.195002,-0.932538,-0.493390,0.126478,-1.992645,-0.304085,0.507643,-1.367739,-0.219449,-0.836903,0.082038,-0.754688,-0.310479,-1.091790,-0.682499,-0.109276,-0.438409,-0.510238,-0.220060,-0.060954,-0.569366,-0.841473,0.168852,-0.668380,-0.434021,-1.948514,-0.760718,-0.400292,-0.347768,-0.524563,-0.292602,-0.439718,0.175005,-0.351897,0.731558,0.432918,-0.412863,-0.789224,0.406846,-0.303880,0.444538,0.491885,-0.190919,0.675686,0.679386,-0.076004,0.401286,0.531766,-0.651158,-0.819091,0.733842,-0.575126,1.318661,0.908212,-0.610355,1.716071,0.911496,-0.971249,1.714848,0.859265,-1.349519,-1.412528,0.997485,-0.921755,1.557723,0.817178,-1.250695,0.658348,1.004078,-1.470708,-1.540331,0.522452,-1.421370,-0.598458,0.723920,-1.070687,-1.023498,0.995246,-1.241480,1.256748,0.694084,-1.416458,1.398193,0.448089,-0.252546,0.434636,0.296884,-0.303617,-0.618778,0.160837,-0.445399,-0.586232,0.499157,-0.462628,-1.468736,0.667079,-1.031595,0.625656,0.558201,-1.001796,0.168668,0.334879,-1.212850,-0.275145,0.505431,-0.811810,0.014651,0.475212,-1.308516,-1.206463,0.285844,-1.426455,-0.614489,0.637851,-1.056184,0.892451,0.544900,-0.613264,1.133402,0.727788,-0.359806,0.084397,0.587896,-0.481028,-0.433283,0.669321,-0.262828,-1.169738,0.763782,-0.696009,-0.299903,0.718610,-0.659895,-0.724589,0.736513,-0.786585,-0.914383,0.634506,-0.926099,-0.944781,0.431436,-0.590666,-0.754502,0.535059,-0.232153,-0.319099,0.500105,-0.321432,-1.471540,0.619973,-0.656654,-0.898896,0.693186,-0.360680,-0.483359,0.475582,-0.675272,1.246014,0.637175,-1.012192,1.422633,0.451179,-0.953491,0.488197,0.635534,-0.956848,0.838371,0.586936,-0.915486,-0.742730,0.576104,-1.052220,1.243282,0.334510,-1.023133,0.541611,0.709164,-0.850597,1.320693,1.017626,-0.352235,-0.708913,1.064705,-0.551694,-0.330760,1.170509,-0.275173,-0.728127,1.116296,-0.924728,-0.542767,0.813868,-0.271405,0.961993,1.071050,-1.019613,-1.166491,0.817619,-0.840855,-0.064605,1.057055,-0.026273,1.482721,1.113231,-0.571090,2.079148,1.224056,-0.426390,1.296236,1.196363,-0.314749,-1.128605,1.038953,-0.516262,1.571229,1.205661,-0.325987,-0.094855,1.306429,-0.157163,-0.375456,1.103849,-0.648158,-0.877397,1.128539,-0.965308,-0.203826,1.108741,-0.636490,-0.609770,1.294387,-0.172894,0.170315,1.228124,-0.320955,-0.367206,0.512523,-0.591102,0.219028,0.406420,-1.103357,-0.267153
1.527248,0.219360,-0.726557,-0.706773,-1.390751,0.879707,-0.724087,-1.210788,1.015252,-1.146981,-1.204407,1.624976,-0.436807,-0.945751,0.371049,1.096840,0.434264,-1.440738,1.015530,-0.207331,0.090059,0.596769,-0.350161,1.323693,-0.444865,1.301571,2.208050,-1.154638,1.186180,1.875782,-1.154638,1.186180,-0.000001,-1.154638,1.186180,-0.000001,0.989969,1.775940,2.958050,0.989969,1.775940,-0.000001,0.989969,1.775940,-0.000001,0.888040,-0.574960,0.291064,1.092958,0.121061,-1.068071,-0.298945,-1.193222,-1.498304,1.032123,-0.219491,-0.682928,0.989951,1.775956,-0.000001,0.989951,1.775956,-0.000001,0.989969,1.775956,-0.000001,-1.154638,1.186180,-0.000001,-1.154633,1.186180,-0.000001,-1.154638,1.186180,-0.000001,-0.609744,1.248105,0.722907,-0.408299,1.495242,1.722152,-0.617574,1.021813,2.195298,-0.506485,1.309500,0.434542,-0.873634,1.700056,1.312953,-0.887035,0.779665,1.328952,-0.452298,0.717980,-0.016821,-1.379162,0.344730,-0.238907,-0.488582,0.477956,-0.193727,0.040858,1.205231,0.826408,0.001931,1.257965,0.721782,-0.370111,1.500807,1.415290,0.036709,0.968517,1.629205,0.128540,1.335608,0.263872,0.635881,0.940304,0.786175,-0.144056,1.311522,0.273114,0.238161,1.292529,0.259206,0.312940,1.047741,0.855119,-0.325210,0.462846,0.939266,-0.613424,2.608778,-0.967971,0.532034,1.417108,0.661422,-0.558112,-0.821609,-1.118105,0.738981,-0.733792,-1.387261,0.563297,-0.797338,-1.475871,0.664570,-0.601617,-0.761392,0.270088,0.035060,-0.803507,0.468045,-0.838082,0.327112,0.029999,-0.786291,-3.365763,-0.469931,-0.763867,-2.861829,-0.882607,-0.644669,0.351206,0.341970,-0.738089,-0.036533,-0.477286,-0.443687,-0.278826,-0.681281,-0.303851,0.102407,-0.413306,0.125567,0.890326,-0.241383,-0.740003,-0.191797,-0.652876,-0.191079,-0.320765,-0.661656,-0.121006,-1.076557,-0.625863,-0.182967,-0.934994,-0.614065,-0.691344,-0.563776,-0.691506,-0.365498,-0.444020,-0.549462,-0.226845,0.551678,-0.361680,-0.188039,-0.760167,0.211185,-0.484085,0.120338,0.475159,-1.069485,-0.614172,0.249408,-0.857366,-0.412332,0.552219,-0.606201,1.345851,0.750569,-0.331196,1.039054,0.828094,-0.793015,-0.818172,0.650222,-0.662700,0.923009,0.872069,-0.649119,1.450177,0.923904,-0.995612,1.434589,0.922801,-0.952297,-1.229692,1.113999,-1.007818,1.517730,0.715435,-1.369144,0.757312,0.932881,-1.187542,-1.321619,0.685510,-1.229048,0.274788,0.463821,-1.586567,0.592553,0.945627,-1.279005,0.406499,0.867532,-1.595145,0.740249,0.289034,-0.794897,-0.164770,0.154903,-0.464557,-1.062722,0.533616,-0.656670,-0.651279,0.672716,-0.668889,-0.439833,0.627030,-1.218590,-0.040856,0.582472,-1.239901,-0.012920,0.389542,-1.073357,-1.041934,0.598566,-1.472991,0.050755,0.602336,-1.123622,-1.088936,0.417932,-1.112981,0.446608,0.631410,-1.177279,0.804415,0.801923,-1.141009,0.989586,0.723374,-0.880811,0.496916,0.583604,-0.462291,-0.664842,0.867574,-0.594429,-0.995382,0.748198,-1.106184,-0.255535,0.960804,-1.000053,-0.798791,0.752769,-1.193613,-0.986914,0.666098,-1.208804,-1.383481,0.554734,-0.336179,-0.530659,0.434016,-0.649995,0.229218,0.660103,-0.721004,-0.857478,0.567509,-0.737785,-0.890301,0.623794,-1.056352,0.352471,0.374160,-1.375213,1.341538,0.682508,-1.159523,0.871332,0.510098,-1.086728,0.304684,0.728740,-1.090154,1.470683,0.695377,-1.075313,0.503933,0.667744,-1.161011,0.542716,0.391314,-1.126747,-0.516971,0.657275,-1.148621,0.791123,1.214487,-0.656842,-0.605183,1.296853,-0.767392,-0.298893,1.178396,-0.499697,-0.864040,1.138418,-0.802536,-0.889302,0.860365,-0.517136,1.028541,1.144530,-0.874519,-1.335748,0.865789,-1.009757,-0.073345,1.084847,-0.704098,1.312855,1.124023,-0.813565,1.913293,1.217736,-0.666523,1.307831,1.172088,-0.506641,-1.039479,1.003957,-0.802697,1.947397,1.199546,-0.514107,-0.108097,1.316680,-0.356636,-0.543668,1.128489,-0.833537,-1.165849,1.193599,-0.823535,-0.347697,1.133528,-0.820347,-0.886073,1.304595,-0.373926,0.011147,1.222147,-0.507400,-0.418129,0.424139,-1.096951,0.862573,0.480415,-0.859130,-0.416062
-0.340949,0.172727,-0.956272,-0.713776,-0.333439,0.916768,-0.729419,-1.193194,1.218169,-1.141943,-0.766982,-0.313244,-0.073576,-0.806326,-0.228041,1.084274,0.443234,-0.667395,0.989997,-1.268089,1.335100,0.596769,2.493217,-0.666322,-0.501276,1.770586,1.689923,-1.940034,1.565734,1.209685,-1.940034,1.565734,-0.000001,-1.940034,1.565734,-0.000001,-0.547644,3.130815,1.892535,-0.547644,3.130815,-0.000001,-0.547644,3.130815,-0.000001,0.864287,-0.605523,-0.277816,1.066189,-3.732872,-1.537436,-0.298816,-1.158350,-1.218780,0.505136,-1.758541,-1.076957,-0.547662,3.130831,-0.000001,-0.547662,3.130831,-0.000001,-0.547644,3.130831,-0.000001,-1.940034,1.565734,-0.000001,-1.940030,1.565734,-0.000001,-1.940034,1.565734,-0.000001,-0.255758,1.920346,1.750016,-0.453896,1.851721,-0.948658,-0.879249,1.005112,-1.294256,-0.332795,0.920949,0.068206,-0.112617,1.149411,-0.606943,-1.059856,0.462313,0.214446,0.725305,0.703509,1.802747,0.295886,0.744485,1.038040,-0.085851,0.441258,0.699651,-0.470261,0.702797,0.449529,0.692044,1.113377,2.459971,0.109008,1.259242,1.921096,-0.477391,1.834579,1.862306,-0.204342,0.598208,0.073267,0.571656,0.582610,1.060911,1.158162,1.854332,1.711613,0.751360,1.643811,2.614177,0.085117,0.187387,0.362430,1.387980,0.358587,0.273277,1.084868,1.496136,-0.664666,1.090929,1.155631,0.640418,0.144260,-0.252513,-1.276927,1.289222,-0.403421,-1.124982,0.967487,-0.320842,0.519630,0.490610,-0.232569,-0.825825,-0.184615,0.025332,0.071961,0.698061,-0.540030,-2.718689,0.004228,-0.643899,-2.095857,-0.986777,-0.916606,-1.107465,-1.502738,-1.161165,-0.043843,-0.020440,-0.667985,-1.489830,-0.817523,-0.247301,0.245821,-0.736364,0.003087,0.678616,-0.430332,0.102414,1.717655,-0.504039,-0.693578,-0.327972,-1.017178,-0.341058,-0.762029,-0.791280,-0.089485,0.448680,-0.596873,-0.018416,0.616761,-0.640368,-0.712042,0.336238,-0.931297,-0.484984,0.279201,-0.825681,-0.212341,-1.042116,-0.436041,-0.039428,0.002865,0.104859,-1.715980,-0.091743,0.374040,-1.571864,0.788468,0.134675,-1.377548,-0.542585,0.244732,-1.117948,1.840117,0.454477,-0.785571,1.302982,0.519680,-1.189361,-0.732043,0.295084,-1.111762,0.928106,0.528081,-1.038533,1.550519,0.550301,-1.271689,1.569590,0.312828,-1.701902,-1.023028,0.734873,-1.318476,1.775889,0.604746,-1.626126,0.592631,0.832247,-1.583494,-0.592597,0.356970,-1.664390,0.428578,0.373685,-2.032580,0.183090,0.633866,-1.712578,1.165803,0.545220,-2.121147,1.300208,0.162951,-1.496749,-0.678664,0.498309,-1.369703,-1.812156,0.650061,-0.960497,-1.151960,0.544424,-0.965513,-0.122074,0.245878,-1.503651,0.489307,0.463951,-1.597854,1.431671,0.518269,-1.344868,0.392165,0.480239,-1.390429,0.998589,0.486465,-1.037907,0.766665,0.317876,-1.591995,0.061452,0.503038,-1.470794,1.306579,0.408720,-1.484259,0.780117,0.331188,-1.254433,0.251648,0.458063,-1.106437,-1.237136,0.753422,-0.900015,-1.121202,0.631418,-1.488350,-0.504024,0.842275,-1.319743,-0.793485,0.879572,-1.064909,-0.944831,0.798076,-1.124047,-1.972714,0.186123,-0.924632,-0.566667,0.063732,-0.905790,-0.283870,0.541836,-0.652301,-0.289620,0.201757,-1.009217,-0.928523,0.504883,-1.504994,1.095647,0.246899,-1.826609,0.729002,0.315513,-1.593222,0.364079,0.402158,-1.401352,-0.527230,0.362957,-1.404944,1.540455,0.342520,-1.532551,0.821730,0.554012,-1.490728,0.555530,0.507990,-1.440777,-1.452551,0.295527,-1.552260,0.960182,0.880677,-1.032207,-0.501587,0.938581,-1.013260,0.251763,0.819229,-0.765993,-0.415312,1.020741,-1.065242,-0.201968,0.464828,-0.811984,1.368872,0.761506,-1.123347,-1.145357,0.475829,-1.245980,0.013084,0.704810,-1.037080,1.422438,0.736429,-1.186623,1.983700,0.835495,-1.035979,1.394107,0.836911,-0.792915,-1.072476,0.670898,-1.190642,1.955222,0.829703,-0.758928,0.025684,0.948486,-0.619585,-0.297769,0.758502,-1.068033,-0.803647,0.794104,-1.066666,-0.277834,0.761336,-1.052918,-0.525714,0.937954,-0.638932,0.187164,0.860694,-0.750041,-0.237451,0.296470,-1.410413,1.316746,0.367723,-0.781851,-0.540933
-0.432427,0.198464,-0.637498,-0.729064,-0.312614,1.135944,-0.719358,0.019873,1.593224,-0.875801,-0.703124,0.082055,0.413194,-0.622185,1.618734,0.374965,-0.481625,-1.005406,0.962000,-1.284818,2.584024,0.620526,-0.304510,-0.432093,-0.580191,0.834314,0.039962,-1.950473,0.813726,0.972736,-1.950473,0.813726,-0.000001,-1.950473,0.813726,-0.000001,-0.569564,0.435284,-0.538834,-0.569564,0.435284,-0.000001,-0.569564,0.435284,-0.000001,-0.482691,-0.568848,-0.572098,-0.867727,0.121833,-0.898133,-0.332122,0.827331,0.130277,-0.025788,-0.203943,-1.468543,-0.569582,0.435300,-0.000001,-0.569582,0.435300,-0.000001,-0.569564,0.435300,-0.000001,-1.950473,0.813726,-0.000001,-1.950468,0.813726,-0.000001,-1.950473,0.813726,-0.000001,-0.128845,0.617532,0.418701,-0.128872,1.323865,-0.186369,-0.967678,1.132222,-1.328882,-0.403785,1.265517,-0.717993,-0.788087,1.319952,-0.483605,-0.938028,0.713469,-0.605416,0.438400,0.921219,0.172553,0.645964,1.523629,0.463971,-0.757548,0.811740,1.084452,-0.446000,0.261996,-0.445566,0.799320,0.379670,2.859406,-0.109826,1.525340,1.018250,-1.059937,2.999926,0.557198,-0.716995,0.609741,0.729964,0.639374,0.425640,0.608388,0.521059,0.765091,0.685332,-0.428414,1.616155,0.598522,0.036505,0.762210,0.503085,0.413167,0.311855,0.060823,0.434972,0.734551,0.206516,-0.453635,1.702328,0.192374,-0.181476,-0.262703,-1.276927,1.029479,-0.415071,-1.124982,0.741275,-0.335264,0.519630,0.240157,-0.248383,-0.825825,-0.432768,0.009824,0.071961,0.372008,-0.551331,-2.718689,-0.509494,-0.657179,-2.095857,-1.494081,-0.930913,-1.107465,-1.887974,-1.175300,-0.043843,-0.398158,-0.677813,-1.489830,-1.258804,-0.258758,0.245821,-1.172950,-0.008263,0.678616,-0.791417,0.092017,1.717655,-0.832968,-0.702852,-0.327972,-1.323768,-0.351359,-0.762029,-1.134175,-0.099607,0.448680,-0.920056,-0.027862,0.616761,-0.887879,-0.721047,0.336238,-1.165195,-0.494649,0.279201,-1.082533,-0.221785,-1.042116,-0.717587,-0.048298,0.002865,-0.382729,-0.582690,0.742588,-0.098944,-0.615597,0.415626,-0.407060,-0.499869,0.168524,-0.080004,-0.369515,0.935727,-0.062453,-0.852147,-0.469462,-0.242302,-0.769198,0.259977,-0.159360,-0.700773,0.725241,0.040742,-0.715166,0.719902,-0.282835,-1.045312,1.504630,-0.307148,-1.433828,0.329060,0.032596,-1.011352,1.419097,-0.096939,-0.970693,0.991279,0.162672,-1.057305,-1.452838,-0.316622,-0.989686,-0.828155,-0.033081,-1.243366,-1.243761,0.198137,-0.856962,1.373040,-0.130540,-0.976866,1.529752,-0.453063,-0.782420,0.619752,-0.371337,-1.066657,0.253941,-0.289432,-1.344804,-0.910427,-0.205934,-1.340708,0.303756,-0.294112,-0.810867,1.981013,-0.120594,-0.725324,1.379108,-0.093264,-1.006448,1.979123,-0.190638,-0.971439,1.885207,-0.216508,-1.048751,-0.284586,-0.096798,-0.451426,-1.159954,-0.087071,-0.814613,1.703018,-0.187378,-0.760630,1.070543,-0.263367,-0.514062,-0.888668,-0.375983,-0.591305,-1.179156,0.030379,-0.785715,-1.757228,-0.126243,-0.840260,-0.758345,-0.194206,-0.780346,-0.362650,-0.187788,-0.928619,-1.281578,-0.318937,-1.022396,-0.565831,-0.254239,-1.031586,0.354112,-0.394946,-1.322184,-0.921456,-0.149894,-1.357191,0.304452,-0.301902,-1.122128,0.232710,0.039849,-0.554028,-0.397478,-0.457911,-0.869807,-0.712574,-0.292787,-0.649740,1.422633,-0.176193,-0.695581,-0.291999,-0.294152,-0.698802,1.372278,-0.311098,-0.534290,-0.590516,-0.337960,-0.775590,1.519476,-0.051146,-0.759665,0.000232,-0.441096,-0.435169,0.738516,-0.267935,-0.483234,-0.569888,0.159394,-0.972422,0.679593,0.262201,-0.730069,-0.830063,0.201594,-0.663255,0.333864,-0.188647,-0.775370,0.289449,0.099231,-1.105870,-0.654800,-0.170537,-0.920564,1.046573,0.095233,-0.594572,0.404833,0.133214,-0.180232,0.713942,0.004179,-0.548499,0.250601,-0.094267,-0.803412,-1.440801,-0.021054,-0.648380,-0.401067,0.025350,-0.744077,0.008974,0.129857,-0.965882,-0.634998,0.167029,-1.048996,0.819831,0.114488,-1.049590,0.615282,0.166341,-1.034037,0.668666,0.122778,-0.987936,-0.452489,0.074588,-1.066782,-0.084566,-0.185835,-0.728499,1.002623,-0.253104,-1.225615,0.182650
-0.464710,0.222800,-0.263491,-0.711562,-0.305092,0.713279,-0.694137,0.005412,1.471276,-0.612950,-0.700117,0.297981,0.411329,-0.575055,1.381359,0.371005,-0.475349,-1.435541,0.983814,-0.196885,0.846338,0.641649,-0.373022,0.980367,-0.524850,0.841387,0.233911,-1.166758,0.819408,0.234246,-1.166758,0.819408,-0.000001,-1.166758,0.819408,-0.000001,-0.552075,1.101091,0.380309,-0.552075,1.101091,-0.000001,-0.552075,1.101091,-0.000001,-0.505357,-0.561788,-0.715466,-0.901586,0.109192,-0.983514,-0.957753,-1.158746,0.150179,-0.036469,-0.225275,-1.577756,-0.552093,1.101107,-0.000001,-0.552093,1.101107,-0.000001,-0.552075,1.101107,-0.000001,-1.166758,0.819408,-0.000001,-1.166753,0.819408,-0.000001,-1.166758,0.819408,-0.000001,-0.013267,0.557607,0.641618,-0.334919,1.032531,0.602867,-1.021828,1.001764,0.039146,-0.933613,1.280193,-1.431890,-1.392905,2.289663,1.057000,-0.347299,0.167761,-1.505262,-0.929594,0.674450,-1.113582,-1.778855,0.307981,-1.456922,-0.757064,0.467637,-1.570071,-0.444727,-0.425375,-0.767396,0.056535,0.755546,0.431646,-1.202326,1.014129,-0.175356,-1.179578,0.529112,-0.370568,-0.288219,0.306323,0.635364,-1.125230,0.907466,1.127211,-1.245980,0.338106,0.696041,-2.022975,-0.278387,0.216530,-0.430692,0.533042,0.662241,-0.538226,0.437703,0.327466,-0.933850,0.475305,1.433876,-1.099627,0.874376,1.173638,-0.240668,-0.022046,-1.590761,0.901613,-0.277241,-1.167525,0.582516,-0.261337,1.308707,-0.016827,-0.166338,-0.011893,-0.732271,0.148222,0.691210,0.062316,-0.532174,-2.067101,-1.338118,-0.683823,-1.393779,-2.511427,-0.947338,-2.107436,-2.658003,-1.115302,0.223175,-0.798139,-0.601026,-1.633492,-1.786041,-0.138576,0.683627,-1.523251,0.150972,0.885980,-1.058720,0.244342,1.237706,-1.153715,-0.561003,0.242974,-1.521930,-0.119318,0.078667,-1.359598,0.042118,0.256227,-0.962776,0.075471,-0.654741,-1.092870,-0.556943,-0.170870,-1.173209,-0.167394,0.190816,-0.974334,0.010507,0.470516,-0.807148,0.034996,-0.871768,-0.670304,-0.659223,0.006168,-0.367074,-0.571765,0.536284,-0.709115,-0.329761,-0.271194,-0.355832,-0.776146,1.611600,-0.126156,-0.482290,0.258086,-0.291220,-0.925467,-0.216287,-0.414152,-0.168671,0.970015,-0.167798,-0.780244,0.905782,-0.467293,-0.688487,1.310388,-0.442885,-1.498195,0.271555,-0.324720,-0.668217,1.341533,-0.405864,-1.092650,0.971443,-0.102531,-0.769766,-0.951976,-0.348028,-0.780138,0.209687,-0.469104,-1.138417,0.669208,-0.255220,-1.420691,0.723121,-0.149760,-1.091200,0.975324,-0.774466,-0.502795,-0.256646,-0.675947,-0.547877,-1.647795,-0.576559,-0.374648,-0.965870,-0.465393,-0.393554,-0.336327,-0.525183,-0.595490,0.043897,-0.286543,-0.907262,1.031767,-0.473409,-0.822459,-0.095457,-0.302686,-1.164780,0.672626,-0.298638,-0.384015,-0.298061,-0.597689,-0.664870,0.279754,-0.553190,-0.897336,0.975964,-0.394689,-0.809498,0.927690,-0.470141,-0.514062,0.256667,-0.577067,-0.553476,-0.296953,-0.400003,-0.284870,-0.875736,-0.557638,-0.719085,0.190619,-0.381085,-0.675801,-0.299386,-0.362732,-0.813641,-0.818971,-0.486994,-0.955436,-1.168087,-0.543620,-0.420033,-0.682591,-0.672332,-0.404904,-0.220359,-0.389080,-0.488516,-0.499820,-0.535734,-0.476520,-0.768289,-0.431098,-0.622572,0.546994,-0.736338,-0.938771,0.826687,-0.444084,-0.744011,0.802142,-0.527396,-0.787327,0.206551,-0.403900,-0.790596,1.540455,-0.401585,-0.637734,1.172174,-0.445864,-0.844375,0.469016,-0.608914,-0.825177,-0.585924,-0.433891,-0.725361,1.302047,-0.465980,-0.781497,-0.473378,-0.032766,-0.848754,-0.322907,-0.158002,-0.587940,-1.026075,-0.210229,-0.889342,-0.067346,-0.353603,-0.614589,0.389859,-0.296875,-0.956872,-1.065068,-0.331302,-0.761732,0.447643,-0.077823,-0.352762,0.595367,-0.058041,-0.419474,1.178985,-0.200837,-0.276238,0.465840,-0.291549,-0.601706,-1.360981,-0.224727,-0.395896,0.161849,-0.173016,-0.595416,-0.381517,-0.053583,-0.805993,-1.050924,-0.003438,-0.911302,-0.249772,-0.307980,-0.904003,-0.392595,-0.005142,-0.897473,-0.328639,-0.059888,-0.462034,-0.672897,-0.119278,-0.587985,-0.674001,-0.700873,-0.796634,1.354789,-0.371540,-0.596595,-0.614715
-0.485849,-3.232746,-1.701192,-0.700332,-0.317123,0.661147,-0.087764,-0.014109,1.048523,-0.613279,-0.638063,-0.044404,0.047120,-0.482672,-0.263795,0.381252,0.446103,-0.614368,0.946771,-0.186414,0.613996,0.606699,-0.344446,0.507555,-0.525954,0.833430,0.655312,-1.171670,0.451207,0.910107,-1.171670,0.451207,-0.000001,-1.171670,0.451207,-0.000001,-0.556234,0.430124,0.317459,-0.556234,0.430124,-0.000001,-0.556234,0.430124,-0.000001,-0.518321,-0.608336,-1.168952,-0.924030,-3.725008,-1.483981,-0.337885,-1.148203,0.205844,-0.582219,-1.791459,-1.360158,-0.556253,0.430140,-0.000001,-0.556253,0.430140,-0.000001,-0.556234,0.430140,-0.000001,-1.171670,0.451207,-0.000001,-1.171666,0.451207,-0.000001,-1.171670,0.451207,-0.000001,-0.572844,0.231904,-0.092773,-0.366826,-0.736096,1.046196,-1.049608,0.580299,0.189870,-1.957786,1.775009,0.382958,-2.034439,1.047039,0.920911,-0.853645,0.179161,-0.637539,-2.064893,1.327638,0.155708,-1.806321,0.858715,-0.958610,-0.775562,0.324261,-1.312367,-1.032033,0.394556,-0.397677,-1.231304,0.773636,-0.385908,-1.674945,1.031652,-1.008436,-1.204350,0.127914,-0.619347,-1.266480,0.325544,-0.418523,-1.606844,0.925689,0.889865,-1.268699,0.830248,-0.128279,-1.585724,0.254487,-1.200791,-0.454072,0.551799,0.598226,-0.308526,0.455650,-0.044920,-0.955634,0.842581,0.215034,-1.124549,0.375215,-0.564000,-0.236031,0.013609,-1.590761,0.905311,-0.236478,-1.167525,0.585736,-0.210872,1.308707,-0.013262,-0.111005,-0.011893,-0.728738,0.202485,0.691210,0.066958,-0.492630,-2.067101,-1.330805,-0.637356,-1.393779,-2.504206,-0.897278,-2.107436,-2.652519,-1.065841,0.223175,-0.792762,-0.566637,-1.633492,-1.779759,-0.098488,0.683627,-1.517036,0.190687,0.885980,-1.053581,0.280722,1.237706,-1.149033,-0.528553,0.242974,-1.517566,-0.083273,0.078667,-1.354717,0.077538,0.256227,-0.958175,0.108524,-0.654741,-1.089347,-0.525435,-0.170870,-1.169879,-0.133573,0.190816,-0.970678,0.043552,0.470516,-0.803140,0.066033,-0.871768,-0.730380,-1.232918,0.152867,-0.431660,-1.240653,-1.757348,-0.576931,-1.857654,0.263093,-0.439214,-1.735967,0.144449,-0.409675,-1.463717,0.147703,-0.606748,-1.314344,-1.239706,-0.351393,-1.328359,1.166288,-0.375935,-1.823788,0.653505,-0.492326,-1.435653,0.113980,-0.514680,-0.986656,0.301379,-0.446507,-1.442491,0.311499,-0.554103,-1.320922,-0.737926,-0.260444,-1.585424,0.225718,-0.512699,-1.555682,1.231826,-0.619417,-1.807459,-0.033089,-0.204440,-1.954921,-0.150001,-0.324008,-1.607070,0.281195,-0.641986,-1.147218,0.168019,-0.793375,-1.044665,-1.279819,-0.730882,-0.940711,-0.939399,-0.411733,-0.946196,-0.837315,-0.503930,-1.141310,0.010106,-0.326206,-1.585173,0.963519,-0.541000,-1.318895,-0.078751,-0.406623,-1.768362,0.736469,-0.433646,-1.019204,-0.378796,-0.510877,-1.609537,-0.149105,-0.563309,-1.536632,0.567366,-0.668450,-1.615622,0.817456,-0.482195,-1.459138,0.741334,-0.588789,-0.937634,0.688157,-0.613183,-1.175202,0.235210,-0.555981,-1.836547,0.756133,-0.636315,-1.614804,0.071723,-0.637154,-1.406663,-0.348676,-0.531816,-1.341276,-0.964347,-0.690979,-1.012290,-0.767349,-0.594029,-0.976682,0.139949,-0.339613,-1.028793,-0.760675,-0.502327,-1.101757,-0.702313,-0.381361,-1.672782,0.443200,-0.657741,-1.995426,1.444257,-0.747802,-1.722386,0.706959,-0.595993,-1.468663,0.583099,-0.505704,-1.472290,1.482923,-0.516645,-1.663944,1.187860,-0.545957,-1.592400,0.167971,-0.675047,-1.537611,-0.438910,-0.639344,-2.075221,1.334666,-0.673658,-1.485521,-0.157847,-0.278442,-1.293151,-1.551487,-0.178434,-1.077820,-1.021521,-0.485503,-1.716367,-0.542726,-0.413322,-1.161246,0.650986,-0.378858,-1.093793,-1.489824,-0.654026,-1.557885,-0.149608,-0.373584,-1.038703,0.669534,-0.342542,-1.706727,1.144630,-0.208728,-1.551061,0.060351,-0.501650,-0.790810,-0.907708,-0.424486,-1.693268,0.045981,-0.180652,-1.066633,-0.816984,-0.321874,-0.953753,-1.116014,-0.289392,-1.357307,-1.265903,-0.383096,-1.369663,-1.013684,-0.292799,-1.339817,-1.257277,-0.327047,-0.975712,-0.899367,-0.367136,-1.055007,-1.210022,-0.634538,-1.503768,0.802727,-0.695982,-0.854774,-0.424108
-0.485849,-3.232746,-1.701192,-0.700332,-0.317123,0.661147,-0.087764,-0.014109,1.048523,-0.613279,-0.638063,-0.044404,0.047120,-0.482672,-0.263795,0.381252,0.446103,-0.614368,0.946771,-0.186414,0.613996,0.606699,-0.344446,0.507555,-0.525954,0.833430,0.655312,-1.171670,0.451207,0.910107,-1.171670,0.451207,-0.000001,-1.171670,0.451207,-0.000001,-0.556234,0.430124,0.317459,-0.556234,0.430124,-0.000001,-0.556234,0.430124,-0.000001,-0.518321,-0.608336,-1.168952,-0.924030,-3.725008,-1.483981,-0.337885,-1.148203,0.205844,-0.582219,-1.791459,-1.360158,-0.556253,0.430140,-0.000001,-0.556253,0.430140,-0.000001,-0.556234,0.430140,-0.000001,-1.171670,0.451207,-0.000001,-1.171666,0.451207,-0.000001,-1.171670,0.451207,-0.000001,-0.572844,0.231904,-0.092773,-0.366826,-0.736096,1.046196,-1.049608,0.580299,0.189870,-1.957786,1.775009,0.382958,-2.034439,1.047039,0.920911,-0.853645,0.179161,-0.637539,-2.064893,1.327638,0.155708,-1.806321,0.858715,-0.958610,-0.775562,0.324261,-1.312367,-1.032033,0.394556,-0.397677,-1.231304,0.773636,-0.385908,-1.674945,1.031652,-1.008436,-1.204350,0.127914,-0.619347,-1.266480,0.325544,-0.418523,-1.606844,0.925689,0.889865,-1.268699,0.830248,-0.128279,-1.585724,0.254487,-1.200791,-0.454072,0.551799,0.598226,-0.308526,0.455650,-0.044920,-0.955634,0.842581,0.215034,-1.124549,0.375215,-0.564000,-0.236031,0.013609,-1.590761,0.905311,-0.236478,-1.167525,0.585736,-0.210872,1.308707,-0.013262,-0.111005,-0.011893,-0.728738,0.202485,0.691210,0.066958,-0.492630,-2.067101,-1.330805,-0.637356,-1.393779,-2.504206,-0.897278,-2.107436,-2.652519,-1.065841,0.223175,-0.792762,-0.566637,-1.633492,-1.779759,-0.098488,0.683627,-1.517036,0.190687,0.885980,-1.053581,0.280722,1.237706,-1.149033,-0.528553,0.242974,-1.517566,-0.083273,0.078667,-1.354717,0.077538,0.256227,-0.958175,0.108524,-0.654741,-1.089347,-0.525435,-0.170870,-1.169879,-0.133573,0.190816,-0.970678,0.043552,0.470516,-0.803140,0.066033,-0.871768,-0.730380,-1.232918,0.152867,-0.431660,-1.240653,-1.757348,-0.576931,-1.857654,0.263093,-0.439214,-1.735967,0.144449,-0.409675,-1.463717,0.147703,-0.606748,-1.314344,-1.239706,-0.351393,-1.328359,1.166288,-0.375935,-1.823788,0.653505,-0.492326,-1.435653,0.113980,-0.514680,-0.986656,0.301379,-0.446507,-1.442491,0.311499,-0.554103,-1.320922,-0.737926,-0.260444,-1.585424,0.225718,-0.512699,-1.555682,1.231826,-0.619417,-1.807459,-0.033089,-0.204440,-1.954921,-0.150001,-0.324008,-1.607070,0.281195,-0.641986,-1.147218,0.168019,-0.793375,-1.044665,-1.279819,-0.730882,-0.940711,-0.939399,-0.411733,-0.946196,-0.837315,-0.503930,-1.141310,0.010106,-0.326206,-1.585173,0.963519,-0.541000,-1.318895,-0.078751,-0.406623,-1.768362,0.736469,-0.433646,-1.019204,-0.378796,-0.510877,-1.609537,-0.149105,-0.563309,-1.536632,0.567366,-0.668450,-1.615622,0.817456,-0.482195,-1.459138,0.741334,-0.588789,-0.937634,0.688157,-0.613183,-1.175202,0.235210,-0.555981,-1.836547,0.756133,-0.636315,-1.614804,0.071723,-0.637154,-1.406663,-0.348676,-0.531816,-1.341276,-0.964347,-0.690979,-1.012290,-0.767349,-0.594029,-0.976682,0.139949,-0.339613,-1.028793,-0.760675,-0.502327,-1.101757,-0.702313,-0.381361,-1.672782,0.443200,-0.657741,-1.995426,1.444257,-0.747802,-1.722386,0.706959,-0.595993,-1.468663,0.583099,-0.505704,-1.472290,1.482923,-0.516645,-1.663944,1.187860,-0.545957,-1.592400,0.167971,-0.675047,-1.537611,-0.438910,-0.639344,-2.075221,1.334666,-0.673658,-1.485521,-0.157847,-0.278442,-1.293151,-1.551487,-0.178434,-1.077820,-1.021521,-0.485503,-1.716367,-0.542726,-0.413322,-1.161246,0.650986,-0.378858,-1.093793,-1.489824,-0.654026,-1.557885,-0.149608,-0.373584,-1.038703,0.669534,-0.342542,-1.706727,1.144630,-0.208728,-1.551061,0.060351,-0.501650,-0.790810,-0.907708,-0.424486,-1.693268,0.045981,-0.180652,-1.066633,-0.816984,-0.321874,-0.953753,-1.116014,-0.289392,-1.357307,-1.265903,-0.383096,-1.369663,-1.013684,-0.292799,-1.339817,-1.257277,-0.327047,-0.975712,-0.899367,-0.367136,-1.055007,-1.210022,-0.634538,-1.503768,0.802727,-0.695982,-0.854774,-0.424108
-0.465860,-3.320406,-2.438388,-0.716542,-0.314331,0.968609,-0.691954,0.000352,1.043505,-0.613051,-0.513112,-1.278330,-0.072341,-0.435727,-0.520673,-0.320952,0.431208,-1.713827,0.964061,-1.282723,1.265275,0.615759,-0.361592,-0.084168,-0.495826,0.829904,0.204452,-1.152947,0.444824,0.198367,-1.152947,0.444824,-0.000001,-1.152947,0.444824,-0.000001,-0.547644,0.423653,0.048127,-0.547644,0.423653,-0.000001,-0.547644,0.423653,-0.000001,-0.500514,-0.630433,-0.952619,-0.907881,-3.772439,-1.557461,-0.332634,0.824485,0.167832,-0.582839,-1.784150,-1.290105,-0.547662,0.423669,-0.000001,-0.547662,0.423669,-0.000001,-0.547644,0.423669,-0.000001,-1.152947,0.444824,-0.000001,-1.152943,0.444824,-0.000001,-1.152947,0.444824,-0.000001,-0.670578,0.244944,0.364967,-1.227070,-0.530452,0.728744,-1.921299,1.975152,0.237616,-2.422705,1.694381,0.479710,-2.630404,0.593889,1.527793,-0.942082,-0.528652,-0.662558,-2.364452,1.482503,0.497387,-2.188154,0.919864,-0.346015,-1.073111,0.490572,-0.559574,-2.144068,0.215790,-0.631289,-1.343411,1.283291,0.273225,-1.924946,1.934958,0.054154,-1.490888,1.684936,0.345176,-1.207038,0.555967,-0.170493,-1.675948,1.338142,1.746584,-1.433871,1.669773,0.335969,-1.846068,2.081913,-0.237941,-0.372365,1.209263,0.956836,-0.333820,1.214118,0.931651,-1.065641,1.412402,0.553823,-0.883967,2.169814,0.366602,0.174152,-1.249698,-1.607475,0.948376,-0.856727,-1.010397,0.493623,-0.619947,1.435279,0.028218,-0.344162,0.119728,-0.448910,-0.031447,0.846784,0.243578,-0.453328,-0.906753,-1.359858,-0.671937,-0.920728,-2.322891,-0.943248,-0.803126,-2.271360,-1.106512,0.169052,-0.816850,-0.554884,-1.841539,-1.631875,-0.117986,0.243816,-1.222396,0.100659,0.580024,-0.784375,0.139006,1.563611,-1.171985,-0.524102,0.074313,-1.416434,-0.092582,0.261887,-1.285783,0.053685,0.980930,-0.978044,0.072056,-0.404911,-1.107787,-0.500346,0.197665,-1.155784,-0.149391,-0.388482,-0.954194,0.057126,0.071581,-0.877867,0.072118,-0.909042,-0.737887,-1.464957,1.150568,-0.438183,-1.453275,-0.367917,-0.583987,-2.073982,0.872988,-0.445369,-1.943583,0.012613,-0.414942,-1.643909,-0.738765,-0.610845,-2.027185,0.431644,-0.353451,-1.499990,0.351591,-0.375130,-1.412061,0.384549,-0.488127,-1.540047,0.935518,-0.507280,-1.542271,-0.253644,-0.177026,-1.562239,1.490410,-0.295175,-1.781001,0.425806,-0.020049,-1.743238,-0.376693,-0.498798,-1.733884,-0.122458,-0.402034,-1.993761,-0.630530,-0.190640,-2.140142,0.858625,-0.309344,-1.836416,1.053292,-0.648995,-1.283566,0.322135,-0.334397,-1.802282,-0.723892,-0.250048,-1.832393,-1.063164,-0.413063,-2.185377,0.805964,-0.502810,-1.978826,1.893245,-0.320996,-1.744950,0.652533,-0.291298,-1.777385,1.162249,-0.396718,-1.918437,1.054831,-0.421725,-2.014450,-0.618915,-0.499009,-1.822440,-1.027002,-0.559855,-1.665348,1.577647,-0.403285,-1.764166,1.353692,-0.478714,-2.104257,-1.079755,-0.585404,-2.147359,-0.887001,-0.384673,-2.116858,-1.631706,-0.319698,-1.995281,-1.090447,-0.392409,-1.747754,-0.081659,-0.388523,-2.062718,-1.540738,-0.525981,-2.113534,-0.287599,-0.455258,-2.111501,0.625273,-0.597032,-2.066135,-1.072811,-0.340838,-1.754303,0.000876,-0.502327,-1.914547,0.115933,-0.382594,-1.867670,-0.526444,-0.660755,-2.191511,-0.877013,-0.494674,-1.911486,1.422633,-0.588720,-1.606815,-0.147175,-0.496002,-1.610515,1.050424,-0.506196,-2.445993,-1.054139,-0.536419,-1.736328,1.570833,-0.449053,-1.674691,0.287191,-0.639344,-1.684809,0.540725,-0.672482,-2.148228,-0.652684,-0.275704,-1.726617,0.969356,-0.174607,-2.270249,-0.445858,-0.239008,-1.824039,0.501099,-0.406466,-2.482866,0.089127,-0.629162,-1.873806,-0.120122,-0.385058,-1.652837,1.658914,-0.113751,-1.630226,0.132287,-0.079643,-1.855594,0.338285,-0.205798,-1.698490,-0.463213,-0.500261,-1.692613,-1.170761,-0.423715,-1.849928,-1.149221,-0.177816,-1.834012,0.082533,-0.072346,-2.138144,-0.273814,-0.036447,-1.772076,0.984213,-0.374968,-2.132108,0.446452,-0.038348,-1.751181,0.721904,-0.078572,-2.169364,-0.367599,-0.123969,-1.815554,-0.006380,-0.390983,-1.640443,1.273861,-0.448295,-2.023476,0.460951
-0.455114,-3.364236,-3.073854,-0.704750,-0.330006,0.981906,-0.697530,-0.017242,1.298074,-0.611836,-0.201997,-0.275612,-0.195484,-0.297228,0.874039,0.381252,-0.478219,-1.204962,0.889120,-1.278535,0.981437,-1.479707,-0.401598,1.288031,-0.477735,-0.084297,0.440753,-0.368010,0.075922,0.088071,-0.368010,0.075922,-0.000001,-0.368010,0.075922,-0.000001,-0.574610,-0.247313,0.597759,-0.574610,-0.247313,-0.000001,-0.574610,-0.247313,-0.000001,-0.501321,-0.721635,-1.728013,-0.880319,-3.845153,-1.911238,-0.332889,-1.183470,-0.146771,-0.569879,-1.764641,-1.356198,-0.574628,-0.247298,-0.000001,-0.574628,-0.247298,-0.000001,-0.574610,-0.247298,-0.000001,-0.368010,0.075922,-0.000001,-0.368005,0.075922,-0.000001,-0.368010,0.075922,-0.000001,0.493594,-1.154277,-1.828093,1.063025,-1.013706,0.400286,-0.882135,-0.714189,-0.719991,-1.323349,-0.284926,-0.132287,-1.291099,-0.102968,1.321965,0.111345,-0.551479,-0.747936,-1.708180,0.790569,0.243956,-1.160769,-0.206004,-0.724995,-0.381479,0.173996,-1.283938,-1.486552,-0.631873,-1.259879,-1.271039,0.285690,-1.082138,-0.939992,-0.417868,-0.901253,-0.553020,-1.298589,-1.105171,-1.127189,0.006797,-1.928169,-1.136392,0.334390,-0.249269,-1.367208,-0.284305,-1.617638,-1.292555,-0.570455,-1.429781,-1.110509,-0.319791,-1.877467,-0.788350,-0.248890,-0.867384,-1.376729,0.313276,-0.122129,-0.810782,-1.542166,-0.656781,0.583302,-0.245228,-1.313076,0.625661,-0.220486,0.503169,0.563112,-0.308101,1.383911,0.102615,-0.249988,0.290503,-0.527029,0.023922,0.851669,-0.687465,-0.695733,-2.772227,-2.202026,-0.775764,-2.448251,-2.246988,-0.953376,-0.742084,-1.846337,-0.911418,-0.320402,-0.921180,-0.599327,-0.796620,-1.428869,-0.161301,0.446379,-1.146015,0.077438,-0.007665,-0.760075,0.121178,0.302094,-1.209764,-0.536940,0.270433,-1.264487,-0.114376,-0.391110,-1.092056,0.035009,0.813569,-0.917369,0.040346,0.403464,-1.176670,-0.454841,0.150501,-1.095235,-0.142961,-0.483018,-0.886039,0.021640,-0.309243,-0.776673,0.067363,-0.446359,-0.535311,-2.691919,0.861344,-0.244752,-2.626301,-0.045347,-0.573033,-2.618816,0.900238,-0.435162,-2.492397,-0.229569,-0.405085,-2.141954,-1.111769,-0.600886,-2.470197,0.564934,-0.342513,-2.648852,-0.049983,-0.365035,-2.416842,0.017715,-0.477701,-1.856326,1.083317,-0.497703,-2.331283,-0.217874,-0.167843,-1.912378,1.617439,-0.287108,-2.066095,0.699018,-0.012582,-2.174093,-0.400486,-0.491565,-2.196914,0.267458,-0.190842,-2.457647,-0.273192,-0.183934,-2.017015,1.062649,-0.302399,-2.358855,1.137027,-0.636839,-1.976095,0.164879,-0.090263,-2.051396,0.053317,0.246498,-2.502420,-0.160752,-0.152939,-2.470877,1.635061,-0.239764,-2.254122,1.343062,-0.311245,-2.535596,0.759925,-0.282049,-2.037568,2.592731,-0.387271,-2.238009,2.153252,-0.412953,-2.340847,0.064565,-0.046171,-2.886888,-1.662490,-0.289772,-2.327776,1.508217,-0.392136,-2.547638,0.538301,-0.467594,-3.453974,-1.606451,-0.320765,-2.796347,-0.130964,-0.147702,-2.843714,-1.461280,-0.309518,-2.904730,-1.972427,-0.141881,-2.082594,-1.000110,-0.134266,-3.454696,-1.757666,-0.263593,-2.375512,-0.585612,-0.443543,-2.367759,1.862946,-0.343879,-2.645437,-0.913635,-0.101040,-2.304476,1.749872,-0.491418,-2.532706,0.080240,-0.141490,-3.468806,-0.040433,-0.406653,-3.222931,-2.079482,-0.485034,-2.342247,0.606543,-0.125761,-1.916827,-0.840160,-0.486749,-1.920689,0.913587,-0.497649,-2.899126,-1.538068,-0.283373,-2.064190,1.644483,-0.002716,-1.986954,-0.029113,-0.628537,-2.674266,0.277282,-0.441420,-2.550781,-1.275014,-0.027255,-1.989076,1.604043,0.074973,-2.554820,0.190151,0.012641,-2.103808,0.461585,-0.395845,-3.198814,0.485851,-0.619285,-2.481577,0.246785,-0.374814,-2.232647,1.692318,-0.103583,-3.367691,0.054497,-0.068833,-2.776181,-0.279696,-0.194957,-3.119381,-0.797983,-0.490596,-2.790859,-0.658993,-0.413932,-2.800911,-1.289615,-0.167327,-2.431938,0.891686,-0.062086,-2.781234,0.703879,-0.026530,-2.024154,1.336050,-0.364669,-2.393804,1.194465,-0.028372,-2.001189,1.018250,-0.068355,-2.817482,0.412266,-0.113718,-2.408156,1.060855,-0.379413,-1.951781,0.499378,-0.439350,-2.295331,0.686558
-0.451642,-3.368398,-3.059176,-0.709359,-0.322706,1.022480,-0.699835,-0.009534,1.331345,-0.610114,-0.195984,0.232076,-0.315715,-0.252001,1.686790,-0.329282,-0.492216,-1.551176,0.897363,-1.309923,2.019824,-1.469804,-0.452965,1.318227,-0.448711,-0.085181,0.343530,0.437032,0.073791,0.134219,0.437032,0.073791,-0.000001,0.437032,0.073791,-0.000001,-0.550592,-0.247313,0.841992,-0.550592,-0.247313,-0.000001,-0.550592,-0.247313,-0.000001,-0.496462,-2.987005,-1.671871,-0.871644,-3.844333,-1.914265,-0.333147,-1.188346,-0.289512,-0.042063,-1.781100,-1.635393,-0.550610,-0.247298,-0.000001,-0.550610,-0.247298,-0.000001,-0.550592,-0.247298,-0.000001,0.437032,0.073791,-0.000001,0.437037,0.073791,-0.000001,0.437032,0.073791,-0.000001,1.039782,-1.524288,-0.626499,0.521175,-1.041153,1.191825,-0.399563,-0.296072,0.203289,-0.813371,0.180582,-0.616915,-1.285964,-0.127297,1.651926,0.119788,-0.263783,1.046340,-1.140311,0.761569,0.509468,-0.683320,-0.230453,0.442890,-0.060640,0.319668,-0.250196,0.214920,0.166461,0.497795,-0.836495,-0.213111,-0.126845,-0.480375,-0.438896,-0.646556,-0.979732,0.369907,-0.647983,-0.634587,-0.016269,0.116963,-0.203839,-1.136530,0.369416,-0.580577,-0.783691,0.579327,-0.814293,-0.594111,-0.264493,0.104547,0.149827,-1.246567,-0.287736,-0.274077,0.572848,-0.247463,-0.777772,0.221820,0.052807,-1.565959,0.369389,-0.582653,-0.042357,-0.900573,-0.614854,-0.597871,-1.331449,-0.277644,-0.672921,-1.356702,-0.210329,-0.625780,-1.318766,0.501269,-0.369881,-0.774762,-0.725108,-0.494861,-0.668827,-1.270362,-0.447240,-0.693893,-0.808505,-0.351350,-1.095170,-0.684022,-0.263356,0.419855,-1.410292,-0.408348,0.705992,-1.103722,-0.186118,-0.048804,-0.436750,-0.079078,-0.121050,-0.203432,0.073044,-0.287116,-1.363026,-0.267352,0.560314,-0.804396,-0.019400,-0.305048,-0.418257,0.082086,0.050845,-0.441711,0.044220,-0.443826,-1.066088,-0.133538,0.706917,-0.550322,0.083920,-1.315420,-0.320114,0.142112,-0.115930,-0.460221,0.130193,-0.885272,-0.540770,-2.781955,1.078534,-0.242628,-2.586558,0.042206,-0.567277,-3.145167,0.884704,-0.420217,-2.887309,0.221113,-0.380118,-2.384760,-0.862852,-0.555710,-2.605596,0.521966,-0.249592,-2.733557,-0.112957,-0.232601,-2.455080,-0.478299,-0.283051,-1.877130,0.693198,-0.257987,-2.371866,0.072121,-0.126333,-1.990990,1.192208,-0.214406,-1.813556,0.650604,-0.381651,-2.418535,-0.674659,-0.397545,-2.568503,1.063235,-0.513810,-2.347468,1.137007,-0.519070,-2.582719,-0.762913,-0.197535,-2.483345,-0.973403,-0.615822,-2.101051,0.447738,-0.281360,-2.192644,-0.799158,0.081841,-2.689552,-1.087431,-0.037659,-2.653572,0.658917,-0.089209,-2.413044,1.762165,-0.105210,-2.738504,1.572194,-0.046563,-2.206912,1.309033,-0.109202,-2.449341,1.342952,-0.102651,-1.692926,-0.020445,-0.199437,-2.522326,-0.153124,-0.102030,-2.423748,1.661691,-0.202490,-2.608595,1.274209,-0.278439,-2.982085,-1.079314,-0.390640,-2.768873,-0.617550,-0.235224,-3.168429,-1.474948,-0.387021,-2.785358,-0.928303,-0.204261,-2.406075,0.072444,-0.182161,-2.841717,-1.421138,-0.044669,-2.310614,-0.515807,-0.376037,-2.428822,0.468309,-0.502213,-2.395707,-1.198282,-0.225818,-2.379218,-0.093041,-0.362504,-2.597168,-0.286866,-0.034639,-2.976682,-0.055029,-0.321169,-3.307329,-0.752133,-0.259277,-3.006795,1.215462,-0.126968,-2.019587,-0.233614,-0.214387,-2.023504,1.540455,-0.216519,-2.434123,0.814660,-0.259535,-2.142315,0.849303,-0.222869,-2.465473,-0.259934,-0.502938,-2.957625,0.346313,-0.528658,-2.844542,-0.341330,-0.098363,-2.196779,0.803552,0.018578,-2.777124,-0.694618,-0.030729,-2.328328,0.452359,-0.154663,-2.637945,-0.372045,-0.622733,-2.329266,-0.074695,-0.399013,-2.069506,1.723764,-0.145165,-2.663826,-0.545529,-0.127629,-2.492606,-0.382311,-0.014563,-2.842592,-1.154516,-0.578191,-2.586394,-0.683148,-0.287472,-3.076977,-1.387584,-0.240732,-2.618899,-0.031323,-0.119901,-2.620072,-0.389774,-0.068999,-2.203018,0.639181,-0.105107,-2.244979,-0.084125,-0.071094,-2.178585,0.434443,-0.125927,-2.655060,-0.470821,-0.185458,-2.593452,-0.039390,-0.279023,-2.432092,1.634018,-0.189759,-2.027504,-0.493754
-0.445119,-3.330854,-2.495003,-0.724646,-0.319049,1.123012,-0.701534,0.006383,1.111743,-0.477815,0.241404,-0.438928,-0.438275,-0.159230,1.417919,-0.346768,-0.483958,0.010671,0.885827,0.884790,0.200274,0.597217,-0.401598,0.806523,-0.427344,-1.010853,0.438605,0.439486,-1.035765,0.267715,0.439486,-1.035765,-0.000001,0.439486,-1.035765,-0.000001,-0.554444,-0.929927,0.369340,-0.554444,-0.929927,-0.000001,-0.554444,-0.929927,-0.000001,-0.489445,-0.701431,-1.270928,-0.878733,-3.819870,-1.649239,-0.337501,-1.213070,-0.419003,-0.565424,-1.766780,-1.477244,-0.554462,-0.929911,-0.000001,-0.554462,-0.929911,-0.000001,-0.554444,-0.929911,-0.000001,0.439486,-1.035765,-0.000001,0.439491,-1.035765,-0.000001,0.439486,-1.035765,-0.000001,0.058085,-0.818173,-0.471704,-0.041398,-0.989732,0.436232,-0.180825,-0.827905,0.291565,-0.011767,0.832984,-0.406996,-0.826675,0.740101,0.705393,0.187286,-0.647387,-0.189708,0.960557,-0.172291,0.837094,0.874354,-0.336517,0.132047,1.992885,-2.215217,-0.035833,0.057872,-0.681202,0.369648,-0.280121,0.665184,-0.002870,-0.974587,0.979125,-0.095120,-1.324966,1.003537,0.979683,0.088082,-0.465629,0.853490,-0.631368,0.447561,0.678815,-1.093788,0.399596,0.285615,-1.313604,-0.582259,-0.328185,-0.136643,-0.158268,0.770493,-0.277239,0.567106,1.015682,-0.473433,0.926315,1.410196,-0.510613,0.593072,1.699471,-0.431055,0.033003,-0.900573,-0.493969,-0.511713,-1.331449,-0.172365,-0.566256,-1.356702,-0.093768,-0.508826,-1.318766,0.216304,-0.745362,-0.774762,-0.573362,-0.411279,-0.668827,-1.031275,-0.349025,-0.693893,-0.572406,-0.245540,-1.095170,0.116939,-0.085711,0.419855,-1.234502,-0.335662,0.705992,-0.898349,-0.101387,-0.048804,-0.233562,0.004866,-0.121050,-0.126427,0.072267,-0.287116,-1.209942,-0.198763,0.560314,-0.661709,0.056787,-0.305048,-0.258673,0.156951,0.050845,-0.291301,0.114082,-0.443826,-0.950896,-0.066942,0.706917,-0.441466,0.155406,-1.315420,-0.200576,0.211957,-0.115930,-0.329189,0.195795,-0.885272,-0.536673,-2.683349,1.050062,-0.245894,-2.617554,0.144357,-0.574333,-2.608960,0.995283,-0.436400,-2.481885,-0.075810,-0.406281,-2.132391,-1.232717,-0.602131,-2.461235,0.882638,-0.343748,-2.638628,-0.307987,-0.366045,-2.407908,-0.299356,-0.478593,-1.849611,0.932885,-0.498570,-1.884905,-0.106620,-0.426787,-1.905342,1.381452,-0.533369,-1.700848,0.314495,-0.013189,-1.620800,-0.048529,-0.491958,-2.188578,0.491075,-0.191211,-1.858386,-0.392467,0.031630,-2.009477,0.989050,-0.302794,-2.349911,1.152030,-0.638281,-1.971265,0.203394,-0.324077,-2.047414,-0.097492,0.002854,-2.498054,-0.595055,-0.154036,-2.466614,1.469353,-0.240875,-2.249708,1.399827,-0.312127,-2.084718,1.474751,-0.282697,-2.033691,2.645921,-0.388177,-2.233247,2.154865,-0.413402,-2.335578,-0.182290,-0.046766,-2.280144,-1.200022,-0.290904,-1.950583,1.664146,-0.393280,-2.101944,0.730335,-0.468736,-2.962288,-1.621386,-0.321884,-2.791505,-0.357382,-0.148711,-2.838270,-1.519708,-0.310558,-2.388304,-1.454073,0.097740,-2.076537,-0.384719,0.108957,-2.947808,-1.674185,0.240130,-2.370773,-1.045492,-0.444817,-2.363372,1.587273,-0.586731,-2.641387,-0.854747,-0.102050,-2.300630,1.017842,-0.492481,-2.180758,-0.197947,-0.142506,-2.885139,-0.198959,-0.407950,-2.635660,-1.541163,-0.485907,-2.335372,1.017474,-0.126361,-1.911882,-0.444759,-0.239511,-1.915742,1.518409,-0.498292,-2.309443,-0.771868,-0.284237,-2.058577,1.401515,-0.003301,-1.981608,-0.316526,-0.629588,-2.666394,0.051086,-0.442403,-2.543070,-1.165813,-0.028099,-1.984332,1.772219,0.073900,-2.549677,0.080268,0.011785,-2.098772,0.695484,-0.396805,-2.792273,0.604903,-0.102840,-2.136822,-0.220601,-0.375742,-1.903766,1.740926,-0.104503,-2.443583,0.236206,-0.069758,-2.254256,0.357714,-0.195858,-2.602496,-0.454024,-0.491583,-2.391344,-0.935405,-0.194822,-2.792846,-1.085199,-0.168198,-2.426915,0.671677,-0.063186,-2.416444,0.286738,-0.027425,-2.019349,1.787574,-0.096035,-2.388815,1.394037,-0.029272,-1.996423,1.455917,-0.069451,-2.449840,0.131511,-0.114570,-2.403178,0.815505,-0.380727,-1.946812,1.026091,-0.440007,-2.290987,-0.232985
-0.456264,-3.297429,-1.982582,-0.718936,-0.308525,0.919450,-0.088371,0.036746,0.474439,-0.218762,0.306586,1.406155,-0.434989,-0.020634,0.595478,-1.035447,-0.495447,0.202707,0.860721,-0.209425,0.063438,-1.474097,-0.395883,0.609571,-0.426775,-0.554195,-0.813346,0.446544,-1.034345,-0.625062,0.446544,-1.034345,-0.000001,0.446544,-1.034345,-0.000001,-0.555348,-0.262842,-0.106259,-0.555348,-0.262842,-0.000001,-0.555348,-0.262842,-0.000001,-0.493217,-0.681687,-1.139155,-0.886230,-3.784260,-1.445039,-0.961084,-1.230914,-0.286074,-0.571335,-1.779575,-1.405233,-0.555366,-0.262827,-0.000001,-0.555366,-0.262827,-0.000001,-0.555348,-0.262827,-0.000001,0.446544,-1.034345,-0.000001,0.446549,-1.034345,-0.000001,0.446544,-1.034345,-0.000001,0.551977,-0.474212,-0.787740,0.780713,-1.215962,0.345884,0.418330,-1.189184,0.392694,-0.405696,0.316199,-1.544683,-0.144708,0.379448,-0.034605,0.642639,-1.028677,-0.132172,1.312621,0.035791,-0.025287,0.110317,-0.764854,0.083463,2.391526,-2.672872,-0.715267,0.150241,-0.835322,-0.343804,-0.335376,0.278454,-0.072101,-0.726634,1.007120,-0.078242,-0.727418,0.519550,0.789172,-0.253212,-0.204452,0.462890,-0.638355,0.425640,1.015657,-0.451680,-0.139591,0.627890,-0.598182,-0.290191,0.485942,0.390383,0.521760,-0.199904,-0.276861,0.426909,0.854226,-0.539890,0.820988,1.420305,-0.227618,0.343492,1.289887,-0.714204,0.221257,0.495433,-0.891094,0.072677,-0.744901,-0.549419,-0.336906,-1.168187,-0.451434,-0.561811,0.536957,-0.176178,-0.789837,0.933907,-1.097240,-0.085692,1.112765,-0.238973,0.022684,0.248878,0.482847,0.034821,1.031240,0.925392,0.105204,1.087268,-1.087247,0.114928,0.716633,0.311022,0.292478,0.330113,-0.419324,0.222784,-0.274164,-0.833055,0.094632,0.278292,-0.766815,0.251264,0.726226,0.402019,0.412321,0.041407,-0.155492,0.316564,0.099897,-0.642524,0.286514,1.122841,-0.245312,0.355422,-0.711376,0.431973,0.454711,0.736126,0.157583,0.448605,0.545625,-0.158247,0.433107,0.734948,-0.630707,-2.955822,-0.407895,-0.328915,-2.755396,1.582525,-0.876206,-2.626215,0.141514,-0.513626,-2.370030,1.169653,-0.470488,-2.554342,-0.689697,-0.852559,-2.194354,0.478313,-0.595027,-2.264047,0.118287,-0.342223,-2.045334,-0.378290,-0.655752,-1.986430,0.722213,-0.625182,-2.492820,-0.286462,-0.254317,-1.667469,1.619839,-0.584672,-1.910908,0.996561,-0.037586,-2.014822,-0.658396,-0.511085,-2.130035,0.329017,-0.410221,-1.904550,-0.369987,-0.192558,-2.158191,0.758136,-0.309731,-1.975206,0.918743,-0.725223,-2.197277,-0.466726,0.077102,-1.947246,-0.355917,0.210766,-2.020194,0.037502,-0.156911,-2.000084,-0.239397,-0.464564,-2.141866,0.396875,-0.470284,-2.398366,1.506055,-0.409909,-1.949755,2.045513,-0.234505,-2.133068,1.907788,-0.483831,-1.371036,0.815255,-0.086129,-2.065639,-0.140474,-0.488999,-2.140842,1.547827,-0.593386,-2.275923,0.680523,-0.405231,-2.127088,-1.521071,-0.513943,-2.495294,-1.655537,-0.116238,-2.453153,-1.843566,-0.028573,-2.404572,-1.175273,0.163744,-2.087141,-0.352038,-0.055129,-2.467976,-1.572953,0.086407,-2.060502,-1.764109,-0.731859,-2.179578,0.251182,-0.617633,-1.820185,-2.052218,-0.335753,-1.832343,0.403660,-0.478566,-1.983968,-1.203834,-0.377480,-2.540862,1.041340,-0.437022,-2.868834,-1.386116,-0.628678,-2.587826,0.300408,-0.009769,-1.716669,-0.512695,-0.337119,-1.720426,1.540455,-0.578131,-1.992903,-0.046675,-0.380205,-1.823428,1.027223,0.110859,-1.757646,-0.459861,-0.617730,-2.547112,0.221300,-0.412543,-2.465083,-1.065398,-0.213903,-1.948527,2.487021,-0.098005,-2.507983,-0.020762,0.094873,-2.063399,0.826414,-0.552792,-2.339885,0.433719,-0.228683,-2.076806,-0.222489,-0.527447,-1.829232,1.419182,-0.269432,-1.861833,0.681263,-0.253445,-2.111781,1.177322,-0.138063,-1.952204,0.577067,-0.237685,-2.294544,-1.133613,-0.393603,-2.146810,-0.462558,-0.112278,-2.033723,0.874019,0.008155,-2.352940,0.000751,-0.189981,-1.965403,1.510432,-0.237409,-1.998299,1.143663,-0.192796,-1.942920,1.351889,0.001590,-2.385840,0.074672,-0.059918,-2.013487,0.977011,-0.644351,-2.129276,1.786796,-0.549074,-1.762177,-1.427594
-0.464335,-3.264047,-1.686823,-0.719667,-0.305734,1.009330,-0.088249,0.041321,0.614703,-0.209370,0.493831,-0.031748,-0.437553,0.163234,1.736834,-1.035447,-0.503344,-0.217993,-1.131765,-0.213614,-0.969863,-1.491374,-0.373022,0.455865,-0.449781,-1.009969,-1.158762,-0.348369,-1.035765,-1.315628,-0.348369,-1.035765,-0.000001,-0.348369,-1.035765,-0.000001,-0.572530,-0.924767,-0.985752,-0.572530,-0.924767,-0.000001,-0.572530,-0.924767,-0.000001,-0.506708,-0.635599,-0.812312,-0.901177,-3.735285,-1.281839,-0.958265,-1.151841,0.524251,-1.110446,-1.766166,-1.279886,-0.572548,-0.924751,-0.000001,-0.572548,-0.924751,-0.000001,-0.572530,-0.924751,-0.000001,-0.348369,-1.035765,-0.000001,-0.348364,-1.035765,-0.000001,-0.348369,-1.035765,-0.000001,-0.935764,-0.461171,-0.881701,-0.741192,-0.304222,-0.804869,0.033925,1.008461,-1.293691,-0.315228,0.814684,-0.421048,-0.034532,-0.224792,0.020791,0.730695,-0.718154,-0.019934,0.310612,0.064792,-0.198522,0.194890,-0.206004,-0.066310,0.570720,0.173996,-0.554780,-0.856257,-0.416119,0.208057,-0.257837,-0.169739,0.006632,-0.198518,1.028147,-0.072517,-1.499364,1.783622,-0.233385,-0.640062,-0.684519,0.135160,-0.099481,-0.030611,0.606325,-0.380895,-0.121480,-0.413814,-1.442709,0.246585,-1.307449,-0.723518,-0.928413,-1.383614,-0.720150,-0.022424,0.401432,-0.472018,0.132325,0.002275,-0.994070,-0.147738,0.055664,-0.701183,0.564472,1.053552,-1.186880,0.461374,0.655568,-1.341625,0.239473,0.660843,-1.372952,-0.085377,0.292782,-1.314516,-0.446765,0.632398,-0.957686,0.354607,-0.410763,-0.307359,0.324704,0.879796,0.335480,0.219287,1.046216,0.811327,0.086598,1.128192,-0.481164,0.505811,1.047688,0.429942,0.473087,0.919264,-0.248105,0.494756,-0.415803,-0.705118,0.408646,0.129794,0.174762,0.603024,0.762246,0.650471,0.537133,0.472013,0.163685,0.593716,-0.132039,-0.304183,0.578765,0.071401,0.721278,0.647399,-0.070076,0.818474,0.656207,0.986824,0.655923,0.705367,0.174689,0.444207,0.722293,0.156359,-0.815199,-1.912493,0.367259,-0.512717,-2.549762,0.408126,-0.878427,-2.549774,0.767954,-0.725248,-2.433653,0.632405,-0.686225,-2.098283,-0.475896,-0.896679,-1.879877,-0.306055,-0.689183,-1.978659,0.642326,-0.480308,-1.833731,1.162610,-0.608155,-1.839740,0.798155,-0.874687,-1.433415,-0.542116,-0.569451,-1.889295,0.783099,-0.672006,-1.324767,-0.784448,-0.143061,-1.588812,1.025595,-0.622209,-2.144134,0.009935,-0.104692,-1.804833,-0.651337,-0.309064,-1.949421,1.063032,-0.655249,-2.267136,0.980988,-0.744999,-1.918666,-0.563644,-0.432838,-2.000889,-0.750331,-0.113372,-2.064104,-0.633695,-0.525019,-1.674313,-0.038177,-0.619588,-1.843243,0.833842,-0.440151,-1.574889,1.802257,-0.412484,-1.646850,2.177237,-0.526534,-1.757702,1.870643,-0.554708,-1.009457,0.706187,-0.172739,-1.596782,0.275971,-0.683172,-1.902597,1.422484,-0.789529,-2.049545,0.622743,-0.602960,-1.939216,-1.182153,-0.706231,-2.027056,-1.953194,-0.490554,-1.580934,-1.757468,-0.430043,-1.835186,-0.782948,-0.026768,-2.040163,-0.612761,-0.018718,-1.904683,-1.103444,0.107031,-1.673469,-2.348756,-0.798732,-1.994060,-0.010985,-0.703225,-1.297010,-1.567898,-0.444047,-1.333015,-0.028404,-0.853729,-1.443840,-1.269639,-0.486364,-2.240588,1.052819,-0.767347,-1.987154,-0.576904,-0.616854,-2.266623,-0.228229,-0.021671,-1.461570,-0.262998,-0.623154,-1.465193,1.540455,-0.631062,-1.654642,-0.455317,-0.661434,-1.586072,0.900661,-0.121355,-1.531584,-0.201052,-0.986675,-2.077698,0.908134,-0.554193,-1.997271,-0.749436,-0.150416,-1.626618,0.881549,-0.289718,-1.439668,-0.576316,-0.114900,-1.716675,0.648756,-0.537687,-1.562403,0.614625,-0.242232,-1.774270,-0.310587,-0.776638,-1.559336,0.221876,-0.492188,-1.499532,1.438105,-0.462639,-1.709923,2.062766,-0.326358,-1.554226,1.231386,-0.603831,-1.580083,-1.422850,-0.525352,-1.695649,0.065445,-0.294466,-1.736089,0.007287,-0.190569,-1.673463,-0.498489,-0.157187,-1.677816,0.233257,-0.509645,-1.702689,0.705477,-0.408973,-1.657694,0.174195,-0.196296,-1.339192,-0.091303,-0.237973,-1.718502,-0.079554,-0.746055,-1.897123,2.093183,-0.569690,-1.547752,-1.553425
-0.464335,-3.264047,-1.686823,-0.719667,-0.305734,1.009330,-0.088249,0.041321,0.614703,-0.209370,0.493831,-0.031748,-0.437553,0.163234,1.736834,-1.035447,-0.503344,-0.217993,-1.131765,-0.213614,-0.969863,-1.491374,-0.373022,0.455865,-0.449781,-1.009969,-1.158762,-0.348369,-1.035765,-1.315628,-0.348369,-1.035765,-0.000001,-0.348369,-1.035765,-0.000001,-0.572530,-0.924767,-0.985752,-0.572530,-0.924767,-0.000001,-0.572530,-0.924767,-0.000001,-0.506708,-0.635599,-0.812312,-0.901177,-3.735285,-1.281839,-0.958265,-1.151841,0.524251,-1.110446,-1.766166,-1.279886,-0.572548,-0.924751,-0.000001,-0.572548,-0.924751,-0.000001,-0.572530,-0.924751,-0.000001,-0.348369,-1.035765,-0.000001,-0.348364,-1.035765,-0.000001,-0.348369,-1.035765,-0.000001,-0.935764,-0.461171,-0.881701,-0.741192,-0.304222,-0.804869,0.033925,1.008461,-1.293691,-0.315228,0.814684,-0.421048,-0.034532,-0.224792,0.020791,0.730695,-0.718154,-0.019934,0.310612,0.064792,-0.198522,0.194890,-0.206004,-0.066310,0.570720,0.173996,-0.554780,-0.856257,-0.416119,0.208057,-0.257837,-0.169739,0.006632,-0.198518,1.028147,-0.072517,-1.499364,1.783622,-0.233385,-0.640062,-0.684519,0.135160,-0.099481,-0.030611,0.606325,-0.380895,-0.121480,-0.413814,-1.442709,0.246585,-1.307449,-0.723518,-0.928413,-1.383614,-0.720150,-0.022424,0.401432,-0.472018,0.132325,0.002275,-0.994070,-0.147738,0.055664,-0.701183,0.564472,1.053552,-1.186880,0.461374,0.655568,-1.341625,0.239473,0.660843,-1.372952,-0.085377,0.292782,-1.314516,-0.446765,0.632398,-0.957686,0.354607,-0.410763,-0.307359,0.324704,0.879796,0.335480,0.219287,1.046216,0.811327,0.086598,1.128192,-0.481164,0.505811,1.047688,0.429942,0.473087,0.919264,-0.248105,0.494756,-0.415803,-0.705118,0.408646,0.129794,0.174762,0.603024,0.762246,0.650471,0.537133,0.472013,0.163685,0.593716,-0.132039,-0.304183,0.578765,0.071401,0.721278,0.647399,-0.070076,0.818474,0.656207,0.986824,0.655923,0.705367,0.174689,0.444207,0.722293,0.156359,-0.815199,-1.912493,0.367259,-0.512717,-2.549762,0.408126,-0.878427,-2.549774,0.767954,-0.725248,-2.433653,0.632405,-0.686225,-2.098283,-0.475896,-0.896679,-1.879877,-0.306055,-0.689183,-1.978659,0.642326,-0.480308,-1.833731,1.162610,-0.608155,-1.839740,0.798155,-0.874687,-1.433415,-0.542116,-0.569451,-1.889295,0.783099,-0.672006,-1.324767,-0.784448,-0.143061,-1.588812,1.025595,-0.622209,-2.144134,0.009935,-0.104692,-1.804833,-0.651337,-0.309064,-1.949421,1.063032,-0.655249,-2.267136,0.980988,-0.744999,-1.918666,-0.563644,-0.432838,-2.000889,-0.750331,-0.113372,-2.064104,-0.633695,-0.525019,-1.674313,-0.038177,-0.619588,-1.843243,0.833842,-0.440151,-1.574889,1.802257,-0.412484,-1.646850,2.177237,-0.526534,-1.757702,1.870643,-0.554708,-1.009457,0.706187,-0.172739,-1.596782,0.275971,-0.683172,-1.902597,1.422484,-0.789529,-2.049545,0.622743,-0.602960,-1.939216,-1.182153,-0.706231,-2.027056,-1.953194,-0.490554,-1.580934,-1.757468,-0.430043,-1.835186,-0.782948,-0.026768,-2.040163,-0.612761,-0.018718,-1.904683,-1.103444,0.107031,-1.673469,-2.348756,-0.798732,-1.994060,-0.010985,-0.703225,-1.297010,-1.567898,-0.444047,-1.333015,-0.028404,-0.853729,-1.443840,-1.269639,-0.486364,-2.240588,1.052819,-0.767347,-1.987154,-0.576904,-0.616854,-2.266623,-0.228229,-0.021671,-1.461570,-0.262998,-0.623154,-1.465193,1.540455,-0.631062,-1.654642,-0.455317,-0.661434,-1.586072,0.900661,-0.121355,-1.531584,-0.201052,-0.986675,-2.077698,0.908134,-0.554193,-1.997271,-0.749436,-0.150416,-1.626618,0.881549,-0.289718,-1.439668,-0.576316,-0.114900,-1.716675,0.648756,-0.537687,-1.562403,0.614625,-0.242232,-1.774270,-0.310587,-0.776638,-1.559336,0.221876,-0.492188,-1.499532,1.438105,-0.462639,-1.709923,2.062766,-0.326358,-1.554226,1.231386,-0.603831,-1.580083,-1.422850,-0.525352,-1.695649,0.065445,-0.294466,-1.736089,0.007287,-0.190569,-1.673463,-0.498489,-0.157187,-1.677816,0.233257,-0.509645,-1.702689,0.705477,-0.408973,-1.657694,0.174195,-0.196296,-1.339192,-0.091303,-0.237973,-1.718502,-0.079554,-0.746055,-1.897123,2.093183,-0.569690,-1.547752,-1.553425
-0.506238,-3.227862,-1.518208,-0.713035,-0.317332,0.995998,-0.686862,0.041321,0.401882,0.053658,0.808193,0.043717,-0.442098,0.487910,0.565501,-1.030119,-0.505852,0.450101,-1.141215,-1.265995,-0.019096,0.593319,-0.413029,0.678162,-0.422395,-1.475458,0.205967,0.434883,-1.412470,0.083632,0.434883,-1.412470,-0.000001,0.434883,-1.412470,-0.000001,-0.559490,-0.938986,-1.326161,-0.559490,-0.938986,-0.000001,-0.559490,-0.938986,-0.000001,-0.534777,-0.603170,-1.118088,-0.940562,0.134475,-0.892905,-0.963644,0.830969,0.823035,-0.584395,-0.197546,-0.701210,-0.559508,-0.938970,-0.000001,-0.559508,-0.938970,-0.000001,-0.559490,-0.938970,-0.000001,0.434883,-1.412470,-0.000001,0.434888,-1.412470,-0.000001,0.434883,-1.412470,-0.000001,-0.012054,-0.125066,0.276541,0.000479,-1.020568,1.017071,-0.849662,-0.282679,0.004611,-0.277834,-0.299602,-1.436541,-0.632825,-0.132175,0.828613,-0.346202,-0.562907,0.082570,0.567894,-0.520650,-0.127324,-0.656552,-0.226370,0.121120,1.865847,-2.869006,0.453737,-0.328539,-0.237353,-0.092869,0.037466,1.225447,0.440172,-0.911230,1.878926,1.740632,-0.956274,1.637167,2.340143,-0.618185,0.502194,1.253973,-0.647429,1.765209,2.464993,-0.952506,2.093180,1.381371,-0.790414,0.459734,0.741162,0.117303,0.660765,0.974986,-0.029927,1.160190,1.911700,-0.231064,2.087549,1.743685,-0.355509,0.541570,1.552586,-0.429640,0.885659,0.792914,-1.060045,0.908882,0.051240,-1.461858,0.869971,-0.155953,-1.772589,0.575091,0.272749,-1.829163,0.276478,0.656277,-1.317860,1.095464,-1.242513,-0.697341,0.800746,-1.109724,-0.025459,0.674291,0.015242,0.322527,0.490741,1.130985,-0.508362,1.028075,-0.478586,-0.016839,0.819281,-1.009361,-0.770359,0.695161,-1.675966,-1.145095,0.599740,-1.031020,0.388633,1.013171,-0.078418,0.432316,0.864420,-2.028591,0.092367,0.717290,-1.578487,-0.255766,0.717953,-0.770718,0.942609,0.975110,0.153039,0.617949,0.993680,-2.104378,0.521138,0.852373,-1.652016,0.501547,0.812344,-1.113999,-1.019997,-1.352301,1.318074,-0.886533,-1.236564,-0.454388,-0.879356,-1.035475,0.904740,-0.717152,-0.786658,-0.608384,-0.668053,-1.130245,-1.561035,-1.060844,-0.939838,1.344812,-0.840317,-0.832064,-1.091606,-0.814825,-0.797625,-1.425711,-0.927268,-0.700825,0.094828,-0.896223,-1.068583,-0.677954,-0.804299,-0.680348,0.152773,-0.863464,-1.101275,0.862380,-0.983253,-0.780402,-0.562059,-0.770580,-0.787964,0.919345,-0.850777,-0.547504,1.082351,-0.875085,-0.853947,-0.499744,-0.791232,-0.412737,-0.705270,-0.963801,-0.892152,0.039069,-0.866221,-1.191637,-0.662254,-0.776081,-1.130504,-1.338795,-0.671200,-1.502768,-0.757350,-0.734782,-1.306879,1.240474,-0.737201,-0.902128,0.779110,-0.677899,-1.156698,0.132121,-0.772655,-1.159286,0.629400,-0.769613,-0.379141,-0.293667,-0.787718,-0.659023,0.972750,-0.769679,-1.270611,1.071162,-0.876915,-1.252043,1.317199,-0.951118,-1.003610,-0.450032,-1.044807,-0.922108,-0.831231,-1.046594,-1.108649,-0.440328,-0.988618,-0.724054,0.714467,-1.066665,-1.109514,1.463578,-1.059211,-0.818084,-0.304629,-0.953070,-1.294454,0.051965,-0.982283,-1.413180,0.220495,-0.871424,-1.060020,-0.844758,-0.809858,-1.110412,-1.126961,-0.978792,-1.175182,-0.612216,-0.621857,-1.201639,-0.613373,-0.936176,-0.937221,0.239005,-0.899972,-1.298540,1.159749,-0.948000,-0.784876,0.806920,-0.614332,-0.788144,0.506079,-0.847936,-1.222219,0.130903,-0.652760,-1.266820,0.160950,-0.793876,-1.227522,0.555329,-0.872098,-0.735191,-0.480106,-1.095881,-0.789207,0.830584,-1.192010,-1.189011,0.275263,-1.082698,-1.320984,-0.850917,-1.143619,-0.894405,1.767308,-0.844955,-1.023937,-1.234169,-1.036312,-1.304647,-0.349841,-0.815719,-1.094055,0.700005,-0.803991,-0.823363,-1.149584,-1.055745,-0.429544,-0.493340,-0.925355,-0.799011,-1.085461,-1.147735,-1.005430,-0.674403,-1.072853,-0.940500,-1.135392,-1.121983,-1.274072,-0.762395,-1.001565,-1.173977,-1.313431,-1.209278,-1.238349,-0.342005,-1.077789,-1.243816,-1.089448,-0.967017,-1.221836,-0.287746,-1.003871,-1.197659,-1.271040,-1.046718,-1.260599,-0.927734,-0.903836,-1.197428,1.210147,-0.815258,-0.946941,-0.694747
-0.522004,0.174129,-1.044175,-0.734033,0.779061,0.698281,-0.686378,1.273424,-0.317186,0.580449,0.871209,0.105819,-0.441259,0.763155,-1.184588,-1.053075,-1.418685,0.557671,-1.159761,-0.207331,-0.488859,-1.467196,-0.384453,0.332229,-0.435536,-1.014379,-0.290034,-0.346832,-1.402546,-0.348176,-0.346832,-1.402546,-0.000001,-0.346832,-1.402546,-0.000001,-0.559490,-0.928633,-1.341976,-0.559490,-0.928633,-0.000001,-0.559490,-0.928633,-0.000001,-0.540987,-0.589998,-1.126031,-0.953154,0.177950,-0.650168,-0.985677,-1.173744,0.755675,-1.111174,-0.210341,-0.517885,-0.559508,-0.928617,-0.000001,-0.559508,-0.928617,-0.000001,-0.559490,-0.928617,-0.000001,-0.346832,-1.402546,-0.000001,-0.346828,-1.402546,-0.000001,-0.346832,-1.402546,-0.000001,0.689038,-0.805132,-1.028289,-0.158705,-1.205669,-1.034528,-0.869137,-0.309465,-2.110267,-0.275155,-0.152979,-0.707871,0.014753,-0.244243,0.193194,-1.146076,-0.129077,0.742512,-0.197986,0.679293,1.658968,-0.232965,-0.222287,0.013392,2.160743,-2.969944,-0.111923,-1.370363,0.779857,1.020592,-0.646830,1.229065,0.018553,-0.610183,1.014129,0.928446,-0.191491,0.529112,1.473462,-0.605790,0.805612,1.233821,-0.065632,0.911119,2.199518,0.032925,0.338106,1.488388,-0.012213,-0.795408,1.467266,0.888264,0.529281,1.268438,0.518829,0.437703,1.168061,0.292996,1.531245,-0.350863,0.726330,0.870410,1.340442,-0.614083,1.305785,0.670182,-1.333255,1.381892,0.804384,-1.648216,1.432482,0.544711,-2.052727,1.292272,0.978788,-2.317545,1.080863,1.057087,-1.345885,1.489896,-0.156809,-0.974187,1.405861,-0.321644,-0.431986,1.272908,0.259691,0.146483,1.005033,0.514884,-0.557880,1.495241,-0.578778,-0.046876,1.286162,-0.061577,-0.945120,1.157351,-1.418486,-1.298358,1.023912,-0.796596,0.380671,1.424391,0.228368,0.389806,1.225682,-0.040758,-0.198077,1.115666,-0.939544,-0.585150,1.123740,-0.444344,0.714486,1.424379,-0.997847,0.710924,1.295660,0.145215,0.561894,1.203688,-0.185929,0.282980,1.189234,-0.276060,-1.024775,-0.545943,0.888397,-1.080296,-0.591066,-0.919003,-1.106594,-1.178473,0.400921,-0.941615,-1.061015,-1.521468,-1.277565,-0.857748,-1.472003,-1.115986,-0.781631,1.935486,-1.176871,-0.721221,-1.169728,-1.184861,-0.735539,-1.184103,-1.132776,-0.663436,0.346800,-1.146180,-0.570668,-0.446512,-1.114384,-0.582919,0.368013,-0.945770,-0.617605,0.798517,-1.077240,0.029938,-0.363465,-0.875060,-0.394939,1.069104,-0.946749,-0.046379,0.432409,-0.765681,-0.269683,0.247096,-0.681407,-0.267353,0.820518,-0.998624,-0.755776,0.298043,-1.151417,-1.041252,0.344726,-1.105815,-1.313283,-0.897711,-0.798171,-1.309935,-0.088057,-0.896960,-1.137538,1.906444,-0.709908,-0.689725,1.079773,-0.923291,-0.978081,1.136106,-0.807752,-0.936563,1.168902,-0.836443,-0.592851,-0.549563,-0.865832,-0.406186,-1.056713,-0.968907,-0.791132,1.274276,-1.078164,-0.737167,1.396712,-1.151846,-0.493406,-0.749077,-1.240012,-0.942792,-0.763125,-1.194639,-0.776327,-0.482028,-1.155903,-0.320210,0.687410,-1.253544,-0.771267,1.508243,-1.264277,-0.417739,-0.357368,-1.180738,-1.014112,0.195003,-1.061495,-1.341869,0.760579,-0.968399,-1.301932,-0.479829,-0.925069,-1.337958,-0.449736,-1.119051,-1.102372,0.088906,-0.970003,-0.523327,-1.119284,-1.033515,-0.838917,-0.652922,-1.136020,-0.617284,1.345452,-0.954451,-0.670063,0.879034,-0.898601,-0.673271,0.716751,-0.898321,-0.499605,-0.417437,-0.932252,-0.751647,0.666043,-1.020630,-0.736861,1.098162,-1.010822,-0.435649,-0.399463,-1.240105,-0.480467,0.859523,-1.365966,-0.969171,0.056420,-1.272697,-1.088393,-1.003815,-1.348666,-0.659786,1.640710,-1.097478,-0.772505,-1.269542,-1.304051,-1.104348,-0.645796,-1.066538,-0.920845,0.716616,-1.027676,-0.596626,-1.222256,-1.006600,-0.182944,-0.627855,-1.114992,-0.551223,-1.237168,-1.292549,-0.804464,-0.702687,-1.207521,-0.648380,-0.918114,-1.303514,-1.077017,-0.965916,-1.198087,-0.964921,-1.423160,-1.421105,-1.047564,-0.466560,-1.346423,-1.048102,-1.144474,-1.182321,-1.032617,-0.368864,-1.199565,-0.986968,-1.336856,-1.224130,-1.065298,-1.063498,-1.015788,-0.705041,0.621169,-1.074650,-0.854471,0.339221
-0.535448,0.245777,-0.657115,-0.705121,-0.307031,0.576121,-0.067154,0.054576,-0.557162,0.843275,0.936391,0.047621,-0.803954,1.411062,-1.172205,-1.054709,-1.411686,1.183671,-1.151116,0.886884,-0.110049,-1.497827,-0.395883,0.888787,-0.467336,-1.009085,-0.401545,-0.360339,-0.669695,-1.636757,-0.360339,-0.669695,-0.000001,-0.360339,-0.669695,-0.000001,-2.098278,-0.924767,0.614422,-2.098278,-0.924767,-0.000001,-2.098278,-0.924767,-0.000001,-0.542601,-0.546263,-0.831008,-0.965361,0.244392,-0.131817,-0.986701,-1.154688,0.851325,-1.116875,1.350041,0.110362,-2.098296,-0.924751,-0.000001,-2.098296,-0.924751,-0.000001,-2.098278,-0.924751,-0.000001,-0.360339,-0.669695,-0.000001,-0.360334,-0.669695,-0.000001,-0.360339,-0.669695,-0.000001,-1.378154,0.185020,-0.529828,-2.040881,-0.108828,-0.297767,-1.921651,1.744330,0.333405,-0.874459,0.836653,0.495951,-1.876822,0.744919,0.372633,-1.582348,-0.060567,-0.410383,-0.537783,-0.167448,0.894536,-0.389262,-0.854585,-1.068001,1.450144,-2.214069,-1.077184,-1.449537,0.505518,-0.764216,-1.010305,1.131467,-1.119129,-0.431755,0.979125,0.032732,0.445175,0.191580,1.116402,-1.203388,0.521416,-0.467439,-0.973050,1.856459,0.405775,-0.248164,1.333256,-0.832262,0.166109,1.442514,-0.458917,-0.434030,0.326392,1.324181,-0.700664,1.490914,0.529279,-0.750308,2.311719,0.468472,-0.827305,1.104129,0.433490,-0.620781,1.262887,0.670182,-1.338596,1.332849,0.804384,-1.652867,1.371765,0.544711,-2.057876,1.225698,0.978788,-2.322647,1.015576,1.057087,-1.352589,1.442318,-0.156809,-0.984750,1.349954,-0.321644,-0.442416,1.212678,0.259691,0.138562,0.945524,0.514884,-0.565647,1.453866,-0.578778,-0.055949,1.237930,-0.061577,-0.954097,1.109568,-1.418486,-1.305782,0.980141,-0.796596,0.373908,1.385348,0.228368,0.383502,1.182314,-0.040758,-0.205127,1.073051,-0.939544,-0.591795,1.083973,-0.444344,0.709397,1.386471,-0.997847,0.706115,1.254968,0.145215,0.556613,1.163930,-0.185929,0.277191,1.151891,-0.276060,-1.050379,-0.194522,0.985941,-1.291499,-0.390685,0.544730,-0.939881,-0.415455,0.525094,-1.382624,-0.438720,-1.328191,-1.332607,-1.042403,-0.243821,-1.197624,-1.035554,1.740977,-1.773787,-0.454060,-0.867748,-1.813315,-0.540832,0.359036,-1.630399,-0.925079,-0.830338,-1.201864,0.025530,-0.359851,-1.479502,-0.813374,-0.235690,-1.331120,-0.403389,-0.510313,-1.452571,-0.101757,0.366080,-1.261374,0.166846,1.484694,-1.297161,0.048063,0.731111,-0.928742,-0.063928,-0.532898,-0.854065,0.115035,0.199382,-1.061255,-0.477164,1.409317,-1.232115,-0.770449,1.260921,-1.225273,-0.598322,0.158124,-1.209561,-0.611925,-1.097158,-1.100506,-0.483541,0.592180,-1.215365,-0.310817,0.360082,-1.216462,-0.671614,0.223628,-1.150825,-0.556435,0.570905,-1.214263,-0.223428,-1.006817,-1.218807,0.068021,-0.591448,-1.213706,-0.553223,0.004468,-1.325447,-0.512777,0.298079,-1.140038,-0.308094,-1.078114,-1.228528,-0.483305,-1.097750,-1.380180,-0.321773,-0.087210,-1.362879,-0.269108,1.357451,-1.244575,-0.305743,1.400642,-1.271642,0.131773,0.629771,-1.205830,-0.302277,-0.090021,-1.173503,-0.828211,-0.446414,-1.099689,-1.099652,-0.666546,-1.302087,-1.143120,-0.874252,-1.058458,-0.907427,-0.297746,-1.349073,-0.224572,-1.305758,-1.165298,0.036041,-0.209095,-1.175223,-0.297561,0.959404,-1.235062,-0.412153,1.348797,-1.234633,-0.415226,0.332431,-1.242206,-0.157745,-0.164519,-1.262638,-0.511675,0.196860,-1.291161,-0.508308,1.051582,-1.423400,-0.530914,-1.313699,-1.201595,-0.533996,1.911811,-1.580971,-0.654053,0.552321,-1.742490,-0.394824,-0.446391,-1.597519,-0.675590,1.978022,-1.400492,-0.010334,-1.597897,-1.623481,-0.472767,-0.379618,-1.367856,-0.658700,-0.741705,-1.802633,-0.244893,-0.580977,-1.776283,-0.307173,0.220915,-1.852620,-0.165022,-0.128239,-1.253882,-0.106074,-0.007659,-1.596112,-0.209010,0.690790,-1.771224,-0.455667,-1.276642,-1.681885,-0.299495,-0.511124,-1.678453,-0.450257,-0.263458,-1.667445,-0.430980,-1.471569,-1.690135,-0.440214,-0.409791,-1.681323,-0.316338,-0.642710,-1.681231,-0.449480,-1.101083,-1.164201,-0.473957,-0.240533,-1.145236,-0.637533,-0.377120
-0.543518,0.201267,-1.150149,-0.719667,-0.345248,1.088923,-0.076730,-0.002782,0.221566,0.843578,0.998806,-0.149187,-0.684400,1.501762,-0.585546,-1.056894,-1.426045,1.549561,-1.139581,-0.207331,-0.246487,-1.488767,-0.435820,1.028332,-0.443762,-1.009969,-0.708150,-0.352359,-1.035055,-1.054841,-0.352359,-1.035055,-0.000001,-0.352359,-1.035055,-0.000001,-0.574610,-0.926045,-0.441395,-0.574610,-0.926045,-0.000001,-0.574610,-0.926045,-0.000001,-1.889596,-0.585292,-1.301713,-0.961420,0.204054,-0.603589,-0.983370,-1.154688,0.858158,-1.115527,1.354318,-0.267975,-0.574628,-0.926029,-0.000001,-0.574628,-0.926029,-0.000001,-0.574610,-0.926029,-0.000001,-0.352359,-1.035055,-0.000001,-0.352354,-1.035055,-0.000001,-0.352359,-1.035055,-0.000001,-1.456411,-0.828574,-1.075155,-1.808292,-0.348781,0.101204,-2.303170,2.266160,0.433730,-0.796572,1.709012,0.908302,-1.831282,-0.317349,0.365801,-2.131243,0.434887,0.330225,-1.331167,0.606703,1.792987,-0.256510,0.250916,-0.177983,-0.983524,0.302475,-0.328878,-1.960656,0.739784,0.493189,-1.093029,1.178457,0.411347,-0.634849,1.423790,0.496147,-0.213974,0.901625,1.414432,-1.112612,0.755683,0.490966,-0.549015,0.860014,1.077646,0.010494,0.291061,0.177390,-0.037877,1.209611,0.588030,0.069617,0.484200,1.357331,0.991530,0.390971,0.683284,0.270642,1.145046,-0.834766,0.280108,1.337847,0.184660,-0.643378,1.277149,0.638059,-1.260998,1.311955,0.441627,-1.407808,1.311472,0.219106,-1.941830,1.251067,0.871386,-2.229856,1.076831,0.979682,-1.087426,1.538644,0.560581,-0.574073,1.409189,0.132979,-0.019650,1.260672,1.114809,0.472236,1.027860,0.741081,-0.337844,1.488959,0.826134,0.163643,1.323334,0.793347,-0.541357,1.214193,-0.817243,-0.999875,1.048739,-0.605409,0.425717,1.428855,1.132337,0.561455,1.262322,1.501679,0.014054,1.169396,-0.376570,-0.441221,1.183374,0.182411,0.790205,1.415210,1.247556,0.824292,1.325364,0.826803,0.623694,1.265669,0.059479,0.367573,1.248118,0.270371,-1.231454,-0.665351,1.292278,-1.276010,-0.652393,-0.475008,-1.326596,-0.494327,0.859513,-1.146021,-0.319422,-1.529120,-1.280109,-0.769860,-1.384398,-1.310209,-0.668032,1.485408,-1.152919,-0.560924,-0.966747,-1.144084,-0.581050,-1.089617,-1.316379,-0.550950,0.606032,-1.306064,-0.892598,-0.234094,-1.263225,-0.481606,0.339769,-1.319323,-0.913222,1.160278,-1.414641,-0.451263,-0.680054,-1.207417,-0.371420,0.544263,-1.246095,-0.067881,1.128833,-1.294721,-0.335281,-0.292538,-1.003526,-0.398436,-0.307361,-1.235760,-0.463335,0.241502,-1.382149,-0.816115,0.039270,-1.332671,-1.057733,-0.930770,-1.263661,-1.060444,-1.179914,-1.101626,-0.890007,1.431558,-0.882143,-0.825780,1.281542,-1.082349,-0.751674,0.652906,-0.959832,-0.659540,0.905863,-1.229105,-0.303523,-0.714718,-1.202795,0.025445,0.236646,-1.165851,-0.873854,0.688479,-1.277106,-0.813411,1.186100,-1.350273,-0.552868,-0.459191,-1.432978,-0.606502,-0.799611,-1.378366,-0.785715,-0.317594,-1.338983,-0.326981,0.869657,-1.435512,-0.776939,1.423926,-1.442256,-0.426156,-0.099903,-1.358204,-0.690493,-0.032157,-1.288283,-1.076278,0.395187,-1.189584,-1.045561,-0.660630,-1.124976,-1.095305,-0.903744,-1.321419,-1.169308,-0.139730,-1.170998,-0.624611,-1.019543,-1.255530,-0.359752,-0.096172,-1.303756,-0.727323,1.257662,-1.329064,-0.760065,1.183501,-1.296340,-0.363097,0.212373,-1.276150,-0.617550,-0.216073,-1.323308,-0.833909,0.079853,-1.162218,-0.815210,0.979750,-1.450090,-0.383621,-0.700198,-1.419090,-0.446491,1.186152,-1.550910,-0.954676,0.356667,-1.692502,-1.070118,-0.792030,-1.524094,-0.644316,1.900842,-1.278950,-0.749726,-1.357174,-1.471232,-0.738777,-0.714319,-1.244771,-0.889468,0.432758,-1.464169,-0.544514,-1.371567,-1.457110,-0.636865,-0.687352,-1.565657,-0.491530,-1.274933,-1.472267,-0.762507,-0.573530,-1.610174,-0.600218,-0.678100,-1.493568,-1.052385,-1.001247,-1.627789,-0.937156,-1.051497,-1.600156,-0.704345,-0.129763,-1.254809,-1.023638,-1.263700,-1.611371,-1.010391,-0.073986,-1.627454,-0.958986,-1.087566,-1.650903,-1.040886,-0.959367,-1.235340,-0.784573,0.600955,-1.224551,-0.929882,-0.610838
-0.544293,0.223522,-0.922828,-0.717463,-0.343308,1.178477,-0.068486,-0.003753,0.096725,0.840819,0.998326,-0.368344,-0.682558,1.409916,-0.481249,-1.735876,-1.424972,1.968355,-1.114877,-0.194791,-0.081961,-1.501304,-0.447250,1.016400,-0.424033,-1.016147,-0.135025,0.432583,-1.403256,-0.135189,0.432583,-1.403256,-0.000001,0.432583,-1.403256,-0.000001,-0.562149,-0.933809,0.062471,-0.562149,-0.933809,-0.000001,-0.562149,-0.933809,-0.000001,-0.557459,-0.565088,-1.227267,-0.963391,0.219880,-0.522474,-0.982217,0.825301,0.831426,-1.123096,1.357052,-0.177924,-0.562167,-0.933794,-0.000001,-0.562167,-0.933794,-0.000001,-0.562149,-0.933794,-0.000001,0.432583,-1.403256,-0.000001,0.432588,-1.403256,-0.000001,0.432583,-1.403256,-0.000001,-2.006657,-0.492469,-0.419573,-2.367145,-0.355643,-0.088616,-2.317975,2.252767,0.570078,-0.811856,1.210528,0.446033,-1.243658,-0.351493,-0.043322,-2.151063,0.124364,0.149578,-0.800540,0.577703,2.402587,-0.271865,-0.303901,0.134774,-0.992890,0.295586,-0.410264,-1.431224,0.323667,0.064240,-1.110461,1.156749,0.230635,-1.097518,0.947626,0.352123,-0.653421,0.054647,1.111000,-1.135223,0.237220,0.421965,-1.023301,0.838093,0.987710,-0.388564,-0.201081,0.328140,-0.519709,0.676786,0.135812,0.050169,-0.022978,0.970871,0.004356,0.369382,0.603884,-0.112840,0.426680,0.438537,-1.001501,0.803046,0.473904,-0.691321,1.305361,0.678662,-1.258543,1.333637,0.708286,-1.565395,1.428455,0.092458,-1.919757,1.209535,0.717703,-1.974427,0.709218,1.243890,-1.084082,1.498994,0.943619,-0.527965,1.386241,0.285137,0.065970,1.235894,0.982681,0.567697,1.015979,0.837542,-0.333842,1.445740,0.821666,0.203310,1.293350,0.800086,-0.467966,1.184489,-0.799231,-0.910958,1.049427,-0.563009,0.480944,1.396403,1.348824,0.589035,1.235418,1.613468,0.071718,1.152005,-0.295119,-0.412345,1.150269,0.246948,0.773536,1.383700,0.972507,0.845348,1.300187,0.870440,0.626606,1.241055,0.076088,0.370689,1.224993,0.251426,-1.052601,-0.399605,0.256738,-1.293623,-0.588713,0.542617,-0.942290,-0.626843,-0.426283,-1.385093,-0.652522,-1.427594,-1.524566,-0.613757,-0.024735,-1.200475,-0.656608,2.023089,-1.547704,-0.655853,-1.502365,-1.592659,-0.717673,-0.723266,-1.389441,-0.657438,-0.303187,-1.208609,-0.548852,-0.982650,-1.487537,-0.515228,0.001222,-1.339400,-0.871730,0.478713,-1.460416,-0.270207,-0.407344,-1.269426,-0.013951,0.343260,-1.304616,-0.131384,1.419511,-1.364081,0.325092,-0.077849,-1.083217,0.580271,0.000255,-1.064340,-0.205819,0.555154,-1.235415,-0.546182,1.906542,-1.469346,-0.708631,1.047754,-1.460420,-0.719619,-0.574793,-1.105886,-0.587304,0.481278,-1.221660,0.000433,-0.537853,-0.983122,-0.436517,0.384599,-1.158478,-0.267678,0.616700,-1.222348,-0.763916,-0.615230,-1.226322,-0.107611,-1.396173,-1.219912,-0.294472,0.208767,-1.072368,-0.207832,0.453348,-1.146064,-0.934258,-1.666787,-1.234389,-0.953792,-0.814476,-1.385030,-0.848648,-0.615524,-1.368070,-0.424216,0.545310,-1.250345,-0.435672,1.469179,-1.277719,-0.020465,-0.200843,-1.462401,-0.734059,0.229904,-1.177341,-0.926106,0.157613,-1.103757,-0.873375,-0.938779,-1.533537,-0.927930,-0.545124,-1.063373,-1.010774,-0.041734,-1.581781,-0.966848,-1.674909,-1.169381,-0.136358,-1.168987,-1.181799,0.086515,0.807885,-1.241522,-0.134723,1.128941,-1.242129,-0.137650,-0.110294,-1.249676,0.246223,-1.148028,-1.270008,-0.219712,0.627501,-1.297389,-0.230236,1.574719,-1.428269,-0.153809,-1.960737,-1.206303,-0.184935,1.124427,-1.586267,-0.756147,2.421840,-1.748239,-0.863530,0.237127,-1.603539,-0.432440,3.110613,-1.407569,-0.530305,-1.885910,-1.374560,-0.913720,-0.770205,-1.374833,-0.758852,-0.013786,-1.808959,-0.386951,-1.326835,-1.782721,-0.466073,-0.168108,-1.858270,-0.322387,-0.675025,-1.258610,-1.007877,-0.095051,-1.600605,-0.373236,-0.159203,-1.776691,-0.889477,-0.083173,-1.687788,-0.766410,-0.017037,-1.684620,-0.865327,1.176745,-1.408136,-0.861838,-1.392576,-1.696338,-0.851876,1.121058,-1.687200,-0.786905,-0.136645,-1.686573,-0.879428,0.131025,-1.412116,-0.196361,-0.443357,-1.152252,-0.740875,0.166210
-2.430907,0.249939,-1.073834,-0.709718,-0.306599,0.560580,-0.059272,0.053620,-0.580496,0.713330,0.875779,-0.072444,-0.681579,1.227371,0.052917,-1.736693,-1.418510,1.396344,-1.128473,-0.184320,-1.158865,-1.496115,-0.487187,1.322449,-0.422930,-1.013495,-0.758725,0.445626,-1.040727,-1.263650,0.445626,-1.040727,-0.000001,0.445626,-1.040727,-0.000001,-0.564536,-0.927339,0.186065,-0.564536,-0.927339,-0.000001,-0.564536,-0.927339,-0.000001,-1.903630,-0.504881,-1.188883,-1.005900,0.272812,-1.340527,-0.989777,-1.181862,0.818126,-1.126728,1.386604,0.079466,-0.564554,-0.927323,-0.000001,-0.564554,-0.927323,-0.000001,-0.564536,-0.927323,-0.000001,0.445626,-1.040727,-0.000001,0.445631,-1.040727,-0.000001,0.445626,-1.040727,-0.000001,-1.993688,-0.171950,0.016873,-1.809127,-0.386479,0.059063,-1.829609,1.342954,-1.161874,-0.295378,0.686405,-0.026481,-0.613757,-1.053168,0.221053,-2.139328,-0.199844,0.684808,-0.783623,-0.119074,1.456837,-0.255094,-0.360966,0.436759,-0.667492,0.279526,0.086441,-1.974709,0.286679,0.540802,-0.679150,0.166383,0.469039,-0.637587,0.902108,0.789469,-0.639075,0.430386,1.348443,-1.127189,0.194979,0.959702,-0.558771,0.316166,1.704286,-0.377655,0.225904,0.355323,-0.505451,0.629425,0.250774,0.055953,-0.064344,1.206382,-1.210084,0.326248,1.223443,-0.103519,0.394274,0.112578,-0.567611,0.759475,0.332415,-0.987510,1.023604,0.549040,-1.415760,0.985099,0.405366,-1.504610,0.886232,0.390872,-1.711279,0.622326,0.703273,-1.846353,0.316075,1.022849,-1.319676,1.024847,-0.275553,-0.586457,1.087769,-0.596498,0.103349,1.041113,-0.008124,0.606845,0.860004,0.359345,-0.779869,1.089373,0.039414,-0.054288,1.039034,-0.275000,-0.520444,0.922263,-1.626559,-0.902897,0.772142,-1.124568,-0.032375,1.103980,0.814931,0.314104,1.037343,-0.330438,0.004239,0.966523,-1.143130,-0.378588,0.918152,-0.549151,0.585958,1.118001,-0.676260,0.561749,1.126250,0.082503,0.393954,1.096444,-0.578845,0.200998,1.073682,-0.460743,-1.382322,-0.615750,0.247127,-1.051593,-0.602143,-0.098486,-1.280734,-0.438251,0.939858,-1.102395,-0.260125,-0.143049,-1.045854,-0.082151,-0.988460,-1.265214,-0.616440,0.239622,-1.332970,0.141698,-0.021343,-1.319118,0.033831,-0.212741,-1.257464,-0.512527,0.468883,-1.492698,-0.409925,-0.467109,-1.199924,-0.440533,0.535261,-1.258204,-0.520227,0.453170,-1.585471,0.143197,-0.189379,-1.377732,-0.322340,1.206777,-1.399848,-0.021162,1.679644,-1.240300,-0.293213,0.140087,-1.170828,-0.351389,0.424462,-1.417264,-0.827766,-1.035588,-1.097355,-0.795563,-1.879113,-1.278004,-0.276374,-1.959770,-1.206694,-0.297611,-1.128300,-1.295797,-0.511294,0.737158,-1.313292,-0.350777,0.440200,-1.267053,-0.393224,-0.587362,-1.151960,-0.633488,0.441447,-1.420606,0.145995,-0.938932,-1.370480,0.064837,0.466704,-1.364629,-0.101237,0.337509,-1.477902,-0.340388,0.238288,-1.550549,-0.030127,0.998574,-1.373239,0.151473,-0.546031,-1.553428,0.063344,0.016848,-1.518935,-0.285835,0.921534,-1.620045,-0.314821,0.971052,-1.629328,0.115356,0.367124,-1.551134,-0.329252,-0.307168,-1.234407,0.926662,-0.257328,-1.377083,1.264146,-2.613948,-1.072460,1.098254,-0.208751,-1.265741,0.248349,-1.424880,-1.118196,-0.005642,0.563915,-1.200399,0.262995,-0.453507,-1.491842,-0.134022,0.041023,-1.046442,2.467965,-0.874427,-1.235745,2.466405,-0.178261,-1.217226,0.591218,-0.675108,-1.263731,-0.382319,-0.056666,-1.109316,-0.385106,-1.334590,-1.395021,-0.335948,0.212880,-1.589633,-0.402997,0.721329,-1.495052,-0.592820,-1.471942,-1.635898,-0.315274,-1.263265,-1.709177,-0.614635,0.568886,-1.481673,0.087148,-0.677560,-1.668032,-0.369279,-1.358916,-1.444627,-0.536702,0.040849,-1.403640,-0.044991,-0.915156,-1.395809,-0.076107,-0.025356,-1.506061,0.063813,-0.556066,-1.420578,0.061014,-0.728259,-1.559160,-0.021624,-0.488480,-1.435906,-0.353855,-1.432416,-1.569778,-0.185864,-1.654941,-1.541424,-0.356875,-1.334861,-1.460046,-0.329861,-1.587603,-1.552289,-0.665475,-1.399503,-1.569688,-0.201818,-1.521549,-1.594549,-0.348574,-1.588731,-1.425649,2.049308,-1.551742,-1.166509,1.196809,-2.052847
-2.430907,0.249939,-1.073834,-0.709718,-0.306599,0.560580,-0.059272,0.053620,-0.580496,0.713330,0.875779,-0.072444,-0.681579,1.227371,0.052917,-1.736693,-1.418510,1.396344,-1.128473,-0.184320,-1.158865,-1.496115,-0.487187,1.322449,-0.422930,-1.013495,-0.758725,0.445626,-1.040727,-1.263650,0.445626,-1.040727,-0.000001,0.445626,-1.040727,-0.000001,-0.564536,-0.927339,0.186065,-0.564536,-0.927339,-0.000001,-0.564536,-0.927339,-0.000001,-1.903630,-0.504881,-1.188883,-1.005900,0.272812,-1.340527,-0.989777,-1.181862,0.818126,-1.126728,1.386604,0.079466,-0.564554,-0.927323,-0.000001,-0.564554,-0.927323,-0.000001,-0.564536,-0.927323,-0.000001,0.445626,-1.040727,-0.000001,0.445631,-1.040727,-0.000001,0.445626,-1.040727,-0.000001,-1.993688,-0.171950,0.016873,-1.809127,-0.386479,0.059063,-1.829609,1.342954,-1.161874,-0.295378,0.686405,-0.026481,-0.613757,-1.053168,0.221053,-2.139328,-0.199844,0.684808,-0.783623,-0.119074,1.456837,-0.255094,-0.360966,0.436759,-0.667492,0.279526,0.086441,-1.974709,0.286679,0.540802,-0.679150,0.166383,0.469039,-0.637587,0.902108,0.789469,-0.639075,0.430386,1.348443,-1.127189,0.194979,0.959702,-0.558771,0.316166,1.704286,-0.377655,0.225904,0.355323,-0.505451,0.629425,0.250774,0.055953,-0.064344,1.206382,-1.210084,0.326248,1.223443,-0.103519,0.394274,0.112578,-0.567611,0.759475,0.332415,-0.987510,1.023604,0.549040,-1.415760,0.985099,0.405366,-1.504610,0.886232,0.390872,-1.711279,0.622326,0.703273,-1.846353,0.316075,1.022849,-1.319676,1.024847,-0.275553,-0.586457,1.087769,-0.596498,0.103349,1.041113,-0.008124,0.606845,0.860004,0.359345,-0.779869,1.089373,0.039414,-0.054288,1.039034,-0.275000,-0.520444,0.922263,-1.626559,-0.902897,0.772142,-1.124568,-0.032375,1.103980,0.814931,0.314104,1.037343,-0.330438,0.004239,0.966523,-1.143130,-0.378588,0.918152,-0.549151,0.585958,1.118001,-0.676260,0.561749,1.126250,0.082503,0.393954,1.096444,-0.578845,0.200998,1.073682,-0.460743,-1.382322,-0.615750,0.247127,-1.051593,-0.602143,-0.098486,-1.280734,-0.438251,0.939858,-1.102395,-0.260125,-0.143049,-1.045854,-0.082151,-0.988460,-1.265214,-0.616440,0.239622,-1.332970,0.141698,-0.021343,-1.319118,0.033831,-0.212741,-1.257464,-0.512527,0.468883,-1.492698,-0.409925,-0.467109,-1.199924,-0.440533,0.535261,-1.258204,-0.520227,0.453170,-1.585471,0.143197,-0.189379,-1.377732,-0.322340,1.206777,-1.399848,-0.021162,1.679644,-1.240300,-0.293213,0.140087,-1.170828,-0.351389,0.424462,-1.417264,-0.827766,-1.035588,-1.097355,-0.795563,-1.879113,-1.278004,-0.276374,-1.959770,-1.206694,-0.297611,-1.128300,-1.295797,-0.511294,0.737158,-1.313292,-0.350777,0.440200,-1.267053,-0.393224,-0.587362,-1.151960,-0.633488,0.441447,-1.420606,0.145995,-0.938932,-1.370480,0.064837,0.466704,-1.364629,-0.101237,0.337509,-1.477902,-0.340388,0.238288,-1.550549,-0.030127,0.998574,-1.373239,0.151473,-0.546031,-1.553428,0.063344,0.016848,-1.518935,-0.285835,0.921534,-1.620045,-0.314821,0.971052,-1.629328,0.115356,0.367124,-1.551134,-0.329252,-0.307168,-1.234407,0.926662,-0.257328,-1.377083,1.264146,-2.613948,-1.072460,1.098254,-0.208751,-1.265741,0.248349,-1.424880,-1.118196,-0.005642,0.563915,-1.200399,0.262995,-0.453507,-1.491842,-0.134022,0.041023,-1.046442,2.467965,-0.874427,-1.235745,2.466405,-0.178261,-1.217226,0.591218,-0.675108,-1.263731,-0.382319,-0.056666,-1.109316,-0.385106,-1.334590,-1.395021,-0.335948,0.212880,-1.589633,-0.402997,0.721329,-1.495052,-0.592820,-1.471942,-1.635898,-0.315274,-1.263265,-1.709177,-0.614635,0.568886,-1.481673,0.087148,-0.677560,-1.668032,-0.369279,-1.358916,-1.444627,-0.536702,0.040849,-1.403640,-0.044991,-0.915156,-1.395809,-0.076107,-0.025356,-1.506061,0.063813,-0.556066,-1.420578,0.061014,-0.728259,-1.559160,-0.021624,-0.488480,-1.435906,-0.353855,-1.432416,-1.569778,-0.185864,-1.654941,-1.541424,-0.356875,-1.334861,-1.460046,-0.329861,-1.587603,-1.552289,-0.665475,-1.399503,-1.569688,-0.201818,-1.521549,-1.594549,-0.348574,-1.588731,-1.425649,2.049308,-1.551742,-1.166509,1.196809,-2.052847
-2.410542,0.263869,-0.941907,0.211687,-0.291566,-0.380214,1.196637,0.065182,-1.096879,0.581765,0.873374,0.138030,-0.683770,1.087047,-0.485384,-1.737377,-0.506750,1.296016,0.862355,-0.178063,-1.631976,-1.508205,-0.498617,1.954063,-0.428414,-1.469269,0.030475,0.447312,-1.405378,0.562222,0.447312,-1.405378,-0.000001,0.447312,-1.405378,-0.000001,-0.568678,-0.936398,0.606615,-0.568678,-0.936398,-0.000001,-0.568678,-0.936398,-0.000001,-1.890403,-0.499256,-1.032838,-0.998427,0.263355,-1.254662,-0.991185,-1.195226,0.803455,-1.126209,1.369234,-0.155338,-0.568696,-0.936382,-0.000001,-0.568696,-0.936382,-0.000001,-0.568678,-0.936382,-0.000001,0.447312,-1.405378,-0.000001,0.447317,-1.405378,-0.000001,0.447312,-1.405378,-0.000001,-0.544060,-1.539906,-1.130225,-1.945513,-1.291358,0.126020,-1.478051,0.459886,-2.123657,-0.917211,0.671729,0.366494,-0.765785,-1.072679,0.367450,-1.782669,0.087852,1.288720,-0.922827,-0.143231,1.692069,-0.371772,-0.377299,1.079429,-1.058453,0.274933,0.579412,-2.115574,0.274338,0.409277,-0.785756,0.151955,0.915475,-0.750255,0.884584,1.282592,-1.170446,0.831584,1.562818,-1.248253,-0.323531,1.429643,-0.673950,0.301552,2.026960,-0.474993,-0.258993,1.904579,-0.622780,0.100551,1.490599,-0.044906,-0.079341,1.382035,-0.296164,0.311855,1.523467,0.171388,0.032404,0.118338,0.168720,0.224674,1.424205,-1.013565,0.788410,0.332868,-1.251716,0.685853,0.470001,-1.376154,0.556922,0.524657,-1.421693,0.323249,0.242814,-1.380041,-0.042914,0.749204,-0.908880,0.716790,-0.593787,-0.305933,0.856181,-0.573551,0.527953,0.842447,-0.209245,0.946308,0.739522,0.596263,-0.784744,0.844687,0.360644,0.080336,1.108005,-1.571103,-0.180573,1.032222,-0.754490,-0.571678,0.873028,-0.616112,-0.481878,0.945172,-0.837686,0.234670,1.151473,-0.944517,-0.143447,1.078836,-0.753093,-0.550345,0.970929,-0.300566,-0.085189,0.992049,-2.114197,0.368198,1.131728,-0.816301,0.074704,1.153973,-0.820675,-0.176515,1.136455,0.128584,-1.244933,-0.631669,0.606516,-1.104273,-0.610320,-0.297707,-1.340337,-0.440107,1.181287,-1.158512,-0.254542,-0.674153,-1.099534,-0.070402,-1.322246,-1.320348,-0.602028,1.009636,-1.394704,0.162192,-0.972106,-1.377243,0.053677,-0.933690,-1.318361,-0.498065,-0.087403,-1.304320,0.046234,-0.911918,-1.257729,-0.427606,0.127252,-1.311248,-0.511913,0.064224,-1.633667,0.151430,-0.180350,-1.197768,-0.319703,0.854068,-1.237361,-0.024343,1.796164,-1.284944,-0.302238,0.038506,-1.217022,-0.368671,-0.154651,-1.249978,-0.449830,0.119413,-1.394946,-0.485666,-1.212546,-1.343434,-0.292134,-1.669706,-1.022532,-0.312997,-1.752199,-1.107224,-0.525177,0.385832,-1.372217,-0.368561,-0.743121,-1.323870,-0.407262,-1.464520,-1.209559,-0.651478,-0.212697,-1.222348,0.129150,-1.553136,-1.418532,0.042488,1.132077,-1.168846,-0.111820,-0.068661,-1.280132,-0.350140,0.202423,-1.353291,-0.037877,0.655073,-1.435914,0.148236,-1.046438,-1.383208,0.062637,0.007554,-1.342721,-0.287197,1.117463,-1.438076,-0.315576,1.095157,-1.443993,0.114019,0.462588,-1.358651,-0.330735,-0.483181,-1.299564,0.588892,-0.808827,-1.199449,0.929065,-1.426399,-0.902688,1.090293,-0.172345,-1.085862,0.240028,-1.638617,-0.947500,-0.018943,0.036324,-1.265431,-0.331438,0.156607,-1.303097,-0.148272,-0.008746,-1.099296,2.457326,0.336914,-1.292161,2.455760,-1.154111,-1.029597,0.576212,-0.113098,-1.319200,-0.393150,-0.563740,-1.160272,-0.797419,-0.173256,-1.456648,-0.329594,-0.503885,-1.423807,-0.398902,1.311922,-1.554518,-0.590750,-0.600117,-1.695047,-0.312664,-0.926323,-1.525597,-0.612734,1.334569,-1.544927,0.090332,-1.365105,-1.728431,-0.365989,-1.077305,-1.506752,-0.532674,-0.387017,-1.720389,-0.038067,-1.319477,-1.459409,-0.068340,-0.430829,-1.569267,0.071505,-0.767301,-1.477003,-0.328033,-0.438045,-1.615646,-0.015518,-0.209141,-1.497062,-0.350619,-1.389987,-1.630185,-0.182046,-1.207144,-1.601480,-0.674542,-0.794386,-1.523443,-0.326647,-1.867845,-1.612703,-0.662657,-0.914965,-1.629840,-0.197970,-1.270209,-1.654543,-0.345367,-1.372376,-1.244291,1.638938,-1.718550,-1.221566,0.837143,-1.754546
-0.541595,0.271514,-0.749959,0.214441,-0.300373,-0.171180,1.193000,0.051442,0.121355,0.185704,0.806509,-0.292172,-0.562235,0.580134,-1.454290,-1.739153,-1.429451,1.963157,-1.105805,0.882695,-1.916619,-1.526325,-0.452965,1.171972,-0.474993,-1.931221,0.543801,0.435037,-1.772868,0.586313,0.435037,-1.772868,-0.000001,0.435037,-1.772868,-0.000001,-2.111028,-1.613835,0.473951,-2.111028,-1.613835,-0.000001,-2.111028,-1.613835,-0.000001,-1.889060,-0.491737,-0.980493,-0.991746,0.238843,-0.953655,-0.991568,-1.205769,0.853113,-1.642932,1.354318,-0.195229,-2.111047,-1.613819,-0.000001,-2.111047,-1.613819,-0.000001,-2.111028,-1.613819,-0.000001,0.435037,-1.772868,-0.000001,0.435042,-1.772868,-0.000001,0.435037,-1.772868,-0.000001,-1.428419,-2.183520,-1.208881,-1.559558,-1.908292,-0.039361,-1.039518,-0.868043,-1.867420,0.058850,0.319868,-0.761992,-0.144226,-0.570752,-0.161771,-1.627832,-0.674785,0.362312,-0.588970,-0.854538,1.371586,0.025395,-0.911700,-0.308668,-0.117306,-0.024434,-0.946353,-1.502734,-0.323632,0.088448,-1.050040,0.618194,-0.224879,-0.912254,0.485437,0.154432,-0.429459,-0.260574,0.902159,-1.249344,-0.511714,0.431715,-1.016335,0.403763,1.246537,-0.662290,0.356173,-0.480640,-0.334247,-0.124451,0.448770,-0.472297,-0.203349,1.251081,-0.963905,0.063844,1.596179,-0.422529,1.239560,1.062148,-0.866812,0.545535,0.600944,-0.877249,-0.085933,-0.053821,-0.624245,-0.197581,-0.285829,-0.465980,-0.479837,0.719070,-0.272552,-0.684964,0.604676,0.020888,-0.995110,0.586894,-0.698698,0.040546,0.235564,0.492202,0.226059,0.345840,1.252232,0.371919,1.268092,1.266833,0.504117,-0.811448,-0.702074,0.195633,0.358474,0.675187,0.389701,-0.598402,0.029708,0.327231,-0.550079,-0.387017,0.191563,0.159887,-0.499231,0.283712,0.394148,0.526443,0.451184,-0.655829,0.155271,0.381385,-0.091869,-0.304240,0.355670,0.705901,-0.267280,0.315074,-0.646747,0.417385,0.473774,-0.410518,0.304219,0.474755,0.118319,0.081374,0.450240,0.035647,-1.276169,-0.334732,0.521382,-1.322983,-0.460783,-0.061112,-1.178631,-0.422828,1.345413,-1.015319,-0.378719,-0.854203,-1.162733,-0.305468,-1.052665,-1.207764,-0.339588,0.501812,-1.305296,-0.255088,-0.834124,-1.107941,-0.348631,-0.699840,-1.077853,-0.787198,-0.092092,-1.119643,-0.262804,-0.485608,-1.113227,-0.688563,0.784923,-1.209291,-0.679545,0.493449,-1.330953,-0.562118,-0.872800,-1.360014,-0.385030,0.688116,-1.385315,-0.562750,1.136413,-1.231864,-0.140526,0.325317,-1.165876,-0.040431,0.732113,-1.088031,-0.593811,-0.454780,-1.250479,-0.886303,-0.065951,-1.468917,-0.743509,-1.442576,-1.193225,-0.387000,-2.181846,-1.065837,-0.611567,0.163176,-1.151238,-0.472976,0.137180,-1.137249,-0.469090,-0.172013,-1.302694,-0.309123,0.561945,-1.349939,-0.381761,-1.760109,-1.327963,-0.133166,-1.022240,-1.161245,-0.280900,0.104429,-1.272454,-0.164452,0.602995,-1.345633,0.105210,-0.584795,-1.175999,-0.514976,-1.373670,-1.347707,-0.328998,-0.592199,-1.322140,-0.274518,0.779528,-1.433166,-0.308764,0.893477,-1.455266,-0.370672,-0.139704,-1.387563,-0.311176,-0.450100,-1.178832,0.078740,-1.255231,-1.096250,0.761800,1.749023,-1.288039,0.931439,0.232932,-1.271736,-0.295444,-2.051707,-1.105713,-0.343778,-1.603850,-1.161845,-0.081824,0.446963,-1.345793,-0.427705,0.285874,-1.158002,1.068474,-2.794447,-1.136577,1.066179,-1.953577,-1.138464,0.281939,0.293572,-1.166230,-0.609240,0.389850,-1.216869,-0.601230,0.157062,-1.399252,-0.465619,-0.454194,-1.389222,-0.489985,1.035381,-1.537374,-0.633345,-1.150978,-1.453769,-0.368194,-1.313016,-1.538912,-0.655058,0.537641,-1.322134,0.022401,-0.752009,-1.278580,-0.775891,-1.643866,-1.289438,-0.617863,0.113040,-1.232597,-0.178137,-1.096029,-1.205442,-0.229990,-0.236716,-1.300366,-0.088584,-0.786592,-1.442277,-0.441615,-0.735734,-1.570112,-0.146253,-0.335678,-1.236882,-0.421520,-1.577786,-1.384794,-0.261497,-1.714636,-1.370947,-0.737013,-1.284015,-1.045726,-0.727165,-1.314264,-1.380797,-0.724615,-1.260916,-1.385484,-0.278043,-1.549866,-1.398137,-0.415637,-1.604505,-1.153935,0.227154,-0.663246,-1.295561,0.663669,-2.006662
-0.531600,0.215155,-0.976124,-0.728693,0.779493,0.799499,-0.089218,1.266436,0.289903,-0.084413,0.370684,0.929536,-0.559811,-0.203214,0.044059,-1.058128,-1.419408,1.525234,-1.133826,-1.278535,-0.207428,-1.492244,-0.521478,0.551668,-0.521005,-0.554195,-1.229058,-1.155251,-0.297952,-1.170340,-1.155251,-0.297952,-0.000001,-1.155251,-0.297952,-0.000001,-2.090573,-0.927339,0.609569,-2.090573,-0.927339,-0.000001,-2.090573,-0.927339,-0.000001,-0.553670,-0.573525,-1.320016,-0.965361,0.166900,-1.117060,-0.991568,-1.186317,0.947021,-1.125899,-0.187187,-0.893678,-2.090591,-0.927323,-0.000001,-2.090591,-0.927323,-0.000001,-2.090573,-0.927323,-0.000001,-1.155251,-0.297952,-0.000001,-1.155247,-0.297952,-0.000001,-1.155251,-0.297952,-0.000001,-1.544814,-2.240837,-0.306836,-1.011484,-1.997411,-0.746326,-0.294171,-0.801161,-0.427998,-0.194613,-0.878714,-0.169271,-0.530083,-0.911834,1.387639,-0.762297,-2.129236,0.403799,-0.466683,-2.572176,-0.658903,-0.580189,-2.498521,-1.098346,0.328885,-0.470622,-0.901535,-1.378026,-1.535035,1.140879,-2.465506,1.604942,0.150630,-0.841351,0.397906,-0.312398,-0.888126,0.293454,-0.082315,-1.036769,-2.132410,0.397801,-1.044241,0.703044,1.136793,-0.893818,0.566088,-0.571340,-0.717644,-0.159960,-0.898905,-1.437968,-2.412431,0.024321,-0.738881,0.121371,1.779326,-1.298965,0.591445,1.937288,-1.576265,-1.126232,0.542205,-0.825118,-0.281513,-0.036758,-0.497610,-0.348453,-0.883157,0.294471,-0.798210,-0.728472,0.280103,-1.027117,0.709988,0.500493,-1.233221,0.863718,-0.308677,-0.455564,0.884953,0.499500,0.027971,-0.487804,1.168991,0.270431,0.879275,1.244021,0.466745,0.798466,-0.704585,-0.190121,0.082824,0.086434,0.049435,-1.271660,0.384511,0.231946,-0.847075,-0.369240,-0.011039,-0.678712,-0.675844,-0.052952,0.842768,0.296052,0.184367,-1.725425,-0.004474,0.145014,-1.058784,-0.485707,0.046641,-0.177784,-0.401914,0.006370,0.330531,0.201291,0.160637,0.396910,0.027086,0.152994,-0.068698,-0.142985,0.102670,0.091207,-1.220190,-0.525764,0.814255,-1.450521,-0.574712,1.015946,-1.110492,-0.471505,1.127922,-1.341459,-0.355282,-1.001302,-1.281644,-0.851555,-1.048157,-1.120965,-0.778119,1.884852,-1.183483,-0.718954,-1.121897,-0.965420,-0.175751,-0.907018,-0.893377,-0.662718,0.537349,-0.912324,-1.008884,-0.089452,-0.868972,-1.021126,1.158362,-1.204272,-0.973889,1.830927,-1.316634,-1.597518,-1.682906,-1.114216,-0.973482,-0.572890,-1.162667,-0.624118,0.892630,-1.424631,-0.818419,0.095304,-1.363312,-0.916100,-0.154687,-1.235341,-0.741933,0.581316,-1.156791,-1.028979,0.891043,-1.354416,-0.920912,-0.353362,-1.302747,-0.926866,-1.445192,-1.157330,-0.769231,0.497843,-1.207343,-0.672714,0.087218,-1.176208,-0.964626,-0.070011,-1.072987,-0.920051,-0.018980,-1.102640,-0.997471,-1.374755,-1.100164,-0.384356,-0.676260,-0.978811,-0.778893,0.614168,-1.088169,-0.724282,1.053466,-1.161825,-0.965278,-1.365694,-1.249716,-1.297871,-0.557079,-1.202501,-1.174819,-0.857360,-1.164224,-0.819006,0.362318,-1.262738,-0.762914,1.304304,-1.273812,-0.907306,-0.493517,-1.191260,-1.006985,0.722830,-1.067682,-1.002660,0.585921,-0.975050,0.010902,0.444893,-1.161008,-0.090868,-1.366201,-1.126763,-1.091591,-0.615022,-0.976966,-1.081434,-1.690950,-1.040192,-0.821430,-0.104082,-1.146534,-0.599637,0.727320,-1.191689,-0.258373,1.575007,-1.158392,-0.261365,-0.265024,-1.150198,-0.481021,-0.820977,-1.187678,-0.738216,0.502093,-1.249346,-0.724069,1.646450,-1.256719,-0.428296,-0.741236,-1.247764,-0.472794,0.765114,-1.374646,-0.963850,0.350883,-1.281856,-1.082623,-0.883678,-1.358111,-0.654107,1.755391,-1.108559,-1.166571,-1.131108,-1.315768,-1.099536,-0.627528,-1.077710,-0.916818,1.328865,-1.038055,-1.507284,-1.391861,-1.016466,-0.690711,-1.110005,-1.124491,-1.053607,-1.674387,-1.300240,-1.193141,-0.453628,-1.434847,-0.641313,-0.952231,-1.312474,-1.072284,-0.626893,-1.207460,-1.318880,-0.886083,-1.183537,-1.042759,0.177660,-1.089022,-1.043401,-0.840231,-1.192270,-1.027851,0.240515,-1.208898,-1.343695,-0.936745,-1.232887,-1.060607,-0.688074,-1.022998,-0.292923,1.089589,-1.085490,-0.842993,-0.798688
-0.528151,0.185936,-1.245465,-0.773814,-0.324632,1.701855,-1.338338,0.035540,1.671966,-0.217901,0.240802,0.743162,-0.442891,-0.436529,0.076337,-1.057577,-1.413132,1.293971,-1.153981,-1.303640,0.025719,-1.501304,-0.487187,0.734207,-0.528127,-1.015263,-1.283175,-1.155865,-1.035055,-1.000709,-1.155865,-1.035055,-0.000001,-1.155865,-1.035055,-0.000001,-2.091767,-0.936398,-0.146965,-2.091767,-0.936398,-0.000001,-2.091767,-0.936398,-0.000001,-1.894455,-0.582938,-1.563925,-0.960243,0.143161,-1.296561,-0.994644,-1.185500,1.183398,-1.640439,-0.168608,-0.589112,-2.091785,-0.936382,-0.000001,-2.091785,-0.936382,-0.000001,-2.091767,-0.936382,-0.000001,-1.155865,-1.035055,-0.000001,-1.155860,-1.035055,-0.000001,-1.155865,-1.035055,-0.000001,-1.015630,-2.227796,-0.714923,0.071785,-2.878315,-0.825627,0.167847,-1.209233,-0.114322,-0.212552,-1.314916,-0.670961,0.062166,-0.838787,1.139313,-1.254309,-2.403218,0.241977,0.080422,-2.499587,-0.877674,-0.123061,-1.898838,-0.212661,-0.000353,-0.302001,-0.149606,-1.381429,-1.904909,0.637556,-1.617398,0.701320,0.079978,-1.305754,0.446929,0.011236,-1.763418,0.755169,0.268215,-1.037860,-2.597100,0.572785,-1.049481,0.754149,1.988170,-1.292300,1.090785,-0.173258,-0.729050,-0.112598,-0.375528,-1.438580,-2.371064,0.153560,-0.741694,0.164505,1.950309,-1.305473,0.983017,2.335876,-1.156942,-0.555742,0.336398,-0.488962,-0.890694,-0.809091,-0.433735,-0.717388,-1.294301,0.885616,-1.089604,-0.772096,0.972951,-1.171055,0.306023,1.312568,-1.541881,0.826322,0.440406,-1.038081,0.705875,0.674887,-0.558920,-1.082402,0.804763,-0.307004,0.900085,0.736043,0.182850,0.784861,-0.055712,-0.914463,1.481203,0.242510,-0.468024,-0.836817,0.212097,-0.215662,0.733754,0.001072,-0.253322,-0.206453,-0.400618,-0.800948,0.531808,-0.207870,-0.465631,-0.516074,-0.185889,-0.305944,1.082232,-0.414039,-0.349567,0.013898,-0.542285,-0.728926,0.379086,-0.232350,-0.441982,-0.884138,-0.200864,-0.372031,0.457515,-0.412193,-0.405043,-0.307800,-1.238107,-0.902298,1.493126,-1.469276,-0.999387,0.046022,-1.344975,-0.988628,1.580491,-1.172763,-0.943024,-0.558489,-1.314594,-0.814077,-0.842373,-1.167032,-1.344137,0.198657,-1.025939,-0.767853,0.406322,-0.833800,-0.796129,0.757504,-1.272296,-1.104912,1.132999,-1.309543,-1.488827,-0.644138,-1.055665,-1.042236,1.738070,-1.398137,-1.326664,1.147080,-1.053040,-1.002586,-1.814391,-1.308073,-1.448547,-0.225427,-1.338428,-1.044978,-0.081801,-1.182433,-1.163374,0.344817,-1.114528,-0.593217,0.762773,-1.272428,-0.916375,0.475552,-1.434774,-0.832951,0.130869,-1.178138,-1.057065,-1.088081,-1.141335,-1.059791,-0.444751,-1.263140,-0.906097,1.656279,-1.098370,-0.842389,1.224079,-1.084075,-1.083214,1.414686,-1.246451,-1.063526,1.358752,-1.293006,-1.570521,-0.502726,-1.056062,-0.629700,-1.794547,-1.363702,-0.959216,1.521796,-1.216453,-0.964707,1.235580,-1.289777,-0.775652,-0.818445,-1.374147,-1.175292,-0.721216,-1.299715,-1.066346,-1.238958,-1.272269,-1.196205,-0.218428,-1.142480,-1.080723,-0.086833,-1.159799,-0.778169,-1.220785,-1.332885,-1.247330,-0.746430,-1.129859,-1.174161,0.459425,-1.286970,-0.479270,-0.627467,-1.012208,-0.555017,-1.288610,-1.221198,-1.272642,-0.114644,-1.057617,-0.817981,-0.915888,-1.353281,-1.135380,-0.445236,-1.292147,-0.883527,1.321337,-1.334112,-0.451452,-0.004033,-1.328296,-0.454545,1.263802,-1.323956,-0.777904,-0.392753,-1.354727,-0.956146,1.461924,-1.168834,-0.931631,0.522726,-1.349052,-0.913415,0.718069,-1.342469,-0.903900,-0.373554,-1.012560,-1.235483,0.402945,-0.925459,-1.020383,-0.904344,-1.005768,-0.944001,0.314090,-1.264316,-1.099335,0.176882,-0.707015,-1.389087,-0.729461,-1.232435,-1.202262,1.284535,-0.924416,-1.004514,0.212031,-0.892706,-1.156932,0.362976,-0.993081,-1.006575,-0.323746,-1.174370,-1.151554,-1.314405,-1.085745,-1.105226,-0.768444,-0.939564,-1.357144,-0.176402,-0.843411,-1.267818,-0.595111,-0.824575,-1.313850,1.068087,-0.986632,-1.326323,0.696785,-0.831171,-1.296717,0.774514,-0.846385,-1.292232,-0.483508,-0.868437,-1.342931,-0.269319,-1.347513,-0.897472,1.534072,-1.480967,-1.015217,0.175342
-0.537371,0.194302,-1.458343,-0.770318,-0.333439,1.612409,-1.347674,0.001793,1.648898,-0.611912,-0.576610,-0.481710,-0.432798,-0.988677,1.344896,-1.056077,-1.429451,1.466871,-1.176650,-0.203168,-0.768957,-1.496115,-0.418674,0.815848,-0.494154,-0.084297,-1.831521,-1.154638,0.446244,-0.478124,-1.154638,0.446244,-0.000001,-1.154638,0.446244,-0.000001,-0.554155,-0.251196,-1.625230,-0.554155,-0.251196,-0.000001,-0.554155,-0.251196,-0.000001,-1.907946,-0.579179,-1.602309,-0.987397,0.130519,-1.929746,-1.003737,-1.243907,0.285308,-1.658379,-0.218877,-0.223535,-0.554173,-0.251180,-0.000001,-0.554173,-0.251180,-0.000001,-0.554155,-0.251180,-0.000001,-1.154638,0.446244,-0.000001,-1.154633,0.446244,-0.000001,-1.154638,0.446244,-0.000001,-0.397274,-1.839559,-0.522005,-0.185248,-1.678672,-0.791480,0.049809,-1.209233,-0.254370,-0.296916,-1.146279,-0.063392,-0.011748,-1.574547,1.004991,-0.694776,-2.533381,-0.642992,0.325436,-2.528646,-0.803860,0.210594,-1.862139,-0.685366,0.269331,-0.142565,-0.141440,-1.403144,-2.062115,-1.087548,1.013516,-0.697484,0.424094,-0.186540,0.520484,0.542706,0.212738,0.080145,0.318561,-0.634965,-1.732979,0.426529,-0.091791,0.392802,1.700435,0.012564,-0.168525,0.336475,-0.035744,-0.834868,0.765075,-0.324067,-1.461915,0.520617,-0.227587,-0.069156,1.284032,-0.095872,0.799363,1.590406,0.282064,-1.233201,1.235963,-0.398158,-1.130959,-0.809091,-0.361328,-0.992078,-1.294301,0.948676,-1.429674,-0.772096,1.042769,-1.543931,0.306023,1.456824,-1.666924,0.826322,0.531299,-1.304559,0.705875,0.818095,-0.872049,-1.082402,0.767118,-0.405922,0.900085,0.357764,0.028258,0.784861,0.049583,-1.146203,1.481203,0.365524,-0.738167,-0.836817,0.333803,-0.483293,0.733754,0.101730,-0.498481,-0.206453,-0.308923,-1.019625,0.531808,-0.122403,-0.708533,-0.516074,-0.090302,-0.544629,1.082232,-0.323946,-0.572301,0.013898,-0.473288,-0.941249,0.379086,-0.167148,-0.669895,-0.884138,-0.129263,-0.594713,0.457515,-0.333707,-0.614196,-0.307800,-1.434203,-0.241034,0.952438,-1.656675,-0.373143,0.296272,-1.350731,-1.023136,0.918752,-1.375588,-0.982555,-0.971856,-1.320546,-0.227097,-0.656539,-1.373174,-0.827249,0.019452,-1.035441,-0.814993,0.262641,-0.844898,-0.838329,0.986243,-1.286029,-1.134870,1.228545,-1.324980,-1.521217,-0.611037,-1.073564,-1.511742,1.699152,-1.416473,-1.350307,2.134033,-1.296865,-2.662503,-2.206814,-1.551454,-2.065750,-0.421215,-1.558340,-1.660532,0.053450,-1.843690,-1.186374,-0.241076,-1.798821,-1.283024,-0.293866,-1.509974,-0.927444,1.281070,-1.442407,-0.840939,0.774662,-1.428237,-1.065457,-0.737574,-1.399473,-1.067984,-0.994794,-1.275436,-0.914591,1.205064,-1.355114,-0.853075,0.588470,-1.340223,-1.090385,0.110043,-1.515521,-1.072320,0.407657,-1.563259,-1.579888,-0.952406,-1.515828,-1.241273,-0.970439,-1.377510,-0.970822,0.979336,-1.490914,-0.980344,1.170287,-1.563527,-0.795064,-0.773671,-1.387887,-1.191148,-0.688552,-1.311007,-1.086225,-0.839973,-1.517075,-0.715000,0.198843,-1.394520,-1.101931,0.520795,-1.416456,-0.803003,-0.776690,-1.598418,-1.263344,-0.009435,-1.377286,-1.185277,-0.017811,-1.536692,-0.814057,-0.767286,-1.478172,-1.180781,-1.373956,-1.472161,-1.284377,0.152698,-1.296880,-0.838421,-1.439570,-1.362761,-0.579523,0.054738,-1.552278,-0.902173,1.207782,-1.574362,-0.860678,1.014767,-1.591844,-0.863986,0.133220,-1.579890,-1.376343,-1.243116,-1.371195,-0.970354,0.944294,-1.400462,-0.945162,1.489590,-1.360066,-0.945822,0.420246,-1.353470,-0.932897,-0.106547,-1.025046,-1.253518,-0.058713,-1.176953,-1.040590,-1.192754,-1.259995,-0.963248,0.415054,-1.280362,-1.121767,-0.027671,-1.238158,-1.408699,-0.911863,-1.248255,-1.221510,1.185522,-0.939098,-1.488533,-0.443194,-1.164117,-1.188481,-0.015591,-1.006623,-1.037819,-0.501520,-1.185432,-1.175306,-1.261475,-1.315227,-1.136373,-0.891652,-0.952666,-1.376439,-0.519627,-1.101237,-1.288544,-0.940525,-1.085226,-1.332309,0.509172,-1.003384,-1.345487,-0.007803,-1.093374,-1.315024,0.271962,-1.103123,-1.313121,-0.864067,-1.120369,-1.362055,-0.660400,-1.357556,-0.910948,0.298364,-1.496488,-1.373961,0.549506
-0.540445,0.198464,-1.273581,-0.752265,-0.322706,1.455834,-0.736209,0.033377,1.495040,-1.009948,-0.891091,-0.766201,-0.195694,-1.221499,0.013689,-1.737785,-1.437709,2.370742,-1.111987,-0.190603,-1.571519,-1.498697,-0.413029,0.782171,-0.540198,0.829020,-0.338205,-1.171057,0.815857,0.583778,-1.171057,0.815857,-0.000001,-1.171057,0.815857,-0.000001,-0.565422,0.417183,-0.244404,-0.565422,0.417183,-0.000001,-0.565422,0.417183,-0.000001,-1.915235,-0.564141,-1.390119,-0.987805,0.121833,-1.994282,-1.007455,-1.154292,1.293539,-1.658588,-0.188098,0.267926,-0.565440,0.417199,-0.000001,-0.565440,0.417199,-0.000001,-0.565422,0.417199,-0.000001,-1.171057,0.815857,-0.000001,-1.171052,0.815857,-0.000001,-1.171057,0.815857,-0.000001,0.107558,-2.175696,-1.817065,-0.207212,-2.124229,-1.402448,0.032119,-1.212581,-0.220043,0.181773,-1.153617,-0.144747,-0.034050,-1.584302,1.317252,-0.716051,-1.346057,-0.017841,0.302167,-1.909302,-0.462211,0.192407,-1.339988,-0.382472,-0.055114,0.004241,-0.125469,-1.428678,-1.664510,-0.940727,0.153142,-0.701058,0.354906,-0.205040,0.058296,0.233613,-0.228977,0.076958,0.122548,-0.657576,-1.237535,0.701530,-0.567164,0.389149,1.871572,-0.003656,-0.175769,0.458718,-0.055009,-0.838819,0.467565,-1.134500,-1.465675,0.270500,-0.482776,-0.072755,1.675579,-0.480217,0.445603,1.170295,0.264258,-1.237167,1.206594,-0.096764,-1.356705,-0.815274,0.649836,-1.717005,-1.266840,0.939718,-1.793680,-0.548627,1.330527,-1.913181,0.662346,1.817755,-2.087592,0.855722,0.754939,-1.569866,1.361659,0.968552,-1.064893,-0.686051,0.849061,-0.690551,1.183974,0.459761,-0.269411,0.880474,0.255080,-1.391897,2.076099,0.305993,-0.968743,-1.104134,0.113244,-0.790766,0.668486,-0.085121,-0.833509,0.249073,-0.247682,-1.302352,1.633067,-0.253288,-0.957394,0.429154,-0.231041,-0.800801,1.438862,-0.339585,-0.796962,0.401265,-0.458741,-1.233918,0.957007,-0.332426,-0.958468,0.443116,-0.268485,-0.858513,0.740064,-0.214104,-0.786902,-0.353265,-1.436766,-0.206779,1.280113,-1.659289,-0.337535,0.716459,-1.353330,-0.291541,0.821947,-1.574891,-0.938698,-0.887494,-1.512843,-0.184565,-0.432856,-1.374781,-0.787525,-0.098630,-1.267725,-0.767853,-0.034615,-1.070795,-0.796614,0.728816,-1.284704,-1.105256,0.890193,-1.322590,-1.488827,-0.715388,-1.326993,-1.480443,1.574523,-1.412333,-1.325703,1.899638,-1.292433,-2.084550,-2.455993,-1.547031,-2.029684,-0.757044,-1.554346,-1.626944,-0.488296,-1.839277,-1.156876,-0.450978,-1.794062,-1.250278,-0.380383,-1.512657,-0.909784,1.161215,-1.675608,-0.827238,0.645395,-1.671014,-1.050024,-0.690273,-1.400129,-0.685915,-1.356886,-1.275209,-0.899476,0.760638,-1.596475,-0.834084,0.137704,-1.579169,-1.076638,-0.160205,-1.512363,-1.055822,0.105890,-1.559440,-1.562662,-1.139369,-1.512070,-0.619089,-0.657863,-1.376349,-0.953265,0.532961,-1.489741,-0.958455,1.003505,-1.562358,-0.769620,-0.728805,-1.386768,-0.808923,-0.656929,-1.536686,-1.062726,-0.577509,-1.516441,-0.685152,0.524773,-1.632863,-1.076932,0.827199,-1.657941,-0.773726,-0.644617,-1.596841,-1.244075,0.136295,-1.378785,-0.842240,-0.465353,-1.537984,-0.798444,-0.752065,-1.478785,-1.166200,-1.417095,-1.472387,-1.267722,0.137000,-1.526731,-0.809801,-1.373869,-1.364058,-0.550706,0.197560,-1.550308,-0.875173,1.248563,-1.572146,-0.842254,1.230971,-1.588751,-0.845552,-0.245478,-1.576485,-1.348435,-1.366232,-1.610805,-0.949788,0.695961,-1.398326,-0.925575,1.723187,-1.360290,-0.910497,0.554885,-1.353078,-0.900728,0.063784,-1.261216,-1.233099,-0.344552,-1.175888,-1.018138,-1.224673,-1.258492,-0.941457,0.427570,-1.278240,-1.096875,-0.137584,-1.235392,-1.386976,-0.983544,-1.245926,-1.200529,1.126976,-1.190565,-1.002493,-0.448453,-1.162743,-1.154665,-0.007207,-1.005732,-1.004330,-0.491554,-1.405985,-1.149790,-1.190448,-1.315227,-1.102383,-0.787308,-1.196473,-1.355067,-0.743425,-1.100145,-1.265584,-1.159406,-1.083687,-1.312164,0.252065,-1.000756,-1.324261,-0.162037,-1.091826,-1.295044,0.069953,-1.102036,-1.289981,-1.031409,-1.119518,-1.340873,-0.876724,-1.358640,-0.891434,0.114852,-1.493719,-1.357508,0.389637
-0.540445,0.198464,-1.273581,-0.752265,-0.322706,1.455834,-0.736209,0.033377,1.495040,-1.009948,-0.891091,-0.766201,-0.195694,-1.221499,0.013689,-1.737785,-1.437709,2.370742,-1.111987,-0.190603,-1.571519,-1.498697,-0.413029,0.782171,-0.540198,0.829020,-0.338205,-1.171057,0.815857,0.583778,-1.171057,0.815857,-0.000001,-1.171057,0.815857,-0.000001,-0.565422,0.417183,-0.244404,-0.565422,0.417183,-0.000001,-0.565422,0.417183,-0.000001,-1.915235,-0.564141,-1.390119,-0.987805,0.121833,-1.994282,-1.007455,-1.154292,1.293539,-1.658588,-0.188098,0.267926,-0.565440,0.417199,-0.000001,-0.565440,0.417199,-0.000001,-0.565422,0.417199,-0.000001,-1.171057,0.815857,-0.000001,-1.171052,0.815857,-0.000001,-1.171057,0.815857,-0.000001,0.107558,-2.175696,-1.817065,-0.207212,-2.124229,-1.402448,0.032119,-1.212581,-0.220043,0.181773,-1.153617,-0.144747,-0.034050,-1.584302,1.317252,-0.716051,-1.346057,-0.017841,0.302167,-1.909302,-0.462211,0.192407,-1.339988,-0.382472,-0.055114,0.004241,-0.125469,-1.428678,-1.664510,-0.940727,0.153142,-0.701058,0.354906,-0.205040,0.058296,0.233613,-0.228977,0.076958,0.122548,-0.657576,-1.237535,0.701530,-0.567164,0.389149,1.871572,-0.003656,-0.175769,0.458718,-0.055009,-0.838819,0.467565,-1.134500,-1.465675,0.270500,-0.482776,-0.072755,1.675579,-0.480217,0.445603,1.170295,0.264258,-1.237167,1.206594,-0.096764,-1.356705,-0.815274,0.649836,-1.717005,-1.266840,0.939718,-1.793680,-0.548627,1.330527,-1.913181,0.662346,1.817755,-2.087592,0.855722,0.754939,-1.569866,1.361659,0.968552,-1.064893,-0.686051,0.849061,-0.690551,1.183974,0.459761,-0.269411,0.880474,0.255080,-1.391897,2.076099,0.305993,-0.968743,-1.104134,0.113244,-0.790766,0.668486,-0.085121,-0.833509,0.249073,-0.247682,-1.302352,1.633067,-0.253288,-0.957394,0.429154,-0.231041,-0.800801,1.438862,-0.339585,-0.796962,0.401265,-0.458741,-1.233918,0.957007,-0.332426,-0.958468,0.443116,-0.268485,-0.858513,0.740064,-0.214104,-0.786902,-0.353265,-1.436766,-0.206779,1.280113,-1.659289,-0.337535,0.716459,-1.353330,-0.291541,0.821947,-1.574891,-0.938698,-0.887494,-1.512843,-0.184565,-0.432856,-1.374781,-0.787525,-0.098630,-1.267725,-0.767853,-0.034615,-1.070795,-0.796614,0.728816,-1.284704,-1.105256,0.890193,-1.322590,-1.488827,-0.715388,-1.326993,-1.480443,1.574523,-1.412333,-1.325703,1.899638,-1.292433,-2.084550,-2.455993,-1.547031,-2.029684,-0.757044,-1.554346,-1.626944,-0.488296,-1.839277,-1.156876,-0.450978,-1.794062,-1.250278,-0.380383,-1.512657,-0.909784,1.161215,-1.675608,-0.827238,0.645395,-1.671014,-1.050024,-0.690273,-1.400129,-0.685915,-1.356886,-1.275209,-0.899476,0.760638,-1.596475,-0.834084,0.137704,-1.579169,-1.076638,-0.160205,-1.512363,-1.055822,0.105890,-1.559440,-1.562662,-1.139369,-1.512070,-0.619089,-0.657863,-1.376349,-0.953265,0.532961,-1.489741,-0.958455,1.003505,-1.562358,-0.769620,-0.728805,-1.386768,-0.808923,-0.656929,-1.536686,-1.062726,-0.577509,-1.516441,-0.685152,0.524773,-1.632863,-1.076932,0.827199,-1.657941,-0.773726,-0.644617,-1.596841,-1.244075,0.136295,-1.378785,-0.842240,-0.465353,-1.537984,-0.798444,-0.752065,-1.478785,-1.166200,-1.417095,-1.472387,-1.267722,0.137000,-1.526731,-0.809801,-1.373869,-1.364058,-0.550706,0.197560,-1.550308,-0.875173,1.248563,-1.572146,-0.842254,1.230971,-1.588751,-0.845552,-0.245478,-1.576485,-1.348435,-1.366232,-1.610805,-0.949788,0.695961,-1.398326,-0.925575,1.723187,-1.360290,-0.910497,0.554885,-1.353078,-0.900728,0.063784,-1.261216,-1.233099,-0.344552,-1.175888,-1.018138,-1.224673,-1.258492,-0.941457,0.427570,-1.278240,-1.096875,-0.137584,-1.235392,-1.386976,-0.983544,-1.245926,-1.200529,1.126976,-1.190565,-1.002493,-0.448453,-1.162743,-1.154665,-0.007207,-1.005732,-1.004330,-0.491554,-1.405985,-1.149790,-1.190448,-1.315227,-1.102383,-0.787308,-1.196473,-1.355067,-0.743425,-1.100145,-1.265584,-1.159406,-1.083687,-1.312164,0.252065,-1.000756,-1.324261,-0.162037,-1.091826,-1.295044,0.069953,-1.102036,-1.289981,-1.031409,-1.119518,-1.340873,-0.876724,-1.358640,-0.891434,0.114852,-1.493719,-1.357508,0.389637
-2.411316,0.241615,-1.099248,-0.767373,-1.426608,1.761776,-1.345979,-1.253449,0.884794,-1.143715,-1.520776,-0.112599,-0.073530,-1.635270,0.099609,-1.060446,-2.346063,1.897958,-1.151921,-1.301571,0.631784,-1.501725,-0.458680,0.686369,-0.478839,-0.090475,-0.125040,-1.173975,0.073791,0.271648,-1.173975,0.073791,-0.000001,-1.173975,0.073791,-0.000001,0.973366,-0.260254,-1.397233,0.973366,-0.260254,-0.000001,0.973366,-0.260254,-0.000001,-1.942225,-0.522300,-1.597374,-1.020871,0.122605,-2.420923,-1.014628,0.863811,1.982853,-1.666257,-0.206696,0.204665,0.973348,-0.260238,-0.000001,0.973348,-0.260238,-0.000001,0.973366,-0.260238,-0.000001,-1.173975,0.073791,-0.000001,-1.173970,0.073791,-0.000001,-1.173975,0.073791,-0.000001,-1.017263,-1.180327,-0.962111,-1.578207,-1.048015,-1.004355,-1.269073,-0.747630,-0.776893,-0.721761,-1.292903,0.471776,0.057059,-0.804644,1.309772,-0.770359,-0.576592,0.331816,-0.482773,-1.827085,-0.408356,-0.598746,-2.412823,-1.109255,-0.003006,-0.446525,-0.798158,-0.819657,-1.072674,-0.545148,-0.336026,-0.711912,-1.060907,0.051817,-0.456377,-0.005439,1.254627,-1.330422,1.196080,-0.073441,-1.556329,0.504565,-0.126705,0.294245,0.137732,0.267694,0.157169,0.850530,0.212475,-0.609914,0.910836,-0.232626,-1.352949,0.051577,-0.742449,0.664125,1.359316,-0.183837,0.640037,0.105933,0.555355,-1.058868,1.013680,-0.106667,-1.471664,-0.678533,0.889780,-1.724169,-1.315084,1.041309,-1.690580,-0.734776,1.396091,-1.956987,0.562090,1.855110,-2.084294,1.051246,1.077483,-1.487017,1.054623,1.160400,-0.971134,-0.036086,0.804929,-0.493410,0.222243,0.337518,-0.040488,0.703912,0.576632,-1.345607,1.763677,0.342230,-0.957734,-1.633062,0.149096,-0.781282,0.175864,-0.109272,-0.878499,0.096012,0.011491,-1.291451,1.369431,-0.177442,-0.912336,0.290678,-0.277115,-0.818742,0.220777,-0.431429,-0.862283,0.031156,-0.392248,-1.255334,-0.058073,-0.271880,-0.924933,-0.884316,-0.261173,-0.801743,0.555982,-0.376822,-0.840757,-0.730847,-1.434544,0.066317,0.211351,-1.659940,-0.200810,0.984905,-1.364095,-0.277998,0.336761,-1.591254,-0.362675,-0.983705,-1.538999,-0.403920,0.028654,-1.424227,-0.509260,-0.733913,-1.365182,-0.518826,-0.112170,-1.208683,-0.614357,0.310429,-1.484905,-0.978653,0.268528,-1.567103,-0.464130,-0.107811,-1.376286,-1.281287,1.181008,-1.734566,-1.475771,0.363123,-1.385607,-1.151221,-1.484651,-1.647089,-1.496607,-0.259573,-1.646302,-0.985703,-0.134638,-1.726606,-0.999646,-0.026642,-1.901500,-0.937503,-0.019041,-1.539022,-0.294428,1.250194,-1.718534,-0.601822,0.563163,-1.986981,-0.391732,-0.208896,-2.008718,-0.773972,-1.663496,-1.927271,-0.647839,-0.231367,-1.803595,-0.514916,-0.266538,-2.054661,-0.817087,-0.257596,-2.043079,-0.733667,-0.100338,-1.871766,-1.243758,-0.842164,-1.805720,-0.813865,-0.974937,-1.567994,-0.759034,0.147175,-1.683331,-0.780578,1.013155,-1.755446,-0.630426,-0.474315,-1.576561,-0.744581,-0.313909,-1.677871,-0.237519,0.119345,-1.676868,-0.670670,1.169557,-1.575411,-0.643990,0.852348,-1.614792,-0.755520,-0.344823,-1.817114,-0.889635,-0.240025,-1.687757,-0.696431,-1.453638,-1.625942,-0.317233,-0.359241,-2.038182,-0.704242,-1.371672,-1.605580,-1.111020,-0.816111,-1.861578,-0.572949,-1.326336,-1.693524,-0.316527,0.735786,-1.778916,-0.617284,0.996146,-1.798893,-0.631096,1.436991,-1.863767,-0.634283,-0.234020,-1.859526,-1.067568,-1.242775,-1.881200,-0.756910,0.789747,-1.834739,-0.741874,1.930313,-1.492025,-1.033256,0.640018,-1.492569,-0.982293,0.097736,-1.431994,-0.939290,-1.127068,-1.362493,-0.707930,-1.269969,-1.460114,-0.978718,0.011475,-1.524626,-0.756152,0.127649,-0.989237,-1.111294,-1.468838,-1.491168,-1.275321,0.425858,-1.408605,-0.673553,-0.220004,-1.368256,-0.789373,0.402147,-1.191767,-1.145429,-0.286590,-1.546047,-0.472393,-1.161871,-1.445203,-0.691818,-0.288899,-1.374519,-0.754171,-1.014330,-1.293411,-0.976739,-1.530491,-1.293965,-1.050152,-0.598903,-1.267725,-1.054890,-0.232458,-1.303357,-1.035183,-0.768193,-1.294487,-0.641209,-1.196434,-1.293525,-0.745326,-1.254173,-1.706083,-0.705041,-0.407159,-1.745870,-1.178136,0.191017
-2.417838,0.274317,-0.887990,-0.754289,-1.435402,1.503402,-0.727602,-1.271278,1.051116,-1.143740,-1.772951,0.567896,-0.072947,-1.728023,0.360354,-1.050748,-1.435015,1.493934,-1.136289,-1.295289,-0.467324,-1.547027,-0.464396,-0.018680,-0.461284,0.379424,0.439871,-1.950009,0.445534,1.690430,-1.950009,0.445534,-0.000001,-1.950009,0.445534,-0.000001,0.991452,0.419771,0.852118,0.991452,0.419771,-0.000001,0.991452,0.419771,-0.000001,-1.938716,-0.503015,-1.287060,-1.023226,0.143161,-2.144272,-1.001818,0.953847,2.131375,-1.666358,-0.189326,0.486304,0.991434,0.419787,-0.000001,0.991434,0.419787,-0.000001,0.991452,0.419787,-0.000001,-1.950009,0.445534,-0.000001,-1.950005,0.445534,-0.000001,-1.950009,0.445534,-0.000001,-0.005174,-1.870826,-0.398238,0.006704,-1.956282,-1.035449,-0.366716,-2.523810,-0.800006,-0.777491,-1.784094,1.538828,-0.010812,-0.814399,-1.106980,0.145833,-0.578877,0.760594,-0.545815,-1.198054,-0.445777,-1.123677,0.821967,0.005153,-1.309654,0.463045,0.536963,-0.321318,-1.075759,0.413907,-0.384813,-0.715530,-0.268255,-0.452302,-0.001241,-0.770891,-0.519772,-0.072685,-0.961690,-0.611999,-1.564018,0.698268,-0.179747,-1.162105,-0.462107,-0.167063,0.149925,0.102969,-0.312501,-0.092845,-0.794468,-1.083774,-1.856366,-0.429408,-1.018794,0.182452,1.074748,-0.600702,-0.434792,0.610689,-1.636169,-1.062833,0.432512,-0.254210,-1.553562,-0.668916,0.875372,-1.756923,-1.325544,1.233489,-1.855101,0.450216,1.550892,-1.993265,0.660269,1.916133,-2.055980,1.052662,1.084392,-1.527284,1.065140,1.110443,-1.019778,-1.041427,0.632316,-0.459103,-0.753061,0.060622,-0.035552,0.462914,0.619939,-1.365463,1.402330,0.208104,-0.992255,-0.944900,0.080154,-0.815360,-0.405245,-0.026692,-0.967438,-0.528549,0.028362,-1.345015,0.946873,-0.311595,-0.947131,-0.327618,-0.379833,-0.857861,0.567194,-0.405039,-0.942230,-0.368572,-0.448137,-1.319764,-0.529277,-0.476318,-1.064512,0.008123,-0.357806,-0.878977,0.980258,-0.231511,-0.828580,-0.890388,-1.423620,0.114075,0.509214,-1.649667,-0.160544,1.185161,-1.352590,-0.240380,0.673893,-1.580703,-0.331191,-1.033817,-1.529322,-0.379876,0.005066,-1.414977,0.059745,-0.925145,-1.356091,-0.501802,0.008346,-1.201823,-0.600412,0.458298,-1.479138,-0.969155,0.239753,-1.563634,-0.453238,-0.138301,-1.629491,-1.268392,0.780298,-1.734353,-1.108628,-0.168567,-1.386206,-1.128963,-0.561610,-1.648096,-0.887272,0.431220,-1.647219,-0.952094,0.556512,-1.727768,-0.963629,0.144775,-1.682463,-0.227481,-0.080529,-1.527076,-0.264319,1.509625,-1.707181,-0.258543,0.030575,-1.976436,0.012689,-0.331171,-1.999445,-0.015401,-1.938933,-1.919434,-0.618508,-0.586818,-2.039322,-0.478126,-0.148641,-2.050781,-0.788403,-0.188170,-2.040607,-0.698433,-0.274990,-1.870649,-1.208211,-1.172392,-1.805511,-0.765441,-1.169479,-1.817155,-0.731244,0.025176,-1.676825,-0.750068,0.901415,-1.748957,-0.599389,-0.363581,-1.570260,-0.363318,-0.183199,-1.671010,-0.215816,0.441764,-1.670425,-0.643528,1.308553,-1.806715,-0.620871,0.709248,-1.609385,-0.235718,-0.348407,-1.811954,-0.542032,-0.693223,-1.677117,-0.023530,-1.937704,-1.616068,0.027986,0.183551,-2.029634,-0.070807,-1.127802,-1.597441,-0.400635,-1.338008,-2.080578,0.035800,-0.589196,-1.683614,-0.276359,1.264309,-1.774764,-0.577514,0.931705,-1.795676,-0.601340,1.558821,-1.861328,-0.604512,-0.282166,-1.858024,-0.450482,-1.256956,-1.878802,-0.726625,0.442309,-1.831638,-0.713030,1.922211,-1.483976,-0.463621,0.657042,-1.485894,-0.958720,0.319853,-1.425640,-0.923301,-1.335841,-1.356952,-0.334516,-1.209149,-1.454950,-0.961655,-0.132169,-1.520152,-0.737309,0.287197,-0.985780,-1.096198,-1.644010,-1.486747,-0.941569,0.016166,-1.403640,-0.654835,0.027736,-1.362286,-0.768823,0.855412,-1.436066,-0.622214,0.013534,-1.539344,-0.456293,-0.849259,-1.438363,-0.668659,-0.233385,-1.368181,-0.739343,-1.107974,-1.287748,-0.606183,-1.500879,-1.288900,-1.035643,-0.935046,-1.263647,-1.040140,-0.438970,-1.298261,-1.020793,-1.062648,-1.288848,-0.625425,-1.167524,-1.287331,-0.730631,-1.405241,-1.696474,-0.281916,-0.763882,-1.742903,-1.152073,-0.062667
-2.418612,0.273595,-0.745479,-0.756132,-1.428535,1.630632,-0.726633,-1.249109,1.189052,-1.141841,-1.774634,0.130861,0.046980,-1.728817,0.048146,-1.060996,-2.345887,1.912036,-1.156469,-1.289006,-0.259730,-1.556087,-0.452965,0.229961,-0.468975,1.292740,0.111525,-1.943411,0.825790,0.752521,-1.943411,0.825790,-0.000001,-1.943411,0.825790,-0.000001,1.002412,1.104973,0.048762,1.002412,1.104973,-0.000001,1.002412,1.104973,-0.000001,-1.929805,-0.499715,-1.216660,-1.019285,0.146345,-2.036595,-1.003612,0.976542,2.524797,-1.666156,-0.190534,0.593906,1.002394,1.104989,-0.000001,1.002394,1.104989,-0.000001,1.002412,1.104989,-0.000001,-1.943411,0.825790,-0.000001,-1.943406,0.825790,-0.000001,-1.943411,0.825790,-0.000001,-0.009629,-1.521680,-0.955701,-0.545925,-1.497002,-1.070683,-0.369602,-2.075559,-0.053602,-0.780543,-1.780425,1.795330,-0.014529,-0.809521,-0.512525,0.141422,-0.275211,0.658832,-0.550050,-1.193211,-0.262313,-0.654417,-0.254952,-0.620768,-0.357939,-0.143713,0.119860,-0.889453,-0.665775,-0.451399,0.039399,-0.715530,-0.708517,-0.455730,-0.459882,-0.763256,-0.091408,-0.069498,-0.961690,-0.616739,-0.542421,-1.163628,-0.183943,-0.673016,-0.930242,-0.170016,-0.324150,-1.042714,-0.788259,-0.613865,-1.821236,-1.087427,0.138545,-1.488456,-1.268919,0.186050,0.286387,-0.603809,-0.791256,-0.246992,-0.782303,-1.581821,-0.677134,-0.472570,-1.388173,-1.058987,0.769139,-1.589447,-1.297348,1.097905,-1.599493,0.232550,1.423123,-1.727763,0.615037,1.811158,-1.797637,1.103470,0.931830,-1.338558,0.849513,0.761004,-0.737603,-0.752216,0.251503,-0.222289,-0.725948,-0.200222,0.201697,0.664076,0.408511,-1.225700,1.527823,-0.002989,-0.585085,-0.845536,-0.513562,-0.733568,-1.311710,-0.412076,-0.858643,-0.292319,-0.161417,-1.212573,0.826548,-0.508968,-0.744347,-0.893366,-0.675343,-0.742487,-0.489685,-0.873894,-0.843553,-0.355148,-0.614057,-1.182710,-0.096479,-0.631171,-0.898839,0.040335,-0.582907,-0.755505,0.842633,-0.663749,-0.787069,-0.827031,-1.423620,0.122645,0.618764,-1.649667,-0.151749,0.986747,-1.352590,-0.231151,0.588119,-1.580703,-0.321283,-1.229255,-1.529322,-0.370359,-0.008544,-1.414796,0.619263,-1.050341,-1.355680,-0.491578,0.221295,-1.201224,-1.143344,0.825878,-1.478480,-1.354561,0.951826,-1.562748,-0.880119,-0.401276,-1.373543,-1.261356,1.019135,-1.490713,-1.103198,-0.264287,-1.160936,-1.120729,-0.561273,-1.646884,-0.878894,0.125338,-1.646124,-0.944236,0.030969,-1.513732,-0.956091,0.529023,-1.681269,-0.880930,0.329604,-1.526875,-0.259812,1.466807,-1.706980,-0.254839,0.066413,-1.976217,0.016701,-0.354236,-1.999221,-0.375197,-2.004918,-1.670260,-0.614415,-0.304538,-2.038449,-0.472976,-0.189489,-2.049932,-0.784806,-0.219209,-2.039481,-0.693670,-0.170800,-1.869514,-1.203718,-1.111535,-1.804537,-0.167231,-1.211603,-1.816471,-0.726949,-0.050468,-1.676126,-0.744612,0.939323,-1.748259,-0.592936,-0.102999,-1.569591,-0.358804,0.026222,-1.670600,-0.210033,0.364150,-1.669808,-0.636314,1.158851,-1.568789,-0.615199,0.562025,-1.608741,-0.228638,-0.407850,-1.562330,-0.537582,-0.722732,-1.676900,-0.019737,-1.749797,-1.615641,0.032024,0.301067,-2.029228,-0.067240,-1.253406,-1.597006,-0.396619,-1.309835,-1.852775,0.042940,-0.685086,-1.683185,-0.269176,1.440213,-1.773873,-0.570639,1.056406,-1.794855,-0.596367,1.464904,-1.860243,-0.599536,0.025312,-1.856973,-0.443263,-1.023028,-1.877736,-0.721377,0.586901,-1.830846,-0.708031,1.662755,-1.483545,-0.455789,0.533879,-1.485510,-0.951490,0.212027,-1.425002,-0.918582,-1.285122,-1.356112,-0.686104,-1.204787,-1.454304,-0.956618,-0.143680,-1.519191,-0.731955,0.247625,-1.239989,-1.091387,-1.651418,-1.485810,-0.936956,0.060518,-1.402721,-0.647910,0.078846,-1.361585,-0.761057,0.835362,-1.184546,-0.614522,0.068692,-1.538959,-0.450718,-1.022846,-1.437782,-0.661131,-0.312205,-1.367514,-0.734586,-1.014361,-1.286861,-0.601093,-1.416858,-1.288031,-1.031115,-0.881249,-1.262703,-1.035439,-0.511222,-1.297387,-1.016302,-0.978839,-1.287964,-0.620294,-1.074255,-1.286679,-0.725916,-1.277919,-1.696039,-0.276933,-0.617105,-1.742046,-1.148032,0.024992
-0.528902,0.229765,-0.688478,-0.739923,-1.419308,1.368092,-0.710625,-1.251036,1.026653,-1.141614,-1.772385,0.431374,-0.319491,-1.543478,-0.056446,-1.051432,-1.425870,1.046170,0.862355,-0.201074,-1.510790,-1.560407,-0.395883,0.834238,-0.425672,0.846681,0.649374,-1.155251,1.184768,0.041923,-1.155251,1.184768,-0.000001,-1.155251,1.184768,-0.000001,0.981071,1.102385,0.460035,0.981071,1.102385,-0.000001,0.981071,1.102385,-0.000001,-1.917121,-0.512428,-1.135603,-0.995663,0.153438,-1.584982,-1.001048,1.008592,1.831905,-1.652880,1.349427,0.242994,0.981053,1.102401,-0.000001,0.981053,1.102401,-0.000001,0.981071,1.102401,-0.000001,-1.155251,1.184768,-0.000001,-1.155247,1.184768,-0.000001,-1.155251,1.184768,-0.000001,0.443725,-2.170479,-1.061034,-0.408704,-2.110547,-1.123452,-0.146172,-2.062207,0.130970,-1.500090,-2.077296,2.355991,-0.265581,-1.535585,-2.591422,0.066220,-0.435029,1.459966,-1.004929,-0.602926,0.642518,-1.378095,0.291698,0.266542,-1.739282,0.464193,1.175258,-0.518783,-0.838408,1.042998,-0.421314,-1.138441,0.649455,-0.370801,-1.279161,-0.575561,-0.813154,-1.142533,-1.090720,-0.826376,-1.709960,0.424540,-0.276777,-2.432300,0.261667,-0.529847,-1.561726,0.629370,-1.157028,-1.324282,-0.490811,-1.274850,-2.419907,-1.724428,-0.571011,-0.982215,0.108426,-0.246617,-1.644651,0.298265,-1.157258,-2.239405,0.384274,-0.483746,-1.470810,-1.181898,0.839000,-1.309547,-1.268496,1.117515,-1.573874,-0.650002,1.491010,-1.750410,-0.025360,1.716166,-1.745747,-0.729643,0.914923,-1.289844,0.263106,0.653762,-0.577334,-0.172748,0.094180,-0.160555,0.214841,-0.271049,0.272714,0.643963,0.332438,-1.200593,0.412599,-0.082126,-0.503366,-0.726593,-0.503380,-0.629983,-1.847976,-0.454266,-0.753881,-0.765337,-0.261825,-1.182149,0.305275,-0.648529,-0.758998,-0.892389,-0.676325,-0.646432,-0.637440,-0.897675,-0.717448,-0.828871,-0.606063,-1.152331,-0.461159,-0.696351,-0.862439,-0.343178,-0.670551,-0.703229,0.323270,-0.810208,-0.682412,-0.975828,-1.270878,0.648557,1.283965,-1.503692,0.347136,0.236618,-1.186609,0.292742,0.960221,-1.228172,0.200976,-0.739446,-1.189061,0.100227,-0.399822,-1.059064,-0.067297,-1.248228,-0.943554,-0.648451,0.710322,-0.799275,-0.729112,1.237699,-1.284479,-1.060463,1.305064,-1.373061,-0.987831,-0.379019,-1.174699,-0.933886,1.221028,-1.302080,-0.835330,-0.100888,-0.987291,-0.712644,-0.698112,-1.473555,-0.436237,-0.206250,-1.287717,-0.497667,-0.397225,-1.348948,-0.527529,0.620741,-1.510789,-0.368671,0.416844,-1.343098,-0.345646,1.390634,-1.523097,-0.324737,0.743294,-1.545969,-0.437689,-0.371044,-1.558467,-0.455101,-1.436215,-1.473403,-0.341338,0.493652,-1.608173,-0.130472,-0.000275,-1.623076,-0.525838,-0.130883,-1.594037,-0.375561,0.006321,-1.674643,-1.295053,-0.418222,-1.633682,-0.889445,-1.471996,-1.359096,-0.442037,0.759181,-1.472313,-0.408790,1.403683,-1.287457,-0.702811,-0.937575,-1.371891,-0.801160,-0.592199,-1.269056,-0.304410,-0.590851,-1.256279,-0.251902,0.357478,-1.381484,-0.714056,0.242982,-1.178013,-0.344501,-1.252336,-1.366501,-0.943873,-0.522949,-1.251233,-0.417702,-1.368952,-1.425558,-0.362093,-0.916673,-1.396748,-0.746567,-1.535754,-1.408152,-0.474060,-0.343382,-1.444248,-0.085946,-1.199442,-1.492389,0.172942,0.682518,-1.582722,-0.148272,1.354524,-1.618950,-0.290969,1.040747,-1.423931,-0.293977,-0.001574,-1.671906,-0.573079,-1.490676,-1.448755,-0.399888,1.272598,-1.445387,-0.401839,1.769127,-1.296758,-0.586899,0.636731,-1.312601,-0.568452,-0.193627,-1.004087,-0.667970,-0.118320,-0.933338,-0.770796,-1.038637,-1.027663,-0.689158,0.230895,-1.313174,-0.825848,0.135673,-0.785074,-1.171605,-1.031950,-1.282697,-1.013784,1.088787,-0.954009,-0.757005,0.123348,-0.905338,-0.883428,0.288691,-0.986320,-0.735711,-0.287981,-1.146162,-0.932383,-1.444416,-1.048420,-0.262817,-0.649589,-0.933022,-0.813529,-0.338068,-0.853449,-1.040581,-0.689004,-0.851176,-1.106616,1.076853,-1.054097,-1.113820,0.631431,-0.857930,-1.091183,0.737750,-0.856381,-1.063218,-0.554313,-0.862043,-0.804156,-0.496256,-1.260435,-0.366056,-0.418295,-1.557073,-0.880837,0.727713
-0.518156,0.221441,-0.670324,-0.737349,-1.442715,1.483549,-0.711961,-1.290800,0.632551,-1.144272,-1.709237,1.473170,-0.436947,-1.406176,0.453934,-1.048288,-1.434664,1.214695,0.853710,-1.295289,0.289226,-1.516396,-0.418674,1.002979,-0.459110,1.293625,1.042327,-1.944333,1.186890,1.215896,-1.944333,1.186890,-0.000001,-1.944333,1.186890,-0.000001,0.996190,1.102385,1.264868,0.996190,1.102385,-0.000001,0.996190,1.102385,-0.000001,-1.904437,-0.515700,-1.311529,-0.985835,0.162944,-1.297045,-0.986701,0.974513,1.577646,-1.646868,1.356755,0.184134,0.996172,1.102401,-0.000001,0.996172,1.102401,-0.000001,0.996190,1.102401,-0.000001,-1.944333,1.186890,-0.000001,-1.944329,1.186890,-0.000001,-1.944333,1.186890,-0.000001,-0.077738,-1.855209,-0.196465,-0.071661,-1.928877,-0.413768,-0.437455,-2.048815,0.434236,-1.358855,-1.256258,2.443143,-0.719280,-0.751048,-1.525910,-0.405638,-0.252355,1.179615,-1.185610,-1.135151,0.712805,-1.193614,0.870915,0.606937,-1.993840,0.629369,1.086235,-0.394517,-0.634958,0.731907,-0.871063,-0.672158,-0.129348,-0.970469,-0.887023,-0.978376,-1.445900,-0.037665,-1.139242,-0.673977,-1.521778,0.777348,-0.703624,-1.603741,-0.147939,-0.611847,-0.765624,0.985977,-1.324292,-0.574406,-0.614752,-1.135112,-2.314747,-0.647694,-0.556031,-0.730562,0.358357,-0.277722,-1.120753,0.724101,-1.268013,-1.546132,0.388366,-0.457983,-1.478481,-1.428469,0.024558,-1.439195,-1.288098,1.156672,-1.585354,-0.791207,1.409866,-1.727110,-0.637418,1.625366,-1.716904,-1.351842,0.798195,-1.253211,0.254800,0.613512,-0.746144,-0.993834,0.080247,-0.127447,-0.859730,-0.285243,0.303609,0.083198,0.151129,-1.154865,0.145420,-0.290879,-0.740061,-1.870772,-0.366438,-0.509847,-0.527240,-0.523225,-0.661935,-0.540917,-0.338717,-1.136274,-0.168469,-0.672406,-0.704040,-0.462019,-0.690949,-0.578073,0.553899,-0.879791,-0.641083,-0.397420,-0.697228,-1.094694,-0.828957,-0.777198,-0.824163,-0.238948,-0.652473,-0.631609,0.856055,-0.642135,-0.581479,-0.957857,-1.256885,0.641208,1.287330,-1.309285,0.336035,-0.753425,-1.171946,0.275488,0.794759,-1.019192,0.178695,-0.691104,-0.987764,0.075637,-0.380832,-1.046616,-0.092084,-1.338024,-0.930758,-0.679724,0.975976,-0.788169,-0.757891,1.473603,-1.274297,-1.080923,1.469505,-1.365015,-1.010059,-0.173164,-1.167812,-0.954614,1.355731,-1.296847,-0.850347,-0.145873,-0.983253,-0.732499,-0.312433,-1.469721,-0.453504,-0.088379,-1.284441,-0.510265,-0.255693,-1.133001,-0.536065,0.817472,-1.507627,-0.373422,0.656035,-1.327438,-0.346674,1.545000,-1.278963,-0.641207,0.727524,-1.292420,-0.435997,-0.841553,-1.299871,-0.453449,-0.653926,-1.212578,-0.340722,0.951595,-1.598644,-0.129281,-0.362400,-1.614896,-0.524343,-0.245788,-1.586603,-0.373351,-0.202532,-1.668573,-1.293180,-0.140859,-1.628943,-1.480228,-1.447644,-1.347835,-0.443707,1.280666,-1.460937,-0.413085,1.388685,-1.276101,-0.709737,-1.070569,-1.360848,-1.166898,-0.485116,-1.258166,-0.715587,-1.066971,-1.245676,-0.766562,-0.264749,-1.133946,-0.724675,-0.057819,-1.168249,-0.849619,-1.456397,-1.107906,-0.951276,-0.535902,-1.236746,-0.420318,-1.375744,-1.411407,-0.364095,-1.014925,-1.384530,-0.748211,-1.317228,-1.395936,-0.819519,0.111945,-1.204561,-0.091586,-1.120870,-1.239154,0.167288,0.361596,-1.573741,-0.152189,1.278565,-1.387360,-0.293102,0.540054,-1.416884,-0.296112,0.346476,-1.428333,-1.151334,-1.384400,-1.441826,-0.403265,1.637286,-1.437988,-0.405056,1.218417,-1.284676,-0.605560,0.848399,-1.083697,-0.584278,-0.516728,-0.758617,-1.006445,0.629284,-0.686952,-1.138128,-0.691187,-0.779675,-0.699566,0.470208,-1.303495,-1.233431,0.328957,-0.776823,-1.182479,-0.705312,-1.273391,-1.025001,1.104797,-0.944301,-0.773702,0.330612,-0.894781,-0.902157,0.648591,-0.975249,-0.754260,-0.063999,-1.135501,-0.946378,-1.590475,-1.037667,-0.280753,-0.596777,-0.922311,-1.153883,-0.040265,-0.843198,-1.052061,-0.382329,-0.841715,-1.116850,1.567302,-1.045006,-1.124445,1.158656,-0.848413,-1.101334,1.223545,-0.846173,-1.074788,-0.311919,-0.851575,-1.141480,-0.007932,-1.246910,-0.368887,-0.237423,-1.549641,-0.882706,1.101877
-0.518156,0.221441,-0.670324,-0.737349,-1.442715,1.483549,-0.711961,-1.290800,0.632551,-1.144272,-1.709237,1.473170,-0.436947,-1.406176,0.453934,-1.048288,-1.434664,1.214695,0.853710,-1.295289,0.289226,-1.516396,-0.418674,1.002979,-0.459110,1.293625,1.042327,-1.944333,1.186890,1.215896,-1.944333,1.186890,-0.000001,-1.944333,1.186890,-0.000001,0.996190,1.102385,1.264868,0.996190,1.102385,-0.000001,0.996190,1.102385,-0.000001,-1.904437,-0.515700,-1.311529,-0.985835,0.162944,-1.297045,-0.986701,0.974513,1.577646,-1.646868,1.356755,0.184134,0.996172,1.102401,-0.000001,0.996172,1.102401,-0.000001,0.996190,1.102401,-0.000001,-1.944333,1.186890,-0.000001,-1.944329,1.186890,-0.000001,-1.944333,1.186890,-0.000001,-0.077738,-1.855209,-0.196465,-0.071661,-1.928877,-0.413768,-0.437455,-2.048815,0.434236,-1.358855,-1.256258,2.443143,-0.719280,-0.751048,-1.525910,-0.405638,-0.252355,1.179615,-1.185610,-1.135151,0.712805,-1.193614,0.870915,0.606937,-1.993840,0.629369,1.086235,-0.394517,-0.634958,0.731907,-0.871063,-0.672158,-0.129348,-0.970469,-0.887023,-0.978376,-1.445900,-0.037665,-1.139242,-0.673977,-1.521778,0.777348,-0.703624,-1.603741,-0.147939,-0.611847,-0.765624,0.985977,-1.324292,-0.574406,-0.614752,-1.135112,-2.314747,-0.647694,-0.556031,-0.730562,0.358357,-0.277722,-1.120753,0.724101,-1.268013,-1.546132,0.388366,-0.457983,-1.478481,-1.428469,0.024558,-1.439195,-1.288098,1.156672,-1.585354,-0.791207,1.409866,-1.727110,-0.637418,1.625366,-1.716904,-1.351842,0.798195,-1.253211,0.254800,0.613512,-0.746144,-0.993834,0.080247,-0.127447,-0.859730,-0.285243,0.303609,0.083198,0.151129,-1.154865,0.145420,-0.290879,-0.740061,-1.870772,-0.366438,-0.509847,-0.527240,-0.523225,-0.661935,-0.540917,-0.338717,-1.136274,-0.168469,-0.672406,-0.704040,-0.462019,-0.690949,-0.578073,0.553899,-0.879791,-0.641083,-0.397420,-0.697228,-1.094694,-0.828957,-0.777198,-0.824163,-0.238948,-0.652473,-0.631609,0.856055,-0.642135,-0.581479,-0.957857,-1.256885,0.641208,1.287330,-1.309285,0.336035,-0.753425,-1.171946,0.275488,0.794759,-1.019192,0.178695,-0.691104,-0.987764,0.075637,-0.380832,-1.046616,-0.092084,-1.338024,-0.930758,-0.679724,0.975976,-0.788169,-0.757891,1.473603,-1.274297,-1.080923,1.469505,-1.365015,-1.010059,-0.173164,-1.167812,-0.954614,1.355731,-1.296847,-0.850347,-0.145873,-0.983253,-0.732499,-0.312433,-1.469721,-0.453504,-0.088379,-1.284441,-0.510265,-0.255693,-1.133001,-0.536065,0.817472,-1.507627,-0.373422,0.656035,-1.327438,-0.346674,1.545000,-1.278963,-0.641207,0.727524,-1.292420,-0.435997,-0.841553,-1.299871,-0.453449,-0.653926,-1.212578,-0.340722,0.951595,-1.598644,-0.129281,-0.362400,-1.614896,-0.524343,-0.245788,-1.586603,-0.373351,-0.202532,-1.668573,-1.293180,-0.140859,-1.628943,-1.480228,-1.447644,-1.347835,-0.443707,1.280666,-1.460937,-0.413085,1.388685,-1.276101,-0.709737,-1.070569,-1.360848,-1.166898,-0.485116,-1.258166,-0.715587,-1.066971,-1.245676,-0.766562,-0.264749,-1.133946,-0.724675,-0.057819,-1.168249,-0.849619,-1.456397,-1.107906,-0.951276,-0.535902,-1.236746,-0.420318,-1.375744,-1.411407,-0.364095,-1.014925,-1.384530,-0.748211,-1.317228,-1.395936,-0.819519,0.111945,-1.204561,-0.091586,-1.120870,-1.239154,0.167288,0.361596,-1.573741,-0.152189,1.278565,-1.387360,-0.293102,0.540054,-1.416884,-0.296112,0.346476,-1.428333,-1.151334,-1.384400,-1.441826,-0.403265,1.637286,-1.437988,-0.405056,1.218417,-1.284676,-0.605560,0.848399,-1.083697,-0.584278,-0.516728,-0.758617,-1.006445,0.629284,-0.686952,-1.138128,-0.691187,-0.779675,-0.699566,0.470208,-1.303495,-1.233431,0.328957,-0.776823,-1.182479,-0.705312,-1.273391,-1.025001,1.104797,-0.944301,-0.773702,0.330612,-0.894781,-0.902157,0.648591,-0.975249,-0.754260,-0.063999,-1.135501,-0.946378,-1.590475,-1.037667,-0.280753,-0.596777,-0.922311,-1.153883,-0.040265,-0.843198,-1.052061,-0.382329,-0.841715,-1.116850,1.567302,-1.045006,-1.124445,1.158656,-0.848413,-1.101334,1.223545,-0.846173,-1.074788,-0.311919,-0.851575,-1.141480,-0.007932,-1.246910,-0.368887,-0.237423,-1.549641,-0.882706,1.101877
-0.520455,0.178970,-1.133312,-0.740665,-1.433686,1.480541,-0.714263,-1.270558,0.808479,-1.143563,-1.646701,1.477042,-0.319491,-1.359707,0.954966,-1.052524,-1.431970,1.152095,0.871829,-1.280629,-0.081292,-1.533647,-0.407313,0.909162,-0.467336,1.297150,0.542030,-1.942952,1.187600,1.148956,-1.942952,1.187600,-0.000001,-1.942952,1.187600,-0.000001,0.986713,1.106267,0.991947,0.986713,1.106267,-0.000001,0.986713,1.106267,-0.000001,-1.914428,-0.566495,-1.525692,-0.957480,0.146345,-1.141485,-0.988112,0.895440,1.749231,-1.122994,-0.183226,-0.919493,0.986695,1.106283,-0.000001,0.986695,1.106283,-0.000001,0.986713,1.106283,-0.000001,-1.942952,1.187600,-0.000001,-1.942947,1.187600,-0.000001,-1.942952,1.187600,-0.000001,-0.641770,-1.847384,-0.735571,-0.097369,-2.377864,-0.382969,0.019143,-2.045466,0.860821,-1.380989,-1.743736,0.910988,-0.745781,-0.755926,-0.762882,0.055560,-0.553764,0.639566,-1.211824,-1.778652,-0.465825,-1.687138,0.328397,-0.460009,-1.053411,-0.131098,-0.174106,-0.987771,-1.041857,-0.077924,-0.892065,-0.675776,-0.946646,-0.991706,-0.887023,-0.546052,-0.602245,-1.301737,-1.175568,-0.699859,-1.521778,0.082136,-0.727354,-1.118306,-0.123387,-0.630714,-0.765624,0.393216,-0.874220,-0.574406,0.053485,-1.558869,-2.314747,-0.639269,-0.816824,-0.730562,0.994237,-1.044997,-0.405090,0.530427,-1.288409,-1.546132,0.806750,0.665185,-1.732577,-1.523954,0.311639,-1.458421,-1.311416,1.008943,-1.425047,-1.016013,1.295789,-1.537483,0.034371,1.522137,-1.552872,-0.696444,0.690202,-1.266248,0.305166,0.316270,-1.182582,-3.400706,0.177405,-0.544990,-0.586269,-0.274407,-0.099297,-0.255405,0.114041,-1.180367,0.220417,-0.386471,-0.756837,-0.352972,-0.348466,-0.466045,0.447316,-0.486844,-0.615110,-0.513165,-0.439981,-1.139376,0.036751,-0.686226,-0.718189,-0.197897,-0.638908,-0.546326,1.557472,-0.728999,-0.605428,-0.519216,-0.762771,-1.070276,-0.364309,-0.762708,-0.795388,0.106946,-0.601669,-0.588329,1.092088,-0.381492,-0.420854,-0.570057,-1.093899,0.459368,0.884826,-1.148631,0.302163,-1.698772,-1.187908,-0.303278,0.548409,-1.023587,-0.253938,-0.445330,-0.980112,-0.187343,-0.334469,-1.015669,-0.787525,-1.151381,-0.849399,-0.765539,0.916711,-0.660385,-0.793664,1.253328,-1.081187,-1.102788,1.891089,-1.120935,-1.486890,0.213150,-1.112769,-1.041090,1.626088,-1.207532,-1.326352,1.089463,-0.876572,-1.004083,-1.005970,-1.131524,-0.866347,0.238174,-1.382764,-1.050231,0.743111,-1.443795,-0.610137,-0.126807,-1.384913,-0.603931,-0.649650,-1.097513,-0.535664,1.034456,-1.259356,-0.519918,-0.418895,-1.235817,-0.689528,-1.405820,-0.952304,-1.067984,-1.019794,-1.070989,-0.913654,0.958512,-1.154060,-0.851884,0.177190,-1.379839,-1.090677,-0.036964,-1.302914,-1.073051,0.383493,-1.348812,-1.160296,-1.129114,-1.326386,-0.641958,-0.470108,-1.165382,-0.965840,1.234339,-1.016358,-0.971340,1.259901,-1.090200,-0.782123,-0.819424,-1.180062,-1.179187,-0.868119,-0.900584,-1.069965,-1.455524,-1.093569,-1.200253,-0.482306,-0.958382,-1.084130,-0.223219,-0.972727,-1.279729,-1.463051,-0.887861,-1.250297,-0.686465,-1.186924,-0.524931,-0.933048,-1.103757,-0.484756,-0.592562,-1.066149,-0.868307,-1.596570,-1.277513,-0.932730,-0.437119,-1.111850,-0.827181,-0.861949,-1.169381,-0.567670,0.762266,-1.102528,-0.892840,1.422633,-1.159217,-0.855372,0.759522,-1.136810,-0.858678,0.378685,-1.377104,-0.787228,-0.917138,-1.166459,-0.962870,1.094928,-1.218040,-0.938034,1.081019,-1.167549,-0.915412,1.008162,-0.953639,-0.906151,-0.680434,-0.593134,-1.237240,1.094916,-0.503542,-1.381919,-0.565594,-0.579547,-0.945877,0.619953,-1.060181,-1.499827,0.334577,-0.507916,-1.390609,-0.636171,-1.030950,-1.203386,1.405425,-0.729203,-1.462095,0.302612,-0.694556,-1.158344,0.594321,-0.545586,-1.007973,0.057401,-0.783757,-1.152578,-1.471111,-0.698921,-1.107108,-0.379071,-0.751483,-1.358642,0.324888,-0.655169,-1.626867,-0.139496,-0.634525,-1.315583,1.810394,-0.779243,-1.327810,1.032334,-0.639988,-1.298435,1.460918,-0.658937,-1.654090,-0.160058,-0.684622,-1.344415,0.278342,-1.160915,-0.904203,0.453999,-1.296193,-1.368986,0.335120
-0.503539,-3.218094,-1.695861,-0.741957,-1.404486,1.476412,-0.727480,-1.227661,1.317251,-1.010302,-1.207762,0.305621,0.050826,-1.313609,-0.011613,-1.046512,-1.416002,0.999562,-1.136691,-0.209425,-0.180807,-1.559538,-0.413029,0.891764,-0.500741,0.837851,-0.205193,-1.946328,0.817277,0.800188,-1.946328,0.817277,-0.000001,-1.946328,0.817277,-0.000001,0.971901,0.435284,-1.162070,0.971901,0.435284,-0.000001,0.971901,0.435284,-0.000001,-1.894183,-0.582938,-1.463778,-0.947243,0.114740,-1.325874,-0.987854,0.846783,1.139515,-1.122684,1.377770,-0.051697,0.971883,0.435300,-0.000001,0.971883,0.435300,-0.000001,0.971901,0.435300,-0.000001,-1.946328,0.817277,-0.000001,-1.946324,0.817277,-0.000001,-1.946328,0.817277,-0.000001,-1.546423,-2.175696,-1.636242,-1.901991,-1.671811,-0.536881,-1.445204,-1.202536,-0.597777,-0.386614,-1.615457,0.645506,-0.726714,-1.555096,-0.136355,0.177746,0.149477,0.844896,-0.875023,0.006732,-0.100748,-0.337882,-0.254952,-0.054087,-1.351678,0.309349,0.190348,-0.390257,-0.847664,0.299654,-0.323090,-1.156487,1.340912,-0.265659,-0.838001,0.303051,-0.712754,-0.327427,-0.505032,-0.716995,-1.725291,0.155345,-0.171375,-1.972396,0.215128,-0.055269,-0.631733,1.313649,-0.582836,-0.823015,0.358461,-1.183706,-2.434949,-1.107099,-1.002499,-0.529284,0.377724,-0.160637,-1.304374,0.812633,-1.480096,-1.221305,1.197685,0.790570,-1.846565,-1.602275,0.247853,-1.558648,-1.288113,1.050423,-1.237544,-0.673002,1.198824,-1.285097,0.682205,1.326946,-1.361499,0.994846,0.725275,-1.334944,1.269251,0.619648,-0.871130,0.600949,0.184697,-0.465661,0.684984,-0.251161,-0.053794,0.927505,0.121153,-1.263629,1.277339,-0.181261,-0.806804,0.532895,-0.145617,-0.537168,0.609429,-0.134322,-0.375134,1.794647,-0.429992,-1.233487,0.552320,-0.626888,-0.771808,1.107348,-0.457005,-0.550787,2.220410,-0.265348,-0.443405,-0.626843,-0.720729,-1.174000,0.241963,-0.836420,-0.940231,-0.156879,-0.584422,-0.608208,0.212305,-0.315414,-0.360178,1.377715,-1.044059,0.208944,-0.165154,-0.728493,-0.475972,-0.693232,-1.122564,-0.306362,0.393557,-0.952703,-0.826189,0.280524,-0.709506,0.036474,-0.538078,-0.913216,-1.071806,-0.299991,-0.924558,-1.023078,0.119600,-0.692076,-1.544642,0.224374,-0.820080,-1.235016,1.850698,-1.063295,-1.649983,0.442929,-1.006577,-1.241774,1.930191,-1.074155,-1.173738,1.956543,-0.960259,-1.394204,-1.491959,-1.208433,-0.801021,0.300740,-1.246813,-1.093278,1.327436,-1.295478,-0.750336,0.085186,-1.227919,-0.894019,-0.400399,-1.241729,-0.751973,0.650956,-0.921735,-1.054953,-0.795885,-0.609051,-1.338418,-1.200947,-0.769912,-1.334474,0.086431,-1.106104,-1.153936,1.186628,-0.885405,-1.156825,1.335440,-1.085152,-1.339204,1.032207,-0.962083,-0.967020,1.042736,-0.976844,-1.039399,-0.835046,-0.980725,-1.020379,-0.601508,-1.169754,-1.149812,1.440796,-1.018684,-1.138273,1.177652,-1.092520,-1.396660,-1.394587,-0.927806,-1.604424,-1.303716,-0.699302,-1.491971,-1.983476,-0.638896,-1.210227,-1.428787,-0.474421,-1.089046,-0.474803,-0.711510,-1.293040,-1.730805,-0.855602,-1.604122,-0.757842,-1.053403,-0.989499,-0.344216,-1.194726,-0.633205,-0.946343,-0.899839,-1.013944,-0.879090,-1.084154,-1.077697,-0.418924,-0.944635,-1.049712,-0.013532,-1.260691,-0.787440,0.274428,-1.059601,-1.135980,1.422633,-1.103942,-1.055545,0.091393,-1.049765,-1.058955,0.965404,-1.037276,-1.048416,-0.396438,-1.080876,-1.144917,1.351913,-0.945175,-1.111420,0.353081,-0.976307,-1.340630,0.285147,-0.757554,-1.329989,-1.229290,-0.599050,-1.197583,2.249891,-0.494815,-1.695677,0.192770,-0.557862,-1.260389,0.789068,-1.015816,-1.844805,0.545084,-0.436958,-1.326960,-0.434598,-0.985337,-1.125129,1.531445,-0.702331,-1.797132,0.336042,-0.683073,-1.526348,0.407272,-0.549876,-1.372424,0.056350,-0.585095,-1.838025,-1.041653,-0.731371,-0.987241,-0.361457,-0.510734,-1.631041,1.023462,-0.646222,-1.559520,0.443697,-0.610323,-1.257941,2.132730,-0.717754,-1.598356,1.507080,-0.615642,-1.241266,1.834954,-0.404814,-1.586215,0.375660,-0.449335,-1.614389,1.213857,-1.240357,-1.079935,1.242726,-1.227095,-1.539052,0.236819
-0.493920,-3.218816,-1.724442,-0.750422,-1.394827,1.303824,-0.721904,-1.211994,1.551644,-1.006479,-1.079492,-0.594940,0.410444,-1.128824,0.896552,-1.060312,-1.415640,1.246679,-1.138752,-0.215708,-1.236312,-1.599256,-0.395883,-0.341387,-0.484858,0.371478,0.582619,-1.155865,0.080174,1.307936,-1.155865,0.080174,-0.000001,-1.155865,0.080174,-0.000001,-0.537262,0.415889,-0.268239,-0.537262,0.415889,-0.000001,-0.537262,0.415889,-0.000001,-0.545583,-0.584832,-1.316413,-0.946450,0.125790,-1.255076,-0.986959,-1.159142,1.003009,-1.123722,1.354002,-0.369268,-0.537280,0.415905,-0.000001,-0.537280,0.415905,-0.000001,-0.537262,0.415905,-0.000001,-1.155865,0.080174,-0.000001,-1.155860,0.080174,-0.000001,-1.155865,0.080174,-0.000001,-1.595896,-1.829127,-1.317535,-1.414873,-1.212531,-0.514954,-1.022180,-1.189184,-0.117424,-0.437009,-1.116972,0.323739,-0.788087,-1.525830,0.210128,0.132979,-0.432744,-0.209705,-0.377401,-0.593239,-0.675572,0.080695,-0.230453,-0.085748,-0.757548,0.316238,0.011521,-0.440909,-1.636741,-0.724013,0.479446,-1.604680,1.639194,0.137102,-0.817015,0.757224,-0.329715,-0.308304,-0.103660,-0.759657,-2.205358,-0.085610,-0.213254,-1.954128,-0.045945,-0.092137,-0.613621,1.609970,-0.163413,-0.803310,2.122147,-1.219248,-1.927772,-1.528448,-0.537106,-0.978616,-0.059491,-0.195419,-1.290891,0.469638,-1.098659,-1.201478,1.474833,0.955347,-1.862974,-1.596003,1.133886,-1.292445,-1.403541,1.248268,-0.984467,-0.554302,1.390627,-1.123077,0.444601,1.095142,-1.242383,0.702290,0.853225,-1.343053,0.815820,0.850191,-1.040582,0.676671,0.262820,-0.642465,0.441742,-0.303363,-0.245480,0.956684,0.281994,-1.286644,0.813427,-0.033348,-0.992158,0.944214,-0.033483,-0.631790,0.956362,-0.067629,-0.421455,1.608759,-0.208929,-1.256317,0.357742,-0.425679,-0.922873,0.559759,-0.409961,-0.644205,1.599267,-0.246614,-0.445904,2.099490,-0.202698,-1.032562,-0.147199,-0.687705,-1.340034,-0.412662,-0.836956,-1.399063,0.004187,-1.019683,-1.597808,0.893589,-1.053108,-0.555734,1.364029,-1.112098,-0.737109,0.174541,-0.942849,-0.782757,1.042388,-0.993159,-0.808938,-1.015006,-1.146081,-0.754787,-0.318216,-1.002504,-1.335175,-0.174043,-0.857044,-1.432957,-0.006799,-0.692273,-1.396621,-0.031935,-0.895593,-1.532615,1.027979,-0.966061,-1.082238,-0.093209,-0.975855,-1.486684,1.228551,-1.095537,-1.308165,0.627664,-1.010277,-0.932897,-0.465124,-1.269229,-1.312152,0.974372,-1.304246,-0.849794,1.632492,-1.363894,-0.919035,-0.093430,-1.083015,-0.900612,-0.490763,-0.835035,-1.066228,1.262926,-0.775623,-0.937380,-0.123259,-0.749387,-1.168411,-1.129477,-0.721985,-1.168497,0.149305,-0.856693,-1.019931,1.447836,-0.980070,-0.983208,0.342633,-0.983122,-1.179389,0.535735,-0.907414,-1.180188,0.770385,-0.971231,-1.277081,-0.837893,-1.005443,-0.837297,-0.988453,-0.963393,-1.117054,1.446300,-0.813472,-1.179727,1.377439,-0.887839,-1.043695,-0.957752,-0.983270,-1.396806,-1.196955,-0.935264,-1.747264,-1.273492,-0.904671,-1.547567,-0.584846,-0.773867,-1.376924,-0.325681,-0.794325,-1.618413,-1.454408,-0.962480,-1.470480,-0.749371,-0.940329,-1.000603,-0.352846,-0.864772,-0.947176,-0.839813,-0.852608,-1.304713,-1.253948,-1.063800,-1.089419,-0.329383,-0.897148,-1.096774,-0.817537,-0.929499,-0.842017,0.644803,-0.937652,-1.134501,1.422633,-1.016392,-1.015856,0.123165,-0.996218,-1.019246,0.861378,-1.011444,-1.039618,-0.459516,-1.028229,-1.149055,1.330022,-0.863499,-1.115360,0.413965,-0.956176,-1.373518,0.667176,-0.768163,-1.310954,-0.527884,-0.406261,-1.491103,0.227179,-0.561634,-1.302683,-1.016316,-0.406067,-1.216806,0.155323,-0.881301,-1.413749,0.105982,-0.605970,-1.326665,-1.365161,-0.855757,-1.473282,1.010547,-0.548911,-1.398189,0.009251,-0.502123,-1.600335,0.052290,-0.599320,-1.445697,-0.515114,-0.818676,-1.486043,-1.487232,-0.728643,-1.545518,-0.802531,-0.558574,-1.626597,-0.182258,-0.471285,-1.559208,-0.678998,-0.457881,-1.570525,0.924558,-0.607480,-1.593943,0.161984,-0.462292,-1.551285,0.645998,-0.475828,-1.585901,-0.521778,-0.496090,-1.609986,-0.241321,-0.925663,-1.078867,0.431650,-1.152252,-1.512673,0.374542
-0.491621,-3.229264,-1.696713,-0.746375,-0.348039,1.541838,-0.714263,-1.196562,1.412212,-0.612899,-0.764337,-0.828234,0.541349,-0.942613,2.012263,-1.058670,-1.416352,1.405224,-1.132167,-1.278535,-0.479762,-1.594067,-0.401598,-0.278387,-0.513882,-0.087822,0.730793,-1.164767,-0.292279,1.049054,-1.164767,-0.292279,-0.000001,-1.164767,-0.292279,-0.000001,-0.565422,-0.249902,-0.600628,-0.565422,-0.249902,-0.000001,-0.565422,-0.249902,-0.000001,-0.534777,-0.582479,-1.064708,-0.944503,0.126562,-1.052590,-0.983757,0.827727,0.950872,-1.122786,-0.163122,-0.508791,-0.565440,-0.249886,-0.000001,-0.565440,-0.249886,-0.000001,-0.565422,-0.249886,-0.000001,-1.164767,-0.292279,-0.000001,-1.164763,-0.292279,-0.000001,-1.164767,-0.292279,-0.000001,-1.676182,-1.842168,0.021147,-1.702574,-1.010275,0.103631,-0.899825,-0.714189,-0.040452,-0.836273,-1.256258,0.343114,-0.697914,-0.755926,0.990678,-0.880429,-0.553764,-0.081130,-0.609709,-1.778652,0.602391,-0.233314,-1.829523,-0.124854,-0.710966,-0.131098,-0.233361,-1.510813,-0.631873,-1.037707,-0.433264,-0.195065,0.430819,-0.504351,-0.421373,1.563760,-0.569634,-0.878268,1.082098,-0.665943,-1.010956,0.367050,-0.693846,0.330736,0.743601,-0.601820,-0.284305,0.912997,-0.366703,-0.570455,2.033094,-0.726243,-0.819447,0.223799,-1.046902,0.225587,1.362095,-1.017568,0.310573,0.866918,-0.399226,-1.015296,1.882462,0.710795,-0.509768,0.302588,1.125396,-0.465159,0.919703,1.247256,-0.529787,1.159285,1.434929,-0.838947,1.350028,1.024276,-1.062726,1.158556,1.227785,-0.635931,-2.913173,1.518031,-0.986534,-0.150472,0.334504,-0.688300,-1.092747,-0.388923,-0.358872,-0.835487,1.313516,-0.899157,-2.857633,0.758870,-1.134417,-0.233710,0.276519,-0.817567,0.208328,0.005422,-0.487485,0.404017,0.471441,-0.966859,-3.160109,0.054738,-1.160828,-0.353311,-0.145035,-0.868190,-0.950766,-0.183564,-0.513798,-0.103525,0.016037,-1.057685,-2.292381,-0.344915,-1.464316,-0.567652,-0.438598,-1.668680,-1.037328,-0.415929,-1.750309,-0.929428,-1.015906,-1.048014,1.688294,-1.072140,-1.077638,-0.708997,-1.097680,-1.007111,1.329879,-1.131778,-0.897909,-0.758515,-1.079662,-0.717264,-0.973854,-0.910191,-1.220607,0.473364,-0.708178,-1.228850,-0.209665,-0.729222,-1.181582,-0.261982,-0.885411,-0.980088,1.462695,-0.906234,-1.798246,0.131864,-0.864614,-1.371266,1.453342,-0.955826,-1.257710,1.758717,-1.087728,-1.480399,-1.751105,-1.112602,-1.430259,-0.242552,-1.161210,-1.079100,1.467889,-1.207725,-0.684739,0.049816,-1.139113,-0.752853,-0.426287,-0.989964,-1.034373,1.017921,-0.911826,-0.947667,-0.396858,-0.615943,-1.201937,-1.272061,-0.546440,-1.569550,0.723759,-0.895831,-1.034122,1.681312,-0.956240,-1.004580,0.707019,-0.928021,-1.214649,0.915547,-0.814948,-1.226799,0.828213,-0.845673,-1.311136,-1.071693,-1.097597,-0.831969,-0.729785,-0.969843,-1.059146,1.484401,-0.817661,-1.057749,1.430228,-0.892018,-1.335024,-1.185026,-0.987334,-1.576609,-0.600115,-0.739834,-1.895540,-1.557902,-0.921921,-1.212012,-1.380478,-0.774075,-1.092083,-0.265165,-0.778501,-1.791963,-1.516603,-0.931790,-1.597309,0.290222,-1.055326,-1.251298,0.347099,-0.963239,-1.211365,-0.953129,-0.692808,-1.251676,-0.473154,-0.876000,-1.354074,0.077676,-0.736479,-0.941787,-0.555921,-1.028336,-0.681429,-0.387514,-0.893620,-1.017108,1.422633,-0.959294,-0.957037,0.452879,-0.905649,-0.960396,0.589536,-0.906000,-0.920663,-0.722889,-0.939181,-1.056327,1.281699,-1.025299,-1.027045,0.861661,-1.008495,-1.412839,0.297086,-0.797040,-1.380788,-0.845676,-0.652179,-1.222745,1.010002,-0.555886,-1.724239,-0.361164,-0.626141,-1.285650,0.383647,-0.835976,-1.878235,0.288647,-0.534789,-1.364663,-0.648702,-0.808969,-1.170322,1.561719,-0.522251,-1.865941,-0.146930,-0.491566,-1.607656,-0.397031,-0.607689,-1.961698,-0.677396,-0.625922,-1.894319,-0.958341,-0.546460,-1.587573,-1.084146,-0.566672,-1.666660,0.458893,-0.463439,-1.599414,0.082280,-0.433689,-1.292018,1.398531,-0.544083,-1.633733,0.789854,-0.437956,-1.275064,1.060472,-0.468016,-1.626422,-0.083815,-0.504004,-1.649692,0.534156,-1.011650,-0.994019,1.109513,-1.080187,-1.455585,0.507873
-0.506238,0.145588,-1.249484,-0.728142,-0.316467,1.134098,-0.684072,-0.001575,0.536894,-0.347263,-0.324303,-0.714128,0.657687,-0.573645,1.049524,-1.058261,-1.415640,1.304904,-1.144934,-1.278535,-0.322595,-1.581135,-0.373022,-0.443151,-0.472251,-0.549775,1.332880,-0.355122,-0.666863,1.779809,-0.355122,-0.666863,-0.000001,-0.355122,-0.666863,-0.000001,-2.090573,-0.260254,0.814995,-2.090573,-0.260254,-0.000001,-2.090573,-0.260254,-0.000001,-0.533970,-0.576826,-0.706686,-0.944503,0.183499,-0.491376,-0.984652,-1.150233,0.820190,-1.127247,1.383870,0.312266,-2.090591,-0.260238,-0.000001,-2.090591,-0.260238,-0.000001,-2.090573,-0.260238,-0.000001,-0.355122,-0.666863,-0.000001,-0.355117,-0.666863,-0.000001,-0.355122,-0.666863,-0.000001,-2.730048,-0.104201,0.361150,-1.683925,0.367565,-1.126425,-1.362547,0.192275,-0.901731,-0.820640,-0.746766,-0.204017,-1.294334,-0.716964,0.114649,0.109128,-0.236385,-1.138110,-1.150486,-1.744809,-0.787396,-0.690442,-1.262507,-1.654873,-0.383150,-0.123075,-1.865680,-1.489097,-1.427158,-0.617946,-0.845211,-1.127587,-1.170798,-0.942041,-0.862533,-1.184581,-0.123363,-1.699747,-1.919185,-1.612136,-2.001845,-1.867547,-1.138480,-1.574557,-0.910572,-1.368990,-1.217965,-2.070982,-0.822500,-0.546750,-1.518770,-1.514521,-2.288423,-1.381083,-1.781711,-1.654414,-0.883704,-1.752874,-0.386167,-0.552560,-2.098893,-0.991552,-0.745433,0.661507,-0.433638,0.302588,1.086094,-0.378122,0.919703,1.213028,-0.422034,1.159285,1.397032,-0.720799,1.350028,0.986728,-0.946861,1.158556,1.178450,-0.551496,-2.913173,1.440299,-0.887317,-0.150472,0.257744,-0.581410,-1.092747,-0.447214,-0.253263,-0.835487,1.256363,-0.825729,-2.857633,0.692099,-1.048821,-0.233710,0.210458,-0.732766,0.208328,-0.049214,-0.409805,0.404017,0.421670,-0.897570,-3.160109,0.008347,-1.083863,-0.353311,-0.196919,-0.792561,-0.950766,-0.232466,-0.443223,-0.103525,-0.021414,-0.990410,-2.292381,-0.380306,-1.392101,-0.567652,-0.477463,-1.598122,-1.037328,-0.458530,-1.684037,-0.929428,-1.052080,-0.216570,1.357579,-1.293132,-0.411127,0.411899,-0.941550,-0.436997,0.674729,-1.188067,-0.459744,-1.582954,-1.334135,-1.061392,-1.070469,-1.000723,-1.051944,1.420025,-0.854154,-1.107228,-1.459706,-0.913940,-1.111573,-1.649045,-0.890944,-0.936729,0.558348,-1.203396,-1.293725,-0.389052,-1.225383,-0.826683,0.617925,-1.332630,-1.126477,0.929381,-1.228900,-0.657925,-0.805018,-1.262791,-0.434663,0.370459,-1.298433,-0.555384,1.507943,-1.357563,-0.081937,-0.111322,-1.076482,0.093608,-0.427968,-0.833392,-0.875521,0.425544,-0.773557,-0.780724,0.659160,-0.746803,-0.984622,-0.816116,-0.718687,-0.989066,1.170021,-0.852888,-0.846819,1.939984,-0.975309,-0.325076,0.378400,-0.977963,-0.682662,0.895842,-0.901565,-0.569648,0.860483,-0.964922,-1.071962,-0.272698,-0.999505,-0.544569,-1.659722,-0.959022,-0.565139,1.332257,-1.068178,-0.526855,1.184146,-0.883199,-1.285031,-1.209339,-0.978758,-1.576925,-0.424485,-0.931637,-1.544413,-1.032316,-0.900934,-0.789600,-0.996470,-1.007943,-0.741706,0.153717,-1.031682,-1.369385,-1.439383,-0.957556,-1.304523,0.269985,-0.937782,-1.164816,0.741488,-0.862197,-1.432720,-0.339719,-0.849758,-1.152737,-0.125419,-0.821394,-1.262776,0.927628,-0.894283,-0.813360,-1.461990,-0.926914,-0.556361,-0.894905,-0.932609,-0.314748,1.198084,-1.011549,-0.424883,0.224702,-0.990488,-0.427962,0.285906,-1.005686,-0.753595,-1.179652,-1.022596,-0.525122,1.452773,-1.075676,-0.521115,1.010483,-0.952797,-1.095634,-0.333579,-0.983891,-1.055300,-0.535723,-0.638195,-0.994334,0.495350,-0.794609,-1.479456,-0.608861,-0.641177,-1.039030,0.436234,-0.875866,-1.610073,-0.017236,-0.856498,-1.156239,-0.799217,-1.110050,-0.989619,1.379061,-0.796085,-1.621679,-0.704961,-0.753568,-1.341436,-0.862659,-0.594809,-1.189297,-1.422908,-1.035287,-1.677935,-0.854048,-0.725310,-1.278401,-1.591688,-0.797999,-1.458932,-0.066877,-0.710144,-1.378878,-0.269033,-0.698537,-1.093285,0.840439,-0.868706,-1.098806,0.142647,-0.704382,-1.077962,0.494851,-0.713680,-1.404161,-0.414278,-0.730083,-1.443813,-0.052171,-0.922600,-0.486379,0.041085,-1.146940,-0.994736,1.202323
-0.513910,0.146268,-1.436096,-0.704750,-0.305301,0.627817,-0.070062,0.019387,0.205578,-0.214712,-0.197548,1.561257,0.657127,-0.436679,0.254220,-1.049106,-0.506750,0.494387,-1.143703,-1.291100,-0.611655,-1.553928,-0.430104,0.743398,-0.422930,-0.088706,0.277281,0.444554,-0.296531,0.643615,0.444554,-0.296531,-0.000001,0.444554,-0.296531,-0.000001,-0.566905,-0.252490,-0.033070,-0.566905,-0.252490,-0.000001,-0.566905,-0.252490,-0.000001,-0.543952,-0.573525,-1.019567,-0.949622,0.193776,-0.474243,-0.986959,-1.171715,0.663051,-1.127247,1.379295,0.292125,-0.566923,-0.252474,-0.000001,-0.566923,-0.252474,-0.000001,-0.566905,-0.252474,-0.000001,0.444554,-0.296531,-0.000001,0.444558,-0.296531,-0.000001,0.444554,-0.296531,-0.000001,-2.695572,-0.130283,-0.181543,-2.196346,-0.575011,-0.208506,-1.329700,-0.286028,-0.621398,-0.785902,-1.274603,-0.736697,-1.251575,-0.775437,0.219758,1.111563,-2.074439,-1.311916,-1.113658,-1.802869,-1.825395,-0.658686,-1.307372,-1.709549,-0.043344,-0.439651,-2.345579,-1.453771,-1.871007,-0.378251,-4.239576,2.179677,-2.841326,-1.818779,0.026797,-2.528465,-0.094672,-0.894204,-2.093555,-2.547735,-2.044085,-2.003497,-2.957170,0.797948,-0.307958,-2.905383,2.093180,-2.040839,-0.791480,0.455783,-1.806655,-3.098344,-1.334192,-1.546223,-2.261902,0.682115,-0.256654,-2.851881,1.012720,1.129192,-2.499442,-0.512170,-0.808809,0.612241,-0.287249,0.302588,1.046809,-0.210759,0.919703,1.178814,-0.214835,1.159285,1.359153,-0.493613,1.350028,0.949196,-0.724066,1.158556,1.129136,-0.389136,-2.913173,1.362601,-0.696533,-0.150472,0.181016,-0.375871,-1.092747,-0.505479,-0.050188,-0.835487,1.199235,-0.684534,-2.857633,0.625357,-0.884228,-0.233710,0.144427,-0.569704,0.208328,-0.103827,-0.260434,0.404017,0.371921,-0.764334,-3.160109,-0.038023,-0.935868,-0.353311,-0.248781,-0.647135,-0.950766,-0.281346,-0.307515,-0.103525,-0.058849,-0.861045,-2.292381,-0.415682,-1.253237,-0.567652,-0.516311,-1.462445,-1.037328,-0.501113,-1.556604,-0.929428,-1.054476,-0.222050,1.223535,-1.295256,-0.414027,0.557714,-0.943779,-0.436997,0.092380,-1.386317,-0.456625,-1.434858,-1.335828,-0.431880,-0.597338,-1.001975,-1.045485,1.752023,-1.085194,-1.098670,-1.449547,-1.138835,-1.103085,-1.657325,-1.136552,-0.930732,0.432969,-1.200776,-0.851635,-0.431006,-1.221724,-0.820824,0.532162,-1.328277,-1.122996,0.944794,-1.224461,-0.654537,-0.887639,-1.258154,-0.433089,0.298479,-1.294247,-0.556430,1.323945,-1.352971,-0.084952,-0.119609,-1.292752,0.087064,-0.531480,-0.835445,-0.880717,0.395165,-0.775203,-0.785578,0.691935,-0.747881,-0.991008,-0.746075,-0.718903,-0.995300,0.566434,-0.852451,-0.500260,2.048601,-0.731780,-0.331771,0.713093,-0.975388,-0.688326,1.116256,-0.898187,-0.576994,0.949439,-0.960875,-1.079074,-0.639758,-0.995554,-0.553600,-1.637722,-0.957636,-0.569434,1.244545,-1.066779,-0.530355,1.387571,-0.881813,-0.807110,-1.146124,-0.977409,-1.217674,-0.665366,-0.931243,-1.141565,-0.931887,-0.900105,-0.789600,-0.460679,-1.006649,-0.741706,0.610815,-1.029945,-0.874471,-1.088442,-1.205611,-0.974103,0.400000,-0.939064,-1.168026,0.682501,-1.102264,-1.113557,-0.536875,-0.849965,-1.156304,-0.408850,-1.060175,-1.266165,0.872773,-0.894491,-0.818480,-1.591805,-0.927563,-0.561512,-0.907402,-0.930417,-0.320624,1.422633,-1.008922,-0.429482,0.385609,-0.987180,-0.432563,0.397179,-1.002064,-0.182054,-0.857145,-1.019343,-0.529229,1.167225,-1.073144,-0.525026,0.897010,-0.952590,-0.544661,-0.156978,-0.983508,-0.547129,-0.153186,-0.873314,-0.993419,0.320355,-0.793336,-1.478516,-0.735172,-0.878865,-1.038080,0.749838,-0.873504,-1.211752,-0.440352,-1.110016,-1.154717,-1.110169,-1.107721,-0.987582,1.270594,-0.794283,-1.164495,-0.878532,-0.751960,-0.828615,-0.713086,-0.845649,-0.681428,-1.423148,-1.034902,-1.285759,-0.907952,-0.943060,-0.748890,-1.377057,-0.796914,-1.126571,-0.430278,-0.708831,-1.377268,-0.872172,-0.942030,-1.092153,0.194826,-0.865845,-1.097319,-0.719328,-0.949325,-1.076840,-0.008994,-0.712372,-1.402538,-0.897882,-0.967290,-1.114411,-0.589952,-0.923044,-0.490626,-0.178264,-1.143964,-0.998764,0.808479
-0.513910,0.146268,-1.436096,-0.704750,-0.305301,0.627817,-0.070062,0.019387,0.205578,-0.214712,-0.197548,1.561257,0.657127,-0.436679,0.254220,-1.049106,-0.506750,0.494387,-1.143703,-1.291100,-0.611655,-1.553928,-0.430104,0.743398,-0.422930,-0.088706,0.277281,0.444554,-0.296531,0.643615,0.444554,-0.296531,-0.000001,0.444554,-0.296531,-0.000001,-0.566905,-0.252490,-0.033070,-0.566905,-0.252490,-0.000001,-0.566905,-0.252490,-0.000001,-0.543952,-0.573525,-1.019567,-0.949622,0.193776,-0.474243,-0.986959,-1.171715,0.663051,-1.127247,1.379295,0.292125,-0.566923,-0.252474,-0.000001,-0.566923,-0.252474,-0.000001,-0.566905,-0.252474,-0.000001,0.444554,-0.296531,-0.000001,0.444558,-0.296531,-0.000001,0.444554,-0.296531,-0.000001,-2.695572,-0.130283,-0.181543,-2.196346,-0.575011,-0.208506,-1.329700,-0.286028,-0.621398,-0.785902,-1.274603,-0.736697,-1.251575,-0.775437,0.219758,1.111563,-2.074439,-1.311916,-1.113658,-1.802869,-1.825395,-0.658686,-1.307372,-1.709549,-0.043344,-0.439651,-2.345579,-1.453771,-1.871007,-0.378251,-4.239576,2.179677,-2.841326,-1.818779,0.026797,-2.528465,-0.094672,-0.894204,-2.093555,-2.547735,-2.044085,-2.003497,-2.957170,0.797948,-0.307958,-2.905383,2.093180,-2.040839,-0.791480,0.455783,-1.806655,-3.098344,-1.334192,-1.546223,-2.261902,0.682115,-0.256654,-2.851881,1.012720,1.129192,-2.499442,-0.512170,-0.808809,0.612241,-0.287249,0.302588,1.046809,-0.210759,0.919703,1.178814,-0.214835,1.159285,1.359153,-0.493613,1.350028,0.949196,-0.724066,1.158556,1.129136,-0.389136,-2.913173,1.362601,-0.696533,-0.150472,0.181016,-0.375871,-1.092747,-0.505479,-0.050188,-0.835487,1.199235,-0.684534,-2.857633,0.625357,-0.884228,-0.233710,0.144427,-0.569704,0.208328,-0.103827,-0.260434,0.404017,0.371921,-0.764334,-3.160109,-0.038023,-0.935868,-0.353311,-0.248781,-0.647135,-0.950766,-0.281346,-0.307515,-0.103525,-0.058849,-0.861045,-2.292381,-0.415682,-1.253237,-0.567652,-0.516311,-1.462445,-1.037328,-0.501113,-1.556604,-0.929428,-1.054476,-0.222050,1.223535,-1.295256,-0.414027,0.557714,-0.943779,-0.436997,0.092380,-1.386317,-0.456625,-1.434858,-1.335828,-0.431880,-0.597338,-1.001975,-1.045485,1.752023,-1.085194,-1.098670,-1.449547,-1.138835,-1.103085,-1.657325,-1.136552,-0.930732,0.432969,-1.200776,-0.851635,-0.431006,-1.221724,-0.820824,0.532162,-1.328277,-1.122996,0.944794,-1.224461,-0.654537,-0.887639,-1.258154,-0.433089,0.298479,-1.294247,-0.556430,1.323945,-1.352971,-0.084952,-0.119609,-1.292752,0.087064,-0.531480,-0.835445,-0.880717,0.395165,-0.775203,-0.785578,0.691935,-0.747881,-0.991008,-0.746075,-0.718903,-0.995300,0.566434,-0.852451,-0.500260,2.048601,-0.731780,-0.331771,0.713093,-0.975388,-0.688326,1.116256,-0.898187,-0.576994,0.949439,-0.960875,-1.079074,-0.639758,-0.995554,-0.553600,-1.637722,-0.957636,-0.569434,1.244545,-1.066779,-0.530355,1.387571,-0.881813,-0.807110,-1.146124,-0.977409,-1.217674,-0.665366,-0.931243,-1.141565,-0.931887,-0.900105,-0.789600,-0.460679,-1.006649,-0.741706,0.610815,-1.029945,-0.874471,-1.088442,-1.205611,-0.974103,0.400000,-0.939064,-1.168026,0.682501,-1.102264,-1.113557,-0.536875,-0.849965,-1.156304,-0.408850,-1.060175,-1.266165,0.872773,-0.894491,-0.818480,-1.591805,-0.927563,-0.561512,-0.907402,-0.930417,-0.320624,1.422633,-1.008922,-0.429482,0.385609,-0.987180,-0.432563,0.397179,-1.002064,-0.182054,-0.857145,-1.019343,-0.529229,1.167225,-1.073144,-0.525026,0.897010,-0.952590,-0.544661,-0.156978,-0.983508,-0.547129,-0.153186,-0.873314,-0.993419,0.320355,-0.793336,-1.478516,-0.735172,-0.878865,-1.038080,0.749838,-0.873504,-1.211752,-0.440352,-1.110016,-1.154717,-1.110169,-1.107721,-0.987582,1.270594,-0.794283,-1.164495,-0.878532,-0.751960,-0.828615,-0.713086,-0.845649,-0.681428,-1.423148,-1.034902,-1.285759,-0.907952,-0.943060,-0.748890,-1.377057,-0.796914,-1.126571,-0.430278,-0.708831,-1.377268,-0.872172,-0.942030,-1.092153,0.194826,-0.865845,-1.097319,-0.719328,-0.949325,-1.076840,-0.008994,-0.712372,-1.402538,-0.897882,-0.967290,-1.114411,-0.589952,-0.923044,-0.490626,-0.178264,-1.143964,-0.998764,0.808479
-0.520831,0.169245,-1.256436,-0.725748,-0.310675,1.045956,-0.686133,-0.000619,0.644585,-0.212104,-0.071154,0.560223,0.542632,-0.296840,0.839166,-1.053892,-0.498678,0.447095,-1.119828,-0.215708,-1.766277,-1.538414,-0.384453,0.322038,-0.415807,-0.551543,-0.223529,0.448693,-1.032215,0.568563,0.448693,-1.032215,-0.000001,0.448693,-1.032215,-0.000001,-0.581718,-0.262842,-1.191386,-0.581718,-0.262842,-0.000001,-0.581718,-0.262842,-0.000001,-0.554758,-0.566495,-1.065546,-0.955509,0.198505,-0.558525,-0.993620,0.826118,1.243556,-1.642306,1.372284,-0.098337,-0.581736,-0.262827,-0.000001,-0.581736,-0.262827,-0.000001,-0.581718,-0.262827,-0.000001,0.448693,-1.032215,-0.000001,0.448698,-1.032215,-0.000001,0.448693,-1.032215,-0.000001,-1.526970,-2.165263,-1.052981,-1.345212,-1.205669,-0.164567,-1.432934,-0.744282,0.193210,-0.871407,-1.105965,-0.480915,-0.711392,-1.511256,-0.088941,-0.282735,-0.722725,-0.581414,-0.857667,0.055105,-0.838812,-0.790001,-0.218203,-1.485739,-1.031073,0.170566,-0.873356,-1.477201,-1.226794,-0.483316,-0.728903,-0.650494,-0.911077,-1.144111,-0.351365,-1.002787,0.149824,-0.712689,-0.376500,-1.647142,-1.195294,-1.210586,-1.518207,-0.037874,-0.464446,-0.810935,-0.128724,-1.613900,-0.568208,-0.278387,-1.381827,-1.958616,-1.428115,-0.892488,-1.481752,0.437703,0.165825,-1.621652,0.126918,0.628006,-1.888095,-0.159586,-0.151337,0.612241,-0.137921,0.302588,1.046809,-0.040035,0.919703,1.178814,-0.003478,1.159285,1.359153,-0.261866,1.350028,0.949196,-0.496798,1.158556,1.129136,-0.223516,-2.913173,1.362601,-0.501919,-0.150472,0.181016,-0.166206,-1.092747,-0.505479,0.156964,-0.835487,1.199235,-0.540505,-2.857633,0.625357,-0.716331,-0.233710,0.144427,-0.403367,0.208328,-0.103827,-0.108065,0.404017,0.371921,-0.628424,-3.160109,-0.038023,-0.784901,-0.353311,-0.248781,-0.498789,-0.950766,-0.281346,-0.169083,-0.103525,-0.058849,-0.729084,-2.292381,-0.415682,-1.111586,-0.567652,-0.516311,-1.324046,-1.037328,-0.501113,-1.426613,-0.929428,-1.050205,-0.110042,0.169577,-1.294114,-0.430405,0.011883,-0.952322,-0.585513,-0.661186,-1.398980,-0.052459,-1.729490,-1.358763,-0.798959,-0.747030,-1.049460,-0.901124,1.711875,-1.178518,-1.003186,-1.620704,-1.271268,-1.054903,-1.765614,-1.087387,-0.902496,0.413030,-1.441589,-1.239107,-0.069002,-1.268041,-0.734348,0.937172,-1.405333,-1.007093,0.697662,-1.315411,-0.401862,-1.452541,-1.357606,-0.054228,-0.268259,-1.385670,-0.064721,-0.031418,-1.030287,-0.068430,0.454752,-1.181935,0.233610,0.395693,-1.089473,-0.357405,0.533828,-1.047828,-0.634914,1.621257,-1.064487,-0.793150,0.580650,-0.836376,-0.802134,1.338172,-1.004991,-0.333768,1.418707,-0.940857,-0.557629,0.023342,-0.973444,-0.509417,2.147915,-1.178947,0.052268,1.518586,-1.273439,-0.861602,1.180599,-1.070497,-0.885201,-2.208101,-1.147222,-0.464886,0.886771,-1.258288,-0.458835,0.155678,-1.331504,-1.735352,-0.811246,-1.165184,-1.235450,0.707240,-1.072411,-1.215696,-0.591480,-1.290144,-0.894564,-0.983841,-1.186488,-0.413678,0.324062,-1.227646,-0.973465,-1.389833,-1.175815,-1.029812,0.644275,-1.008901,-0.772688,0.325846,-1.188074,-1.027311,0.319520,-0.956421,-1.071934,0.023936,-1.190998,-0.848813,1.438264,-1.001526,-0.715655,-1.745824,-1.015640,-0.462685,-1.756219,-1.159025,-0.195896,0.308682,-1.235866,-0.314352,-0.797433,-1.262178,-0.317373,-0.299040,-1.285322,-0.619108,-1.692724,-1.289720,-0.437262,1.644483,-1.076649,-0.437435,0.623256,-1.081981,-0.801965,-0.309565,-1.121032,-0.752943,-0.484155,-1.041975,-0.781598,0.429237,-0.978011,-1.251695,-0.456709,-1.078547,-0.809166,0.603708,-1.117768,-1.360406,-0.119128,-1.370196,-0.962592,-0.762650,-1.348543,-0.822450,1.397373,-1.010273,-1.395704,-0.913804,-0.955175,-1.096211,-1.113226,-1.027624,-0.946440,-1.665434,-1.172989,-1.478021,-0.798164,-1.071286,-0.991965,-1.596471,-0.972987,-1.266055,-0.067385,-0.900126,-1.173977,-0.368315,-0.905075,-0.908761,0.453532,-1.128493,-0.909592,-0.152229,-0.912149,-0.894953,0.219246,-0.902860,-1.197659,-0.488295,-0.901101,-1.252653,-0.130974,-1.025618,-0.400477,-0.762181,-1.394212,-0.903490,2.314528
-0.531224,0.147669,-1.464830,-0.692969,0.782927,-0.033661,-0.072970,0.069286,0.100947,-0.085121,0.241645,0.742522,0.539555,-0.113043,0.687344,-1.040092,-0.488624,0.228956,-1.180746,-0.205237,-0.571257,-1.564726,-0.413029,1.109469,-0.442124,-0.549775,0.097870,-0.346374,-0.665442,0.446602,-0.346374,-0.665442,-0.000001,-0.346374,-0.665442,-0.000001,-0.574899,-0.265415,-0.517318,-0.574899,-0.265415,-0.000001,-0.574899,-0.265415,-0.000001,-1.911726,-0.588104,-1.413159,-0.963391,0.147117,-1.105844,-0.999640,0.868686,1.986018,-1.645419,1.355527,0.026865,-0.574917,-0.265399,-0.000001,-0.574917,-0.265399,-0.000001,-0.574899,-0.265399,-0.000001,-0.346374,-0.665442,-0.000001,-0.346369,-0.665442,-0.000001,-0.346374,-0.665442,-0.000001,-2.066674,-1.156886,0.045992,-1.353107,-1.222782,-0.404058,-1.907949,-1.637394,0.217157,-0.875601,-1.615457,-0.220407,-0.716499,-1.559973,-0.067118,-0.771456,-1.633753,-1.384461,-1.417892,-0.622299,-1.296077,-1.259979,-0.254952,-1.351864,-1.346401,0.309349,-0.909618,-2.045777,-1.652168,-0.646459,-0.737620,-1.156487,-0.948619,-1.597206,-0.379360,-1.183727,-0.705571,-1.569228,-0.802036,-1.660272,-0.722915,-1.120550,-1.983440,0.403763,0.462996,-1.586369,-0.161280,-1.696032,-1.040418,-0.823015,-1.289490,-1.178255,-0.473838,-0.246891,-0.754811,-0.525685,0.272927,-1.997229,0.105326,0.705829,-1.895210,-1.736327,0.005580,0.593458,-0.097637,0.302588,1.031831,0.006020,0.919703,1.165770,0.053540,1.159285,1.344710,-0.199348,1.350028,0.934886,-0.435488,1.158556,1.110334,-0.178837,-2.913173,1.332977,-0.449418,-0.150472,0.151763,-0.109645,-1.092747,-0.527693,0.212848,-0.835487,1.177454,-0.501651,-2.857633,0.599911,-0.671037,-0.233710,0.119251,-0.358495,0.208328,-0.124648,-0.066960,0.404017,0.352954,-0.591759,-3.160109,-0.055703,-0.744175,-0.353311,-0.268553,-0.458770,-0.950766,-0.299982,-0.131739,-0.103525,-0.073121,-0.693485,-2.292381,-0.429170,-1.073373,-0.567652,-0.531122,-1.286710,-1.037328,-0.417951,-1.294690,-0.929428,-1.394099,0.333882,1.196236,-1.246651,0.314428,-0.946987,-1.502223,0.539892,0.347973,-1.311561,0.033495,-1.786437,-1.246986,-1.070909,-1.981833,-1.273219,-0.365384,0.467793,-1.105635,-2.133867,-1.089884,-1.093401,-1.951436,-2.075413,-1.255679,-0.726192,-0.291932,-1.487050,-1.529410,1.065917,-1.449004,-0.240199,-0.372918,-1.492676,-0.721037,1.928717,-1.572760,-1.809066,-1.876702,-1.364044,-1.258308,-1.711961,-1.387312,-0.376982,-1.774206,-1.443023,-0.075947,-0.915729,-1.380557,-0.103573,-0.692602,-1.429009,-0.297216,0.649137,-1.340666,-0.683424,0.444774,-1.042750,-0.903814,-0.794188,-0.962241,-0.910174,1.204983,-1.298036,-0.743685,2.144140,-1.065654,-0.195716,0.923537,-1.018428,-0.614867,2.016010,-1.143410,-0.491864,1.270811,-1.155297,-1.399471,0.203476,-1.359408,-0.926716,-1.615632,-1.364161,-0.712717,1.338351,-1.214827,-0.617146,0.338424,-1.288155,-1.791395,-0.671939,-1.372570,-1.531648,1.287169,-1.327346,-1.405907,-0.744399,-1.284741,-1.101215,-2.080707,-1.378060,-0.569361,-0.969004,-1.137475,-1.688093,-1.500176,-1.294563,-0.864457,0.685272,-1.483341,-0.931361,1.472597,-1.384163,-1.230745,0.221171,-1.077141,-1.271446,0.719949,-1.268947,-1.016321,1.182530,-1.122902,-0.946366,-1.229682,-1.450839,-0.682958,-1.661816,-1.240033,-0.484702,0.342269,-1.268757,-0.587861,-0.345471,-1.227371,-0.591026,-0.592806,-1.448822,-1.531540,-1.696068,-1.255497,-0.648865,1.604812,-1.323646,-0.638970,1.335246,-1.398416,-1.209521,-1.446021,-1.147367,-1.212160,-1.972382,-1.017003,-0.787810,0.501446,-0.913754,-1.251068,0.338221,-0.979357,-0.823043,-0.871813,-1.210521,-1.753431,0.708644,-1.402349,-0.906798,0.438555,-1.439988,-0.722884,1.399512,-1.145609,-1.686811,-0.004230,-1.134957,-1.917690,-0.954887,-0.995801,-1.759986,-0.887516,-1.199432,-1.349022,-0.381699,-0.899070,-1.927778,-1.404743,-0.942195,-0.882667,0.977721,-1.075711,-1.114941,0.934078,-1.041889,-0.862763,0.395923,-1.183985,-0.855075,0.798388,-1.049779,-0.849332,0.171815,-0.832270,-1.138160,0.713611,-0.871009,-0.872678,1.125763,-1.431750,-0.609216,0.086140,-1.399740,-1.128788,2.313695
-0.536222,0.148349,-1.524000,-0.696836,0.792795,0.006189,-0.076367,1.265480,-0.073254,-0.082235,0.303820,1.495151,0.538762,-0.020651,0.824313,-1.043235,-0.487014,0.076961,-1.156042,0.882695,-1.541023,-1.567755,-0.413029,1.264175,-0.413099,-1.010853,0.138707,0.454679,-1.037185,1.437634,0.454679,-1.037185,-0.000001,0.454679,-1.037185,-0.000001,-0.575785,-0.926045,-0.466700,-0.575785,-0.926045,-0.000001,-0.575785,-0.926045,-0.000001,-1.915235,-0.591863,-1.461114,-0.961420,0.150302,-1.042752,-1.003612,0.853688,1.938880,-1.645729,1.355527,-0.024321,-0.575803,-0.926029,-0.000001,-0.575803,-0.926029,-0.000001,-0.575785,-0.926029,-0.000001,0.454679,-1.037185,-0.000001,0.454683,-1.037185,-0.000001,0.454679,-1.037185,-0.000001,-1.983541,-0.823357,0.265815,-1.596881,-1.438719,0.293282,-1.997457,-1.694273,0.104339,-0.465246,-1.523823,-1.925297,-0.782979,-1.769477,-0.359355,-0.248964,-2.407789,-1.932356,-1.169520,-0.801322,-0.246526,-1.379162,-1.393020,-1.745020,-1.062543,-0.012953,-2.099247,-2.084923,-1.874093,-0.825048,-2.734957,1.116995,-1.688606,-2.698611,0.520484,-1.178127,-1.294643,-1.451418,-0.916912,-1.748133,-0.473271,-0.920522,-3.283153,1.374678,0.491401,-2.578568,1.318767,-1.326730,-0.823218,-0.594111,-1.229725,-2.055526,-0.169504,0.493956,-1.220387,1.480120,0.262246,-2.259673,0.920909,1.426065,-2.140654,0.078098,0.118207,0.756915,-0.069042,-0.013459,1.124627,0.009819,0.830194,1.181097,0.105860,0.941043,1.343578,-0.155104,1.219117,1.023641,-0.379338,1.146782,1.274149,-0.147227,-2.705859,1.367749,-0.401356,0.088963,0.369907,-0.034166,-0.515904,-0.362065,0.275790,-0.580947,1.175491,-0.425485,-2.660257,0.597677,-0.610647,0.550426,0.180268,-0.251740,1.080056,-0.021843,0.022283,1.925315,0.351133,-0.519880,-3.141059,-0.012916,-0.681366,-0.131476,-0.146121,-0.355200,1.036870,-0.208032,-0.074072,1.732190,-0.110452,-0.571625,-2.997178,-0.464432,-0.862759,-1.976420,-0.474328,-0.983612,-1.380383,-0.298012,-1.158061,-0.113558,-1.399391,0.328351,1.033433,-1.251548,0.312075,-1.107667,-1.507791,-0.156567,0.143840,-1.316657,0.035909,-1.829505,-1.251741,-1.066447,-1.922353,-1.277662,-0.359449,0.667383,-1.343498,-2.125910,-1.208712,-1.324966,-1.943999,-2.128458,-1.258563,-0.322105,-0.263977,-1.488785,-1.523567,0.778156,-1.449919,-0.235104,-0.258738,-1.492676,-0.717842,2.093647,-1.572563,-1.806190,-1.779130,-1.363643,-0.666156,-1.409660,-1.386942,-0.378007,-0.809437,-1.442641,-0.078942,-0.579767,-1.379767,-0.109536,-0.475416,-1.434777,-0.301708,0.544243,-1.346233,-0.687697,0.486806,-1.047698,-0.909518,-0.674507,-0.966662,-1.285689,1.410965,-1.301832,-0.748740,1.998973,-1.068034,-0.648976,0.525773,-1.020145,-0.619923,1.534528,-1.144765,-0.498104,0.924769,-1.155975,-1.405837,0.134207,-1.359408,-0.934663,-1.640191,-1.367381,-0.716353,1.239130,-1.218071,-0.620677,0.193767,-1.291390,-1.794411,-0.582742,-1.375716,-1.532951,1.270615,-1.102669,-1.406261,-0.732349,-1.287861,-1.101215,-2.081698,-1.381050,-0.569361,-0.970346,-1.385020,-1.688526,-1.354034,-1.297025,-0.864746,0.882988,-1.488445,-0.934286,1.302494,-1.389095,-1.233936,0.355850,-1.081216,-1.274465,0.844832,-1.272807,-1.019409,1.310328,-1.126999,-0.950987,-1.217070,-1.455789,-0.687607,-1.693598,-1.242225,-0.489619,0.222658,-1.270374,-0.592128,-0.333289,-1.228698,-0.595295,-0.502463,-1.208471,-0.952191,-1.607233,-1.256802,-0.652607,1.644483,-1.325205,-0.642534,1.306419,-1.402225,-1.761932,-1.268678,-1.150509,-1.722582,-1.914132,-1.020172,-0.786919,0.274438,-1.156954,-1.250102,0.413689,-0.981925,-0.822092,-0.868765,-1.212884,-1.752360,0.862481,-1.404180,-0.905276,0.626151,-1.442317,-0.721152,1.384628,-1.148091,-1.684360,0.057575,-1.137937,-1.914977,-1.066230,-0.998952,-2.268296,-1.023966,-1.202586,-1.346945,-0.152302,-0.902402,-1.925474,-1.258800,-0.945244,-1.216791,0.877234,-1.078551,-1.113331,0.955671,-1.044538,-0.861630,0.323930,-1.186146,-0.853588,0.714452,-1.052444,-0.848210,0.086254,-1.080533,-1.136538,0.705647,-0.873988,-1.203828,0.837492,-1.436332,-0.612769,-0.050907,-1.401237,-1.132197,2.314528
-0.537371,0.142785,-1.637156,-0.695915,-0.287700,0.077631,-0.069940,0.061328,0.315165,-0.081805,0.307547,1.468291,0.658689,0.070269,1.013600,-1.044603,-0.497057,-0.070927,-1.158103,-0.209425,-1.004504,-1.554797,-0.447250,0.929663,-0.441020,-1.931221,1.152836,0.439641,-1.774999,1.559341,0.439641,-1.774999,-0.000001,0.439641,-1.774999,-0.000001,-2.089398,-1.608659,-0.267391,-2.089398,-1.608659,-0.000001,-2.089398,-1.608659,-0.000001,-1.913884,-0.591863,-1.469006,-0.959450,0.132883,-1.118299,-1.001177,0.837057,1.863909,-1.641895,1.364063,-0.110458,-2.089416,-1.608643,-0.000001,-2.089416,-1.608643,-0.000001,-2.089398,-1.608643,-0.000001,0.439641,-1.774999,-0.000001,0.439646,-1.774999,-0.000001,0.439641,-1.774999,-0.000001,-2.060981,-1.511248,0.181588,-1.885822,-1.246798,0.880815,-1.430048,-0.791116,-0.566494,-0.867586,-1.168293,-0.756718,-0.706285,-1.598936,0.728894,0.189503,-1.951133,-1.153897,-0.859346,-1.294801,-0.750357,-0.323245,-1.886639,-1.184432,-0.402366,0.000811,-1.474832,-1.486552,-2.077542,-0.711446,-0.733104,-0.245673,-0.395644,-1.591374,-0.410859,-0.897436,-0.699721,-1.180740,-0.362647,-1.656623,-1.752201,-1.250077,-1.978541,0.374534,1.083951,-1.965966,0.280194,-1.097625,-1.033996,-0.854622,-0.730003,-1.571013,-0.503877,-0.504840,-1.240433,-0.087147,0.704523,-1.992982,0.434790,1.385386,-1.889716,-1.252980,0.770754,0.600025,0.010947,0.337220,-0.666995,-0.090091,-0.412667,-0.428526,-0.516391,-1.303213,-0.004965,-0.441621,-1.332113,0.686336,-0.225911,-1.335814,-0.778121,-0.132084,0.599237,-0.155104,-0.176154,0.115121,0.570714,-0.073038,-0.310173,0.811369,0.191799,1.615741,-1.048930,-0.019883,-0.452544,-0.094250,-0.160487,0.193135,0.851495,-0.046089,1.438718,1.711013,0.173086,2.294411,-0.798917,-0.036846,-1.622581,0.262008,-0.015058,-1.008312,0.931965,0.063021,1.348041,1.689075,0.273175,2.703140,-0.323216,0.053219,-2.449439,0.146929,0.067636,-0.943892,0.785360,0.143953,-0.132574,1.396617,0.215203,1.158773,-1.242718,0.104882,1.354578,-1.290690,-0.028502,-0.484933,-1.349054,0.046795,0.774276,-1.373126,0.105114,-1.732170,-1.316979,-0.482837,-1.846403,-1.367131,-0.488429,0.922358,-1.254921,-1.693317,-1.510427,-1.280756,-1.601797,-2.447248,-1.262113,-0.885594,0.206593,-1.539690,-1.685104,0.609401,-1.294190,-0.803599,0.555434,-1.378043,-0.777547,1.569667,-1.485026,-0.718908,-2.212960,-1.513012,-0.565317,-0.669986,-1.319703,-0.166552,-0.498401,-1.376727,-0.334282,-0.190092,-1.315337,0.384326,-0.231245,-1.275521,-0.740538,0.179962,-1.205286,-0.691134,0.486842,-1.177271,-0.892079,-0.554924,-1.137580,-1.265733,1.284074,-1.256641,-0.749369,1.729483,-1.087315,-0.646240,0.700729,-1.070516,-0.601716,1.834931,-1.229799,-0.472410,1.084283,-1.273659,-1.386373,0.541867,-1.480826,-1.556847,-1.769866,-1.354500,-0.789152,1.307823,-1.206922,-0.759867,0.801972,-1.280270,-1.511288,-1.122127,-1.364902,-1.361898,0.126672,-1.293667,-1.676047,-0.910752,-1.264794,-0.944285,-1.589935,-1.372724,-0.868984,-0.389174,-1.149391,-1.526084,-1.593184,-1.321013,-1.083145,0.424541,-1.368344,-1.022218,1.072593,-1.285477,-1.302803,0.228442,-1.008746,-1.337399,0.450256,-1.216057,-1.112237,1.293521,-1.054136,-1.123875,-1.489710,-1.351782,-0.866184,-1.578068,-1.279450,-0.078503,0.763466,-1.321200,-0.269358,-0.440021,-1.311986,-0.670098,-0.296272,-1.306672,-1.089815,-1.672198,-1.338691,-0.762128,1.644483,-1.374205,-0.746843,0.671258,-1.344192,-1.178591,-0.749888,-1.336577,-1.151401,-1.327473,-1.004311,-1.066811,0.626854,-1.154616,-1.556133,0.041554,-0.995031,-0.763990,-0.032288,-1.250862,-1.692939,0.346491,-1.464112,-1.215347,0.302455,-1.479760,-1.035070,1.482400,-1.166175,-1.679092,-0.510230,-1.139554,-1.401265,-1.200535,-0.984280,-1.755460,-1.545831,-1.168253,-1.339606,-0.495542,-1.080472,-1.360552,-1.641883,-0.931049,-1.186219,0.627082,-1.078125,-1.441421,0.601633,-1.059915,-0.832382,0.687034,-1.239740,-1.156561,0.792485,-1.067912,-0.819201,0.282665,-1.080109,-1.467193,0.266318,-0.860115,-1.173527,0.639167,-1.344893,-0.713592,-0.240317,-1.466286,-1.203264,1.926356
-0.504689,0.181773,-0.695968,-0.728873,0.784211,0.528300,-0.690740,1.294636,-0.536455,0.051608,0.744815,-0.022929,0.410677,0.118457,0.785035,-1.064407,-1.427480,1.502814,-1.179113,-2.349739,-0.726415,-1.537098,-0.452965,0.692583,-0.465664,-1.479868,0.577555,0.433810,-1.412470,0.277478,0.433810,-1.412470,-0.000001,0.433810,-1.412470,-0.000001,-2.092056,-1.606070,0.037794,-2.092056,-1.606070,-0.000001,-2.092056,-1.606070,-0.000001,-0.541794,-0.554269,-0.746498,-0.941740,0.184271,-0.475206,-0.986447,0.839903,1.649179,-1.638990,1.345466,-0.404712,-2.092074,-1.606055,-0.000001,-2.092074,-1.606055,-0.000001,-2.092056,-1.606055,-0.000001,0.433810,-1.412470,-0.000001,0.433815,-1.412470,-0.000001,0.433810,-1.412470,-0.000001,-1.672544,-1.878650,0.184145,-0.230845,-1.301650,-0.709753,0.285510,-1.172443,-0.759894,-0.640450,-0.970348,-0.535161,-0.487777,-1.365044,-0.290498,1.110824,-2.864446,-2.245476,-0.184453,-1.798025,-2.537442,-0.471701,-1.364487,-2.715399,0.043107,-0.151750,-2.283035,-1.385273,-2.962192,-0.523494,-0.436834,-1.239657,-0.293558,-0.167351,-0.078258,-1.745536,1.012739,-1.091615,-2.519522,-1.478676,-2.416607,-1.608363,-1.116837,-1.304460,-0.967059,-0.665818,0.475619,-2.212620,-0.495111,-0.392815,-1.135007,-1.793070,-2.258384,-1.678584,-2.037267,-1.014554,-1.070391,-1.804348,-0.623820,-0.819993,-2.217080,-0.888548,-1.452338,-0.582664,0.397433,0.337220,-0.640788,0.251347,-0.412667,-0.474144,-0.043958,-1.303213,0.020305,0.103655,-1.332113,0.711374,0.228613,-1.335814,-1.074071,0.010797,0.599237,-0.621395,0.052799,0.115121,0.442801,0.009171,-0.310173,1.025059,0.078068,1.615741,-1.391774,0.143905,-0.452544,-0.049726,0.175299,0.193135,1.423941,0.162639,1.438718,2.311915,0.161131,2.294411,-0.749146,0.352226,-1.622581,0.292942,0.286867,-1.008312,1.243223,0.295708,1.348041,2.341000,0.376320,2.703140,0.063710,0.451686,-2.449439,0.453598,0.489802,-0.943892,1.070327,0.458741,-0.132574,1.708982,0.510859,1.158773,-1.011469,0.105480,0.354037,-1.254150,-0.096840,-1.265427,-1.103996,-0.098034,0.190109,-1.145148,-0.113013,-2.012362,-1.102597,-0.741354,-1.867721,-1.154048,-0.210123,0.785432,-0.799435,-0.772941,-1.132353,-0.858222,-0.817472,-1.319064,-1.074105,-0.727627,1.361703,-1.137913,-1.498576,0.681743,-1.153822,-0.597406,1.436369,-1.262788,-0.585674,2.194684,-1.163151,-0.923206,-2.508038,-1.196752,-0.726295,-0.697950,-1.238641,-0.269408,-1.106730,-0.866462,0.185912,0.483790,-1.010664,0.405147,0.635124,-1.012633,-0.311383,-0.267597,-0.952066,-0.317608,0.843835,-0.931262,-0.815952,0.096158,-0.905715,-0.824395,1.819471,-1.040570,-0.335038,1.274775,-0.912046,-0.566319,0.227337,-0.913385,-0.532413,2.265162,-1.083121,0.024021,1.231034,-1.144722,-1.301404,1.359069,-0.935834,-1.462123,-2.368290,-1.150208,-0.393729,1.311965,-1.001946,-0.321220,0.273190,-1.075826,-1.055338,-1.311009,-0.914286,-1.041766,-0.252630,-0.875578,-1.346594,-1.060405,-0.842337,-1.046047,-2.237574,-0.708497,-0.533388,-1.282806,-0.726690,-1.621501,-1.654370,-0.891681,-0.812004,-0.089673,-1.120484,-0.685921,1.611098,-1.045409,-1.282540,0.692499,-0.794998,-1.010108,1.044147,-1.001708,-0.757215,1.037509,-0.839224,-1.115674,-1.226650,-1.110814,-0.860530,-1.951769,-1.111937,-0.058358,-0.618060,-0.950626,-0.241376,-1.936797,-1.168318,-0.244359,-0.537951,-1.177090,-1.638604,-1.838078,-1.197437,-0.329613,1.644483,-0.799891,-0.334907,-0.156952,-1.131121,-0.270173,-0.209309,-0.929280,-0.800975,-1.731754,-0.578099,-0.829226,1.684983,-0.495889,-1.300464,0.604124,-0.578481,-0.510432,0.177463,-1.069150,-1.411260,0.924275,-1.043413,-0.986426,0.215159,-1.040948,-0.826735,1.515710,-0.730113,-1.845136,0.340241,-0.687212,-1.591677,-0.592565,-0.782655,-1.437122,-0.740995,-0.980452,-1.089998,-0.566641,-0.671362,-1.012243,-1.253935,-0.735963,-0.961006,1.277082,-0.647323,-1.199197,1.286973,-0.634292,-0.934036,1.258366,-1.063909,-0.932881,1.397345,-0.639754,-0.920020,0.882740,-0.651124,-1.223075,0.939132,-0.669454,-0.950320,1.489929,-1.108105,-0.301070,-0.579392,-1.082090,-0.833674,1.965812
-0.495844,0.204708,-0.276469,0.207821,1.914312,-0.929750,0.554135,2.567473,-2.236935,0.053582,0.807591,0.675641,-0.193690,0.211007,-0.173640,-1.743114,-1.430711,1.530293,-1.170870,0.903612,-2.803317,-1.574656,-0.492902,-0.137598,-0.471148,-1.478984,0.400299,0.437646,-1.774289,1.174694,0.437646,-1.774289,-0.000001,0.437646,-1.774289,-0.000001,-2.102130,-1.603498,-0.142533,-2.102130,-1.603498,-0.000001,-2.102130,-1.603498,-0.000001,-0.534513,-0.523218,-0.607126,-0.947651,0.193776,-0.319577,-0.991443,-1.146991,1.570630,-1.125171,-0.173778,-0.622208,-2.102148,-1.603482,-0.000001,-2.102148,-1.603482,-0.000001,-2.102130,-1.603482,-0.000001,0.437646,-1.774289,-0.000001,0.437651,-1.774289,-0.000001,0.437646,-1.774289,-0.000001,-1.988813,-1.886475,-1.117288,-1.603915,-1.075420,-1.384998,-0.616847,-1.339690,-1.127488,0.016471,-1.131648,-1.414430,-0.196774,-1.871849,-1.323969,3.979369,-4.213874,-2.423730,-0.633392,-0.902912,-3.589961,-0.013854,-0.956565,-3.551842,0.779400,-0.037049,-2.726783,-1.543594,-3.914646,0.080762,-0.254603,-1.272175,-1.579118,0.368604,-0.001241,-2.631580,1.624613,-1.110700,-2.205616,-3.153368,-3.511151,-4.390903,-1.497971,-0.103593,-1.708830,-1.070781,2.169159,-2.033050,0.085525,0.838623,1.385840,-4.783619,-2.175742,-4.506246,-1.943212,0.940921,-1.264137,-2.626204,1.207154,-2.112664,-2.145852,2.023238,-0.814241,-0.491377,0.564056,0.337220,-0.567995,0.441843,-0.412667,-0.410748,0.191879,-1.303213,0.090494,0.362243,-1.332113,0.780918,0.482203,-1.335814,-0.982694,0.195599,0.599237,-0.477424,0.269953,0.115121,0.584973,0.243119,-0.310173,1.074755,0.203604,1.615741,-1.285919,0.304616,-0.452544,0.073943,0.362642,0.193135,1.546294,0.348240,1.438718,2.413109,0.331147,2.294411,-0.656964,0.503878,-1.622581,0.378863,0.455318,-1.008312,1.339319,0.461235,1.348041,2.480474,0.481927,2.703140,0.133074,0.598931,-2.449439,0.519147,0.647859,-0.943892,1.142309,0.613170,-0.132574,1.787886,0.655906,1.158773,-1.044740,-0.277781,0.764651,-1.094644,-0.200810,-0.675757,-1.115878,0.068388,0.792520,-1.139866,0.331339,-1.563972,-1.075411,-0.744131,-1.878227,-1.082368,-0.590119,1.022745,-0.862001,-1.070820,-1.476311,-0.832576,-1.567035,-2.543489,-0.942542,-0.446241,0.144236,-0.907110,-1.230914,-0.148049,-1.072174,-0.402166,-0.299606,-0.867834,-0.515758,0.880716,-1.214785,-0.448820,-1.094922,-1.000880,-0.438831,-1.824275,-1.058524,-0.205883,1.021452,-1.311196,-0.537043,0.294126,-1.466983,-0.045812,-0.612161,-0.991205,-0.290625,1.388942,-0.892017,-0.698832,-0.494897,-0.800183,-0.552719,-1.244291,-0.693061,-0.939002,-0.067704,-0.754023,-0.762303,1.590976,-0.750848,-0.667982,1.092852,-0.688873,-0.981654,0.292653,-0.781434,-0.527815,0.399709,-0.775683,-0.157938,-1.538237,-1.015919,-0.340719,-0.037559,-0.786698,-0.693518,1.116718,-0.894106,-0.565940,1.263688,-0.705173,-0.242583,-0.836409,-0.805631,-0.714186,-1.205555,-0.834833,-0.872147,-1.319119,-0.769188,-0.427381,-0.775686,-0.839844,-0.431110,0.248647,-1.073747,-0.527371,-1.189211,-0.966738,-0.764880,0.058267,-1.006986,-0.901567,0.664586,-0.894810,-0.882630,-0.864960,-0.830011,-0.942221,-1.127441,-0.998493,-0.984868,-0.034423,-0.874428,-0.303876,-1.361226,-0.959650,-0.618120,-0.227929,-0.912241,-0.439496,1.093916,-0.957891,-0.569091,1.219277,-0.872823,-0.572245,-0.252576,-0.854771,-0.317047,-0.857189,-0.906907,-0.612617,0.170530,-1.023946,-0.604446,1.619142,-0.891584,-0.401283,0.136635,-0.889586,-0.483677,-0.640451,-0.487952,-0.655257,0.420871,-0.615034,-1.105728,-0.653375,-0.670594,-0.683145,0.620352,-0.590550,-1.188626,-0.605919,-1.047328,-0.758389,0.154260,-0.828756,-0.571522,1.544741,-0.562012,-1.006535,-0.886179,-0.550801,-0.634561,-1.187753,-0.430216,-1.002526,-1.431522,-0.716680,-1.163416,-0.839783,-0.646531,-0.620036,-1.226078,-0.642904,-1.073467,0.043923,-0.521893,-0.957909,-0.444891,-0.474824,-0.724514,0.340732,-0.818947,-0.710064,-0.428284,-0.479336,-0.712219,0.140124,-0.526223,-0.979900,-0.582748,-0.578507,-1.061780,-0.075186,-0.926534,-0.576542,0.735470,-0.824610,-0.757013,-0.173180
-0.495844,0.204708,-0.276469,0.207821,1.914312,-0.929750,0.554135,2.567473,-2.236935,0.053582,0.807591,0.675641,-0.193690,0.211007,-0.173640,-1.743114,-1.430711,1.530293,-1.170870,0.903612,-2.803317,-1.574656,-0.492902,-0.137598,-0.471148,-1.478984,0.400299,0.437646,-1.774289,1.174694,0.437646,-1.774289,-0.000001,0.437646,-1.774289,-0.000001,-2.102130,-1.603498,-0.142533,-2.102130,-1.603498,-0.000001,-2.102130,-1.603498,-0.000001,-0.534513,-0.523218,-0.607126,-0.947651,0.193776,-0.319577,-0.991443,-1.146991,1.570630,-1.125171,-0.173778,-0.622208,-2.102148,-1.603482,-0.000001,-2.102148,-1.603482,-0.000001,-2.102130,-1.603482,-0.000001,0.437646,-1.774289,-0.000001,0.437651,-1.774289,-0.000001,0.437646,-1.774289,-0.000001,-1.988813,-1.886475,-1.117288,-1.603915,-1.075420,-1.384998,-0.616847,-1.339690,-1.127488,0.016471,-1.131648,-1.414430,-0.196774,-1.871849,-1.323969,3.979369,-4.213874,-2.423730,-0.633392,-0.902912,-3.589961,-0.013854,-0.956565,-3.551842,0.779400,-0.037049,-2.726783,-1.543594,-3.914646,0.080762,-0.254603,-1.272175,-1.579118,0.368604,-0.001241,-2.631580,1.624613,-1.110700,-2.205616,-3.153368,-3.511151,-4.390903,-1.497971,-0.103593,-1.708830,-1.070781,2.169159,-2.033050,0.085525,0.838623,1.385840,-4.783619,-2.175742,-4.506246,-1.943212,0.940921,-1.264137,-2.626204,1.207154,-2.112664,-2.145852,2.023238,-0.814241,-0.491377,0.564056,0.337220,-0.567995,0.441843,-0.412667,-0.410748,0.191879,-1.303213,0.090494,0.362243,-1.332113,0.780918,0.482203,-1.335814,-0.982694,0.195599,0.599237,-0.477424,0.269953,0.115121,0.584973,0.243119,-0.310173,1.074755,0.203604,1.615741,-1.285919,0.304616,-0.452544,0.073943,0.362642,0.193135,1.546294,0.348240,1.438718,2.413109,0.331147,2.294411,-0.656964,0.503878,-1.622581,0.378863,0.455318,-1.008312,1.339319,0.461235,1.348041,2.480474,0.481927,2.703140,0.133074,0.598931,-2.449439,0.519147,0.647859,-0.943892,1.142309,0.613170,-0.132574,1.787886,0.655906,1.158773,-1.044740,-0.277781,0.764651,-1.094644,-0.200810,-0.675757,-1.115878,0.068388,0.792520,-1.139866,0.331339,-1.563972,-1.075411,-0.744131,-1.878227,-1.082368,-0.590119,1.022745,-0.862001,-1.070820,-1.476311,-0.832576,-1.567035,-2.543489,-0.942542,-0.446241,0.144236,-0.907110,-1.230914,-0.148049,-1.072174,-0.402166,-0.299606,-0.867834,-0.515758,0.880716,-1.214785,-0.448820,-1.094922,-1.000880,-0.438831,-1.824275,-1.058524,-0.205883,1.021452,-1.311196,-0.537043,0.294126,-1.466983,-0.045812,-0.612161,-0.991205,-0.290625,1.388942,-0.892017,-0.698832,-0.494897,-0.800183,-0.552719,-1.244291,-0.693061,-0.939002,-0.067704,-0.754023,-0.762303,1.590976,-0.750848,-0.667982,1.092852,-0.688873,-0.981654,0.292653,-0.781434,-0.527815,0.399709,-0.775683,-0.157938,-1.538237,-1.015919,-0.340719,-0.037559,-0.786698,-0.693518,1.116718,-0.894106,-0.565940,1.263688,-0.705173,-0.242583,-0.836409,-0.805631,-0.714186,-1.205555,-0.834833,-0.872147,-1.319119,-0.769188,-0.427381,-0.775686,-0.839844,-0.431110,0.248647,-1.073747,-0.527371,-1.189211,-0.966738,-0.764880,0.058267,-1.006986,-0.901567,0.664586,-0.894810,-0.882630,-0.864960,-0.830011,-0.942221,-1.127441,-0.998493,-0.984868,-0.034423,-0.874428,-0.303876,-1.361226,-0.959650,-0.618120,-0.227929,-0.912241,-0.439496,1.093916,-0.957891,-0.569091,1.219277,-0.872823,-0.572245,-0.252576,-0.854771,-0.317047,-0.857189,-0.906907,-0.612617,0.170530,-1.023946,-0.604446,1.619142,-0.891584,-0.401283,0.136635,-0.889586,-0.483677,-0.640451,-0.487952,-0.655257,0.420871,-0.615034,-1.105728,-0.653375,-0.670594,-0.683145,0.620352,-0.590550,-1.188626,-0.605919,-1.047328,-0.758389,0.154260,-0.828756,-0.571522,1.544741,-0.562012,-1.006535,-0.886179,-0.550801,-0.634561,-1.187753,-0.430216,-1.002526,-1.431522,-0.716680,-1.163416,-0.839783,-0.646531,-0.620036,-1.226078,-0.642904,-1.073467,0.043923,-0.521893,-0.957909,-0.444891,-0.474824,-0.724514,0.340732,-0.818947,-0.710064,-0.428284,-0.479336,-0.712219,0.140124,-0.526223,-0.979900,-0.582748,-0.578507,-1.061780,-0.075186,-0.926534,-0.576542,0.735470,-0.824610,-0.757013,-0.173180
-0.511610,0.245097,-0.273458,0.224761,0.807186,-0.948733,1.834414,1.312466,-2.016469,0.055279,0.809756,0.306161,-0.436504,0.347823,-0.078251,-1.748033,-1.441477,1.766062,-1.138752,0.882695,-2.212903,-1.577685,-0.441535,0.924071,-0.479374,-1.931221,0.382469,-0.347291,-1.776410,0.610781,-0.347291,-1.776410,-0.000001,-0.347291,-1.776410,-0.000001,-2.103324,-1.603498,0.207995,-2.103324,-1.603498,-0.000001,-2.103324,-1.603498,-0.000001,-0.551249,-0.489843,-0.918332,-0.954332,0.234114,-0.180253,-0.991568,0.826514,1.216823,-1.117084,-0.174094,-0.778061,-2.103342,-1.603482,-0.000001,-2.103342,-1.603482,-0.000001,-2.103324,-1.603482,-0.000001,-0.347291,-1.776410,-0.000001,-0.347287,-1.776410,-0.000001,-0.347291,-1.776410,-0.000001,-2.002202,-1.177719,0.044350,-1.617604,-1.020568,0.221179,-0.165668,-1.286160,-0.156193,0.004262,-1.545836,-0.582492,-0.211188,-1.793865,-0.385094,0.204172,-1.544702,-0.436825,-0.105321,-0.830322,1.105633,-0.025288,-1.413436,0.170071,-0.459531,-0.018693,-0.050326,-1.012889,-1.100405,-0.663982,-0.679466,-0.755284,-0.849821,-0.959516,-0.845010,-0.682141,-1.310959,-1.062931,-0.021662,-0.829291,-1.483335,-0.223451,-1.062752,-0.516046,1.344703,-1.080809,-1.018917,0.206130,-0.840698,-1.628203,0.608660,-0.900615,-0.672967,-0.031839,-0.989005,-0.385488,1.110703,-1.185557,-0.480714,1.648190,-0.911162,-1.470886,1.569136,-1.505690,0.877240,0.512387,-1.687065,0.824949,0.340004,-1.457363,0.802752,-0.000817,-1.035809,0.999050,-0.169717,-0.611166,1.061394,-1.068650,-1.706803,0.941684,0.509941,-1.075552,0.834985,0.550552,-0.215207,0.725780,0.849064,0.266801,0.571029,0.347491,-1.339474,1.034526,-0.404839,0.031298,0.946480,1.201771,1.375201,0.745733,1.075540,1.945527,0.539070,-1.110065,-0.535856,1.058373,-0.222151,0.499526,1.124818,1.118073,1.550701,1.015051,0.331676,2.237243,0.926749,-1.394723,-0.064473,1.087598,0.577295,0.186177,1.063797,-1.470693,0.291514,0.956287,-2.241734,0.149850,0.868654,-1.717773,-1.084510,-0.001670,1.214367,-1.136884,-0.061185,0.231321,-0.961418,0.084413,1.099750,-1.199498,0.216416,-1.185023,-1.143537,0.307833,-1.326504,-0.973865,-0.299945,1.165769,-0.776104,-0.803058,-1.443175,-0.789787,-0.804577,-1.984508,-0.944758,-0.314702,0.744573,-0.957351,-1.064678,-0.512907,-0.911639,-0.201100,0.209913,-0.995553,-0.668685,1.011827,-1.121808,-0.053814,-1.303445,-0.918737,0.093693,-0.341316,-0.986004,-0.155000,0.638182,-1.453759,-0.381830,-0.177051,-1.393043,0.259788,-0.744304,-0.836267,-0.453632,0.973494,-0.755192,-0.473962,-0.630570,-0.689982,-0.271011,-1.168830,-0.616884,-0.661029,-0.435462,-0.710625,-0.510986,1.319198,-0.524219,-0.349184,1.349694,-0.736661,-0.722674,0.536319,-0.863328,-0.209690,0.347455,-0.889540,-0.271723,-1.738761,-0.910722,0.054702,-0.610858,-0.774735,-0.500283,0.972384,-0.882021,-0.389638,1.155678,-0.695213,-0.105107,-0.589056,-0.795945,-0.284423,-0.994323,-0.799332,-0.442901,-1.064660,-0.747364,-0.411537,-0.144183,-0.832588,-0.421261,0.274976,-0.835719,-0.008021,-0.970072,-0.988702,-0.741463,-0.556347,-0.890300,-0.754284,0.287338,-0.794404,-0.721476,-0.974169,-0.757947,-0.786689,-1.093861,-0.941743,-0.829384,-0.080754,-0.801972,-0.068565,-1.402580,-0.858868,0.198157,-0.124403,-0.700722,-0.183126,1.217878,-1.006304,-0.358985,0.918181,-0.953036,-0.362030,-0.079947,-0.949550,-0.042894,-0.950349,-0.985772,-0.420834,0.338516,-0.851637,-0.421789,1.226098,-0.835455,0.029849,0.582598,-0.855001,-0.053456,-0.341707,-0.473142,-0.692242,-0.184794,-0.613337,-0.787479,-1.248738,-0.681970,-0.364238,0.272252,-0.628308,-0.438178,-0.496808,-1.104513,-0.480278,-0.888912,-0.865981,-0.648070,1.462821,-0.580095,-1.125833,-0.765617,-0.553100,-0.776107,-1.212343,-0.416436,-0.629427,-1.380871,-0.683735,-0.865963,-1.033398,-0.605101,-0.201482,-0.944776,-0.627615,-0.797204,-0.404718,-0.522124,-1.023023,-1.009521,-0.490443,-0.779869,0.234735,-0.600540,-0.770193,-0.850397,-0.495048,-0.767119,0.125991,-0.526453,-1.045524,-0.957872,-0.563565,-0.787976,-0.481541,-0.837715,-0.391247,0.053919,-0.888820,-0.581379,0.175729
-0.509311,0.277078,0.009713,0.255887,-0.326349,-0.749047,1.834414,0.023006,-0.853810,0.054671,0.810117,0.603139,-1.536312,0.995360,0.246904,-1.737102,-1.434117,1.635941,-1.139983,-1.295289,0.403053,-1.525035,-0.424389,1.084495,-0.473890,-1.930337,1.098975,-0.348214,-1.774999,0.173518,-0.348214,-1.774999,-0.000001,-0.348214,-1.774999,-0.000001,-2.106272,-1.607364,0.116464,-2.106272,-1.607364,-0.000001,-2.106272,-1.607364,-0.000001,-0.549618,-0.476212,-0.804860,-0.953154,0.247528,0.024157,-0.998229,-1.165231,1.162853,-1.121957,1.378681,-0.301412,-2.106290,-1.607349,-0.000001,-2.106290,-1.607349,-0.000001,-2.106272,-1.607349,-0.000001,-0.348214,-1.774999,-0.000001,-0.348209,-1.774999,-0.000001,-0.348214,-1.774999,-0.000001,-1.587383,-0.474212,0.333291,-1.613455,-1.023999,-0.122595,-0.822939,0.162182,-1.186598,-0.249969,-0.779742,-0.050134,0.016143,-0.765681,1.438941,-1.285864,-0.558335,0.898857,0.041915,-1.788339,-0.289710,-0.157322,-1.299206,-0.115281,-0.024128,0.019153,-0.198856,-0.853296,-0.638043,0.922012,-0.790291,0.274836,0.344322,-0.430375,1.423790,0.728996,-0.499557,1.223220,1.431800,-0.584648,-1.018644,1.617380,-0.154972,0.805255,1.431086,-0.147297,0.663800,0.926860,-0.289666,0.463637,0.945949,0.548050,-1.326671,1.559052,-0.013449,0.214792,1.901842,0.167418,1.020829,1.501344,0.099765,-0.504239,0.886531,-1.913451,1.016715,0.512387,-2.012215,0.984408,0.340004,-1.740538,1.000164,-0.000817,-1.349329,1.215506,-0.169717,-0.921806,1.273666,-1.068650,-2.114961,1.096376,0.509941,-1.718636,1.016758,0.550552,-0.850255,0.921611,0.849064,-0.215441,0.764513,0.347491,-1.812307,1.169052,-0.404839,-0.521104,1.103299,1.201771,0.828677,0.901094,1.075540,1.493517,0.681386,-1.110065,-0.947613,1.185316,-0.222151,0.115733,1.265824,1.118073,1.121460,1.153608,0.331676,1.832678,1.056047,-1.394723,-0.374310,1.210852,0.577295,-0.106618,1.196102,-1.470693,-0.030016,1.085555,-2.241734,-0.202593,0.990068,-1.717773,-0.908726,-0.185927,1.038504,-1.155971,0.273544,1.205820,-0.785238,0.289657,0.631500,-1.236089,-0.417044,-0.844949,-1.190755,0.229508,-0.349509,-0.849715,-0.459161,0.262303,-1.138678,-0.425609,-1.218644,-1.190923,-0.514518,-0.919851,-0.946092,-0.906370,-0.413742,-1.013266,0.045821,-0.304723,-1.023562,-0.794588,-0.335200,-1.139644,-0.388995,-0.927941,-1.275085,-0.082848,0.190570,-1.083809,0.183603,1.215429,-1.136857,0.061729,0.853725,-1.400874,-0.054394,-0.861951,-1.342309,0.786978,-1.338355,-0.889433,-0.088173,1.547027,-1.059383,-0.451158,0.463398,-1.044037,-0.223403,-0.360303,-1.268746,0.119495,-1.797671,-1.159569,-0.130708,-0.757372,-1.028821,0.131757,-0.180656,-1.270276,-0.337971,-0.855448,-0.955108,-0.146597,-0.301021,-1.017369,0.195402,-1.857542,-1.045184,0.664629,-0.442511,-1.016537,-0.180648,-0.930700,-0.866919,-0.071012,0.085303,-0.941148,0.181032,0.264591,-1.035112,-0.115317,-0.315515,-0.983067,0.091934,0.153609,-0.953299,-0.256429,1.505476,-1.061337,-0.295123,1.463646,-1.085452,0.144217,0.404247,-1.012681,-0.294295,-0.647221,-0.994215,-0.498620,-1.397988,-0.918624,-0.127987,-0.501323,-1.356848,-0.220021,-1.276884,-0.876427,-0.215254,-1.395879,-1.404131,0.353475,-0.697583,-0.983553,0.043266,1.106429,-0.986032,-0.291685,0.698826,-1.060158,-0.408607,1.496922,-1.042933,-0.411677,-0.266950,-1.055846,-0.152042,-0.428021,-1.074159,-0.507173,-0.257804,-1.122540,-0.504019,1.084668,-0.770854,0.035244,0.442686,-1.033994,-0.518096,1.026084,-1.163663,-0.644301,-1.127946,-1.085035,-0.383911,-1.015786,-1.173465,-0.665465,0.626329,-0.933454,0.001764,-0.646168,-1.168116,-0.125262,-0.971345,-0.907164,-0.326658,-0.418005,-1.104027,0.224913,-0.728849,-1.066751,-0.289336,-0.061477,-1.155414,-0.147357,-0.258622,-1.085595,0.297281,-0.175651,-0.993493,-0.191573,-0.141762,-1.096632,-0.113791,-1.596308,-1.251305,0.068178,-1.386909,-1.243808,-0.440046,-1.642528,-0.926594,-0.091430,-1.817522,-1.252901,-0.430086,-1.760180,-1.252559,0.054209,-1.285482,-1.021942,-0.110648,-1.574426,-0.979566,-0.469710,-0.491268,-0.960695,-0.634123,-0.336416
-0.518532,0.266672,-0.323356,0.214633,-0.342456,0.084441,0.569410,-0.001340,-0.777828,0.055304,0.810117,0.717177,-1.659223,1.226225,0.507306,-1.740520,-1.432507,1.192551,-1.165517,-1.272278,-0.719327,-1.524587,-0.470111,0.839327,-0.464594,-1.940936,0.604489,0.437187,-1.785633,0.327937,0.437187,-1.785633,-0.000001,0.437187,-1.785633,-0.000001,-2.102419,-2.283508,-0.679933,-2.102419,-2.283508,-0.000001,-2.102419,-2.283508,-0.000001,-0.550969,-0.489384,-0.917540,-0.958273,0.245936,-0.092460,-0.998616,-1.186317,1.092561,-1.122577,1.379593,-0.049450,-2.102438,-2.283492,-0.000001,-2.102438,-2.283492,-0.000001,-2.102419,-2.283492,-0.000001,0.437187,-1.785633,-0.000001,0.437192,-1.785633,-0.000001,0.437187,-1.785633,-0.000001,-1.575627,0.195421,0.549680,-2.142450,-0.149957,-0.013875,-1.279890,1.001764,-1.349132,-0.227067,-0.354592,0.083701,0.044971,-0.853361,1.791108,-1.761036,-0.594848,0.973735,0.059270,-1.875458,-0.525648,-0.137697,-1.907005,-0.258498,0.626184,-0.456858,-0.302874,-0.846048,0.539420,1.211573,-0.780589,0.690510,0.194514,0.037436,0.902108,0.362595,0.378998,0.748795,1.098471,-0.097876,-0.058510,0.570437,-0.146942,0.746842,1.622007,-0.136675,0.605888,0.893525,0.197498,-0.116549,0.636242,0.550163,0.112267,1.143930,-0.009321,0.635383,1.831333,0.550072,0.977611,1.039706,0.540137,-1.082660,1.048626,-1.913451,1.016715,0.512387,-2.012215,0.984408,0.340004,-1.740538,1.000164,-0.000817,-1.349329,1.215506,-0.169717,-0.921806,1.273666,-1.068650,-2.114961,1.096376,0.509941,-1.718636,1.016758,0.550552,-0.850255,0.921611,0.849064,-0.215441,0.764513,0.347491,-1.812307,1.169052,-0.404839,-0.521104,1.103299,1.201771,0.828677,0.901094,1.075540,1.493517,0.681386,-1.110065,-0.947613,1.185316,-0.222151,0.115733,1.265824,1.118073,1.121460,1.153608,0.331676,1.832678,1.056047,-1.394723,-0.374310,1.210852,0.577295,-0.106618,1.196102,-1.470693,-0.030016,1.085555,-2.241734,-0.202593,0.990068,-1.717773,-0.914018,-0.198184,0.880004,-1.161028,0.259520,1.090511,-0.791176,0.272378,0.670794,-1.045404,0.252880,-0.812259,-1.196368,0.209927,-0.268526,-0.856120,-0.477489,0.036460,-1.146517,-0.448369,-1.233673,-1.199400,-0.534890,-0.925149,-0.956275,-0.920832,-0.509442,-1.024136,0.029848,-0.258634,-1.035946,-0.809457,-0.655673,-1.151877,-0.044533,-1.208286,-1.286787,-0.098842,0.264276,-1.095695,0.167909,1.176589,-1.147580,0.047551,0.755074,-1.412171,-0.065925,-0.940820,-1.354198,0.775683,-1.318612,-0.896224,-0.094031,1.369100,-1.066403,-0.455141,0.317057,-1.051797,-0.228097,-0.352065,-1.277588,0.114913,-1.853578,-0.919314,-0.487019,-0.606332,-1.280796,0.126221,-0.261919,-1.281040,-0.341848,-0.809053,-1.217880,-0.151360,-0.462273,-1.029739,-0.227540,-2.063211,-1.056255,0.062694,-0.522531,-1.026891,-0.186599,-0.882213,-0.877369,-0.078838,-0.046005,-0.951570,-0.309813,-0.698053,-1.045248,-0.483936,-0.982151,-0.991741,0.081795,0.018046,-0.962440,-0.269108,1.433309,-1.071149,-0.305743,1.397824,-1.095410,0.131773,0.475650,-1.023440,-0.302277,-0.407987,-1.002091,-0.504172,-1.484290,-0.926558,-0.133203,-0.555942,-1.364990,-0.225244,-1.342993,-0.885210,-0.221116,-1.489749,-1.412318,0.343234,-0.691857,-0.991518,0.032962,1.033426,-0.996760,-0.300999,0.526946,-1.070452,-0.414979,1.891726,-1.300312,-0.418053,-0.542882,-1.067380,-0.161344,-0.824791,-1.085425,-0.514292,-0.218384,-1.132463,-0.510799,1.256380,-0.779541,0.019020,0.015137,-1.042444,-0.532188,1.401456,-1.409133,-0.653186,-0.711999,-1.332278,-0.393858,-0.860673,-1.183337,-0.674948,0.751282,-0.945025,-0.009263,-0.782226,-1.179834,-0.134933,-1.105122,-0.918563,-0.336165,-0.489135,-1.114655,-0.242839,-0.927372,-1.077328,-0.304423,-0.270657,-1.165584,-0.162298,-0.365986,-1.094080,0.285761,-0.110046,-1.001701,-0.207089,-0.036877,-1.106472,-0.123305,-1.621582,-1.261343,0.057970,-1.154758,-1.253931,-0.449148,-1.305158,-0.938556,-0.100880,-1.843041,-1.263084,-0.439114,-1.430391,-1.262554,-0.315056,-1.144555,-1.269608,-0.120078,-1.456456,-0.988073,-0.476441,-0.603475,-0.971543,-0.640020,-0.503464
-0.534673,0.240213,-0.583042,0.222186,-0.328708,-0.242403,0.557043,0.016740,-0.683168,0.052418,0.810597,0.860835,-1.663092,1.225520,0.140061,-1.048839,-0.505490,0.886932,-1.164285,0.891072,-0.824065,-1.479285,-0.395883,0.766017,-0.466768,-1.015263,-0.028691,0.429975,-1.406088,-0.460755,0.429975,-1.406088,-0.000001,0.429975,-1.406088,-0.000001,-2.113976,-0.931221,0.342771,-2.113976,-0.931221,-0.000001,-2.113976,-0.931221,-0.000001,-1.895262,-0.534984,-1.077338,-0.961420,0.212739,-0.340287,-0.992080,-1.161172,1.201187,-1.639509,1.382047,0.218110,-2.113994,-0.931205,-0.000001,-2.113994,-0.931205,-0.000001,-2.113976,-0.931205,-0.000001,0.429975,-1.406088,-0.000001,0.429980,-1.406088,-0.000001,0.429975,-1.406088,-0.000001,-1.350584,0.187628,0.385613,-1.481193,-0.108828,-0.738793,-0.508921,0.888048,-1.479755,0.130609,0.367520,1.445583,0.538677,-1.131152,-0.149963,-2.027780,-0.060567,0.978960,0.033470,-0.786792,1.046369,0.092479,-0.332433,0.947371,0.235707,0.138446,1.596653,-1.421016,0.110961,2.295346,0.253930,0.202563,1.548054,0.908698,0.979125,1.327671,0.467679,1.006724,2.084935,-0.244444,-0.461785,2.029439,0.839697,-0.483209,2.040761,0.905967,0.403218,0.333866,0.647592,-0.582259,2.370254,1.143416,-0.635361,2.053150,2.913803,-0.813276,1.600603,2.168598,-0.456385,-0.661732,1.269670,1.104129,0.404662,-1.913451,1.016715,0.512387,-2.012215,0.984408,0.340004,-1.740538,1.000164,-0.000817,-1.349329,1.215506,-0.169717,-0.921806,1.273666,-1.068650,-2.114961,1.096376,0.509941,-1.718636,1.016758,0.550552,-0.850255,0.921611,0.849064,-0.215441,0.764513,0.347491,-1.812307,1.169052,-0.404839,-0.521104,1.103299,1.201771,0.828677,0.901094,1.075540,1.493517,0.681386,-1.110065,-0.947613,1.185316,-0.222151,0.115733,1.265824,1.118073,1.121460,1.153608,0.331676,1.832678,1.056047,-1.394723,-0.374310,1.210852,0.577295,-0.106618,1.196102,-1.470693,-0.030016,1.085555,-2.241734,-0.202593,0.990068,-1.717773,-1.083997,0.335078,1.462221,-1.139340,0.180651,-0.595173,-1.177332,0.256980,0.889145,-1.013916,-0.386766,-0.817231,-1.161371,0.316257,-0.915992,-1.205809,-0.342575,-0.299632,-1.070945,-0.256754,-0.268554,-0.877805,-0.349641,-0.553839,-1.072329,-0.787543,0.861572,-1.357181,-0.700608,-0.439995,-1.105658,-0.690537,0.502267,-1.201438,-0.681780,-0.056149,-1.097206,-0.024780,-0.891310,-1.126503,-0.392345,0.539989,-1.174662,-0.572701,-0.525450,-1.009602,-0.152036,0.153644,-1.157939,-0.057108,0.271514,-1.086388,-0.604542,1.055658,-1.248414,-0.576139,-0.408230,-1.225054,-0.379328,-1.393266,-0.942150,-0.765153,-0.937667,-1.061359,-0.621973,1.004554,-1.388473,-0.486446,0.231707,-1.372315,-0.814097,0.027417,-1.295719,-0.733279,0.345175,-1.342284,-0.814069,-1.173856,-1.099367,-0.150729,-1.269533,-1.156190,-0.661433,0.822873,-1.267347,-0.612851,1.218083,-1.340540,-0.387809,-0.322694,-1.170816,-0.521765,-0.505850,-1.343883,-0.740895,-0.466349,-1.317574,-0.282670,0.376033,-1.189043,-0.739826,0.621524,-1.207271,-0.378655,-0.728001,-1.381737,-0.980614,-0.221193,-1.176276,-0.911197,-0.334933,-1.333742,-0.867300,-0.935257,-1.284577,-0.923547,-1.204673,-1.267884,-0.995034,-0.171854,-1.102223,-0.357579,-1.127959,-1.158840,-0.095709,0.372295,-1.094643,-0.441474,1.382905,-1.378092,-0.529417,0.907544,-1.376553,-0.532551,0.152826,-1.370486,-0.311870,-1.181454,-1.159301,-0.619705,0.829669,-1.211234,-0.611197,1.315845,-1.158026,-0.471493,0.641452,-1.165243,-0.495888,-0.276506,-0.821468,-0.637800,-1.166269,-0.972072,-0.372345,-1.468723,-1.052581,-0.659786,-0.290454,-1.051452,-0.380927,-0.165024,-1.271917,-0.779819,-1.234616,-1.283161,-0.943559,0.883377,-0.973895,-0.638535,-0.685325,-0.942767,-0.745969,-0.692581,-0.789434,-0.599581,-1.008404,-0.996435,-0.837318,-1.374342,-0.909441,-0.151899,-0.545645,-0.987191,-0.757745,-0.912409,-0.890966,-0.623118,-1.537835,-0.872513,-0.740686,-0.632420,-1.038786,-0.731003,-0.765741,-0.879394,-0.728258,-0.616275,-0.893739,-0.642492,-1.210340,-0.914984,-0.748869,-1.092199,-1.150446,-0.577972,0.342626,-1.289176,-1.083481,0.661111
-0.534298,0.254823,-0.256539,0.231202,-1.390751,-0.247294,1.192031,-0.009048,-0.810966,0.050443,0.809034,0.785406,-1.664910,1.224286,-0.178461,-1.059904,-1.428564,1.558856,0.870171,-0.180132,-0.892551,0.602827,-0.384453,0.739925,-0.387886,-0.554195,-0.657960,0.453147,-1.036475,-1.170847,0.453147,-1.036475,-0.000001,0.453147,-1.036475,-0.000001,-0.548530,-0.264121,-0.706930,-0.548530,-0.264121,-0.000001,-0.548530,-0.264121,-0.000001,-0.554478,-0.486084,-0.739344,-0.975190,0.230158,-0.348197,-0.991185,0.819213,1.460399,-1.640648,1.378086,0.439079,-0.548548,-0.264105,-0.000001,-0.548548,-0.264105,-0.000001,-0.548530,-0.264105,-0.000001,0.453147,-1.036475,-0.000001,0.453152,-1.036475,-0.000001,0.453147,-1.036475,-0.000001,-0.550941,-0.127675,1.417073,-0.340308,-0.766932,1.578367,-0.554039,-0.326165,0.090351,0.556224,0.297855,0.338761,0.422458,-0.926467,-0.895115,-1.311931,0.151762,0.915887,0.717686,0.001889,1.418855,1.007454,0.805684,0.431982,0.180477,0.309349,1.279109,-0.457066,0.761345,2.373451,0.891076,0.256745,1.770571,1.469339,1.444775,1.807283,0.940035,2.165697,2.184300,0.174852,-0.219829,1.242560,1.139159,-0.545230,1.331176,1.438063,0.783202,0.319495,1.224288,1.750337,0.966128,0.746097,-0.470077,1.060117,2.385458,-0.993009,1.356826,2.007410,-0.245764,-0.294139,1.003830,0.846618,-0.812611,-1.913451,1.016715,0.512387,-2.012215,0.984408,0.340004,-1.740538,1.000164,-0.000817,-1.349329,1.215506,-0.169717,-0.921806,1.273666,-1.068650,-2.114961,1.096376,0.509941,-1.718636,1.016758,0.550552,-0.850255,0.921611,0.849064,-0.215441,0.764513,0.347491,-1.812307,1.169052,-0.404839,-0.521104,1.103299,1.201771,0.828677,0.901094,1.075540,1.493517,0.681386,-1.110065,-0.947613,1.185316,-0.222151,0.115733,1.265824,1.118073,1.121460,1.153608,0.331676,1.832678,1.056047,-1.394723,-0.374310,1.210852,0.577295,-0.106618,1.196102,-1.470693,-0.030016,1.085555,-2.241734,-0.202593,0.990068,-1.717773,-0.745741,0.386523,0.843255,-1.185171,0.555670,1.812023,-0.838511,0.319877,-0.053348,-1.296078,0.034702,-0.467385,-1.083740,-0.218718,0.846974,-0.981161,0.071614,-0.656207,-1.139090,-0.585350,-1.315542,-1.053643,-0.726120,-0.695026,-1.146734,-0.675774,-0.872725,-1.308888,-0.113366,0.820394,-1.178590,-0.425632,-0.729261,-1.354262,-0.007172,-1.570404,-0.845716,-0.400444,-0.001728,-1.340084,-0.515684,-0.013549,-0.772992,-0.412662,-0.810332,-0.813771,-0.290218,1.584839,-1.177378,0.100759,1.250220,-0.978228,-0.000579,0.084574,-0.955375,-0.301330,1.841627,-1.237972,-0.379669,1.185016,-1.782155,-0.398457,-0.249713,-1.261119,-0.311391,-0.635907,-1.728413,0.346510,-0.609726,-1.314831,-0.138425,-0.301064,-1.321589,0.105105,-0.022972,-1.449173,-0.814450,-0.138846,-1.246888,-0.867096,-2.018589,-1.191838,-0.150865,-0.164154,-1.048197,-0.141768,0.701566,-1.121957,-0.486918,-1.134127,-1.210945,-0.698344,-0.662154,-1.085731,-0.274393,-0.119288,-1.089003,-0.226140,1.461512,-1.231765,-0.276551,1.454379,-1.289636,-0.313418,0.258525,-1.256251,-0.578484,-0.121982,-1.174785,-0.519664,-1.450003,-1.135296,-0.757929,-1.361596,-1.602958,-0.813626,-0.136330,-1.185438,-0.581699,0.187144,-1.651581,-0.291616,-1.477154,-0.964600,-0.040630,-0.865956,-1.251866,0.238782,1.071080,-1.337945,0.025069,0.441715,-1.160168,0.022226,-0.151222,-1.204198,-0.152042,-1.412728,-1.189424,-0.110161,1.242505,-1.176811,-0.125897,1.223902,-0.844142,-0.225018,0.050855,-1.134008,-0.186743,1.183647,-1.309677,-0.395760,-1.693889,-1.262706,-0.132053,-0.921614,-1.379595,-0.394536,-0.350664,-1.215707,-0.122375,-0.290651,-0.984173,0.068066,-1.409644,-1.189633,-0.173586,-0.517961,-1.085273,-0.042175,-0.255018,-1.014635,-0.588927,0.131667,-1.315267,-0.444055,-0.292863,-1.186018,0.074639,0.178531,-1.075191,-0.433150,-0.010385,-1.251300,0.076406,-1.554071,-1.193933,0.266689,-1.051363,-1.217637,-0.247851,-2.141951,-0.980431,0.097472,-1.067715,-1.226574,-0.239469,-2.241252,-1.195429,0.254272,-1.090329,-1.173101,0.077856,-1.366778,-1.227702,-0.086308,-1.252876,-1.280248,-0.611798,1.364599
-0.535448,0.261109,-0.312233,0.218870,-0.339874,0.016587,1.186573,-0.003753,-0.528212,0.052570,0.807591,0.455002,-1.783206,1.224110,-0.443733,-1.058945,-1.413844,0.669478,0.869769,-1.278535,-0.406333,0.609306,-0.395883,0.439216,-0.435536,-1.008201,-1.255103,-0.346528,-1.034345,-1.993007,-0.346528,-1.034345,-0.000001,-0.346528,-1.034345,-0.000001,-0.571644,-0.924767,-2.167268,-0.571644,-0.924767,-0.000001,-0.571644,-0.924767,-0.000001,-0.557459,-0.481377,-0.867565,-0.974012,0.226973,-0.333061,-0.988112,0.827727,1.478006,-1.124032,1.352793,-0.084551,-0.571662,-0.924751,-0.000001,-0.571662,-0.924751,-0.000001,-0.571644,-0.924751,-0.000001,-0.346528,-1.034345,-0.000001,-0.346523,-1.034345,-0.000001,-0.346528,-1.034345,-0.000001,-0.646645,0.229295,1.213622,-0.650403,-0.554426,1.124617,-0.939523,-0.269327,0.047346,0.132520,-0.768780,-0.179667,1.712960,-0.751048,-0.482398,-1.406213,-0.247812,0.199198,0.464227,0.790569,-0.391247,-0.272584,0.874998,-0.301512,-0.419413,0.477956,0.532978,-0.430259,0.188021,0.179444,0.387058,0.766400,0.267859,0.364841,1.434304,0.405538,1.120959,0.812461,2.079698,-0.222568,0.010641,-0.661109,0.654371,1.301651,1.061049,0.927804,1.155942,-0.548598,1.010658,1.521433,1.378148,0.447191,-0.316030,0.766664,-0.323140,0.703705,1.673809,1.198000,1.028939,1.084095,-0.005812,1.607255,0.134431,-1.913451,1.016715,0.512387,-2.012215,0.984408,0.340004,-1.740538,1.000164,-0.000817,-1.349329,1.215506,-0.169717,-0.921806,1.273666,-1.068650,-2.114961,1.096376,0.509941,-1.718636,1.016758,0.550552,-0.850255,0.921611,0.849064,-0.215441,0.764513,0.347491,-1.812307,1.169052,-0.404839,-0.521104,1.103299,1.201771,0.828677,0.901094,1.075540,1.493517,0.681386,-1.110065,-0.947613,1.185316,-0.222151,0.115733,1.265824,1.118073,1.121460,1.153608,0.331676,1.832678,1.056047,-1.394723,-0.374310,1.210852,0.577295,-0.106618,1.196102,-1.470693,-0.030016,1.085555,-2.241734,-0.202593,0.990068,-1.717773,-0.913331,0.301420,1.349508,-1.160537,0.083669,1.046669,-0.790617,0.085642,0.718375,-1.241192,0.064979,-0.678994,-1.196022,0.038706,-0.042075,-0.855766,-0.629802,1.158460,-1.146517,0.010963,-1.291701,-1.199597,-0.134037,-0.897991,-0.956941,-0.636290,-0.213237,-1.025224,-0.090344,-0.777127,-1.037318,-0.493355,-0.461554,-1.153396,-0.498507,-0.739316,-1.288199,0.293289,-0.176413,-1.097309,0.009058,0.761834,-1.149045,0.474732,1.428240,-1.413902,0.342123,0.210376,-1.355779,0.597553,-0.412314,-0.895612,-0.197187,1.637041,-1.065983,-0.221725,1.125530,-1.291780,-0.327681,0.312677,-1.770231,-0.713091,-1.063063,-1.418828,-0.228761,-0.769018,-1.765034,0.008738,0.050490,-1.762340,-0.430561,0.061856,-1.721152,-0.260332,-0.534636,-1.282220,-0.338720,-2.492718,-1.278333,0.498049,-0.549918,-1.284103,-0.285532,-0.893989,-1.137437,-0.196108,-0.229109,-1.210965,-0.439538,-2.037631,-1.045926,-0.942476,-1.220298,-1.217026,-0.027414,-0.374104,-1.194765,0.098577,1.013959,-1.071583,-0.420506,1.396515,-1.096063,-0.002711,0.086725,-1.274176,-0.392087,0.074405,-1.001874,-0.591843,-1.197857,-0.926558,-0.865581,-1.364666,-1.591966,-0.920796,-0.214913,-1.124410,-0.657897,-0.466157,-1.640529,-0.381120,-1.317096,-0.991518,-0.121426,-0.612688,-0.997642,0.100284,0.568406,-1.071264,-0.125511,1.581994,-1.301415,-0.128433,-1.027649,-1.068648,-0.316500,-1.746634,-1.086730,-0.208866,0.233622,-1.133247,-0.219906,2.166073,-1.016122,-0.130712,-0.200285,-1.042636,-0.164534,1.338919,-1.409555,-0.412928,-0.117803,-1.332693,-0.491369,-0.901039,-1.423602,-0.418563,1.551257,-0.945957,-0.117367,-1.370258,-1.180749,-0.226934,-1.406559,-0.919500,-0.423906,-0.247055,-1.367473,0.086897,-1.305536,-1.334266,0.065476,-0.466987,-1.166025,-0.300674,-0.928093,-1.094273,-0.210952,-0.464083,-1.220032,0.175632,-0.057365,-1.350696,-0.213816,-1.428278,-1.505200,-0.395569,-1.074745,-1.500073,-0.535438,-0.677203,-0.939510,-0.190774,-1.530781,-1.510692,-0.524695,-0.675671,-1.505382,-0.413164,-1.069384,-1.270243,-0.209782,-1.226588,-1.231406,-0.186409,-0.699843,-0.972599,-0.732819,0.096145
-0.535448,0.261109,-0.312233,0.218870,-0.339874,0.016587,1.186573,-0.003753,-0.528212,0.052570,0.807591,0.455002,-1.783206,1.224110,-0.443733,-1.058945,-1.413844,0.669478,0.869769,-1.278535,-0.406333,0.609306,-0.395883,0.439216,-0.435536,-1.008201,-1.255103,-0.346528,-1.034345,-1.993007,-0.346528,-1.034345,-0.000001,-0.346528,-1.034345,-0.000001,-0.571644,-0.924767,-2.167268,-0.571644,-0.924767,-0.000001,-0.571644,-0.924767,-0.000001,-0.557459,-0.481377,-0.867565,-0.974012,0.226973,-0.333061,-0.988112,0.827727,1.478006,-1.124032,1.352793,-0.084551,-0.571662,-0.924751,-0.000001,-0.571662,-0.924751,-0.000001,-0.571644,-0.924751,-0.000001,-0.346528,-1.034345,-0.000001,-0.346523,-1.034345,-0.000001,-0.346528,-1.034345,-0.000001,-0.646645,0.229295,1.213622,-0.650403,-0.554426,1.124617,-0.939523,-0.269327,0.047346,0.132520,-0.768780,-0.179667,1.712960,-0.751048,-0.482398,-1.406213,-0.247812,0.199198,0.464227,0.790569,-0.391247,-0.272584,0.874998,-0.301512,-0.419413,0.477956,0.532978,-0.430259,0.188021,0.179444,0.387058,0.766400,0.267859,0.364841,1.434304,0.405538,1.120959,0.812461,2.079698,-0.222568,0.010641,-0.661109,0.654371,1.301651,1.061049,0.927804,1.155942,-0.548598,1.010658,1.521433,1.378148,0.447191,-0.316030,0.766664,-0.323140,0.703705,1.673809,1.198000,1.028939,1.084095,-0.005812,1.607255,0.134431,-1.913451,1.016715,0.512387,-2.012215,0.984408,0.340004,-1.740538,1.000164,-0.000817,-1.349329,1.215506,-0.169717,-0.921806,1.273666,-1.068650,-2.114961,1.096376,0.509941,-1.718636,1.016758,0.550552,-0.850255,0.921611,0.849064,-0.215441,0.764513,0.347491,-1.812307,1.169052,-0.404839,-0.521104,1.103299,1.201771,0.828677,0.901094,1.075540,1.493517,0.681386,-1.110065,-0.947613,1.185316,-0.222151,0.115733,1.265824,1.118073,1.121460,1.153608,0.331676,1.832678,1.056047,-1.394723,-0.374310,1.210852,0.577295,-0.106618,1.196102,-1.470693,-0.030016,1.085555,-2.241734,-0.202593,0.990068,-1.717773,-0.913331,0.301420,1.349508,-1.160537,0.083669,1.046669,-0.790617,0.085642,0.718375,-1.241192,0.064979,-0.678994,-1.196022,0.038706,-0.042075,-0.855766,-0.629802,1.158460,-1.146517,0.010963,-1.291701,-1.199597,-0.134037,-0.897991,-0.956941,-0.636290,-0.213237,-1.025224,-0.090344,-0.777127,-1.037318,-0.493355,-0.461554,-1.153396,-0.498507,-0.739316,-1.288199,0.293289,-0.176413,-1.097309,0.009058,0.761834,-1.149045,0.474732,1.428240,-1.413902,0.342123,0.210376,-1.355779,0.597553,-0.412314,-0.895612,-0.197187,1.637041,-1.065983,-0.221725,1.125530,-1.291780,-0.327681,0.312677,-1.770231,-0.713091,-1.063063,-1.418828,-0.228761,-0.769018,-1.765034,0.008738,0.050490,-1.762340,-0.430561,0.061856,-1.721152,-0.260332,-0.534636,-1.282220,-0.338720,-2.492718,-1.278333,0.498049,-0.549918,-1.284103,-0.285532,-0.893989,-1.137437,-0.196108,-0.229109,-1.210965,-0.439538,-2.037631,-1.045926,-0.942476,-1.220298,-1.217026,-0.027414,-0.374104,-1.194765,0.098577,1.013959,-1.071583,-0.420506,1.396515,-1.096063,-0.002711,0.086725,-1.274176,-0.392087,0.074405,-1.001874,-0.591843,-1.197857,-0.926558,-0.865581,-1.364666,-1.591966,-0.920796,-0.214913,-1.124410,-0.657897,-0.466157,-1.640529,-0.381120,-1.317096,-0.991518,-0.121426,-0.612688,-0.997642,0.100284,0.568406,-1.071264,-0.125511,1.581994,-1.301415,-0.128433,-1.027649,-1.068648,-0.316500,-1.746634,-1.086730,-0.208866,0.233622,-1.133247,-0.219906,2.166073,-1.016122,-0.130712,-0.200285,-1.042636,-0.164534,1.338919,-1.409555,-0.412928,-0.117803,-1.332693,-0.491369,-0.901039,-1.423602,-0.418563,1.551257,-0.945957,-0.117367,-1.370258,-1.180749,-0.226934,-1.406559,-0.919500,-0.423906,-0.247055,-1.367473,0.086897,-1.305536,-1.334266,0.065476,-0.466987,-1.166025,-0.300674,-0.928093,-1.094273,-0.210952,-0.464083,-1.220032,0.175632,-0.057365,-1.350696,-0.213816,-1.428278,-1.505200,-0.395569,-1.074745,-1.500073,-0.535438,-0.677203,-0.939510,-0.190774,-1.530781,-1.510692,-0.524695,-0.675671,-1.505382,-0.413164,-1.069384,-1.270243,-0.209782,-1.226588,-1.231406,-0.186409,-0.699843,-0.972599,-0.732819,0.096145
-0.525828,0.263869,-0.105533,0.232123,-0.314541,-0.513134,1.193122,0.024933,-0.653385,0.051912,0.807231,0.618286,-1.781061,1.179333,-0.791231,-1.045553,-0.490781,-0.082675,0.884596,-1.270183,-0.315507,0.596769,-0.413029,-0.083672,-0.411427,-1.009085,-0.932951,0.439795,-1.038606,-1.118358,0.439795,-1.038606,-0.000001,0.439795,-1.038606,-0.000001,-0.558007,-0.923472,-0.856043,-0.558007,-0.923472,-0.000001,-0.558007,-0.923472,-0.000001,-0.557459,-0.479512,-0.831008,-0.964184,0.226973,-0.139522,-0.989136,0.842329,1.612129,-1.119989,1.364677,0.259714,-0.558025,-0.923457,-0.000001,-0.558025,-0.923457,-0.000001,-0.558007,-0.923457,-0.000001,0.439795,-1.038606,-0.000001,0.439800,-1.038606,-0.000001,0.439795,-1.038606,-0.000001,-0.665306,-0.125066,0.601508,-0.666572,-1.020568,0.350321,-0.474267,-0.727582,0.159570,0.624558,-0.790749,-0.520585,1.081640,-0.137053,-0.520123,-0.451883,-0.261497,-0.512061,1.007096,0.756726,0.170612,0.187049,0.846466,-0.200592,-0.745060,0.621332,0.494375,0.111511,-0.647300,-0.396400,0.372190,0.741118,0.145878,0.351150,0.485437,-0.136104,1.108245,-0.473883,0.870043,-0.241529,-0.519356,-1.133073,0.175547,1.279774,0.723955,0.134386,0.652933,-0.793748,0.524190,-0.065237,0.643709,0.028903,-0.834489,0.196478,-0.580011,0.682115,1.379629,0.061933,1.012720,0.976974,-0.448121,0.537653,0.615068,-1.913451,1.016715,0.512387,-2.012215,0.984408,0.340004,-1.740538,1.000164,-0.000817,-1.349329,1.215506,-0.169717,-0.921806,1.273666,-1.068650,-2.114961,1.096376,0.509941,-1.718636,1.016758,0.550552,-0.850255,0.921611,0.849064,-0.215441,0.764513,0.347491,-1.812307,1.169052,-0.404839,-0.521104,1.103299,1.201771,0.828677,0.901094,1.075540,1.493517,0.681386,-1.110065,-0.947613,1.185316,-0.222151,0.115733,1.265824,1.118073,1.121460,1.153608,0.331676,1.832678,1.056047,-1.394723,-0.374310,1.210852,0.577295,-0.106618,1.196102,-1.470693,-0.030016,1.085555,-2.241734,-0.202593,0.990068,-1.717773,-0.915206,0.310588,1.516772,-1.162169,0.097123,0.754240,-0.792098,0.105354,0.851254,-1.242423,0.090328,-0.912531,-1.196706,0.066074,-0.305507,-0.855585,-0.602028,1.203590,-1.144870,0.045613,-1.345454,-1.196361,-0.102266,-0.804213,-1.198332,-0.613735,-0.388901,-1.017621,-0.065734,-0.726947,-1.283187,-0.470653,-0.617155,-1.142487,-0.125310,-1.117453,-1.277498,0.316020,0.122222,-1.086037,0.612140,1.072371,-1.138854,0.489935,0.553019,-1.189138,0.352635,-0.214958,-1.123062,0.604704,-0.372421,-0.896634,-0.195088,1.522849,-1.066403,-0.221446,1.025905,-1.291132,-0.328363,0.453510,-1.768246,-0.713731,-0.566248,-1.664871,-0.580683,-0.643013,-1.517167,0.008738,-0.187817,-1.514802,-0.431461,-0.208389,-1.461081,-0.261437,-0.547116,-1.271855,-0.757184,-2.180322,-1.268436,-0.094314,-0.509611,-1.278804,-0.282557,-0.725456,-1.131857,-0.190254,-0.043000,-0.946704,-0.430911,-1.858005,-1.040515,-0.934397,-1.245132,-0.988311,-0.016202,-0.292054,-1.190402,0.113040,1.015076,-1.066456,-0.408391,1.376083,-1.090215,0.011486,0.090875,-1.017386,-0.382899,-0.218987,-1.001242,-0.588050,-1.146137,-0.925267,-0.862684,-1.245241,-1.362754,-0.918045,-0.402807,-1.121195,-0.653893,-0.428626,-1.410069,0.196927,-1.524120,-0.990221,-0.114243,-0.700348,-0.990416,0.106160,0.519295,-1.064000,-0.122325,1.530028,-1.292592,-0.125245,-0.974178,-1.059259,-0.310817,-1.650729,-1.077844,-0.204379,0.318908,-1.126243,-0.215632,2.170914,-0.776577,-0.109093,-0.137637,-1.039103,-0.145941,1.149376,-1.405111,-0.401659,-0.413247,-1.327594,-0.478863,-1.038137,-1.178183,-0.406537,1.515476,-0.938409,-0.103156,-1.400568,-1.172471,-0.550873,-1.086095,-0.911822,-0.411261,-0.044797,-1.109010,-0.348687,-1.478588,-1.328529,0.086918,-0.853031,-1.161064,-0.279403,-1.115159,-1.090725,-0.195193,-0.570281,-1.216906,0.196410,-0.223112,-1.102099,-0.532508,-1.499897,-1.256551,-0.382167,-1.253297,-1.248659,-0.523817,-0.587637,-1.198343,-0.507299,-1.594860,-1.257781,-0.513170,-0.601233,-1.257782,-0.399657,-1.180953,-1.265543,-0.525637,-1.340245,-1.229665,-0.182162,-0.908450,-0.964519,-0.729712,0.095315
-0.521605,0.247858,-0.372637,0.256067,-0.301448,-0.969020,1.189240,0.043248,-0.874184,0.050443,0.809395,1.260813,-1.780082,1.224198,-0.376779,-0.346359,-0.480190,-0.922854,0.911763,0.909895,-0.621414,0.616628,-0.395883,-0.153878,-0.419118,-1.011738,0.110131,0.449616,-1.041438,-0.110464,0.449616,-1.041438,-0.000001,0.449616,-1.041438,-0.000001,-0.563342,-0.924767,-0.634796,-0.563342,-0.924767,-0.000001,-0.563342,-0.924767,-0.000001,-0.543952,-0.505368,-0.760016,-0.958657,0.210375,-0.369735,-0.975943,-1.151445,0.912128,-1.114597,-0.220105,-0.640787,-0.563360,-0.924751,-0.000001,-0.563360,-0.924751,-0.000001,-0.563342,-0.924751,-0.000001,0.449616,-1.041438,-0.000001,0.449621,-1.041438,-0.000001,0.449616,-1.041438,-0.000001,-0.443901,0.185020,0.286693,-0.550074,-0.989732,-0.912543,-0.159170,0.449842,-0.923800,0.011904,0.822022,-0.435251,-0.200945,0.715712,1.667122,-0.736968,0.222558,0.857143,-0.101525,0.427681,-0.153986,-0.476340,-0.352849,0.066366,2.007293,-2.218662,-0.875363,0.074055,0.496262,1.229797,-1.093345,1.576042,-1.650449,-0.517374,0.516979,-0.439246,-0.053266,0.178831,0.425152,0.100834,0.018282,0.520283,0.277796,0.436601,0.281108,0.054744,0.851937,-0.332654,-0.380264,-1.099329,-0.730260,0.651931,-0.165743,1.130533,-0.029184,0.556311,0.705511,0.989274,0.572522,0.330603,-0.079313,0.074133,0.386555,-1.938379,0.983943,0.628953,-2.053337,0.979346,0.425992,-1.757712,0.993730,0.184447,-1.368073,1.193701,-0.144028,-0.940243,1.252246,-0.991084,-2.086335,1.091361,0.576730,-1.756701,1.023131,0.414111,-0.887400,0.901784,0.787332,-0.274871,0.744891,0.741499,-1.686437,1.155636,-0.533490,-0.553623,1.098242,1.116666,0.725589,0.885487,1.394380,1.087847,0.719360,-0.920547,-0.864795,1.172713,-0.087299,0.093181,1.261396,1.323207,1.096561,1.158676,0.333597,1.300585,1.115312,-1.451477,-0.311957,1.207043,0.396990,-0.066636,1.191991,-2.500983,0.097887,1.037541,-2.701136,-0.177494,0.969740,-1.942215,-0.904629,-0.725342,1.380616,-1.152055,-0.239365,0.358850,-0.780774,-0.250261,1.339570,-1.035204,-0.956000,-0.558097,-1.186338,-0.256742,0.165169,-0.844743,-0.888771,0.309858,-0.901849,-0.917370,-0.763092,-0.958750,-0.943665,-0.644780,-0.937676,-1.211027,-0.300737,-1.004565,-0.291288,0.580669,-1.013688,-0.696777,-0.587810,-1.129597,0.046453,-1.085559,-1.040533,-0.504012,-0.237865,-0.849700,-0.272664,1.198544,-0.925302,-0.397950,-0.409335,-0.750157,-0.494996,-0.673475,-0.890345,-0.403187,-0.092098,-0.884068,-0.394105,1.361785,-1.053807,-0.385509,0.462447,-1.278004,-0.521199,-0.031371,-1.508338,-0.536630,-1.604445,-1.401589,-0.761995,-0.975935,-1.262389,-0.660064,0.121805,-1.261657,-0.936550,-0.438783,-1.196734,-0.472410,-0.309001,-1.007462,-0.554319,-1.867295,-1.036091,-0.400339,-0.415036,-1.265006,-0.473139,-1.255872,-1.117919,-0.415424,-0.412485,-0.932801,-0.198201,-0.357300,-1.026995,-0.398897,-0.699279,-0.976215,-0.224865,0.315404,-0.946019,-0.652581,1.647761,-1.053646,-0.626943,1.606023,-1.077205,-0.244604,0.727245,-1.004166,-0.553885,-0.319350,-0.988245,-0.756341,-1.773692,-0.912190,-0.383216,-0.957848,-1.350536,-0.769379,-1.166162,-1.108343,-0.487314,-1.341403,-1.397785,-0.097206,-0.468623,-0.977095,-0.410182,0.840216,-0.977488,-0.724885,0.877131,-1.052098,-0.721790,1.610362,-1.033679,-0.725025,-0.144427,-1.046673,-0.608248,-0.348013,-1.065061,-0.836891,0.058437,-1.114769,-0.818049,1.163893,-0.763658,-0.392452,0.775808,-1.027318,-0.407497,1.278001,-1.156241,-0.572402,-1.375613,-1.314824,-0.305928,-0.716094,-1.165296,-0.588758,0.130212,-0.924245,-0.308366,-0.616938,-1.158941,-0.051696,-0.716426,-0.898085,-0.577282,-0.761627,-1.095459,-0.129272,-0.498903,-1.058501,-0.686623,0.152827,-1.147514,-0.540808,-0.104477,-1.078892,-0.006800,0.138253,-0.986844,-0.603099,0.114243,-1.088987,-0.041417,-1.566453,-1.243459,-0.210148,-0.811261,-1.235457,-0.370783,-1.574228,-1.183985,-0.019549,-1.640357,-1.244500,-0.361392,-1.761367,-1.244745,-0.226293,-0.911162,-1.252729,-0.038918,-1.390437,-0.972799,-0.782811,-0.417898,-0.951767,-0.561831,-0.485455
-0.518907,0.245777,-0.368926,0.251098,-0.322273,-0.618483,1.201244,0.012400,-0.747848,0.051127,0.810477,1.171111,-1.782436,1.225784,-0.309654,-1.035998,-0.487364,-0.042634,0.923298,1.966439,-1.244341,0.612309,-0.401598,0.386156,-0.398854,-0.544481,0.294598,1.234708,-0.663312,0.218653,1.234708,-0.663312,-0.000001,1.234708,-0.663312,-0.000001,-0.562456,-0.255078,0.684022,-0.562456,-0.255078,-0.000001,-0.562456,-0.255078,-0.000001,-0.545302,-0.514753,-0.864851,-0.955125,0.206418,-0.369321,-0.976709,-1.156717,0.734857,-1.111693,-0.214618,-0.524092,-0.562474,-0.255062,-0.000001,-0.562474,-0.255062,-0.000001,-0.562456,-0.255062,-0.000001,1.234708,-0.663312,-0.000001,1.234713,-0.663312,-0.000001,1.234708,-0.663312,-0.000001,-0.452019,0.083397,0.820837,-0.026064,0.192798,-0.566341,-0.164589,0.316036,-0.617819,0.495532,0.202551,-0.831110,-0.207471,0.515905,1.991870,-0.274292,0.423488,0.754376,-0.109143,0.848629,-0.458536,-0.481698,-0.520061,0.834364,2.003687,-2.559320,-0.114237,0.064704,0.369910,0.816796,-1.513691,2.353165,-1.379656,-0.523185,0.373416,-0.158706,0.359121,-0.359260,1.045407,0.092444,0.356252,-0.171144,-0.176615,1.221361,0.301695,-0.328400,0.707223,0.920785,0.984254,0.763607,-0.221816,0.255521,-0.319791,0.802764,0.206886,1.332770,1.061144,0.621344,1.155859,0.971884,-0.085459,0.422752,1.169147,-2.047981,1.023689,0.110542,-2.140804,1.024491,0.346422,-1.778061,1.035845,-0.206345,-1.349059,1.239769,-0.696778,-0.961645,1.254011,-1.237525,-2.115379,1.124423,0.431053,-1.884765,1.049357,0.098036,-0.971412,0.916604,0.383617,-0.275156,0.759469,0.854649,-1.874298,1.184562,-0.155680,-0.591145,1.121124,1.021531,0.653700,0.897516,1.340392,1.087798,0.720679,-0.690293,-1.028190,1.200151,-0.528515,0.067215,1.263043,0.941546,1.096284,1.160288,0.234880,1.746446,1.048449,-1.451285,-0.394353,1.233843,0.547619,-0.105876,1.220648,-2.410391,-0.050087,1.091867,-2.684646,-0.385941,1.029020,-1.954646,-0.903268,-0.735755,1.422432,-1.150748,-0.901835,0.486244,-0.779293,-0.950408,1.180188,-1.033973,-0.969579,-0.598701,-1.184983,-0.270176,0.267782,-0.843672,-0.901124,0.331260,-0.901017,-0.932128,-0.961647,-0.958150,-0.957085,-0.792983,-0.937676,-1.220554,-0.252418,-1.004777,-0.301831,0.495770,-1.014388,-0.706584,-0.367696,-1.130476,-0.317494,-1.078850,-1.041543,-0.515160,-0.120510,-0.850699,-0.283637,1.200280,-0.723560,-0.408456,-1.042521,-0.537454,-0.503511,-0.358233,-0.670308,-0.412737,0.234710,-0.882626,-0.399301,1.143320,-1.052363,-0.707680,0.537324,-1.276708,-0.525552,-0.020277,-1.507458,-0.540880,-1.566923,-1.400925,-0.766088,-0.851391,-1.262389,-0.665198,-0.037468,-1.261885,-0.940427,-0.513107,-1.197173,-0.477173,-0.304408,-1.008359,-0.559558,-1.764167,-1.036880,-0.407767,-0.497735,-1.264781,-0.478121,-1.199843,-1.117673,-0.422089,-0.366011,-0.932575,-0.205514,-0.625840,-1.026775,-0.405055,-0.931039,-0.975607,-0.232075,0.291331,-0.945613,-0.661635,1.597963,-1.053420,-0.634511,1.576259,-1.077205,-0.253490,0.710329,-1.003938,-0.559817,-0.334404,-0.986962,-0.761013,-1.629246,-0.911116,-0.710750,-1.063215,-1.349724,-0.773773,-1.096326,-1.107489,-0.492234,-1.426648,-1.396969,-0.105907,-0.507198,-0.976017,-0.418936,0.675866,-0.977488,-0.732739,0.882080,-1.052303,-0.727109,1.629355,-1.034119,-0.730347,-0.104008,-1.047316,-0.616519,-0.280136,-1.065493,-0.842884,0.099913,-1.114967,-0.823757,1.238465,-0.763029,-0.403721,0.549009,-1.026727,-0.417495,1.455206,-1.391988,-0.908830,-1.150207,-1.314617,-0.312664,-0.734392,-1.165296,-0.947778,0.395560,-0.924245,-0.316210,-1.036720,-1.159165,-0.058324,-0.799292,-0.898085,-0.583886,-0.905405,-1.347597,-0.138647,-0.592820,-1.058268,-0.697140,-0.003122,-1.147063,-0.551223,-0.121935,-1.078298,-0.014850,0.209965,-0.986256,-0.613469,0.160540,-1.088552,-0.047937,-1.594049,-1.243237,-0.217161,-0.793842,-1.480929,-0.377020,-1.508057,-1.184238,-0.026025,-1.715402,-1.491434,-0.367578,-1.686161,-1.244525,-0.233360,-0.879489,-1.252312,-0.045380,-1.320194,-0.971929,-0.788487,-0.454568,-0.952191,-0.913112,-0.400837
-0.518532,0.255503,-0.230973,-0.696465,-0.328708,0.628543,-0.066787,0.020594,-0.014456,0.051937,0.869646,1.023142,-1.781923,1.226049,-0.044161,-1.039958,-0.506213,0.104164,0.927822,0.899424,-1.356964,0.601536,-0.407313,0.276437,-0.430052,-0.551543,-0.197356,-0.344837,-0.667564,-1.202668,-0.344837,-0.667564,-0.000001,-0.344837,-0.667564,-0.000001,-0.571336,-0.264121,-0.581652,-0.571336,-0.264121,-0.000001,-0.571336,-0.264121,-0.000001,-0.546653,-0.519459,-0.962040,-0.953539,0.186683,-0.452364,-0.978761,-1.171319,0.767231,-1.109206,-1.765553,-0.787887,-0.571354,-0.264105,-0.000001,-0.571354,-0.264105,-0.000001,-0.571336,-0.264105,-0.000001,-0.344837,-0.667564,-0.000001,-0.344833,-0.667564,-0.000001,-0.344837,-0.667564,-0.000001,-0.468229,0.513332,0.903270,-0.045117,-0.119120,-1.036955,-0.182279,0.018332,-0.669143,-0.012909,0.818353,-1.526652,-0.231164,1.339463,1.771229,-0.288961,-0.364262,0.195969,-0.670220,0.422837,-0.464914,-0.499536,-0.879034,-0.105843,1.991917,-2.366616,-1.164729,0.048936,0.095571,0.051048,-1.526923,2.035089,-2.721530,-0.538946,0.513475,-0.505671,0.761399,-0.235076,0.698822,0.079692,0.010641,-0.519452,-0.637652,1.834538,-0.006650,-0.719213,0.848315,-0.694869,0.968211,0.412325,-0.759548,0.245194,0.307635,1.165664,-0.280429,1.472924,0.682482,-0.477386,1.952520,1.122795,-0.099392,0.577259,0.898880,-1.778358,1.182284,0.110542,-1.925806,1.205810,0.346422,-1.590818,1.260320,-0.206345,-1.141751,1.485898,-0.696778,-0.756242,1.495383,-1.237525,-1.845494,1.300321,0.431053,-1.459541,1.256049,0.098036,-0.551501,1.139281,0.383617,0.043715,0.979477,0.854649,-1.561649,1.337530,-0.155680,-0.225882,1.299441,1.021531,1.015076,1.074175,1.340392,1.386678,0.882504,-0.690293,-0.755925,1.344496,-0.528515,0.320990,1.423379,0.941546,1.380109,1.317840,0.234880,2.013955,1.195472,-1.451285,-0.189481,1.373993,0.547619,0.087728,1.371090,-2.410391,0.162517,1.238856,-2.684646,-0.152896,1.167078,-1.954646,-0.859741,-0.582092,1.224995,-1.109164,-0.754604,-0.555821,-0.939133,-0.793867,0.911149,-0.988936,-0.811956,-0.860904,-1.141664,-0.751417,0.048945,-0.996634,-0.220054,-0.858814,-0.847752,-0.785432,0.157797,-0.680568,-0.828911,0.103290,-0.880094,-0.735719,-0.424303,-1.190765,-0.201168,1.590968,-0.954073,-0.606003,-0.212971,-1.073053,0.120838,-0.442810,-0.988308,-0.391226,-0.130661,-1.022218,-0.734120,1.240475,-0.878222,-0.861324,-1.316105,-0.700523,-0.936045,-0.104319,-0.839006,-0.928001,0.783097,-0.829887,-0.699009,1.077934,-1.229848,-0.636620,-0.507467,-1.221393,-0.442042,-0.565500,-1.450482,-0.459351,-1.984602,-1.343209,-0.687563,-1.058533,-0.964042,-0.567124,0.297910,-0.965473,-0.866068,-0.322672,-1.138238,-0.795297,0.405789,-1.200309,-0.466349,-1.155983,-0.984877,-0.275274,-0.824215,-1.204962,-0.395398,-0.874078,-1.057266,-0.760249,0.207536,-1.131002,-0.577855,1.459339,-0.968164,-0.323212,0.865514,-1.148453,-0.140243,0.821623,-1.123705,-1.051475,1.546151,-1.236250,-0.961029,1.317534,-1.262769,-0.636117,0.729432,-1.195746,-0.153816,-0.414217,-0.932245,-0.687681,-1.576939,-1.095394,-0.315196,-0.281543,-1.297200,-0.398097,-1.498117,-1.052237,-0.414818,-0.764409,-1.344159,-0.548388,-0.557480,-1.160987,-0.864132,1.455811,-1.164710,-0.609450,0.876249,-1.224777,-0.638535,0.644679,-0.976384,-0.641726,0.791424,-1.229404,-0.486704,0.650061,-1.008729,-0.749061,0.149515,-1.064201,-0.734399,0.073803,-0.944739,-0.826501,0.669904,-0.975849,-0.807763,0.485497,-1.101011,-0.503464,-2.105028,-1.021844,-0.230895,-0.796457,-1.109257,-0.867576,-1.279204,-0.862653,-0.225501,0.115271,-1.355498,0.018605,-0.372972,-1.097023,-0.189134,-0.386970,-0.784336,-0.488724,0.236667,-0.998565,-0.580232,0.528865,-1.088359,-0.435443,-0.212516,-1.027212,0.074639,0.359176,-0.935831,-0.493103,-0.036052,-1.031752,0.027746,-1.029510,-0.943101,-0.135762,-0.882613,-0.932570,-0.304638,-2.211807,-1.121786,0.049143,-1.137654,-0.939809,-0.295790,-2.180246,-0.945655,-0.151325,-0.910746,-0.958533,0.029629,-1.034183,-1.159175,-0.699379,-0.414030,-1.133764,-0.488883,-0.271962
-0.506238,0.233970,-0.267662,-0.690755,-0.291999,-0.128831,-0.077581,0.040600,-0.291459,0.447416,0.997362,-1.207477,-1.660481,1.318070,0.142190,-1.040642,-0.500113,0.210227,0.903520,1.985287,-0.257051,0.597217,-0.384453,0.582234,-0.410357,0.375014,0.366161,0.447621,0.442694,-0.883944,0.447621,0.442694,-0.000001,0.447621,0.442694,-0.000001,-0.564825,0.415889,0.319144,-0.564825,0.415889,-0.000001,-0.564825,0.415889,-0.000001,-0.550705,-0.538285,-1.054889,-0.950006,0.161351,-0.708925,-0.980681,0.873958,1.390150,-1.106820,-1.777139,-0.936553,-0.564843,0.415905,-0.000001,-0.564843,0.415905,-0.000001,-0.564825,0.415905,-0.000001,0.447621,0.442694,-0.000001,0.447626,0.442694,-0.000001,0.447621,0.442694,-0.000001,-0.467413,0.745205,0.749012,-0.578667,0.185937,-0.956440,-0.185892,-0.108736,-0.732875,0.961615,0.213558,-1.369411,0.358758,0.540293,0.323569,-0.287864,-0.448742,0.492764,0.955056,0.872845,-0.159777,-0.502738,1.066759,1.029588,1.989513,-2.409055,-0.056681,0.051924,-0.015391,0.745876,-2.354996,3.296541,-0.283441,-1.418088,2.180071,0.567996,-0.911605,1.283738,1.398755,0.082963,-0.131504,-0.031802,-1.083692,2.637566,1.728633,-1.097929,2.107669,1.460076,0.053069,1.785894,0.174208,0.248235,0.168584,0.740288,-0.039670,2.263775,2.191823,-0.477386,2.200986,2.602107,-0.515159,0.430683,2.183802,-1.943931,1.325635,0.110542,-2.057835,1.369700,0.346422,-1.705803,1.463218,-0.206345,-1.269057,1.708369,-0.696778,-1.026537,1.880386,-1.237525,-2.011228,1.459311,0.431053,-1.720668,1.442874,0.098036,-0.809365,1.340554,0.383617,-0.152102,1.178338,0.854649,-1.753644,1.475794,-0.155680,-0.450187,1.460618,1.021531,0.793158,1.233853,1.340392,1.203138,1.028775,-0.690293,-0.923121,1.474967,-0.528515,0.165149,1.568303,0.941546,1.205814,1.460249,0.234880,1.849679,1.328364,-1.451285,-0.315291,1.500673,0.547619,-0.031163,1.507072,-2.410391,0.031958,1.371716,-2.684646,-0.296008,1.291867,-1.954646,-0.875782,-0.781072,1.636176,-0.941827,-0.930454,-0.349903,-0.955102,-0.963950,1.136091,-0.806690,-0.967115,-0.689200,-0.964483,-0.252826,-0.877892,-1.007309,-0.876338,-0.103287,-0.855389,-0.895165,-0.269230,-0.908691,-0.920302,-0.401230,-0.876994,-1.194126,0.035225,-1.182276,-0.709214,0.369442,-0.939384,-1.120880,0.267629,-1.055144,-0.660371,-0.521728,-0.969549,-0.504485,-0.335738,-1.002289,-0.869495,0.856083,-0.860051,-0.424193,-0.371918,-0.680595,-0.531543,0.766329,-0.818188,-0.461602,0.862335,-1.075884,-0.433902,1.304791,-1.244081,-0.741061,0.420661,-1.232367,-0.941380,-0.225474,-1.210899,-0.946849,-1.482632,-1.096256,-0.803297,-0.465668,-1.201506,-0.712288,-0.128773,-1.197737,-0.978081,-0.535261,-1.125871,-0.933279,-0.323377,-1.184102,-1.441400,-1.452480,-1.189140,-1.655860,-1.512154,-0.947058,-0.877490,-0.074844,-1.056093,-0.450627,0.922217,-1.129832,-0.230501,0.055251,-0.966586,-0.418633,-0.420947,-1.150472,-0.240403,0.177082,-1.123908,-0.671572,1.192454,-1.234755,-0.642464,1.139234,-1.259514,-0.759060,-0.063540,-1.190594,-0.567511,-0.548051,-1.181388,-0.784387,-1.420124,-1.104839,-0.735947,-0.805522,-1.303711,-1.104922,-1.437298,-1.056315,-0.861163,-0.665893,-1.350705,-0.143769,-1.116052,-1.170467,-0.457030,0.802004,-0.913551,-0.773509,1.351823,-1.216700,-0.759705,0.686178,-0.964047,-0.762960,0.339559,-1.215732,-0.659959,-0.981844,-0.996598,-0.873550,0.800354,-1.056233,-0.852964,0.961737,-0.948773,-0.396847,0.593287,-0.977607,-0.921571,0.355391,-1.100589,-0.909721,-1.602206,-1.019723,-0.670701,-1.351702,-1.105614,-0.949038,-0.175409,-0.855566,-0.315139,-0.012885,-1.089590,-0.729130,-1.544804,-1.090036,-0.900707,-0.012269,-0.779592,-0.584402,-0.507672,-0.995818,-0.687069,0.010524,-0.835709,-0.541249,-0.382393,-1.028978,-0.398265,-0.750341,-0.938567,-0.607324,-0.234950,-0.787296,-0.376410,-1.432861,-0.940705,-0.570445,-1.774302,-0.928390,-0.691869,-1.646093,-0.845735,-0.681475,-1.091521,-0.935604,-0.679842,-1.696864,-0.943268,-0.589407,-1.488775,-0.958108,-0.370929,-1.638921,-1.167247,-0.817954,-0.517486,-1.123772,-0.940741,0.356880
-0.498542,0.196383,-0.711032,-0.711011,-0.310242,0.493015,-0.079760,0.002043,-0.057032,0.451568,1.187495,-1.660971,-1.536592,1.456896,-0.978487,-1.058261,-0.481450,0.755859,0.884169,0.888978,-1.506110,0.623107,-0.390168,0.388022,-0.428414,0.373246,0.600819,0.436419,0.078754,-0.544176,0.436419,0.078754,-0.000001,0.436419,0.078754,-0.000001,-0.574610,-0.244741,1.657787,-0.574610,-0.244741,-0.000001,-0.574610,-0.244741,-0.000001,-0.547740,-0.578232,-1.194211,-0.940154,0.141616,-0.919872,-0.984269,0.868686,1.186653,-1.107029,-1.769216,-0.968915,-0.574628,-0.244725,-0.000001,-0.574628,-0.244725,-0.000001,-0.574610,-0.244725,-0.000001,0.436419,0.078754,-0.000001,0.436424,0.078754,-0.000001,0.436419,0.078754,-0.000001,-0.428482,1.526894,0.580898,-0.539295,1.214202,-1.162370,-0.151591,0.466583,-0.626705,0.508509,0.843991,-0.239135,-0.193057,1.378425,0.924532,-0.723016,-0.348263,0.527746,0.995267,0.461583,0.236697,-0.011371,0.719986,0.157596,2.012335,-2.064952,-0.270459,0.092783,0.511689,0.416812,-0.667831,2.526654,-0.412930,-0.507779,2.334105,0.662496,-0.045108,1.420632,1.685417,0.117970,0.529104,-0.058120,-0.155675,2.798145,2.000618,-0.313656,2.730080,0.289508,0.544151,2.460803,-0.077279,0.277695,0.333913,1.748808,-0.261881,1.958238,1.852716,-0.087949,2.665479,2.115836,-0.484387,1.112060,1.943592,-1.872984,1.595478,0.110542,-2.001261,1.678205,0.346422,-1.656532,1.845152,-0.206345,-1.378191,2.231840,-0.696778,-1.098641,2.560582,-1.237525,-1.940212,1.758595,0.431053,-1.608775,1.794551,0.098036,-0.698871,1.719430,0.383617,-0.068195,1.552673,0.854649,-1.671375,1.736063,-0.155680,-0.354073,1.764017,1.021531,0.888249,1.534431,1.340392,1.281784,1.304114,-0.690293,-0.851478,1.720564,-0.528515,0.231926,1.841107,0.941546,1.280499,1.728317,0.234880,1.920071,1.578517,-1.451285,-0.261382,1.739133,0.547619,0.019782,1.763042,-2.410391,0.087902,1.621811,-2.684646,-0.234685,1.526768,-1.954646,-0.878352,-0.806159,1.543580,-0.944435,-0.953250,-0.347568,-0.957890,-0.988001,1.180335,-0.809510,-0.991206,-0.726344,-0.967207,-0.274639,-0.934855,-1.009973,-0.895230,-0.029183,-0.858489,-0.916769,-0.102125,-0.911517,-0.938693,-0.203488,-0.880094,-1.207153,0.226139,-1.185109,-0.724012,0.311887,-0.942370,-1.135749,0.530988,-1.057987,-0.672504,-0.392758,-0.746699,-0.523354,-0.303813,-1.004910,-0.889867,0.839789,-0.862411,-1.030821,-0.314179,-0.682895,-0.551588,1.397776,-0.820567,-1.151384,1.212180,-1.078969,-0.448098,1.315909,-1.016666,-0.752765,0.296430,-1.235607,-0.955134,-0.193390,-1.213981,-0.960277,-1.231055,-1.099405,-0.816230,-0.427497,-1.446535,-0.728510,-0.209140,-1.441193,-0.990308,-0.472710,-1.380304,-0.948298,-0.486913,-1.187023,-1.456752,-1.295234,-1.191707,-1.677646,-1.521324,-0.950278,-0.891061,0.408331,-1.059346,-0.903320,1.164455,-1.133077,-0.729114,-0.273976,-0.969961,-0.431555,-0.609675,-1.153492,-0.658436,0.089785,-1.127019,-0.689219,1.148364,-1.237953,-1.080338,1.182556,-1.262328,-0.776363,-0.220461,-1.193503,-0.910375,-0.334824,-0.946724,-0.796074,-1.034840,-1.108052,-0.747509,-0.870099,-1.079178,-1.115914,-1.335417,-1.059513,-0.873501,-0.443911,-1.124951,-0.736116,-1.223107,-1.173692,-0.478119,0.621877,-0.916393,-0.793634,1.385123,-1.219318,-0.774237,0.777042,-0.966916,-0.777499,0.168103,-1.218512,-1.258924,-1.363446,-0.999419,-0.888852,0.986147,-1.058757,-0.867538,1.145231,-0.951935,-0.415988,0.616699,-0.980558,-0.939242,0.365738,-1.103559,-0.921255,-1.484081,-1.022701,-0.682919,-1.394407,-1.108619,-0.961347,0.023108,-0.858639,-0.329003,-0.287688,-1.092571,-0.740593,-1.499449,-1.093066,-0.911924,0.379159,-0.782755,-0.600271,-0.797094,-0.999023,-0.704869,-0.282154,-0.838879,-0.558877,-0.553760,-1.031940,-0.411577,-0.837292,-0.941295,-0.625720,-0.263459,-0.790363,-0.719155,-1.401891,-0.943749,-0.582600,-1.878503,-0.931460,-1.020048,-1.326463,-0.849093,-0.692675,-1.052764,-0.938692,-1.005327,-1.328004,-0.946300,-0.601657,-1.555986,-0.961096,-0.710622,-1.607757,-0.926747,-0.832500,-0.238978,-1.126540,-1.299788,0.730629
