# Normalized Keypoints for sign: 탄천동로
-0.070265,0.464615,0.146906,-0.251501,-1.218045,-1.670209,0.480533,-0.961343,-2.634911,-0.137428,-0.032715,0.280033,0.294826,-0.279029,0.357879,-1.161633,-0.143982,-1.686541,-1.724873,0.386495,0.906884,-0.773706,-0.611193,0.917327,-1.371765,0.270932,2.110538,-0.946848,0.461212,1.732095,-2.381643,-0.167511,-0.927901,0.000492,0.000492,0.000492,-1.823912,0.400100,1.556417,-0.932038,1.315531,-2.760441,0.000492,0.000492,0.000492,-1.698040,0.339792,-0.841385,-1.539855,0.248179,1.546349,-1.273824,-0.089765,-1.446303,-0.783301,0.433463,1.905725,0.000492,0.000492,0.000492,0.000492,0.000492,0.000492,0.000492,0.000492,0.000492,0.000492,0.000492,0.000492,0.000492,0.000492,0.000492,0.000492,0.000492,0.000492,-1.628907,-0.207840,1.090285,-1.606815,-1.431831,0.735355,-0.808958,-2.269828,0.780059,-1.479245,-1.450330,0.410643,-1.952996,-1.770330,1.934457,-1.750551,-2.422956,0.655738,-1.724017,-1.940430,-1.510153,-1.818650,-1.950169,-1.069105,-1.330750,-1.732014,-0.453748,-2.077398,-2.198049,0.000905,-2.145848,-1.493765,0.213060,-1.650405,-0.718504,0.445578,-1.655865,-1.428144,1.504982,-1.684225,-1.880575,-0.262862,-1.878540,-1.321507,0.187982,-1.200748,-0.703905,0.495791,-1.791986,-1.409501,1.365935,-2.165154,-2.360425,0.084911,-1.824839,-1.146414,0.757206,-2.424870,-2.137032,-0.014602,-2.162966,-0.059758,1.314741,0.195276,-0.214580,-0.416084,0.310672,-0.411471,-1.381673,0.561489,-0.461437,-1.237424,0.641313,-0.490120,-1.406227,0.525655,-0.270544,-1.276708,0.512482,-0.447913,0.367518,0.947924,-0.545882,0.365756,1.125163,-0.541492,0.447523,1.287459,-0.536756,0.055463,0.714461,-0.318109,-0.173789,1.338103,-0.306297,0.254676,1.659658,-0.329838,-0.007196,1.614150,-0.340649,-1.186903,0.851100,-0.231158,0.726875,1.319818,-0.226798,0.545979,1.714291,-0.263342,0.744189,1.855809,-0.309955,-0.947135,0.878758,-0.142018,0.600580,1.058808,-0.154341,0.636513,1.237392,-0.193300,0.066411,1.418948,-0.245349,0.658512,-1.506054,-0.564684,0.035668,-1.434417,-0.387590,1.641830,-1.930571,0.041216,0.568779,-1.216242,-0.282989,-1.623386,-1.546076,-0.190667,-2.254375,-2.204566,0.396533,-3.621140,-1.189832,0.522645,-2.115464,-0.932905,-0.798318,-3.577872,-0.824278,-2.175269,-4.131993,-1.011432,-2.839866,-4.635173,-1.425753,-1.334223,-2.990813,-1.913564,-1.768680,-3.230563,-1.958740,-0.337473,-0.514556,-1.848009,-0.661186,0.971263,-1.679118,-1.068971,-0.767410,-1.745832,-0.054931,-0.362607,-1.844103,0.483006,0.479626,-1.221247,-1.462550,-1.137790,-1.258077,-0.591906,1.301804,-1.846305,-0.808052,0.157785,-1.840737,-0.746383,0.295980,-1.684720,0.072941,0.355504,-1.678611,-1.011125,-0.460187,-1.551947,-1.272547,-0.289175,-1.712717,-0.086558,0.665152,-1.266471,-0.659141,-1.337592,-1.551396,0.163714,-0.071070,-1.492438,-0.473601,2.078547,-1.749853,-0.159870,-0.484691,-1.586108,-0.542643,-0.416275,-1.701099,-0.435711,-0.479070,-1.576027,-0.357221,2.290159,-1.637060,-1.066376,-1.081410,-1.172059,-0.423000,-2.169808,-1.309359,-0.812961,2.413870,-1.578799,-0.328144,1.463277,-1.237485,-1.285492,-0.418247,-1.220891,-0.416426,0.373035,-1.674302,-0.491986,-0.035545,-1.986687,-0.533149,-0.449135,-1.860868,-1.439713,-0.914744,-1.450364,-0.410352,0.508317,-1.555243,-0.925259,-1.643179,-1.525911,-0.320557,-2.406601,-1.143992,-0.179911,-1.285223,-1.586194,-0.523072,2.938537,-1.255366,-1.194494,-0.605233,-1.228740,-0.897075,-2.895140,-1.337122,-0.438933,-0.061513,-1.491190,-0.796624,1.351019,-0.903649,-0.495427,-1.708175,-0.947447,-0.155654,-0.020844,-1.124663,-0.623844,0.049892,-1.090023,-0.178097,-0.860208,-1.241628,-0.485626,0.180302,-0.725159,-0.402481,-1.335933,-1.368448,-0.467770,0.556126,-1.260849,-0.650171,1.181335,-1.082723,-0.692250,0.129105,-1.631045,-0.482541,0.050830,-1.280363,-0.726033,0.005576,-1.104946,-0.228903,-0.039253,-1.073973,-0.228903,1.136930,-1.204957,-0.252455,0.930223,-0.865342,-0.321204,-0.204244,-1.187161,-0.261717,0.998518,-1.070619,-0.232818,1.125414,-1.092327,-0.254505,-0.247189,-1.358799,-0.076836,0.283279,-1.636795,-0.459618,2.685673
-2.095308,0.454534,0.119298,-0.248376,-1.214374,-1.662250,0.890135,-1.550503,-2.074955,-0.139838,-0.032768,0.296875,0.216596,-0.278130,0.172284,-1.192282,-0.117219,-2.070914,-1.732244,0.399946,1.011374,-0.773706,-0.611193,1.150811,-1.363214,0.268823,1.683464,-0.940328,0.461212,1.267775,-0.485981,-0.167511,-1.480095,0.000492,0.000492,0.000492,-1.821163,0.385072,1.568194,-2.395173,1.315531,-2.076556,0.000492,0.000492,0.000492,-1.709218,0.333055,-1.210268,-1.549712,0.248919,1.648420,-1.287322,-1.563451,-1.690203,-0.789311,0.435582,1.792194,0.000492,0.000492,0.000492,0.000492,0.000492,0.000492,0.000492,0.000492,0.000492,0.000492,0.000492,0.000492,0.000492,0.000492,0.000492,0.000492,0.000492,0.000492,-1.627429,-0.666568,0.529267,-1.348161,-1.066883,0.131917,-1.079461,-1.893974,0.470506,-1.747495,-1.450330,0.389296,-1.949472,-1.143519,1.180325,-1.749309,-2.422956,0.316700,-1.721981,-1.947364,-1.160289,-1.815744,-1.953150,-1.234960,-1.606184,-1.735407,-1.145478,-1.826107,-2.632979,-0.181112,-2.143954,-1.928361,-0.157396,-1.407408,-1.194212,0.233705,-1.652914,-2.061801,1.262744,-1.682912,-1.880575,-0.340573,-1.876352,-1.592749,-0.130435,-2.067468,-1.861252,0.340858,-1.789482,-2.107876,1.083313,-1.923299,-2.686513,0.010038,-1.822369,-2.056542,0.074781,-2.199817,-2.226781,-0.533112,0.026180,-1.468055,0.365768,0.161733,-0.223054,-0.233963,0.154623,-0.374716,-1.573819,0.485186,-0.473365,-1.327613,0.582035,-0.506620,-1.414870,0.499894,-0.284676,-1.279525,0.460908,-0.476003,0.253063,0.951887,-0.558792,0.566882,1.113696,-0.555599,0.598173,1.248254,-0.544769,0.158172,0.679730,-0.325717,-0.131860,1.289037,-0.309931,0.234149,1.601036,-0.340733,0.276491,1.591434,-0.358467,-0.988460,0.805111,-0.240322,0.706967,1.258951,-0.231812,0.573821,1.668987,-0.268636,0.778840,1.832948,-0.315620,-0.885348,0.840414,-0.152575,0.622000,1.021723,-0.167050,0.433454,1.177982,-0.199941,0.021924,1.392289,-0.260479,0.771906,-1.420496,-0.815414,1.157391,-1.635895,-0.621204,2.012984,-1.859473,-0.174993,0.146568,-1.134944,-0.197396,-1.252483,-1.455785,-0.408656,-1.711019,-2.123953,0.191525,-3.891532,-1.388383,0.078994,-1.713830,-0.851402,-0.996862,-2.659647,-1.005174,-2.077241,-3.331660,-1.207681,-2.705891,-3.887638,-1.332300,-1.172112,-1.718575,-1.562275,-1.593433,-3.190006,-1.587487,-0.783969,-0.765547,-1.736740,-1.169781,0.464075,-1.581118,-1.604421,-0.989058,-1.951605,-0.621446,-0.839678,-1.732917,-0.164173,-0.034877,-1.137939,-1.784416,-0.614937,-1.180334,-0.887308,2.338317,-1.483023,-1.069862,-0.702062,-1.767579,-0.996983,-0.589527,-1.865850,-0.308655,0.464167,-1.604824,-0.916317,-1.508420,-1.726622,-0.676479,-1.137278,-1.632035,-0.381659,0.236740,-1.182721,-0.561658,-1.506918,-1.759923,-0.226406,-0.014922,-1.671226,-0.370032,1.956201,-1.678519,-0.533380,-0.231597,-1.755257,-0.763741,-0.707083,-1.630341,-0.713658,-0.405678,-1.747396,-0.612001,1.939948,-1.810580,-0.628079,-1.579404,-1.092572,-0.295310,-1.498177,-1.226742,-0.727096,1.517578,-1.501848,-0.645417,1.182893,-1.156206,-1.154596,-0.384457,-1.439042,-0.292288,1.046899,-1.603605,-0.358672,-0.274280,-1.636405,-0.818801,-1.158538,-1.789079,-0.772971,-1.083159,-1.375864,-0.265165,1.445741,-1.732233,-0.801628,-1.874390,-1.445687,-0.194675,-2.157461,-1.354776,-0.545369,-0.357110,-1.490522,-0.816598,2.553253,-1.467473,-0.544531,-0.189882,-1.417737,-0.758038,-2.186308,-1.512389,-0.694160,0.915643,-1.668282,-0.712760,0.572835,-1.109312,-0.779598,-1.317313,-1.155900,-0.483437,0.470173,-1.305114,-0.856820,0.149984,-1.014253,-0.486208,-0.819662,-1.145403,-0.788971,0.010444,-0.920007,-0.710821,-0.792963,-1.539368,-0.724081,0.212523,-1.175928,-0.860886,1.196337,-0.996992,-0.903443,0.579440,-1.559566,-0.724099,-0.651723,-1.448718,-0.633010,0.303530,-1.018245,-0.559532,1.107599,-1.282993,-0.559532,1.281844,-1.390319,-0.568662,0.922262,-0.766700,-0.659262,0.197834,-1.371418,-0.581780,1.070159,-1.281349,-0.564502,1.388895,-1.005683,-0.585467,0.800170,-1.271738,-0.395608,0.835151,-1.829522,-0.352189,2.094324
-2.106734,0.419804,0.399641,-0.270768,-1.172946,-1.669443,0.486175,-0.365016,-2.051813,-0.140693,-0.032291,0.214533,0.216386,-0.308646,0.172468,-1.207617,-0.070875,-2.600905,-1.731283,0.406692,1.126719,-0.776933,-0.594739,1.160617,-1.370854,0.279370,1.855304,-0.945620,0.473440,1.564363,-0.499112,-0.167511,-1.020344,0.000492,0.000492,0.000492,-2.452100,0.402604,1.717338,-0.931461,1.315531,-2.296357,0.000492,0.000492,0.000492,-1.723971,-0.752519,-1.265784,-1.550794,0.220884,1.869183,-1.290868,-1.582260,-1.660193,-0.800490,0.433463,1.905367,0.000492,0.000492,0.000492,0.000492,0.000492,0.000492,0.000492,0.000492,0.000492,0.000492,0.000492,0.000492,0.000492,0.000492,0.000492,0.000492,0.000492,0.000492,-1.630605,-0.188914,1.084301,-2.120742,-0.318837,-0.659913,-1.904009,-0.005413,0.943429,-1.751950,-0.490455,-0.199660,-1.668503,-0.503797,0.346231,-1.752211,-1.540122,-0.336379,-1.725609,-2.776763,-0.118507,-1.819987,-1.938283,-0.774955,-1.610772,-1.718445,-1.147912,-1.329278,-2.615180,0.670393,-1.517351,-1.486633,0.898843,-1.411159,-0.554736,1.333996,-1.656848,-0.469909,1.643139,-1.418918,-1.863122,0.589350,-1.638666,-1.452684,0.971044,-0.984559,-0.532747,1.559720,-1.793137,-1.048853,2.016068,-1.926266,-2.349757,0.573968,-1.554135,-1.366948,1.826733,-1.089718,-1.512498,0.512067,-1.871994,-0.164740,1.391464,0.118577,-0.252868,-0.254269,0.149554,-0.405611,-1.349545,0.467152,-0.486657,-1.304994,0.410811,-0.280161,-1.404119,0.458521,-0.288388,-1.267436,0.429611,-0.500257,-0.301374,0.899465,-0.574776,0.207167,1.059463,-0.568958,0.231684,1.168863,-0.562636,-0.330369,0.608781,-0.385802,-0.529814,1.238224,-0.339477,-0.009301,1.559201,-0.349338,-0.331949,1.506972,-0.353319,-1.228751,0.764038,-0.259878,0.386874,1.241369,-0.262093,0.329831,1.590075,-0.299294,0.776819,1.747945,-0.331798,-0.936260,0.787267,-0.159714,0.385751,0.952543,-0.185287,0.543035,1.125172,-0.210624,0.224733,1.330277,-0.269629,0.830569,-1.720389,-0.707429,-0.426316,-1.608378,-0.529984,1.036829,-2.108781,-0.402990,-0.069096,-1.419869,-0.135064,-1.802263,-1.428547,-0.663193,-1.712629,-1.203110,-0.658512,-3.221971,-1.104771,-1.201652,-2.620065,-0.852133,-1.539382,-3.315391,-1.272408,-2.338126,-3.827130,-1.227783,-2.224182,-3.796489,-1.362780,-1.092646,-1.725161,-1.597947,-0.933579,-3.232054,-1.907894,-1.295565,-1.184687,-2.115624,-1.719265,0.264056,-1.914992,-1.404744,-1.237751,-2.003599,-0.389102,-0.463682,-1.786972,0.124704,0.364568,-1.429916,-2.060335,-1.048241,-1.160709,-1.132359,1.727577,-1.754382,-1.282784,-0.655289,-2.022036,-1.200789,-0.120228,-1.863674,-0.625209,0.792129,-1.612286,-1.542890,-1.013860,-1.739374,-1.448211,-0.483077,-1.909179,-0.615864,0.933673,-1.730177,-1.210893,-1.456190,-1.796446,-0.549581,0.186650,-1.674939,-0.633526,2.027522,-1.682502,-0.871640,0.078167,-1.759185,-0.970303,-0.834074,-1.875193,-0.983363,-0.161460,-1.745337,-0.870733,1.821835,-1.811840,-1.220502,-1.281779,-1.367637,-1.076252,-1.618272,-1.511731,-1.253398,2.062730,-1.766826,-0.966462,1.526300,-1.439246,-1.489614,-0.218914,-1.425832,-0.609266,1.067905,-1.849289,-0.698842,-0.008533,-1.904880,-1.073269,-1.061941,-1.781551,-1.126374,-0.997461,-1.364423,-0.637186,1.504147,-1.745627,-1.116918,-1.529221,-1.721525,-0.514530,-1.901848,-1.379947,-0.372350,-0.101838,-1.819170,-0.678824,2.338181,-1.492802,-0.883751,-0.000119,-1.436362,-0.572896,-2.198998,-1.507353,-0.978530,0.345237,-1.666788,-0.932398,0.217566,-1.112835,-0.683752,-1.046059,-1.163291,-0.835919,0.447925,-1.572681,-0.777184,0.021846,-1.521933,-0.818692,-0.912451,-1.475937,-1.122014,0.835468,-1.217840,-1.055489,-1.159491,-1.549046,-1.012232,1.097865,-1.183341,-1.098040,1.325630,-1.001014,-1.141136,0.383895,-1.558278,-0.995665,-0.407983,-1.446089,-0.876769,0.083892,-1.022313,-0.922530,1.251326,-1.290404,-0.922530,1.323428,-1.400592,-0.915398,1.405032,-1.424816,-1.030417,1.179252,-1.381630,-0.932745,1.516484,-1.288821,-0.928657,1.488564,-1.009748,-0.948831,1.015643,-1.261198,-0.679580,0.406798,-1.849791,-0.625502,2.199896
-2.123254,0.415777,0.509260,-0.265996,-1.141861,-1.652246,0.884176,-0.342242,-1.645781,-0.141220,-0.005514,0.183518,0.140624,-0.309317,0.282447,-3.041951,-0.099378,-2.886695,-1.739635,0.410065,1.349835,-0.774584,-0.615307,1.673617,-1.371083,-1.931230,1.300954,-0.944264,-1.350248,1.165119,-0.494979,-2.463551,0.113765,0.000492,0.000492,0.000492,-2.458466,-0.953583,1.218441,-2.388861,-0.798846,0.118491,0.000492,0.000492,0.000492,-1.729349,-0.758833,-1.260934,-1.552329,0.230738,1.954483,-3.066160,-1.585249,-1.583889,-0.813822,0.434522,2.160200,0.000492,0.000492,0.000492,0.000492,0.000492,0.000492,0.000492,0.000492,0.000492,0.000492,0.000492,0.000492,0.000492,0.000492,0.000492,0.000492,0.000492,0.000492,-1.626145,-0.211635,0.802973,-1.602392,0.027995,1.279465,-1.349744,-0.030046,1.418918,-1.472325,-0.521402,0.174238,-1.945718,-0.839119,0.652741,-1.495780,-1.137858,1.119194,-1.444035,-1.536174,-0.209810,-0.997131,-1.601795,0.600370,-1.324106,-1.335489,-0.420488,-1.075732,-2.212323,0.113031,-1.093358,-1.502658,0.114934,-0.683737,-0.723708,0.082066,-1.411013,-0.807485,0.480371,-1.414967,-1.891072,0.472407,-1.151387,-1.731701,0.195445,-0.979209,-0.875063,0.389777,-1.318490,-1.418061,0.885223,-1.441375,-1.719015,0.061898,-1.548091,-1.153897,0.601773,0.028791,-2.139954,-0.278366,0.027373,-1.253650,0.755035,0.087754,-0.266635,0.424217,0.028484,-0.414686,-0.349296,0.290051,-0.475063,-1.091237,0.307910,-0.317709,-1.342168,0.420580,-0.263621,-1.193689,0.333726,-0.519329,0.029269,0.814492,-0.592469,-0.059840,0.964055,-0.573564,0.151244,1.049931,-0.588726,-0.311791,0.509884,-0.434138,0.050415,1.127915,-0.355479,0.085982,1.457700,-0.379657,0.011389,1.483621,-0.405039,-0.907235,0.672823,-0.294447,0.356383,1.138488,-0.279422,0.470030,1.516263,-0.317140,0.939104,1.724446,-0.356977,-0.724567,0.722343,-0.201827,0.467737,0.928813,-0.203137,0.558214,1.106580,-0.243378,-0.194636,1.290348,-0.275431,0.885322,-1.877966,-1.164728,0.480304,-1.731510,-0.578383,1.596638,-2.232601,-0.393064,-0.364514,-1.545178,-0.652052,-1.251748,-1.544004,-0.551081,-1.101265,-1.268692,-0.813192,-2.633730,-1.400231,-1.053090,-2.349868,-1.103422,-1.363232,-3.297184,-1.197859,-1.848224,-3.508292,-1.373746,-1.133988,-1.605521,-1.456477,-0.814143,-0.907931,-1.639305,-0.679889,-2.456944,-1.920775,-1.107360,-0.684745,-2.115350,-1.639451,0.799304,-2.197893,-2.207892,-0.849332,-2.000640,-1.356028,-0.486081,-2.111245,-1.116864,0.398469,-1.536428,-2.308416,-0.877110,-1.532307,-0.997483,2.441955,-1.228136,-1.183191,-0.494787,-1.509732,-1.105460,-1.427094,-1.593715,-0.961377,-0.205341,-2.045170,-0.647949,-1.414792,-1.896092,-0.845953,-0.047010,-2.037410,-0.920006,1.124671,-1.822699,-1.113779,-1.642742,-1.874582,-0.897274,0.761640,-1.882483,-0.848724,1.758519,-1.879975,-1.083212,0.017585,-1.953892,-1.070322,-1.389789,-1.828497,-1.067690,-0.952528,-1.731290,-0.901597,1.021940,-1.780041,-1.241975,-1.758520,-1.306932,-1.093668,-1.512809,-1.704867,-1.277499,1.989258,-1.926150,-1.008250,1.627780,-1.499875,-1.201826,-0.369264,-1.770416,-0.836879,1.440263,-1.866308,-0.948491,0.017101,-2.176646,-0.864916,-1.759241,-2.055842,-0.819446,-0.849666,-1.672687,-0.864953,1.950811,-2.159347,-0.871748,-1.417341,-1.862346,-0.779968,-1.830844,-1.518170,-0.635691,0.153706,-1.935011,-0.884119,1.715005,-1.631894,-0.616629,0.099432,-1.580995,-0.833367,-2.052914,-1.755965,-1.635871,0.403697,-1.899839,-1.189636,0.644563,-1.355791,-1.051716,-1.355642,-1.390108,-0.791741,0.185713,-1.494237,-1.083888,0.235484,-1.423366,-0.773713,-0.896956,-1.628871,-1.053775,-0.503243,-1.098841,-0.961550,-1.015953,-1.716814,-0.928052,0.701050,-1.400596,-1.026505,1.369617,-1.243596,-1.373121,0.647679,-1.791243,-0.916330,-0.472304,-1.435957,-1.134835,1.300817,-1.267640,-0.848154,1.320987,-1.517839,-0.848154,1.206928,-1.584589,-0.847734,0.989626,-1.603708,-0.954370,-0.359199,-1.564530,-0.864255,1.196950,-1.518115,-0.854044,1.363876,-1.254914,-0.874380,1.031191,-1.603237,-0.879882,0.710784,-1.991153,-0.848719,1.854470
-2.149933,0.410737,0.752609,-0.273882,-1.135171,-1.918816,0.480064,0.237788,-1.752093,-0.140921,-0.004826,0.145510,0.062767,-0.310234,0.165707,-1.207982,-0.044112,-2.783483,-1.739635,0.420184,1.780774,-0.776933,-0.598852,1.702477,-1.374047,0.241426,1.786834,-0.946480,-0.423566,1.517302,-2.374133,-0.167511,-0.777771,0.000492,0.000492,0.000492,-2.462083,-0.911035,1.774078,-2.405193,-0.798846,-0.656902,0.000492,0.000492,0.000492,-1.749917,-0.752095,-1.699552,-1.568957,0.255766,2.008707,-3.057638,-1.585851,-1.367651,-0.837466,-1.376494,2.650873,0.000492,0.000492,0.000492,0.000492,0.000492,0.000492,0.000492,0.000492,0.000492,0.000492,0.000492,0.000492,0.000492,0.000492,0.000492,0.000492,0.000492,0.000492,-1.628492,-0.655185,1.378181,-1.348803,-0.692842,1.136733,-0.532601,-1.515036,1.683801,-1.475445,-1.446456,0.825396,-1.663345,-0.826240,0.326461,-1.750753,-0.685751,1.087928,-1.446750,-1.093590,-0.705377,-1.000037,-0.863318,-0.375538,-1.048196,-1.318569,1.250714,-1.327837,-0.893216,1.231904,-1.305270,-1.060930,0.512814,-1.407601,-0.401360,0.671019,-1.413759,-0.794519,1.657619,-1.417377,-1.450612,1.239807,-1.635886,0.031322,0.461943,-0.981519,-0.538186,1.043026,-1.555338,-1.057413,1.441041,-1.684013,-1.382259,1.086017,-1.550997,-1.144543,0.966414,-1.086792,-1.426401,0.383302,-2.015681,0.157307,1.120047,0.000060,-0.284726,0.205666,0.000798,-0.418075,-0.752853,0.635485,-0.603296,-1.322375,0.515674,-0.512759,-1.372598,0.326312,-0.301522,-1.258742,0.471201,-0.603513,0.308924,0.719379,-0.601913,0.168617,0.876793,-0.588547,0.411167,0.985081,-0.588178,-0.171408,0.397292,-0.486987,0.244078,1.068039,-0.366527,0.096609,1.387044,-0.391031,-0.362851,1.348998,-0.395173,-1.196876,0.531657,-0.338847,0.315652,1.083136,-0.295555,0.655934,1.449612,-0.326419,0.719060,1.588961,-0.359072,-0.848503,0.608930,-0.224351,-0.151151,0.885147,-0.224992,0.897821,1.069039,-0.251050,-0.520496,1.273935,-0.275735,1.117173,-1.900437,-1.416919,-0.138272,-2.022283,-1.139039,1.448945,-2.250978,-0.612422,-0.405819,-1.565431,-0.857600,-2.018694,-1.565326,-0.774204,-1.147113,-0.982747,-1.024157,-1.772045,-1.414442,-0.972329,-2.293899,-1.399342,-1.273290,-3.349338,-1.987989,-1.446098,-3.364786,-1.668828,-1.005097,-1.527478,-1.754567,-1.171682,-1.715048,-2.174675,-0.510434,-1.781906,-2.202751,-0.918054,-0.885916,-2.117870,-1.432790,0.214031,-2.199856,-1.998550,-0.981589,-2.002788,-1.143111,0.213326,-2.113763,-0.883049,1.157105,-1.556099,-0.895531,-0.570743,-1.843780,-1.291895,0.486362,-2.106113,-1.094918,-1.965252,-2.314878,-1.020966,-1.228541,-2.115518,-1.342121,0.456180,-2.054766,-1.329247,-1.907863,-1.904309,-1.207641,-0.352261,-2.044735,-1.213433,0.891325,-2.091045,-0.604478,-1.267774,-1.880181,-0.764710,1.481477,-1.892931,-1.151402,1.688040,-2.134575,-0.948270,1.249673,-2.204925,-0.685024,-1.235160,-2.081007,-0.962620,0.418540,-1.983609,-1.159421,1.506022,-2.036756,-1.145791,-1.181444,-1.859371,-0.967111,-1.906671,-1.714816,-1.192113,1.550892,-1.934633,-1.328940,1.834281,-1.818527,-1.067913,-0.016086,-1.786735,-1.193614,1.438200,-2.134463,-0.811639,0.890792,-2.464635,-1.150892,-1.436848,-2.328141,-1.211097,0.275055,-1.960406,-1.275174,2.301779,-2.167684,-1.229746,-0.711148,-2.130587,-1.148337,-1.369987,-1.835941,-1.001149,-0.368538,-1.942008,-1.177645,0.922313,-1.639895,-1.000828,-0.189743,-1.865086,-1.234786,-2.223827,-1.767945,-1.163607,0.643555,-2.160880,-1.107010,0.966241,-1.660548,-0.936868,-1.239650,-1.401579,-1.124695,-0.247806,-1.763350,-0.659996,0.284606,-1.929124,-1.086690,-0.750216,-1.947465,-1.362704,0.511150,-1.390856,-1.275948,-1.301459,-1.971711,-1.189418,1.636285,-1.700281,-1.241374,1.226514,-1.550711,-1.284796,-0.624386,-2.054337,-1.162652,0.212939,-1.683742,-1.043689,-0.035387,-1.578233,-1.184868,0.553379,-1.529341,-1.184868,1.466579,-1.594175,-0.717863,1.960354,-1.934577,-1.298651,1.725173,-1.839318,-0.732801,1.954089,-1.529712,-1.191832,1.576635,-1.565302,-1.211434,0.241884,-1.935815,-1.199015,-0.203533,-1.999103,-1.162676,2.016671
-2.179585,0.421310,0.526444,-0.274073,-1.130153,-1.738778,0.470501,0.248194,-1.913796,-0.141206,0.022269,0.141087,0.139502,-0.340405,0.170524,-3.042316,-0.070875,-3.365137,-1.743810,0.416811,1.025091,-0.783978,-0.615307,1.214847,-1.366860,0.247755,1.656024,-0.937005,0.462959,1.512959,-2.378266,-0.167511,-0.790822,0.000492,0.000492,0.000492,-2.449480,-0.906026,1.750530,-2.403480,-0.798846,0.115130,0.000492,0.000492,0.000492,-1.775412,-0.752931,-2.166041,-1.577063,0.276213,1.951775,-3.102394,-1.604660,-1.684952,-0.838332,0.442676,2.420144,0.000492,0.000492,0.000492,0.000492,0.000492,0.000492,0.000492,0.000492,0.000492,0.000492,0.000492,0.000492,0.000492,0.000492,0.000492,0.000492,0.000492,0.000492,-1.634222,-0.211635,1.174582,-1.609977,-0.339971,0.160296,-1.357601,-0.781792,0.451148,-1.751732,-0.993638,1.067394,-1.668274,-0.212308,1.542532,-1.504081,-0.272797,1.027271,-1.452428,-0.692822,-0.236532,-1.005181,-0.157592,0.895763,-1.053245,-0.925436,0.345147,-1.833087,-0.479698,0.943848,-1.099735,-0.204196,0.302776,-1.652382,0.381067,-0.031224,-1.657040,-0.176459,1.172121,-1.423525,-1.045100,0.332637,-1.640649,0.295887,0.396897,-1.202895,-0.379249,-0.214259,-1.793913,-1.071739,0.778174,-1.689356,-0.743492,0.239752,-1.828413,-0.699756,0.237559,-1.091002,-0.897439,-0.292765,-2.164166,0.369040,0.268219,0.079610,-0.340582,0.412520,0.123370,-0.452833,-0.616957,0.293166,-0.567804,-1.295046,0.511485,-0.544295,-1.415027,0.258693,-0.836485,-1.215958,0.414778,-0.613871,0.638339,0.615957,-0.610699,0.118560,0.769301,-0.591880,0.415775,0.952039,-0.607207,0.513036,0.349510,-0.517600,0.245066,0.880230,-0.391293,0.103498,1.263915,-0.386450,0.515015,1.508206,-0.374806,0.557040,0.379304,-0.407591,0.323167,0.951691,-0.312052,0.301508,1.340426,-0.321452,0.735515,1.615119,-0.346768,1.268627,0.436252,-0.297211,0.047441,0.794802,-0.246381,0.971709,0.985206,-0.245032,0.321101,1.225894,-0.255478,1.559804,-2.243818,-1.161783,-0.613830,-2.027891,-0.899880,1.350516,-2.535826,-0.389138,-0.208750,-1.888169,-0.358436,-2.617861,-1.919707,-0.229111,-2.988040,-1.597159,-0.505660,-3.517707,-1.700174,0.015748,-1.747417,-1.693308,-0.768317,-3.860473,-2.258780,-0.609957,-3.180181,-1.969319,-0.703588,-1.596503,-2.062386,-0.804026,-1.749632,-2.455518,-0.103758,-1.526867,-2.219693,-0.451730,-0.678910,-2.138612,-0.905563,0.394782,-2.218090,-1.447767,-0.523495,-2.337867,-0.565206,0.232769,-2.134490,-1.109314,1.087361,-1.883028,-2.305428,-1.584370,-1.851336,-0.995462,1.507120,-2.401805,-1.181395,-0.748511,-2.587396,-1.437405,0.168786,-2.124682,-0.958784,0.819336,-2.065005,-1.426051,-0.792920,-2.168797,-1.326690,0.180165,-2.057197,-0.918331,1.495493,-2.104741,-0.704738,-1.381308,-1.897520,-0.372828,1.259707,-2.157542,-0.845933,2.217645,-2.144202,-1.078855,0.712237,-2.214418,-1.067468,0.470345,-2.333104,-1.063724,0.836204,-1.992280,-1.254425,2.015668,-2.292195,-1.925292,0.093689,-2.412046,-1.540622,-2.447226,-1.726652,-1.579917,1.958752,-2.200044,-1.002948,1.805071,-1.826778,-1.197522,-0.760821,-1.795802,-0.833141,0.460018,-2.142533,-0.944464,0.397671,-2.474038,-1.249777,-0.313043,-2.336336,-1.347281,-0.133324,-1.968578,-0.860173,1.374836,-2.436028,-1.352973,-0.194433,-2.403306,-0.776558,-0.772602,-1.851295,-1.125625,-1.305692,-1.957769,-1.278110,1.680011,-1.967110,-1.133048,-1.007979,-2.429697,-1.372933,-2.462277,-1.776137,-1.630226,-0.230678,-2.169850,-1.185429,2.663192,-1.964318,-1.046201,-1.788049,-1.712067,-0.785340,-1.601280,-1.774463,-1.079372,-0.359947,-2.189243,-1.205886,-0.363123,-1.962575,-1.047468,-0.165415,-1.687230,-0.954738,-2.012489,-1.982237,-0.922062,2.889404,-1.712134,-1.021590,1.725254,-1.856801,-1.368184,-0.460158,-2.063378,-0.910684,0.835331,-1.928889,-1.129985,0.230330,-1.589698,-0.841279,-0.547530,-1.541624,-0.841279,0.464797,-1.872441,-0.841175,1.177139,-1.949683,-0.947340,0.557037,-1.850666,-0.857616,1.150751,-1.542095,-0.847147,0.562600,-1.576760,-0.867498,-0.821931,-2.261648,-0.876552,-0.029512,-2.012855,-0.845824,2.683428
-2.188478,-2.038041,0.856770,-0.262692,-1.131173,-1.793035,0.482570,0.246917,-1.673941,-0.142332,0.049681,0.075965,0.140758,-0.370617,-0.017737,-3.046447,-0.124400,-2.802020,-1.734812,0.437049,1.616979,-0.780160,-0.590625,1.323253,-1.376211,-0.831204,1.592881,-0.943896,-0.437541,1.388746,-2.346747,-0.167511,0.306108,0.000492,0.000492,0.000492,-2.458710,-0.921053,1.484205,-3.866335,-0.798846,0.505073,0.000492,0.000492,0.000492,-1.786139,-0.761366,-2.166263,-1.581217,0.256506,2.081295,-3.107728,-1.589733,-1.885394,-0.837466,0.446569,2.393172,0.000492,0.000492,0.000492,0.000492,0.000492,0.000492,0.000492,0.000492,0.000492,0.000492,0.000492,0.000492,0.000492,0.000492,0.000492,0.000492,0.000492,0.000492,-1.632524,0.736086,2.068080,-1.608499,0.046110,1.231636,-1.082601,-0.011580,0.974391,-1.478577,-0.970393,0.895794,-1.666626,-0.196816,0.935926,-1.754910,-0.251461,1.162534,-1.726745,-0.243304,1.077899,-1.547271,-0.860338,-1.255779,-1.330288,-0.901732,0.140391,-1.581596,-0.454718,0.735942,-1.308207,-0.191715,0.322185,-1.650803,0.231610,0.465879,-1.655673,-0.475107,1.154707,-1.688618,-1.020649,0.197942,-1.639053,0.302563,0.417546,-1.201468,-0.205372,0.287197,-1.792562,-1.054548,1.016120,-1.687776,-1.053496,0.297612,-1.554572,-0.916549,0.303547,-1.089718,-0.715038,-0.390555,0.023898,-1.032132,-0.219460,0.097234,-0.391871,0.117371,0.289557,-0.472800,-0.981687,0.765481,-0.525479,-1.331302,0.516727,-0.678473,-1.409193,0.250765,-0.855048,-0.919036,0.448540,-0.627250,0.446989,0.515696,-0.621724,-0.144650,0.661797,-0.611530,0.445163,0.811376,-0.621416,0.451984,0.262548,-0.582487,0.087375,0.737408,-0.413489,-0.308334,1.137907,-0.385047,0.144941,1.378717,-0.364409,0.786658,0.231268,-0.499260,-0.001421,0.729844,-0.341248,0.199864,1.171138,-0.313105,0.081388,1.439195,-0.338153,-0.121170,0.307636,-0.345161,-0.166108,0.666129,-0.252854,0.604700,0.903585,-0.229362,0.663281,1.152949,-0.201861,1.221064,-2.486380,-1.515803,-0.530924,-2.220041,-1.177990,1.214971,-2.730268,-1.211155,-0.807344,-2.093961,-1.379520,-2.055046,-1.775820,-0.980271,-2.342242,-1.742078,-1.185541,-2.810114,-1.794952,-1.360916,-1.488525,-2.029003,-1.099169,-3.453942,-2.525570,-0.951198,-2.268288,-2.204803,-0.755574,-1.623706,-2.249292,-0.898469,-1.749134,-2.585269,-0.254321,-0.093934,-2.322357,-0.721586,-0.416786,-2.241455,0.852968,0.735813,-2.306463,0.240632,1.142674,-2.119413,0.283273,2.764186,-2.237256,-1.195314,2.495777,-2.072036,-1.102840,-0.897817,-2.007579,-1.123571,0.451868,-2.528153,-0.961628,-1.771687,-2.675685,-1.229616,-0.543193,-2.436334,-1.642508,1.775941,-2.322375,-1.177364,0.205846,-2.146286,-1.040236,2.311052,-2.262765,-1.092308,1.075111,-2.278766,-0.463495,-0.021544,-2.070858,-1.071793,1.346631,-2.183018,-1.341057,1.987004,-2.166795,-1.128489,1.813322,-2.236694,-0.766088,-0.287335,-2.355510,-1.028481,0.936689,-2.287137,-1.178663,1.723307,-2.329898,-1.500843,-0.112363,-2.706110,-1.424159,-1.249747,-1.999804,-1.512634,0.992207,-2.179400,-1.356289,1.630240,-1.966367,-1.250819,-0.245928,-1.917828,-1.393476,0.489452,-2.227852,-1.026948,1.459969,-2.547150,-0.914351,-0.517008,-2.422974,-0.866811,1.150671,-2.078571,-1.472862,2.055773,-2.413189,-0.948486,1.479916,-2.362528,-1.382292,-0.125552,-2.084330,-1.233255,-1.178828,-2.164620,-0.959122,-0.220283,-2.201607,-1.219420,-1.017762,-2.662569,-0.915225,-1.076746,-2.092844,-1.452985,-0.468404,-2.223254,-1.069672,2.047700,-2.295089,-0.893758,-1.537584,-2.026645,-1.071312,-1.840517,-2.030917,-0.959345,-0.936210,-2.415947,-1.033475,0.490526,-1.897638,-1.287403,0.151462,-2.222312,-1.176337,-1.940446,-1.975283,-1.101133,2.479128,-2.014290,-1.166475,0.741127,-2.187863,-1.209726,-1.304909,-2.368890,-1.079449,1.239148,-2.462134,-1.299857,0.421736,-2.222597,-1.102795,-1.307337,-1.854737,-1.102795,-0.271440,-1.866970,-1.094751,1.219439,-1.901861,-1.214733,1.762988,-1.845227,-1.114285,0.962865,-1.857770,-1.109497,-0.414741,-2.209243,-1.129278,-1.390299,-2.377106,-1.374505,-0.863608,-2.237933,-1.359398,1.472678
-2.174079,-2.070773,1.453468,-0.260485,0.523745,-1.568123,0.889977,0.279864,-0.838606,-0.143288,0.077199,0.095815,0.293869,-0.401430,0.021274,-1.211725,-0.015609,-3.042029,-1.744457,0.423557,1.243776,-0.787205,-0.578284,1.305915,-1.368572,0.262495,2.039800,-0.945864,0.471693,2.218076,-2.409773,-0.167511,-0.824681,0.000492,0.000492,0.000492,-1.820287,0.375084,1.398979,-2.390015,1.315531,-0.915410,0.000492,0.000492,0.000492,-1.782113,-0.767268,-1.772898,-1.581658,0.270153,2.075110,-3.102047,-1.586143,-2.175275,-0.835761,0.452235,2.309572,0.000492,0.000492,0.000492,0.000492,0.000492,0.000492,0.000492,0.000492,0.000492,0.000492,0.000492,0.000492,0.000492,0.000492,0.000492,0.000492,0.000492,0.000492,-1.637619,0.284947,1.695940,-1.358702,-0.306797,1.024634,-0.817488,-1.120678,0.315230,-1.758869,-0.947194,1.231719,-1.961434,-0.181355,0.887418,-1.506780,-0.230081,1.196525,-1.733102,-0.222374,1.477338,-1.555089,-0.118880,-1.160421,-1.339001,-0.884770,0.201959,-1.336257,-0.001945,0.778895,-1.103356,0.036280,0.958118,-1.657917,0.239401,1.020048,-1.662941,-0.145298,1.618754,-1.426606,0.272782,0.640979,-1.645195,0.309226,1.144825,-0.990269,0.462943,0.989136,-1.799296,-0.341848,1.236872,-1.692311,-0.061953,0.538627,-1.561502,0.232797,1.107129,-1.095759,-0.622387,0.337608,-2.021672,0.379715,0.667012,0.249118,-0.400474,-0.506856,0.644622,-0.473910,-2.035493,0.647674,-0.455634,-1.318575,0.763938,-0.344679,-1.351149,0.169821,-0.836720,-1.083498,0.474017,-0.675135,0.287254,0.522161,-0.638645,0.257675,0.599973,-0.638657,0.651900,0.703166,-0.658533,0.280618,0.242113,-0.614253,0.453385,0.603690,-0.452239,-0.229719,0.907115,-0.381526,0.668803,1.231183,-0.310262,1.166578,0.106179,-0.549950,0.737511,0.460997,-0.398849,-0.075389,0.863041,-0.321767,0.474616,1.136830,-0.251615,0.813879,0.095191,-0.417893,0.222786,0.526080,-0.273237,0.146368,0.775540,-0.210125,0.970075,1.053985,-0.172436,1.284620,-2.385841,-1.391330,-1.217696,-2.134455,-1.333160,0.229295,-2.357382,-1.615891,-2.711305,-1.977829,-1.715943,-1.220523,-1.624537,-1.940507,-1.811803,-1.269726,-1.450994,-1.606645,-1.606119,-1.304483,-0.421442,-1.790089,-1.021060,-2.581960,-2.264566,-1.177578,-1.096838,-1.857950,-0.643639,-1.183108,-2.138850,-0.793481,-1.397628,-2.444386,-1.335882,-0.022173,-2.423350,-0.742560,1.498590,-2.009987,-0.750265,-0.039337,-2.393142,0.725326,1.013153,-2.214238,0.656898,2.543460,-2.005961,-0.041219,2.128107,-2.259122,-1.472192,-0.936451,-2.162062,-1.499428,0.752689,-2.652762,-0.955064,-1.762499,-2.761705,-1.225899,-0.409175,-2.490246,-1.617654,1.894490,-2.327286,-1.167354,0.394130,-2.120535,-1.050159,1.972313,-2.204310,-1.115397,1.429253,-2.452114,-0.885057,0.179897,-2.243383,-1.046385,0.902032,-2.205668,-1.267929,2.147871,-2.186671,-0.979162,1.264220,-2.256292,-1.265699,0.663648,-2.375224,-1.232674,1.084258,-2.338144,-1.324381,1.350107,-2.365065,-1.982361,0.648839,-2.726034,-1.587846,-2.125167,-1.992697,-1.635171,1.192715,-2.155262,-1.089957,1.061362,-2.104139,-1.106061,-0.388035,-2.037272,-1.280924,0.406947,-2.310977,-0.905698,1.134902,-2.896963,-1.208954,0.019879,-2.507384,-1.251180,0.841326,-2.186235,-1.309061,1.941541,-2.387062,-0.839389,1.451157,-2.582212,-1.297205,0.267910,-2.317106,-1.148840,-1.314520,-2.064298,-1.284904,-0.271793,-2.119820,-1.102344,-1.348608,-2.615142,-1.340852,-0.918330,-1.912326,-2.244992,0.977269,-2.274103,-1.132251,3.786947,-2.330132,-1.399710,-2.062627,-2.039642,-1.179244,-2.856074,-2.024244,-1.379009,-1.013149,-2.390621,-1.131669,0.637293,-2.142548,-0.921373,0.043790,-2.474588,-1.228215,-2.520063,-2.215038,-1.138656,2.666802,-2.024657,-1.195235,1.748387,-2.220899,-1.238551,-0.480488,-2.164573,-1.114812,0.932105,-2.038697,-1.348947,2.418649,-2.256007,-1.183651,-2.364795,-2.169142,-1.183651,-1.388484,-1.858062,-1.175532,0.057216,-2.175291,-0.806816,0.495491,-1.836373,-1.196052,-0.035442,-2.174746,-1.190611,-1.601635,-2.242632,-1.210216,-2.439316,-2.489858,-1.270468,-0.583482,-2.176645,-1.283545,1.682434
-2.183825,-2.059217,1.114523,-0.277557,-1.137516,-1.662579,0.482491,0.234204,-1.622238,-0.214144,0.077358,0.035750,0.295933,-0.309895,0.552449,-1.196024,-0.079796,-2.694057,-1.750554,0.413438,1.276653,-0.780160,-0.541311,1.303700,-1.372906,0.264604,1.328926,-0.953123,0.475187,1.950532,-0.497235,-0.167511,-0.311307,0.000492,0.000492,0.000492,-1.818422,0.377558,0.400067,-0.935465,-0.798846,1.206370,0.000492,0.000492,0.000492,-1.783901,-0.770212,-2.050604,-1.589965,0.239851,2.151564,-3.087833,-1.602583,-2.482210,-0.840038,-1.366568,2.119070,0.000492,0.000492,0.000492,0.000492,0.000492,0.000492,0.000492,0.000492,0.000492,0.000492,0.000492,0.000492,0.000492,0.000492,0.000492,0.000492,0.000492,0.000492,-1.629970,0.315257,0.820445,-1.353431,0.088341,1.114884,-1.087099,-0.338131,-0.162559,-1.756417,-0.432388,1.114031,-1.959099,-0.147819,0.324725,-1.498276,-0.183801,1.652423,-1.726523,-0.170093,1.210012,-1.278347,0.649403,-0.635094,-1.336022,0.399664,-0.476668,-1.828162,0.044402,-0.080381,-1.308375,0.061198,0.046479,-1.654360,0.099035,0.109967,-1.660183,-0.114136,1.465767,-1.684895,-0.108279,-0.374391,-1.640045,0.324790,0.072049,-0.986346,0.314884,-0.008706,-1.795641,-0.656725,0.786555,-1.685002,-0.358613,-0.429891,-1.827963,0.255223,-0.121189,-1.091739,-0.612901,-0.525075,0.023181,-1.017895,-0.205423,0.315307,-0.378402,-0.116525,0.738381,-0.217096,-0.880571,0.496786,-0.452745,-1.323776,0.427071,-0.309782,-1.365522,0.249158,-0.850859,-1.112287,0.599865,-0.617153,-0.591838,0.529786,-0.652048,-0.363309,0.473696,-0.679303,0.266166,0.474732,-0.709472,0.212188,0.315982,-0.629285,0.389917,0.329969,-0.514342,0.285435,0.663888,-0.378554,0.474239,0.908359,-0.264266,1.110747,0.033731,-0.628365,-0.583390,0.137125,-0.496370,-0.042956,0.529196,-0.348855,0.764079,0.921058,-0.243982,0.934030,-0.215635,-0.560118,-0.046572,0.177492,-0.335294,-0.283875,0.477452,-0.230850,0.906335,0.787429,-0.164675,1.476391,-2.836982,-1.432534,-2.449410,-2.228894,-1.424946,0.105162,-2.458059,-1.749492,-3.222097,-2.103676,-2.178731,-2.899091,-1.785602,-2.172302,-2.499778,-1.138552,-2.929523,-2.357114,-1.800399,-2.092582,-0.306523,-2.890322,-1.612221,-1.891210,-2.789907,-1.487488,0.008785,-3.072150,-1.065399,-0.362455,-2.836453,-1.276242,-1.316243,-2.582551,-0.672620,-0.884476,-2.318296,-1.201159,-0.456769,-2.236118,1.040443,0.994908,-2.301784,1.186276,2.312566,-2.431585,-0.312753,3.699630,-2.231923,-0.983352,1.591779,-2.402799,-1.000868,-1.098203,-2.311754,-1.430126,-0.466315,-2.824576,-0.881109,-1.504759,-2.680876,-1.152555,-0.799622,-2.440268,-1.524187,1.639617,-2.575702,-0.694008,2.073416,-2.402548,-0.929866,2.530542,-2.262765,-1.397457,0.801395,-2.542169,-0.780619,0.869444,-2.068449,-0.950834,1.574831,-2.185845,-1.657033,1.293285,-2.415955,-1.519394,2.097287,-2.482363,-1.304402,0.335940,-2.602625,-1.321597,1.179437,-2.290859,-1.449018,1.125094,-2.581130,-1.414354,-0.203697,-2.709118,-1.309980,-0.165639,-2.001692,-1.435655,-0.130678,-2.180700,-1.692546,1.940763,-2.277785,-1.129446,0.095174,-2.229510,-1.765939,-0.023953,-2.232868,-1.428198,1.845651,-2.829017,-0.821784,-0.708869,-2.428067,-1.275752,1.706308,-2.084415,-1.338674,1.853785,-2.414511,-0.833160,2.872716,-2.625438,-1.265289,0.699200,-2.707964,-1.614322,-1.134926,-2.163599,-0.865133,-1.059686,-2.515246,-1.095659,-0.851083,-2.940986,-1.333868,0.388528,-1.849696,-3.202644,1.541280,-2.226887,-1.577948,2.807367,-2.593605,-1.196580,-1.665063,-2.630783,-1.420601,-1.491576,-2.032689,-0.874907,-0.955864,-2.417229,-1.362207,1.323838,-2.209891,-1.611904,0.253388,-2.794470,-1.060806,-0.697519,-2.224930,-1.376353,1.053200,-2.308069,-1.392482,-1.054126,-2.488422,-1.436246,-1.516028,-2.372552,-1.688858,0.886002,-1.749990,-1.853449,2.829542,-2.526559,-1.456484,-2.172253,-2.460541,-1.456484,-1.230511,-2.137694,-0.977604,0.323798,-2.226390,-1.576369,1.952592,-2.114337,-1.456636,0.006353,-2.468529,-1.464313,-1.576496,-2.513006,-1.483324,-2.191507,-2.702115,-1.271206,-1.056152,-2.237933,-1.259590,0.511022
-2.197372,-2.051134,1.034698,-0.248555,-1.193997,-1.621210,0.884490,-0.959262,-1.712262,-0.216938,0.077887,-0.031005,0.295290,-0.187558,0.107801,-1.185937,-0.006688,-2.742783,-1.758258,0.406692,0.852427,-0.781630,-0.528970,1.417087,-1.369372,0.281479,2.201517,-0.953003,0.482153,2.426432,-2.367378,-2.463551,-1.124010,0.000492,0.000492,0.000492,-1.822534,0.400100,1.453031,-2.392586,-0.798846,-0.058023,0.000492,0.000492,0.000492,-1.771836,-1.836820,-1.725164,-1.585811,0.242118,2.154609,-3.092094,-3.155699,-2.953274,-0.837886,-1.372234,1.797573,0.000492,0.000492,0.000492,0.000492,0.000492,0.000492,0.000492,0.000492,0.000492,0.000492,0.000492,0.000492,0.000492,0.000492,0.000492,0.000492,0.000492,0.000492,-1.629762,0.330435,0.889495,-1.354061,0.468384,1.241635,-0.815020,0.053105,-0.408690,-1.486832,-0.413064,0.628879,-1.961434,-0.134909,-0.003353,-1.497643,-0.166028,1.365488,-1.726745,0.272491,1.018141,-1.279684,0.664270,0.102560,-1.338078,1.240123,-0.397758,-1.577686,0.062202,-0.459654,-1.308722,0.071895,-0.257079,-1.655542,-1.001853,0.141286,-1.901113,-0.101139,1.740842,-1.684225,0.335680,-0.791243,-1.640842,-1.022489,-0.411712,-2.074256,-1.165760,0.082658,-2.031325,-0.645264,0.843245,-1.444137,-0.345269,-0.565275,-1.828632,-0.645552,-0.281832,-1.315508,-0.698259,-0.802482,0.022823,-1.121986,0.300830,0.437587,-0.313304,0.206411,0.721585,-0.107003,-1.270353,0.949746,-0.032584,-1.441733,0.768418,-0.141670,-1.066505,0.940023,-0.037213,0.332548,0.520336,-0.536214,-1.268693,0.310380,-0.578382,-0.275079,0.299283,-0.667752,0.505275,0.256836,-0.742109,0.295361,0.108471,-0.601411,0.750802,0.087052,-0.561971,0.400488,0.364729,-0.379702,-0.121924,0.467581,-0.225940,-0.231222,-0.149108,-0.636765,0.122002,-0.166306,-0.557314,0.169380,0.206399,-0.387369,0.508112,0.434211,-0.220664,-0.205728,-0.436900,-0.610262,0.879643,-0.197968,-0.452548,-0.488288,0.050078,-0.304831,0.076926,0.317288,-0.178737,-0.217092,-2.772441,-1.572022,-2.687761,-2.178055,-1.569286,0.477821,-2.687798,-1.588954,-1.981917,-2.684053,-1.746097,-2.778113,-2.427166,-2.028236,-1.707750,-1.708891,-1.888389,-1.675837,-1.771969,-1.984048,0.874216,-2.584947,-1.792638,-1.425554,-2.781903,-1.367328,-0.625798,-3.076093,-1.749349,-0.872949,-2.853198,-1.584129,-2.262089,-2.608006,-1.001346,-0.106427,-2.352677,-0.255261,-1.167593,-2.280704,0.669194,2.014185,-2.341437,0.076925,3.088844,-2.474438,-0.649566,3.081161,-2.276476,-1.327291,0.280897,-2.351176,-1.593086,-0.515264,-2.268224,-1.165147,-1.214862,-2.788191,-0.644331,-0.211004,-2.654233,-0.589673,-0.158099,-2.421282,-1.694900,0.754616,-2.567616,-0.822854,2.794835,-2.401465,-1.569749,2.993586,-2.530785,-1.124437,0.105557,-2.556094,-0.909435,2.416157,-2.406848,-1.650271,1.500726,-2.174086,-1.393553,0.295265,-2.404659,-1.717043,2.105657,-2.471226,-0.817002,0.235066,-2.347414,-1.487893,0.280144,-2.272896,-1.613057,0.350244,-2.566383,-1.228749,1.221956,-2.697530,-1.978711,1.253219,-2.274603,-1.269636,-0.310335,-2.179612,-1.896203,1.675957,-2.237796,-1.835938,1.296437,-2.193761,-1.946790,-0.495734,-2.207121,-1.623026,2.370522,-2.528573,-0.579264,-0.860846,-2.401923,-2.018082,2.011796,-2.052658,-2.118468,1.260319,-2.413850,-1.502735,2.834247,-2.628557,-1.945465,-0.040100,-2.717511,-1.791977,-1.171720,-2.178845,-0.611636,-0.820026,-2.525384,-1.814205,-0.551030,-2.944289,-1.537141,0.120576,-1.828052,-1.549742,1.021301,-2.208947,-1.141147,0.835845,-2.577345,-1.397283,-0.124103,-2.619032,-1.653611,-1.050093,-2.027571,-0.706582,0.278803,-2.416588,-2.023057,0.837625,-2.217289,-1.834803,-0.192237,-2.794234,-1.740339,-0.099992,-2.220510,-1.571524,0.606092,-2.297702,-1.248894,-1.052479,-2.769313,-0.986831,-2.532949,-2.354470,-1.522766,0.337358,-2.208677,-1.064437,-0.346797,-2.510756,-1.699431,-0.739641,-2.449279,-1.699431,-0.459966,-2.132437,-1.664895,1.015836,-2.229432,-1.824776,2.393855,-2.109112,-1.691382,0.448816,-2.457174,-1.708035,-0.905500,-2.796890,-1.726515,-1.284143,-2.985754,-1.434870,-1.853920,-2.244667,-0.986646,-0.689924
-2.194838,-2.078334,1.389904,0.687984,-1.176944,-0.310883,1.292054,-0.957759,-1.205371,-0.290090,0.105140,-0.056760,0.217807,-0.065677,0.287242,-1.163870,-0.061954,-1.492090,-1.730009,0.386495,1.185461,-0.774871,-0.537197,1.031051,-1.363785,0.254083,1.955014,-0.947463,-0.427060,2.036420,-0.479603,-0.167511,-0.044831,0.000492,0.000492,0.000492,-1.814302,0.382567,0.493361,-2.404336,-0.798846,0.537496,0.000492,0.000492,0.000492,-1.789715,-0.778634,-2.152388,-1.587120,0.262566,2.141465,-1.306502,-1.639309,-2.845837,-0.830591,0.416810,1.942907,0.000492,0.000492,0.000492,0.000492,0.000492,0.000492,0.000492,0.000492,0.000492,0.000492,0.000492,0.000492,0.000492,0.000492,0.000492,0.000492,0.000492,0.000492,-1.629762,0.322846,0.009818,-1.354910,0.465365,0.866325,-1.090239,0.050059,-0.560187,-1.760653,-0.413064,0.646814,-1.963555,-0.134909,-0.501260,-1.497237,-0.169592,1.319393,-1.451057,0.275980,0.420321,-1.008755,1.027584,0.441108,-1.339911,1.240123,0.566917,-1.577486,0.058633,-0.376404,-1.309238,0.071895,0.018726,-1.175663,-0.370168,0.065825,-1.663337,-0.103739,1.416270,-1.416721,0.758645,-0.471081,-1.641435,0.060225,-0.239465,-1.857892,-1.167119,-0.004422,-1.563611,-0.645264,0.672529,-1.444137,-0.347945,-0.307227,-1.557259,-0.645552,-0.113930,-1.093559,-0.698259,-0.619035,0.168309,-1.122877,0.747650,0.418787,-0.218199,0.181293,0.921813,-0.055139,0.620870,1.007490,-0.007836,-0.282846,0.832430,-0.037658,0.134663,0.798880,-0.028987,1.053271,0.480363,-0.358696,-1.499163,0.332094,-0.571140,0.450220,0.237496,-0.673481,0.783570,0.105081,-0.752059,0.165060,0.104679,-0.533084,-0.554031,-0.134502,-0.620502,0.165053,0.018768,-0.440097,0.622320,0.142933,-0.264516,0.855700,-0.316295,-0.597063,-0.412650,-0.494007,-0.656007,0.776538,-0.218730,-0.505127,-0.119239,-0.075624,-0.380200,-1.345453,-0.550084,-0.610473,0.607107,-0.562533,-0.540309,0.290953,-0.357675,-0.420053,0.093005,-0.155640,-0.339644,-0.267764,-3.123031,-1.782423,-2.481429,-2.193682,-2.457549,-2.444138,-2.426082,-3.072195,-2.179668,-2.710515,-2.892601,-4.235395,-2.819446,-3.316116,-3.364264,-2.685473,-3.446203,-0.789275,-2.968472,-2.306668,-0.536198,-2.987824,-1.571393,0.365801,-2.661749,-1.449272,-0.612854,-2.982381,-1.009799,0.415086,-2.797474,-1.179154,-0.635425,-2.588922,-1.087511,-0.868348,-2.356980,-0.936266,-0.725856,-2.298059,0.712525,-0.253682,-2.358168,0.969907,1.831043,-2.175977,0.379676,3.075638,-1.966183,-0.058591,1.790030,-3.032628,-0.927052,-1.426603,-2.614423,-1.322976,0.173807,-2.569690,-1.123250,-0.062872,-2.475184,-1.382041,0.630992,-2.013599,-1.382307,1.537524,-2.451173,-0.579845,-0.043788,-2.305144,-1.247739,-0.092273,-2.194535,-1.246897,0.828535,-2.503318,-1.045532,0.182393,-2.367656,-0.805792,-0.115077,-2.298873,-1.180819,0.223465,-2.279772,-1.491087,-0.430147,-2.348089,-1.311433,1.275816,-2.225004,-1.369007,0.004818,-2.611930,-1.176513,0.367106,-2.430129,-1.506134,-1.304687,-2.562204,-0.987629,-0.219209,-2.708231,-1.206539,-0.510968,-2.082875,-1.350584,0.425911,-2.909398,-1.101264,-1.643666,-2.881368,-1.227123,-0.442946,-2.034096,-1.369350,0.292883,-2.630602,-1.177108,0.466718,-2.226223,-1.246139,0.490315,-2.400624,-1.311918,-0.503031,-2.317448,-0.778400,1.402317,-2.542104,-1.184062,1.461739,-2.943121,-1.036591,-0.086601,-2.719521,-1.205813,-0.717962,-3.065790,-1.036895,-0.618929,-2.576682,-0.728247,0.622666,-2.653964,-1.541918,-1.479286,-2.061121,-1.407292,1.689033,-2.712960,-1.355913,-0.356122,-3.070360,-1.142602,0.741257,-2.956052,-1.333549,-0.630786,-2.323140,-1.103574,1.257033,-2.126392,-1.377914,-1.817814,-2.689552,-1.289957,0.087675,-2.362370,-1.201079,-0.523099,-3.026212,-1.250719,-0.199049,-2.905973,-1.294161,0.691736,-2.205477,-1.173642,1.053614,-2.774337,-1.369958,2.025119,-2.948837,-1.201448,0.928267,-2.903356,-1.201448,0.044921,-2.819092,-1.185583,-0.712201,-2.121151,-1.315603,0.533073,-2.791673,-1.206225,-0.598924,-2.914965,-1.208464,0.239631,-2.935007,-1.228030,0.873461,-3.077150,-1.228632,1.149348,-2.161942,-1.193189,0.436044
-2.179172,-2.056175,1.233362,0.683212,-1.220717,-0.058041,0.903223,-2.158852,-0.896633,-0.362929,0.105034,-0.058385,0.218196,-0.034507,0.297922,-1.165741,-0.097637,-1.299108,-1.711699,0.379749,0.965489,-0.767234,1.497071,1.059799,-1.374388,-0.839641,1.608269,-0.956202,-1.345007,1.247265,-2.359135,-2.463551,0.146356,0.000492,0.000492,0.000492,-1.818171,-0.911035,0.379320,-2.381412,-0.798846,1.724781,0.000492,0.000492,0.000492,-1.772273,-0.779688,-1.942162,-1.583407,0.300501,1.961684,-1.282704,-3.159271,-3.341134,-0.826707,0.429548,1.856888,0.000492,0.000492,0.000492,0.000492,0.000492,0.000492,0.000492,0.000492,0.000492,0.000492,0.000492,0.000492,0.000492,0.000492,0.000492,0.000492,0.000492,0.000492,-1.647822,0.288741,0.508405,-1.470751,-0.107719,0.967097,-1.295591,0.034640,0.944676,-1.742578,1.150632,1.013918,-1.368064,0.982021,-0.082579,-1.472942,1.322005,1.028121,-1.810918,0.289890,0.076887,-1.725885,0.256320,-0.111563,-1.297979,0.657230,1.446856,-1.061760,1.110359,0.847072,-1.169742,0.704221,1.415749,-1.580865,0.520148,1.561318,-1.619510,0.937615,2.122958,-1.395438,0.901980,1.453751,-1.501193,0.983985,1.338489,-1.115410,0.567541,1.608410,-1.481779,0.459565,1.632657,-1.448876,1.330487,1.262453,-1.675741,0.372961,1.816598,-1.220179,-0.835425,0.845931,-2.120784,0.750696,1.272484,0.320731,-0.119258,-0.141291,0.770833,0.014047,0.402485,0.872046,0.098693,0.403396,0.649486,0.058738,-0.596706,0.437777,-0.040874,0.297888,0.565578,-0.365635,-1.602213,0.357482,-0.570842,0.565004,0.156331,-0.669246,1.109023,-0.012154,-0.766548,0.360336,0.075114,-0.439659,-0.984204,-0.292292,-0.626060,0.635941,-0.215205,-0.448880,0.902740,-0.229350,-0.252057,1.099290,-0.355291,-0.504363,-0.523458,-0.635603,-0.666664,0.903249,-0.472633,-0.487381,0.671786,-0.371510,-0.318101,0.785013,-0.653423,-0.546780,0.687889,-0.787372,-0.621555,0.973004,-0.596413,-0.475994,0.964886,-0.404325,-0.321824,1.322448,-3.092214,-1.677073,-1.189831,-2.169430,-2.037623,-1.586283,-2.401745,-2.987479,-1.533319,-2.368073,-2.817164,-3.444152,-1.753618,-3.554412,-4.040262,-2.664481,-3.073087,-0.820993,-2.952835,-2.246384,-0.292466,-2.976188,-1.506634,0.074200,-2.655511,-1.073996,-1.434222,-2.980664,-1.339491,0.110572,-2.800972,-1.577123,-1.292809,-2.330769,-0.389401,0.218280,-2.367958,-0.776783,-1.197653,-1.985026,0.901234,0.775585,-2.371212,0.428083,2.772378,-2.190247,-0.172806,3.777090,-1.981019,-0.665778,1.777055,-3.006955,-0.786527,0.377901,-2.592791,-1.191154,-0.662950,-2.551497,-1.005164,-0.643896,-2.461183,-0.935056,0.208765,-2.258250,-1.211558,1.270584,-2.445203,-0.448663,1.219846,-2.301912,-0.599176,1.190544,-2.194318,-1.111395,0.395027,-2.506005,-0.499006,0.971768,-2.062590,-0.631237,0.437637,-2.291030,-1.048886,-0.329132,-2.272434,-1.331770,0.237575,-2.340853,-1.218940,0.009436,-2.217735,-1.255722,0.516658,-2.842783,-1.432821,-0.365192,-2.421080,-1.065789,-1.671381,-2.554331,-1.314625,0.765360,-2.702077,-0.814548,-0.968166,-2.079629,-1.224831,0.899889,-2.587145,-0.942643,-0.623346,-2.862456,-1.073181,-0.274561,-2.020566,-1.203056,0.997064,-2.617679,-0.666512,-0.333999,-2.212484,-1.079472,1.431879,-2.111041,-1.137624,-0.046250,-2.314383,-0.623658,1.493046,-2.540328,-1.520532,1.585107,-2.943380,-1.370403,0.321808,-2.419586,-1.078229,-1.635036,-3.066050,-0.870835,-0.010508,-2.575031,-1.098967,1.067046,-2.641573,-1.081875,-1.090237,-2.050873,-1.041483,0.103891,-2.702708,-0.845133,0.959002,-3.061692,-1.484323,1.381109,-2.690257,-0.914724,-0.394392,-2.320169,-1.425534,0.831019,-2.125852,-1.265160,-1.434374,-2.686397,-1.177092,0.542014,-2.357539,-1.476004,-0.542145,-3.018075,-1.173984,-0.684506,-2.895642,-1.520935,-0.184054,-2.195148,-1.432743,0.641891,-2.763397,-0.973313,-0.345336,-2.938389,-1.551090,1.326717,-2.894924,-1.551090,0.127643,-2.813157,-1.068075,-0.363181,-2.118680,-1.673102,0.872846,-2.785773,-1.087284,-0.297628,-2.906464,-1.559221,0.307912,-2.924565,-1.578025,1.043952,-3.059029,-1.091271,0.396979,-2.161451,-1.056340,-0.194443
-2.191012,-2.039578,1.237619,0.684500,-1.205684,0.198781,0.904163,-0.962268,-0.361510,-0.365153,0.132076,0.111380,0.062543,-0.034688,0.234008,-1.144814,-0.113629,-0.588575,-1.700133,0.413438,0.875157,-0.748734,1.509412,0.896942,-1.377011,-0.826985,1.647496,-0.954970,-0.451494,1.493797,-0.494979,-0.167511,-0.055496,0.000492,0.000492,0.000492,-1.822412,0.362561,0.125781,-3.862611,-0.798846,-0.225416,0.000492,0.000492,0.000492,-1.771386,-0.763256,-2.056920,-1.580335,0.295181,2.029874,-1.283766,-3.184369,-2.809384,-0.818125,0.473494,2.012082,0.000492,0.000492,0.000492,0.000492,0.000492,0.000492,0.000492,0.000492,0.000492,0.000492,0.000492,0.000492,0.000492,0.000492,0.000492,0.000492,0.000492,0.000492,-1.369560,1.240256,0.657781,-1.454322,0.646329,0.017767,-1.277175,0.422830,-0.081614,-1.447331,1.158381,0.389779,-1.638690,1.304464,-0.541108,-1.458191,1.766985,0.974261,-1.793676,0.722010,-0.791743,-1.431024,0.628539,-1.130523,-1.278958,0.660622,1.487829,-1.047187,1.555994,-0.214246,-1.583390,0.045173,0.365494,-1.564864,0.039236,0.574712,-1.603198,-0.023252,1.144506,-1.379861,0.908978,0.639929,-1.730972,-0.528924,0.488227,-1.101136,0.233384,0.790516,-1.466183,0.110377,1.095867,-1.434657,1.004432,0.228575,-1.658304,0.143096,0.882378,-0.979023,-0.834694,-0.151630,0.114138,-0.790155,0.736833,0.124339,-0.065480,-0.790225,0.605830,0.062546,0.704598,0.718479,0.111396,0.902882,0.501666,0.065955,0.354838,0.222624,0.041323,0.429652,0.476685,-0.244129,-1.390333,0.199913,-0.515450,0.114637,-0.008603,-0.660283,0.842136,-0.138102,-0.778767,0.735200,-0.031310,-0.375205,-1.116277,-0.395937,-0.619798,0.821104,-0.362640,-0.420635,0.739261,-0.350649,-0.250610,0.887504,-0.416989,-0.442052,0.117316,-0.774642,-0.677383,0.851286,-0.626853,-0.484793,1.061060,-0.533595,-0.309727,1.102693,-0.749680,-0.553303,0.240318,-0.909948,-0.634598,1.074869,-0.770951,-0.498854,0.811822,-0.597059,-0.331094,1.192655,-2.758328,-2.013443,-1.865960,-1.898933,-2.354661,-0.941092,-2.403891,-2.979373,-0.424703,-2.685943,-2.808759,-2.662695,-2.794280,-2.911552,-3.283552,-2.969087,-2.157719,-1.039433,-2.953779,-1.971551,0.167016,-2.976424,-1.496298,0.660109,-2.655294,-0.755143,-0.433951,-2.979686,-1.324680,-0.046537,-2.798969,-1.560000,-1.505157,-2.328272,-0.370509,0.602551,-2.365092,-0.111767,-1.093835,-1.981115,0.922257,1.237801,-2.079956,0.447988,2.347405,-2.186488,-0.154032,3.360433,-1.977110,-0.646902,1.889038,-3.009134,-0.778001,0.383751,-2.594552,-0.788616,-0.815193,-2.552727,-0.650301,-0.692006,-2.462093,-0.929342,-0.023612,-2.003343,-1.202391,1.251224,-2.444770,-0.441654,1.308539,-2.301040,-0.590918,1.421055,-2.192988,-1.105023,0.165573,-2.241944,-0.085093,1.412035,-2.059921,-0.621866,0.590169,-2.291030,-1.040828,-0.187526,-2.272230,-1.320894,0.506587,-2.099523,-1.212174,-0.240853,-2.217533,-1.246503,0.801801,-2.360232,-1.066556,-0.844124,-2.421286,-0.712796,-0.570934,-2.554095,-1.302626,0.952663,-2.701596,-0.500591,-1.105742,-2.078753,-1.213437,0.857523,-2.287076,-0.931814,-0.706286,-2.258006,-1.063650,-0.703365,-2.021445,-1.192807,1.496566,-2.343330,-1.046391,-0.323711,-2.213376,-1.068094,1.381995,-1.838963,-1.683919,0.338296,-2.313489,-0.614121,1.776819,-2.539439,-1.013489,1.454119,-2.941796,-1.360701,0.181579,-2.417766,-0.673412,-1.708020,-3.064456,-0.860600,-0.100951,-2.574090,-1.088273,1.024595,-2.150847,-1.071222,-1.303330,-2.051081,-1.033321,-0.131861,-2.702952,-0.833766,1.265855,-3.061433,-1.471196,1.156248,-2.430033,-0.575558,-0.585362,-2.319303,-1.413180,0.904456,-2.124537,-1.252545,-1.008974,-2.685421,-1.164223,0.224679,-2.111052,-1.465280,0.065147,-2.729219,-1.164925,-0.734378,-2.895888,-1.208172,-0.254988,-2.195358,-1.422636,0.676560,-2.290126,-1.279361,-0.873946,-2.938637,-1.537340,1.024568,-2.894654,-1.537340,0.064476,-2.545851,-1.054926,-0.602540,-2.117573,-1.659042,-0.131499,-2.520061,-1.073974,-0.617477,-2.906191,-1.545427,0.226695,-2.924814,-1.564261,0.823545,-2.744023,-1.082383,-0.094317,-2.160254,-1.047981,-0.142136
-2.176612,-2.042067,1.104594,0.697897,-1.120464,0.424496,1.292680,0.232588,-0.119818,-0.438761,0.133346,0.238541,-0.173720,-0.033205,0.269015,-1.113025,-0.044112,-0.228163,-1.704955,0.403319,-0.431529,-0.734930,1.525866,1.011664,-1.363214,0.262495,1.818939,-0.944756,0.462959,1.754253,-0.515988,-0.167511,0.182901,0.000492,0.000492,0.000492,-1.172385,0.390081,-0.297763,-2.390872,1.315531,-0.973709,0.000492,0.000492,0.000492,-1.777650,-0.758627,-1.616951,-1.579027,0.283060,2.016585,-1.229057,-0.059309,-3.241823,-0.814242,0.471721,1.911370,0.000492,0.000492,0.000492,0.000492,0.000492,0.000492,0.000492,0.000492,0.000492,0.000492,0.000492,0.000492,0.000492,0.000492,0.000492,0.000492,0.000492,0.000492,-1.355532,0.785369,0.474252,-1.180935,-0.086621,0.861210,-0.708525,-0.704771,1.405994,-1.712013,0.701641,1.797583,-1.045076,1.000096,-0.251449,-1.444073,1.791885,1.205141,-1.779606,1.178547,-1.271614,-1.418280,0.649403,-2.400376,-1.266580,0.684327,1.775050,-2.304253,1.580931,0.057411,-2.640363,-0.604960,-0.482362,-1.798383,-0.114124,0.018588,-1.106021,-0.329667,1.067339,-1.636609,0.929973,-0.662658,-1.964498,-0.796827,-0.448380,-2.638031,-1.944112,0.117745,-1.693582,-0.582303,0.289333,-2.155482,-0.633904,-0.761416,-1.921845,-0.075567,-0.451783,-3.007280,-2.185189,-0.923518,-2.252731,0.206241,-0.271754,0.009115,-0.005425,-0.196747,0.454344,0.093928,1.141028,0.615079,0.112908,1.143173,0.372842,0.003796,1.111813,-0.104965,-0.084993,0.031619,0.266444,-0.202261,-1.428573,0.077069,-0.519973,0.321238,-0.155233,-0.656430,0.523874,-0.260877,-0.812334,0.524692,-0.181022,-0.326449,-1.078175,-0.606734,-0.616428,0.724382,-0.590665,-0.417726,0.273659,-0.589196,-0.280516,0.319950,-0.662592,-0.439775,-0.354743,-0.921730,-0.682082,0.667534,-0.801671,-0.490088,0.410096,-0.743411,-0.315506,0.924174,-0.919957,-0.521424,-0.042969,-1.087083,-0.632034,1.235530,-0.968624,-0.512179,1.062880,-0.810747,-0.337137,1.480340,-2.441438,-1.847767,-1.442477,-1.641493,-2.516802,0.948655,-2.140040,-2.513464,1.083920,-1.438232,-2.361773,-0.121457,-1.770206,-2.732843,-1.591615,-2.371785,-2.283716,-1.931630,-2.402917,-1.547026,-0.696077,-2.690216,-1.318897,0.934504,-2.646837,-1.184955,0.454639,-2.676001,-1.070454,-0.313015,-2.482650,-0.740361,-1.127401,-2.300331,-0.606312,-1.125626,-2.052097,-0.392693,-0.091871,-1.939369,0.591847,0.083010,-2.042768,0.838304,0.814002,-2.146363,0.235697,1.799513,-1.935395,-0.228259,2.334505,-2.704055,-0.145360,-0.982054,-2.605117,-1.008637,0.286605,-2.559358,-1.195421,0.317747,-2.199725,-1.117167,0.570440,-2.001167,-0.976230,1.840592,-2.187399,-0.269737,0.668220,-2.289134,-0.864976,0.350673,-2.176313,-0.937732,1.212175,-2.483326,-0.723535,0.099234,-2.342330,-0.390663,-0.744416,-2.030363,-0.852569,1.298687,-2.021810,-1.079741,-0.324662,-2.093740,-1.368848,2.185215,-2.211716,-1.054505,-0.104085,-2.117205,-0.882342,1.073165,-2.171108,-0.878114,-0.703248,-2.547372,-0.613803,-0.600804,-2.414960,-0.954368,-0.906179,-2.066795,-0.985076,0.849898,-1.993201,-1.199233,-2.099689,-1.960324,-0.837704,-1.036192,-2.023407,-0.949833,0.784203,-2.343091,-0.864592,0.923068,-2.215369,-0.815814,0.480441,-1.843638,-0.860639,0.002923,-2.044055,-0.873403,0.854314,-2.264055,-0.785074,0.912002,-2.611311,-0.640756,-1.106596,-2.394513,-0.887515,-0.170923,-2.420122,-1.138845,-1.494442,-2.558287,-0.834767,-0.478913,-1.905596,-1.235324,-1.594327,-2.048952,-1.166388,2.228828,-2.697698,-1.020688,-0.658124,-2.755273,-0.754694,-0.493702,-2.420692,-1.059320,-1.070746,-2.307394,-1.177044,1.290944,-2.104908,-1.015582,-1.984933,-2.671369,-1.362303,-0.963491,-2.101366,-0.891800,0.490969,-2.721323,-1.299695,0.122275,-2.890594,-1.039059,0.553022,-2.193212,-0.882164,1.651699,-2.289318,-1.106241,0.609867,-2.933284,-0.806525,-0.786276,-2.886722,-0.806525,-0.875714,-2.536256,-1.260561,-1.149903,-2.099705,-0.911806,-0.354470,-2.510523,-1.282117,-1.168492,-2.898195,-0.812282,-0.867387,-2.919464,-0.832710,-0.604149,-2.748358,-0.879882,0.530608,-1.859920,-0.852707,1.561320
-2.159679,-2.035029,1.076274,0.704686,0.524418,0.762228,1.296914,0.231199,0.456609,-0.511570,0.133822,0.244127,-0.327443,-0.004447,0.394546,-1.094335,0.080670,-0.427250,-1.684724,0.399946,0.222525,-0.717594,1.534094,1.140011,-1.363444,0.251973,1.878016,-0.947955,0.455972,1.903271,-0.479226,-0.167511,-0.756963,0.000492,0.000492,0.000492,-1.170138,0.370075,0.022502,-0.929747,-0.798846,0.569657,0.000492,0.000492,0.000492,-1.758857,-0.748302,-1.627329,-1.576396,0.273947,1.824044,-1.245039,-0.062006,-3.038928,-0.799624,0.479160,1.890850,0.000492,0.000492,0.000492,0.000492,0.000492,0.000492,0.000492,0.000492,0.000492,0.000492,0.000492,0.000492,0.000492,0.000492,0.000492,0.000492,0.000492,0.000492,-1.343423,0.792912,1.604810,-1.169764,0.296441,1.310069,-0.975215,-0.695520,1.605209,-1.701075,0.717138,1.570184,-1.033586,1.010424,-0.337048,-1.431830,1.802574,1.726325,-1.767128,1.624619,-0.176618,-1.683629,0.292051,-1.986081,-1.255349,0.697896,1.690588,-2.038189,1.591636,0.561559,-1.990492,0.064764,0.239878,-1.788302,0.213412,0.857912,-1.096186,-0.321868,1.639532,-1.623885,0.940428,0.107065,-1.708582,-0.517810,0.158954,-1.302507,0.078526,0.434151,-1.683769,0.136128,0.822958,-1.899589,0.036934,0.139093,-1.633036,0.161780,0.242256,-0.958898,-0.827400,-0.452115,-2.246616,0.209803,0.219465,-0.208693,0.036816,0.006719,0.285311,0.128170,0.935786,0.439286,0.106219,1.177331,0.131662,-0.014017,0.980735,-0.381622,-0.023799,-0.020133,0.232318,-0.237078,-1.287507,-0.120715,-0.495784,0.210911,-0.355405,-0.658628,0.546771,-0.520425,-0.801520,0.502351,-0.368699,-0.290461,-1.035901,-0.799732,-0.615994,0.512245,-0.847825,-0.422976,0.266833,-0.780455,-0.284005,0.322442,-0.829901,-0.419689,-0.568073,-1.154294,-0.672874,0.642596,-1.041155,-0.510446,0.086634,-0.910222,-0.325696,1.327537,-1.071581,-0.516186,0.210589,-1.274687,-0.643804,0.799061,-1.143730,-0.514883,0.811228,-0.999271,-0.345965,1.174432,-1.664792,-3.111392,-1.087010,-1.829440,-3.006006,2.568594,-2.330181,-2.614127,1.336608,-2.594668,-2.408535,-0.616090,-3.368346,-2.738243,-0.768101,-2.826510,-1.943151,-0.328374,-2.501243,-1.489001,-0.189046,-2.745516,-0.941679,1.352918,-2.389835,-1.096664,1.060913,-2.336264,-0.529882,-1.332753,-2.375452,-0.628331,-1.253093,-2.158763,-1.105438,-0.278355,-1.869210,-0.403697,0.822707,-1.707320,0.464371,0.135313,-1.836698,1.332011,0.609843,-1.923329,1.402897,2.058689,-1.703519,0.043246,2.400655,-1.931372,-0.502082,-1.605160,-1.875486,-0.979907,0.358838,-2.395414,-1.188554,-0.139162,-2.283494,-1.110593,0.281561,-2.053107,-0.943043,1.558474,-1.941100,-1.037503,0.419567,-2.010361,-0.870341,1.324528,-2.118527,-0.956805,2.189490,-2.128315,-1.141627,0.141604,-1.887657,-0.356737,-0.545668,-1.796243,-0.773147,2.034464,-2.041695,-0.926925,0.306150,-2.113346,-1.254535,1.915731,-2.231438,-0.865803,0.480355,-1.924562,-0.661162,1.844334,-2.206069,-1.348464,0.295680,-2.567296,-1.222129,-1.680769,-2.133063,-1.068798,-0.007145,-1.786815,-0.713039,0.782594,-1.828070,-1.050559,-1.550335,-1.776109,-0.718113,-0.577137,-1.848854,-0.824991,0.646867,-2.413381,-1.154213,0.509433,-2.038118,-1.192863,0.106159,-1.675490,-0.688755,0.727882,-2.016392,-0.760980,0.448750,-2.219940,-0.692337,0.476169,-2.223362,-0.548752,-1.690004,-1.992405,-1.207525,0.153669,-2.027071,-1.018200,-1.778025,-2.233384,-0.704513,-1.394000,-1.974109,-1.277605,-1.281368,-2.099792,-0.934632,3.334260,-2.737232,-1.113448,-1.540318,-2.775174,-0.854653,-2.499369,-2.156028,-1.140104,-1.018355,-2.031311,-0.829201,1.054968,-1.725614,-0.644723,-0.964011,-2.355116,-1.410035,-1.914029,-1.845200,-0.923332,1.248705,-2.156007,-1.019766,0.653050,-2.633157,-1.062684,0.610832,-2.244453,-0.911881,2.041492,-2.107583,-0.832002,1.252098,-2.672932,-0.879272,-2.042006,-2.605075,-0.879272,-1.873442,-1.995245,-1.337096,-0.907070,-1.726279,-0.498507,0.120972,-1.972737,-1.359586,-1.070691,-2.614245,-0.885262,-2.093328,-2.659282,-0.905531,-2.054631,-2.227574,-0.769908,-0.190670,-1.797199,-0.770326,2.171843
-2.159679,-2.045602,1.204226,0.692756,0.535432,0.384040,0.903144,0.244145,0.772017,-0.513481,0.133717,0.140951,-0.408620,-0.003974,0.098688,-1.092076,0.021815,-0.722771,-1.677647,0.389868,0.417203,-0.713776,1.587521,1.093315,-1.365155,-0.841751,1.309878,-0.937129,-1.350248,0.986357,-0.485603,-0.167511,1.249775,0.000492,0.000492,0.000492,-1.813929,0.357552,0.332560,-2.405490,-0.798846,2.157534,0.000492,0.000492,0.000492,-1.738739,-0.753149,-1.250550,-1.571588,0.248919,1.777070,-1.220525,-1.572108,-2.359680,-0.774274,0.438069,1.536731,0.000492,0.000492,0.000492,0.000492,0.000492,0.000492,0.000492,0.000492,0.000492,0.000492,0.000492,0.000492,0.000492,0.000492,0.000492,0.000492,0.000492,0.000492,-1.341517,1.778578,2.049335,-1.171036,0.712676,0.811447,-0.700667,-0.267277,1.382448,-1.429924,1.262892,1.144819,-0.748391,1.056838,0.318454,-1.429131,1.866671,1.235703,-1.767364,1.694300,0.091472,-1.132602,0.717886,0.124828,-1.260160,0.758874,1.855356,-1.273028,2.097894,1.417489,-0.923342,1.201154,1.444141,-1.546487,1.041343,1.562828,-1.343209,1.010335,1.948735,-1.349135,1.866794,1.092182,-1.464356,1.155178,1.533362,-0.862272,1.112255,1.158817,-1.448084,1.601605,1.228563,-1.408378,1.736735,1.267117,-1.634387,1.583972,1.308993,-1.187246,-0.633323,0.877235,-2.099930,0.885922,1.282938,-0.402836,0.070665,0.296271,0.123052,0.133850,0.987024,0.305163,0.091309,1.214022,-0.011715,-0.018437,1.036797,-0.545243,0.005234,0.534707,0.093913,-0.192638,-1.429708,-0.291320,-0.502433,-0.009321,-0.500492,-0.670654,0.696530,-0.642057,-0.826168,0.302279,-0.491265,-0.301583,-1.256382,-0.934615,-0.630789,0.762361,-0.990382,-0.456394,0.590842,-0.985096,-0.294947,1.003989,-1.045399,-0.453190,-0.941081,-1.274593,-0.688329,0.693093,-1.238166,-0.504315,0.453215,-1.083267,-0.337716,1.319946,-1.181942,-0.519758,0.172425,-1.424134,-0.653393,1.199693,-1.315063,-0.526060,1.094398,-1.143003,-0.351244,1.514632,-1.644325,-2.318896,-0.207975,-1.812892,-2.915612,1.275579,-2.313475,-2.532550,0.826881,-2.257886,-2.042692,-0.009450,-3.000040,-2.340455,-1.734387,-2.811721,-1.566148,-0.616181,-2.210767,-1.426662,-0.600623,-2.736781,-1.170737,0.311676,-2.384728,-1.336211,0.366746,-2.044616,-0.858134,-1.633063,-2.081632,-1.025835,-1.305238,-2.161934,-0.969413,-1.551252,-1.874708,-0.243090,-0.119472,-1.714618,0.650612,0.383558,-1.843341,0.776029,0.843414,-1.612768,0.831014,2.707513,-1.380647,-0.591104,2.697203,-1.592152,-0.810624,-0.755817,-1.564012,-0.860269,0.013270,-2.382632,-1.082092,-1.474881,-2.273333,-1.008690,-0.746998,-1.787722,-0.788479,1.583992,-1.936207,-0.918667,0.328453,-1.751721,-0.721942,1.749236,-1.854957,-1.230165,1.552336,-2.128544,-0.605527,-0.244093,-1.575669,-0.724554,1.138259,-1.790147,-1.064976,2.115237,-2.035838,-0.779777,1.017233,-2.107572,-1.168270,0.521759,-1.980996,-0.758789,0.656487,-1.916917,-0.924804,1.940226,-2.199120,-1.255811,-0.134324,-2.287611,-1.101005,-1.181211,-1.849018,-1.294770,-0.071308,-1.783339,-1.040918,1.663204,-1.814138,-0.904090,-1.043813,-1.457691,-1.064492,0.030931,-1.839035,-0.672538,1.054317,-2.126807,-1.041086,-0.250173,-2.028147,-1.038964,0.336304,-1.663811,-1.090349,1.360042,-2.012872,-1.107786,0.506957,-1.954799,-1.046669,-0.112627,-1.909826,-0.900284,-1.333445,-1.687810,-1.090462,-0.466357,-1.711848,-0.865944,-1.389743,-2.230792,-1.093857,-1.331977,-1.717510,-0.815676,-0.879735,-2.091882,-1.151292,2.313838,-2.434216,-1.008269,-1.276156,-2.467489,-0.733594,-2.149219,-1.889348,-1.053666,-1.288482,-2.027898,-1.157186,0.697491,-1.723759,-0.971081,-0.215927,-2.351487,-0.851321,-2.165932,-1.840986,-0.830005,1.406257,-1.858773,-1.248894,-0.097198,-2.625082,-0.986324,-0.803728,-1.982639,-0.823926,1.902302,-2.099677,-1.069298,0.559350,-2.664766,-0.758021,-1.886497,-2.296552,-0.758021,-1.773831,-1.721326,-1.220768,-0.586855,-1.723248,-0.862212,0.455738,-1.700451,-1.241839,-0.769624,-2.303198,-0.763624,-2.044549,-2.651122,-0.784157,-1.747208,-1.896075,-1.079792,-0.683696,-1.795511,-1.073029,2.189169
-2.143160,-2.059709,1.339052,0.671831,0.535779,0.264757,0.893581,0.243566,0.805541,-0.586861,0.133822,0.179798,-0.564004,-0.003484,0.036749,-1.079752,0.003973,-0.428045,-1.689214,-1.318599,-0.362351,-0.694397,1.566953,0.787930,-1.359568,0.251973,2.135913,-0.939465,-0.425313,2.006876,-0.449962,-0.167511,-0.553880,0.000492,0.000492,0.000492,-1.171760,0.372580,0.663586,-0.929170,-0.798846,1.776273,0.000492,0.000492,0.000492,-1.711006,-0.764940,-0.581394,-1.561077,0.261086,1.658954,-1.220178,-1.600195,-2.265133,-0.768684,0.421049,1.459583,0.000492,0.000492,0.000492,0.000492,0.000492,0.000492,0.000492,0.000492,0.000492,0.000492,0.000492,0.000492,0.000492,0.000492,0.000492,0.000492,0.000492,0.000492,-1.070475,1.721705,2.082270,-1.266438,0.848427,0.416860,-0.880623,0.053105,0.990897,-1.382618,1.355780,0.321219,-1.575553,0.218487,-0.452609,-1.387385,1.560486,0.177393,-1.547500,0.352636,1.709485,-1.279684,0.622577,0.667348,-1.481299,1.379083,1.740423,-0.727328,2.240463,1.027126,-0.542634,1.607267,1.869577,-0.452787,1.292183,1.995363,-0.778420,1.389470,1.196371,-1.033346,1.534720,1.864716,-0.552399,1.393052,1.364182,-0.522902,1.695008,2.146719,-0.616643,1.635950,1.343165,-0.650408,2.423592,1.964767,-1.172781,0.976596,1.237938,0.082217,0.134219,1.803818,0.827196,-0.550838,1.129491,-0.473479,0.030638,0.687322,0.006734,0.106505,0.997717,0.175693,0.075890,1.525596,-0.148263,-0.036948,1.194889,-0.678366,-0.014302,1.010309,-0.010312,-0.203893,-1.083004,-0.357858,-0.526779,-0.042227,-0.561909,-0.680994,0.488778,-0.728258,-0.845959,0.615812,-0.626452,-0.328127,-1.556609,-1.078344,-0.630726,0.936924,-1.138584,-0.478676,0.834538,-1.120931,-0.298987,1.358317,-1.110867,-0.433640,-0.763779,-1.413343,-0.687318,0.851564,-1.371689,-0.517132,0.862970,-1.238060,-0.332412,1.373011,-1.304368,-0.522415,0.540654,-1.540717,-0.657987,1.164817,-1.447483,-0.545100,1.250239,-1.288668,-0.360728,1.267782,-1.301518,-2.328907,-0.119315,-1.535393,-2.925344,1.550067,-2.029820,-2.541433,0.456226,-1.618101,-2.051348,-0.102531,-2.298964,-2.350206,-1.480008,-2.809126,-1.575698,-1.039433,-1.929296,-1.435086,-0.195102,-2.448628,-1.180047,-0.144540,-2.120610,-1.035523,0.119042,-1.753687,-0.871475,-1.475539,-1.785555,-1.041671,-1.186529,-1.892668,-0.986807,-1.859436,-1.873271,-0.913631,-0.121016,-1.382805,-0.829475,0.269595,-1.551824,-0.759555,-0.708681,-1.611420,0.018748,1.118588,-1.379246,-0.616762,2.079620,-1.589151,-0.385639,-0.314255,-1.561504,-0.871409,0.124174,-2.380172,-0.740358,-1.732003,-2.005105,-1.017819,-0.999813,-1.785759,-0.802478,1.152345,-1.934281,-1.322904,-0.457670,-1.750206,-1.222526,1.104867,-1.853401,-1.240866,1.489169,-1.862445,-0.617014,-0.631731,-1.574052,-0.739265,1.252766,-1.788188,-1.076523,2.272790,-1.787308,-0.794586,1.586334,-1.862523,-0.870780,0.082388,-1.979139,-1.158236,0.886696,-1.915060,-0.935493,2.323268,-1.949148,-1.612611,-0.084447,-2.285763,-1.114579,-1.837869,-1.568074,-1.303922,0.566996,-1.781597,-1.053873,1.620636,-1.507360,-1.429386,-0.611019,-1.455361,-1.078149,0.484296,-1.837073,-1.212852,0.684923,-1.847523,-1.052048,-0.887190,-2.026155,-1.053974,-0.121055,-1.661711,-1.106593,1.585771,-1.752436,-1.121476,-0.124979,-1.953240,-1.060689,-0.421604,-1.595762,-0.914193,-1.231435,-1.686000,-1.101647,0.291148,-1.395802,-0.880617,-1.201028,-1.950954,-1.109187,-1.767793,-1.715620,-0.826648,-0.943816,-1.838108,-1.159957,2.427057,-2.431966,-1.020324,-1.713021,-1.863870,-0.747515,-2.807595,-1.625579,-1.063572,-0.911921,-2.026409,-1.170288,0.213785,-1.409414,-0.984058,-0.221735,-1.778363,-1.311180,-2.650853,-1.839308,-0.841358,1.858666,-1.565747,-1.258227,0.327696,-2.325548,-0.995658,-1.169869,-1.980703,-0.834626,1.801361,-2.097649,-1.079009,0.362682,-2.361841,-0.772166,-2.630282,-1.992891,-0.772166,-1.926963,-1.719505,-1.234672,-0.136267,-1.397075,-0.876675,-0.156459,-1.698642,-1.255912,-0.349232,-1.997053,-0.777814,-2.272187,-2.348397,-0.798316,-2.420926,-1.574851,-1.092025,-0.451094,-1.793833,-1.085007,2.378035
-2.128321,-2.072279,1.509887,0.667250,0.541449,0.199730,0.891230,0.247729,0.887110,-0.659057,0.133346,0.285582,-0.720585,-0.003583,0.084665,-1.075645,0.036066,-0.453591,-1.669296,0.379749,0.670188,-0.690578,1.529980,0.672324,-1.350217,-0.852272,0.597071,-0.925190,-1.351994,0.454017,-0.467227,-0.167511,0.020726,0.000492,0.000492,0.000492,-1.164899,-0.931072,-0.422237,-0.913695,-0.798846,1.335099,0.000492,0.000492,0.000492,-1.694464,-0.782427,-0.294097,-1.546867,0.245912,1.570514,-1.217326,-3.133590,-2.509173,-0.760076,0.421049,1.064606,0.000492,0.000492,0.000492,0.000492,0.000492,0.000492,0.000492,0.000492,0.000492,0.000492,0.000492,0.000492,0.000492,0.000492,0.000492,0.000492,0.000492,0.000492,-1.057511,1.725500,1.357104,-1.148077,0.664444,0.172319,-1.230893,0.065441,0.209954,-1.126422,1.193202,-0.180698,-1.301160,1.330284,-0.932481,-1.409398,1.802574,0.837241,-1.462413,1.628065,-0.944605,-0.830360,1.030528,-0.718333,-1.232663,1.114733,1.751993,-1.507677,2.033703,-0.554936,-0.905072,1.167322,-0.599110,-1.768346,1.179107,-0.764091,-0.589773,0.644166,-0.679114,-1.328294,1.373890,-0.452708,-1.197546,1.134050,-0.488381,-1.063283,0.415403,-0.971818,-0.472029,1.552969,-0.340513,-1.633626,1.691289,-0.669406,-1.610019,1.782080,-0.857645,-1.166753,1.340975,-0.413420,-1.047243,1.751534,-0.651242,-0.600698,0.034409,0.776153,-0.091864,0.101131,1.028742,0.094275,0.083547,1.266618,-0.255354,-0.039998,1.265741,-0.753508,-0.034721,1.140032,-0.063314,-0.215858,-0.773876,-0.424673,-0.511105,0.186523,-0.607675,-0.683791,0.598701,-0.740826,-0.843207,0.685732,-0.633593,-0.339925,-1.769478,-1.136201,-0.647205,0.999941,-1.207417,-0.485329,0.932062,-1.198828,-0.303584,1.293112,-1.228908,-0.468030,-1.150833,-1.455924,-0.710519,0.932959,-1.427428,-0.530647,1.182293,-1.274843,-0.343862,1.431232,-1.365394,-0.540739,0.549718,-1.583911,-0.670920,1.212341,-1.504799,-0.557036,1.300016,-1.374682,-0.370964,1.106397,-1.289421,-2.236513,1.232946,-1.525829,-2.839124,1.023046,-1.738759,-2.769951,-0.446324,-1.288879,-2.268772,0.565418,-1.938657,-2.269782,-1.433996,-2.493898,-1.500302,-0.842550,-1.642137,-1.637119,0.370456,-2.155866,-1.404327,-0.723361,-2.115268,-1.580497,-0.087139,-1.460083,-1.192879,-1.462542,-1.487710,-1.431741,-1.081741,-1.622717,-1.415783,-2.227635,-1.590362,-1.400413,-0.744451,-1.381403,-0.643259,0.218336,-1.550843,-0.563144,-0.869701,-1.610072,-0.562509,1.112456,-1.377844,-1.268484,1.457917,-1.578493,-0.704940,-0.543938,-1.552188,-1.161076,-0.079793,-2.081779,-0.644331,-1.923072,-2.264082,-1.262449,-0.835887,-2.036741,-1.691418,1.370259,-1.677969,-1.215410,-1.332948,-1.745662,-1.089013,0.860129,-1.587597,-1.132470,0.875531,-1.859302,-0.914648,-0.929202,-1.570862,-1.121793,1.189542,-1.525970,-1.377820,2.165426,-1.782064,-1.170718,1.646673,-1.857352,-1.095779,-0.126105,-1.973938,-1.444423,1.119627,-1.665631,-1.201870,2.052487,-1.943458,-1.869408,-0.322814,-2.006748,-1.452409,-2.217260,-1.562623,-1.532259,0.900882,-1.777033,-1.385153,1.707952,-1.498080,-1.292864,0.301323,-1.446558,-1.434883,0.908586,-1.830095,-1.071556,0.859173,-1.840464,-0.947183,-1.442795,-1.757841,-0.910989,0.240983,-1.653777,-1.519185,2.222734,-1.747825,-0.990383,-0.329622,-1.949006,-1.426947,-1.223673,-1.279307,-1.277557,-0.785595,-1.377522,-0.994084,0.323493,-1.391530,-1.264382,-0.522031,-1.668543,-0.961766,-1.893980,-1.461329,-1.102212,-0.620476,-1.831911,-1.085261,2.194208,-2.130457,-1.322458,-2.027941,-1.556963,-1.096804,-2.091559,-1.620461,-1.310957,-0.802756,-2.021939,-1.057451,0.292867,-1.404636,-1.310038,-0.722503,-1.773274,-1.197915,-2.224253,-1.834460,-1.118798,2.183363,-1.559570,-1.180987,0.913530,-1.724676,-1.224271,-1.639558,-1.974456,-1.096097,1.065179,-1.852914,-0.998121,-0.322901,-1.754166,-1.127466,-2.628693,-1.685148,-1.127466,-1.121253,-1.445326,-1.118312,0.381850,-1.391842,-1.239959,0.886366,-1.426097,-1.138134,0.157672,-1.686793,-1.134247,-1.389243,-1.741121,-1.153975,-2.567777,-1.247137,-1.411520,-0.677674,-1.505082,-1.397531,1.650689
-2.118600,-2.092933,1.893136,-0.228000,0.536452,0.255009,0.884726,0.243108,0.921815,-0.661723,0.133029,0.369701,-0.722156,-0.033807,0.183364,-1.080871,0.046728,-0.545388,-1.658377,0.369630,0.157062,-0.690578,1.554612,0.707943,-1.352047,-1.939668,0.961732,-0.926174,-2.264701,0.682484,-0.421455,-0.167511,1.030769,0.000492,0.000492,0.000492,-1.800702,-0.938555,0.222329,-0.911684,-0.798846,2.071917,0.000492,0.000492,0.000492,-1.677472,-1.837245,0.136503,-1.533725,0.223151,1.583514,-1.209520,-3.140170,-2.559774,-0.730842,0.415036,0.465065,0.000492,0.000492,0.000492,0.000492,0.000492,0.000492,0.000492,0.000492,0.000492,0.000492,0.000492,0.000492,0.000492,0.000492,0.000492,0.000492,0.000492,0.000492,-1.060272,1.278156,1.100927,-1.152704,0.311536,0.783587,-0.959267,-0.291948,0.881200,-0.857286,1.228070,0.538693,-0.727503,1.353492,-0.119466,-1.411477,1.393184,0.786516,-0.904458,1.234317,-1.511339,-0.836172,1.429573,0.145820,-0.956081,1.148614,1.942363,-1.255572,1.181643,0.434223,-0.694885,0.966049,0.064445,-1.039743,1.190816,-0.092919,-0.839147,0.986941,0.124577,-1.330705,0.971920,0.193652,-0.956476,1.145164,0.062107,-0.846745,0.427624,-0.252289,-0.954186,1.578719,0.182717,-1.881016,1.049879,-0.345218,-1.337965,1.337294,-0.332874,-0.944804,-0.730366,-0.339527,-1.198720,1.649224,-0.344288,-0.601903,-0.020862,0.661367,-0.148839,0.075460,1.220560,0.043838,0.088972,1.393489,-0.256104,-0.050874,1.197300,-0.754271,-0.070257,0.861690,-0.081582,-0.194401,-0.818223,-0.408503,-0.538386,-0.305232,-0.624362,-0.670617,0.805466,-0.741530,-0.815152,0.724384,-0.634638,-0.311033,-1.790471,-1.154665,-0.649972,0.958071,-1.224531,-0.479869,1.117169,-1.199647,-0.298065,1.298618,-1.159507,-0.455181,-1.188599,-1.473178,-0.721182,1.258793,-1.444201,-0.549615,1.210982,-1.275714,-0.346552,1.345772,-1.397597,-0.565949,0.466203,-1.584912,-0.697007,1.024041,-1.505781,-0.575601,1.379017,-1.406239,-0.398078,1.442712,-1.116277,-2.112602,2.524725,-1.385922,-2.406954,0.730708,-1.316006,-2.683671,-1.050819,-1.449034,-2.199505,1.464605,-1.421138,-1.568976,-0.591862,-2.047728,-1.449943,-1.276490,-1.523903,-1.597757,1.413734,-1.474776,-1.364503,-0.815079,-1.763254,-1.539665,-1.259741,-1.375703,-1.560832,-0.225733,-1.120913,-1.355278,-0.280571,-1.299592,-0.749113,-2.204741,-1.539506,-1.266282,-2.806835,-1.325916,0.262670,-0.284511,-1.212801,0.409485,-0.960342,-1.239998,-0.304033,0.746900,-1.322399,-0.938848,-0.524946,-1.423081,-0.966374,0.295073,-1.413307,-1.389239,0.590513,-1.085325,-0.842051,-1.486020,-1.089998,-1.114589,-2.125924,-1.422389,-1.470480,-0.547478,-1.591392,-1.044172,-1.139769,-1.664921,-1.357688,0.522236,-1.774509,-1.346267,0.085730,-1.527636,-1.140225,-1.763087,-1.498857,-1.420849,1.259569,-1.689534,-1.624855,1.526403,-1.693160,-1.492433,1.011194,-2.012275,-1.294021,-0.788410,-1.885764,-1.705244,0.555826,-1.813677,-1.455121,2.114868,-1.850168,-1.768509,-1.098197,-1.636685,-1.778239,-2.681791,-1.469353,-1.750123,1.560261,-1.695730,-1.699395,1.715822,-1.361074,-1.612751,1.252802,-1.313125,-1.733658,1.175793,-1.722084,-1.393422,-0.131570,-1.452798,-1.189042,-2.155731,-1.648836,-1.247548,-0.377762,-1.533502,-1.872086,1.949639,-1.666577,-1.289081,-0.944511,-1.608111,-1.726828,-1.834009,-1.193246,-1.575068,0.294627,-1.602754,-1.235361,0.750685,-1.304928,-1.060933,0.669328,-1.308712,-1.297585,-1.411493,-1.607805,-1.387219,0.619850,-1.733647,-1.303903,1.031058,-1.432100,-1.624227,-1.693661,-1.451335,-1.446887,-0.544858,-1.532894,-1.224519,0.061097,-1.942531,-1.387709,-0.250489,-1.627016,-1.642326,0.028066,-1.684567,-1.543368,-1.937851,-1.751964,-1.407898,2.627553,-1.457863,-1.418921,1.648954,-1.318718,-1.462746,-0.979188,-1.875416,-1.368558,-0.451310,-1.519632,-1.241616,0.332154,-1.343613,-1.489642,-0.658575,-1.278132,-1.489642,0.492534,-1.624298,-1.463884,0.965271,-1.617461,-1.610273,1.341530,-1.604002,-1.487920,0.879533,-1.276448,-1.497577,0.452632,-1.330837,-1.516515,-0.934308,-1.430457,-1.244179,-0.152344,-1.707467,-1.653771,1.153062
-2.087242,-2.101508,1.964288,0.681745,0.598929,0.279399,0.894524,0.267377,0.867004,-0.661167,0.132341,0.308297,-0.798816,-0.034110,0.252910,-1.080117,0.066419,-0.313970,-1.655162,0.379749,0.196516,-0.687065,1.550498,0.633380,-1.348853,-0.845944,0.837313,-0.922855,-1.350248,0.196253,-0.440964,-0.167511,0.468059,0.000492,0.000492,0.000492,-1.167145,-0.928567,-0.487271,-0.879596,-0.798846,0.385333,0.000492,0.000492,0.000492,-1.649738,-1.844201,0.703761,-1.527822,-3.490812,1.851542,0.526340,-3.150322,-1.919959,-0.708903,-1.377554,-0.112798,0.000492,0.000492,0.000492,0.000492,0.000492,0.000492,0.000492,0.000492,0.000492,0.000492,0.000492,0.000492,0.000492,0.000492,0.000492,0.000492,0.000492,0.000492,-1.057511,0.804296,0.109154,-1.149131,-0.065487,0.076807,-0.676395,-0.298078,-0.237620,-0.575878,0.740384,-0.549095,-1.012928,1.348328,-0.698090,-0.894660,1.386057,-0.395482,-0.901065,1.652483,-0.893152,-0.831929,0.682154,-0.282425,-1.234957,1.138438,0.528432,-0.744571,1.616573,0.133359,-0.692128,0.960700,0.132703,-1.035788,0.543534,-0.032041,-1.321787,0.981773,0.240232,-1.056397,1.398383,0.344028,-0.707692,1.141839,0.284828,-0.843346,0.424904,0.247335,-0.950331,1.218071,0.632205,-1.144188,1.707340,-0.000708,-1.057206,1.331681,-0.042420,-0.714625,-0.731827,-0.054650,-1.344930,0.876137,-0.095940,-0.588321,-0.043865,0.831683,-0.117254,0.044229,1.611659,0.088072,0.072815,1.485527,-0.151907,-0.009971,1.007678,-0.714319,0.003625,0.631630,-0.104540,-0.202398,-1.173347,-0.465033,-0.489117,-0.067209,-0.597777,-0.630390,0.872643,-0.716705,-0.768532,0.648492,-0.769482,-0.381831,-1.164337,-1.160016,-0.641578,1.106424,-1.180885,-0.471455,1.229995,-1.129837,-0.297995,1.129205,-1.217421,-0.501293,-0.555195,-1.461642,-0.720941,1.149622,-1.401410,-0.541355,1.049028,-1.235262,-0.338381,1.365998,-1.401832,-0.581052,0.518010,-1.559295,-0.696879,1.031859,-1.479571,-0.567584,1.329809,-1.349446,-0.381831,1.184734,-0.816396,-2.519011,1.774098,-1.144801,-2.499556,1.212727,-1.352749,-2.802633,-1.281919,-1.178967,-2.634615,0.358014,-1.485685,-1.762868,-0.946835,-2.122128,-1.660666,-0.721172,-1.342175,-1.530178,-0.063176,-1.603811,-1.595078,-1.608902,-1.909890,-1.165182,-1.518902,-1.288867,-1.888731,-1.506147,-1.068696,-2.250522,-1.365182,-1.279814,-0.571443,-0.546631,-1.258735,-0.354046,-2.995497,-1.336008,-0.090678,1.160540,-1.224602,0.128934,0.209645,-1.251024,-0.506977,1.534078,-1.004563,-1.949609,-0.951379,-0.843241,-1.426562,0.419315,-0.890748,-1.781310,0.101061,-1.171598,-0.830123,-1.959065,-1.188889,-0.767510,-2.210229,-1.534573,-1.974342,-0.030161,-1.481145,-1.032830,0.444578,-1.572079,-1.326690,1.570831,-1.439579,-1.703259,-0.421333,-1.212581,-1.112391,-1.436074,-1.144986,-1.411023,1.221308,-1.309512,-1.651794,1.262739,-1.574130,-2.073583,1.801452,-1.652331,-1.353265,-0.760130,-1.767711,-1.805049,1.395058,-1.675545,-1.935643,1.081656,-1.720452,-1.547607,-0.531577,-1.780120,-1.947359,-1.381772,-1.076918,-1.550340,0.231944,-1.346636,-1.850224,1.590173,-1.140479,-1.681215,1.509703,-1.104041,-1.782474,1.236152,-1.301856,-1.967659,0.678089,-1.015066,-0.845341,-2.100805,-1.482666,-1.855510,0.726339,-1.071562,-1.950392,1.951254,-1.573471,-1.335147,0.923039,-1.264551,-1.757013,-1.939151,-1.113272,-1.605015,-0.113297,-1.234020,-0.868184,0.731553,-0.912690,-1.634360,0.879052,-1.223786,-1.896713,-1.459301,-1.210400,-1.214044,1.470627,-1.592244,-1.149812,0.570011,-1.576736,-1.401436,-1.199206,-1.313308,-2.126763,-0.985716,-1.164449,-1.040681,0.623109,-1.601965,-2.029783,-0.287126,-1.225979,-1.858540,-1.113250,-1.584728,-1.779733,-1.497058,-1.404018,-1.976953,1.810827,-1.036944,-1.585057,0.494527,-1.465719,-1.629259,-2.378208,-1.732897,-1.904858,0.169052,-1.381869,-1.087918,-0.494507,-1.492279,-2.198236,-1.531924,-1.141530,-2.198236,-0.057244,-1.245827,-1.686931,1.662470,-1.189045,-1.851229,1.220471,-1.227787,-1.713687,1.305044,-1.138728,-2.208431,-0.302788,-1.479405,-2.225824,-1.722009,-0.904811,-1.725124,-0.821027,-1.342489,-1.257049,0.121112
-0.044000,-2.088415,2.060098,0.677152,0.575207,0.006037,0.889977,0.253972,0.566847,-0.662251,0.131917,0.217995,-0.800551,-0.034227,0.258673,-1.076375,0.012894,-0.036320,-1.663200,0.386495,0.099462,-0.685290,1.566953,0.900766,-1.349424,0.279370,1.146161,-0.930974,0.476912,1.216671,-0.439086,-2.463551,0.080875,0.000492,0.000492,0.000492,-1.155296,0.407614,-0.614886,-0.887902,-0.798846,0.426133,0.000492,0.000492,0.000492,-1.625581,-1.841462,0.297192,-1.509446,-3.512786,1.706268,0.542321,-1.630943,-1.379383,-0.715359,-1.395267,0.013726,0.000492,0.000492,0.000492,0.000492,0.000492,0.000492,0.000492,0.000492,0.000492,0.000492,0.000492,0.000492,0.000492,0.000492,0.000492,0.000492,0.000492,0.000492,-1.054114,0.823268,0.370627,-1.145968,-0.050429,-0.706094,-0.951848,-0.282697,-1.001968,-0.573412,-0.200167,-1.259791,-1.010349,1.361238,-1.137563,-0.376602,0.962457,-2.384751,-0.616528,1.241251,-1.866602,-0.829023,1.066260,-0.507871,-1.232215,0.738562,0.379747,-0.486714,1.192349,0.280251,-0.689539,0.969615,0.353511,-1.033424,0.229008,0.293642,-1.562909,0.028705,0.735931,-0.780549,0.982374,0.340078,-0.950141,1.148502,0.649471,-1.062216,0.263264,0.625381,-1.663355,0.167608,0.725118,-1.140835,1.389278,-0.212978,-1.331034,0.645806,0.225461,-0.938774,-0.818645,0.264969,-1.491733,0.439325,0.104925,-0.552309,-0.081602,0.592416,-0.025892,0.021047,1.318844,0.119603,0.064824,1.325354,-0.043993,-0.001810,1.250669,-0.462231,-0.070225,1.400747,-0.297388,-0.306900,-1.201529,-0.534573,-0.481034,0.769890,-0.615167,-0.590664,0.872925,-0.688291,-0.684092,0.668208,-0.771299,-0.468454,-0.749526,-1.144234,-0.633543,1.137239,-1.085105,-0.463284,1.310099,-0.997290,-0.256730,1.360279,-1.201577,-0.532099,-0.618848,-1.414514,-0.705098,1.192968,-1.292237,-0.484548,0.344932,-1.206770,-0.313905,-0.722311,-1.403448,-0.581075,0.655927,-1.516308,-0.657823,1.105812,-1.404822,-0.527800,0.911447,-1.259174,-0.349255,1.554268,-0.556838,-2.264461,1.277892,-0.934699,-2.263723,0.934938,-1.138270,-2.891274,-1.546850,-0.936987,-2.433265,0.415311,-1.221897,-1.864149,-1.620341,-1.893737,-1.760585,-0.775266,-1.137463,-1.886476,0.443432,-1.398119,-1.696134,-1.342395,-1.465110,-1.888027,-1.259801,-1.090423,-1.611055,-0.993458,-0.871827,-1.909640,-0.847917,-1.104618,-0.758786,-1.808530,-1.077295,-1.204483,-2.757889,-1.124153,-0.309726,-0.005402,-1.038971,-0.837895,-1.074508,-0.732805,-0.719894,0.842147,-0.793425,-2.175106,0.003905,-0.919980,-1.532624,-0.482563,-0.668841,-1.478468,0.452287,-1.244848,-1.259827,-2.049971,-1.522824,-1.512770,-1.022061,-1.349065,-2.093978,1.607467,-1.054890,-1.514176,-2.228491,-1.141793,-1.437060,-0.541682,-1.000635,-1.399458,-0.086778,-1.035194,-0.797688,-1.707846,-0.937002,-1.011096,1.125810,-1.127010,-1.752231,2.164238,-1.398815,-1.693962,1.936370,-1.479472,-1.433283,-0.258844,-1.593835,-1.909758,1.160803,-1.258460,-1.679335,2.060303,-1.542922,-1.990309,-0.595905,-1.586400,-2.077773,-2.094541,-0.881404,-1.943887,1.113123,-1.168604,-1.975606,1.743498,-0.914456,-1.810383,1.217791,-0.878637,-1.903749,1.289683,-1.113773,-1.576659,0.220428,-1.089593,-1.331706,-2.153454,-1.291676,-1.458374,0.003215,-0.868625,-2.093149,2.415047,-1.394052,-1.456280,-0.541137,-1.344993,-1.878690,-1.697925,-0.901163,-1.725730,-0.153782,-1.028705,-1.363277,0.692911,-0.699509,-1.243912,0.341557,-1.032897,-1.488765,-1.759289,-1.030292,-1.327073,0.689540,-1.410667,-1.526249,1.300363,-1.366298,-1.521799,-2.026967,-0.802299,-1.799757,-1.317871,-0.980887,-1.469101,-0.281559,-1.428044,-1.722435,-0.106089,-1.012615,-1.556659,0.013379,-1.103692,-1.473288,-1.795510,-1.230581,-1.722540,2.210928,-0.831804,-1.679404,0.926710,-0.958908,-1.723820,-1.883674,-1.549885,-1.665089,0.377906,-1.446286,-1.184715,-0.531370,-0.979730,-1.869186,-1.957006,-0.928429,-1.869186,-0.239389,-1.057269,-1.824556,0.954310,-0.965908,-1.998346,1.524702,-1.040354,-1.852990,0.733388,-0.923885,-1.878332,-0.429217,-0.967193,-1.896442,-2.079028,-0.671188,-1.400793,-0.400789,-1.148309,-1.785893,1.359385
-0.022387,-2.071296,1.798471,0.672570,0.610290,-0.781044,0.881983,0.274086,0.216552,-0.661994,0.106093,0.140732,-0.797933,-0.034892,0.248123,-1.078999,8.816315,-0.571392,-1.653554,0.356138,-0.352775,-0.679715,1.525866,0.705394,-1.350565,-0.854381,0.494364,-0.925190,-1.343260,0.629584,-0.415078,-0.167511,0.498227,0.000492,0.000492,0.000492,-1.168767,-0.941060,-1.282097,0.545996,-0.798846,1.331696,0.000492,0.000492,0.000492,-1.614853,-1.857046,0.725653,-1.490628,-3.545401,1.642523,0.534515,-1.569721,-0.667393,-0.702447,-1.391374,0.196698,0.000492,0.000492,0.000492,0.000492,0.000492,0.000492,0.000492,0.000492,0.000492,0.000492,0.000492,0.000492,0.000492,0.000492,0.000492,0.000492,0.000492,0.000492,-1.050938,0.785369,0.048418,-1.142806,0.667426,-0.182993,-0.670101,0.450547,-0.137354,-0.293570,1.200950,-0.507586,-0.715999,1.335417,-0.096897,-0.630752,1.368284,-1.330486,-0.332004,1.206410,-0.831979,-0.825666,0.670232,0.771579,-1.228775,1.124910,0.588634,-0.483632,1.156707,0.561891,-0.259674,1.172671,0.493405,-0.540896,0.699512,0.278837,-1.316485,1.290788,0.557887,-0.777482,0.947426,0.678954,-0.456527,1.137388,0.729797,-0.838355,0.418122,0.757130,-1.183512,1.203746,0.651234,-0.648430,1.362558,0.540723,-1.050725,1.092463,0.639635,-0.936027,-0.735470,0.278665,-1.341456,0.651948,0.279359,-0.715716,-0.046389,-0.289192,-0.139885,-0.010521,0.057342,0.077664,0.050205,0.231434,-0.024549,0.009922,0.223179,-0.014070,-0.048376,0.508249,-0.285141,-0.348606,-1.399489,-0.525803,-0.471349,-0.087638,-0.609107,-0.524207,0.875831,-0.639818,-0.587927,0.571646,-0.808076,-0.532175,-1.034671,-1.112061,-0.607776,0.584310,-0.961297,-0.366000,0.416764,-0.869912,-0.243330,-1.147811,-1.161597,-0.526507,-1.701216,-1.395938,-0.657031,0.429138,-1.151394,-0.414099,-1.300948,-0.970260,-0.309847,-1.723886,-1.379619,-0.576371,0.028945,-1.436235,-0.589747,0.569486,-1.234600,-0.444215,0.413119,-1.045165,-0.273840,1.244084,-0.560296,-1.913685,1.196220,-0.937507,-1.929711,0.536988,-0.582397,-2.269253,-2.618957,-0.623435,-2.421640,0.604008,-0.877575,-1.532417,-0.858673,-1.590935,-1.744573,-0.812241,-0.858836,-1.871442,0.977801,-1.110943,-1.678724,-0.972398,-1.199425,-1.561261,-1.550814,-0.795321,-1.586105,-0.293656,-0.568481,-1.880649,0.019788,-0.561083,-0.728783,-1.389271,-0.784341,-1.174706,-3.020345,-0.779740,-0.281250,-0.252933,-0.448054,-0.063037,-0.687571,-0.401497,-0.701147,0.739244,-0.448995,-1.278275,-0.629351,-0.602065,-1.527810,-0.431648,-0.669343,-1.871530,1.287628,-0.668955,-1.258335,-1.895762,-0.992917,-1.511330,-1.747151,-1.090881,-2.090940,0.874758,-0.550787,-1.512179,-2.348343,-0.882070,-1.435815,-1.117646,-0.732616,-1.790594,-0.248757,-0.762809,-1.203938,-2.007731,-0.924458,-1.530221,1.097414,-1.122881,-1.747675,1.727139,-1.150064,-1.685689,0.920703,-1.475561,-1.731280,-0.411132,-1.347125,-1.900539,0.481611,-1.255771,-1.668657,2.002853,-1.292950,-1.979716,-1.360594,-0.768391,-2.063082,-2.691404,-0.875490,-1.628352,1.482815,-1.162306,-1.962681,1.663810,-0.612570,-1.802129,1.288608,-0.574472,-1.897131,1.233237,-0.856965,-1.569530,-0.588092,-0.536659,-1.325739,-2.026704,-0.771680,-1.449720,-0.801387,-0.867694,-2.084075,2.110594,-0.873626,-1.450035,-1.544426,-0.816280,-1.873151,-1.689776,-0.581529,-1.720235,0.644564,-1.018373,-1.358527,0.880826,-0.689371,-1.757650,0.610887,-0.473000,-1.481326,-1.244898,-1.028197,-1.678152,0.605632,-1.157953,-1.515128,0.896576,-0.776281,-1.910476,-1.814535,-0.498175,-1.782255,-0.276818,-0.975335,-1.787664,0.289299,-1.172610,-1.705551,-0.798826,-1.003351,-1.973135,0.203141,-0.529108,-1.897884,-1.623658,-1.225108,-1.706453,2.081736,-0.826118,-1.666179,1.590561,-0.659364,-1.710565,-0.951330,-1.295176,-1.649928,-0.428180,-0.969776,-1.487273,0.238477,-0.676795,-1.850206,-0.383002,-0.623477,-1.850206,0.873902,-0.784483,-1.806373,0.942131,-0.957119,-1.978939,0.940774,-1.034685,-1.834586,0.893226,-0.616438,-1.859290,0.926724,-0.664457,-1.877442,-0.735614,-0.353210,-1.828032,0.030217,-1.139878,-1.781167,1.157615
0.008532,-2.105534,2.145162,0.667429,0.608638,-0.828508,0.877515,0.849030,0.043723,-0.659742,0.106040,0.146062,-0.641996,-0.066208,0.127948,-1.092829,0.053908,-1.089961,-0.120209,-1.318599,-0.017740,-0.677653,1.550498,0.606240,-1.357056,-0.822766,0.937090,-0.933437,-0.434047,1.123998,-0.424454,-0.167511,0.162317,0.000492,0.000492,0.000492,-1.163650,-0.911035,-0.574850,-0.896506,-0.798846,0.737093,0.000492,0.000492,0.000492,-1.592934,-1.872630,1.119247,-0.417569,-3.547668,1.372465,0.539838,-0.078118,-0.435014,-0.689982,-1.396694,0.355385,0.000492,0.000492,0.000492,0.000492,0.000492,0.000492,0.000492,0.000492,0.000492,0.000492,0.000492,0.000492,0.000492,0.000492,0.000492,0.000492,0.000492,0.000492,-0.594241,0.281152,0.001451,-0.792748,0.842389,0.961721,-0.939945,0.817187,0.551379,-0.597739,1.827969,0.643090,-0.454514,1.505676,-0.015812,-0.138027,0.649189,-1.417339,-0.466324,0.331707,0.608363,-1.057710,0.229530,1.373343,-0.964096,1.362122,0.427587,0.249502,0.429416,0.852107,0.061900,0.925085,1.475025,-0.505337,0.468155,1.701717,-0.830103,0.724653,1.436510,0.287055,1.080264,1.283226,-0.107120,-0.292149,1.334447,-0.121054,0.833779,1.681985,-0.910279,0.545447,1.123780,-0.207595,0.058303,1.351216,-0.388612,0.498182,1.938240,-0.197178,-0.604146,0.759477,-1.317486,0.789835,1.110804,-0.397294,-0.210059,0.755972,0.054191,-0.062475,0.076595,0.226835,-0.048493,0.714901,0.097640,-0.120947,1.026168,0.245772,-0.113447,1.300138,-0.498629,-0.403323,-1.801386,-0.538023,-0.388011,-1.096821,-0.575942,-0.418233,0.275395,-0.523183,-0.439215,0.427501,-0.848488,-0.477129,-1.133829,-0.999205,-0.517077,0.626599,-0.796371,-0.252725,0.353023,-0.734250,-0.066555,0.209412,-1.178315,-0.579522,-0.968479,-1.238373,-0.537986,0.205291,-0.955315,-0.255769,-0.854576,-0.742297,-0.120119,-0.579197,-1.314141,-0.540399,0.668251,-1.186907,-0.437068,0.799362,-1.041659,-0.305997,0.158564,-0.854246,-0.198192,0.985546,-0.351154,-1.857466,1.822652,-0.488846,-1.462211,0.015034,-0.110262,-1.443322,-1.583326,-0.397390,-1.860395,0.305242,-0.600752,-1.472311,-0.638913,-0.384401,-1.629409,-1.259810,-0.808608,-1.738358,1.520686,-0.701019,-1.506634,-0.646672,-0.752182,-1.686181,-1.183185,-0.209561,-1.339491,-0.163337,-0.180456,-1.629814,-0.022671,-0.676280,-1.666065,-2.351196,-0.576177,-1.744239,-1.429423,-0.511841,-1.101750,-0.071400,-0.493838,-1.120353,-1.574122,-0.455365,-0.433271,0.806220,-0.508929,-1.219438,0.521719,-0.342874,-1.591969,0.366157,-0.700536,-1.596084,0.618352,-0.651252,-1.389246,-1.556379,-0.932401,-1.640643,-1.885118,-0.989619,-2.258154,1.102111,-0.119187,-2.049282,-2.228676,-0.401586,-1.645791,-1.306689,-0.449693,-1.592521,-0.612573,-0.423514,-0.973475,-1.675097,-0.476729,-1.701161,1.613806,-0.718445,-1.798406,1.240747,-1.006339,-2.173275,-0.062754,-1.092493,-1.678030,-0.226731,-1.204581,-1.768801,-1.000835,-0.918384,-1.473766,1.354307,-0.922525,-1.779700,-2.041695,-0.321850,-1.784066,-2.772441,-0.666713,-1.763995,1.508934,-0.943189,-1.725585,1.723524,-0.611804,-1.780472,0.983654,-0.544933,-1.916580,1.229149,-0.801548,-1.590482,-0.870945,-0.440981,-1.720536,-1.628008,-0.449977,-1.959803,-1.225831,-0.564561,-2.053511,1.372619,-0.643052,-1.475338,-1.774179,-0.554258,-1.940791,-1.742085,-0.229612,-1.787341,0.478030,-0.645493,-1.398238,0.814757,-0.335245,-1.257715,0.534510,-0.188938,-1.503187,-1.167882,-0.711482,-1.687237,-0.256093,-1.058838,-1.564100,1.383237,-0.618400,-1.997734,-2.479093,-0.301723,-1.872247,-1.123172,-0.515978,-2.201398,0.744847,-0.448022,-1.785030,-0.943582,-0.362969,-1.575944,0.008224,-0.264476,-1.903571,-1.631168,-0.787086,-1.329388,0.976825,-0.636025,-1.659440,2.106019,-0.496727,-1.703810,-0.357729,-1.195277,-1.646374,-0.333354,-0.644597,-1.825667,1.350116,-0.512316,-1.896292,-1.556966,-0.426490,-1.896292,-0.025641,-0.579708,-1.855855,0.140397,-0.649362,-1.536294,-0.545298,-0.565640,-1.884672,0.141034,-0.417840,-1.905524,-0.097086,-0.500086,-1.923575,-1.906122,-0.295888,-1.840264,0.603334,-0.842666,-1.833789,1.184249
0.025465,-2.096467,2.098184,-0.225065,-1.117792,-0.668368,0.886214,-0.340048,-0.247017,-0.587887,0.132817,0.207661,-0.407977,-0.156651,-0.199053,-1.075645,0.037807,-0.999632,-0.087451,0.369630,-0.161105,-0.676774,1.517639,0.490522,-1.347371,0.241426,0.716559,-0.925438,-0.435794,0.948529,-0.428576,-0.167511,0.310657,0.000492,0.000492,0.000492,-0.519867,-0.911035,-1.149215,-0.865275,-0.798846,0.736482,0.000492,0.000492,0.000492,-1.583994,-1.858730,0.295161,-0.401596,-3.520373,1.075681,0.553694,-0.046477,-0.092746,-0.667203,-1.404480,-0.060469,0.000492,0.000492,0.000492,0.000492,0.000492,0.000492,0.000492,0.000492,0.000492,0.000492,0.000492,0.000492,0.000492,0.000492,0.000492,0.000492,0.000492,0.000492,-0.600399,0.311509,0.041430,-0.954510,0.284401,-0.128057,-0.745591,-0.325833,-0.502452,-0.643942,0.221703,-0.357300,-0.503109,1.319956,-0.842103,0.065670,0.467634,-0.357535,-0.130740,0.749916,-0.276423,-0.901445,0.649403,0.284919,-1.021160,0.684327,1.033185,-0.303177,0.696797,0.337475,-0.533489,0.499382,0.362658,-0.607879,0.047042,0.261507,-0.895353,-0.007655,0.429177,-0.041230,0.929973,0.319205,-0.525064,1.130712,0.598289,-1.120052,-0.262430,0.353022,-1.010222,0.482485,0.435842,-0.719163,0.689045,-0.015933,-0.574370,0.617768,0.315361,-0.318672,-0.649381,-0.097985,-1.233713,0.426868,0.623746,-0.520060,-0.177065,0.017127,-0.627645,-0.223909,-2.187151,0.380095,-0.316533,-1.256059,0.264735,-0.244655,-0.571603,-0.197476,-0.108610,0.040469,0.010961,-0.497305,0.520322,0.140947,-0.356125,0.244662,-0.093409,-0.205859,-1.883835,-0.513223,0.010206,-2.108708,-0.554874,-0.552594,0.837694,-0.467083,-0.257763,-1.344825,-0.472654,-0.098414,-0.030691,-0.509811,0.026973,0.081858,-0.907129,-0.537328,0.460996,-0.752703,-0.248901,-0.392239,-0.600320,-0.083759,0.762075,-0.506554,0.007478,0.724858,-1.127974,-0.412033,0.201094,-0.748710,-0.201543,0.208452,-0.661239,-0.118862,0.655861,-0.574740,-0.044876,0.248039,-0.304770,-1.278616,0.767346,-0.182436,-1.306464,-0.401700,0.193681,-1.048266,-0.416262,-0.375785,-1.537087,-0.351878,-0.250515,-1.493973,0.861186,-0.117116,-1.692144,0.929131,-0.605323,-1.816620,1.076005,-0.262484,-1.611196,0.953213,-0.140513,-1.798170,-0.136237,-0.466384,-1.913269,1.128259,-0.209930,-1.776519,0.805890,-0.215683,-1.200350,-0.847601,0.151534,-1.754703,-2.557014,-0.003477,-0.254612,-1.256873,-0.052135,-0.091902,-0.149918,0.030544,-0.789540,0.709058,-0.000944,-1.444198,-1.718253,-0.343140,-1.634973,0.016259,-0.423276,-1.987138,0.627544,-0.126967,-1.366289,-0.775606,-0.217795,-1.280718,-0.983154,-0.330093,-2.241987,0.132680,-0.035803,-1.631680,-0.729012,0.160283,-1.592893,-0.189772,0.091230,-1.532632,-0.160675,0.083977,-0.928926,-0.218035,-0.532458,-1.684634,0.291159,-0.351281,-1.846004,-0.470867,-0.408031,-1.783221,-0.963947,-0.260395,-1.779614,-0.755801,-0.367589,-1.944009,-0.799151,-0.536813,-1.689428,0.389332,-0.305298,-1.650864,-1.742988,-0.214802,-1.626158,-0.245006,-0.579136,-1.336653,0.524316,-0.627556,-1.989659,0.180752,-0.351209,-1.392121,0.326234,-0.304242,-2.002224,0.586920,-0.108798,-1.682745,-0.497047,0.003352,-1.795864,0.154506,-0.011057,-1.551751,-0.018223,-0.076004,-2.191061,-0.328334,-0.072992,-1.557073,-0.420924,0.003864,-1.495003,0.496244,-0.217695,-1.840503,1.209407,-0.351503,-1.451509,-0.790676,-0.323253,-1.349848,0.706944,-0.156603,-1.599449,0.878091,-0.797021,-1.654972,-0.604552,-0.664078,-1.508446,-0.675552,-0.186274,-1.905999,-1.069351,-0.485946,-1.774282,0.377677,-0.697098,-1.786239,0.024378,-0.147471,-1.696933,-0.079391,-0.334863,-1.954589,-0.748672,-0.211642,-1.868338,0.011865,-0.713617,-1.679976,-0.473238,-0.524454,-1.643367,0.871403,-0.359821,-1.687701,1.141198,-0.291862,-1.624975,-0.609010,-0.503595,-1.787133,1.095173,-0.373860,-1.829991,1.138636,-0.310873,-1.829991,0.893455,-0.497764,-1.788223,0.014917,0.050014,-1.958270,-1.152769,-0.484185,-1.816214,0.167421,-0.301278,-1.839012,1.190979,-0.361721,-1.857208,1.321459,-0.063894,-1.920590,0.838490,-0.248301,-1.457049,-0.793584
0.057651,-2.068253,1.433828,-0.229479,0.513709,-0.231800,0.887625,0.234204,0.170177,-0.512255,0.133505,0.184742,-0.408246,-0.156757,0.089905,-1.060674,-0.004948,-0.702306,-0.075238,0.362884,-0.198557,-0.665911,-0.500224,0.473571,-0.769300,0.266713,1.004961,-0.915840,0.457718,0.953619,-0.446963,2.128528,-0.372538,0.000492,0.000492,0.000492,-0.507393,0.382567,-0.610060,-0.875312,-0.798846,-0.504913,0.000492,0.000492,0.000492,0.570745,-1.857470,0.372913,-0.383647,-3.502192,0.670111,0.556893,-0.030037,0.036787,-0.646130,-1.388541,-0.654723,0.000492,0.000492,0.000492,0.000492,0.000492,0.000492,0.000492,0.000492,0.000492,0.000492,0.000492,0.000492,0.000492,0.000492,0.000492,0.000492,0.000492,0.000492,-0.592750,0.823268,0.822828,-1.098788,0.498539,0.095562,-0.545189,0.465966,-0.683556,-0.404704,0.113365,-0.215087,-0.251481,0.845329,-0.590331,0.023519,-0.116185,0.606801,-0.068115,0.331707,0.050856,-0.737594,0.714905,0.687925,-0.784678,0.880872,-0.479348,-0.574579,0.547048,0.665996,-0.258821,0.317698,-0.465133,-0.214530,-0.350684,-0.652163,-0.708073,-0.067379,-0.417066,-0.611799,1.234096,-0.483227,-1.159113,-0.057600,-0.521627,-0.989201,-0.650926,-0.442675,-0.392124,0.090357,-0.570725,-0.479093,0.341620,-0.550810,-0.468182,0.520607,-0.499523,-1.094475,1.268015,-0.731265,-1.145872,0.949083,-0.436926,-0.439716,-0.170324,-0.158410,-0.552862,-0.211506,-1.532172,-0.440910,-0.296886,-1.212260,-0.058074,-0.303098,-0.445576,-0.019340,-0.376574,1.057933,-0.622025,-0.369776,0.768704,-0.324991,-0.250116,0.070301,-0.095001,-0.104176,-0.020643,0.101965,-0.000584,0.514732,-0.871341,-0.359362,0.447214,-0.437850,-0.157331,-0.035284,-0.322578,-0.024573,-0.238256,-0.299460,0.033126,0.658401,-0.889646,-0.306055,-0.006737,-0.478024,-0.091386,-0.414538,-0.276664,0.033255,1.138412,-0.349044,0.034588,0.222789,-0.678012,-0.197000,0.006752,-0.478158,-0.013183,0.471790,-0.357474,0.047753,1.270581,-0.392952,0.060046,0.424976,0.043230,-0.979929,0.237888,0.096458,-1.048927,-0.993045,0.196060,-0.830738,-0.972550,-0.058454,-1.061919,-0.387224,0.087879,-1.312268,0.903552,0.163375,-1.233567,1.307656,-0.365307,-1.688072,0.872532,-0.039322,-1.475894,1.332533,0.042610,-1.657723,0.472913,-0.001544,-1.717905,1.044345,-0.053768,-1.526613,0.704487,-0.094124,-0.903557,-0.519363,0.263981,-1.371152,-1.830676,0.122913,0.224903,-1.333124,0.344765,0.465307,0.334056,0.465807,-0.145340,1.135204,0.780325,-0.648437,-1.012367,-0.030960,-2.084433,-0.680748,-0.144020,-1.586952,1.352884,0.131111,-1.704735,0.421131,0.005499,-1.604673,-0.118119,-0.126469,-1.723290,0.143571,0.390035,-1.621330,-0.824365,0.325201,-1.570153,-0.714641,0.246139,-1.507527,0.544530,0.225209,-0.909775,-0.258189,0.248331,-1.154376,-0.528595,0.093422,-1.454451,-0.147558,0.018325,-1.831544,-1.143836,0.158948,-1.514855,0.215761,0.054220,-1.627202,-1.050862,-0.343339,-1.416637,0.301441,0.129796,-1.737042,-1.495818,-0.016660,-1.744589,-0.573904,-0.385047,-1.412332,0.542296,-0.458227,-1.648856,-0.274864,-0.074100,-1.440233,-0.232926,-0.034530,-1.550736,0.626058,0.107864,-1.717992,-1.029838,0.227154,-1.824713,0.649234,0.208061,-1.602304,-1.165932,-0.107762,-1.685337,-0.368117,0.351272,-1.588183,-0.630599,0.165617,-1.516274,0.717251,-0.034969,-1.366178,0.234069,-0.182655,-1.471198,-0.441889,-0.139381,-1.385045,-0.288711,0.290516,-1.636223,-0.206124,-0.344973,-2.155092,-1.211141,-0.213977,-1.601941,-0.062960,0.035912,-2.030852,-0.971387,0.030701,-1.921643,-0.063915,-0.255085,-1.886214,-0.075458,0.263790,-1.837132,0.538641,0.164491,-1.669760,-1.070901,-0.027947,-2.031602,-0.529657,-0.050375,-1.449501,-0.409418,-0.314361,-1.454937,1.027263,-0.135922,-1.498843,1.991864,0.159841,-1.755112,0.193280,-0.074478,-1.897678,1.344900,-0.147427,-1.519544,0.184854,-0.093161,-1.519544,0.406474,-0.311715,-1.942441,-0.722994,-0.067614,-1.640846,-1.501524,-0.299245,-1.972313,-0.543432,-0.081785,-1.527574,0.629506,-0.135437,-1.546447,0.541104,0.210020,-1.518148,1.147746,0.205213,-1.477017,-0.134646
0.077996,-2.060201,1.394704,0.695321,0.591586,0.113272,1.296285,0.848910,0.177049,-0.511328,0.160070,0.217746,-0.406078,-0.096350,0.233969,-1.056566,-0.072615,0.097087,-0.086490,0.356138,-0.250866,-0.663562,-0.512565,0.786543,-0.770664,0.273042,0.915176,-0.913992,0.473440,0.817828,-0.424077,-0.167511,-1.126919,0.000492,0.000492,0.000492,-0.519242,0.385072,-0.302020,0.547727,-0.798846,-0.289170,0.000492,0.000492,0.000492,0.578798,-0.783906,0.044540,-0.381684,-3.463517,0.499318,0.554052,0.003991,0.185509,-0.643978,-1.388887,-0.835008,0.000492,0.000492,0.000492,0.000492,0.000492,0.000492,0.000492,0.000492,0.000492,0.000492,0.000492,0.000492,0.000492,0.000492,0.000492,0.000492,0.000492,0.000492,-0.329150,0.349408,0.571736,-1.093736,0.489481,0.059439,-0.813443,0.832569,-0.645605,-0.671170,1.986673,0.402743,-0.245850,1.152280,-0.021408,-0.224814,-0.126875,0.091741,-0.062894,0.321242,0.862407,-0.732451,0.339705,2.056656,-0.499830,1.280789,-0.754263,-0.319805,0.532817,1.676174,0.375369,0.745185,1.131715,-0.209791,0.912671,0.803470,-0.703359,1.189505,0.682235,-0.339460,1.223599,0.995832,0.052139,1.293018,1.175238,0.319900,1.330953,0.605663,-0.622225,1.129359,0.524833,-0.233874,0.656974,0.997809,-0.190779,0.969113,1.271871,0.247266,0.110137,0.702654,-1.143115,1.162597,1.204196,-0.423812,-0.103194,0.606188,-0.461529,-0.183609,-0.059843,-0.502306,-0.263309,-0.614440,-0.294061,-0.351274,0.516785,-0.138468,-0.426725,1.233428,-0.653955,-0.273938,0.954294,-0.180024,-0.137093,0.013237,0.045988,-0.040336,0.077040,0.252773,0.092036,0.508417,-0.724806,-0.194187,0.335331,-0.202898,-0.018595,0.325169,-0.181543,0.068858,-0.025544,-0.242871,0.095064,0.129146,-0.646133,-0.104820,0.506348,-0.180878,0.062621,-0.443849,-0.093667,0.119575,0.416045,-0.383737,0.105523,-0.531109,-0.431350,0.003264,0.256676,-0.047416,0.148497,0.306245,-0.259649,0.149945,-0.279077,-0.521848,0.148632,-0.099774,0.198498,-1.442233,0.854866,-0.049057,-1.138757,-0.762821,0.329432,-1.201474,-1.485468,0.094668,-1.685264,0.120856,0.263449,-1.024147,0.477378,0.330594,-1.246743,0.859264,-0.198985,-1.692626,1.147942,0.149868,-1.179555,1.235400,0.234407,-1.347019,0.524316,0.230736,-1.294352,0.788360,0.203065,-1.021474,0.419979,0.423069,-1.500964,-1.114430,0.260173,-1.442338,-0.912642,0.122913,-0.622814,-1.475036,0.636261,-0.464272,-1.020741,0.467966,-0.382399,-0.477339,0.454103,-0.974267,-1.128892,0.131010,-1.834481,-0.732369,0.012224,-1.373010,1.175535,0.296044,-1.522838,0.654815,0.433584,-1.430565,0.839782,0.553562,-1.448237,0.324871,0.573844,-1.415701,-0.717692,0.522818,-1.323797,-0.910570,0.461048,-1.313811,0.295938,0.455389,-1.110634,-0.812188,0.219544,-0.873192,-0.730269,0.528323,-1.213709,0.058644,0.436944,-1.511564,-1.451199,0.330573,-1.619039,1.707207,0.470230,-1.357483,-0.579338,0.299432,-1.148421,0.357602,0.299109,-1.475828,-1.206756,0.176825,-1.397075,-0.817699,0.097344,-1.488011,0.318067,-0.007831,-1.316773,-0.490972,0.093866,-1.630069,-1.289100,0.141389,-1.256087,0.260526,0.264953,-1.402348,-1.125833,0.404409,-1.587497,1.220025,0.368254,-1.801771,-1.538102,0.051502,-1.332922,-1.014431,0.552422,-1.295715,-0.748277,0.375728,-1.225307,0.517986,0.222945,-1.077510,-0.159950,0.077214,-1.236701,-0.154789,0.120153,-1.069846,-0.440926,0.513941,-1.306897,-0.184055,-0.191135,-1.842879,-0.974876,-0.049496,-1.364751,0.289139,0.237838,-1.704581,-0.908884,0.244489,-1.542470,-0.550941,-0.061974,-1.621039,-0.155185,0.458776,-1.478780,0.603548,0.729075,-1.305225,-1.744405,0.478283,-1.651686,-0.837615,0.381549,-1.499647,-0.313161,-0.107493,-1.495371,1.330081,0.067560,-1.539369,2.515233,0.327135,-1.455025,0.328545,0.079501,-1.631788,1.724092,0.058358,-1.596354,-0.349207,0.121209,-1.596354,0.049502,-0.113349,-1.565160,-1.055050,0.509459,-1.234594,-2.441439,-0.102061,-1.590431,-0.829460,0.134339,-1.604629,0.076504,0.070213,-1.623335,0.000777,0.399831,-1.253429,1.472056,0.436779,-1.227305,-0.090291
0.102556,-2.057189,1.037973,0.694223,0.499676,0.515447,0.905653,-0.345361,0.281706,-0.439516,0.160705,0.270841,-0.329747,-0.035015,0.537135,0.767292,0.000383,-0.219235,-0.083922,-1.321972,-0.649934,-0.669138,-0.496110,0.617872,-0.770434,-0.833313,-0.077439,-0.915964,-0.446254,0.079125,-0.423699,-0.167511,0.498600,0.000492,0.000492,0.000492,-0.497905,-0.921053,-1.278735,-0.869000,1.315531,-0.577395,0.000492,0.000492,0.000492,0.602941,-0.774211,-0.151918,-0.372055,-3.453664,0.261879,0.562932,-0.044983,0.552603,-0.635817,-1.380733,-1.130432,0.000492,0.000492,0.000492,0.000492,0.000492,0.000492,0.000492,0.000492,0.000492,0.000492,0.000492,0.000492,0.000492,0.000492,0.000492,0.000492,0.000492,0.000492,-0.330628,0.330435,-0.049647,-0.689955,0.679503,0.617882,-0.465434,1.226926,0.138671,-0.366769,1.220322,0.513559,-0.211582,0.388745,0.981044,-0.441185,0.503224,0.574568,-0.125062,0.791732,1.684408,-0.898771,-0.422617,0.522829,-0.736089,-0.118859,-1.518147,-0.296198,0.732439,0.715337,0.324675,0.518972,0.564303,-0.116147,0.704700,0.418890,-0.163723,0.659730,0.254067,-0.033341,0.097997,0.805942,-0.030458,0.317015,0.539084,0.430048,0.928876,0.744148,-0.053805,0.508236,0.360699,-0.223200,0.381716,1.177759,-0.016195,0.636475,1.019022,0.364003,-0.461138,0.201431,0.994494,-0.887122,0.761977,-0.425164,-0.013090,1.163463,-0.517609,-0.107483,0.358025,-0.633186,-0.241040,0.322971,-0.431614,-0.329130,1.130196,-0.313114,-0.413178,1.323396,-0.550445,-0.148148,0.304880,-0.042497,-0.033722,0.323472,0.192100,0.068552,0.197493,0.390586,0.151596,0.298018,-0.450124,-0.070472,-0.109700,0.060027,0.133145,0.285743,-0.290991,0.239434,-0.828482,-0.638655,0.200847,-0.460720,-0.279019,0.054835,0.327349,0.240674,0.227888,0.581450,-0.184963,0.256243,-0.295000,-0.470863,0.234873,-0.102865,-0.091350,0.145935,-0.001570,0.175421,0.272848,0.894199,-0.121658,0.284472,0.392537,-0.414417,0.286269,0.038653,0.222985,-1.451956,0.017263,0.517593,-1.151555,-1.022980,0.628832,-0.910209,-0.755693,0.116284,-1.412674,-0.291172,0.286242,-1.046624,0.907677,0.347968,-0.967873,1.217995,0.092676,-1.448047,0.381600,0.160784,-1.205249,1.077289,0.241089,-1.373891,0.661336,0.234668,-1.331174,0.761841,0.203837,-1.064513,0.504783,0.420572,-0.977155,-0.767975,0.535679,-0.839121,-1.001446,0.445456,-0.664282,-1.572874,0.630361,0.254111,-0.324203,0.777727,-0.409865,0.252647,1.104610,-0.995414,-0.548860,0.152037,-0.971202,-0.348160,0.325213,-1.376393,0.328074,0.599848,-1.524634,-0.068372,0.445785,-1.097469,0.264030,0.563383,-1.452146,0.806164,0.580247,-1.026487,-0.155026,0.527582,-0.840571,-0.082393,0.724637,-1.314137,0.548941,0.456056,-0.703690,-0.080508,0.531532,-0.877187,-0.503837,0.536387,-1.220344,0.111760,0.444477,-1.523326,-0.386239,0.579751,-1.322861,1.023116,0.477499,-1.370977,0.461220,0.550928,-1.163983,0.157483,0.554540,-0.801631,-0.707645,0.456754,-0.964419,-0.022712,0.381851,-0.887351,-1.048009,0.507133,-1.336160,-0.415764,0.413536,-1.133362,-0.839765,0.461104,-1.266022,-0.029818,0.532672,-0.889643,-0.061737,0.415926,-1.206646,0.704128,0.640111,-1.279866,-0.162810,0.613618,-1.346310,-0.795110,0.557247,-0.818221,0.083158,0.379499,-1.233390,1.058608,0.225876,-1.085529,0.009454,0.382073,-1.243494,-1.137010,0.435668,-1.079628,-0.427372,0.517724,-1.317117,0.127163,0.066516,-1.865408,-1.889908,0.210901,-1.380833,-0.419149,0.247836,-1.322093,-0.451679,0.253417,-1.567979,-0.523085,0.465817,-1.307280,-1.001659,0.463453,-1.063476,1.037653,0.732785,-1.330803,-1.279130,0.483371,-1.235028,-0.829434,0.634142,-1.153473,0.268877,0.190474,-1.210790,0.246523,0.373413,-1.254142,1.531276,0.336825,-1.128776,0.602893,0.564313,-1.650671,0.078284,0.367674,-1.150098,-0.491978,0.130161,-1.150098,-0.323049,0.428805,-1.591458,-1.248265,-0.129716,-1.263099,-1.264748,0.436860,-1.158098,-1.172638,0.143364,-1.156951,-0.074093,0.379326,-1.176629,0.032627,0.415510,-1.262333,0.709800,0.723115,-1.234187,-0.114713
0.125848,-2.041575,0.423759,-0.223598,-1.136517,0.436507,0.484453,-0.954056,-0.076024,-0.363670,0.188594,0.075406,-0.327084,0.087964,0.138145,0.783381,0.028886,-0.348114,-0.080060,-1.321972,-0.843180,-0.669424,-0.487883,0.635100,-0.773628,-0.833313,0.732145,-0.923223,-0.437541,1.193217,1.451699,-0.167511,0.587835,0.000492,0.000492,0.000492,-0.504644,-0.926063,-1.137552,0.547727,-0.798846,1.649900,0.000492,0.000492,0.000492,0.635151,-0.778634,-0.547429,0.730332,0.200436,-0.239283,0.581049,-0.048264,0.585661,1.452951,0.439129,-1.369407,0.000492,0.000492,0.000492,0.000492,0.000492,0.000492,0.000492,0.000492,0.000492,0.000492,0.000492,0.000492,0.000492,0.000492,0.000492,0.000492,0.000492,0.000492,-0.331912,0.338024,0.304386,-0.169510,0.314555,1.015530,-0.188857,0.854156,0.319580,-0.368554,0.748085,0.595441,-0.504284,0.396492,1.078407,-0.442009,0.513914,0.879290,-0.126433,0.802155,1.196537,-0.623367,-0.047417,-0.685328,-0.454235,-0.528912,-1.103082,-0.551585,0.301078,0.737492,0.323643,0.524321,-0.580095,-0.117534,0.547437,-0.431129,-0.165294,0.345517,-0.435073,-0.034212,-0.325010,0.089964,-0.031643,-1.194781,-0.261796,0.428795,0.596062,-0.336926,0.183219,-0.193039,-0.138286,-0.224189,-0.273103,0.252019,-0.017532,-0.053142,-0.235173,0.136013,-0.458947,-0.613117,0.993777,-0.995654,0.165303,-0.355153,0.089428,0.323639,-0.522288,-0.034368,0.194841,-0.619946,-0.158765,1.047257,-0.448262,-0.253927,1.037502,-0.431744,-0.354795,1.299139,-0.380501,0.014540,0.634844,0.110147,0.123187,0.481516,0.289446,0.174273,0.203401,0.453485,0.246117,0.100490,-0.232481,0.120868,0.471230,0.252320,0.257847,0.133438,-0.161260,0.349992,-0.665855,-0.505739,0.328239,-0.246388,-0.053400,0.250353,1.024705,0.371188,0.358984,0.311869,0.019956,0.374051,0.064895,-0.292558,0.361483,-0.075668,0.139349,0.316419,-0.269190,0.382499,0.379125,0.241120,0.151392,0.400650,0.234080,-0.080513,0.429469,0.071584,0.555430,-1.326585,0.661098,0.519918,-0.972463,-0.609262,0.637908,-0.993882,-0.796194,0.129240,-1.444832,0.252607,0.322659,-0.707873,0.966337,0.416925,-0.908236,1.326979,-0.083836,-1.107227,0.793502,0.317473,-0.810909,1.124003,0.435566,-0.959112,1.125195,0.507192,-0.769297,0.948726,0.538385,-0.929676,0.586562,0.774589,-0.883720,-1.023512,0.659346,-0.832519,-0.968719,0.603796,-0.785565,-0.957295,0.776610,-0.006535,-1.415144,0.616649,-0.035503,-0.493474,0.605877,-0.738918,-0.778220,0.508471,-0.904810,-0.720253,0.378048,-0.961327,-0.297581,0.686371,-0.825949,-0.826827,0.557317,-0.763514,-0.334438,0.702394,-0.920338,0.680078,0.766624,-1.023811,0.061160,0.747490,-0.860838,0.394759,0.986218,-0.954137,0.058351,0.754719,-0.312412,0.419157,0.601128,-0.861132,0.162027,0.706030,-1.151402,-0.380964,0.609321,-0.865086,-0.039666,0.500536,-1.209849,0.351587,0.643067,-1.183924,0.470504,0.438396,-0.941286,-0.033655,0.457677,-0.573081,-1.043239,0.643761,-0.656366,0.016989,0.315569,-0.689123,-0.947598,0.469099,-0.613476,-0.518568,0.794611,-0.990332,-1.042088,0.557228,-1.156770,-0.208263,0.638277,-0.771948,0.461758,0.549925,-1.112418,0.688699,0.749558,-1.129580,0.098029,0.704472,-1.183928,-0.542533,0.782327,-0.712871,0.643260,0.624813,-0.650641,1.208259,0.540467,-1.006197,0.575840,0.713561,-0.771806,-1.663885,0.754642,-0.966572,-0.177817,0.779858,-0.649171,0.537016,0.176221,-1.532819,-1.764705,0.597324,-1.144126,0.064875,0.428514,-1.001715,-0.486690,0.459305,-0.723611,-0.186840,0.405594,-1.050276,-0.700130,0.681634,-1.147790,0.679545,0.410739,-0.951403,-0.933279,0.734188,-1.269891,-0.675293,0.583199,-0.803835,-0.176717,0.392169,-0.920768,0.636087,0.557719,-0.963461,1.804051,0.473965,-1.150466,0.711366,0.448025,-1.372131,0.670041,0.554067,-0.736573,-0.263043,0.336610,-0.736573,-0.058783,0.366943,-1.202963,-0.859541,0.157445,-0.840282,-0.963875,0.375367,-1.223817,-0.745755,0.351501,-0.742108,0.197461,0.565596,-0.762688,0.266171,0.531243,-1.161263,0.400282,1.002453,-0.733300,-0.444791
0.143634,0.402684,-0.051430,-0.234800,0.497677,0.392949,0.064114,-0.348253,0.233168,-0.289420,0.216005,0.002739,-0.249616,0.209542,0.346576,-1.047598,0.000383,-0.616499,-0.079099,-1.321972,-0.781150,-0.684698,1.513525,0.796960,-0.764854,0.251973,0.619715,-0.910916,0.455972,0.696756,-0.437586,2.128528,-0.960604,0.000492,0.000492,0.000492,-0.504774,0.357552,-0.454192,-0.861271,1.315531,0.114563,0.000492,0.000492,0.000492,0.670924,-0.774005,-0.642103,0.744996,0.241378,-0.399251,0.599166,-0.087979,0.423981,1.452504,0.454008,-1.096384,0.000492,0.000492,0.000492,0.000492,0.000492,0.000492,0.000492,0.000492,0.000492,0.000492,0.000492,0.000492,0.000492,0.000492,0.000492,0.000492,0.000492,0.000492,-0.342530,0.247047,0.341398,-0.011117,0.812234,0.480901,-0.104605,0.006923,0.173608,-0.329271,0.318466,0.298954,-0.467666,-0.472813,0.017500,0.107201,-0.287051,0.422338,-0.196314,0.286402,1.545329,-0.508689,0.193798,-0.430916,0.176623,0.467427,0.083554,-0.799793,-0.058999,1.174818,0.049997,0.228640,-0.219425,-0.517395,0.125023,-0.136245,-0.346684,-0.285508,0.011398,-0.834754,0.597857,-0.515225,-0.369770,-0.026471,-0.166660,-1.255730,-1.577354,-0.419854,-0.437371,-0.928625,-0.032352,-0.471182,-0.981361,-0.237860,-0.403361,0.240280,-0.137957,0.021476,-0.612901,-0.786173,0.937689,-1.235851,-0.105066,-0.250673,0.220491,0.786653,-0.477026,0.098984,1.083168,-0.601514,-0.021692,1.209177,-0.456652,-0.100971,0.756301,-0.473638,-0.237366,1.099773,-0.280789,0.221239,0.503913,0.204772,0.278528,0.340397,0.415242,0.318096,-0.027675,0.563010,0.361674,0.157961,-0.039166,0.319048,0.562678,0.363456,0.399010,0.054395,-0.023671,0.483003,-0.909526,-0.374484,0.453518,-0.427188,0.146022,0.408929,0.426485,0.505643,0.453508,-0.827675,0.138963,0.461994,0.058464,-0.116273,0.473529,-0.068860,0.327797,0.453806,-0.786075,0.638568,0.353336,-0.762538,0.402348,0.459653,-0.005322,0.159609,0.513250,-0.158124,0.566952,-1.195921,-0.420653,0.804884,-0.849523,-1.478944,0.647441,-1.188133,-1.193917,0.140042,-1.336472,0.618517,0.334212,-0.590075,0.518028,0.426514,-0.491203,0.987956,0.204509,-1.008951,0.659635,0.611923,-0.404450,1.008425,0.705244,-0.534039,1.085886,0.513810,-0.186820,0.151940,0.544383,-0.220674,0.131052,0.779360,-0.674058,-0.160766,0.663882,0.060427,0.111463,0.609110,-0.514549,-0.623748,0.781288,0.276576,-1.203841,0.939868,1.052677,-0.946760,0.942194,0.489053,-0.747774,0.841968,-1.615327,-2.103114,0.982128,-0.809576,0.482374,0.694972,-1.044223,0.077120,0.564988,-0.635073,0.353554,0.709392,-0.724308,1.429413,0.773011,-0.873939,-0.146922,1.009370,-0.674814,0.114505,0.991997,-0.803223,0.669802,0.760101,-0.155748,-0.323887,0.607258,-0.133126,-0.720201,0.969986,-0.581030,0.459408,0.862883,-0.670945,-0.104569,0.750545,-0.787380,1.515923,0.649297,-0.648774,0.494188,0.689069,-0.445500,0.792544,0.713133,-0.443659,-0.965272,0.650720,-0.486097,-0.928826,0.602464,-0.883142,-0.821132,0.732123,-0.445935,-0.583169,1.108875,-0.797020,-2.428421,0.872525,-0.482637,-0.612718,0.903804,-0.572657,0.509822,0.557692,-0.964435,1.941462,0.757085,-0.926462,-0.472772,0.988685,-0.406524,-0.967148,0.788474,-0.527424,0.043457,0.630824,-0.460078,1.342470,0.860080,-0.318329,-0.093344,0.719769,-0.620113,-0.805086,0.761288,-0.241324,-0.688268,0.786223,-0.441241,-0.236826,0.183370,-1.025819,-1.826472,0.604174,-0.743193,1.143246,0.732009,-0.850648,-0.959316,0.466966,-0.548764,-1.183717,0.412268,-1.260395,-0.649274,0.687593,-0.540171,0.893392,1.044229,-0.350629,-1.891554,0.740973,-1.104361,-1.230463,0.838105,-0.666058,0.674423,0.399563,-0.807754,0.925833,0.565537,-0.850190,2.214216,0.735350,-0.669416,1.082087,0.454711,-0.935273,1.158715,0.561973,-0.559532,-1.006351,0.646653,-0.559532,-0.870461,0.643612,-1.033661,-1.360524,0.814488,-0.659262,-2.497173,0.650387,-0.589995,-1.322327,0.359246,-0.564502,-0.883848,0.573498,-0.585467,-0.756902,0.860311,-0.558127,0.856718,1.008726,-0.571049,0.208963
0.147021,0.417283,-0.253639,-0.226902,-1.110102,0.341067,0.066386,-0.360621,0.273198,-0.215698,0.244053,-0.054348,-0.171895,0.362809,-0.026712,-1.044973,0.036066,-0.551385,-0.078453,-1.318599,-0.584044,-0.673243,1.521753,0.741178,-0.757667,-0.839641,-0.377429,-0.909317,-0.439288,0.422575,-0.489736,-0.167511,-1.069306,0.000492,0.000492,0.000492,0.135651,-0.936081,-0.491087,0.549161,-0.798846,0.307265,0.000492,0.000492,0.000492,0.683002,-0.764735,-0.781349,0.746305,0.251232,-0.462367,0.599524,-0.099024,0.404161,1.454656,0.465341,-0.898804,0.000492,0.000492,0.000492,0.000492,0.000492,0.000492,0.000492,0.000492,0.000492,0.000492,0.000492,0.000492,0.000492,0.000492,0.000492,0.000492,0.000492,0.000492,-0.331691,-0.223019,0.593709,-0.000588,-0.321856,0.672529,-0.093593,-0.375099,0.451629,-0.318333,-0.157598,0.787937,-0.456162,-0.467680,0.311612,-0.143426,-0.728468,0.113864,0.100702,-0.142229,1.087433,0.065151,0.574960,0.070728,0.188078,0.901226,0.118318,-0.789330,-0.051862,1.022948,0.058795,0.009558,-0.746479,-0.507519,-1.834973,-0.753049,-0.337053,-0.607551,-0.540554,-1.099620,-0.276065,-1.088579,-0.609051,-1.422668,-0.724317,-1.246992,-1.744433,-0.746933,-0.427745,-1.283543,-0.488244,-0.460907,-1.310092,-0.698049,-0.110745,-0.696015,-0.538666,-0.890652,1.224971,-0.999987,0.943804,-1.234081,-0.714660,-0.175973,0.326974,0.585957,-0.403313,0.221941,0.621400,-0.551321,0.088377,0.810283,-0.392011,0.058878,0.592718,-0.454996,-0.061961,1.180246,-0.226872,0.426917,0.591601,0.294473,0.446969,0.299466,0.485668,0.466853,0.064181,0.630376,0.497750,0.210825,0.073240,0.544448,0.829444,0.490685,0.559464,0.295997,0.030412,0.646155,-1.041335,-0.354986,0.617276,-0.498448,0.305641,0.614965,0.780520,0.592291,0.627292,0.025429,0.222608,0.623547,-0.002562,-0.081859,0.644117,0.072557,0.454133,0.657167,-0.321461,0.644906,0.601141,-0.904163,0.468179,0.626490,0.039889,0.224917,0.684114,0.055142,0.800875,-1.311869,0.748981,0.712305,-0.689068,-0.753720,0.828516,-0.778449,-0.594290,0.342593,-0.994383,-0.177176,0.535538,-0.585458,1.315040,0.568848,-0.525287,1.420253,0.297147,-0.789866,-0.256449,0.658014,-0.770840,0.651548,0.700789,-0.919588,0.402297,0.745122,-0.285060,-0.141401,0.727527,-0.309433,-0.119619,0.633715,-0.148299,-0.234615,0.761757,-0.548853,0.095455,1.040402,0.378992,-1.477394,0.864762,0.574471,0.057160,1.349836,0.700441,0.473936,1.370646,0.244680,0.225072,0.702670,-0.365631,-0.528956,0.833941,-0.827152,0.025035,0.810739,-0.341971,-0.634961,0.906383,-0.300258,-0.524659,1.010778,-0.230946,1.102075,0.770451,-0.093501,0.750394,0.976679,-0.171774,1.000106,0.927321,-0.774130,0.634220,0.663093,-0.140449,0.141644,1.092324,-0.152777,-0.567501,0.984793,-0.648562,0.556254,0.875217,-0.297417,1.228441,0.762707,-0.589413,0.100447,0.661531,-0.438659,0.800368,0.732002,-0.295817,-0.129820,0.740288,0.035226,-0.063666,0.662534,-0.316600,0.046054,0.871350,-0.142641,-1.401393,0.957980,-0.256347,0.420505,1.239434,-0.421244,-1.135255,0.987815,-0.587746,-0.594731,0.977776,-0.158945,1.083289,0.620922,-0.662543,0.582833,0.832201,-0.531624,0.482943,1.088405,-0.561231,-0.129450,0.755306,-0.139125,0.803555,0.842938,-0.538346,1.569280,0.778534,-0.395978,-0.133375,0.923011,-0.290632,-1.584409,0.679230,-0.350865,-0.761058,0.731961,-0.555692,0.021813,0.495655,-0.968514,-1.883904,0.648590,-0.674174,0.065257,0.762033,-0.337132,0.073392,0.779240,-0.430476,-0.597898,0.925373,-0.501278,-1.045063,0.655442,-0.432230,0.995125,0.973985,-0.704798,-1.024501,0.702210,-0.593764,-0.807130,1.069852,-0.619402,0.786120,0.699519,-0.771475,-0.992231,0.595793,-0.509110,0.276674,0.778199,-0.625445,1.059436,0.741588,-0.878656,-0.343968,0.592572,-0.467787,-0.218159,0.657416,-0.467787,-0.807631,1.168647,-0.485536,-0.958273,0.763367,-0.565456,-1.106629,1.172291,-0.497641,-1.078665,0.674931,-0.472465,-0.624217,0.604076,-0.493630,0.000564,0.966032,-0.655506,0.137372,1.225824,-0.641098,0.575341
0.159301,0.421310,-0.338323,0.722306,0.501348,1.367006,1.287193,-0.367323,0.951901,-0.213275,0.244582,0.000887,-0.017004,0.453831,-0.020811,0.808416,-0.037041,0.628540,-0.082628,-1.335423,-1.009122,-0.662684,1.501184,0.674873,-0.768382,0.283589,0.769578,-0.921007,0.476912,1.156986,-0.451840,-0.167511,-0.692674,0.000492,0.000492,0.000492,-0.502147,0.402604,-0.008451,0.543705,-0.798846,0.243948,0.000492,0.000492,0.000492,0.695968,-0.764104,-0.604754,0.753303,0.267886,-0.502673,0.624753,-0.070354,0.618368,1.461978,0.449402,-0.831334,0.000492,0.000492,0.000492,0.000492,0.000492,0.000492,0.000492,0.000492,0.000492,0.000492,0.000492,0.000492,0.000492,0.000492,0.000492,0.000492,0.000492,0.000492,-0.053221,-0.719646,1.130475,0.010159,-0.336952,1.147714,0.200729,-0.390519,0.677743,-0.306960,-0.664608,0.604977,-0.444185,-0.805584,0.755456,-0.394040,-0.746284,0.166082,-0.173172,-0.159628,1.091948,0.076557,0.560056,-0.117916,-0.088728,0.457250,-0.274866,-0.778654,-0.518909,1.473247,0.067583,0.000644,-0.857342,-0.248907,-1.677710,-0.857674,-0.327025,-0.620516,-0.531726,-0.535869,0.146899,-0.443950,-0.100180,-1.568283,-0.666174,-1.013118,-1.580057,-0.811427,-0.175502,-1.297869,-0.351376,-0.450836,-0.989354,-0.136482,-0.099353,-0.940845,-0.478799,-0.881137,1.130119,-0.922132,0.949912,-1.350617,-0.426525,-0.045462,0.401249,0.680386,-0.328877,0.304227,0.799187,-0.444819,0.178773,0.975392,-0.307743,0.203741,0.899378,-0.384766,0.101423,1.324800,-0.053519,0.581321,1.125616,0.424731,0.624043,0.498588,0.558181,0.606935,0.116007,0.709814,0.625402,0.663286,0.228132,0.702467,1.610477,0.595603,0.734511,0.397839,0.204694,0.710575,-1.176274,-0.098141,0.632008,-0.660307,0.405461,0.767656,0.979755,0.657982,0.773577,0.444971,0.344741,0.715816,-0.118737,0.026944,0.713533,-0.085805,0.515122,0.789597,0.139975,0.657652,0.765499,-0.378686,0.524927,0.722097,-0.033620,0.291873,0.758625,-0.248046,0.804040,-0.851325,0.696957,0.997490,-0.518022,-0.295031,0.844980,-0.561963,-0.158450,0.683419,-1.032227,-0.164709,0.582015,-0.251324,1.244457,0.647141,-0.469769,1.458549,0.409934,-0.718880,0.125946,0.827317,-0.379494,0.974038,0.907715,-0.507704,1.066458,0.742427,-0.151468,0.333256,0.782743,-0.180709,0.559099,1.001148,-0.635841,-0.492141,0.900006,0.094650,-0.035880,0.887683,-0.489170,-0.761543,1.026259,0.290055,-1.413105,0.889496,1.053331,-0.680799,0.889552,0.474719,-0.367272,0.747736,0.125354,-0.267159,0.897597,-0.425949,-0.890737,0.906113,-0.002020,-0.587429,0.761878,-0.312534,-0.320887,0.902750,-0.228743,0.734701,0.966850,-0.101501,0.711215,1.209357,0.279209,0.980263,0.937765,-0.032686,-0.698704,0.974100,0.235885,0.502079,0.864331,-0.154557,-0.083109,1.166204,-0.178982,-0.279325,1.051579,-0.164653,1.003065,0.936598,-0.175264,-0.198206,0.836445,-0.258534,0.780837,0.872007,-0.078613,0.114688,0.901597,0.258785,-0.051214,0.859960,-0.018987,-0.052688,0.818320,-0.258648,-1.388647,0.932541,-0.439488,-0.454012,1.329480,-0.293381,-0.974885,1.402357,-0.004240,-0.689036,1.094070,-0.057757,1.356027,0.764563,-0.188125,0.461048,0.950293,0.141494,0.838457,1.466732,-0.415598,0.232566,0.991376,-0.048681,0.677813,1.101832,0.028669,1.320202,1.109288,-0.332685,0.194006,0.965171,-0.229878,-1.709824,1.012061,-0.253805,-0.416425,1.006125,0.095977,0.343937,0.615861,-1.010158,-2.256249,0.793435,-0.440707,0.235734,0.956201,-0.021919,-0.263034,0.999153,-0.062469,-0.804188,1.140729,-0.582613,-1.049871,0.884276,-0.082115,0.973353,1.292321,-0.333577,-1.216945,0.965136,-0.188865,-1.142878,1.030916,-0.276063,0.882735,0.914795,-0.486894,-0.407550,0.791457,-0.528601,1.123107,0.926325,-0.301868,1.227475,1.112957,-0.922611,-0.008713,0.790450,-0.063177,-0.611781,0.877928,-0.063177,-0.826921,1.122083,-0.559382,-1.289114,0.419337,-0.151754,-1.067868,1.126005,-0.572387,-1.376960,0.897247,-0.066564,-0.654222,0.801825,-0.088612,-0.225476,1.094748,-0.567769,-0.187430,1.520121,-0.154020,-0.198603
2.215262,0.425858,-0.453177,-0.246909,0.511710,0.464037,-0.744116,-0.347209,0.482768,-0.140465,0.299036,0.187735,-0.014895,0.455156,0.040429,0.780757,0.028886,0.094594,-0.071395,0.349433,-0.609909,-0.655334,-0.496110,0.568072,-0.778074,-0.839641,0.293217,-0.917315,-0.446254,0.496286,-0.446207,-0.167511,-1.312848,0.000492,0.000492,0.000492,-1.153918,-0.928567,-1.327848,-0.865275,-0.798846,0.800412,0.000492,0.000492,0.000492,0.719675,-0.762626,-1.048113,0.762719,0.304294,-0.690041,0.642870,-0.080214,0.487049,1.469693,0.458269,-0.740117,0.000492,0.000492,0.000492,0.000492,0.000492,0.000492,0.000492,0.000492,0.000492,0.000492,0.000492,0.000492,0.000492,0.000492,0.000492,0.000492,0.000492,0.000492,-0.065758,-0.101731,-0.429676,0.192772,0.133591,1.310790,0.010653,-0.279613,0.512520,-0.397117,-0.823312,1.152891,-0.243501,-0.405774,0.856107,-0.472944,-0.109059,1.473704,-0.058809,-0.082971,0.233732,-0.456828,-0.005724,-0.531727,-0.497313,-0.766165,-0.591492,-1.065670,0.119255,-0.124717,-2.352582,-2.717432,-1.751294,-0.207029,-1.456761,-1.627526,0.017260,-0.695836,-1.315688,-1.403997,-0.887811,-1.528953,-1.392651,-1.410442,-1.687969,-0.982598,-0.813942,-1.592576,0.084252,-0.602323,-1.635851,-0.470398,-0.305173,-1.283738,-0.186972,-1.525796,-1.649511,-1.310571,1.092178,-0.668501,0.756969,-0.892454,-1.370187,-0.051401,0.474165,1.091676,-0.299270,0.388318,0.775559,-0.378399,0.284377,1.384082,-0.275307,0.275647,1.039443,-0.329247,0.187797,1.346432,-0.062572,0.686421,1.228853,0.470213,0.742696,0.598126,0.571709,0.708717,0.697039,0.724829,0.678480,0.681383,0.211203,0.805995,1.639893,0.619838,0.829228,0.205061,0.245825,0.766613,-0.508638,-0.098649,0.713922,-0.210105,0.437068,0.885332,1.591669,0.680513,0.852609,1.231777,0.355224,0.781972,0.076560,0.029406,0.755371,-0.152875,0.570007,0.863618,0.629002,0.667486,0.822332,0.540983,0.536329,0.773755,0.117604,0.278544,0.794839,-0.509000,0.845523,-0.820431,-0.156724,1.028973,-0.173723,-0.106985,0.876238,0.058738,0.471243,0.717716,-0.454899,-0.511775,0.615167,-0.271355,1.313432,0.668133,-0.192454,1.387802,0.700159,-0.479318,-0.524085,0.826843,-0.415031,0.838461,0.896144,-0.545384,0.795266,1.007345,-0.201631,-0.031269,0.745279,0.284000,0.531317,0.956156,-0.682312,-0.058653,1.127764,0.062089,0.571882,0.821261,0.234194,-1.092847,0.966679,1.069432,-1.026312,1.143241,1.104203,-0.419145,1.153879,0.567502,-0.472106,1.100614,0.183206,-0.680584,1.217875,-0.363414,-0.703680,0.921595,0.056125,-0.469684,0.769329,0.080792,-0.523287,0.903194,-0.147552,0.613591,0.956195,-0.037078,0.934110,1.191391,0.363946,1.267859,1.175120,-0.355561,0.134128,0.940859,0.308282,0.399478,1.133404,-0.070649,-0.352461,1.159452,-0.538699,0.198964,1.044675,-0.111104,1.438483,0.929791,-0.456388,0.001913,0.829598,-0.234829,1.053403,1.116270,-0.067327,-0.150850,0.898024,0.266733,0.224450,0.851851,-0.009319,-0.292114,1.084605,0.059241,-1.501520,1.172081,0.024826,0.204802,1.652772,-0.239203,-0.908522,1.722589,0.052878,-0.726041,1.101271,0.004664,1.483191,1.045971,-0.143995,0.374845,0.957604,0.197512,0.772451,1.478639,-0.356859,0.606429,0.973148,0.010249,1.079307,1.079330,0.094163,1.488989,1.077501,-0.266849,0.055382,1.234856,-0.178982,-1.868587,0.980075,-0.190566,-0.519515,0.982296,0.161105,0.435429,1.117301,-0.650643,-2.189506,1.046140,-0.443676,0.355825,0.951447,-0.023982,0.072027,0.989706,-0.065678,-1.286387,1.389623,-0.249089,-0.918433,1.118004,-0.085867,0.541257,1.576467,-0.342480,-1.581460,1.230735,-0.203630,-1.525797,1.265832,-0.289635,1.645448,1.196700,-0.498548,-0.964051,0.786666,-0.540281,0.283988,0.926325,-0.314659,1.767438,1.353240,-0.611165,-0.076006,0.785605,-0.072881,-1.057763,1.170587,-0.072881,-1.466589,1.377750,-0.110977,-0.926768,0.719961,-0.161676,-1.066594,1.380148,-0.118513,-1.028293,1.192300,-0.076299,-1.372699,0.796983,-0.098326,-0.743442,1.106630,-0.516669,-0.427463,1.492853,-0.098844,-0.132899
2.226275,0.441441,-0.659917,-0.230577,0.506692,0.869718,-0.752347,-0.344782,0.526108,-0.140878,0.299459,0.174643,-0.094786,0.456212,0.099864,0.842829,-0.031710,0.977759,-0.048910,0.383122,-0.094210,-0.649454,1.505298,0.452245,-0.767700,-1.935449,-1.065389,-0.906857,-1.353741,-0.713772,-0.471349,-0.167511,-0.145216,0.000492,0.000492,0.000492,-0.502398,-0.956087,-2.641196,0.571509,-0.798846,1.792637,0.000492,0.000492,0.000492,0.732641,-0.761147,-1.269732,0.770371,0.315629,-0.837057,0.637894,-0.089163,0.403845,1.471006,0.438069,-0.995671,0.000492,0.000492,0.000492,0.000492,0.000492,0.000492,0.000492,0.000492,0.000492,0.000492,0.000492,0.000492,0.000492,0.000492,0.000492,0.000492,0.000492,0.000492,-0.056618,-0.636212,0.794022,0.107463,-0.098661,0.459313,0.388336,-0.338131,0.080685,-0.069506,-0.753669,-0.458176,-0.480101,-0.926815,1.000120,-0.174780,-1.312287,0.512621,-0.111005,-0.563884,0.996817,-0.327169,-0.473215,-0.380164,-0.431311,0.247136,-1.546922,-0.794869,-1.085745,0.378740,-2.225852,-3.258894,-1.102903,-0.344722,-2.211899,-0.871835,-0.389912,-1.306098,-0.748502,-1.110161,-1.251377,-1.338087,-1.243100,-1.766154,-1.141321,-1.103457,-1.950910,-0.679450,-0.276973,-1.655651,-0.894640,-0.458145,-1.638823,-0.687981,-0.277512,-1.935063,-0.968205,-1.207917,1.153471,-0.932247,0.854398,-1.339051,-0.935595,-0.118545,0.512412,1.256377,-0.274039,0.397177,1.341477,-0.388371,0.301358,1.252615,-0.284726,0.293010,0.862229,-0.323630,0.213232,1.241450,-0.107100,0.695620,1.033055,0.459995,0.752033,0.717567,0.562143,0.725626,0.832898,0.730461,0.702323,0.399917,0.236217,0.838127,1.286620,0.609326,0.846456,0.415588,0.283711,0.776034,-0.944851,-0.093042,0.739552,-0.454464,0.426441,0.894167,1.715638,0.654833,0.869513,1.375116,0.361195,0.791270,-0.078994,0.035048,0.764720,-0.478807,0.545382,0.872300,0.712359,0.644020,0.838969,0.511501,0.557016,0.790672,-0.052649,0.299285,0.796197,-0.606326,0.853869,-0.475236,-0.472271,1.035975,-0.175952,-0.064230,0.883392,0.056377,1.143113,0.725551,-0.165007,-0.451149,0.623757,0.046009,1.321150,0.675654,-0.194787,1.344218,0.986855,-0.212909,-1.107006,0.833624,-0.417554,0.304733,0.902382,-0.548022,0.335561,1.014222,-0.205246,-0.560327,1.046845,0.279603,0.280040,0.962304,-0.686666,-0.203961,1.134205,0.057104,0.745242,1.159505,0.228655,-1.242955,1.263866,1.064312,-0.900736,1.150233,1.099571,-0.252307,1.161172,0.562193,-0.232420,1.431099,0.180611,-1.146710,1.522305,0.033733,-1.338690,0.928716,0.406219,-0.454275,1.042298,0.078795,-0.544597,1.167044,-0.150164,0.931975,0.962164,-0.039401,0.749461,1.197450,-0.126715,1.519189,1.181116,-0.357562,0.778358,0.946936,0.305845,0.774166,1.140588,-0.073301,-0.099333,1.422743,-0.127895,0.665708,1.050532,-0.114169,1.945186,0.935566,-0.151636,-0.109570,1.080453,-0.237469,1.036524,1.122058,-0.069763,-0.100575,0.903911,0.264387,0.212571,0.858348,-0.012783,-0.351040,1.370538,0.057153,-1.251706,1.178175,0.021780,0.621763,1.660247,0.269639,-0.633489,1.730095,0.049982,-0.680256,1.107379,0.001562,1.549823,1.052552,-0.146303,0.300288,0.963807,0.194307,0.830325,1.485186,-0.360220,0.853243,1.238650,0.007328,1.610305,1.085568,0.091186,1.469650,1.084915,-0.269803,-0.169807,1.241842,-0.181357,-2.080854,0.987534,0.332085,-0.661762,0.988902,0.157868,0.352794,1.123399,-0.283611,-1.701017,1.052128,-0.445901,0.885124,0.958461,-0.027098,0.002953,1.298170,-0.069243,-1.589897,1.658293,-0.251341,-0.813192,1.123972,-0.089237,0.448550,1.583607,-0.345800,-1.064703,1.237529,-0.207036,-1.456345,1.271707,-0.292457,1.714430,1.494918,-0.500889,-1.104422,1.091504,-0.542628,-0.633866,0.932361,-0.317319,1.930482,1.358920,-0.613590,-0.556971,1.093894,-0.076499,-1.247122,1.479870,-0.076499,-1.755365,1.653732,-0.114468,-0.489235,1.051915,-0.165376,-1.541608,1.654484,-0.122047,-0.695180,1.504112,-0.079929,-1.877366,1.105069,-0.101948,-1.065662,1.114486,-0.082018,-0.599292,1.499381,-0.101030,0.462279
2.234341,0.449524,-0.829825,-0.235528,0.518727,0.551666,-0.339217,-0.342821,0.457063,-0.143245,0.298983,0.046083,-0.014970,0.453609,-0.080768,0.830483,-0.063695,0.932766,-0.043774,0.369630,-0.230573,-0.645348,1.497071,0.367381,-0.768270,-0.837532,-0.393146,-0.916824,-0.441013,0.204838,-0.490480,2.128528,-1.054352,0.000492,0.000492,0.000492,-0.503022,-0.933576,-1.028785,0.572942,-0.798846,0.919411,0.000492,0.000492,0.000492,0.737568,-0.757778,-1.574181,1.870127,0.342183,-0.966286,0.646415,-0.072450,0.696003,1.465416,0.467828,-0.890831,0.000492,0.000492,0.000492,0.000492,0.000492,0.000492,0.000492,0.000492,0.000492,0.000492,0.000492,0.000492,0.000492,0.000492,0.000492,0.000492,0.000492,0.000492,-0.053857,-0.173735,0.556220,0.109790,-0.475685,0.486594,0.390585,-0.723237,-0.242880,-0.067722,-1.237481,-0.187959,-0.478224,-1.249257,1.895650,-0.171878,-0.874433,-0.355836,-0.108055,-0.999492,1.215563,-0.048190,-0.106957,-0.057358,-0.145792,-0.176486,-1.770771,-0.283667,-0.647246,0.658279,-2.010498,-3.262460,-1.314071,-0.098168,-1.731003,-1.265744,-0.144664,-0.989286,-0.793638,-0.020389,0.042054,-0.364302,-0.750478,-1.767267,-1.120642,-1.101670,-1.783815,-0.992370,-0.036670,-1.306429,-1.002048,-0.210754,-0.981361,-0.225882,0.001692,-1.707069,-0.963072,-0.979570,1.062271,-0.958119,0.855722,-1.120205,-1.270398,-0.111446,0.466985,1.348932,-0.210479,0.347628,1.287056,-0.247710,0.254985,1.310490,-0.162998,0.227928,1.300173,-0.235152,0.130087,1.208194,0.060231,0.635764,1.308298,0.465249,0.730450,0.732971,0.618067,0.711902,0.826394,0.815992,0.719112,0.528758,0.252645,0.774082,1.467155,0.667942,0.851121,0.110262,0.642197,0.780289,-0.055309,0.365906,0.702974,-0.922854,0.426045,0.840943,1.688431,0.725235,0.907232,0.787028,0.569253,0.813126,-0.313141,0.288997,0.754447,-0.848377,0.530819,0.858398,0.567433,0.633840,0.846606,0.756862,0.546548,0.797961,-0.393995,0.347433,0.787502,-0.728328,1.086069,0.068877,-1.141644,1.236504,0.092425,-0.060448,0.809906,0.077547,1.541027,0.972388,0.220382,-0.807813,0.922481,0.217963,0.524996,0.989595,0.024720,0.581826,1.620638,-0.528900,-0.454027,1.261737,-0.449790,0.287349,1.101314,-0.578324,1.155228,1.316171,0.175020,-0.161404,1.137289,0.175937,0.741282,1.383134,-0.314365,-0.456212,1.054468,0.347956,0.008775,1.084953,-0.368492,0.448099,0.914253,0.254111,-1.752584,0.760476,0.855101,0.502120,1.086675,0.053068,1.330076,1.391490,-0.149796,-1.091812,1.516265,0.076656,-1.675096,1.256363,0.424408,-0.416833,1.122227,0.433307,-0.804572,1.288597,-0.106051,0.223885,1.150025,0.379532,1.987844,1.176243,-0.140759,0.619611,1.207350,0.008129,-1.292450,1.290041,0.294017,1.282665,0.954456,-0.034488,0.723790,1.330841,-0.430232,-0.235179,1.212252,-0.408003,1.780836,1.095021,0.025304,-0.063942,1.243522,-0.348436,0.523143,1.237061,-0.102753,0.154479,1.043961,0.252322,0.092202,1.040470,-0.023254,-0.000145,1.594927,-0.273309,-1.275332,1.413585,-0.024198,0.075485,1.685286,-0.022912,0.465899,1.783217,-0.268680,-0.780640,1.181786,-0.347533,1.926871,1.161163,0.003651,-0.321579,1.039364,-0.113084,1.551282,1.536567,-0.112381,0.669108,1.220190,0.172435,1.390262,1.090917,-0.282289,0.797221,1.123317,-0.141945,0.916163,1.005510,0.340881,-1.524443,1.026178,-0.016518,0.640747,1.276286,-0.206359,1.396928,1.211870,-0.165229,-1.584128,1.171106,-0.392470,0.915397,1.128102,0.033610,-0.049659,1.200702,0.006050,-1.040699,1.609626,-0.209535,-1.026488,1.360238,-0.013174,0.769582,1.924484,-0.235656,-1.001143,1.509675,-0.058569,-1.372505,1.479884,-0.160363,1.421659,1.702540,-0.388919,-0.969449,1.266001,-0.430404,-0.390240,1.052278,-0.192828,1.768746,0.982284,-0.526229,-0.486019,1.270367,0.043551,-1.012984,1.385738,0.043551,-1.617019,1.876294,-0.004699,-0.832320,1.696301,-0.042628,-1.386089,1.875720,-0.010939,-0.974405,1.409211,0.040504,-1.713469,1.281426,0.018224,-0.973661,1.184780,-0.362284,-1.036974,1.524705,0.018761,-1.607427
2.246181,0.433388,-0.932675,-0.229658,0.502021,0.580948,-0.748974,-0.343054,0.350333,-0.217380,0.271465,-0.131203,-0.170683,0.394019,-0.012850,0.827494,-0.054883,0.342521,-0.039598,0.362884,-0.481555,-0.643592,-0.512565,0.188072,-0.180166,-4.133419,-1.258147,-0.289857,-3.170420,-0.890588,-0.461972,-0.167511,0.501994,0.000492,0.000492,0.000492,0.136146,-3.548332,-2.500354,-0.861848,-2.913224,1.256117,0.000492,0.000492,0.000492,0.743819,-0.761571,-1.538977,1.873186,0.321689,-0.843870,0.656726,-0.066180,0.712952,1.480453,0.461794,-1.015918,0.000492,0.000492,0.000492,0.000492,0.000492,0.000492,0.000492,0.000492,0.000492,0.000492,0.000492,0.000492,0.000492,0.000492,0.000492,0.000492,0.000492,0.000492,0.197219,-0.113068,0.749173,0.198455,-0.246452,1.294289,0.291728,0.077776,1.279239,-0.117043,-0.374321,1.211666,-0.234819,-0.423817,1.908620,-0.216513,-0.134002,0.802310,0.223222,-0.110878,0.323581,0.094663,-0.026552,-0.871726,0.069151,-0.786477,-1.822738,-0.061322,-0.340654,0.084239,0.172771,-0.343111,-0.738447,0.280555,-0.355873,-0.602822,0.023749,-0.394589,0.044450,0.204106,-0.908763,-0.004286,0.060663,-1.552732,-0.287077,-0.107129,-0.657725,-0.501532,0.559275,-0.619514,-0.053898,0.014892,-0.973336,0.036256,0.091331,-1.309003,-0.472849,0.255497,-0.690965,-0.984344,1.052140,-1.113972,-0.483751,-0.078667,0.408932,0.801463,-0.126511,0.277543,0.627092,-0.097437,0.202555,0.751903,-0.042408,0.144798,0.989631,-0.049550,0.057457,1.435802,0.316252,0.524598,0.645099,0.653908,0.666399,0.847656,0.788654,0.688900,0.413619,0.954971,0.726988,0.741528,0.414535,0.638794,0.837803,0.774038,0.831529,0.231719,0.911302,0.817286,0.363672,1.020820,0.797098,0.947945,0.441371,0.750992,0.204388,0.681281,0.908360,-0.708352,0.896453,0.878729,0.053803,0.937348,0.812843,0.584408,0.421411,0.804730,-0.809695,0.668775,0.823041,-0.445089,0.746137,0.821309,-0.776843,0.832884,0.779911,-0.731291,1.093840,0.063010,-1.124604,1.242576,0.086869,0.087148,0.816352,0.072334,1.590136,0.979685,0.215440,-0.817986,0.930179,0.211991,0.389191,0.996600,0.019299,0.164450,1.626808,-0.533918,-0.457330,1.267807,-0.154230,-0.003048,1.106864,-0.269229,1.032393,1.322309,0.167056,-0.163789,1.143287,0.166714,0.672753,1.388589,-0.902612,-0.052732,1.060190,-0.323124,0.023659,1.091703,-0.381483,0.737312,0.625922,-0.525894,-1.582981,0.766964,0.841750,0.249208,1.093420,0.037967,1.260091,1.724709,-0.157220,-1.275223,1.823460,-0.333336,-1.426158,1.262754,0.418742,-0.665348,1.128107,0.427883,-0.859068,1.294049,-0.114348,0.439655,1.155361,0.373175,1.784096,1.181650,-0.148631,0.460714,1.212902,0.401253,-1.315762,1.295661,0.287388,1.351051,1.279519,-0.042970,0.551600,1.336503,-0.437237,-0.188106,1.217470,-0.416718,1.694014,1.100166,0.020367,-0.036868,1.248722,-0.355029,1.047275,0.995689,-0.108868,-0.076753,1.049222,0.246433,0.170947,1.046278,-0.030986,-0.185772,1.601091,0.034096,-1.294577,1.419016,-0.031805,0.260482,1.691984,-0.031589,0.432153,1.789954,-0.276544,-0.852520,1.187459,-0.356458,1.903540,1.167275,-0.002654,-0.360307,1.045125,-0.122202,1.611771,1.542629,-0.121922,0.632307,1.225461,0.164130,1.315855,1.096265,-0.290355,0.742891,1.129664,-0.149947,0.971582,1.320711,0.334088,-1.704023,1.032565,-0.025431,0.714399,1.282180,-0.215671,1.458755,1.217335,-0.171486,-1.395519,1.176443,-0.397663,0.965173,1.134364,0.026369,-0.032350,1.207335,-0.001923,-1.056330,1.615169,-0.215189,-0.986641,1.365556,-0.021045,0.811366,1.930836,-0.243080,-1.265621,1.515729,-0.066521,-1.227993,1.485160,-0.166983,1.473937,1.708718,-0.394361,-0.983713,1.272301,-0.435858,-0.691081,1.057657,-0.199066,1.772164,1.229459,-0.531891,-0.541028,1.276738,0.035459,-1.242239,1.392119,0.035459,-1.643404,1.609435,-0.012815,-0.779158,1.703166,-0.050902,-1.513816,1.610451,-0.019154,-0.945417,1.415644,0.032386,-1.794038,1.287793,0.010123,-1.267091,1.191810,-0.369305,-1.146419,1.242471,0.011849,-1.600231
2.242381,0.433388,-0.897974,-0.249664,-1.131173,0.459327,-1.160693,-0.358539,0.352369,-0.513809,0.188964,0.041034,-0.248599,0.241751,0.098965,0.829365,-0.083386,0.404022,-0.047949,0.373003,-0.029463,-0.653272,-0.500224,0.262908,-0.181307,0.262495,-0.880162,-0.917315,0.462959,-0.110565,-0.500234,-0.167511,-0.006720,0.000492,0.000492,0.000492,0.776937,0.377558,-0.537620,0.570075,-0.798846,-0.664712,0.000492,0.000492,0.000492,0.743382,-0.752301,-1.582642,1.871663,0.306561,-0.745959,0.668804,-0.063483,0.783338,1.479587,0.438069,-0.971477,0.000492,0.000492,0.000492,0.000492,0.000492,0.000492,0.000492,0.000492,0.000492,0.000492,0.000492,0.000492,0.000492,0.000492,0.000492,0.000492,0.000492,0.000492,0.189777,-0.101731,1.405185,0.190870,-0.234412,1.853310,0.557280,-0.285780,1.213481,-0.125080,-0.362745,1.267604,0.042626,-0.728216,1.973774,0.029121,-0.554039,1.234150,0.215051,-0.522067,0.200424,-0.185667,-0.741220,-1.400611,0.060675,-1.186394,-1.362734,0.181548,-0.326380,0.020459,0.166561,-0.553299,-0.503197,0.032820,0.123722,-0.170311,0.256031,-0.701035,0.303133,0.463708,-0.898308,0.364236,0.294987,-1.548282,-0.120317,0.103885,-0.652286,-0.095002,0.317821,-0.608054,0.206996,0.007981,-0.636579,0.303139,0.355554,-1.529537,-0.437208,0.471772,-0.688044,-0.842602,1.047824,-1.111311,-0.136284,-0.313864,0.269730,0.519214,-0.072266,0.138492,0.366000,0.281643,0.092921,0.742832,0.296081,0.113794,0.944748,0.285597,0.028367,0.997713,0.576693,0.443260,0.820247,0.785088,0.647226,0.556177,0.937641,0.716490,0.462251,1.061080,0.783093,0.675316,0.637158,0.564385,0.565775,0.840173,0.832963,0.212923,1.046817,0.890273,0.492850,1.185647,0.942078,1.046659,0.500692,0.683202,0.453122,0.587203,0.922693,-0.273922,0.908125,0.964179,0.550537,1.164162,0.993786,1.518054,0.338511,0.736157,0.118759,0.555551,0.866182,-0.213892,0.731329,0.888422,0.565339,0.920191,0.880628,0.665195,0.978040,0.975572,-0.044860,1.417240,0.894775,-0.499969,0.992660,0.470794,0.469179,0.851948,0.543931,0.288906,1.122916,0.205236,-0.317518,1.130632,-0.024094,-0.480355,1.985983,-0.320498,-0.756805,1.304906,-0.531201,-0.477854,1.095519,-0.353274,0.166959,1.255096,0.058354,-0.289110,1.023868,0.065265,0.425037,1.233605,-0.380201,-0.322100,1.152595,-0.293302,0.367918,1.187807,-0.226790,-0.527407,1.291938,0.526929,-1.304783,1.178510,0.471393,0.012997,0.857351,-0.225281,0.749803,1.571486,-0.233978,-1.022514,1.661934,0.036428,-1.774040,1.370170,0.402033,-0.270076,1.196735,0.411890,-0.714144,1.331373,-0.668434,0.241134,1.146181,0.351470,1.673369,1.143552,-0.146141,0.721712,1.142221,0.015495,-1.126573,1.190347,0.289485,1.461453,1.444318,-0.076007,0.451683,1.344558,-0.515946,-0.222318,1.223548,-0.568648,1.710273,1.106158,-0.100448,-0.018844,1.252876,-0.543073,1.032904,1.032849,-0.329415,-0.248182,1.070285,0.020827,0.517097,1.050917,-0.331275,-0.046912,1.580480,-0.162033,-1.141608,1.380752,-0.303083,0.603206,1.508281,-0.182855,0.472420,1.587079,-0.395310,-1.049980,1.255750,-0.480394,1.553661,1.222049,0.286657,-0.394347,1.114471,-0.281141,1.713930,1.357443,-0.292873,0.029249,1.185056,0.048803,1.922450,1.039223,-0.382244,0.704298,1.040963,-0.241110,0.560630,1.210815,0.651046,-1.972340,1.259082,-0.149192,0.517041,1.219661,-0.344979,1.414909,1.022733,-0.126695,-0.584759,1.212975,-0.335830,0.107823,1.157129,0.121893,0.069878,1.210138,-0.367564,-0.882571,1.593838,-0.132164,-0.614572,1.324267,-0.368522,0.680039,2.163290,-0.170391,-0.894322,1.466781,-0.464593,-0.944832,1.461161,-0.504023,1.492914,1.704770,-0.673763,-1.238132,1.292974,-0.407794,-1.271909,1.094478,-0.516707,1.064083,0.789205,-0.164080,-0.668058,1.297645,-0.364710,-0.717362,1.392629,-0.364710,-1.346486,1.858266,-0.391621,-0.321252,1.966142,-0.460063,-0.739909,1.857798,-0.402580,-0.535598,1.416158,-0.369059,-1.444999,1.308687,-0.390450,-0.726871,1.290765,-0.039822,-1.007845,1.455957,-0.073087,-1.591290
2.236021,0.429885,-0.853449,-0.224337,-1.132499,0.733347,-0.748974,-0.364896,0.028142,-0.663505,0.132976,0.534053,-0.330988,0.179791,0.288479,0.843947,-0.095788,0.261464,-0.039912,0.389868,0.131478,-0.648880,-0.496110,0.288612,-0.179255,0.254083,-1.030156,-0.906733,0.461212,-0.201442,-0.491980,-0.167511,-0.676639,0.000492,0.000492,0.000492,0.153112,-0.901047,-0.366500,0.553165,1.315531,-0.564697,0.000492,0.000492,0.000492,0.740243,-0.764529,-1.608147,1.867937,0.292128,-0.675592,0.659567,-0.082602,0.718729,1.480873,0.435236,-1.116278,0.000492,0.000492,0.000492,0.000492,0.000492,0.000492,0.000492,0.000492,0.000492,0.000492,0.000492,0.000492,0.000492,0.000492,0.000492,0.000492,0.000492,0.000492,0.192331,-0.097936,1.093410,0.194032,-0.602378,1.080322,0.287683,-1.410297,1.160487,-0.120844,-0.834935,1.261854,0.047081,-0.413488,1.350726,0.031402,-0.554039,0.936285,0.218236,-0.947210,-0.999656,-0.181860,-0.741220,-1.282156,0.065025,-1.189787,-0.852702,-0.066247,-0.326380,0.314684,-0.250886,-1.205215,-0.998187,0.036172,-1.617927,-0.832000,0.259761,-1.017848,-0.282975,0.466119,-0.898308,0.225636,0.056697,-1.549394,-0.789275,-0.110518,-1.148100,-0.630318,0.790153,-0.957241,-0.166415,0.010345,-0.636579,-0.056637,0.359129,-1.303391,-0.772015,0.920415,-1.665712,-1.249861,1.049740,-1.111311,-0.737644,-0.521691,0.099237,0.249751,-0.237038,0.036923,0.084666,0.220336,0.087199,0.654992,0.498736,0.130967,0.967248,0.523979,0.052359,1.183178,0.750086,0.384395,0.598424,0.942511,0.658928,0.542068,1.041813,0.774508,0.511921,1.175452,0.891650,-0.047119,0.731661,0.485247,0.528907,0.832749,0.791383,0.202580,1.027151,0.944435,0.456509,1.198349,1.037021,1.308220,0.538650,0.577516,0.832608,0.531222,0.875736,-0.221134,0.841094,1.011191,0.585560,1.088135,1.065139,1.160527,0.295655,0.640673,0.371848,0.474604,0.858849,0.471543,0.605154,0.911998,0.347284,0.765323,0.936195,0.663896,0.980630,0.269590,-0.554538,1.419336,0.227859,-0.522980,0.994806,0.153912,1.131062,0.854376,0.537741,0.151318,1.125578,0.198460,0.160855,1.133227,-0.030293,-0.328846,1.707838,-0.056386,-1.170069,1.307828,-0.238389,-0.530038,1.098417,-0.359344,-0.092474,1.258530,0.050067,-0.488421,1.323696,0.054720,0.374817,1.237248,-0.391804,-0.166442,1.156646,-0.307135,0.276526,1.192288,-0.242879,-0.579522,1.296115,0.509636,-1.278710,1.183102,0.452674,-0.025840,0.862091,-0.247165,0.399466,1.573942,-0.244752,-1.118204,1.962842,-0.374567,-1.289378,1.372870,0.392787,-0.861699,1.199224,0.064811,-0.699994,1.333992,-0.681527,0.488852,1.148958,0.341473,1.920859,1.146599,-0.158537,1.332972,1.145332,0.005461,-1.110679,1.193481,0.279045,1.286029,1.132319,-0.089392,0.289186,1.347172,-0.526098,-0.185919,1.226051,-0.581278,1.778295,1.108626,-0.107721,0.031860,1.255569,-0.552293,1.290385,1.035118,-0.337979,-0.057687,1.072804,0.012868,0.320385,1.053925,-0.341747,-0.004019,1.583562,-0.169086,-1.221608,1.383813,-0.313333,0.395651,1.816864,-0.195430,0.209590,1.589672,-0.407737,-0.734217,1.258147,-0.493310,1.799280,1.224632,-0.116456,-0.370383,1.116905,-0.294354,1.678173,1.636743,-0.306727,0.560841,1.187916,0.036784,1.895842,1.042351,-0.395017,0.763902,1.044659,-0.253782,0.697082,1.214676,0.238731,-1.705794,0.947026,-0.162090,0.465402,1.222964,-0.358455,1.394622,1.274286,-0.134850,-0.536639,1.215539,-0.342261,0.331780,1.160123,-0.296099,0.082406,1.213211,-0.378309,-0.736405,1.596722,-0.139783,-0.743192,1.327238,-0.378253,0.845001,1.852655,-0.619507,-1.035335,1.469926,-0.474457,-0.891300,1.463893,-0.512208,1.428624,1.707975,-0.680228,-1.125485,1.296001,-0.414549,-1.205737,1.097063,-0.524420,1.263911,1.031714,-0.170817,-0.592913,1.300706,-0.374825,-0.764106,1.395960,-0.374825,-1.368216,1.590486,-0.401656,-0.589013,1.969709,-0.470406,-0.811335,1.591615,-0.412738,-0.754359,1.419516,-0.379207,-1.467585,1.311745,-0.400575,-0.738618,1.293747,-0.489642,-0.658531,1.459334,-0.083957,-1.408099
2.235608,0.417775,-0.821203,0.683761,-1.201013,0.797316,0.471207,-2.171333,-0.213968,-0.885463,-0.033244,0.062683,-0.407349,-0.034303,0.138145,0.845066,-0.127881,0.661437,-0.032207,0.413438,1.015089,-0.647410,-0.512565,0.323732,-0.165235,0.285698,-0.808294,-0.281366,0.490887,-0.418980,-0.440586,2.128528,-1.802245,0.000492,0.000492,0.000492,0.776442,0.385072,-0.650097,0.545996,1.315531,-0.710837,0.000492,0.000492,0.000492,0.725940,-0.767898,-1.765674,1.867283,0.267146,-0.718412,0.632570,-0.087979,0.576310,1.471425,0.470315,-1.541180,0.000492,0.000492,0.000492,0.000492,0.000492,0.000492,0.000492,0.000492,0.000492,0.000492,0.000492,0.000492,0.000492,0.000492,0.000492,0.000492,0.000492,0.000492,0.450200,-0.575591,2.008723,0.452468,-1.721373,0.661172,0.839027,-1.434930,1.102127,-0.115259,-0.865882,1.223398,0.052955,-0.751423,2.044647,0.029957,-0.586065,-0.215884,-0.056995,-1.835867,-0.992037,-0.450566,-1.860858,0.104147,0.349173,-1.633721,-1.088339,0.932550,-0.358454,1.663009,0.590039,-0.138293,2.265326,0.761025,0.269292,2.417799,0.024336,-0.090742,2.256243,0.731654,-0.926259,2.106087,0.540603,0.334804,1.657908,0.544120,0.492823,2.546379,0.089446,0.064571,1.961105,0.490702,-0.008513,2.321234,0.360916,-0.864216,1.999702,0.477076,-0.695347,1.477865,-0.991996,0.506938,1.680438,-0.588836,-0.059009,-0.826596,-0.098551,-0.095278,0.061908,0.419534,0.024496,0.653734,0.645890,0.128729,1.025903,0.733284,0.068728,1.439784,0.800298,0.303636,0.415369,0.912488,0.628775,0.610330,1.028137,0.835088,0.358732,1.071882,0.984032,0.255666,0.726868,0.397313,0.541949,0.746322,0.745615,0.585902,0.864727,0.936009,0.208794,1.059803,1.090053,1.486559,0.404451,0.437208,0.455057,0.310320,0.775082,-0.027948,0.561259,0.969618,0.206235,0.863213,1.107484,1.145188,-0.031772,0.455847,0.078717,0.073700,0.726558,0.287778,0.230187,0.818267,1.049223,0.456869,0.897614,0.758597,0.850705,0.600081,-1.057318,1.038309,0.544909,-1.926509,0.888401,0.146060,-0.229369,0.734189,0.241166,0.492819,0.995605,-0.122684,0.897255,1.022265,-0.333434,0.952274,1.047978,-0.591240,-0.861458,1.211284,-0.531201,0.842519,1.277538,-0.352738,0.875885,1.169738,0.058354,1.131706,1.237747,0.062620,1.194900,1.162705,-0.387943,-0.676713,0.797585,-0.310414,-0.245344,0.771932,-0.990967,0.559852,0.635290,-0.276820,-1.421640,0.779075,0.415862,0.689750,0.773887,-0.301429,1.762992,1.454593,-0.275896,-0.719590,1.257627,-0.405993,-1.519350,1.269145,0.010199,-0.168571,1.106655,0.036833,-0.178773,1.246913,-0.723011,0.250020,1.320619,-0.086492,0.873367,1.323203,-0.200704,0.589798,1.329350,-0.029677,-1.551641,1.116017,0.243534,0.667801,1.042194,-0.131800,0.713790,1.262679,-0.555144,-1.142303,1.145097,-0.612596,0.330231,1.273444,-0.432221,-0.532515,1.175272,-0.570088,1.042402,1.197623,-0.350509,-0.560623,1.239812,0.002000,-0.168269,1.239065,-0.355683,0.529392,1.213375,-0.179304,-1.232273,1.303155,-0.329288,-0.509410,1.401206,-0.226611,0.054143,1.173844,-0.439596,-0.309255,1.168478,-0.528104,0.516416,1.129662,-0.141335,-0.393719,1.288620,-0.327117,0.724821,1.262151,-0.340634,-0.223613,1.367327,0.004408,0.746004,1.225717,-0.430308,0.337359,1.264192,-0.288795,1.248953,1.124192,0.211613,-0.889975,1.167937,-0.196834,1.030452,1.137317,-0.394757,1.510553,0.690258,-0.138915,-0.965849,1.130305,-0.347715,-0.994636,1.358801,-0.304716,0.519892,1.114715,-0.387854,0.431401,1.249383,-0.482076,-1.076976,1.248705,-0.387251,1.032836,1.443141,-0.626539,-0.550493,1.380756,-0.479373,-0.287735,1.384960,-0.515979,0.339588,1.027360,-0.683350,-0.549918,1.197159,-0.725504,0.459937,1.011155,-0.527975,0.405872,0.950265,-0.494936,-0.709948,1.200745,-0.382490,0.254780,1.297217,-0.382490,-0.388805,1.233694,-0.409001,-1.078796,1.217601,-0.478242,-1.172003,1.236951,-0.420172,-0.993188,1.319965,-0.386896,0.016778,1.211850,-0.408247,0.354686,1.181259,-0.518160,-0.099782,1.086641,-0.113362,-1.627987
2.219502,0.422816,-0.725826,-0.228191,-1.216046,0.349500,0.071873,-2.760958,-0.724368,-1.257006,-0.172103,-0.067637,-0.409069,-0.279094,0.089483,0.821149,-0.190327,0.384804,-0.032521,0.389868,0.224817,-0.636833,-0.578284,0.241583,-0.171386,0.243536,-1.446705,-0.292441,-0.421819,-0.858549,-0.452962,-0.167511,-0.213867,0.000492,0.000492,0.000492,0.149373,-0.916044,-1.368105,-0.869856,-0.798846,-0.809895,0.000492,0.000492,0.000492,0.696419,-0.762626,-0.928385,0.756148,0.260299,-0.524565,0.593842,-0.079011,0.638504,1.456388,2.260419,-1.727110,0.000492,0.000492,0.000492,0.000492,0.000492,0.000492,0.000492,0.000492,0.000492,0.000492,0.000492,0.000492,0.000492,0.000492,0.000492,0.000492,0.000492,0.000492,0.459976,-0.636212,2.716520,0.464051,-1.772662,0.960710,1.399806,-1.490365,1.527902,0.171067,-0.939446,0.702223,-0.217212,-1.429844,2.015296,0.291584,-0.653725,-0.359088,0.230936,-2.330733,0.633746,-0.437153,-2.283712,0.373233,0.085193,-1.698133,-0.989271,1.441083,-0.861143,0.843669,0.599005,-0.608504,2.248705,0.772685,-0.389667,2.608207,0.036918,-0.771124,2.443411,1.275220,-1.419163,2.200515,1.756812,-1.581622,1.679089,0.554471,-0.194511,3.051006,0.100999,-1.034528,2.500916,1.461486,-0.708746,2.646040,0.917305,-1.355724,2.093047,0.487507,-1.330827,1.415477,1.057289,-1.134442,1.866051,-0.507727,-0.234426,-0.154896,-0.051685,-0.237537,-0.057453,0.533316,-0.066936,0.686756,0.773018,0.067806,0.733371,0.886839,0.023110,1.305604,0.921835,0.204815,0.328542,0.932649,0.603201,0.384134,0.921695,0.827137,0.781282,0.959460,1.023591,0.826199,0.743596,0.254271,0.181810,0.625419,0.697263,0.680711,0.705987,0.896441,0.427321,0.901263,1.084662,1.252227,0.312034,0.267530,0.174239,0.244125,0.664801,0.134174,0.371850,0.882764,0.416451,0.610659,1.078621,1.023348,-0.147201,0.244146,0.249743,-0.138485,0.548260,0.981300,-0.047890,0.685258,1.095237,0.056459,0.802915,1.225787,0.752182,1.019709,-1.836955,0.671505,0.850280,-2.328624,0.785336,0.351046,-0.853521,0.609693,0.643605,0.664333,0.823601,0.245035,0.385652,1.117151,-0.346861,0.405326,1.067413,-0.370562,-1.239318,0.867585,-0.604532,0.427486,0.882573,-0.745921,0.813571,0.933765,-0.469581,0.004719,0.615103,-0.012484,0.536803,0.788005,-0.376793,-0.582011,0.916724,-0.141004,0.180051,0.562883,-0.588774,-0.875808,0.732539,0.351050,-0.902262,0.889496,1.280335,-0.850161,0.564993,0.931790,-0.293739,0.967596,-0.449813,-2.057218,1.073701,-0.498950,0.497291,1.038342,-0.747820,0.761816,0.844067,-0.688730,0.991664,0.943990,-0.318266,0.879012,0.945106,-0.940359,-0.200909,1.147242,-0.246167,0.053067,1.095550,-0.438539,1.045681,0.826116,0.205246,-0.373781,0.966739,0.281966,-1.203505,1.167073,-0.319657,0.490663,1.049902,0.099139,0.418871,0.934945,-0.662675,0.535097,0.834782,-0.154468,0.815670,1.153019,-0.400279,0.557509,0.919284,-0.068008,-0.293917,0.855340,-0.000406,-0.753187,1.063301,-0.233770,-1.545777,1.129696,-0.385532,-0.277122,1.178028,-0.533482,-2.284971,0.922791,-0.204523,-0.571411,0.917778,-0.268187,-0.232175,0.828042,-0.744823,2.038300,1.030944,-0.649555,-0.688650,1.302318,-0.126235,-1.070780,0.928355,-0.725295,0.227828,1.014718,-0.137662,1.248995,0.977670,0.001539,-0.560317,1.112807,-0.370027,-0.623160,0.879616,-0.458576,-1.123953,0.913873,-0.668230,-0.647649,0.436386,-0.729866,-2.031960,0.833801,-0.480521,-0.333030,0.974466,-0.469227,-0.312034,0.991243,-0.117035,-1.528618,1.365398,-0.608319,-1.021624,1.072454,-0.137968,0.480453,1.486605,-0.418867,-1.316262,1.176461,-0.307047,-1.829162,1.238870,-0.381692,1.382769,0.904167,-0.576822,-0.800409,0.809863,-0.618734,0.762773,0.964645,-0.401417,0.969874,0.918460,-0.671830,-1.171505,0.809065,-0.156139,-1.211467,0.869996,-0.156139,-1.575584,1.352866,-0.639786,-1.251096,0.655913,-0.246805,-2.125629,1.355413,-0.653772,-1.370442,0.889250,-0.159822,-1.334908,0.820427,-0.181668,-0.936506,0.894924,-0.313053,1.392591,1.408666,-0.299937,0.838361
0.135181,0.442977,-0.072110,-1.191524,-1.131499,-0.380841,-1.573194,0.238945,-1.092096,-1.336618,-0.420664,-0.469213,-0.409383,-0.493386,-0.026896,0.802436,-0.188477,0.636458,-0.030600,0.352806,-1.004121,-0.635076,-0.631712,-0.096374,0.415236,0.285698,-1.641856,-0.283458,1.387893,-1.132628,-0.470227,-0.167511,-1.996714,0.000492,0.000492,0.000492,0.786295,0.367570,-0.682166,-0.857249,1.315531,-1.261585,0.000492,0.000492,0.000492,0.636039,-0.757997,-0.165006,0.731641,0.256506,-0.279686,0.578566,-0.023184,0.376356,-0.666337,0.425309,-0.441554,0.000492,0.000492,0.000492,0.000492,0.000492,0.000492,0.000492,0.000492,0.000492,0.000492,0.000492,0.000492,0.000492,0.000492,0.000492,0.000492,0.000492,0.000492,0.461467,-0.681700,2.091167,0.465748,-1.440888,1.529006,1.401616,-1.154563,1.459523,0.173069,-0.989764,1.006299,0.356216,-0.833955,1.300298,0.292826,-0.700004,0.459435,0.232528,-1.950853,0.566752,-0.163318,-2.319444,0.417976,0.645014,-1.742191,-1.806272,1.442524,-0.903922,0.779254,0.810055,-0.631660,1.946950,1.255325,-0.405263,2.634970,0.277645,-0.804885,2.187824,1.009698,-1.464608,2.132450,1.999260,-1.594961,1.615842,0.773167,-0.210811,3.050451,0.337071,-1.418061,1.944054,1.462860,-0.091348,2.679757,1.191133,-1.152026,1.931635,0.711644,-1.340313,1.220312,1.349944,-1.253650,2.383703,-0.415168,-0.504492,-0.367816,0.100219,-0.414194,-0.344891,0.599326,-0.170228,-0.154707,0.839306,-0.027157,0.744554,0.928027,-0.061535,1.204506,0.971442,0.080201,-0.372187,0.923602,0.527479,0.268485,0.858279,0.787151,0.314684,0.823287,0.996829,0.115001,0.740190,0.112986,-0.307373,0.570853,0.564645,-0.293499,0.585473,0.828487,0.194645,0.701099,0.970089,-0.449769,0.299385,0.106373,-0.567402,0.120035,0.513236,-0.368609,0.235421,0.819157,-0.768910,0.462193,0.792760,-1.764747,-0.197308,0.055618,0.085967,-0.220295,0.386404,0.428033,-0.200985,0.514971,0.251144,-0.146201,0.640721,-0.165128,0.556579,1.223069,-1.479113,0.779000,1.317508,-1.927342,0.612135,0.747399,-0.966524,0.094943,0.397989,0.806147,0.585267,0.568085,-0.470847,0.574291,-0.069294,-0.806369,1.087312,-0.410610,-0.813456,0.565605,-0.951748,-0.794635,0.304502,-0.804682,-0.249893,0.533682,-0.544311,-1.165681,0.453187,-0.590117,-1.143074,0.335138,-0.401023,-0.325979,0.412721,-0.728210,0.850766,0.614447,0.305347,-1.407727,0.199247,0.642493,0.083833,0.621778,0.916028,0.514820,0.942479,0.658014,0.811547,0.427898,-0.963417,-1.943311,0.558943,-0.539177,0.489767,0.508165,-1.114004,1.116536,0.592991,-0.706999,0.909469,0.675772,-0.366714,1.573411,0.641020,-0.964400,0.474857,0.559393,-0.740545,1.005720,0.463933,-0.436198,2.308368,0.421025,-1.021182,0.375362,1.080866,-0.287104,-0.348480,0.871774,-0.405386,1.475406,0.521260,-0.058867,0.743727,0.413708,-0.475100,0.351762,0.551988,-0.338881,1.259780,0.657260,-0.609850,0.982516,0.400394,-0.281285,-0.228705,0.537628,-0.286775,-0.642214,0.993474,-0.419414,-0.951858,0.794064,-0.643129,0.916028,0.631821,-0.179381,-2.032447,0.661111,-0.328678,-0.815798,0.677110,-0.398363,0.492133,0.552048,-0.461169,1.225027,0.526888,-0.277491,0.375440,0.789482,-0.299558,-0.312249,0.587332,-0.357743,0.691022,0.393769,-0.238465,0.898407,0.529067,-0.098467,-1.353158,0.955081,-0.455884,-0.072699,0.738377,-0.585471,-1.681153,0.530694,-0.259392,-1.181480,0.442278,-0.304585,-1.063227,0.571266,-0.698670,0.864322,0.355942,-0.361620,-0.567868,0.639178,-0.462337,-1.705580,1.038051,-0.515389,-0.913456,0.492616,-0.465953,0.439274,1.354335,-0.763770,0.201056,0.796469,-0.679750,-1.722344,0.680461,-0.696962,1.634806,1.136229,-0.838085,-0.902892,0.479817,-0.880590,-1.216341,0.447700,-0.698541,1.609120,0.438504,-0.613063,-1.067883,0.475282,-0.532064,-1.454037,0.814743,-0.532064,-1.728415,1.016612,-0.543150,-0.221238,1.181877,-0.631178,-0.164348,1.021163,-0.555957,-0.502952,0.833545,-0.536947,-1.891922,0.486864,-0.557972,-1.455064,0.609381,-0.427063,1.067168,1.005820,-0.388860,2.008719
0.076729,0.424844,0.936212,-3.116926,-1.125156,-1.443619,-2.400939,0.260562,-1.714516,-1.484235,-0.587852,-0.613540,-0.407603,-0.676620,-0.264619,-1.056566,-0.240261,-0.207362,-0.029306,0.366257,-0.779003,0.800917,-0.631712,-0.320438,0.413407,1.362547,-1.161701,0.341909,1.408834,-1.380659,-0.479981,2.128528,-2.781599,0.000492,0.000492,0.000492,0.784552,0.362561,-0.519454,0.562625,1.315531,-1.458695,0.000492,0.000492,0.000492,0.585949,-0.764529,0.108295,-0.379707,0.261826,0.254681,0.555115,-0.055718,-0.008456,-0.691714,-3.223996,0.788981,0.000492,0.000492,0.000492,0.000492,0.000492,0.000492,0.000492,0.000492,0.000492,0.000492,0.000492,0.000492,0.000492,0.000492,0.000492,0.000492,0.000492,0.000492,0.032385,-0.685495,1.515113,0.552934,-0.710957,0.850490,0.947538,-1.157647,1.073695,0.808417,-0.993638,0.264175,0.453162,-1.151233,1.615835,1.137082,-1.568585,-2.291070,1.154872,-1.529198,1.269617,0.473338,-1.598814,2.835464,0.460547,-1.335489,-0.266578,1.527519,-0.911059,0.847514,1.510968,0.016668,1.611460,1.096483,0.383669,1.922181,0.358810,0.140353,0.767799,1.634673,-1.041601,1.915694,1.358078,0.298112,1.426898,1.281589,0.778098,2.289225,0.416600,0.319317,1.102378,1.304197,0.232032,2.076890,1.555500,-0.471762,1.450163,1.455429,-0.542123,1.596764,-0.350848,1.019367,1.504996,-0.436261,-0.659313,0.325706,0.054263,-0.562763,0.178796,0.615566,-0.309496,-0.060059,0.902314,-0.112335,0.799884,1.012403,-0.129709,1.184237,0.920973,-0.076178,-0.194068,0.874459,0.419706,0.047297,0.793233,0.730404,0.365141,0.704597,0.934236,-0.096397,0.661141,-0.063444,0.211186,0.494925,0.484396,0.298590,0.495251,0.762486,-1.023067,0.599470,0.806836,-1.280234,0.241908,-0.055459,-0.338725,0.048865,0.381975,-0.886655,0.034572,0.658643,-0.688948,-0.115890,0.631369,-1.846555,-0.248645,-0.101153,-0.023636,-0.274233,0.252647,-0.050389,-0.266095,0.403372,-0.344355,-0.275868,0.479714,-0.877252,0.129362,1.193336,-1.466778,0.152658,1.206812,-1.762247,0.239724,0.572489,-1.474446,-0.019300,0.165729,0.688660,0.084928,0.555359,-0.452062,0.086126,0.165679,-0.950301,0.849436,-0.494556,0.255862,-0.019692,-0.478027,-1.099564,-0.042170,-0.316109,-0.177942,0.069092,-0.696359,-2.349910,0.477425,-0.729780,-2.548522,-0.230228,0.077320,0.361049,-0.227112,-0.040581,-0.333190,0.163827,1.243402,1.375075,-0.199877,1.068126,2.205869,-0.124868,0.779460,2.930807,0.166235,-0.140018,2.715435,-0.033683,0.015234,-0.814452,0.104309,-0.372889,-0.352903,0.019764,-0.593345,-0.201057,0.097848,-0.540870,0.022790,0.154839,-0.648767,1.380217,0.063355,-0.774119,0.254805,0.180196,-0.473114,1.337492,0.028779,-0.587424,2.085275,-0.326505,-0.786894,-0.656640,0.452051,-0.055901,0.982632,0.307071,-0.707708,1.686271,0.219577,-0.519440,1.804606,0.116251,-0.189039,-0.564873,0.011273,-0.793362,0.707448,0.164400,-0.743038,0.286207,0.118417,-0.428649,0.489348,-0.069274,-0.936169,-0.365249,0.609322,-0.543806,-0.095444,0.163027,-0.803852,1.957264,0.432632,-0.133861,-0.729853,0.434411,-0.723906,-0.560890,0.201244,-0.305629,1.148276,0.012038,-0.404740,0.233887,0.043666,-0.229662,1.029831,0.579067,-0.804776,0.573254,-0.052789,-0.265644,1.323648,-0.022427,-0.600863,0.014230,0.609579,-0.458001,-1.158356,0.401979,-0.363247,0.016531,0.509215,-0.486636,-0.976792,-0.184445,-0.162639,-1.050522,0.212368,-0.594893,0.715665,0.061371,-0.032851,0.526875,0.017647,-0.609923,-0.216801,0.554977,-0.754273,-1.272957,0.674490,-0.386617,0.644869,-0.127888,-1.176648,-0.111346,0.530282,-1.073800,-0.451626,0.083765,-1.030875,-0.914698,0.091296,-0.997416,0.786805,0.760995,-0.491809,-0.759684,0.135643,-0.533527,-2.285963,-0.066221,-0.639711,-0.251646,-0.034569,-0.228531,-0.754031,0.127213,-0.869980,-1.068907,0.726742,-0.869980,-0.643949,0.643157,-0.861276,1.859599,0.675705,-0.976686,1.925457,0.649934,-0.877963,1.194892,0.744825,-0.875939,-0.952658,0.139023,-0.896228,-1.492113,0.040749,-0.785455,0.100029,0.255860,-0.702448,1.981986
0.048344,0.418298,0.864026,-1.199601,-1.159240,-1.520330,-2.385497,0.246804,-1.813338,-1.634339,-0.809647,-0.796799,-0.406347,-0.799517,0.096160,-1.058050,-0.284757,-0.487397,-0.028679,0.369630,-0.528583,0.806492,-0.631712,-0.223612,0.412384,0.249864,-1.340802,-0.280014,0.480406,-1.160378,-0.479603,2.128528,-1.397833,0.000492,0.000492,0.000492,0.785671,-0.946069,-0.844764,0.569777,1.315531,-2.216457,0.000492,0.000492,0.000492,0.560018,-0.771691,0.076696,-0.404214,-3.453664,0.657062,-1.194948,-0.071247,-0.044701,-0.727824,-1.391720,-0.257957,0.000492,0.000492,0.000492,0.000492,0.000492,0.000492,0.000492,0.000492,0.000492,0.000492,0.000492,0.000492,0.000492,0.000492,0.000492,0.000492,0.000492,0.000492,0.037688,0.235663,-0.080836,0.045538,0.389960,0.423247,0.406533,-0.033130,-0.284894,0.814451,-0.053087,-0.775917,0.745148,-0.209726,0.998200,1.394971,-1.137858,-1.530068,1.436903,-0.682357,0.862446,0.751199,-0.875205,2.092044,0.466729,-1.335489,-1.555346,1.282582,-0.041156,-0.569013,1.305601,-0.200630,0.064707,1.101620,0.225105,0.109299,0.364112,-0.176459,-0.768930,1.373089,-0.618636,0.054637,1.363023,0.432627,0.549910,1.503499,0.778098,0.376370,0.890272,0.319317,-0.095625,1.068661,0.229357,0.142134,1.017217,0.438366,0.031682,1.460187,-0.453114,0.412085,-0.347732,1.127009,0.723676,-0.353786,-0.832440,0.454489,0.123197,-0.711470,0.407450,0.589649,-0.442689,0.151481,0.948032,-0.192408,0.944916,1.088747,-0.179440,1.462238,0.965500,-0.121546,0.517372,0.836364,0.418358,0.054829,0.697800,0.690512,0.418567,0.534665,0.932920,-0.643413,0.665492,-0.123523,0.296136,0.400614,0.444627,-0.409376,0.347074,0.724812,-1.284292,0.524573,0.696226,-1.926959,0.160801,-0.163058,-0.408911,-0.031070,0.376449,-0.368233,-0.141485,0.549888,-1.064624,-0.241993,0.522020,-1.727669,-0.272329,-0.214872,-0.408401,-0.300931,0.225821,-0.785577,-0.335120,0.290891,-1.483201,-0.372246,0.370624,-1.564087,-0.236209,1.080035,0.672976,-0.406534,0.845549,-1.655356,-0.047755,-0.012115,-1.354933,-0.338785,-0.044781,1.193113,-0.239854,0.071462,-0.285065,0.144197,0.048465,-0.051642,0.132956,-0.311871,-0.319285,-0.140476,-0.259305,0.087261,-0.096013,-0.081859,0.752168,-0.491656,-0.810086,-0.702316,-0.314119,-0.905941,-1.853919,-0.373839,-0.173967,1.454346,-0.339801,-1.085824,-0.838636,-0.598138,-0.067136,-1.349359,-0.294912,0.288801,0.036983,-0.231530,-0.198256,0.188363,-0.269784,-0.559429,-0.377594,-0.333305,0.176144,0.624139,-0.439636,-0.276893,-0.377173,-0.189396,-0.530735,-0.967470,-0.055688,-0.480941,-0.675170,0.041572,-0.533927,0.503060,-0.237955,0.074436,0.154743,-0.088616,-0.409031,-0.060816,-0.209236,-0.553307,-0.035780,-0.267663,-0.336081,-0.296958,-0.674058,-0.456737,-0.206018,-0.274629,-0.552339,-0.667711,-0.094022,-0.761497,0.048563,0.046537,-0.599033,-0.689628,-0.058851,-0.888530,0.620150,-0.182690,-0.775419,-0.357652,0.029343,-0.444233,0.176530,-0.145046,-0.952420,1.222409,-0.259600,-0.259159,-0.921796,-0.109345,-0.848687,0.248216,-0.397392,-0.374861,0.764209,-0.376784,-0.508703,0.901868,-0.202844,-0.591378,-0.358148,-0.127604,-0.606803,-0.623539,-0.109432,-0.482888,0.007548,-0.418364,-1.070297,-0.016141,-0.070579,-0.536134,0.514369,-0.277767,-0.416289,1.382032,-0.582326,-0.764819,0.983493,-0.436579,-0.599098,-1.354045,-0.690174,-0.260019,0.234715,-0.180912,-0.460774,0.993601,-0.651597,-0.500940,1.015723,-0.049496,-0.272013,-1.730979,-0.085703,-0.565452,1.377032,-0.409146,-0.698913,0.943770,-0.139088,-0.353292,-0.355370,-0.145133,-1.124546,0.641644,0.243752,-0.989974,-0.197200,-0.212125,-0.917239,0.571052,0.054039,-0.895892,-0.365906,-0.166498,-0.400056,-1.100812,-0.258475,-0.441566,-0.040126,-0.177964,-0.541056,-0.974178,-0.383853,-0.153295,-0.406971,-0.271367,-0.778613,1.274724,-0.237185,-0.778613,-0.030333,0.072469,-0.778559,-0.520506,0.355021,-0.883267,-0.639651,-0.180802,-0.794237,-0.527337,-0.226987,-0.784282,0.161088,-0.259295,-0.804770,0.914421,-0.163399,-0.589251,0.321046,-0.285207,-0.541290,-0.429973
0.017838,0.421310,0.863535,-0.266915,0.500022,-0.824930,-1.569903,0.273275,-1.388781,-2.163069,-5.717977,-6.047213,-4.332412,-5.297002,-6.082283,-1.069278,-0.256253,-0.051125,-0.044087,0.373003,-0.410810,0.812372,-0.631712,-0.356668,-0.164324,-0.837532,-1.309363,-0.283334,-0.435794,-1.086418,-0.429332,-0.167511,0.723348,0.000492,0.000492,0.000492,0.155983,-0.951078,-0.323101,0.549441,1.315531,-2.265418,0.000492,0.000492,0.000492,-1.578180,-0.770006,-0.122808,-0.427199,0.215610,0.865501,-1.227637,-0.078118,-0.213384,-0.769970,0.434155,0.525993,0.000492,0.000492,0.000492,0.000492,0.000492,0.000492,0.000492,0.000492,0.000492,0.000492,0.000492,0.000492,0.000492,0.000492,0.000492,0.000492,0.000492,0.000492,0.046828,0.235663,-0.816748,0.055025,0.386941,-0.757013,-0.130220,0.712411,-1.459437,0.824708,-0.529150,-2.069727,0.184629,-0.214858,-0.428794,1.150998,-0.707131,-2.016149,0.894390,-0.689334,-1.192294,0.761268,-0.517889,-0.179369,0.198399,-1.338881,-1.212927,0.541855,-0.048293,-2.103006,0.263804,-0.852546,-1.820225,0.870079,-1.990950,-1.361342,1.329787,-2.074766,-1.852971,0.581119,-0.622135,-1.728666,-0.074634,-1.598299,-1.540360,0.207790,-0.876423,-1.219707,0.195936,-0.728281,-1.805525,1.076959,-0.096699,-1.493727,0.482972,-1.837879,-1.599029,-0.090503,0.789401,-0.763710,0.678711,-0.605994,-1.669073,-4.449070,-5.276321,-3.938962,-4.693156,-5.175570,-2.512584,-4.617954,-5.098554,-1.798434,-4.784647,-5.054205,-1.536134,-4.823252,-4.946455,-1.343299,-4.825122,-5.036264,-2.786175,-5.265743,-4.941247,-3.520046,-5.256783,-4.768478,-3.260393,-5.162524,-4.562213,-2.877347,-5.100418,-5.053506,-3.234260,-5.452104,-5.058963,-3.372675,-5.310975,-5.158659,-2.827764,-4.963782,-5.209125,-2.020065,-4.822663,-5.074631,-3.550896,-4.964546,-5.125304,-3.288591,-4.985669,-5.256420,-2.532479,-4.764194,-5.315993,-2.031605,-4.228410,-5.125586,-4.000580,-4.343202,-5.228627,-3.396611,-4.570874,-5.325609,-3.134778,-4.632594,-5.453515,-2.332292,-0.764831,1.597386,0.105056,-0.549705,1.455725,-2.008690,-0.457141,0.356280,-0.795165,-0.791689,0.411838,0.282005,-0.689284,0.039233,0.701612,-0.167160,-0.505408,0.914684,-0.062279,-1.023300,-0.444730,-0.239191,-0.719943,1.527121,-0.343663,-0.553019,1.150987,-0.357960,-0.212122,1.626327,-0.349367,-0.247913,0.996510,-0.306804,-1.270047,-0.353802,-1.044353,-0.609529,0.059766,-1.066135,-1.252717,1.933558,-0.982336,-1.233984,0.020326,-0.988950,-1.301150,-0.280578,-1.062812,-0.363305,0.528869,-0.747919,0.162081,0.463796,-0.781555,-0.383369,0.405354,-0.450433,-0.666111,-0.776365,-0.490544,-0.610520,-1.442884,-0.829429,-0.688954,-0.095296,-0.483820,-0.845565,-1.903206,-0.780562,-0.637609,-1.453338,-0.849299,-0.771448,0.004382,-0.838711,-0.535552,-1.830009,-0.979134,-0.624118,0.623157,-0.826041,-0.558647,0.142340,-0.862410,-0.648307,-1.584366,-0.463369,-0.776470,-1.255988,-0.326718,-0.639568,-0.688599,-0.766826,-0.441845,0.315116,-0.524731,-0.788680,-1.673479,-0.439572,-0.483373,-0.696695,-0.793104,-0.571039,0.794069,-1.065356,-0.441003,0.179585,-1.006822,-0.262165,0.507391,-0.947551,-0.458624,1.199359,-0.889264,-0.546353,-1.151229,-0.543001,-0.553722,-0.869768,-0.540365,-0.364475,-1.484027,-0.928178,-0.382158,0.652501,-0.508871,-0.992443,-2.103875,-0.424145,-0.432420,-0.966827,-0.708913,-0.290889,0.609187,-0.814351,-0.598408,1.693223,-0.502842,-0.740843,-0.188135,-0.330969,-0.413797,-0.811875,-1.047950,-0.662532,-0.106754,-0.902041,-0.745911,-0.570845,-0.443505,-0.445412,-1.521348,-0.432109,-0.552362,-0.151266,-0.635546,-0.927721,-0.046418,-0.318612,-0.543923,-0.067609,-0.837949,-0.356937,-0.463243,-0.404784,-0.665355,-0.581123,-0.652361,-0.301604,-0.454837,-0.762191,-0.508408,0.992566,-0.619033,-0.550165,1.455864,-0.782971,-0.325939,-0.665103,-0.733746,-0.621687,1.127261,-0.636007,-0.088638,0.201779,-0.557231,-0.088638,0.501691,-0.702530,-0.582943,-0.365103,-0.810106,-0.177787,-0.703086,-0.687730,-0.596236,-0.182732,-0.549651,-0.092106,0.807146,-0.623696,-0.114099,0.526417,-0.721491,-0.537036,0.775225,-0.989348,-0.547833,1.234841
-0.018148,0.421310,1.049593,-3.119861,-1.191977,-1.678022,-2.397959,-0.943656,-1.213406,-2.163069,-5.717977,-6.047213,-4.332412,-5.297002,-6.082283,-1.093217,-0.265174,-0.961985,-0.058222,0.366257,-0.964386,0.799447,-0.586511,0.081053,-0.772376,0.266713,0.499759,-0.921747,0.476912,0.734084,-0.449962,-0.167511,-0.086409,0.000492,0.000492,0.000492,-0.497661,-0.921053,0.502444,0.545996,1.315531,-0.566922,0.000492,0.000492,0.000492,-1.625144,-0.757354,-0.047881,-1.500684,0.267146,0.863134,-1.256054,-0.055427,-0.754483,-0.768684,0.452235,1.531535,0.000492,0.000492,0.000492,0.000492,0.000492,0.000492,0.000492,0.000492,0.000492,0.000492,0.000492,0.000492,0.000492,0.000492,0.000492,0.000492,0.000492,0.000492,0.037052,0.277357,1.187184,-0.213734,0.426153,0.435010,-0.419139,1.134486,-1.703554,0.536829,0.001106,-1.871309,0.167265,-0.173608,-0.462433,1.142900,-0.653725,-1.850440,0.330315,-0.201487,0.914777,0.475126,-1.190864,1.153871,0.181896,-1.284688,-0.771686,1.283208,0.443690,0.041202,0.674358,0.262471,0.513568,0.857430,0.403169,0.343429,0.359398,-0.140099,-0.460427,1.106470,0.709743,0.677268,0.878730,0.449291,0.757910,0.848677,0.798460,0.880507,0.652473,0.010205,0.129480,1.068661,0.918889,0.683134,0.742502,0.920521,0.545322,1.457629,-0.353159,1.623387,-0.349882,1.140356,0.595091,-4.449070,-5.276321,-3.938962,-4.693156,-5.175570,-2.512584,-4.617954,-5.098554,-1.798434,-4.784647,-5.054205,-1.536134,-4.823252,-4.946455,-1.343299,-4.825122,-5.036264,-2.786175,-5.265743,-4.941247,-3.520046,-5.256783,-4.768478,-3.260393,-5.162524,-4.562213,-2.877347,-5.100418,-5.053506,-3.234260,-5.452104,-5.058963,-3.372675,-5.310975,-5.158659,-2.827764,-4.963782,-5.209125,-2.020065,-4.822663,-5.074631,-3.550896,-4.964546,-5.125304,-3.288591,-4.985669,-5.256420,-2.532479,-4.764194,-5.315993,-2.031605,-4.228410,-5.125586,-4.000580,-4.343202,-5.228627,-3.396611,-4.570874,-5.325609,-3.134778,-4.632594,-5.453515,-2.332292,-1.116863,0.944666,-1.442753,-0.851684,0.368861,-2.214234,-0.507251,0.121485,-0.684482,-1.174109,0.343819,0.228989,-1.165939,-0.153557,-0.377191,-0.685135,-0.185730,-0.485935,-0.096629,-0.265010,-1.253635,-0.678704,-0.505486,-0.687974,-0.870553,-0.036781,-0.501231,-0.804165,-0.740410,-1.126204,-0.949278,-0.805778,-1.124519,-0.973507,-0.600028,0.075111,-0.985608,-0.881653,1.266277,-0.713888,-0.497201,-0.669468,-0.969783,-0.091902,0.714962,-0.968488,-0.527032,0.005476,-0.710827,0.019859,0.247850,-1.187651,-0.801359,-1.486771,-1.235432,-0.364775,1.143261,-0.983320,-0.944326,0.914107,-1.062005,-0.876822,0.457797,-1.198260,-0.138812,-0.640754,-0.978534,-0.778805,-0.476579,-0.855676,-0.972856,-0.941604,-1.012645,-0.228077,0.693831,-1.096047,-1.211942,0.820737,-1.054058,-0.566980,-2.183272,-1.021169,-0.261906,-0.189747,-0.813259,-0.427169,-1.362834,-0.902117,-0.713853,0.720631,-0.773028,-0.671822,0.614633,-0.637986,-0.597619,-0.011397,-0.688140,-0.279502,-0.707342,-0.943574,-0.289499,0.009088,-1.085904,-0.414439,-1.156688,-0.627131,-0.625659,0.787558,-1.223816,-0.543464,-1.555131,-1.215704,-0.178052,-0.004972,-0.920896,-0.233393,-1.318887,-0.911860,-0.728556,1.469330,-0.839476,-0.660043,-1.212018,-0.905295,-0.151068,-0.962833,-0.849680,-1.160875,-0.243849,-1.076062,-0.061506,0.467466,-1.235344,-0.410746,-1.150981,-1.085857,-0.711742,0.763397,-1.347291,-1.447342,-1.180251,-1.027482,-1.163148,-0.839627,-1.103842,-0.371281,-0.931196,-0.768748,-0.729838,-0.745866,-0.939172,-0.398177,0.185708,-0.993124,-0.507341,-0.381376,-0.658659,-0.541934,-1.139808,-0.654077,-0.510566,1.030524,-0.406693,-0.824946,-0.483604,-0.792527,-0.760418,-0.972199,-0.441033,-0.768211,0.922385,-1.019426,-0.898209,-1.189065,-1.118519,-0.640297,0.092361,-0.902897,-0.765689,0.357446,-0.826943,-0.663206,-1.144880,-1.141148,-0.598743,-0.149982,-1.119774,-0.598743,-0.844299,-0.462152,-0.604617,-0.777405,-0.627368,-0.699354,-1.054302,-0.448785,-0.618174,-0.881205,-1.116795,-0.603838,-0.621052,-1.128505,-0.624718,-0.041900,-1.047313,-0.294899,1.614589,-0.875724,-0.240034,0.519900
-0.040613,0.425858,0.856006,-3.109768,-1.172946,-1.908520,-2.384636,-0.942267,-1.225623,-2.163069,-5.717977,-6.047213,-4.332412,-5.297002,-6.082283,-1.068525,-0.204578,-0.487963,-0.048263,0.399946,-0.254010,-0.636528,-0.549538,0.691048,-1.350565,-1.931230,0.247193,-0.934421,-1.348501,0.783141,-0.432709,-0.167511,0.230893,0.000492,0.000492,0.000492,-0.508886,-2.229683,-1.072290,-0.856969,-0.798846,-0.143640,0.000492,0.000492,0.000492,-1.651076,-0.743249,-0.085452,-1.518634,0.242859,1.277452,-1.262451,-0.042887,-0.849033,-0.766086,0.413609,1.448832,0.000492,0.000492,0.000492,0.000492,0.000492,0.000492,0.000492,0.000492,0.000492,0.000492,0.000492,0.000492,0.000492,0.000492,0.000492,0.000492,0.000492,0.000492,0.205503,0.315257,0.497339,0.467213,0.453288,1.984974,0.855208,0.410494,0.382235,0.444656,-0.904577,-0.215694,0.070562,-0.150370,1.034127,0.295728,-0.187365,0.492783,-0.041789,-0.177070,1.574269,-0.434466,-1.530332,-1.552864,0.087263,-1.254157,-1.726761,0.195720,0.040834,-0.904172,0.391745,0.059437,-0.642337,0.775048,-0.693801,-0.689992,0.278040,-0.747761,-0.578504,0.478414,0.314728,-0.450711,0.071954,-0.894650,-0.228226,0.339360,-0.678104,-0.174855,0.572180,-0.659555,0.058222,0.262873,-0.035233,-0.648264,0.376347,-0.428782,-0.417707,0.489886,-0.613623,-0.436299,1.204940,-1.126428,0.182698,-4.449070,-5.276321,-3.938962,-4.693156,-5.175570,-2.512584,-4.617954,-5.098554,-1.798434,-4.784647,-5.054205,-1.536134,-4.823252,-4.946455,-1.343299,-4.825122,-5.036264,-2.786175,-5.265743,-4.941247,-3.520046,-5.256783,-4.768478,-3.260393,-5.162524,-4.562213,-2.877347,-5.100418,-5.053506,-3.234260,-5.452104,-5.058963,-3.372675,-5.310975,-5.158659,-2.827764,-4.963782,-5.209125,-2.020065,-4.822663,-5.074631,-3.550896,-4.964546,-5.125304,-3.288591,-4.985669,-5.256420,-2.532479,-4.764194,-5.315993,-2.031605,-4.228410,-5.125586,-4.000580,-4.343202,-5.228627,-3.396611,-4.570874,-5.325609,-3.134778,-4.632594,-5.453515,-2.332292,-1.127519,0.604476,0.065044,-1.129876,0.047930,-1.072022,-0.791867,0.123049,-0.184839,-1.183560,0.346295,0.475664,-1.176299,-0.150307,-0.013830,-0.993369,-0.480864,0.061632,-0.652003,-0.524586,-1.432716,-0.965890,-0.793007,0.205691,-0.876121,-0.337469,-0.073774,-1.093118,-0.734621,-0.257439,-1.242853,-0.799201,-0.428203,-1.239834,-0.593724,-0.000129,-0.988717,-0.876129,0.918556,-1.041756,-0.492241,-1.053378,-1.257603,-0.831469,0.283077,-0.971984,-0.525669,-0.313674,-0.714462,0.019122,0.196568,-1.197208,-0.373779,-0.723577,-1.243980,-0.366467,1.510689,-0.991181,-0.946122,0.806166,-1.068776,-0.878541,-0.170241,-1.456871,-0.140997,-0.963323,-1.230595,-0.394576,-1.418098,-1.110846,-0.497502,-1.686976,-1.017094,-0.230433,0.009850,-1.100305,-1.214378,0.253397,-1.366860,-0.569650,-1.976565,-1.278789,-0.262960,-0.262669,-1.060529,-0.427594,-1.668926,-0.907271,-0.713853,-0.477161,-1.018269,-0.671166,-0.323722,-1.121562,-0.596413,-0.038006,-0.937272,-0.278054,-1.290407,-1.217479,-0.287563,-0.055234,-1.365451,-0.716090,-0.464374,-1.134922,-0.624128,-0.394658,-1.232068,-0.543905,-0.656173,-1.523759,-0.178861,0.657662,-1.432338,-0.234300,-1.471820,-1.190446,-0.729217,0.204114,-1.102462,-0.660506,-1.636403,-1.453158,-0.151534,-0.037748,-0.854523,-1.162124,-1.244911,-1.080967,-0.554944,-0.393150,-1.547026,-0.412446,-0.948771,-1.688862,-0.712764,0.983311,-1.660930,-0.933603,-0.762898,-1.305419,-0.626383,-0.550737,-1.353095,-0.368147,-0.299447,-1.021879,-0.728097,-1.304327,-1.235194,-0.395763,0.074173,-1.294685,-0.504570,0.364510,-1.178230,-0.866725,-1.089917,-0.905050,-0.507927,1.218276,-1.025331,-0.821989,-1.147447,-1.078232,-0.756627,-0.232254,-0.689404,-0.765055,-0.028728,-1.311466,-0.596006,-0.726456,-1.125075,-0.637961,0.494231,-0.908915,-0.762715,-0.373632,-1.067226,-0.660792,-0.344212,-1.147778,-0.595519,0.771439,-1.126426,-0.595519,-0.213379,-0.995853,-0.601519,-1.013729,-0.951350,-0.696058,-1.410954,-0.979304,-0.615038,-0.881264,-1.421650,-0.600604,0.209787,-1.135131,-0.621491,0.890347,-1.368536,-0.295638,1.602973,-1.159882,-0.241127,0.251238
-0.045266,0.425858,0.879032,-4.092929,-1.209356,-1.541505,-2.398823,-1.561713,-0.997164,-2.163069,-5.717977,-6.047213,-4.332412,-5.297002,-6.082283,-1.090592,-0.152903,-1.236589,-0.028345,0.423557,0.942623,-0.656517,-0.541311,0.666120,-1.349424,-0.837532,-0.029482,-0.933189,-0.441013,0.546441,-0.501356,-0.167511,-0.985030,0.000492,0.000492,0.000492,-0.498408,-0.956087,-1.541471,-0.873581,-0.798846,0.090083,0.000492,0.000492,0.000492,-1.657341,-0.742194,-0.171214,-1.522133,0.248919,1.276435,-1.279505,-0.060202,-1.026050,-0.775114,0.421049,1.497305,0.000492,0.000492,0.000492,0.000492,0.000492,0.000492,0.000492,0.000492,0.000492,0.000492,0.000492,0.000492,0.000492,0.000492,0.000492,0.000492,0.000492,0.000492,-0.076804,-0.139630,-0.467061,0.444472,0.459327,1.985234,0.284981,0.413578,-0.292451,-0.121279,-0.432388,-0.087270,-0.239045,-0.150370,0.508381,0.019362,-0.187365,1.393412,0.209830,0.244585,1.437602,-0.185885,-0.080168,-0.913467,-0.214997,-0.430659,-1.752744,0.172513,-0.394139,-1.197623,0.372949,0.057654,-0.421234,0.033013,-1.168208,-0.465690,0.018639,-0.430949,0.091202,0.186333,-0.534743,-0.556144,0.050556,-1.030264,-0.471861,-0.331349,-1.008182,-0.452747,0.083100,-0.659555,-0.207529,0.000070,-0.358613,-0.437535,0.080157,-0.654906,-0.574735,0.247813,-0.613623,-0.847089,1.046149,-1.126428,0.280811,-4.449070,-5.276321,-3.938962,-4.693156,-5.175570,-2.512584,-4.617954,-5.098554,-1.798434,-4.784647,-5.054205,-1.536134,-4.823252,-4.946455,-1.343299,-4.825122,-5.036264,-2.786175,-5.265743,-4.941247,-3.520046,-5.256783,-4.768478,-3.260393,-5.162524,-4.562213,-2.877347,-5.100418,-5.053506,-3.234260,-5.452104,-5.058963,-3.372675,-5.310975,-5.158659,-2.827764,-4.963782,-5.209125,-2.020065,-4.822663,-5.074631,-3.550896,-4.964546,-5.125304,-3.288591,-4.985669,-5.256420,-2.532479,-4.764194,-5.315993,-2.031605,-4.228410,-5.125586,-4.000580,-4.343202,-5.228627,-3.396611,-4.570874,-5.325609,-3.134778,-4.632594,-5.453515,-2.332292,-1.373538,-0.075318,0.352772,-1.329257,-0.276351,-0.480513,-0.996560,-0.185717,0.042072,-1.415551,0.050454,0.236653,-1.432101,-0.477158,0.572989,-0.920013,-0.496372,0.150264,-0.861921,-0.276841,-1.160902,-1.183949,-0.519348,0.014366,-1.079488,-0.356448,-0.116691,-1.320996,-0.759923,-0.439134,-1.478722,-0.827762,-0.894574,-1.194602,-0.061168,0.040076,-1.219828,-0.900404,0.954205,-0.989918,-0.511427,-0.652894,-1.212059,-0.099634,0.671728,-0.922160,0.247087,-0.070813,-0.986651,0.027409,0.426593,-1.433194,-0.794313,-0.782997,-1.462621,-0.356317,1.346489,-1.207003,-0.935687,1.030262,-1.008039,-0.868553,0.740056,-1.147625,-0.127459,-0.183492,-1.178343,-0.383574,-0.982556,-1.310401,-0.481793,-1.252345,-1.224226,-0.217050,0.389491,-1.312065,-0.798382,0.250584,-1.311934,-0.555375,-1.936366,-1.224344,-0.255969,-0.232605,-1.008433,-0.422812,-1.128845,-1.094558,-0.712574,0.286692,-0.966803,-0.291793,0.546687,-1.067876,-0.601000,0.186085,-0.883768,-0.283320,-0.734380,-1.160009,-0.294901,0.263332,-1.308165,-0.417592,-0.884884,-1.083824,-0.629462,0.050345,-1.457828,-0.538702,-1.084550,-1.451735,-0.172260,0.346661,-1.373200,-0.227153,-1.402200,-1.128612,-0.724250,0.725923,-1.042871,-0.655040,-1.443230,-1.388483,-0.146754,-0.506254,-1.057201,-0.674688,-0.424149,-1.287723,-0.053873,0.247249,-1.487989,-0.403156,-1.120838,-1.632740,-0.705984,0.368207,-1.601523,-0.410952,-1.032997,-1.251387,-0.618472,-0.436625,-1.296982,-0.380367,-1.308841,-0.966336,-0.735525,-0.541567,-1.171866,-0.405418,0.274761,-1.526588,-0.516109,-0.005942,-0.867549,-0.547588,-1.130194,-1.101517,-0.519184,1.179548,-0.965700,-0.834589,-0.666188,-1.302159,-0.771407,-0.531156,-0.882421,-0.777665,0.339481,-1.250483,-0.606373,-1.011963,-1.353006,-0.648351,0.064787,-1.102046,-0.774599,0.181849,-1.014144,-0.670480,-0.632121,-1.378289,-0.609253,0.203634,-1.358960,-0.609253,-0.522572,-0.940847,-0.614652,-1.030492,-1.205805,-0.710101,-1.223342,-0.924625,-0.628331,-1.000363,-1.357938,-0.614381,-0.192130,-1.365490,-0.635239,0.363804,-1.607297,-0.290094,1.747503,-1.105612,-0.233876,0.490628
-0.047800,0.436431,0.912315,-4.094586,-1.230080,-1.385054,-2.403681,-2.163593,-1.146943,-1.484567,-1.417894,0.155964,-0.247567,-1.044495,0.699517,-1.064782,-0.176075,-0.731362,-0.046989,0.362884,-0.435388,-0.673834,-0.541311,0.792859,-1.357286,-1.927011,-0.814825,-0.941556,-1.350248,0.377861,-0.433831,-0.167511,-0.255259,0.000492,0.000492,0.000492,-0.518123,-0.961097,-2.074571,0.583242,-0.798846,0.790680,0.000492,0.000492,0.000492,-1.658678,0.316197,-0.392161,-1.519075,0.270940,1.115067,-1.278790,-0.098732,-1.218019,-0.770390,0.421416,1.505012,0.000492,0.000492,0.000492,0.000492,0.000492,0.000492,0.000492,0.000492,0.000492,0.000492,0.000492,0.000492,0.000492,0.000492,0.000492,0.000492,0.000492,0.000492,-0.347625,-0.139630,-1.187038,0.172551,0.097399,-0.160193,-0.829405,0.801768,-0.980400,-0.142705,0.531362,-0.828365,-0.261810,1.123909,-0.841163,0.009186,0.268262,-0.260747,-0.358095,0.279425,0.078993,-0.476721,0.306954,0.484817,-0.794986,1.243516,-0.436926,0.161837,0.497131,-1.239083,-0.058801,0.290976,-0.273455,-0.224405,-0.051739,-0.386987,-0.477950,-0.101139,-0.117203,0.175363,1.188651,-0.531114,-0.446226,0.061338,-0.324895,0.306149,0.488761,-0.305132,-0.401949,-0.296077,0.102610,-0.251457,0.306874,-0.545221,-0.208434,0.494441,-0.068353,0.233172,-0.608519,-0.361849,0.891432,-1.013443,-0.553540,-0.119927,-0.972164,-0.100595,0.552263,-0.761367,-0.537425,0.905039,-0.389949,0.911470,1.014405,-0.069911,0.079833,1.131554,0.112522,-0.115737,0.980145,-0.024637,0.557426,0.498696,0.508332,-1.697266,0.134201,0.659187,-2.718173,-0.132920,0.675829,-2.705543,0.560269,-0.084906,0.253541,-0.093456,0.407366,-2.593324,-0.694618,0.311872,-2.226075,-0.728343,0.206373,-1.588249,-0.156552,-0.177850,-0.922780,-0.550995,0.224201,-1.957790,-0.809138,0.136188,-1.843068,-0.786440,-0.011928,-1.434306,-0.485523,-0.296748,-0.232313,-0.673169,-0.001055,-2.083543,-0.750903,-0.062896,-2.265122,-0.872236,-0.180638,-1.764079,-1.422512,-0.881332,1.635280,-1.368197,-0.704628,-0.709069,-1.034487,-0.879888,-1.294549,-1.457672,-1.168527,0.489765,-1.473542,-0.548095,1.181056,-1.248997,-0.555756,1.091448,-1.428421,-0.587611,-0.623587,-1.192436,-0.569240,0.425398,-1.077261,-0.407553,0.386841,-1.307272,-0.414715,0.335035,-1.453478,-0.413957,-0.388813,-1.161889,-0.737018,-0.206101,-1.178764,-0.414161,1.721106,-0.938081,-0.708218,-0.122959,-1.166014,-1.074770,1.599146,-1.183971,-1.573686,-0.019622,-0.934852,-0.308243,-0.616617,-1.471425,-0.542521,-1.255515,-1.494070,-0.134261,1.546402,-1.230836,-0.744241,1.365847,-1.023391,-0.685304,1.230766,-1.156568,0.158538,-0.211150,-1.177284,-0.554147,-0.970306,-1.303267,-0.698378,-1.358922,-1.209785,-0.395042,0.416422,-1.290063,-0.981846,1.150362,-1.588451,-1.298546,-2.165315,-1.227180,-0.420763,-0.226498,-1.010323,-0.616528,-1.706934,-1.096421,-0.822985,1.079318,-0.968263,-0.422552,0.421767,-0.837232,-0.359061,0.623693,-0.888618,-0.388361,-0.685073,-1.161404,-0.431897,-0.391427,-1.305092,-0.512109,-0.681410,-1.076660,-0.329288,-0.153455,-1.485943,-0.732454,-1.715163,-1.476098,0.117439,-0.390194,-1.389350,-0.432231,-1.708304,-1.140837,-0.491354,1.270440,-1.314719,-0.858621,-1.717068,-1.409959,-0.358277,-1.048932,-1.049079,-0.867157,-0.387826,-1.275920,-0.255046,-0.179586,-1.469176,-0.114917,-1.681024,-1.310553,-0.472853,0.820402,-1.582591,-1.132143,-1.313389,-1.238647,-0.833367,-0.949424,-1.310014,-0.472766,-1.661995,-0.974881,-0.528265,-0.082546,-1.466880,-0.517852,-0.481550,-1.528124,-0.183544,-0.527388,-1.121335,-0.640507,-1.092535,-1.093644,-0.639509,1.132258,-0.948735,-0.519730,-1.079318,-1.292702,-0.444526,-0.662795,-0.878216,-0.504652,0.197444,-1.536868,-0.681283,-0.627480,-1.358320,-0.723432,0.514143,-1.110657,-0.517299,0.208744,-1.258277,-0.752190,0.464696,-1.383664,-0.266074,-0.029121,-1.360001,-0.266074,-0.550044,-1.201539,-0.286869,-1.458650,-1.192891,-0.359211,-1.565057,-1.183764,-0.296551,-1.282274,-1.358987,-0.270108,-0.239250,-1.370861,-0.291714,0.342406,-1.629742,-0.030195,1.844283,-1.090172,-0.404811,0.238431
-0.032547,0.451030,0.892564,-4.076048,-1.186307,-1.314989,-2.392003,-0.952786,-1.210534,-1.483781,-1.392213,0.202582,-0.249302,-1.042878,0.772468,-1.080871,-0.111889,-1.250497,-0.060476,0.352806,-0.256727,-0.694701,-0.500224,0.938210,-1.362873,-0.829094,0.187382,-0.943404,-0.439288,1.013307,-0.440964,-0.167511,-0.264507,0.000492,0.000492,0.000492,-1.799704,-0.921053,-0.859456,0.594713,-0.798846,0.689005,0.000492,0.000492,0.000492,-1.638560,0.322729,-0.090194,-1.516884,0.264093,1.142614,-1.255696,-0.091861,-1.105401,-0.765246,0.421049,1.281450,0.000492,0.000492,0.000492,0.000492,0.000492,0.000492,0.000492,0.000492,0.000492,0.000492,0.000492,0.000492,0.000492,0.000492,0.000492,0.000492,0.000492,0.000492,-0.623554,0.360792,-1.518775,-0.360120,0.501558,-0.828710,-0.852771,0.469050,-0.759991,-0.438851,0.117192,0.010864,-0.287397,1.477304,-0.511125,-0.512396,1.621019,-1.345927,-0.931006,0.338683,-0.594282,-0.771131,0.717886,1.409456,-1.098617,1.297751,0.251795,0.146036,0.985546,-0.623417,-0.284163,0.319481,0.268352,-0.244169,0.126324,0.418890,-0.498592,-0.062180,0.949532,0.158674,1.664059,0.746279,-0.464445,0.079127,0.115885,0.071578,0.674859,0.605630,-0.421011,0.093187,0.915654,-0.267075,1.319786,0.780423,-0.228995,0.750472,0.484373,0.215795,-0.597574,0.120298,0.734323,-1.000997,0.241219,-0.098217,-0.966588,-0.179954,0.608198,-0.714175,-0.892426,0.909409,-0.346397,0.149661,1.081867,-0.043105,-0.121349,1.266964,0.095848,-0.481368,1.011334,-0.016042,0.577256,0.503739,0.538004,-1.703392,0.151036,0.658348,-2.702039,-0.117247,0.675018,-2.699510,0.590292,-0.088158,0.396662,-0.065035,0.418546,-2.613572,-0.682848,0.316452,-2.340418,-0.728931,0.204189,-1.664352,0.015879,-0.186669,-1.206307,-0.528074,0.229005,-1.958950,-0.787558,0.146883,-1.912040,-0.788786,-0.001896,-1.571447,-0.466544,-0.287979,-0.497111,-0.654442,0.009466,-2.151231,-0.766397,-0.058643,-2.338163,-0.853084,-0.170743,-1.807452,-1.410415,-0.871633,1.387701,-1.358168,-0.695451,-0.989775,-1.024236,-1.173760,-1.264098,-1.446067,-1.160123,0.507165,-1.460809,-0.538630,1.263779,-1.237584,-0.546720,1.369887,-1.417999,-0.579649,-0.572637,-1.181767,-0.560423,0.436194,-1.067257,-0.398332,0.308799,-1.296213,-0.402050,0.299195,-1.442000,-0.398622,-0.184085,-1.151422,-0.720076,-0.022126,-1.167777,-0.395410,1.831385,-0.924899,-0.687169,0.192069,-1.154684,-0.309551,1.805439,-0.859392,-0.776134,0.390693,-0.597407,0.590123,0.229663,-1.459678,-0.960067,-1.740189,-1.483259,-0.123437,1.365999,-1.220265,-0.734691,1.305832,-1.013460,-0.676164,1.285028,-1.146968,0.172502,0.133751,-1.167688,-0.543457,-0.791569,-1.042663,-0.685158,-1.221817,-1.199765,-0.384341,0.476411,-1.279957,-0.971053,1.240292,-1.267403,-1.284271,-2.058389,-0.965192,-0.004378,-0.170710,-1.001121,-0.098049,-1.375353,-1.087348,-0.513539,1.034361,-0.959137,-0.411671,0.635346,-0.827940,-0.348968,0.790676,-0.879140,-0.378642,-0.500814,-1.150976,0.029387,-0.348268,-1.294450,-0.503212,-0.860596,-1.066869,-0.316766,0.015765,-1.474594,-0.216664,-1.686339,-1.464691,0.130674,-0.004723,-1.126868,-0.417519,-1.370765,-1.130487,-0.480716,1.378789,-1.048406,-0.316665,-1.414560,-1.399677,0.210441,-1.000522,-1.039197,-0.853889,-0.293687,-1.265902,-0.241442,-0.160510,-1.457269,-0.590118,-1.731635,-1.298927,-0.462000,0.699325,-1.570610,-0.602372,-1.394541,-1.228029,-0.279379,-0.857899,-1.300761,-0.462113,-1.754681,-0.965267,-0.519851,0.119882,-1.165869,-0.506120,-0.444131,-1.516643,-0.170012,-0.588930,-1.111334,-0.630900,-1.154513,-1.084064,-0.192694,1.268263,-1.243753,-0.507115,-1.094264,-1.281806,-0.431657,-0.486179,-0.868751,-0.493940,0.360515,-1.239875,-0.372066,-0.942952,-1.346963,-0.413513,0.177782,-0.851655,-0.507204,0.424625,-1.014556,-0.743029,0.030104,-1.372178,-0.252324,-0.308514,-1.348468,-0.252324,-0.794981,-0.926914,-0.273720,-1.340217,-1.180524,-0.345151,-1.364822,-0.910776,-0.283241,-1.252427,-1.347359,-0.256314,-0.572476,-1.359383,-0.277950,-0.108059,-1.304723,-0.018324,1.867159,-1.079316,-0.393202,0.511090
-0.011374,0.459082,0.907840,-3.134546,-1.132825,-1.319407,-2.389652,-0.343858,-0.879927,-1.410371,-1.363239,-0.283135,-0.250125,-1.012864,0.709906,-1.074892,-0.049443,-1.225848,-0.068180,0.383122,0.650184,-0.697050,-0.500224,0.844541,-1.365267,0.254083,0.976385,-0.949311,0.464706,1.289335,1.459198,-0.167511,-0.981674,0.000492,0.000492,0.000492,-1.166148,-0.906026,0.426529,0.558044,-0.798846,0.214710,0.000492,0.000492,0.000492,-1.616641,0.322948,-0.002851,-1.498280,0.261826,0.914843,-1.238295,-0.090658,-0.773953,-0.754907,-1.380387,0.793729,0.000492,0.000492,0.000492,0.000492,0.000492,0.000492,0.000492,0.000492,0.000492,0.000492,0.000492,0.000492,0.000492,0.000492,0.000492,0.000492,0.000492,0.000492,-0.883122,0.823268,-0.754427,-1.128909,0.863486,-0.840444,-1.397369,1.587399,-1.334606,-0.707320,1.990547,-1.163278,-0.569770,2.096401,-0.610102,-0.766762,1.610329,-1.507710,-1.206916,0.746427,-0.898206,-0.769112,1.069240,1.533539,-1.095176,1.697627,0.833515,-0.355317,0.971316,-0.277665,-0.703852,0.529648,0.430278,-0.482824,0.279700,0.403837,-1.453461,0.877892,0.807553,-0.377432,1.653562,0.434920,-0.463660,1.157390,0.287188,-0.796928,0.505061,0.724527,-1.592111,1.132189,1.076982,-0.267859,0.662325,0.755397,-0.500381,0.742990,0.284189,-0.228839,-0.511486,0.110948,-0.141001,-0.353342,0.532130,-0.010023,-0.941284,-0.619491,0.688873,-0.694988,-0.638195,0.952605,-0.359298,0.493384,1.086674,-0.059232,0.133487,1.206095,0.122389,-0.376358,1.043184,-0.045851,0.646390,0.597325,0.524816,-1.535524,0.226807,0.667836,-2.698118,-0.068521,0.684176,-2.659383,0.647862,-0.118295,0.563528,-0.010537,0.423085,-2.586248,-0.588502,0.335008,-2.281999,-0.653318,0.212014,-1.636901,-0.115944,-0.199487,-1.213636,-0.466287,0.227845,-2.100493,-0.725052,0.134727,-1.864812,-0.718355,-0.005681,-1.402319,-0.444573,-0.295481,-0.396819,-0.624351,-0.026402,-2.261886,-0.735682,-0.087892,-2.275460,-0.856025,-0.198609,-1.766716,-1.191473,-0.790699,1.126332,-0.909744,-0.609526,-0.208588,-0.564264,-0.174993,0.032855,-1.237571,-0.493992,-0.359787,-1.228703,-0.428423,1.646515,-1.028634,-0.435181,0.863729,-0.945796,0.050315,-0.535035,-0.971219,-0.445279,-0.029787,-0.866324,0.028843,0.177598,-1.065400,-0.237042,-0.318206,-1.197886,-0.203551,-0.934751,-0.921470,0.046825,0.694762,-0.920676,-0.176328,0.560291,-0.632050,0.254638,-0.643578,-0.897140,0.645079,0.911563,-0.577645,0.973630,0.980629,-0.304491,0.787014,1.399631,-1.245552,-0.013345,-0.329735,-1.282974,-0.442507,0.470224,-1.018956,-0.673865,-0.048547,-0.823349,-0.617942,0.061496,-0.958405,-0.240113,0.333169,-0.975558,-0.086818,-0.785701,-0.842695,-0.124646,-0.890257,-0.988861,-0.320436,0.473675,-1.061253,-0.903514,-0.033343,-1.002322,-0.673664,-1.784177,-1.024430,-0.325936,-0.461928,-0.815132,-0.489415,-0.588494,-0.903964,-0.742703,-0.106910,-0.774261,-0.313207,0.829432,-0.649547,-0.604058,0.079189,-0.694249,0.059643,-0.257403,-0.944507,-0.289877,0.432966,-1.079750,-0.417592,-1.212651,-0.866025,-0.194043,0.138547,-0.966570,-0.103968,-1.278622,-1.251980,-0.245510,0.475482,-0.690705,-0.306953,-0.648841,-0.929729,-0.396789,0.436978,-0.862068,-0.198252,-0.431076,-0.936587,-0.217890,-0.584578,-0.835848,-0.271045,0.222723,-1.056897,-0.140639,0.990652,-1.204893,-0.001414,-0.658973,-0.748666,-0.380217,-0.275405,-1.316650,0.024005,-0.937591,-1.006236,-0.164020,0.094416,-1.122757,-0.343120,-0.416480,-0.780709,-0.430321,-1.004025,-0.945678,-0.383344,0.316180,-0.993394,-0.489044,-0.246072,-0.651769,-0.531500,-1.191774,-0.886948,-0.492584,1.032618,-0.685813,-0.799368,-1.125976,-1.056923,-0.726357,-0.428902,-0.432614,-0.738257,0.476358,-1.018923,-0.572150,-1.403524,-1.125075,-0.312979,-0.470409,-0.665201,-0.392809,-0.047012,-1.075536,-0.329651,-0.319390,-1.147778,-0.570864,0.001015,-1.120045,-0.570864,-0.890276,-0.454387,-0.579074,-0.873405,-0.923866,-0.670849,-1.174655,-0.441066,-0.592319,-0.895157,-1.117068,-0.575870,-0.711798,-1.135131,-0.596811,0.104040,-1.079759,-0.354149,1.642966,-0.571052,-0.306450,0.566366
0.016572,0.439935,0.948873,-4.085043,-1.180290,-1.303268,-2.396158,-0.366744,-1.186410,-1.411371,-1.195920,-0.031731,-0.249781,-1.011428,0.562860,-1.096206,-0.097637,-1.649682,-0.099017,0.383122,0.655321,-0.707609,-0.508452,1.004575,-1.378946,-0.854381,-0.043269,-1.558556,-1.338020,0.573239,-0.457839,-0.167511,-0.840567,0.000492,0.000492,0.000492,-1.809436,-0.941060,-0.459914,-0.864698,-0.798846,0.251802,0.000492,0.000492,0.000492,-1.571916,-0.756312,0.084599,-0.427199,0.203443,0.827659,-1.194948,-0.087979,-0.168700,-0.723966,-1.409432,0.227253,0.000492,0.000492,0.000492,0.000492,0.000492,0.000492,0.000492,0.000492,0.000492,0.000492,0.000492,0.000492,0.000492,0.000492,0.000492,0.000492,0.000492,0.000492,-1.403748,1.736838,0.779674,-1.644726,1.225451,-0.608327,-1.399851,1.202293,-0.862237,-0.709554,1.978924,-1.307892,-0.572119,2.088655,-1.094181,-1.275885,1.599683,-1.838865,-1.486454,0.735963,-0.405818,-1.044298,1.057354,1.669185,-1.097694,1.687450,1.292044,-0.608663,1.395540,-0.058808,-0.916280,1.391752,1.390210,-0.966646,0.908768,1.181441,-1.694966,1.817963,1.443615,-1.182796,1.643065,0.855264,-0.948956,1.289680,1.403594,-0.799249,1.162515,1.578130,-1.359894,1.822004,1.756360,-0.752365,1.955878,0.918642,-1.592583,1.193388,1.646704,-0.899798,-0.513668,1.379731,-1.310296,0.836098,1.501928,-0.015653,-0.952563,-0.894719,0.667643,-0.648996,-1.316470,0.979047,-0.305603,-0.674012,1.208342,-0.054292,-0.090691,1.322807,0.059307,-0.585952,1.044154,-0.093543,0.437569,0.632483,0.499078,-1.625532,0.259083,0.667454,-2.500259,-0.016632,0.683806,-2.714568,0.650523,-0.168552,0.829019,0.047428,0.413145,-2.595870,-0.579185,0.262308,-2.343421,-0.598818,0.153398,-1.576572,-0.157878,-0.233448,-1.360394,-0.367070,0.216732,-2.187054,-0.672856,0.132096,-1.895773,-0.703924,-0.059950,-1.447270,-0.441207,-0.350951,-0.538662,-0.603024,-0.009668,-2.216174,-0.676793,-0.093199,-2.287824,-0.885851,-0.248728,-1.737235,-0.785286,0.530618,-1.085594,-0.301136,0.379441,-0.400416,-0.489836,-0.098650,1.007746,-0.834635,-0.079173,-0.318117,-0.762697,-0.235601,-0.148725,-0.883968,-0.206386,-0.229758,-0.213205,0.015970,-0.605643,-0.734250,-0.177915,-0.489737,-0.854310,0.008019,-0.082079,-0.702367,-0.280359,-0.964552,-0.766621,-0.292311,-1.366144,-0.741725,0.455904,0.985232,-0.695064,-0.468842,0.605026,-0.347319,0.510799,-0.400947,-0.644285,0.759990,1.139470,-0.301027,0.159375,1.610100,-0.344531,-0.308243,1.638986,-0.815646,-0.182434,-0.764615,-0.571975,-0.644966,-1.186768,-0.861903,-0.176175,-0.699858,-0.641820,-0.141562,-0.338049,-0.496393,-0.506426,1.119951,-0.719029,0.089771,1.408179,-0.546819,0.064675,1.590634,-0.648605,-0.576057,0.608004,-0.940881,0.059729,0.392268,-0.512200,-0.432654,0.130942,-0.530069,-0.478158,-0.092191,-0.580621,-0.616528,1.288197,-0.672739,-0.181237,-0.155840,-0.782357,-0.321434,0.268641,-0.451738,-0.561895,-0.049472,-0.719725,-0.225677,0.415070,-0.951004,-0.661389,0.322639,-0.508366,-0.373333,-1.143468,-0.571266,-0.586143,0.876606,-0.211106,-0.230526,-0.118804,-0.474721,-0.396151,-0.516846,-0.517688,-0.474136,1.911457,-0.721433,-0.122760,-0.134616,-0.686377,-0.331230,1.397750,-0.231305,-0.352565,0.759160,-0.790403,0.054627,2.087319,-0.731831,-0.827600,1.319321,-0.791256,-0.682946,-0.509432,-0.315562,-0.524425,-1.318282,-0.900416,-0.142942,-0.728285,-0.935691,-0.338450,0.718086,-0.455721,-0.178061,0.255997,-0.576062,-0.330395,-0.174502,-0.973453,-0.257803,0.384411,-0.699474,-0.806051,-0.702461,-0.110640,-0.103930,-0.455491,-0.593837,-0.786830,0.725431,-0.282641,-0.630614,0.198904,-0.720800,-0.526720,-0.415680,-0.406097,-0.565497,0.889734,-0.443240,-0.424945,-1.548905,-0.858065,-0.162575,-1.343541,-0.708689,-0.574642,0.157727,-0.654927,-0.195625,-0.670546,-0.877745,-0.859897,-0.330903,-0.526024,-0.859897,-1.178714,-0.163340,-0.407098,0.023787,-0.209954,-0.966377,-0.502615,-0.151754,-0.418246,-0.173983,-0.518189,-0.865825,-1.289535,-0.865275,-0.412693,-0.525979,-0.881827,-0.485213,-0.059887,-0.483970,-0.464344,0.377434
0.062743,0.420818,0.833963,-2.161109,-1.125482,-1.563742,-1.976446,0.253048,-1.035850,-1.333523,-0.947628,0.330559,-0.170114,-0.829741,0.155971,-1.106658,-0.208168,-0.369711,-1.652280,0.420184,1.780348,-0.724658,1.550498,1.122783,-1.347371,0.285698,-0.268327,-0.929622,1.380906,0.053725,-0.487480,-0.167511,-2.126410,0.000492,0.000492,0.000492,-1.159538,0.370075,-0.944227,0.570931,-0.798846,-0.594326,0.000492,0.000492,0.000492,0.576109,-0.769788,-0.057923,-0.381243,0.239851,0.206739,0.559029,-0.030347,-0.129306,-0.694286,-1.435320,-0.070504,0.000492,0.000492,0.000492,0.000492,0.000492,0.000492,0.000492,0.000492,0.000492,0.000492,0.000492,0.000492,0.000492,0.000492,0.000492,0.000492,0.000492,0.000492,-1.356802,1.744427,-0.193143,-1.704118,1.798498,-0.947918,-2.935486,2.363741,-0.325891,-1.437510,2.640764,-1.506651,-0.465789,1.975170,-0.251735,-1.445327,1.809701,2.060615,-1.500303,1.631553,0.018584,-1.420068,0.298012,1.914174,-0.984725,1.124910,0.003330,-0.780496,2.040841,0.069055,-0.720227,1.610833,2.152562,-0.576854,1.663906,2.865337,-0.864299,2.578833,1.887987,-1.366467,1.814350,1.172082,-0.739585,1.411955,2.419111,-0.650005,2.099804,2.095772,-1.456746,3.333287,2.045492,-1.178174,2.028045,1.582121,-1.369932,2.249293,2.480092,-0.969686,-0.012431,3.991359,-1.215024,1.753314,3.145286,0.212371,-0.885480,-0.937365,0.664032,-0.640497,-0.717763,0.988519,-0.260551,-0.979249,1.226564,-0.031932,0.458819,1.451041,0.068099,0.058837,1.053679,-0.261158,0.530913,0.813557,0.348665,0.054588,0.480497,0.700457,-0.274440,0.190036,0.872800,-1.743272,0.675752,-0.324924,0.341823,0.273127,0.338611,-0.087139,-0.036384,0.606606,-1.091249,-0.185279,0.631618,-1.762810,0.200740,-0.377888,-0.833886,-0.173321,0.181875,0.376702,-0.282353,0.413307,-0.128920,-0.298131,0.458148,-1.387993,-0.274863,-0.498860,-0.600733,-0.452530,-0.076864,0.233641,-0.420716,0.102787,-0.059715,-0.383773,0.167001,-0.202674,0.054178,0.091556,-0.464186,-0.444772,-0.156205,-0.621282,-0.371744,-0.109374,-1.450794,-0.090597,-0.196661,0.777566,0.006166,-0.777730,0.262120,0.015619,-1.106793,0.547347,-0.034311,-1.354769,-1.058517,-0.088808,-1.431272,0.862082,-0.363455,-1.616354,0.397844,-0.569409,-1.231494,-0.047560,-0.462554,-0.874340,-1.896089,-0.302496,-0.080513,0.300042,-0.304479,-0.216614,-0.744325,0.072740,1.762547,0.364028,-0.280135,1.611882,1.952678,0.097345,1.351998,2.194125,0.397256,0.510936,1.299155,-0.106343,-0.942262,-1.330996,0.036630,-0.466493,0.947944,-0.047575,-1.017990,0.726076,0.034631,-0.947332,1.233677,0.092642,-0.267189,0.094719,-0.244358,-0.482036,-0.346898,-0.382325,-0.585939,-1.222831,-0.550162,-0.293330,0.296484,-0.654124,-1.682600,1.111671,-0.552195,-3.259371,-1.287676,-0.006535,-0.403976,0.323366,-0.081884,-0.143751,0.425733,0.056223,-0.264902,-0.265690,-0.049109,-0.512119,0.152928,0.105555,-0.835295,1.179017,0.057775,-1.194625,-0.000554,-0.136692,-1.053419,-0.145464,-0.004921,-1.225377,-0.502135,0.098255,-0.918597,0.424943,-0.528204,-0.258285,0.275739,-0.530943,-0.365504,0.827468,-0.110547,-0.432231,-1.559608,-0.054254,-0.881169,0.840220,-0.018152,-0.360398,-1.316538,-0.559895,-0.392670,0.306329,-0.118454,-0.860962,-0.032295,-0.089714,-0.231663,1.134123,-0.385044,-0.577033,-1.517334,0.322342,-0.849516,0.564379,0.121237,-1.637440,-1.738639,-0.255700,-1.365040,-1.335614,-0.330256,-0.693230,-0.090582,0.246364,-0.678632,0.063616,-0.054426,-0.716505,-0.097261,-0.106309,-0.877763,0.563141,-0.157987,-0.473882,-0.992868,-0.191540,-0.861429,1.253233,0.449717,-0.763016,0.050189,-0.267621,-0.714212,0.807812,0.028987,-0.734164,-0.669790,-0.163042,-0.573721,-1.415509,-0.226957,-0.316880,-0.860487,0.120233,-0.733602,0.150996,-0.558086,-0.313204,1.378694,-0.239492,-0.996100,0.810699,-0.230544,-0.996100,-0.365047,0.050557,-0.537346,-0.803108,0.909016,-0.630337,1.747105,0.060867,-0.550083,-0.843955,-0.220292,-1.002461,-0.371637,-0.227442,-1.022475,0.722375,-0.345102,-0.465207,0.917859,0.182539,-0.387398,1.024920
0.068664,0.404190,0.872319,-1.210982,0.521072,-1.381367,-1.568413,0.849601,-1.339043,-1.257227,-0.781875,-0.039426,-0.094203,-0.797941,0.365217,-1.063299,-0.020940,-1.048358,-0.100938,2.128609,2.247026,-0.724944,-0.479656,0.839278,-1.350906,1.364656,0.647755,-0.932697,1.408834,0.783492,-0.446207,-0.167511,-2.161052,0.000492,0.000492,0.000492,-1.167892,0.385072,0.035174,-0.859837,-0.798846,0.674212,0.000492,0.000492,0.000492,0.584612,-0.769788,0.046685,-0.371827,0.232265,0.039910,0.573232,-0.001677,0.392395,-0.681820,-1.396326,-0.215930,0.000492,0.000492,0.000492,0.000492,0.000492,0.000492,0.000492,0.000492,0.000492,0.000492,0.000492,0.000492,0.000492,0.000492,0.000492,0.000492,0.000492,0.000492,-1.422015,0.557879,-0.069555,-1.680529,1.056526,-0.240358,-1.726069,0.687778,-0.623182,-1.311422,1.359654,-1.394744,-0.918560,1.059420,-1.341848,-1.540415,1.471490,0.562817,-1.516631,1.077472,-0.439084,-1.088341,0.613672,0.535740,-1.154521,1.162184,1.076510,-1.121719,1.267202,-0.049903,-0.940422,1.345440,0.611481,-1.489983,1.185612,0.596573,-1.502973,1.402468,0.419111,-1.731197,1.510227,0.620875,-1.463159,1.258551,0.994850,-1.051145,0.783520,0.482612,-1.164450,1.704642,0.584364,-1.489977,1.520235,0.154195,-1.901953,2.041830,0.295718,-0.487004,0.708416,0.543621,-1.333907,1.670574,0.620073,0.045509,-0.783207,-1.690726,0.478651,-0.620463,-1.573891,1.156404,-0.148722,-1.479877,1.182009,0.022979,-0.647815,1.412383,0.136196,-0.859585,1.064376,-0.326868,1.071974,0.798440,0.200605,0.429623,0.564661,0.565980,0.314371,0.306612,0.824655,0.065419,0.693153,-0.427201,0.546712,0.273629,0.157125,0.430032,0.003880,0.516575,0.673160,-0.087481,0.679669,-0.044197,0.190291,-0.526775,0.099140,-0.146105,0.038914,0.421439,-0.253711,0.288317,0.496791,-0.270335,0.406999,0.429472,-0.283924,-0.592748,-0.484273,-0.441659,-0.153413,0.681512,-0.414447,0.034897,0.618251,-0.346239,0.115279,0.300006,0.050720,-0.459346,-0.068337,-0.445237,-0.294434,0.279103,-0.088556,-0.180759,-0.882133,-0.072498,-0.211004,0.182546,0.049101,-0.431398,1.119130,0.091053,-0.736514,1.133387,-0.196141,-1.270138,-0.095211,-0.202328,-1.030370,1.054785,-0.159653,-1.194434,0.651880,-0.284868,-1.075890,0.568819,-0.401330,-0.715303,0.131089,-0.195924,0.042924,-0.666961,-0.157400,-0.183492,-0.913974,-0.060639,0.242855,-1.780933,-0.109270,1.374354,-0.066979,0.284266,0.953576,0.314536,0.591588,0.760588,-0.040747,0.250103,-2.178966,-0.752703,0.387108,-0.849116,0.069106,0.328239,-1.032890,1.714018,0.153385,-0.961595,2.050368,0.239521,-0.259318,-0.407421,0.196196,-0.875936,0.229324,0.096654,-1.102233,-0.616722,-0.023653,-0.336147,0.711776,-0.084885,-1.323335,0.901915,-0.151406,-1.728822,-2.258364,0.171606,-0.339590,0.607318,0.334019,-0.504649,-0.454332,0.229090,-0.751277,1.568011,0.124775,-0.704773,0.727800,0.244519,-0.611690,1.749180,0.217816,-1.311982,0.177073,0.059800,-0.747712,-0.871954,0.221134,-1.031358,-0.314973,0.329322,-0.644273,-0.102050,-0.151254,-1.124685,-1.111477,-0.132214,-0.260799,-0.384081,-0.000139,-0.841045,-1.624727,0.087742,-0.793921,1.852247,0.096171,-0.742469,-1.414954,-0.198141,-0.788551,-0.669829,0.117168,-1.249260,0.075326,-0.089496,-0.650641,0.291879,-0.054559,-0.507386,-1.501307,0.075394,-0.787077,0.516017,-0.159093,-1.542192,-1.388577,0.017994,-1.260848,-0.919953,-0.213625,-0.711388,-0.981166,0.144259,-1.008825,0.710409,0.138000,-0.790292,-0.984791,-0.183617,-0.496985,-0.486673,-0.203524,-0.864737,-0.954784,0.036861,-0.499691,1.295293,0.157880,-0.806053,-0.540510,-0.005168,-0.732399,0.121927,0.236315,-0.742990,-0.270592,-0.235367,-0.876695,-0.397771,-0.033047,-0.919288,0.818450,0.267063,-0.741920,0.510233,-0.433695,-0.959554,1.577897,-0.043388,-0.578150,0.096729,-0.011302,-0.578150,-0.506507,0.006037,-0.586042,-1.251335,0.587774,-0.678299,-0.189311,0.016613,-0.599372,-1.138388,0.000744,-0.583180,-0.296179,-0.031466,-0.604105,0.127146,0.089423,-0.367843,1.563338,0.196752,-0.741645,0.569369
0.065277,0.414271,0.881923,-1.219428,0.640376,-2.238585,-1.566375,1.477027,-1.144325,-1.183003,-0.670554,-0.257162,0.218705,-0.737085,-0.023193,-1.052071,0.082411,-1.077299,-1.649379,0.420184,0.399193,-0.718186,1.501184,0.820501,-0.764165,2.483642,0.201305,-0.909072,3.230753,-0.290725,-0.482603,2.128528,-2.236453,0.000492,0.000492,0.000492,-0.515252,1.706225,0.232756,0.551731,1.315531,-1.137219,0.000492,0.000492,0.000492,0.587301,-0.775690,-0.200781,-0.375340,0.245912,0.093457,0.560796,-0.035724,0.512332,-0.675365,-1.386767,-0.172381,0.000492,0.000492,0.000492,0.000492,0.000492,0.000492,0.000492,0.000492,0.000492,0.000492,0.000492,0.000492,0.000492,0.000492,0.000492,0.000492,0.000492,0.000492,-1.350864,1.232667,-0.564383,-1.695698,1.759286,-0.339973,-2.089820,1.935536,-0.506658,-0.873345,1.622821,-1.886501,-0.744394,1.611446,-1.189482,-1.440549,0.873461,1.104542,-1.492354,1.140218,-0.301842,-1.133489,0.244433,0.303874,-0.973271,0.647053,0.063969,-0.775572,0.661155,-0.363655,-0.927488,1.138818,0.544665,-1.546090,1.320790,0.593553,-1.584331,1.895851,0.182203,-1.361203,0.894982,0.537779,-1.222499,1.117373,1.006472,-0.863525,0.733260,0.177455,-0.971509,1.870675,0.673176,-1.662088,1.656543,0.222143,-1.637962,1.985778,0.757349,-0.056285,0.426782,0.329109,-1.209750,1.739968,1.261265,0.028150,-0.617745,-2.071025,0.892278,-0.582772,-2.000494,1.178386,-0.284897,-1.092275,1.166232,0.103604,0.551674,1.393535,0.330050,1.095415,1.026882,-0.400396,1.263914,0.814492,0.060483,0.557011,0.574560,0.385011,-0.072582,0.372605,0.645289,0.645843,0.689418,-0.512799,0.697348,0.286837,0.002670,0.829203,0.031116,0.356103,0.863075,-0.062492,0.554812,1.486601,0.183393,-0.615683,0.693268,-0.168838,-0.109246,0.614481,-0.243804,0.163534,0.840502,-0.287705,0.291795,0.692647,-0.309189,-0.690102,0.107082,-0.469669,-0.284589,0.736111,-0.447280,-0.077992,0.339218,-0.356806,0.035703,-0.004668,0.031121,-0.452868,0.444264,-0.190368,-0.284680,0.247663,0.172684,-0.167950,0.007624,-0.089784,-0.195927,0.120775,0.031633,-0.411896,1.232855,0.078088,-0.715333,1.064517,-0.205386,-0.986215,-0.090125,-0.208872,-1.007198,0.761389,-0.162315,-1.170201,0.512586,-0.284129,-1.043006,0.612804,-0.397080,-0.677089,0.110146,-0.188879,-0.479939,-0.648148,-0.147860,-0.786147,-0.447306,-0.048598,0.277500,-1.763723,-0.098430,0.656651,-0.297301,0.296125,0.195506,-0.184850,0.603917,0.771914,-0.245866,0.233977,-2.178242,-1.120691,0.373523,-0.850120,-0.156685,0.317187,-1.035280,1.995487,0.145263,-0.963883,2.101184,0.233625,-0.260615,0.612588,0.193645,-0.878272,0.088133,0.347068,-1.106774,-0.298883,0.235703,-0.340503,1.205063,-0.081303,-1.327528,0.395834,0.164336,-0.695531,-2.059954,0.420532,-0.743418,1.017953,0.330452,-1.003536,-0.559747,0.225573,-1.047191,2.202213,0.121238,-0.694884,0.762277,0.238940,-0.599769,1.963064,0.213395,-1.300217,0.274768,0.056095,-0.731053,-1.163771,0.493573,-1.020873,-0.180112,0.328446,-0.629462,0.423048,-0.163894,-1.119041,-1.790739,-0.143610,-0.736737,-1.107246,0.244879,-1.354185,-1.213754,0.080453,-0.790276,2.256050,0.345211,-1.264819,-1.158278,0.062715,-0.781867,-1.425659,0.116516,-1.245935,0.154495,-0.089043,-0.648512,0.070285,-0.052447,-0.505274,-1.709897,0.079034,-0.785034,0.556775,0.152410,-1.021750,-1.505553,0.018704,-1.256646,-0.907360,-0.220765,-0.692300,-1.518274,0.386281,-0.995470,1.486187,0.132747,-1.172443,-1.214919,0.108258,-0.937904,-1.272694,-0.205749,-1.177933,-0.906629,0.036229,-0.479451,1.301735,0.159207,-0.784535,-0.772030,-0.005661,-0.708910,0.041627,0.234628,-0.723132,-0.129059,0.047282,-0.860116,-0.447752,-0.038341,-0.902671,0.643165,0.261255,-0.723205,1.046587,-0.204755,-0.943633,1.471543,-0.048742,-0.554696,-0.557080,-0.015393,-0.554696,-0.818402,0.003752,-1.012412,-1.186099,0.587774,-0.654318,-0.125117,0.014341,-0.577068,-1.112171,-0.003381,-0.559651,-0.700001,-0.036816,-0.580627,-0.442610,0.078597,-0.793590,1.724364,0.478259,-0.739488,0.583031
0.065716,0.409723,0.932940,-0.265078,4.051464,-2.761139,0.065601,2.683898,-1.880001,-0.961154,-0.503801,-0.092454,0.295155,-0.522880,0.345523,-1.086850,8.814466,-1.799140,-1.648418,0.376376,-1.007120,-0.705565,1.517639,0.737688,-0.770323,1.379396,0.402852,-0.908701,1.414075,0.313681,-0.434953,2.128528,-1.183041,0.000492,0.000492,0.000492,-0.518367,1.676200,-0.830521,-0.913415,-0.798846,0.254638,0.000492,0.000492,0.000492,0.581923,-0.771896,-0.062887,-0.376649,0.229998,0.105829,0.563994,-0.010626,0.736974,-0.676231,-1.386767,0.174657,0.000492,0.000492,0.000492,0.000492,0.000492,0.000492,0.000492,0.000492,0.000492,0.000492,0.000492,0.000492,0.000492,0.000492,0.000492,0.000492,0.000492,0.000492,-1.076634,0.777780,-0.684585,-1.166396,1.403396,-0.343180,-1.249982,1.960169,-0.565588,-0.592386,1.657690,-1.959206,-1.030291,1.319956,-1.795271,-1.171027,1.346904,0.908329,-1.482369,0.749916,-0.588386,-0.849584,0.280165,-0.624702,-1.251922,0.684327,-0.157690,-0.763454,-0.187337,-0.907879,-0.920248,0.276735,-0.266570,-1.540567,0.529239,-0.479381,-1.579809,1.275191,-0.611637,-1.348251,0.926474,-0.108684,-0.969557,0.991760,-0.274540,-1.078636,0.073087,-0.243297,-1.203927,0.834538,0.122214,-1.161977,0.357639,-0.573391,-1.352495,0.617768,-0.424710,-1.182488,1.338063,-0.591420,-0.018760,-0.565075,-0.047057,0.181371,-0.469589,-2.372977,0.781448,-0.526907,-2.207142,1.164312,-0.236856,-1.330450,1.037300,0.201560,0.612367,1.328689,0.395000,1.260522,1.036946,-0.394124,0.353115,0.870403,-0.053211,0.354920,0.649997,0.305719,-0.936522,0.387100,0.436915,-2.333606,0.618669,-0.541539,1.063209,0.287175,-0.157023,0.470612,0.030840,0.208350,0.612607,-0.062746,0.397521,0.668953,0.136310,-0.637791,1.066648,-0.190512,-0.246742,0.556633,-0.239733,0.025796,0.660096,-0.283304,0.139848,0.531821,-0.317212,-0.700361,0.578152,-0.469554,-0.364828,0.992422,-0.520327,-0.189251,-0.574451,-0.544108,-0.104523,-0.217843,0.107173,-0.541166,0.345599,0.155447,-0.244077,-0.451282,0.263343,-0.013424,-0.683288,-0.295312,-0.819755,0.052756,-0.147780,-0.036850,0.363010,-0.003570,-0.277664,0.703556,-0.197799,-0.825136,0.801631,-0.097543,-0.502205,1.566596,0.043054,-0.636828,0.801145,0.060997,-0.752341,-0.306160,0.070409,0.135114,-0.719125,0.069496,-0.839652,0.230967,-0.088892,-0.107343,-0.328644,-0.277557,-0.673523,1.155791,0.000552,-0.615753,-0.365538,-0.231267,-0.638858,-0.847379,-0.274820,0.400076,-0.508374,0.396224,-2.081083,-1.750643,0.566744,-0.827482,-0.289449,0.282522,-1.055568,1.834985,0.445325,-0.983302,1.634027,0.586951,-0.231372,1.214922,0.138843,-0.494057,-0.910681,-0.152254,-0.687227,-1.553586,-0.208124,-0.414783,0.051106,0.069833,-0.987753,-0.611971,-0.533250,-1.208826,-0.833519,0.326654,-0.611485,0.641207,0.244485,-1.235142,-1.557747,0.384206,-0.823514,3.091422,0.280803,-0.704438,-0.829793,0.329577,-0.507824,0.836013,0.342494,-1.547307,2.403044,0.238698,-2.396266,-0.766980,0.176407,-0.937086,0.785108,0.335849,-0.971038,-1.569572,0.069089,-1.357871,-2.188101,-0.175216,-0.524431,-2.031044,0.273245,-1.668922,-1.119161,0.151680,-0.607140,2.536879,0.378225,-1.515764,-1.278444,0.043329,-0.462853,-2.201646,0.128159,-1.057162,-1.032743,0.219976,-0.496252,-0.547170,0.054001,-0.852170,-1.120595,-0.072243,-0.650325,1.389223,-0.049851,-1.336044,-0.622702,0.072256,-1.585026,-0.948903,-0.425244,-1.112560,-0.899780,0.232257,-0.514397,1.918830,0.291138,-1.749066,0.228983,0.013343,-1.118293,-1.886532,-0.249985,-1.327895,0.841923,0.298695,-0.192694,-0.131165,0.240052,-0.012788,-1.534993,0.011792,-0.763455,-0.916319,-0.039206,-0.384206,0.137193,-0.040111,-0.576569,2.186141,0.121270,-0.618480,2.365948,0.360076,-0.403786,0.866905,-0.374529,-0.690165,3.430174,0.112676,-0.667477,-1.783248,-0.110566,-0.667477,-0.806691,-0.306476,-1.591458,-0.411518,0.634221,-0.281953,-0.981648,-0.294037,-1.617050,-0.495204,-0.099332,-0.672791,-1.087845,0.124496,-0.693522,-1.949924,0.082118,-0.596271,1.609223,-0.008274,-0.602640,-0.063660
0.064863,0.414763,0.950837,-0.260676,2.303983,-2.123791,0.480064,2.070695,-2.040906,-0.812619,-0.338322,-0.132246,0.299942,-0.341292,0.308188,-1.082354,0.037807,-1.444382,-1.653241,0.389868,-0.259871,-0.701155,-0.487883,0.845815,-0.759038,2.464683,-0.024686,-0.916332,2.307587,0.476472,1.479085,-0.167511,-2.628671,0.000492,0.000492,0.000492,0.132156,1.713739,-0.531678,-0.859540,-0.798846,-0.488549,0.000492,0.000492,0.000492,0.581923,-0.766419,-0.093806,-0.378398,0.239851,0.122211,0.556535,-0.015110,0.697754,-0.686124,-1.382161,0.251089,0.000492,0.000492,0.000492,0.000492,0.000492,0.000492,0.000492,0.000492,0.000492,0.000492,0.000492,0.000492,0.000492,0.000492,0.000492,0.000492,0.000492,0.000492,-1.317299,0.827063,-0.508627,-1.303719,1.605494,-1.345134,-1.311320,1.972505,-2.672714,-0.622066,1.061618,-2.687431,-1.338022,1.162608,-3.189525,-1.443667,0.321668,-0.175621,-1.671377,0.335195,-0.165784,-0.683046,0.717886,-1.541437,-1.007635,1.294359,-1.001250,-1.274870,0.115687,-2.994255,-2.737447,-2.936513,-1.643792,-1.610299,-2.091017,-0.517656,-1.378388,-0.379024,-1.238818,-1.360105,-0.464846,-2.464334,-1.593305,-1.546056,-1.613814,-1.598140,-1.642554,-0.813723,-1.752509,-0.602323,-1.083882,-0.430877,-0.957284,-1.984161,-1.502944,-1.527666,-1.459541,-1.495554,1.446773,-1.382094,0.051467,-0.784812,-1.285730,0.557662,-0.395045,-2.692692,1.044775,-0.089507,-0.456992,1.030036,0.117186,0.133047,0.886829,0.231511,0.567831,1.078346,0.387645,1.054675,1.006714,-0.336161,-0.600402,0.917176,-0.132823,0.338163,0.634569,0.095938,-0.616454,0.384758,0.224955,-0.226264,0.632693,-0.510908,0.877641,0.246102,-0.293282,0.099011,-0.007701,0.044797,0.645647,-0.136571,0.177344,0.042040,0.163833,-0.641756,1.388599,-0.184832,-0.368679,1.068464,-0.250609,-0.107215,0.487490,-0.293220,-0.005016,-0.223016,-0.319879,-0.699446,0.600352,-0.437817,-0.446208,0.682457,-0.450178,-0.270442,0.366813,-0.395455,-0.134107,0.048981,0.016433,-0.672692,1.131403,-0.197599,-0.429031,0.200674,0.174829,-0.244038,-0.718154,-0.081948,-0.503634,-0.020740,0.063316,-0.380758,1.349474,0.144451,-0.644853,1.160932,-0.102558,-0.901565,0.271021,-0.050732,-0.603773,0.954682,0.035494,-0.745385,0.189721,-0.005227,-0.468141,0.926070,-0.053768,-0.522449,0.682476,0.175152,-0.367140,-0.660491,-0.009388,-0.120569,0.245340,-0.197406,-0.553524,-0.359489,0.063818,-0.351921,-0.547849,0.158490,-0.224360,-1.199801,-0.194729,0.133789,-0.964873,0.266206,-0.836215,-2.025143,0.131234,-0.847424,0.861955,0.402230,-1.053469,1.904797,0.256795,-0.981292,2.105698,0.629070,-0.257133,0.603601,0.133723,-0.501405,-0.839458,0.067221,-0.668624,-1.164896,-0.016546,-0.387350,0.242615,-0.037729,-0.965472,-0.346971,-0.373800,-0.700435,-1.301519,0.339947,-0.685325,0.609633,0.255143,-1.380536,-1.428489,0.392867,-0.939634,2.907058,0.289516,-0.509801,-0.265954,0.371502,-0.733878,1.432907,0.367335,-1.423475,0.707247,0.246109,-1.331285,-1.503385,0.161729,-1.133471,0.670658,0.299762,-0.355509,-1.024743,-0.092683,-1.498291,-1.650442,-0.051629,-0.639054,-1.186197,0.350485,-1.257895,-1.425687,0.214929,-0.705323,2.048515,0.195214,-1.130488,-1.360231,-0.122947,-0.631434,-1.435696,0.346661,-1.160470,-0.999837,0.162046,-0.581737,-0.376066,-0.037609,-0.439027,-1.257011,0.118847,-0.724970,0.826971,0.169726,-0.925597,-0.858979,0.010908,-1.156183,-0.752741,-0.356739,-0.715160,-0.823727,0.025481,-0.756055,1.016973,0.318149,-1.659731,-0.863721,0.021503,-0.560319,-1.004445,-0.261758,-1.251938,0.139233,0.259321,-0.555179,0.754002,0.160792,-0.399582,-0.268783,-0.033035,-0.289616,-0.185706,-0.056250,-0.367811,-0.342492,-0.034164,-0.565685,0.850198,0.148489,-0.607572,1.770005,0.149731,-0.388335,0.381806,-0.321859,-0.658356,2.442348,0.140203,-0.608463,-0.523121,-0.102384,-0.608463,-0.159632,-0.318570,-1.071567,-0.719892,0.570465,-0.225312,-0.433364,-0.306059,-0.632630,-0.599180,-0.091083,-0.613589,-0.004593,0.152005,-0.634448,-0.391676,0.193252,-0.702539,1.573713,0.202072,-0.679231,-0.080392
0.066544,0.421310,0.932885,-0.243055,0.554830,-0.950383,0.878692,0.856311,-2.125494,-0.664404,-0.281382,0.125599,0.298939,-0.278375,0.454434,-1.083495,0.052058,-1.253321,-1.648418,2.088175,1.347407,-0.706444,-0.479656,1.024293,-0.764506,0.273042,0.903119,-0.301179,0.468199,0.201295,-0.439830,-0.167511,-0.225390,0.000492,0.000492,0.000492,-0.517620,0.382567,0.235223,-0.909690,-0.798846,0.203889,0.000492,0.000492,0.000492,0.581923,-0.763474,-0.057129,-0.377303,0.248179,0.139659,0.535220,-0.043780,0.497661,-0.696018,-1.420786,0.669897,0.000492,0.000492,0.000492,0.000492,0.000492,0.000492,0.000492,0.000492,0.000492,0.000492,0.000492,0.000492,0.000492,0.000492,0.000492,0.000492,0.000492,0.000492,-1.323677,1.122717,-0.516994,-1.311098,2.211714,-1.312825,-1.045754,1.088303,-3.133943,-0.630552,0.895166,-2.715353,-1.346933,0.424863,-2.447729,-1.449687,1.905824,-0.205364,-1.678870,0.192304,-0.724288,-0.690877,0.229530,-2.134915,-1.295686,0.741954,-1.418833,-1.280822,-0.034062,-3.072222,-2.953317,-3.011330,-1.865452,-1.617414,-2.304175,-0.624509,-0.906747,-1.121729,-1.198068,-1.366467,1.090761,-2.172768,-1.600039,-1.458234,-1.932091,-1.604383,-1.865331,-0.946430,-1.759631,-1.071739,-1.103270,-0.677471,-0.094023,-2.064746,-1.510543,-1.378149,-1.830732,-1.947860,1.327117,-1.357843,0.047268,-0.930713,-1.325908,0.676267,-0.265318,-1.382708,1.100479,-0.030188,-0.246225,1.056312,0.145295,-0.295844,0.945828,0.240281,0.131398,0.621321,0.305524,0.862847,1.109698,-0.292232,-1.769398,0.736392,-0.178670,0.542823,0.584977,-0.106837,-0.129739,0.388208,-0.050409,-0.300410,0.593254,-0.520218,-0.723431,0.204298,-0.352373,0.360308,-0.046732,-0.021211,0.945924,-0.133917,0.178381,0.495978,0.104321,-0.657263,0.403264,-0.173875,-0.414508,0.898987,-0.241278,-0.145068,0.674644,-0.246104,-0.038354,0.001567,-0.351104,-0.664488,0.283062,-0.470532,-0.473142,0.518696,-0.420905,-0.300918,0.461732,-0.328949,-0.188418,0.779671,0.265336,0.550340,0.102362,-0.271276,0.020952,-0.869903,0.090374,0.122794,-1.137981,0.131130,0.082109,0.222771,0.275002,-0.418926,0.923702,0.293525,-0.719998,1.464305,-0.281433,-0.988936,0.523760,-0.002222,-1.009720,0.909913,0.030152,-1.172560,-0.564607,-0.068518,-0.627388,1.110679,-0.174204,-0.683238,0.295532,0.016774,-0.489632,-0.630382,0.069873,-0.803259,0.177715,-0.442614,-1.185894,-0.896013,0.127345,-0.869973,-0.360296,-0.082311,-0.626814,-1.185404,-0.114637,-0.164173,-1.449923,0.141668,-1.781458,-0.772250,-0.002365,-0.883264,1.678971,0.237046,-1.065396,1.382521,0.335603,-0.992709,1.959905,0.419346,-0.303431,-0.049694,0.130522,-0.911658,-0.766836,0.284953,-0.669869,-0.820631,0.173912,-0.375642,0.642149,0.119008,-0.959919,-0.204415,0.094198,-0.221048,-1.176807,0.354976,-0.774543,0.411789,0.267690,-1.038787,-1.172824,0.403183,-1.066686,1.691915,0.299892,-0.716954,0.219545,0.174928,-0.617184,0.899563,0.149162,-0.975183,-0.834681,0.255614,-0.751964,-0.193828,0.149179,-1.035800,-0.187115,0.266062,-0.651493,-0.005861,-0.248775,-0.650939,-0.525594,-0.227811,-0.291446,0.303506,-0.077822,-0.874913,-1.651685,0.279575,-0.818140,0.994402,0.017522,-0.772971,-1.519420,-0.284092,-0.265670,0.064923,0.053496,-0.799973,-1.012546,0.106581,-0.192529,0.147882,-0.125793,-0.542862,-0.732413,0.008688,-0.814914,0.132849,0.078582,-0.543155,-0.772146,-0.047828,-0.756600,-0.439287,-0.287174,-0.703870,-0.459485,0.072262,-1.006349,0.114157,0.056682,-0.788243,-0.624025,0.031967,-0.493420,0.438852,-0.271307,-0.863622,-0.325731,0.222276,-0.495939,0.640403,0.084983,-0.368798,0.567921,-0.075209,-0.282788,0.514449,-0.071204,-0.734164,-0.902633,-0.026509,-0.568280,-0.020232,0.177749,-0.911751,1.109914,0.194726,-0.733602,-0.088923,-0.268167,-0.954156,1.587454,0.169795,-0.570864,0.812078,-0.091891,-0.570864,0.475043,-0.328378,-0.579861,-0.387402,0.829047,-0.670849,0.649402,-0.315809,-0.593115,-0.162261,-0.080505,-0.575870,0.905639,0.181577,-0.596811,0.915759,-0.008464,-0.394870,1.402410,0.130664,-0.350387,-0.259523
0.058917,0.416792,0.878323,-0.229109,-1.171274,-0.492931,0.473558,-0.958564,-1.841280,-0.659542,-0.171415,-0.080216,0.299074,-0.096437,0.350987,-1.077493,-0.004948,-0.833672,-0.117327,0.440381,1.691158,-0.702321,-0.516679,0.957766,-0.768952,0.264604,-0.118468,-0.303023,0.461212,-0.612014,-0.433831,-0.167511,-1.004346,0.000492,0.000492,0.000492,-1.154923,0.385072,-1.206516,0.548864,-0.798846,0.063594,0.000492,0.000492,0.000492,0.576109,-0.772321,0.230162,-0.384301,0.236058,0.430884,0.521364,-0.031240,0.058707,-0.716645,-1.397040,0.516497,0.000492,0.000492,0.000492,0.000492,0.000492,0.000492,0.000492,0.000492,0.000492,0.000492,0.000492,0.000492,0.000492,0.000492,0.000492,0.000492,0.000492,0.000492,-1.135468,0.808090,-1.063661,-1.374707,0.845408,-1.413394,-0.835246,0.807935,-1.695087,-0.690798,0.535236,-1.540184,-1.123943,0.494516,-1.316400,-1.268003,0.268262,-0.533793,-1.197388,0.272491,-1.227283,-0.756150,0.664270,0.316957,-1.357785,1.243516,0.346543,-1.100568,0.065770,-1.164683,-0.906272,0.070112,-1.343955,-0.471164,-1.634824,-0.713165,-1.439703,-0.098540,-0.411091,-1.174237,0.339179,-1.515535,-1.418995,-1.428218,-1.142826,-1.873245,-1.660214,-0.624680,-2.048848,-0.639534,-0.300945,-0.503587,-0.013863,-1.057887,-1.034189,-1.325816,-1.229924,-1.332527,1.345357,-1.195939,0.011076,-0.904019,-0.853234,0.700961,-0.187260,-0.188371,1.069544,0.036647,0.838670,1.075435,0.231476,0.907658,0.929883,0.280238,1.147202,0.430577,0.253904,1.351518,1.081230,-0.244104,-1.368398,0.720577,-0.191707,1.101938,0.482940,-0.133055,0.371668,0.324802,-0.081830,0.144352,0.493499,-0.451573,-1.016114,0.204216,-0.345117,0.829562,-0.060552,-0.051352,1.482694,-0.146596,0.117403,0.722238,0.010497,-0.590952,-0.022641,-0.231028,-0.437480,0.245900,-0.306336,-0.143180,0.832913,-0.306189,-0.042873,0.430317,-0.322521,-0.653514,0.712733,-0.486095,-0.453117,1.001878,-0.467990,-0.291117,0.475843,-0.367657,-0.185614,0.594961,0.177750,-0.268942,0.233001,-0.344271,-0.487423,1.161956,-0.542791,-0.110161,-0.749216,0.028778,-0.188992,0.082048,0.140584,-0.449799,0.013314,0.139535,-0.787619,0.297044,-0.186905,-0.545971,1.170357,0.042418,-0.532964,-0.402694,-0.235081,-0.069442,-0.746300,-0.135730,-0.776174,-0.055708,-0.298889,-0.831265,-0.844034,-0.145459,-0.040838,1.445740,-0.133774,-0.824794,-1.018789,-0.369475,-0.364136,-1.351193,-0.101135,-0.618340,-0.309548,-0.017132,-0.998451,-0.945889,-0.044357,-0.427452,-1.391544,0.017662,-0.987514,-0.807355,0.154381,-0.513830,1.963785,0.356023,-1.063600,0.981643,0.150904,-0.662192,0.536416,0.210270,-0.329156,-0.055296,0.123910,-0.531450,-1.084713,-0.003330,-0.651670,-1.254838,0.100563,-0.348536,0.340748,0.009199,-0.537294,-0.612405,-0.373269,-0.242934,-1.228298,-0.135239,-0.444584,0.021055,0.035904,-0.685328,-0.943228,0.172771,-0.882208,-0.891625,0.068125,-0.529566,0.465808,-0.496754,-0.843561,0.159079,-0.068385,-0.523959,-1.369119,-0.005317,-0.614968,0.880706,-0.139585,-0.629159,-0.403271,0.228905,-0.491929,-0.155956,-0.107381,-0.798308,0.417003,-0.105268,-0.408545,1.472572,-0.250191,-0.479487,-1.356597,0.069643,-0.915013,-0.029450,0.095513,-0.403205,-1.578139,-0.444762,-0.436602,1.242501,0.013752,-0.428269,-1.371037,0.047525,-0.281008,-0.130943,-0.218212,-0.140674,-0.451865,-0.105596,-0.497956,-0.352771,-0.016803,-0.148286,-0.468576,-0.110366,-0.344033,-0.102169,-0.463083,-0.683520,1.397593,-0.130463,-0.675422,-1.695516,0.083958,-0.317121,0.154963,0.038341,-0.874554,1.402727,-0.284418,-0.472480,0.379693,-0.063386,-0.858043,-0.212393,0.004935,-0.754867,-0.666058,-0.121249,-0.701728,1.054378,-0.331994,-0.722798,-1.155464,-0.306968,-0.563608,0.107239,-0.087506,-0.605489,0.500252,-0.011537,-0.722890,-1.277214,-0.217517,-0.616025,0.604747,-0.098463,-0.988007,2.141811,-0.085500,-0.988007,1.057963,-0.341847,-0.529608,0.549935,0.444875,-0.621256,-0.246127,-0.329197,-0.542250,0.705999,-0.074061,-0.994343,1.175894,-0.086505,-1.014375,1.988637,0.102120,-0.502975,0.989500,-0.222250,-0.429519,-0.451327
0.049197,0.417283,0.981118,-0.237186,-1.176271,-0.251917,0.070696,-1.548422,-1.588171,-0.585706,-0.143527,-0.068620,0.299568,-0.064276,0.621603,-1.061427,-0.047702,-0.558845,-0.115719,0.399946,0.947905,-0.691761,-0.487883,0.938323,-0.770894,1.364656,1.199910,-0.911776,1.377412,0.634224,-0.447718,-0.167511,-0.807304,0.000492,0.000492,0.000492,-0.515252,1.696207,0.406009,-0.871011,1.315531,-0.993783,0.000492,0.000492,0.000492,0.570295,-0.771691,0.178937,-0.393930,0.222411,0.559341,-1.203123,-0.041994,0.034756,-0.723520,0.419275,-0.108317,0.000492,0.000492,0.000492,0.000492,0.000492,0.000492,0.000492,0.000492,0.000492,0.000492,0.000492,0.000492,0.000492,0.000492,0.000492,0.000492,0.000492,0.000492,-1.125913,0.834652,-1.552663,-1.369025,0.504577,-1.188155,-0.832092,0.469050,-1.374000,-0.961050,-0.358871,-1.100531,-1.694319,0.215905,-1.608347,-0.751604,-0.116185,-1.083988,-1.189674,0.324730,-0.785694,-0.751675,0.708944,0.042797,-1.355953,1.290966,-0.037561,-1.090506,0.112118,-1.277057,-2.580713,-2.722780,-1.177275,-0.467414,-1.459347,-0.401718,-1.677083,-0.067379,-0.291130,-1.430544,-0.468303,-1.537178,-1.413446,-1.548282,-1.177841,-1.870030,-1.643914,-0.484280,-2.045769,-0.954376,-0.230119,-0.494108,-0.310524,-1.191031,-1.027694,-1.983654,-1.225554,0.454015,-2.376344,-1.298724,0.014309,-0.893344,-0.986400,0.677502,-0.141471,0.317322,1.044688,0.083545,1.112405,1.066694,0.280100,0.902722,0.836837,0.315617,1.309576,0.302227,0.304443,0.791687,1.056683,-0.193815,-1.286537,0.696046,-0.154943,1.075834,0.459613,-0.097175,0.572506,0.289347,-0.054109,0.174088,0.518770,-0.395032,-1.185572,0.148960,-0.330347,0.634103,-0.097319,-0.022462,1.311616,-0.206991,0.138487,1.082822,-0.011425,-0.549438,-0.367124,-0.310144,-0.401785,0.251076,-0.326885,-0.107587,0.999181,-0.352550,-0.014738,0.077546,-0.354892,-0.599276,0.622469,-0.530589,-0.418473,0.646443,-0.514082,-0.256284,0.594507,-0.427972,-0.150266,0.678778,0.061950,-0.117395,0.868890,-0.436138,-0.296358,0.476379,-0.079722,-0.184685,-0.828517,-0.062783,0.069990,0.045420,-0.284560,-0.439794,0.666832,0.098310,-0.446528,0.742118,-0.466005,-0.487742,0.263669,-0.199417,-0.748898,0.264785,-0.158757,-0.594666,-0.866984,-0.286096,-0.672144,0.333785,-0.404827,-0.732425,-0.508309,-0.200917,0.025983,0.152741,-0.164093,-0.839121,-0.504467,-0.719214,-0.486652,-1.235994,-0.116884,-0.122099,-0.647216,-0.348703,0.174743,-0.855640,-0.391294,0.764363,-0.865579,-0.057721,-1.313846,-0.199643,-0.189044,-0.843353,2.012838,0.049259,-1.027236,1.205992,0.157455,-0.625073,0.989090,-0.010804,-0.251874,0.134271,-0.050311,-0.482715,-0.927822,-0.154844,-0.614062,-1.241831,-0.025218,-0.328795,0.248735,-0.088028,-0.508398,-1.012282,-0.465531,-0.167489,-1.014550,-0.079270,-0.335746,0.068288,0.092801,-0.502452,-0.946281,-0.008749,-0.750759,0.116413,0.126227,-0.324074,0.266169,-0.471146,-0.614748,0.385439,-0.024152,-0.633082,-1.590740,-0.207372,-0.303813,0.477682,-0.327298,-0.730484,-0.257651,0.076736,-0.648061,-0.173186,-0.443575,-0.619300,-0.191016,-0.426533,-0.257499,1.100718,-0.248877,-0.320341,-1.410117,0.091272,-0.791262,0.458843,-0.156627,-0.739726,-1.504846,-0.463444,-0.232230,0.381466,-0.137987,-0.283064,-1.164011,-0.090602,-0.152547,-0.162883,-0.363870,-0.502750,-0.672729,-0.227645,-0.390048,-0.281052,-0.161229,0.010636,-0.440974,-0.256641,-0.177988,-0.051634,-0.697406,-0.355633,0.458214,-0.100762,-0.726628,-0.899318,-0.149744,-0.396465,0.048212,-0.181821,-0.504149,1.490708,-0.460656,-0.214350,-0.024830,0.036445,-0.506448,0.284333,0.156273,-0.384009,-0.010570,-0.286771,-0.302115,0.697128,-0.495762,-0.750880,-1.191072,-0.520004,-0.582781,0.027610,-0.030524,-0.624706,0.890571,0.020116,-0.749355,-0.671728,-0.430653,-0.652695,1.125556,-0.040836,-0.586637,1.591888,-0.306262,-0.586637,0.844516,-0.522881,-0.594158,0.030602,0.586398,-0.207957,0.681924,-0.509151,-0.607587,0.209530,-0.296629,-0.591694,1.250869,-0.028915,-0.612600,1.426277,-0.218289,-0.364876,1.433633,-0.084520,-0.316626,-0.478157
0.044518,0.425336,0.950889,0.675684,-1.168255,0.312952,0.477634,-1.561022,-1.050575,-0.438989,-0.116591,-0.061076,0.297234,-0.034566,0.548884,-1.050200,-0.069134,-0.097593,-0.086157,0.403319,1.623692,-0.685290,1.501184,0.744113,-0.765988,0.273042,1.257792,-0.298592,0.466453,0.508812,-0.458595,-0.167511,0.408432,0.000492,0.000492,0.000492,-0.519242,0.385072,0.624565,-0.893935,-0.798846,0.195903,0.000492,0.000492,0.000492,0.573884,-0.767049,0.150500,-0.399406,0.206497,0.708290,-1.199209,-0.050943,0.160646,-0.738137,0.435928,-0.002403,0.000492,0.000492,0.000492,0.000492,0.000492,0.000492,0.000492,0.000492,0.000492,0.000492,0.000492,0.000492,0.000492,0.000492,0.000492,0.000492,0.000492,0.000492,-0.871868,1.706527,-1.321744,-0.960192,1.765324,-1.329010,-1.305478,0.798684,-0.649973,-0.646611,1.154506,-0.640404,-0.796270,0.659579,-1.042487,-0.972107,1.322005,-1.706033,-1.261605,0.715033,-2.600133,-0.906152,0.622577,-0.630260,-1.307602,0.657230,0.685652,-0.820532,0.229750,-1.663688,-0.965596,-0.179257,-1.634431,-0.367246,-2.054636,-1.054817,-0.168640,-0.991885,-1.309794,-1.137591,0.472017,-1.561869,-1.511494,-0.943555,-1.785149,-2.007670,-2.122068,-1.253055,-0.060739,-0.602323,-1.868186,-0.238022,0.010214,-1.475975,-0.580619,-1.479075,-1.640199,-1.455306,1.331490,-1.025220,0.098682,-0.680721,-1.529978,0.624660,-0.111733,0.337361,0.992551,0.107075,1.036032,1.020243,0.311594,0.672790,0.792887,0.347876,1.162697,0.166920,0.366183,-0.160304,1.070129,-0.169194,-1.338718,0.678690,-0.115289,0.805157,0.471820,-0.072734,0.312979,0.340717,-0.037403,0.023079,0.582822,-0.349753,-0.833982,0.115635,-0.312705,0.776185,-0.142776,-0.004671,1.190175,-0.288661,0.141496,0.995248,-0.044781,-0.484521,-0.548214,-0.355508,-0.384510,0.371466,-0.385248,-0.075513,0.915545,-0.394407,0.010168,0.087117,-0.398170,-0.555754,0.451976,-0.585171,-0.394545,0.287918,-0.556589,-0.217710,0.512869,-0.498024,-0.110844,0.590190,-0.060486,-0.467596,0.629486,-0.535017,-0.298870,1.703850,-0.733651,-0.181546,-0.229016,-0.175400,-0.208790,0.116900,-0.062513,-0.426253,0.881151,-0.004350,-0.729265,0.396485,-0.281201,-0.470449,0.812159,-0.004887,-0.728494,-0.617345,-0.233732,-0.572791,-1.617430,-0.363110,-0.643639,0.499264,-0.187705,-0.700825,0.194240,-0.262497,0.056005,-0.116476,-0.502394,-0.815407,-1.012788,-0.790105,-0.473056,-0.299440,-0.464063,-0.866760,-1.207181,-0.729024,0.162018,-0.951067,-0.786987,-0.140785,-0.225982,-0.169702,-0.474650,-0.483562,0.001659,-0.474277,1.769368,0.239016,-0.703677,0.283165,0.073236,-0.646478,-0.479629,-0.342747,-0.282023,-0.468583,-0.122380,-0.119526,-1.871624,-0.476039,-0.167216,-1.599695,-0.609720,-0.356568,-0.088519,-0.414303,-0.536246,-1.506125,-0.540997,-0.198727,-0.905484,-0.660314,-0.354640,0.642364,-0.464937,-0.519882,-1.462897,-0.319190,-0.758561,-1.275789,-0.186039,-0.711688,-0.659143,-0.785822,-0.615357,1.035612,-0.342984,-0.632483,-1.943016,-0.018282,-0.301876,-0.014430,-0.406583,-0.426500,0.769209,-0.498224,-0.648818,0.174862,-0.245940,-0.637536,0.425293,-0.226261,-0.276948,1.328751,-0.584451,-0.341293,-0.997290,0.005227,-0.421669,-1.020485,-0.496938,-0.230126,-1.394895,-0.553823,-0.251330,1.790177,-0.463874,-0.303405,-2.160352,-0.160790,-0.175498,-1.311759,-0.137721,-0.525966,0.147021,-0.304451,-0.407694,0.970331,-0.242778,-0.527159,0.202035,-0.057265,-0.199849,-0.288594,-0.531802,-0.345286,1.565589,-0.673683,-0.721435,-1.019827,0.052681,-0.389897,-0.581598,-0.269583,-0.496597,1.278756,-0.535094,-0.209535,0.669044,-0.279229,-0.498944,-0.935435,-0.233612,-0.373626,0.364193,-0.083699,-0.289246,-0.227589,-0.810014,-0.373802,-0.153700,-0.318319,-0.572930,0.580571,-0.119024,-0.614833,0.141736,-0.307369,-0.738946,-1.488763,-0.504806,-0.331802,0.894803,-0.130338,-0.575716,2.245642,-0.394262,-0.575716,1.193380,-0.599344,-0.135340,1.010236,-0.138225,-0.196387,0.195659,-0.585159,-0.143174,1.158213,-0.085920,-0.580738,1.367366,-0.118359,-0.601668,1.847900,-0.007661,-0.381899,0.552244,-0.439349,-0.336224,0.117682
0.038184,0.426350,0.940849,-0.230386,-1.159240,0.043497,0.068582,-0.956715,-1.479005,-0.513923,-0.116855,-0.022516,0.294826,-0.034221,0.427226,-1.055813,-0.074465,-0.437762,-0.087137,0.386495,1.442024,-0.689413,1.517639,0.615214,-0.765988,0.281479,1.172005,-0.913008,0.476912,1.058423,-0.455962,-0.167511,-0.589716,0.000492,0.000492,0.000492,-0.500654,0.395090,0.076100,-0.880173,-0.798846,0.381449,0.000492,0.000492,0.000492,0.565381,-0.765995,0.133456,-0.407286,0.201963,0.765703,-1.201703,-0.051253,0.171255,-0.745879,-1.379674,0.088546,0.000492,0.000492,0.000492,0.000492,0.000492,0.000492,0.000492,0.000492,0.000492,0.000492,0.000492,0.000492,0.000492,0.000492,0.000492,0.000492,0.000492,0.000492,-0.875472,1.251640,-2.138248,-0.443951,1.777400,-1.236156,-1.034757,0.435165,-0.501684,-0.654430,1.177752,-0.464160,-0.804722,1.317374,-0.473871,-0.460905,1.784758,-1.957454,-0.985695,1.607178,-3.223678,-0.912852,0.643442,-1.438105,-1.315616,1.097772,-0.024705,-1.331947,1.135295,-2.458327,-2.677271,-2.151008,-2.033393,-0.862331,-2.367861,-1.313635,-0.418218,-0.654277,-1.663111,-1.684225,0.926474,-2.173478,-1.761668,-0.799053,-1.905209,-2.234211,-2.113910,-1.311843,-1.019847,-0.230215,-2.115052,-0.485811,0.026233,-2.315989,-1.416211,-1.236115,-1.945231,-1.687305,1.336602,-0.787490,-0.201163,-0.455652,-1.801403,0.601186,-0.113361,-0.287201,0.944892,0.105492,0.107674,0.956463,0.331774,0.540807,0.771190,0.362797,1.410628,0.123686,0.360564,1.144188,1.018825,-0.156569,-0.822765,0.656515,-0.079455,0.804050,0.463303,-0.058739,0.224656,0.317888,-0.023813,-0.077411,0.551354,-0.336656,-0.702242,0.037282,-0.312384,0.815979,-0.201147,-0.000984,1.229519,-0.315103,0.143147,1.241902,-0.051733,-0.478446,-0.798350,-0.378657,-0.378140,0.353160,-0.437075,-0.072969,0.178755,-0.470155,-0.017530,-0.220801,-0.454889,-0.543713,0.385650,-0.627342,-0.390315,0.413139,-0.588193,-0.201453,0.418105,-0.571585,-0.131600,0.349501,-0.293822,-0.372233,0.296359,-0.453397,-0.533322,0.744298,-0.373647,-0.403766,-0.812340,-0.394961,-0.133826,0.029030,-0.303810,-0.659943,0.923837,0.083795,-0.653616,0.165740,-0.476667,-0.668835,0.533444,-0.206938,-0.656188,0.038665,-0.162315,-0.497410,-0.759725,-0.286335,-0.958872,0.373299,-0.401330,-1.082959,-0.127776,-0.194547,-0.363752,-0.114337,-0.432206,-1.290580,-0.556080,-0.708005,-1.000862,-0.846550,-0.392171,-0.665202,-0.487494,-0.650375,-0.399783,-1.002389,-0.704947,-0.769119,-0.654590,-0.392307,-0.781321,-0.272970,-0.204144,-0.752446,1.236646,0.036727,-0.602591,-0.424828,-0.113484,-0.549720,-0.823508,-0.270950,-0.640932,-0.245550,-0.301278,-0.393911,-1.638060,-0.658711,-0.506181,-1.612067,-0.798187,-0.630255,-0.293602,-0.606072,-0.417544,-1.684677,-0.769533,-0.566072,-0.676092,-0.589529,-0.644376,0.097680,-0.397152,-0.377110,-0.928408,-0.252565,-0.674367,-1.713919,-0.118819,-0.606295,0.248859,-0.717685,-0.873480,-0.166455,-0.274125,-0.540130,-1.449187,-0.212256,-0.630053,0.711414,-0.605411,-0.648274,0.230841,-0.681475,-0.529141,-0.158496,-0.457517,-0.495352,1.215182,-0.439489,-0.620447,1.620945,-0.764464,-0.711304,-0.917897,-0.189897,-0.312187,-1.374995,-0.422940,-0.080766,-0.637388,-0.746022,-0.648650,1.700897,-0.139524,-0.647713,-1.498391,-0.091055,-0.527719,-0.357048,-0.362804,-0.385435,0.487555,-0.525001,-0.688669,0.597917,-0.469273,-0.379776,0.254886,-0.257121,-0.585899,0.175781,-0.705812,-0.250403,1.781810,-0.603399,-0.645240,-1.672499,-0.156260,-0.683752,-0.080862,-0.483143,-0.835919,1.223773,-0.721766,-0.450153,0.801904,-0.211964,-0.818692,-0.725003,-0.458375,-0.690703,-0.145516,-0.288467,-0.614216,0.531563,-0.742874,-0.644314,-1.092725,-0.525187,-0.194003,0.128551,-0.329575,-0.235045,0.117452,-0.486281,-0.304249,-1.858043,-0.672767,-0.249817,1.248149,-0.343272,-0.921312,2.144042,-0.311633,-0.921312,1.133064,-0.791097,-0.465829,0.931674,-0.051949,-0.549749,-0.105830,-0.775768,-0.477693,1.131766,-0.302044,-0.927436,1.181530,-0.331153,-0.947613,1.930467,-0.230722,-0.689583,0.385360,-0.643903,-0.636756,0.106197
0.040717,0.413257,0.858624,-0.239023,-1.142187,-0.042999,0.076810,-0.360621,-1.226023,-0.586804,-0.116432,0.100162,0.217642,-0.034420,0.373885,-1.047963,-0.122550,-0.038463,-0.063671,0.379749,0.501673,-0.689987,1.558726,0.417844,-0.780467,1.364656,1.719297,-0.916332,0.496128,1.511413,-0.464594,-0.167511,0.200614,0.000492,0.000492,0.000492,-1.152799,1.688723,0.108844,0.548864,-0.798846,0.922160,0.000492,0.000492,0.000492,0.554654,-0.771472,0.253971,-0.407499,-3.458243,0.874587,-1.202050,-0.041684,0.253338,-0.740289,-1.405539,0.038812,0.000492,0.000492,0.000492,0.000492,0.000492,0.000492,0.000492,0.000492,0.000492,0.000492,0.000492,0.000492,0.000492,0.000492,0.000492,0.000492,0.000492,0.000492,-0.618459,2.229671,-0.160474,-0.452166,1.439589,-0.026188,-0.767614,0.475217,0.482128,-0.666253,1.231897,0.244371,-0.817401,1.356074,0.532278,-0.208415,1.838164,-0.454821,-0.150710,2.095067,-0.220260,-0.922907,1.429573,0.730736,-1.327770,1.152007,0.221489,-0.574379,2.069345,-0.823688,-0.121735,1.405994,-1.273992,-0.871423,1.030935,-1.569250,-0.184557,0.026106,-1.319349,-0.330901,1.408881,-0.873806,-0.297860,1.283003,-1.107987,-1.137192,0.092106,-1.657767,-0.074795,1.226666,-1.583046,-0.490948,2.046772,-1.118870,-0.871447,1.337294,-1.260515,-1.242325,1.348269,-0.329449,-1.096741,1.099436,-1.361308,0.625380,-0.120254,-0.328014,0.969444,0.077859,-0.324816,1.184000,0.225239,-0.289167,0.723547,0.340640,0.984425,0.091004,0.345472,1.305342,0.950020,-0.171723,-1.433607,0.604554,-0.073269,0.623474,0.414797,-0.059794,-0.009149,0.299065,-0.024844,0.242986,0.493999,-0.344599,-1.141471,0.060555,-0.320708,0.911304,-0.208276,-0.009028,1.166555,-0.361240,0.135266,0.942760,-0.122815,-0.493041,-0.787437,-0.400797,-0.407341,0.251804,-0.444530,-0.095192,0.343932,-0.503767,-0.025309,0.045123,-0.504405,-0.564705,0.614306,-0.648116,-0.418813,0.395344,-0.609364,-0.223196,0.722660,-0.592742,-0.153751,0.361207,-0.352877,-0.637380,0.309602,-0.500280,-0.770818,0.483400,-0.142704,-0.614518,-0.726144,-0.131916,-0.321075,0.045285,-0.354431,-0.854639,0.745399,0.048278,-0.529931,-0.083328,-0.500837,-0.554395,0.751199,-0.219788,-0.819481,-0.057380,-0.162985,-0.360652,-0.578274,-0.274068,-1.193937,0.131557,-0.376340,-1.376834,-0.185011,-0.160697,-0.698761,-0.103089,-0.389715,-1.696766,-1.059650,-0.655038,-1.485361,-1.129290,-0.344152,-1.198693,-0.939236,-0.598929,-0.987742,-1.042008,-0.977399,-0.590367,-0.649713,-0.439006,-0.707143,0.170873,-0.242637,-1.086727,1.248766,0.006983,-0.901093,-0.739070,-0.133806,-0.503762,-1.249050,-0.284049,-0.566262,-0.465610,-0.302779,-0.727055,-1.740869,-0.653735,-0.924483,-1.565324,-0.527273,-0.972530,-0.101202,-0.584965,-1.175396,-1.447834,-0.737795,-1.009334,-0.599332,-0.596069,-0.978549,0.054527,-0.402583,-0.779352,-0.928342,-0.257315,-0.908458,-1.833596,-0.123378,-0.893140,0.087599,-0.490764,-1.129477,-0.261823,-0.282745,-0.783390,-1.402182,-0.216876,-0.948137,0.703132,-0.605642,-0.561333,0.082290,-0.424315,-0.847543,-0.255496,-0.492604,-0.392638,1.471448,-0.470051,-1.009850,1.571821,-0.785842,-0.613672,-0.571196,-0.206829,-0.622381,-1.450246,-0.443540,-0.501567,-0.378746,-0.773570,-1.089883,1.540384,-0.388335,-0.557302,-1.478081,-0.339261,-0.934807,-0.366836,-0.345057,-0.789306,0.814091,-0.502759,-1.012393,0.456863,-0.451415,-0.799626,0.375681,-0.245792,-1.024566,0.238292,-0.723676,-0.486859,2.064455,-0.616437,-0.838903,-1.624631,-0.165260,-0.956529,-0.218166,-0.488229,-1.150170,1.158399,-0.721983,-0.674107,0.573533,-0.205788,-1.113686,-0.504466,-0.444063,-0.976272,0.198313,-0.280953,-0.900209,0.676447,-0.742026,-0.881075,-1.419300,-0.529396,-0.387105,0.083129,-0.338644,-0.428586,0.115002,-0.499203,-0.526802,-1.988848,-0.687152,-0.141697,1.173833,-0.352445,-1.233356,2.007474,-0.315995,-1.233356,1.054920,-0.791320,-0.764231,0.652546,0.278361,-0.867997,-0.053079,-0.775990,-0.779734,0.885392,-0.306441,-1.240474,1.101406,-0.340319,-0.789820,1.803885,-0.258844,-0.606651,0.259157,-0.630878,-0.983382,0.190349
0.046224,-2.033523,0.981827,0.685419,0.515382,0.196444,0.880179,0.246459,-0.916122,-0.659000,-0.116009,0.156841,0.141431,-0.063884,0.417375,0.771400,-0.165305,0.326012,-0.067533,0.396573,0.565280,-0.684125,1.542271,0.393917,-0.769523,0.277260,1.314940,-0.915592,0.478659,1.281500,-0.497979,-0.167511,0.293988,0.000492,0.000492,0.000492,-0.512503,0.387577,0.176578,-0.861550,1.315531,0.304255,0.000492,0.000492,0.000492,0.551965,-0.775060,-0.015496,-0.402465,0.213297,0.713026,-1.208447,-0.024679,0.314515,-0.722234,-1.366914,-0.491822,0.000492,0.000492,0.000492,0.000492,0.000492,0.000492,0.000492,0.000492,0.000492,0.000492,0.000492,0.000492,0.000492,0.000492,0.000492,0.000492,0.000492,0.000492,-0.874837,1.744427,-0.624590,-0.704495,1.795515,-0.033817,-1.034976,1.217674,0.638189,-0.654866,1.200950,0.489704,-0.514599,1.335417,1.011517,-0.974185,1.809701,0.363145,-0.142539,2.063673,-0.721418,-0.359355,2.507518,1.524700,-1.032391,1.121518,0.086290,-0.822787,2.482908,-0.629834,0.098102,1.389969,-1.818520,-1.596071,1.341574,-1.839843,-0.175129,0.649364,-1.929223,-1.140002,2.247812,-1.287848,-0.044918,1.273003,-1.819368,-0.908156,0.081245,-2.510196,0.410630,1.206611,-2.246956,-0.485015,2.028045,-1.442483,-0.862511,1.554063,-1.772228,-1.234273,1.432176,-0.450172,-1.091467,1.532687,-1.463546,0.524311,-0.148106,0.209055,0.904800,0.062678,0.290247,0.936518,0.264935,-0.245974,0.774483,0.312979,1.098175,0.171300,0.307241,0.947786,0.902623,-0.173741,-1.713417,0.579587,-0.114302,1.107949,0.439260,-0.079228,0.080774,0.366684,-0.064738,0.328610,0.513432,-0.362345,-1.166486,0.021081,-0.342011,0.943385,-0.230545,-0.036629,1.308328,-0.370215,0.104662,0.860607,-0.201122,-0.531897,-0.547591,-0.378354,-0.426392,0.303192,-0.477623,-0.127737,0.708684,-0.508911,-0.040531,0.106490,-0.570619,-0.601523,0.776002,-0.653499,-0.454317,0.727832,-0.652262,-0.268467,0.788197,-0.633976,-0.183183,0.533377,-0.224405,0.443505,0.755287,-0.663500,0.026508,-0.903462,-0.011973,-0.070681,-0.310055,-0.288818,-0.001733,0.217016,-0.142154,-0.421900,1.109054,-0.000975,-0.647417,1.252150,-0.477149,-0.883606,0.348273,-0.100701,-0.865334,1.174510,0.037051,-1.016822,-0.425646,-0.238256,-0.846585,1.112766,-0.237919,-1.013538,1.073264,-0.214084,-1.530986,-1.169916,-0.670234,-0.889894,-0.099876,-0.630089,-2.271821,1.463933,-0.599973,-2.265622,-0.520247,-0.570379,-1.562323,-0.400052,-0.627089,-1.519670,0.481424,-0.243174,-0.396413,0.761823,-0.616764,-0.884268,0.398313,-0.295831,-0.752880,-1.275560,-0.620818,-1.030385,-1.686298,-0.960154,-1.334712,0.771764,-0.118120,-1.730821,-1.685620,-0.159617,-1.241532,-1.634702,-0.479933,-1.257598,-0.132033,-0.472022,-1.043804,-2.131002,-0.549266,-1.283381,0.650363,-0.705171,-1.086333,0.591497,-0.500289,-1.315686,-1.134265,-0.350128,-1.179698,-1.580185,-0.213233,-1.158892,-1.119094,-0.647069,-0.932436,0.574704,-0.157879,-1.262574,-1.876282,-0.039836,-1.109131,-1.187860,-0.388592,-1.301045,1.184860,-0.697113,-1.050441,0.287517,-0.536981,-0.926629,0.958238,-0.479644,-1.088067,1.436138,-0.756598,-1.223573,-0.892210,-0.404536,-1.059338,-1.573118,-0.406542,-1.062646,-1.085972,-0.506643,-1.115182,1.339970,-0.397556,-1.621387,-2.380008,-0.051837,-1.073047,-1.535055,-0.270644,-0.926454,0.139464,-0.390559,-1.511241,2.126369,-0.062093,-1.416185,-0.106823,0.062828,-1.120373,-1.174794,-0.674078,-0.815676,0.429854,-0.526074,-1.153264,-0.059526,-0.008376,-1.418669,-1.183197,-0.293314,-1.207135,0.177524,-0.518202,-1.390018,0.552456,-0.211115,-1.160907,-0.707415,-0.396630,-0.972559,0.614450,0.003065,-0.851321,-0.683723,-0.790229,-0.829697,0.107719,-0.336832,-0.943063,0.974759,-0.180552,-0.985806,0.633192,-0.404464,-0.823636,-1.144940,-0.376153,-1.070099,1.447453,-0.192562,-0.759633,0.838764,-0.116447,-0.759633,0.852659,-0.581993,-1.223064,0.312499,-0.348447,-0.863860,-0.050903,-0.567911,-0.782488,0.491357,-0.105261,-0.765241,1.226865,-0.180542,-0.785770,0.860645,-0.236399,-1.100536,0.597638,-0.587709,-1.095182,0.812423
0.061037,-2.039055,1.090353,0.697528,0.552484,-0.068265,0.902204,0.275010,-0.946627,-0.660569,-0.115903,0.254922,-0.015658,-0.064550,0.402445,-1.059556,-0.124400,0.091204,-0.072356,0.383122,-0.105788,-0.688821,1.529980,0.463434,-0.183360,1.389943,0.556573,-0.907965,1.398353,0.859050,-0.418455,-0.167511,-0.003737,0.000492,0.000492,0.000492,0.138392,2.992344,0.215485,0.572645,1.315531,-0.398875,0.000492,0.000492,0.000492,0.561805,-1.837875,0.026259,-0.390431,0.201176,0.593075,0.518165,-0.019885,0.489431,-0.708483,-1.394207,-0.170143,0.000492,0.000492,0.000492,0.000492,0.000492,0.000492,0.000492,0.000492,0.000492,0.000492,0.000492,0.000492,0.000492,0.000492,0.000492,0.000492,0.000492,0.000492,-0.615270,1.733089,-1.237394,-0.447538,1.789477,0.018316,-1.039241,1.211507,0.192556,-0.659333,1.673140,0.183945,-0.519298,1.650145,0.242292,-0.720251,1.802574,-0.041266,-0.146389,2.056739,-0.233776,-0.363380,2.501557,1.119933,-1.036741,1.534963,-0.684789,-0.571910,2.033703,-1.108316,0.095177,1.386404,-1.541092,-1.355245,1.338972,-1.566561,-0.422140,1.607600,-1.557199,-0.328276,1.373890,-0.684197,-0.048291,1.134050,-1.428244,-0.911370,0.246964,-1.674974,0.406975,1.200916,-1.645563,-0.243558,1.691289,-0.729280,-0.036305,1.086851,-1.304085,-1.237568,1.430715,-0.493412,-1.093625,1.641220,-1.319063,0.526324,-0.176426,-0.093868,0.839347,0.033672,0.768133,0.968947,0.198550,0.386057,0.748452,0.274784,0.790965,0.471742,0.268888,1.199885,0.905048,-0.233385,-1.475875,0.551171,-0.145240,0.753405,0.383768,-0.109435,0.606902,0.341975,-0.072935,0.644902,0.196736,-0.435114,-0.829070,-0.008424,-0.372801,0.979814,-0.228421,-0.060218,1.140789,-0.354767,0.096095,0.623234,-0.247344,-0.568057,0.429565,-0.391238,-0.427613,0.293647,-0.446995,-0.158363,0.994139,-0.548027,-0.078699,0.387695,-0.569183,-0.609541,0.886874,-0.652027,-0.476779,0.781260,-0.622930,-0.291241,0.770945,-0.660196,-0.221253,0.594430,-0.063944,-0.381357,0.564216,-0.535710,-0.808920,0.957374,-0.171817,-0.605369,-0.702364,-0.158916,-0.270367,0.020466,-0.022542,-0.762833,1.095710,0.066685,-1.012022,0.329673,-0.176956,-0.694533,0.826054,0.153263,-0.965364,-0.176955,-0.041500,-0.815491,-1.010674,-0.094518,-0.985966,1.026501,0.143365,-1.149734,1.146673,0.084724,-1.054140,-1.045608,-0.386120,-1.542223,-0.967924,-0.312586,-2.137572,0.310599,-0.613999,-1.984444,-1.317542,-0.582774,-1.133738,-0.345425,-0.637458,-0.878476,0.692891,-0.132827,-0.461673,0.791285,-0.237600,-0.898131,0.570228,-0.535976,-0.748123,-1.835859,-0.871444,-1.356629,-1.307292,-0.719216,-1.344306,1.036178,0.309428,-2.112360,-0.755097,-0.009830,-1.694584,-1.774425,-0.358140,-1.216782,-0.038448,-0.385567,-1.421866,-1.859472,-0.477261,-1.288738,0.142440,-0.498274,-1.151061,0.553555,-0.305319,-1.454526,-1.003946,-0.160155,-1.290120,-1.624220,-0.023992,-1.342662,-1.036492,-0.420979,-1.153008,0.792084,-0.195993,-1.483189,-2.153299,0.167094,-1.410601,-1.408593,-0.197585,-1.186360,1.234011,-0.540609,-1.320947,0.535661,-0.170603,-1.064862,0.880264,-0.131434,-1.192368,1.429491,-0.484306,-1.331473,-0.804025,-0.136061,-1.149245,-1.509688,-0.393253,-1.207891,-1.222232,-0.468347,-1.272279,1.847173,0.011116,-1.713874,-2.109825,0.080960,-1.147905,-1.487756,-0.135609,-1.494036,-0.165121,-0.280915,-1.574011,2.285706,0.071143,-1.519929,-0.038226,0.201086,-1.232950,-0.952767,-0.423995,-0.786546,0.877900,-0.544241,-1.388985,-0.249130,-0.058417,-1.733896,-1.508334,-0.065491,-1.578707,0.033668,-0.338872,-1.642781,0.374487,-0.065941,-1.075830,-0.873972,-0.246338,-1.350480,0.462142,0.163746,-1.262678,-0.494012,-0.622470,-1.178065,0.044365,-0.118844,-1.232052,0.693672,0.064030,-1.275452,-0.025428,-0.173014,-1.151953,-1.480242,-0.387505,-1.034791,0.747241,0.054789,-1.171546,1.066108,-0.189614,-1.171546,0.896121,-0.397783,-1.157366,0.554554,-0.171758,-1.285029,0.068074,-0.384799,-1.177664,0.750655,-0.179027,-1.178467,1.307070,0.066646,-1.198099,0.867616,0.108886,-1.197524,0.398123,-0.450931,-1.162322,0.958652
0.074610,-2.037057,1.043648,0.706702,0.583896,-0.182144,1.301617,0.870061,-0.941882,-0.661025,-0.115691,0.249486,-0.170922,-0.065239,0.558657,-1.047210,-0.147572,0.232630,-0.073963,0.376376,0.162923,-0.695275,1.529980,0.457729,-0.758126,1.373068,0.871149,-0.906977,1.386147,0.962403,-0.435709,-0.167511,-0.112997,0.000492,0.000492,0.000492,0.130031,1.693702,0.526894,-0.862407,-0.798846,0.265548,0.000492,0.000492,0.000492,0.561805,-0.784330,0.096336,-0.381243,-3.455977,0.485157,0.532379,-0.003773,0.629468,-0.693866,-1.410514,0.247682,0.000492,0.000492,0.000492,0.000492,0.000492,0.000492,0.000492,0.000492,0.000492,0.000492,0.000492,0.000492,0.000492,0.000492,0.000492,0.000492,0.000492,0.000492,-0.884392,1.262977,-0.404418,-0.193100,1.789477,0.378281,-1.046207,0.447463,0.427048,-0.666253,1.673140,0.524747,-0.526576,1.650145,-0.628096,-1.497440,1.802574,0.754429,-0.715007,1.624619,-1.684299,-0.647053,2.135299,-0.305763,-0.760383,1.534963,0.363664,-1.340368,0.269004,-0.858205,-0.977488,0.283845,-1.426983,-1.606151,1.179107,-1.516762,-0.914999,1.288188,-1.286754,-1.421329,0.506966,-0.960881,-1.525953,-0.793489,-1.473974,-1.137911,-0.089913,-1.514096,-0.790897,0.845963,-1.642434,-0.738532,-0.294472,-1.337181,-0.873234,-1.226784,-1.304165,-1.243230,1.521185,-0.746306,0.386663,-0.561513,-1.232117,0.323171,-0.183922,0.281303,0.743220,0.025959,1.335075,0.930482,0.183075,1.037501,0.812416,0.251283,1.326861,0.695944,0.237548,1.080590,0.642426,-0.264826,-1.485217,0.542809,-0.177367,0.874824,0.419944,-0.119060,0.408816,0.403501,-0.068223,0.740439,0.050544,-0.458943,0.215857,-0.002382,-0.360559,0.975271,-0.207949,-0.061972,0.655974,-0.349680,0.034535,-0.805987,-0.307703,-0.563306,1.389599,-0.357171,-0.422611,0.766534,-0.442458,-0.159937,0.688187,-0.530275,-0.094902,0.015078,-0.637605,-0.597774,1.108109,-0.649128,-0.450153,1.312906,-0.661322,-0.314478,0.424644,-0.656805,-0.222547,0.691691,-0.144309,-0.753327,0.747293,-0.326546,-0.814487,0.873783,0.045282,-0.590464,-0.729204,0.089811,-0.527367,-0.142810,-0.089462,-0.710033,1.348509,0.325151,-0.947994,0.593632,-0.204201,-0.628788,0.386815,0.144045,-0.888260,0.442726,0.228404,-0.733011,-0.110568,0.223629,-0.876912,1.119431,0.195073,-1.028945,1.204513,0.148800,-0.940336,-1.058101,-0.308297,-1.449524,-0.837052,-0.544624,-2.081274,0.353178,-0.528081,-1.976111,-1.450632,-0.489834,-1.171912,-0.288407,-0.541688,-0.977336,0.690709,-0.194563,-0.530268,0.674473,-0.287927,-0.976537,0.725686,-0.285750,-0.823255,-1.406077,-0.630979,-1.095750,-1.525116,-0.731879,-1.448663,0.900583,0.568091,-2.198828,-0.328777,0.262672,-1.808654,-1.684610,-0.066997,-1.313484,-0.117302,-0.078599,-1.518981,-1.834406,-0.414870,-1.920776,-0.044783,-0.243694,-1.214749,-0.204085,-0.059496,-1.513300,-1.183664,0.083249,-1.315587,-1.000482,0.221460,-1.359466,-0.166584,-0.190126,-1.150857,0.179802,0.046824,-1.478485,-2.071743,0.170799,-1.400161,-0.947214,-0.186682,-1.182961,0.597565,-0.268891,-1.319818,-0.002994,-0.214203,-1.123380,0.783899,-0.168226,-1.257737,1.386551,-0.508082,-1.403672,-1.198818,0.123011,-1.199680,-1.231482,-0.156627,-1.269377,-1.392869,-0.227571,-1.334865,1.336504,0.288457,-1.783590,-1.577023,0.369264,-1.226588,-0.642112,0.215014,-1.078781,0.038058,0.069197,-1.237377,1.026298,0.112173,-1.071168,0.044346,0.230349,-1.308279,-0.293234,-0.442483,-1.111922,0.370183,-0.305409,-1.367207,-0.300700,0.231577,-1.708384,-1.396474,-0.061411,-1.546457,-0.296965,-0.328636,-1.623855,0.070713,0.202900,-1.482532,-0.302651,-0.211621,-1.309299,0.312966,0.187244,-1.211940,-0.122843,-0.365046,-1.133615,-0.664809,-0.113902,-1.194465,0.473498,0.061250,-1.237779,0.656534,-0.183133,-1.110061,-1.155571,-0.163017,-1.318466,1.329049,0.051977,-1.126660,0.587280,0.114568,-1.126660,0.646904,-0.119516,-1.116016,-0.285633,0.179160,-1.239135,-0.587842,-0.108192,-1.135809,-0.007742,0.127643,-1.133438,1.054048,0.063836,-1.153168,0.772560,0.076705,-1.254921,0.675633,-0.136365,-1.228383,0.349448
0.072050,-2.044096,1.170396,0.708169,0.551811,-0.172249,1.300205,0.852261,-0.780069,-0.658815,-0.089021,0.363668,-0.170085,-0.096134,0.344694,0.771035,-0.183146,0.362527,-0.070435,0.403319,0.983925,-0.697928,1.534094,0.777460,-0.180055,1.373068,0.530733,-0.911656,1.382653,1.275910,-0.432709,-0.167511,-1.048945,0.000492,0.000492,0.000492,0.140266,1.696207,0.188690,0.565196,-0.798846,-0.237765,0.000492,0.000492,0.000492,0.570745,-0.777580,0.054017,-0.383647,-3.449870,0.506470,0.535935,-0.027358,0.664242,-0.687830,-1.430713,0.435583,0.000492,0.000492,0.000492,0.000492,0.000492,0.000492,0.000492,0.000492,0.000492,0.000492,0.000492,0.000492,0.000492,0.000492,0.000492,0.000492,0.000492,0.000492,-0.887582,0.796706,-0.787519,-0.716502,1.789477,0.038141,-1.047112,1.208423,0.518901,-0.666702,1.669265,-0.183923,-0.527048,1.644981,-0.826683,-1.243911,1.357594,-0.631753,-0.436826,1.617643,-0.589381,-0.648404,2.129338,0.567054,-0.760845,1.531570,0.309781,-0.835318,1.146001,-0.275784,-0.338993,0.942893,-0.522835,-1.117783,1.337671,-0.723736,-1.158880,2.249023,-0.564105,-0.881714,0.936929,0.006661,-0.056209,1.269664,-0.391446,0.187076,1.254892,-1.074355,-0.792061,1.905021,-0.760038,-0.497075,1.028477,-0.147248,-0.321772,1.084980,-0.553327,-0.791292,1.339515,-0.103283,-1.246418,1.640329,-0.464883,0.217280,-0.198569,0.937106,0.663585,0.017940,1.330390,0.836400,0.129691,0.324546,0.870810,0.135476,0.764589,1.000453,0.157899,0.941871,0.427981,-0.316267,-1.181507,0.447222,-0.185331,0.380054,0.361909,-0.112170,-0.112646,0.433992,-0.004897,1.040984,-0.047638,-0.459376,0.908470,-0.041491,-0.338968,0.745166,-0.124354,0.001019,-0.557682,-0.232534,0.091408,-0.778240,-0.372884,-0.535206,0.554163,-0.383039,-0.363894,0.984880,-0.408838,-0.119554,-0.563941,-0.485306,-0.075901,-0.855875,-0.699054,-0.548358,1.032763,-0.650440,-0.390920,0.885844,-0.647531,-0.267411,0.112243,-0.600177,-0.158386,1.266540,0.200807,-0.070300,-0.307101,-0.320721,-0.496612,-1.086508,0.330859,-0.292933,-0.966816,0.096020,-0.246876,0.460421,0.264341,-0.721955,0.738323,0.330077,-0.656978,0.455956,-0.200653,-0.373062,0.143275,0.146463,-0.900851,0.205013,0.229518,-0.746458,-0.120205,0.223629,-0.894955,0.898301,0.193833,-1.050000,1.006876,0.146525,-0.962616,-0.927022,-0.031343,-1.472699,-1.191317,-0.219539,-1.378355,-0.038514,-0.531277,-1.243623,-1.706979,-0.493341,-0.405151,-0.186678,-0.545323,-0.994647,0.919786,0.131832,-0.972304,0.541601,0.012480,-0.982286,0.751305,0.006743,-1.177524,-0.761281,-0.098133,-1.100036,-1.210342,-0.473260,-1.455646,0.714995,0.569158,-2.203840,-0.109188,0.517190,-1.814457,-0.988394,0.454158,-1.317827,0.229251,0.183909,-1.115521,-1.265442,-0.103674,-1.404340,-0.223262,0.268958,-1.221398,-0.271835,0.432960,-1.523326,-0.633706,0.326645,-1.322078,0.201569,0.466296,-1.368685,0.380771,-0.187647,-1.160627,0.205644,0.295725,-1.142847,-2.015503,0.172431,-0.958986,-0.750265,0.092143,-1.191335,-0.083550,-0.013253,-1.331599,-0.546533,-0.209301,-1.133362,0.649117,-0.163820,-1.266426,1.183542,-0.248877,-1.413032,-1.347196,0.125833,-1.206646,-0.361358,0.106368,-1.279866,-1.284268,-0.223598,-1.345824,0.826276,0.546704,-1.305674,-1.056394,0.369264,-1.234688,0.287279,0.214476,-1.086817,0.130365,0.068176,-1.244171,0.262647,0.111630,-1.080515,-0.015422,0.230349,-1.318045,-0.054977,-0.193024,-1.124143,-0.178331,-0.052278,-1.376375,-0.465376,0.233583,-1.720439,-1.035222,0.239631,-1.561188,-0.323249,-0.066857,-1.633749,-0.135247,0.203541,-1.496396,0.113758,0.099306,-1.323408,-0.141538,0.187727,-1.226705,-0.010537,-0.117086,-1.146212,-0.895093,-0.112194,-0.900804,-0.003653,0.063271,-1.248181,0.796405,0.071567,-1.121933,-0.859961,-0.160585,-1.328977,1.202314,0.054021,-1.142039,0.229683,0.116337,-1.142039,0.350135,-0.118365,-1.130297,-0.479185,0.179428,-1.254859,-1.032889,-0.107047,-1.150265,-0.179386,0.129427,-1.148866,0.850492,0.065879,-1.168562,0.562012,0.080776,-1.262694,0.855967,0.146340,-1.235280,0.030097
0.074170,-2.041575,1.081023,0.706702,0.554830,0.243251,1.306632,0.849954,-0.723840,-0.585521,-0.087433,0.238813,-0.093350,-0.157364,0.097743,-1.048716,-0.152903,0.188204,-0.073003,0.389868,0.348306,-0.687065,1.529980,0.646343,-0.181989,0.279370,0.713764,-0.297488,0.475187,0.744415,-0.440208,-0.167511,0.177382,0.000492,0.000492,0.000492,0.133275,0.392586,-0.017535,0.546870,1.315531,0.554384,0.000492,0.000492,0.000492,0.580586,-0.779264,-0.168961,-0.377958,0.206497,0.300690,0.562216,-0.020797,0.844444,-0.678803,-1.424679,0.349115,0.000492,0.000492,0.000492,0.000492,0.000492,0.000492,0.000492,0.000492,0.000492,0.000492,0.000492,0.000492,0.000492,0.000492,0.000492,0.000492,0.000492,0.000492,-0.613571,0.796706,-0.565444,-0.706385,1.415472,0.195004,-1.036992,0.829485,0.598973,-0.656881,1.193202,0.380414,-0.225894,1.647563,-0.268279,-0.975845,1.802574,-0.010177,-0.425248,1.624619,-1.077368,-0.637898,1.763080,0.199574,-0.466836,1.534963,0.624821,-1.078601,1.591636,-0.953874,-0.330374,0.944676,-1.093919,-1.353267,1.177806,-1.260857,-0.906747,1.285589,-0.740050,-0.870088,0.940428,-0.557195,-0.291719,1.132938,-1.042410,-0.909583,0.078526,-1.374882,-0.067861,1.200916,-1.000466,-0.486595,1.359883,-0.615882,-0.311034,0.161780,-1.050228,-1.009209,1.430715,-0.572490,0.836427,-0.561513,-1.033968,0.105775,-0.186815,0.872179,0.680857,-0.012188,0.333116,0.753432,0.121984,0.549079,0.857746,0.054959,0.677510,0.996698,0.055912,0.078090,0.298819,-0.383728,0.019668,0.391653,-0.194003,0.733679,0.393753,-0.041070,0.070313,0.486943,0.055991,0.661320,-0.178819,-0.489312,1.017304,-0.029692,-0.266295,0.084260,-0.144813,0.033053,0.588644,-0.264537,0.122166,-0.103645,-0.493821,-0.502026,0.661813,-0.293016,-0.250683,0.545905,-0.322520,-0.021934,0.461688,-0.402952,0.021384,0.083767,-0.730460,-0.482559,0.663526,-0.481552,-0.238781,0.267630,-0.475335,-0.121238,0.278416,-0.526118,-0.069509,0.430620,0.259288,-0.152995,-0.194500,-0.273848,-0.260497,-0.812405,0.097295,-0.082713,-0.869372,0.146789,-0.058882,0.600217,0.315564,-0.208539,0.615674,0.367145,-0.478301,0.682763,0.102857,-0.487502,-0.711912,0.446272,-1.029386,0.547447,0.233303,-1.190488,0.556050,0.215784,-1.078388,0.848027,0.174333,-1.266590,0.782951,0.119037,-1.756604,-0.838343,-0.066928,-1.063728,-0.296669,-0.264101,-1.617797,0.432420,-0.282599,-1.463153,-1.463480,-0.220768,-0.606732,-0.898874,-0.261375,-1.186965,0.297236,0.179087,-0.620395,-0.542111,0.051730,-1.048878,1.367607,0.326279,-1.232090,0.701732,0.188838,-1.152265,0.321203,0.054013,-1.028622,-0.008031,0.572785,-1.482474,-0.291138,0.514583,-1.401099,-1.134831,0.444608,-0.980889,0.407262,0.167060,-1.582680,-0.877408,-0.129531,-1.489592,-1.038153,0.532461,-0.891069,0.140216,0.440289,-1.123670,-1.172688,0.575420,-1.393523,1.499071,0.473142,-1.082819,0.311033,0.310791,-0.905562,0.791655,0.306264,-1.588481,-0.827374,0.180078,-1.094455,-1.161908,0.095215,-1.280375,0.440214,0.239979,-1.013584,-0.979030,0.129214,-1.750561,-1.550837,0.171961,-0.881149,-0.209153,0.284813,-1.519136,-1.521421,0.420394,-1.287589,1.467406,0.387971,-1.928374,-1.504846,0.078593,-1.467577,-1.093435,0.286473,-1.889379,-1.144818,0.362574,-0.831858,-0.159719,0.202041,-1.181346,-0.660090,0.051363,-1.321881,0.859701,0.099118,-1.707798,-0.691134,0.223264,-1.428748,-0.721616,-0.173904,-0.885201,-0.554552,0.212822,-1.181464,0.341397,0.245841,-1.850105,-0.842507,0.247541,-1.245754,-0.589401,-0.063972,-1.738515,0.050062,0.450253,-1.200289,0.537569,0.400148,-1.036331,-0.342585,0.468107,-0.938832,-0.187925,0.131285,-0.907886,-0.604380,0.184558,-1.009399,0.367335,0.370889,-1.052293,1.454883,0.338542,-0.897325,-0.252741,-0.144790,-1.121076,1.958213,0.365122,-1.302501,-0.064775,0.124269,-1.302501,0.019999,-0.115401,-1.282990,-0.747249,0.817507,-0.934929,-0.817718,-0.104102,-1.304820,-0.536230,0.137424,-0.834970,0.435968,0.376775,-0.855348,0.298340,0.427678,-0.918749,1.937362,0.137427,-0.892642,-0.042605
0.083063,-2.048614,1.136733,0.725061,-1.214374,0.086471,1.312588,-2.755758,-0.937319,-0.512525,-0.060020,0.191326,-0.095130,-0.096408,0.221007,0.766174,-0.147572,-0.421826,-0.071395,0.383122,0.486091,-0.691761,1.566953,0.660025,-0.185183,1.385725,0.807741,-0.912148,1.396606,1.204544,-0.448840,-0.167511,0.032547,0.000492,0.000492,0.000492,0.147127,1.708730,0.685007,0.581808,-0.798846,0.315556,0.000492,0.000492,0.000492,0.588188,-0.781373,-0.030273,-0.379266,0.208023,0.342637,0.564710,-0.048264,0.744467,-0.673659,-1.423620,0.071610,0.000492,0.000492,0.000492,0.000492,0.000492,0.000492,0.000492,0.000492,0.000492,0.000492,0.000492,0.000492,0.000492,0.000492,0.000492,0.000492,0.000492,0.000492,-0.618459,2.237260,0.130335,-0.713340,1.819631,-0.423838,-1.046207,1.245429,-0.632201,-0.666920,1.239646,-0.583998,-0.527278,1.361238,-1.087523,-0.208415,0.962457,-0.919685,-0.150710,1.669924,-0.902149,-0.646384,1.804773,-0.066818,-0.760607,1.158791,0.866612,-0.828752,0.750282,-1.022881,-0.549011,0.527865,-1.040102,-1.361177,1.194703,-1.163707,-1.158484,1.316750,-1.091483,-0.874467,0.982374,-0.974491,-0.298066,1.148502,-1.022527,-1.137377,0.094826,-1.384781,-0.790521,1.232396,-1.485098,-0.490948,0.729141,-1.043175,-0.317965,-0.511001,-1.268079,-1.242682,1.440200,-0.573852,-1.245343,0.880579,-1.545787,-0.005672,-0.147983,-0.219011,-0.074504,-0.163114,-1.785784,0.314494,-0.041586,-1.300981,0.540652,-0.040138,-1.002860,0.736693,-0.047181,-1.044013,0.089884,-0.391869,0.774018,0.328446,-0.177089,0.573543,0.465155,0.004718,0.176838,0.548630,0.148516,0.602014,-0.309341,-0.435791,0.771681,0.014944,-0.150346,0.397281,0.015323,0.116278,0.101925,-0.192386,0.197505,-0.600249,-0.522833,-0.397712,0.468445,-0.149556,-0.063966,0.024664,-0.144722,0.106758,0.034888,-0.296192,0.116043,0.292323,-0.686747,-0.341202,0.614738,-0.276188,-0.049906,0.203955,-0.256053,0.032798,0.181303,-0.321074,0.068254,-0.462812,0.519420,-0.644744,0.717101,-0.065377,-0.460728,0.227629,0.301270,-0.328487,-0.559814,0.056316,-0.343097,0.641508,0.193867,-0.568688,0.756920,0.524511,-0.861481,0.264154,0.205926,-0.584648,0.278957,0.216813,-1.146539,-0.085766,0.232633,-0.703502,-0.363758,0.156416,-1.243072,0.006197,0.056409,-1.433063,0.281181,0.228104,-1.317975,-0.564001,0.293115,-1.750863,-0.428337,-0.180586,-1.533653,-1.289310,0.072184,-0.488644,-1.203841,0.169801,-0.233733,-0.669884,-0.177922,-0.602429,-0.177778,0.383933,-1.137696,-0.428456,0.221303,-1.082326,1.467936,0.456798,-1.241942,0.461321,0.276217,-1.161696,0.252956,0.362814,-1.067512,0.073768,0.572143,-1.496491,-0.397949,0.482773,-1.394893,-0.852635,0.377933,-0.962836,0.577754,0.326264,-1.166345,-0.563701,0.031535,-1.002614,-1.413748,0.552506,-0.979233,0.012052,0.457433,-1.291738,-0.137297,0.590478,-1.216858,0.555820,0.488289,-0.905655,1.062038,0.361168,-1.145661,-0.054408,0.339752,-0.800446,-1.118534,0.466014,-0.971363,0.235410,0.364804,-1.184527,-1.056686,0.717113,-1.308795,0.270974,0.280918,-1.405983,-1.184067,0.304614,-1.013167,0.398345,0.371428,-1.134830,-1.376486,0.491391,-1.396397,0.988629,0.473715,-1.566317,-1.373821,0.195836,-1.097519,-0.600096,0.509158,-1.042240,-0.569588,0.310671,-0.935222,0.790714,0.425001,-0.789718,-0.536976,0.547301,-1.013083,-0.323923,0.323477,-0.802705,-0.659618,0.442455,-1.027783,-0.137026,-0.098456,-0.878626,-0.228546,0.264939,-1.145354,-1.006582,0.573883,-0.982069,-0.516232,0.263611,-1.180038,0.027689,0.189136,-1.350487,-0.975748,0.416837,-1.141812,1.281557,0.636031,-1.007056,-0.521321,0.427875,-0.933900,0.563420,0.609510,-0.910067,-0.754678,0.197636,-0.712626,-0.958829,0.406193,-0.754847,0.028881,0.389144,-0.899380,-0.584358,-0.085624,-1.104903,0.151871,0.400825,-1.266909,0.619059,0.437404,-1.266909,-0.235148,0.409633,-1.245116,-0.945287,1.080763,-1.382535,-0.469950,0.154344,-1.266484,-0.789752,0.453120,-1.274134,0.123582,0.412455,-1.293558,0.801401,0.233807,-1.040172,1.827948,0.632421,-0.984091,0.206156
0.102969,-2.036535,0.657453,0.699365,-1.118139,-0.025985,1.289860,-0.348486,-1.107603,-0.364169,-0.005408,-0.050122,-0.171311,-0.096858,0.234861,-1.053942,-0.069134,-0.361113,-0.069141,0.376376,0.661617,-0.691457,1.546385,0.608842,-0.181989,1.364656,0.962597,-0.303147,1.379159,0.768721,-0.477726,-0.167511,-0.032861,0.000492,0.000492,0.000492,0.136268,1.688723,0.241278,0.555753,1.315531,0.512754,0.000492,0.000492,0.000492,0.607418,-0.778004,-0.303917,-0.367674,0.213297,-0.015475,0.563647,-0.089163,0.531278,-0.671927,-1.399873,0.164530,0.000492,0.000492,0.000492,0.000492,0.000492,0.000492,0.000492,0.000492,0.000492,0.000492,0.000492,0.000492,0.000492,0.000492,0.000492,0.000492,0.000492,0.000492,-0.355482,1.278156,0.434750,0.069346,1.430531,1.811233,-0.767394,1.230010,0.863874,-0.666035,1.220322,0.407261,-0.526347,1.028467,0.146338,-0.208617,1.386057,-0.092635,-0.150710,1.652483,0.333687,-0.368974,2.156127,0.801062,-0.475998,1.138438,0.951540,-0.574792,0.732439,0.545794,-0.335373,0.517189,-0.457298,-0.382066,-0.422160,-0.690265,-0.427646,0.659730,-0.518941,-0.331129,0.964921,0.135099,-0.297860,1.141839,-0.458498,-0.916012,-0.080411,-0.793364,-0.551558,0.863154,-0.912374,-0.246525,0.384359,-0.100813,-0.317965,-0.056883,-0.343976,-1.015619,1.346087,-0.601540,0.981196,-0.666494,-0.269018,0.025842,-0.151801,-0.206025,0.031676,-0.134960,-1.265507,-0.026287,-0.296056,-1.076632,0.392069,-0.111530,-0.938087,0.035127,0.069224,-1.126170,-0.063205,-0.345417,0.703210,0.269994,-0.124442,0.645780,0.492593,0.072805,0.494673,0.655005,0.216763,0.846805,-0.264894,-0.305805,0.241044,0.145587,-0.030459,0.673975,0.155591,0.148669,0.184694,-0.044818,0.171517,-0.336029,-0.370425,-0.220868,0.352704,-0.001272,0.064884,-0.408532,0.007561,0.161910,0.775049,-0.230151,0.124353,0.023266,-0.396626,-0.112186,-0.265651,-0.084939,0.103956,-0.037161,-0.178370,0.126721,0.000753,-0.441005,0.102226,-0.197239,0.508179,-0.637092,0.706134,-0.074467,-0.773884,-0.031922,0.292456,-0.620008,-0.620907,0.046602,-0.329248,0.361204,0.184109,-0.866010,0.634353,0.517771,-1.143188,0.641473,0.201665,-0.567356,0.373113,0.214869,-0.834328,-0.072676,0.233076,-0.376457,-0.022614,0.159610,-0.795275,0.113146,0.062397,-1.400534,-0.387528,0.235612,-0.722007,0.275558,0.302664,-1.717718,-0.060811,0.156825,-1.502105,-1.333721,0.082783,-1.208933,-0.929680,0.181386,-0.212970,-0.610905,0.159239,-0.585825,-0.399235,0.375186,-0.701967,0.110665,0.214003,-1.079630,1.001274,0.451387,-1.240438,-0.083962,0.272836,-1.160256,-0.072655,0.360861,-1.064438,0.376974,0.572569,-1.494820,0.027391,0.484719,-1.394069,-0.309273,0.639731,-0.962836,1.042639,0.331436,-1.165636,-0.187902,0.348862,-0.999490,-1.284686,0.552072,-0.974007,0.133304,0.700124,-0.776731,0.492727,0.590067,-0.908204,0.419179,0.487875,-0.895123,1.211975,0.599247,-1.133753,0.086395,0.583400,-0.788393,-0.271953,0.465787,-0.955112,0.168884,0.640566,-0.870048,-1.248582,0.719068,-0.852861,0.381448,0.274472,-0.893649,-1.188358,0.299175,-1.005724,0.504772,0.367939,-1.127283,-0.969882,0.488569,-1.390430,0.995767,0.470398,-1.027993,-0.863201,0.462299,-1.087007,-0.664104,0.511124,-1.035184,0.016621,0.313563,-0.929268,1.164891,0.429505,-0.783811,-0.489720,0.853454,-1.007975,-0.549558,0.328010,-0.795169,-0.728867,0.445527,-1.019910,0.107204,0.142803,-0.861092,-0.454186,0.511247,-1.132995,-1.020058,0.572631,-0.965496,-0.201604,0.559825,-1.160526,-0.269892,0.706274,-1.009045,-1.123368,0.418743,-1.123433,1.150535,0.948003,-0.987408,-0.682177,0.430064,-0.912708,0.444974,0.610572,-0.892120,-0.448271,0.484484,-0.697609,-1.281802,0.404931,-0.437930,-0.140280,0.387208,-0.882466,-0.325260,0.147570,-1.090617,-0.477730,0.399549,-1.245494,0.264967,0.437404,-1.245494,-0.571440,0.675806,-1.225015,-0.961682,1.403079,-1.360639,-0.775977,0.682389,-1.246137,-0.942556,0.453120,-1.252651,-0.349498,0.411180,-1.272121,0.421113,0.543136,-1.033513,1.721383,0.636023,-0.978671,0.260378
0.124995,0.410245,0.301265,0.687984,-1.208703,0.074458,0.902125,-2.171685,-0.284940,-0.214971,0.049892,0.045879,-0.173331,-0.065151,0.396022,-1.049081,0.009304,-0.481515,-0.057908,0.366257,0.220378,-0.674426,1.538157,0.639640,-0.183590,1.349890,0.748398,-0.303271,0.494381,1.102988,-0.431587,-0.167511,-0.006944,0.000492,0.000492,0.000492,0.134775,0.392586,0.300711,-0.869577,-0.798846,0.910509,0.000492,0.000492,0.000492,0.625761,-0.765995,-0.268148,-0.357177,0.242859,-0.223238,0.574652,-0.077827,0.593889,-0.672373,-1.379674,0.177792,0.000492,0.000492,0.000492,0.000492,0.000492,0.000492,0.000492,0.000492,0.000492,0.000492,0.000492,0.000492,0.000492,0.000492,0.000492,0.000492,0.000492,0.000492,-0.341467,2.206949,0.816794,-0.177507,1.424493,0.985302,-0.752557,1.220758,0.984284,-0.651297,1.208699,0.621696,-0.510845,1.340581,0.335243,-0.709238,1.816828,-0.469620,-0.135725,2.074138,-0.270718,-0.354212,1.777947,1.127183,-0.460878,1.131653,1.110810,-0.815407,2.047978,0.987353,0.103101,1.395318,-0.926502,-1.102964,1.345477,-1.406799,-0.171387,0.973975,-1.412745,-0.860203,1.821348,0.060244,-0.039574,1.276341,-0.628946,-0.904222,0.252403,-1.948418,0.653436,1.209476,-1.680023,-0.478104,1.701990,-0.344252,-0.303216,1.557805,-1.031246,-0.323798,1.434366,0.194893,-1.088826,1.534457,-1.212881,-0.073317,-0.107809,0.302789,0.085156,-0.169280,-0.851984,0.032110,-0.228511,-0.886818,0.039052,-0.283047,-0.819820,-0.048625,-0.374324,-0.885316,-0.119413,-0.258286,1.119157,0.320124,-0.018965,0.446081,0.494345,0.096197,0.640847,0.682935,0.242268,0.688912,-0.225240,-0.148817,-0.340036,0.227774,0.096437,0.015406,0.177533,0.181215,-0.103033,-0.027339,0.174200,-0.354360,-0.219630,-0.039605,0.365714,0.285081,0.219162,-0.310761,0.125120,0.222180,-0.465963,-0.238255,0.169198,-0.472325,-0.236556,0.079884,-0.825083,0.112534,0.247053,0.208839,-0.076630,0.242720,-0.399774,-0.315690,0.220288,-0.049384,0.427520,-0.288065,0.956820,0.126764,-0.180117,0.788754,-0.060394,-0.117736,-0.297845,0.264537,0.092999,1.171186,0.401120,-0.448995,-0.474007,0.669430,-0.486033,0.347175,0.573644,-0.278192,-0.794184,0.545955,-0.525664,-0.281354,0.487408,-0.061036,-0.136844,0.383077,-0.766035,-0.802370,0.234297,-0.821614,-1.113404,0.343533,-0.592739,0.121537,0.382645,-1.462773,0.913682,0.237797,-1.089992,-1.192258,0.149265,-0.644017,-0.005602,0.567099,-1.036626,-0.408928,0.562760,-0.483987,-0.683520,0.572663,-0.592948,-0.509331,0.377536,-0.546948,1.827710,0.576745,-1.094918,1.343236,0.616694,-1.020966,1.938895,0.662904,-0.372399,0.549319,0.570434,-1.334924,0.095585,0.452477,-1.172505,-0.277013,0.571510,-0.771448,1.770575,0.487954,-1.377643,1.349823,0.812595,-0.802196,-1.311041,0.821016,-0.877770,0.988145,0.713718,-1.219466,-0.648354,0.603471,-0.899377,1.898203,0.501358,-0.547348,1.101710,0.645086,-0.856388,1.007256,0.612466,-0.873984,-0.380784,0.478536,-0.628888,-0.524133,0.902343,-0.941284,-0.788605,0.937105,-0.945931,1.170105,0.420507,-1.330570,-1.126710,0.426377,-0.441651,-0.251170,0.450852,-1.029651,-1.621919,0.556037,-0.941567,1.816913,0.552374,-1.487078,-1.277827,0.303719,-1.022536,-0.891002,0.476437,-1.418519,0.052981,0.261879,-0.808024,-0.270690,0.343444,-1.150111,-1.883958,0.742779,-0.917727,0.670824,0.548661,-1.210508,-1.521158,0.388423,-1.453864,-0.981491,0.212992,-0.687279,-0.412464,0.558671,-0.965791,-0.172442,0.605160,-0.722708,-0.709888,0.571556,-0.883727,-0.502521,0.693814,-0.805154,-1.111733,0.630540,-0.866661,1.296890,1.177016,-0.760798,-0.134029,0.389586,-0.706259,0.267959,0.594779,-0.725646,-0.259622,0.493384,-0.565685,-1.517887,0.437711,-0.607572,-0.505615,0.683241,-0.725574,0.104572,0.202070,-0.620063,0.142752,0.432700,-0.994899,-0.063182,0.743876,-0.994899,-0.937530,0.926216,-0.981883,-0.909869,1.341816,-1.104413,0.713784,0.931306,-1.000040,-0.978122,0.464978,-1.001257,-0.820306,0.444309,-1.021273,-0.028278,0.658331,-0.959093,1.570961,0.844444,-0.878848,0.752526
0.131355,0.422816,0.327618,0.681005,-1.250803,0.170740,0.879945,-3.360291,0.165741,-0.139552,0.105405,0.311185,-0.094965,-0.033474,0.079793,0.802824,-0.035192,0.280231,-0.062711,0.373003,0.653754,-0.665032,1.529980,0.532123,-0.174238,0.256192,0.299680,-0.296748,0.459465,0.616210,-0.475104,-0.167511,1.150583,0.000492,0.000492,0.000492,0.152366,-0.901047,0.400181,0.571509,-0.798846,1.395100,0.000492,0.000492,0.000492,0.636039,-0.764940,0.030657,0.728583,0.255025,-0.265139,0.578924,-0.041994,0.761593,-0.668489,0.434868,0.231643,0.000492,0.000492,0.000492,0.000492,0.000492,0.000492,0.000492,0.000492,0.000492,0.000492,0.000492,0.000492,0.000492,0.000492,0.000492,0.000492,0.000492,0.000492,-0.331484,1.262977,-0.287663,0.093772,1.789477,0.201362,-0.740654,1.593529,-0.251150,-0.362969,1.197076,-0.097585,-0.498181,1.332867,-0.832565,-0.185577,1.806138,0.016665,-0.124840,1.631553,-0.445172,-0.342819,1.769041,0.164497,-0.732424,1.121518,1.288679,-0.551799,1.595205,0.284123,0.111552,1.169105,-0.791837,-0.848114,1.019242,-1.209666,-0.160976,0.646765,-0.925174,-0.034868,1.377389,0.034207,-0.029660,1.273003,-0.688948,-0.673933,0.079886,-1.207016,0.424874,0.848828,-0.831044,-0.224189,1.693964,-0.257729,-0.292042,0.858857,-0.759517,-0.994211,1.341706,-0.485262,0.846608,-0.560622,-0.893299,-0.142930,-0.037206,1.118132,-0.130685,-0.138541,0.086227,-0.225523,-0.263712,0.638477,-0.218716,-0.391783,0.977527,-0.288151,-0.564338,1.155679,-0.156666,-0.115367,0.574498,0.355006,0.064322,0.828890,0.515253,0.140442,0.705113,0.705647,0.251175,0.707612,-0.141784,0.015315,0.501088,0.433843,0.221335,0.239278,-0.071881,0.263310,-1.059195,-0.436494,0.200348,-0.650179,-0.019962,0.130037,1.226452,0.475480,0.305484,0.614356,0.044699,0.287096,-0.320957,-0.281981,0.257793,-0.007142,0.136985,0.226491,-0.115391,0.346816,0.332687,0.450336,0.100616,0.329638,0.035476,-0.175457,0.332478,0.038522,0.673247,-0.529383,1.115688,0.059842,-0.329741,0.741221,0.432963,-0.184685,-0.432114,0.521649,0.099672,0.250370,0.711975,-0.381837,0.419014,0.690433,-0.368022,0.566114,0.648273,-0.140554,-0.965236,0.687840,-0.651410,0.260404,0.683207,-0.183040,0.072339,0.673997,-0.534584,0.148189,0.313516,-0.583540,0.543571,0.479655,-0.965039,-0.070747,0.569573,-0.743683,0.728479,0.148136,-1.171644,-0.217279,0.363219,-0.910462,-0.793298,0.173834,-0.723926,-1.159785,-0.175689,-0.334638,-0.403777,0.544791,-1.029054,-1.010810,0.376287,-0.604738,1.574434,0.620981,-1.175134,1.097870,0.701592,-0.765221,1.501511,0.785336,-0.452310,0.788807,0.507102,-0.643277,-0.566487,0.679959,-0.828175,-0.779334,0.592843,-0.508802,0.821562,0.556436,-1.095676,0.133330,0.625661,-0.375044,-1.057232,0.732162,-0.465571,0.741494,0.874596,-0.631762,-0.112873,0.762094,-0.813111,0.967658,0.660914,-0.377420,0.835273,0.760920,-0.638564,0.848213,0.753767,-0.649851,-0.402442,0.659743,-0.320064,-0.611136,0.846501,-0.748309,-1.008327,0.915152,-0.679599,0.292157,0.447845,-1.255581,-1.223539,0.479489,-0.395747,0.159184,0.527656,-0.990831,-1.348097,0.667709,-0.900420,1.329459,0.633016,-0.877744,-1.335924,0.354169,-0.372131,-0.907288,0.710076,-0.909493,-0.780529,0.520764,-0.312474,0.140760,0.375219,-0.663525,-1.061668,0.507741,-0.909249,0.519015,0.583835,-1.177575,-1.001854,0.665659,-0.877542,-0.573554,0.054955,-0.318054,-0.461332,0.678508,-0.713504,-0.352157,0.776053,-0.785478,-0.668014,0.774132,-0.487424,-0.626651,0.641386,-0.863324,-1.153290,0.611598,-0.488832,1.262729,0.890486,-0.782694,-0.552515,0.650353,-0.696041,0.003634,0.795589,-0.709559,0.208446,0.692357,-0.545995,-1.114341,0.609921,-0.587837,0.094775,0.555790,-0.710413,0.242750,0.303164,-0.625988,0.291384,0.606859,-0.552689,-0.044296,0.652295,-0.552689,-0.868284,0.875082,-0.563629,-1.191664,1.017565,-0.652266,-0.614361,0.880477,-0.576686,-1.158370,0.669768,-0.557638,-0.716139,0.618354,-0.578618,-0.002653,0.736744,-0.486690,1.568802,0.583677,-0.451288,-0.074817
0.149141,0.437937,-0.055687,-0.231865,-1.198668,0.150403,0.076183,-2.168905,0.115767,-0.066172,0.160017,0.497995,-0.170129,0.087549,-0.152773,0.791985,-0.017459,0.268809,-0.049557,0.393241,1.510920,-0.668259,1.550498,0.561647,-0.766900,1.356219,0.555442,-0.905873,0.489140,0.681086,-0.460472,-0.167511,0.517954,0.000492,0.000492,0.000492,-0.519242,1.686219,-1.494711,-0.880453,-0.798846,0.172732,0.000492,0.000492,0.000492,0.657057,-0.759887,0.041042,0.741711,0.269413,-0.443085,0.572885,-0.024369,0.768316,-0.667623,0.452949,0.152166,0.000492,0.000492,0.000492,0.000492,0.000492,0.000492,0.000492,0.000492,0.000492,0.000492,0.000492,0.000492,0.000492,0.000492,0.000492,0.000492,0.000492,0.000492,-0.074458,1.748221,0.407481,0.349058,1.430531,1.500425,0.088392,0.844904,0.456852,-0.368322,0.736510,0.488286,-0.504040,1.023303,0.232324,-0.448447,1.820391,-0.498659,-0.130961,1.645507,-0.200315,-0.348399,1.780927,-0.179507,-0.738159,1.135045,0.832368,-0.557538,1.609436,0.399373,-0.106559,0.734487,-0.605306,-0.363689,-0.584627,-1.045632,-0.165894,0.013108,-0.732891,-0.041016,0.957923,0.298080,-0.035016,1.139614,-0.677384,-0.678390,-0.083131,-0.946263,-0.056884,0.860289,-0.866835,-0.229725,1.041853,-0.004119,-0.021106,0.171134,-0.579289,-1.225484,1.344627,-0.650820,0.991861,-0.667385,-0.316392,-0.105933,0.073558,0.763845,-0.192657,-0.046334,0.496996,-0.337203,-0.174140,1.042015,-0.365132,-0.340050,1.189183,-0.504286,-0.512782,1.312373,-0.191735,0.034858,0.268439,0.325905,0.145971,0.813113,0.505540,0.204177,0.288158,0.669974,0.288512,0.595691,-0.001302,0.163555,0.677205,0.468509,0.294566,0.365726,-0.002621,0.359675,-1.009574,-0.365681,0.329731,-0.568522,0.129276,0.283187,1.042366,0.539824,0.393736,0.504995,0.129485,0.400635,-0.240630,-0.179946,0.387675,-0.030937,0.310556,0.356557,0.303511,0.527138,0.421115,0.831427,0.245870,0.442884,0.308408,0.049735,0.471871,0.160502,0.461514,0.182178,1.030408,0.159651,0.014003,-0.353815,0.534125,0.134028,0.783350,0.321527,0.108821,0.998607,0.490531,-0.060407,0.749149,0.493667,-0.365710,0.866989,0.740689,-0.405370,-0.924326,0.495995,-0.652148,0.357565,0.502981,-0.491105,-0.243072,0.470641,-0.535319,-0.379770,0.392715,-0.581788,-0.335281,0.283100,0.168804,0.228132,0.638343,-0.727671,0.159621,0.553920,-0.422951,-1.491759,0.432657,0.625801,-0.468522,0.563592,0.110465,-0.321070,0.556037,0.617255,-0.330718,0.340501,-0.124220,-0.424304,0.479685,-0.563850,0.692704,0.718805,-0.789863,0.728572,0.525943,-0.728974,0.570307,0.866963,-0.399048,1.664409,0.583024,-0.212649,0.424317,0.754412,-0.292471,1.128261,0.666409,-0.463971,2.271009,0.627842,-0.644169,0.437888,1.018193,0.199384,-0.044680,0.811224,-0.427427,1.519780,0.706611,-0.082391,0.819026,0.596462,-0.487311,0.268808,0.735817,-0.351411,1.064727,0.838149,-0.618415,0.859035,0.586142,-0.288922,-0.296284,0.473444,-0.296475,-0.499818,1.205323,-0.731283,-0.820625,0.989928,-0.654167,1.410015,0.551833,-0.707728,-1.666390,0.582350,-0.352707,-0.609410,0.866072,-0.424667,0.189101,0.757044,-0.480068,0.905679,0.718770,-0.302545,0.236791,0.990548,-0.325362,-0.869882,0.529798,-0.382219,0.526232,0.595630,-0.265708,1.014711,0.462606,-0.125495,-0.922345,0.891731,-0.477258,-0.384844,0.671499,-0.611738,-1.308522,0.470066,-0.286836,-0.294727,0.869732,-0.306471,-1.044747,0.758406,-0.702132,0.790188,0.576632,-0.366799,-0.566601,0.568753,-0.468333,-1.206799,0.978272,-0.520204,-1.127550,0.684613,-0.471215,1.016487,1.287284,-0.335433,0.210448,0.451146,-0.241144,-0.025329,0.869058,-0.698540,0.379456,0.780995,-0.537432,-1.547852,0.702454,-0.276882,-1.230791,0.636319,-0.700028,1.034462,0.379750,-0.615213,-1.009557,0.700440,-0.535716,-0.982005,0.744136,-0.535716,-1.411380,0.955205,-0.547397,-0.829824,1.430574,-0.634911,-0.023296,0.960122,-0.560256,-0.967571,0.762361,-0.540610,-1.435631,0.711873,-0.561627,-0.997305,0.527997,-0.448561,1.103496,0.944798,-0.411723,0.577948
0.144074,0.430868,-0.106376,-0.227093,-1.170927,0.398390,-0.333653,-0.947007,0.054520,-0.061125,0.162451,0.184032,0.061406,0.179540,-0.020427,0.808050,-0.040631,0.784892,-0.043440,0.410065,1.446317,-0.676774,1.525866,0.732590,-0.178914,0.247755,-0.171086,-0.291209,-0.434047,-0.132375,-0.466850,-0.167511,1.787575,0.000492,0.000492,0.000492,-0.507142,0.365066,-0.999964,-0.862705,-0.798846,2.221942,0.000492,0.000492,0.000492,0.668249,-0.763886,-0.350070,0.740616,0.265619,-0.417278,0.588866,-0.025572,0.664872,-0.668489,0.451889,-0.078927,0.000492,0.000492,0.000492,0.000492,0.000492,0.000492,0.000492,0.000492,0.000492,0.000492,0.000492,0.000492,0.000492,0.000492,0.000492,0.000492,0.000492,0.000492,-0.084233,1.262977,0.190857,0.080723,1.038448,1.169417,0.082098,0.059273,1.175478,-0.373457,1.181579,1.550614,-0.509212,1.319956,0.578070,-0.201774,1.350468,-1.336112,-0.139811,1.607178,-0.173709,-0.632085,1.015661,-0.677008,-0.459955,1.101164,1.054958,-0.313026,1.580931,0.922440,0.100176,1.158408,0.165308,-0.369622,1.172618,-0.002678,-0.414284,1.277791,-0.127269,-0.051986,0.929973,1.066693,-0.042149,1.266340,0.266155,0.420939,1.419251,-0.087088,-0.301242,1.192321,-0.542308,-0.239011,1.351889,0.598131,-0.029156,0.849527,-0.095568,0.127961,-0.017544,-0.216884,-1.237670,0.977546,-0.348324,-0.074228,0.177758,0.535279,-0.308036,0.072263,0.758023,-0.464699,-0.038753,0.871221,-0.469268,-0.221046,1.101825,-0.620952,-0.368316,1.369066,-0.184797,0.181620,0.287917,0.407218,0.274385,0.373786,0.578880,0.344062,-0.241932,0.723467,0.414603,-0.145284,0.085875,0.328101,0.771164,0.513945,0.419690,0.286278,0.045904,0.483661,-1.264086,-0.284242,0.454177,-0.993209,0.193214,0.428056,0.747915,0.536738,0.514772,-0.175214,0.178872,0.515831,-0.484539,-0.124377,0.495372,-0.389860,0.375925,0.498946,-0.288929,0.543438,0.561491,-0.163285,0.311690,0.563093,-0.237987,0.106493,0.601634,-0.287834,0.464972,-0.158587,0.545989,0.433876,0.015656,-0.544359,0.536988,0.135613,0.630485,0.324505,0.398240,1.200667,0.494085,-0.058512,0.102038,0.798536,-0.063347,-0.180304,1.019557,-0.138961,-0.551550,0.781483,-0.357080,-0.518036,0.505878,0.124233,-0.223827,0.473835,-0.112442,-0.880334,0.395969,-0.578678,-0.841684,0.286272,0.172192,0.464112,0.641675,-0.081945,0.376550,0.557843,0.301645,-1.454273,0.436093,0.629693,-0.305836,0.567362,0.893276,-0.119003,0.885906,0.621828,-0.055566,0.343779,-0.554018,-0.621121,0.482705,-0.562159,1.006384,0.722006,-0.788371,0.350738,0.791682,-0.395297,0.194812,0.869796,-0.396845,1.319780,0.585792,-0.210992,0.704089,0.757221,-0.290403,1.598953,0.669293,-0.462296,2.314078,0.630766,-0.642426,0.080106,1.332318,0.201636,0.646555,1.067550,-0.425305,1.480614,0.709326,-0.079751,1.608184,0.599140,-0.183320,-0.271084,0.738519,-0.349414,0.863510,0.840829,-0.260988,-0.259586,0.588670,0.055238,0.364614,0.746189,-0.294129,-0.097900,1.208405,-0.120118,-0.859838,0.992749,-0.209596,1.470216,0.855251,-0.200615,-1.068598,0.887031,-0.350619,-0.324326,0.868904,-0.422435,0.821648,0.759866,-0.478421,0.696746,0.721646,-0.299802,0.689229,0.993351,-0.322466,-0.202047,0.532649,0.102736,1.426700,0.598531,-0.263129,1.360346,0.774288,-0.122936,-0.745323,1.196327,-0.475242,-0.748963,0.985138,-0.091315,-1.188892,0.473138,0.256931,-0.034077,0.872255,-0.304585,-0.530135,0.761179,-0.412508,0.319603,0.579890,-0.364722,-0.062935,0.869036,-0.465918,-0.840388,1.239834,-0.189770,-0.612469,0.687385,-0.468943,0.912962,1.290724,-0.333185,0.114268,0.736377,-0.238847,-0.096600,0.871790,-0.329352,0.384253,1.071558,0.067777,-1.488796,0.705737,0.027330,-1.443977,0.639114,-0.352089,0.419576,0.618211,-0.299708,-1.290830,0.703760,-0.533265,-0.817263,1.045238,-0.533265,-1.241619,1.223886,-0.094745,-0.214357,1.434141,-0.151317,0.348150,1.227201,-0.102083,-0.441514,1.065925,-0.538151,-1.324123,0.715191,-0.559174,-0.842839,0.845975,-0.446708,0.631449,0.947929,-0.409522,0.822423
0.161007,0.438951,-0.486350,-0.227642,-1.185634,0.456078,-0.743724,-0.955333,-0.052119,0.009018,0.189652,0.111282,-0.093230,0.332019,-0.182048,0.805426,0.018225,0.677495,-0.036697,0.406692,1.143153,-0.680880,1.513525,0.498109,-0.765425,0.277260,0.473251,-0.906365,0.468199,0.706736,-0.459717,-0.167511,-0.116838,0.000492,0.000492,0.000492,-0.520613,0.407614,-0.796661,0.551154,-0.798846,0.408548,0.000492,0.000492,0.000492,0.685241,-0.759681,-0.795117,0.748709,0.276213,-0.561779,0.599881,-0.048264,0.663576,-0.664185,0.456495,-0.146221,0.000492,0.000492,0.000492,0.000492,0.000492,0.000492,0.000492,0.000492,0.000492,0.000492,0.000492,0.000492,0.000492,0.000492,0.000492,0.000492,0.000492,0.000492,-0.615477,1.247845,-0.278343,0.075877,1.026372,1.379599,0.077380,0.046975,1.161324,-0.377925,1.166129,1.270050,-0.513897,0.987185,0.922997,-0.207376,1.332695,-0.396566,-0.145489,2.021856,-0.063723,-0.636997,1.736254,-0.868792,-0.748243,1.087595,0.386722,-0.572524,0.678954,-0.136970,-0.544181,0.488684,-1.048496,-0.129387,-0.602826,-1.149256,-0.175129,-0.340064,-0.896778,-0.057692,0.912477,0.024754,-1.027588,-0.665651,-0.859513,-0.687858,-0.100790,-0.969173,0.171291,0.823078,-1.139277,-0.244149,0.346970,-0.327630,-0.034300,-0.084898,-0.681374,-1.234999,1.333681,-0.689482,0.984787,-0.678060,-0.422937,-0.033997,0.272049,0.114869,-0.286127,0.170275,0.494505,-0.461700,0.071513,0.898779,-0.424701,-0.084077,1.283449,-0.675407,-0.252661,1.399140,-0.134516,0.336473,0.130883,0.451528,0.439561,0.679762,0.618203,0.483046,-0.101106,0.758425,0.534313,0.213305,0.104006,0.485912,0.924195,0.575161,0.582621,0.418842,0.058428,0.618120,-1.333462,-0.299321,0.550888,-0.915450,0.226555,0.581254,0.745056,0.563753,0.658714,-0.073297,0.176690,0.640135,-0.410522,-0.125388,0.612760,-0.206144,0.390223,0.648761,-0.360773,0.554952,0.687423,-0.242111,0.338266,0.669242,-0.436596,0.119633,0.695019,-0.646005,0.476788,0.525601,0.413338,0.443441,0.337718,-0.976348,0.546531,0.132996,0.428224,0.335296,0.394768,1.486669,0.505325,0.567005,-0.193528,0.807872,0.532616,-0.339475,1.027135,0.385672,-0.379043,0.788510,0.223746,-0.506740,0.511437,0.424921,-0.251680,0.764505,-0.120406,-1.216862,0.691049,-0.587901,-1.250529,0.553726,0.163012,0.277397,0.644065,-0.732634,0.735023,0.886839,0.294218,-1.416368,0.438558,0.624547,-0.157111,0.883578,0.111146,-0.040326,0.888709,0.621061,0.281608,0.354148,-0.121262,0.015058,0.492021,-0.560467,0.577494,0.730367,-0.439478,-0.028110,0.798912,-0.393590,-0.295329,0.876127,0.113555,1.043199,0.591128,0.179241,1.203635,0.761977,0.193227,2.125298,0.932439,-0.459628,2.100041,0.634567,-0.640344,-0.011879,1.336333,0.203852,0.614381,1.073425,-0.424622,1.406983,0.714970,-0.080194,1.737064,0.604704,-0.184112,-0.473899,0.743905,-0.351076,0.761559,0.846819,-0.263424,-0.289657,0.594557,0.052869,0.488775,0.752214,-0.297625,-0.072559,1.214087,-0.122217,-0.726493,0.997525,-0.212642,1.732807,0.864542,0.303465,0.023426,0.895845,-0.350198,-0.124482,0.875882,0.096963,0.993355,0.767155,-0.091900,-0.086510,0.728732,0.229849,1.185136,1.001295,0.232883,-0.156093,0.537474,0.103158,1.774131,0.603209,-0.262298,1.297933,0.779320,-0.122112,-0.779729,1.200724,-0.079897,-0.837732,0.990202,-0.090862,-1.048461,0.478092,0.257404,0.247216,0.878771,0.055554,-0.223502,0.767376,-0.127574,-0.096895,0.586630,0.032922,-0.014162,0.875680,-0.470310,-0.831152,1.245169,-0.192896,-0.584991,0.692062,-0.473091,0.882793,1.296031,-0.338013,0.594608,0.741702,-0.244165,0.012763,0.876835,-0.334085,0.056235,1.077967,0.063875,-1.509862,0.712539,0.325801,-1.301517,0.645360,-0.356551,-0.027485,0.624089,0.010663,-1.415039,0.710639,-0.538512,-0.879975,1.051889,-0.538512,-1.232948,1.229366,-0.099762,-0.160656,1.439910,-0.156698,0.623500,1.232648,-0.107162,-0.399691,1.072631,-0.543415,-1.321893,0.722066,-0.564426,-1.012640,0.540166,-0.446316,0.085073,1.233549,-0.408813,0.843906
0.161860,0.438951,-0.486841,0.703397,-1.251476,1.249692,0.880258,-3.358209,0.937121,0.008648,0.216535,0.060824,-0.016151,0.393687,-0.043386,0.829365,-0.010279,0.971088,-0.036697,0.393241,1.147583,-0.682063,1.538157,0.752090,-0.768730,0.289891,1.152156,-0.302779,0.469946,0.917986,-0.464972,-0.167511,0.578625,0.000492,0.000492,0.000492,-1.157543,0.410088,0.244086,0.545716,-0.798846,0.714926,0.000492,0.000492,0.000492,0.681214,-0.748932,-0.819041,0.750459,0.283060,-0.575068,0.606278,-0.024077,0.877011,-0.659881,0.451521,-0.416377,0.000492,0.000492,0.000492,0.000492,0.000492,0.000492,0.000492,0.000492,0.000492,0.000492,0.000492,0.000492,0.000492,0.000492,0.000492,0.000492,0.000492,0.000492,-0.616540,0.804296,0.459690,-0.187830,0.676484,1.034633,-0.205711,0.071608,1.271128,-0.660232,1.200950,1.342941,-0.520243,1.335417,0.745958,-0.721493,1.368284,-1.488868,-0.147760,1.631553,0.373539,-0.641254,1.402747,0.611383,-0.754201,1.121518,1.210316,-0.064605,1.598774,0.670559,0.307605,1.169105,0.590744,-0.133137,1.341574,0.001951,-0.423124,1.612799,-0.502765,0.213763,0.947426,1.577352,-0.049475,1.136276,0.476014,0.413977,1.594488,0.459363,-0.070752,1.558699,-0.550977,-0.244740,1.696639,1.343059,0.239310,0.627122,0.446454,0.347352,-0.013162,0.141941,1.131473,-0.670045,0.186370,-0.069010,0.356660,1.440675,-0.256521,0.254354,1.086709,-0.393703,0.155004,0.937565,-0.428006,-0.014246,1.293953,-0.664764,-0.153364,1.469924,-0.119050,0.446661,0.739019,0.494838,0.552123,0.875087,0.629928,0.592902,0.387287,0.812715,0.619700,0.823693,0.067630,0.589806,1.009329,0.598841,0.707669,0.309436,0.041012,0.691629,-0.920196,-0.326664,0.620791,-0.573240,0.236062,0.730875,1.023070,0.611270,0.758073,1.018593,0.184549,0.699379,0.210976,-0.143256,0.697310,0.380911,0.367070,0.778687,0.893578,0.552767,0.744753,0.360382,0.369810,0.724634,0.103432,0.087210,0.753220,0.133537,0.700899,0.512956,0.560241,0.353661,0.330487,-1.189649,0.733333,0.130634,-0.221733,0.547045,0.397244,1.636993,0.739514,0.574057,-0.161452,1.016041,0.542429,-0.183709,0.945159,0.396374,-0.236108,0.708467,0.236850,-0.073146,0.701233,0.438861,0.046395,0.693120,-0.103038,-0.648143,0.623094,-0.569456,-0.757735,0.495780,0.178969,0.379708,0.864188,-0.723786,0.310675,0.819858,0.294218,-1.544849,0.666798,0.612975,-0.524744,0.819462,0.867145,-0.287888,0.821778,0.581099,-0.173281,0.570196,0.285933,1.188527,0.399434,-0.193082,0.635484,0.643105,-0.464230,-0.412889,0.721464,-0.084757,0.074979,1.058137,0.079497,0.956176,0.772802,0.152523,1.203120,0.949202,0.157671,1.444364,0.868640,-0.490056,1.701396,0.834660,-0.265412,0.043956,1.266194,0.169053,0.292283,1.003960,-0.447716,0.572429,0.891961,-0.103257,1.492410,0.779217,-0.195530,-0.049428,0.919647,-0.362265,0.905367,0.778471,-0.269539,-0.719632,0.771453,0.047889,0.604814,0.678752,-0.303435,0.247034,1.416931,-0.126937,-0.974035,1.185561,-0.220619,1.725986,0.771662,0.280503,0.298212,0.804380,-0.375035,0.321564,1.055016,0.070206,0.429848,0.687922,-0.111150,-0.017206,0.910634,0.205722,0.818622,0.919088,0.207584,-0.326357,0.727428,0.077837,1.313515,0.538152,-0.290355,1.529720,0.704121,-0.149947,-0.176549,1.129368,-0.101272,-1.558130,0.914519,-0.118034,-0.633718,0.683833,0.229487,0.581739,0.807530,0.058688,-0.074307,0.945529,-0.127574,-0.509425,0.797067,0.031884,0.620300,0.795040,-0.471510,0.023858,1.176944,0.134722,-0.589060,0.876403,-0.473823,1.057691,1.219693,-0.336535,0.317016,0.669492,-0.240373,0.495566,1.057655,-0.330622,-0.271277,1.000208,0.067250,-1.457430,0.631097,0.329427,-0.936285,0.824920,-0.353286,-0.198410,0.556415,0.012539,-0.914759,0.925358,-0.537311,-0.246649,0.971300,-0.537311,-0.830300,1.159284,-0.098614,-0.387198,1.679260,-0.155050,0.238816,1.162984,-0.106000,-0.583942,0.991383,-0.542210,-0.915354,0.639756,-0.091839,-0.394467,0.760806,-0.468175,0.485542,1.164301,-0.432768,0.140321
0.152967,0.447004,-0.383281,0.712023,-1.254475,1.358279,0.878299,-3.365032,0.934522,-0.062594,0.216164,0.156055,-0.094711,0.393955,0.045762,0.839452,-0.008538,1.425332,-0.029639,0.356138,-0.209700,-0.684125,1.529980,0.584802,-0.769641,0.277260,0.487972,-0.918915,0.464706,0.986607,-0.481481,-0.167511,-0.343414,0.000492,0.000492,0.000492,-0.515001,0.395090,-0.769972,-0.861848,-0.798846,1.135982,0.000492,0.000492,0.000492,0.678526,-0.744303,-0.650120,0.739521,0.274733,-0.431678,0.608403,-0.036617,1.179183,-0.646996,0.441248,-0.827659,0.000492,0.000492,0.000492,0.000492,0.000492,0.000492,0.000492,0.000492,0.000492,0.000492,0.000492,0.000492,0.000492,0.000492,0.000492,0.000492,0.000492,0.000492,-0.619937,1.262977,-0.626177,-0.714818,1.792496,-0.711323,-1.047551,1.978635,-1.903857,-0.668269,2.160826,-1.573965,-0.237871,1.655309,-1.042896,-0.467140,0.930431,-2.323508,-0.433419,0.774291,-0.907432,-0.924695,0.670232,0.708709,-0.761992,1.124910,0.508877,0.186685,1.160275,0.331888,0.303984,1.393535,0.693936,-0.383646,1.504041,0.112022,-0.916187,1.615398,-0.984307,0.210910,0.950925,1.422463,0.191196,1.275228,0.802307,0.409161,1.428753,0.496510,-0.314722,1.913616,-0.415763,-0.247707,2.028045,1.525289,-0.042786,1.787670,0.299533,0.115888,0.349448,1.184353,-1.097699,1.423253,0.082081,-0.132009,0.366522,1.653921,-0.221628,0.261828,1.270414,-0.326526,0.151730,0.963308,-0.377772,0.005045,1.262117,-0.601479,-0.127598,1.436760,-0.046392,0.486249,1.104723,0.539925,0.591752,1.011684,0.692320,0.598835,0.610868,0.874714,0.664985,0.955934,0.108171,0.622610,1.276152,0.682111,0.732751,0.295815,0.182965,0.708616,-1.165015,-0.167951,0.662990,-0.691887,0.257630,0.749370,0.826927,0.621509,0.800793,0.914825,0.257552,0.734248,0.052121,-0.076251,0.707387,0.216466,0.323104,0.790594,0.779059,0.514830,0.788222,0.210929,0.361448,0.744087,0.177478,0.077023,0.764883,0.021589,0.703501,1.196857,0.377392,0.627422,1.300262,-1.675705,0.735478,0.432623,-0.870888,0.549462,0.682446,1.478678,0.741888,0.885725,-0.223700,1.017602,0.839371,-0.388490,1.222128,0.392727,-0.246502,0.709198,0.526135,-0.112917,0.701450,0.434657,0.310801,0.692881,-0.108475,-0.945536,0.622078,-0.064317,-1.145069,0.494421,0.735716,0.514520,0.862517,-0.087469,0.203146,0.817897,0.287420,-1.576317,0.664834,1.355103,-0.322492,0.817314,0.863167,0.161703,0.819818,0.578030,-0.088760,0.572386,0.284816,1.293596,0.401440,-0.193412,0.165384,0.644585,-0.117133,-0.613693,0.722364,-0.085047,-0.019895,1.058785,0.079071,0.862279,0.773011,0.152198,0.871179,0.949202,0.157671,1.248818,0.868206,-0.489729,1.623123,0.833755,-0.265412,-0.024512,1.575524,0.168617,0.324319,1.004386,-0.448428,0.496545,0.892166,-0.105029,1.551754,0.779418,0.105850,-0.141648,0.920069,0.019078,0.825057,0.779085,-0.271988,-0.257011,0.772087,0.045531,0.376087,0.679224,-0.306900,0.369635,1.417163,-0.129025,-0.837977,1.185561,-0.223680,1.775898,0.472884,0.278739,0.668222,0.504105,-0.376265,0.344491,0.801919,0.068881,0.239866,0.688869,-0.112149,-0.175408,0.911518,0.203869,0.794876,0.648426,0.205661,-0.529796,0.727428,0.076605,1.515274,0.797255,-0.291635,1.587450,0.703323,-0.151217,-0.289083,1.128569,-0.102280,-1.485993,0.913977,0.399309,-0.729474,0.683583,0.228106,0.603385,0.808368,0.055248,0.201548,0.946163,-0.130291,-0.216646,0.797566,0.028432,-0.049726,0.795559,-0.475496,-0.343709,1.177161,0.131895,-0.643101,0.876195,-0.477575,1.177566,1.219154,-0.340609,0.081897,0.669256,-0.244535,0.648134,1.057655,-0.334085,-0.430414,1.288050,0.064402,-1.482454,0.925347,0.326319,-1.399919,0.825559,-0.010692,-0.267698,0.321194,0.323458,-0.184705,0.925856,-0.541357,-0.322997,0.971550,-0.541357,-0.951680,1.159507,-0.102483,-0.327257,1.678992,-0.159591,1.473318,1.163206,-0.109916,-0.519649,0.991634,-0.546269,-1.109133,0.937142,-0.096285,-0.484376,0.762159,-0.038330,0.139664,1.163829,-0.433507,0.065010
0.159301,0.446481,-0.563612,0.674407,-1.190978,0.848140,-0.340941,-1.548422,-0.130798,-0.065431,0.189176,0.303814,-0.171910,0.332054,-0.095559,0.821880,0.075231,0.484176,-0.038304,0.386495,0.512391,-0.683533,1.525866,0.585855,-0.764506,1.349890,0.621982,-0.911164,0.478659,1.048291,-0.464972,-0.167511,-0.776391,0.000492,0.000492,0.000492,-0.508018,1.688723,-0.373230,0.547150,-0.798846,1.353907,0.000492,0.000492,0.000492,0.678526,0.319991,-0.856390,0.745210,0.272420,-0.485228,0.611244,-0.044381,1.005387,-0.640987,0.444795,-0.932585,0.000492,0.000492,0.000492,0.000492,0.000492,0.000492,0.000492,0.000492,0.000492,0.000492,0.000492,0.000492,0.000492,0.000492,0.000492,0.000492,0.000492,0.000492,-0.617824,0.792912,-0.713018,-0.971364,1.038448,-0.591190,-1.041490,2.351443,-0.654269,-0.661349,1.669265,-1.480241,-0.521418,1.325120,-0.837222,-0.208617,0.916178,-2.122459,-0.429791,1.189012,-0.956014,-0.919114,0.286090,0.841974,-1.038797,1.111341,0.636555,-0.065846,0.703934,-0.082318,0.093282,1.163757,0.316103,-0.378702,1.337671,-0.221558,-0.667400,1.605001,-1.189697,0.212451,0.936929,0.900828,-0.050467,1.131825,0.522534,0.413083,1.421971,0.020070,-0.071716,1.550104,-0.425655,-0.245934,1.688613,0.391512,-0.038543,1.316739,0.067124,0.119909,0.075117,0.852817,-1.094817,1.640329,-0.330667,-0.231888,0.299883,0.899505,-0.282864,0.158963,0.985951,-0.246159,0.048966,1.048819,-0.297306,-0.046581,1.257792,-0.468864,-0.208225,1.387655,0.101862,0.388294,0.634098,0.603632,0.528820,0.320865,0.715746,0.547355,0.285142,0.876883,0.611914,0.603647,0.203276,0.537609,0.744706,0.702743,0.703513,-0.428828,0.649905,0.648145,-0.277884,0.334780,0.556208,-0.976177,0.306993,0.675874,0.874478,0.618033,0.784937,0.441326,0.509652,0.698995,-0.827393,0.239477,0.625179,-0.777864,0.347282,0.733816,0.100853,0.514956,0.758838,-0.232800,0.438871,0.725868,-0.118088,0.215311,0.714544,-0.617845,0.636663,1.084155,0.264747,0.847089,0.883651,-1.633529,0.961645,0.663226,-0.118558,0.491671,0.624813,1.230093,0.683858,0.518810,-0.333728,0.976378,0.499562,-0.743580,1.471611,0.363844,-0.400810,0.975519,-0.090475,-0.846761,0.698128,0.097876,-0.634920,0.989190,-0.152878,-1.089042,0.646071,-0.126267,-0.597099,0.527596,-0.474148,-0.147530,0.905961,-0.205027,1.003612,0.871970,0.125274,-1.352540,0.713584,0.405618,-0.579625,0.870119,0.618751,-0.404663,0.873850,1.143752,-0.396014,0.518852,0.549585,0.701446,0.356662,-0.356991,0.487228,0.609190,-0.613330,0.239793,0.698211,-0.559998,0.550635,1.043076,-0.133126,1.115904,0.769401,-0.012358,0.425435,0.953315,-0.052725,0.700640,0.880640,-0.274257,1.794639,0.592811,-0.444344,0.181087,1.297661,0.471233,-0.149870,0.996118,-0.197877,1.049272,0.884845,0.221470,1.098019,0.772200,-0.297907,0.006986,0.913213,-0.098482,1.077377,0.764012,-0.370049,0.354201,0.760708,-0.045661,-0.233140,0.941993,0.025891,-0.228819,1.416228,-0.517095,-0.744884,1.189692,0.097009,1.335009,0.733468,0.098003,-0.263352,0.770192,-0.073347,0.084643,0.777912,-0.124623,-0.210645,0.667948,-0.254138,0.705315,0.887817,0.013964,-0.057668,0.889431,0.007953,-0.717756,0.731601,-0.104268,0.716168,0.806176,0.012071,1.043342,1.028237,0.150089,-1.106839,1.452313,-0.253641,-0.168502,0.930501,0.206078,-1.390650,0.693030,0.026213,-0.225335,1.033447,-0.018661,-0.185900,0.930787,-0.195104,0.532679,0.784799,-0.065366,-0.531881,1.085378,-0.119028,-1.146888,1.176284,0.054788,-1.101410,0.880872,-0.141354,1.178089,1.232678,-0.000897,-0.151521,0.674580,0.108101,-0.246173,1.057861,-0.406912,0.700147,1.282123,-0.296122,-1.399390,0.913004,-0.034506,-1.803818,0.810062,-0.425186,0.865810,0.540414,-0.055675,-0.703805,0.913374,-0.172290,-0.986778,1.262928,-0.172290,-1.512981,1.158606,-0.200645,-0.662414,1.688596,-0.263319,1.174951,1.427117,-0.209275,-0.817596,1.285396,-0.176025,-1.647459,0.924668,-0.197835,-1.084913,0.728899,-0.197535,0.811585,1.176609,-0.173619,0.715894
0.158474,0.445989,-0.537914,0.671831,-1.195322,0.641776,0.064661,-1.560789,-0.160758,-0.142161,0.188382,0.254922,-0.327069,0.179196,0.215283,0.844313,0.014634,0.655224,-0.054046,0.396573,0.788114,-0.675896,1.534094,0.531790,-0.177091,0.268823,0.525802,-0.284074,0.457718,0.406905,-0.503990,-0.167511,0.514411,0.000492,0.000492,0.000492,0.131029,0.390081,0.125781,0.547727,-0.798846,1.346619,0.000492,0.000492,0.000492,0.677188,-0.742619,-0.700894,0.744769,0.278480,-0.499726,0.604858,-0.038112,1.021601,1.440459,0.448688,-1.203820,0.000492,0.000492,0.000492,0.000492,0.000492,0.000492,0.000492,0.000492,0.000492,0.000492,0.000492,0.000492,0.000492,0.000492,0.000492,0.000492,0.000492,0.000492,-0.343801,0.330435,-0.980633,-0.438680,1.044450,-0.895988,-1.029134,2.357611,-1.253412,-0.649077,1.673140,-0.746983,-0.508510,1.330284,-0.589208,-0.198035,0.478324,-1.791833,-0.417991,0.760338,-0.691825,-0.907258,0.289071,0.705947,-0.742732,1.114733,0.861141,0.452749,0.269004,0.336258,0.315708,1.165540,1.006443,-0.368235,1.338972,0.480981,-0.656581,1.607600,-0.170738,0.223635,0.940428,1.122613,-0.040166,1.132938,1.192024,0.422552,1.591769,0.623059,-0.299890,1.555834,0.313506,-0.235852,1.359883,0.715392,-0.026918,1.086851,0.773489,0.129613,0.075848,1.640412,-1.088468,1.421483,0.385221,-0.436055,0.232338,0.752558,-0.460591,0.060483,0.593588,-0.202938,-0.074928,0.820687,-0.159014,-0.146135,1.274254,-0.248685,-0.281211,1.549982,0.051932,0.260547,0.568847,0.590227,0.358753,-1.304309,0.680693,0.380967,-1.548571,0.693148,0.407329,-2.294210,0.241183,0.341010,0.504662,0.674064,0.296012,-0.913573,0.879866,0.226032,-0.076782,1.077697,0.243738,1.071624,0.327263,0.384258,-1.062551,0.746708,0.420785,-0.742751,0.927963,0.404790,0.206127,0.893935,0.312664,-0.190458,0.381101,0.413804,-0.166158,0.729074,0.518113,0.082366,0.807522,0.479915,0.357106,0.775036,0.391266,0.200721,0.685355,1.450245,0.128078,0.892794,1.924334,-1.023816,1.013415,1.374122,-1.232908,0.552166,0.754179,0.893118,1.114037,1.331443,-0.141463,1.076971,1.001259,-0.229289,1.597895,0.556304,-0.233838,1.138031,0.425079,-0.601343,0.882355,0.331375,-0.359182,0.948227,-0.266635,-0.730159,0.936902,-0.288343,-0.279541,0.826404,-0.696358,-0.121653,0.965900,-0.530664,0.512093,0.623124,-0.333217,-1.197533,0.787199,-0.170869,-1.232417,0.632815,0.702457,-0.750521,0.625190,0.238603,0.004567,0.595057,0.063791,1.294384,0.440691,-0.438106,-0.151928,0.716355,0.000953,-0.751116,0.821485,-0.307099,-0.312089,1.186456,-0.240984,0.675995,0.944463,-0.101501,0.995600,0.900729,-0.182942,0.557455,0.851087,-0.783837,0.703437,0.851271,-0.558527,-0.194039,1.004326,-0.162585,-0.834814,1.161632,-0.242998,-0.088782,1.045092,-0.300924,1.269951,0.930203,0.019595,-0.183303,0.830011,-0.437359,0.641760,0.898019,-0.292461,-0.276782,0.910441,0.039355,0.223401,0.850701,-0.311151,0.445049,1.342617,-0.139232,-1.199150,1.136878,-0.252158,0.895692,0.837193,0.083700,0.607163,0.584680,-0.106857,0.239946,0.895521,-0.164278,-0.026860,0.809236,-0.276683,-0.210710,1.008784,-0.001065,0.274802,0.725254,-0.004444,-0.510771,0.936031,-0.144088,0.634506,0.765851,-0.545165,1.640487,0.998584,-0.402744,0.336775,1.139174,-0.295382,-1.592242,0.900662,-0.356191,-0.399025,0.927093,-0.015161,0.294733,0.663577,0.142919,0.195792,1.071129,-0.088002,-0.891837,0.964458,0.074657,0.171134,0.986654,-0.422114,0.060583,1.107172,-0.164076,-0.971138,0.830627,-0.423979,1.213238,1.504897,-0.260148,0.002810,0.901653,-0.138497,0.337234,1.242253,-0.240118,-0.083746,1.190050,-0.155393,-1.641820,1.095802,0.108636,-1.192474,0.951512,-0.267991,-0.017790,0.428578,0.077791,-0.386249,0.798865,-0.457672,-0.206698,1.165466,-0.457672,-0.924733,1.355374,-0.476272,-0.948257,1.957622,-0.555114,0.361434,1.357906,-0.488264,-1.037072,1.187136,-0.462317,-0.932585,0.810234,-0.483505,-0.259895,0.863557,-0.224938,0.090439,1.142844,-0.646548,-0.187645
0.165660,0.453550,-0.690962,0.677522,0.520746,-0.034820,0.477868,0.230507,-0.129326,-0.289007,0.160123,0.231798,-0.485205,0.026536,-0.084002,0.844313,0.043246,0.603446,-0.047302,0.410065,0.917320,-0.660909,-0.491997,0.393029,-0.175491,1.354109,-0.336066,-0.291209,0.494381,0.033611,-0.425199,-0.167511,0.373864,0.000492,0.000492,0.000492,0.142634,1.688723,-1.175570,0.548007,-0.798846,1.824929,0.000492,0.000492,0.000492,0.677639,-0.748508,-0.684987,0.752208,0.264879,-0.452749,0.594547,-0.044673,1.030181,1.448647,0.440902,-1.433743,0.000492,0.000492,0.000492,0.000492,0.000492,0.000492,0.000492,0.000492,0.000492,0.000492,0.000492,0.000492,0.000492,0.000492,0.000492,0.000492,0.000492,0.000492,-0.076804,0.830858,0.137588,-0.584642,0.501558,0.266211,-0.815925,1.590483,-0.346890,-0.401135,1.994421,0.088117,-0.247727,0.525469,-0.204411,-0.484781,-0.123312,-1.113701,-0.344704,0.321242,0.242691,-0.735589,0.705963,1.494386,-0.501900,1.697627,1.361409,-0.076522,0.539911,0.484919,0.161383,0.527865,0.314923,-0.212552,1.388363,-0.686081,0.012546,0.880491,-0.952170,-0.079417,1.230597,0.445201,0.047787,1.293018,0.381114,0.534302,1.332313,-0.421705,0.313002,1.830600,-0.900468,-0.240000,0.338945,0.223952,0.077019,0.972854,0.455478,0.021286,0.644211,0.474247,-1.144797,1.380553,-0.637694,-0.581927,0.103601,1.256001,-0.627529,-0.018942,0.508500,-0.458893,-0.156744,0.348456,-0.082992,-0.201787,0.312125,-0.051653,-0.284987,0.988832,-0.221900,-0.033201,-1.283649,-0.249235,-0.062225,-2.111030,-0.297123,-0.097638,-2.194165,-0.397385,-0.091131,-2.456977,-0.000243,0.019140,-1.340327,0.556860,0.045633,-0.523427,0.899784,0.074815,-0.325048,0.918638,0.122422,-0.013262,0.280263,0.109819,-1.820893,0.822978,0.267673,-1.007889,1.025145,0.256230,-0.050049,1.027551,0.234532,0.035292,0.353170,0.241207,-1.880651,0.674561,0.391392,-1.036090,0.762684,0.359398,-0.327738,0.715207,0.300900,-0.247777,0.780994,1.596200,-0.947465,0.978836,1.466838,-1.479071,0.826137,0.686227,-0.592036,0.662089,0.735146,0.492002,0.909157,0.723247,-0.385823,0.934119,0.154584,-0.587546,1.794316,0.100601,-0.594468,1.097763,-0.365631,-0.183073,0.893256,-0.493207,0.275704,1.017885,-0.131573,-0.748043,1.064088,-0.157438,0.226364,0.989109,-1.183881,1.281124,1.170256,-0.531741,0.751617,0.542152,-1.193926,0.791113,0.722931,-1.202507,-0.336870,0.557399,-1.298453,-0.711026,0.544278,-0.392708,0.035484,0.726698,0.136475,0.210794,0.580831,-0.416143,-0.430697,0.597138,-0.346739,-0.655798,0.745847,-0.304823,-0.160877,0.887689,-0.733049,0.835517,0.952984,-0.487374,0.074576,0.939893,-0.688051,0.022073,0.924427,-0.815612,0.792475,0.961299,-0.578727,-0.481729,0.849400,-0.142062,-0.666264,1.151822,-0.582097,0.121956,1.037780,-0.150305,1.086937,0.922993,-0.473525,0.044067,0.822759,-0.246018,1.136436,0.857758,-0.066084,-0.321509,0.887279,0.270850,-0.284612,0.844666,-0.003130,-0.421212,1.363199,-0.247908,-1.359184,1.176212,0.025197,0.503663,0.699673,0.233661,-0.671192,0.770192,-0.480549,-0.236558,1.078578,-0.043463,0.133064,0.748110,-0.569976,0.517585,0.934561,0.156504,0.146055,1.173406,-0.399859,-0.662935,0.977758,-0.526174,0.132571,0.824888,-0.461792,1.296759,0.780387,-0.320029,-0.067129,0.950420,-0.620472,-0.644438,0.996328,-0.239567,-0.685706,0.991974,-0.439405,-0.098501,0.849560,0.115687,-0.999505,1.031407,-0.429818,0.578332,0.939188,-0.006735,-0.532499,0.982315,-0.044966,-1.208113,1.126496,-0.570467,-1.225507,0.871076,-0.065627,0.941478,1.276412,-0.316510,-0.189955,0.950118,-0.171434,-0.490643,1.266457,-0.261259,0.978846,1.190784,-0.474702,-1.009228,1.072851,-0.516382,-0.582881,0.911476,-0.287916,1.457616,0.859105,-0.272200,-1.001511,1.075030,-0.044575,-1.553787,1.163935,-0.044575,-1.688370,1.377518,-0.084694,-1.215005,1.377540,-0.132734,-0.779238,1.379917,-0.091910,-1.265436,1.185594,-0.047903,-1.760102,0.784498,-0.069991,-1.510771,0.755129,-0.555928,0.315745,1.220288,-0.572157,0.078145
0.165247,0.450016,-0.685778,-0.231495,0.545141,-0.839390,0.469248,0.251771,-0.563500,-0.512312,0.105828,-0.106484,-0.798501,-0.065303,0.185454,0.832354,0.032476,0.167517,-0.040559,0.420184,1.559370,-0.663257,1.505298,0.540374,0.415807,0.283589,-0.122530,-0.273243,0.494381,-0.054521,-0.440586,2.128528,-0.725079,0.000492,0.000492,0.000492,0.779312,0.390081,1.038350,0.565196,-0.798846,0.105749,0.000492,0.000492,0.000492,0.674063,-0.755670,-0.661514,0.749591,0.271680,-0.465847,0.589582,-0.053331,0.757109,1.443897,0.434868,-1.533473,0.000492,0.000492,0.000492,0.000492,0.000492,0.000492,0.000492,0.000492,0.000492,0.000492,0.000492,0.000492,0.000492,0.000492,0.000492,0.000492,0.000492,0.000492,-0.072124,0.773985,0.305178,-0.426892,1.020334,0.316639,-0.735937,2.323726,-0.237015,-0.633004,1.630570,-0.757359,-0.201252,0.979439,-0.556957,-0.190558,0.439171,-1.511490,-0.406649,-0.149206,0.054991,-0.893177,-0.118880,2.194030,-0.443004,0.653837,-0.353858,0.460356,0.226225,0.963042,0.324327,1.142383,1.975424,-0.111203,1.322075,1.652895,-0.156850,1.579038,0.468662,0.231537,0.468518,1.896419,0.215557,1.118486,1.863991,0.432903,1.743907,1.635748,-0.287950,1.876406,0.982452,-0.227952,1.333163,1.974095,0.261891,1.296161,1.468155,0.140223,-0.023377,3.275838,-0.784432,1.631435,1.371406,-0.755668,-0.046658,0.766347,-0.796259,-0.175458,0.534691,-0.414301,-0.290730,0.904038,-0.065097,-0.206994,1.148891,0.139080,-0.197348,1.270090,-0.056671,-0.136706,-1.362167,0.502449,-0.012361,-0.051390,0.699430,0.057255,-1.210605,0.621051,0.117035,-1.817806,0.194532,0.009586,-0.198540,0.615936,0.190412,-1.246130,0.834887,0.253659,-1.328261,0.817656,0.278760,-1.633438,0.146896,0.183285,-0.419517,0.630149,0.206581,-1.638389,0.567230,0.318515,-2.113466,-0.094689,0.320696,-1.744248,0.012061,0.286435,-0.760621,0.140739,0.408690,-2.072335,0.127323,0.353831,-1.924459,0.562213,0.208834,-1.504120,0.565218,0.562386,-1.617746,0.803242,0.484287,-1.409135,0.646014,0.375887,0.334327,0.457638,0.436336,-0.023142,0.682967,0.071197,0.066158,0.732427,-0.165347,-0.224854,1.324956,0.085585,-1.060396,0.899839,-0.085431,-0.418638,0.707018,-0.200432,-0.350301,1.096876,-0.156846,-1.208946,0.843957,-0.184677,-0.206917,0.784131,-1.207580,0.846046,0.951814,-0.549414,1.457066,0.947366,-1.201354,-0.147650,0.787199,-1.196760,-0.290108,0.628233,-0.486868,-1.103682,0.617932,-0.355755,-0.484370,0.840868,0.159833,-1.000271,0.981380,-0.390466,-0.392088,0.694972,-0.322290,-0.796946,0.832326,-0.281420,-0.459457,0.968429,-0.183333,1.216615,0.774720,-0.460344,0.273623,1.011757,-0.652091,0.783321,0.995108,-0.785171,1.294615,0.763692,-0.959565,-0.198432,0.612065,-0.635269,-1.385384,1.229138,-0.560398,1.285407,0.864551,-0.129385,1.873454,0.752190,-0.156298,-0.046591,0.896210,-0.237790,1.065983,0.934146,-0.424431,0.952596,0.714384,-0.423060,-0.504404,0.926463,-0.001571,-0.876244,1.443918,-0.555579,-0.543998,1.248387,-0.419730,1.143112,0.803651,-0.257827,-0.723920,0.872525,-0.457395,-0.473445,0.904248,-0.018520,0.681955,0.836269,-0.552062,0.555893,0.757536,0.178389,0.633831,0.988923,-0.376911,0.018566,1.050438,-0.502525,1.065753,0.897070,-0.434999,1.181009,0.864067,-0.293448,-0.924281,1.335441,-0.599761,-0.516291,1.080262,-0.740843,-1.379727,0.789286,-0.412889,-0.467652,0.929207,0.108182,-0.668811,0.857722,-0.432797,1.470345,1.029517,-0.417851,-1.061413,1.072111,-0.049342,-1.646823,1.202281,-0.238344,-1.099077,0.941528,-0.070126,1.086567,1.361238,0.115178,0.214628,0.743635,-0.180512,-0.469365,1.089011,-0.269777,1.243005,1.568981,-0.481705,-0.898054,0.865338,-0.523401,-1.487228,0.990918,-0.295943,1.471907,0.455519,-0.277862,-0.570237,0.865167,-0.051861,-2.000828,1.253466,-0.051861,-1.830129,1.455356,-0.091269,-0.726066,1.792483,-0.140184,0.951507,1.457291,-0.098565,-0.813422,1.275857,-0.055212,-2.010487,0.876493,-0.077285,-2.162508,0.860586,-0.535560,0.235919,1.297221,-0.549649,1.463999
0.151261,0.450507,-0.733029,0.686516,0.578878,-0.901056,0.895150,0.257204,-0.070262,-0.586718,0.022586,-0.146865,-0.878617,-0.217893,-0.000579,0.778520,0.027145,-0.505254,-0.030600,0.433676,1.326398,-0.673243,1.509412,0.794078,0.410443,1.373068,0.010615,-0.283334,1.387893,-0.001573,-0.411323,-0.167511,0.283473,0.000492,0.000492,0.000492,0.774317,1.688723,0.875525,-0.861848,1.315531,-0.039565,0.000492,0.000492,0.000492,0.665110,-0.756943,-0.883025,0.740830,0.259559,-0.461788,0.580691,-0.048264,0.660810,1.442191,0.440535,-1.667790,0.000492,0.000492,0.000492,0.000492,0.000492,0.000492,0.000492,0.000492,0.000492,0.000492,0.000492,0.000492,0.000492,0.000492,0.000492,0.000492,0.000492,0.000492,-0.084026,1.717911,0.120431,-0.177507,1.394338,-0.129646,-0.469466,2.326772,-0.595945,-0.367886,1.150632,-0.426421,-0.212756,0.659579,-1.504590,0.054455,0.439171,-1.266223,-0.418905,-0.149206,-0.589075,-0.904802,-0.488119,-0.191590,-0.170996,0.653837,-0.490728,-0.059267,0.226225,-0.428568,-0.538487,-0.181039,-0.482215,-0.121477,-0.446864,-0.326727,0.319505,-0.669874,-0.805643,0.219027,0.468518,0.034547,-0.285190,-0.668989,-0.459295,0.202614,0.063586,-0.411300,0.416988,0.107512,-0.574573,-0.239011,0.010214,-0.493710,-0.026700,0.139355,-0.563091,-1.001347,1.240290,-0.797646,0.840618,-0.680721,-0.658943,-0.866997,-0.202522,0.029996,-0.855617,-0.301811,0.059548,-0.459534,-0.356675,-0.610181,-0.160528,-0.250401,-1.112198,-0.225664,-0.029686,-1.203765,-0.256404,-0.287542,0.213107,0.166124,-0.165020,-0.062929,0.347925,-0.129666,-0.502091,0.530003,-0.070886,-0.707915,-0.055165,-0.193309,-0.473344,0.367899,-0.003655,-0.580867,0.675884,0.040210,-1.033398,0.726641,0.110892,-1.316490,-0.023678,-0.127822,-1.046119,0.230599,0.006660,-1.492760,0.312052,0.105278,-1.687515,0.366115,0.136924,-1.143526,0.025393,-0.079668,-0.710919,0.148573,-0.007177,-0.179742,0.293546,0.036717,0.131959,0.447915,0.048237,0.122578,0.426372,0.901702,-0.452083,0.968114,0.483178,-1.440802,0.815158,0.382153,0.571130,0.649925,0.448938,0.085919,0.896436,0.090964,0.298645,0.924267,-0.141328,0.103071,1.506443,-0.697959,-0.956134,0.804518,-0.355296,0.811280,0.889254,-0.170408,0.432121,1.015190,0.310435,0.264911,0.767747,-0.140315,0.521059,0.989784,-1.166920,1.145964,1.172160,-0.515730,0.966796,0.876189,-1.180330,0.740642,0.725395,-1.952993,0.034339,0.559821,-2.085324,-0.651530,0.546785,-0.391204,-0.198756,0.391845,-0.303328,-0.924955,0.570512,-0.818680,0.548242,0.879319,-0.349421,-0.229417,0.738846,-0.645049,0.078491,0.882006,-0.736549,1.018305,0.948941,-0.490389,0.361012,0.936872,-0.203176,0.274456,0.922419,-0.819628,0.518591,0.960413,-0.994368,-0.833846,0.849400,-0.674100,-1.038153,1.147250,-0.582781,0.436321,1.033388,-0.149419,1.227651,0.918662,-0.471982,0.307197,0.818403,-0.243043,1.197929,0.852381,-0.423200,0.587519,0.882437,-0.420402,-0.587850,0.839801,0.003468,-0.511938,1.078932,-0.553736,-1.114070,1.173178,-0.418957,0.524522,0.384896,-0.278197,0.044846,0.454631,-0.480549,0.341825,0.813478,-0.571332,-0.394747,0.741289,-0.569976,0.625306,0.927691,-0.381320,-0.226986,0.612687,-0.398887,-0.533060,0.974685,-0.526579,0.230171,0.822213,-0.463055,1.501299,1.091272,-0.321283,-0.067191,0.948883,-0.621480,-0.328801,0.993932,-0.240002,-0.818031,0.989382,-0.439860,-0.167403,1.092084,0.124136,-0.948646,1.025852,-0.424384,1.012771,0.933446,-0.407495,-0.733284,0.977218,-0.036604,-0.709857,1.122499,-0.230450,-1.216603,0.868097,-0.057391,1.362179,0.960201,0.131113,0.450722,0.946726,-0.161215,0.196614,1.013872,-0.253049,0.633115,1.185841,-0.467721,-1.001203,1.067055,-0.509385,-0.803692,0.905878,-0.280178,1.492555,0.613751,-0.265475,-0.443645,1.069168,-0.034887,-1.138302,1.158564,-0.034887,-1.323402,1.103358,-0.075792,-1.282536,1.374231,-0.122829,-0.666545,1.107391,-0.082899,-1.263035,1.180179,-0.038184,-1.359158,1.080359,-0.060294,-1.305908,0.746206,-0.555928,0.605755,1.218109,-0.572866,0.477955
0.155914,0.447004,-0.701493,0.688354,0.623997,-0.901202,0.885432,0.857813,-0.296429,-0.660141,-0.059438,0.176918,-0.956009,-0.280016,0.300596,0.778885,-0.022789,0.115624,-0.037344,0.399946,1.033670,-0.667972,1.505298,0.736525,0.430168,0.264604,-1.393086,0.364674,0.476912,-1.198754,-0.434953,-0.167511,-0.309405,0.000492,0.000492,0.000492,0.778810,-0.901047,-1.245543,0.557467,-0.798846,-0.599606,0.000492,0.000492,0.000492,0.660646,-0.752095,-0.524527,0.739734,0.264093,-0.469422,0.575368,-0.047662,0.603380,1.439173,0.450461,-1.428995,0.000492,0.000492,0.000492,0.000492,0.000492,0.000492,0.000492,0.000492,0.000492,0.000492,0.000492,0.000492,0.000492,0.000492,0.000492,0.000492,0.000492,0.000492,-0.077219,0.770191,-0.023965,-0.433204,0.646329,-0.931070,-0.743575,1.944750,-0.828208,-0.364753,1.154506,-0.265774,-0.209461,0.025021,-1.257965,0.061716,0.001274,-1.282281,-0.132097,-0.142229,-0.220452,-0.623817,-0.112919,0.000090,0.116131,0.660622,0.635132,-0.052501,-0.208748,0.061227,-0.534183,-0.177474,-0.255046,-0.362110,-0.123231,-0.324598,-0.163531,-0.345263,-0.232185,-0.044967,0.472017,0.058972,-0.280439,-0.667876,-0.257282,0.206537,0.233384,-0.688073,0.182643,0.110377,-0.426302,-0.232692,-0.318517,-0.498641,-0.021338,0.372961,-0.435044,-0.997684,1.151281,-0.683071,0.546771,-0.569516,-1.029245,-1.053144,-0.281323,0.046369,-1.013933,-0.415364,-0.630601,-0.562164,-0.428275,-1.145198,-0.350470,-0.322218,-1.322063,-0.467397,-0.089691,-1.212486,-0.530088,-0.418104,-0.130819,0.056592,-0.333713,0.060714,0.288162,-0.278972,-0.259994,0.391936,-0.229554,-0.789629,-0.385685,-0.262441,-0.521225,0.119618,-0.135972,-0.742523,0.591660,-0.096163,-1.621536,0.588626,-0.067055,-1.712353,-0.273842,-0.109464,-0.151553,-0.098210,0.047135,-1.470823,0.042799,0.038317,-0.702512,0.176536,-0.037386,0.343079,-0.253278,-0.018374,-0.267655,-0.225885,0.099059,-0.639101,-0.155070,0.055689,-0.217645,-0.134673,0.007263,-0.262585,0.418014,0.210749,-0.046962,0.685719,0.161410,-0.932149,0.808722,0.080952,0.960284,0.642639,0.165729,-0.536620,0.889328,0.102886,0.051285,0.919341,-0.434656,0.685907,0.942306,-0.686350,-0.815207,0.802584,-0.341967,0.982480,0.625588,-0.156168,0.883128,0.726238,0.329536,1.226721,0.770757,-0.118367,0.928412,0.994102,-1.144679,0.611706,0.895226,-0.492555,0.653598,0.551389,-1.159307,1.143142,0.731557,-1.935021,0.073260,0.566277,-2.071264,-0.306325,0.553508,-1.272229,-0.229011,0.385022,0.139825,-0.160597,0.565229,-0.416143,0.153136,0.874888,-0.347637,-0.296809,0.735916,-0.305682,-0.022004,1.138441,-0.216982,0.873926,0.948732,-0.093148,0.519951,0.937295,-0.201528,0.065692,0.923984,-0.818961,0.286504,0.963099,-0.993320,-0.766923,0.853394,-0.670994,-0.912046,1.146160,-0.578937,0.407545,1.032536,-0.142458,1.055345,0.917823,-0.467045,0.100306,0.817559,-0.235472,1.019968,0.850533,-0.414648,0.186207,0.880964,-0.063902,-0.535939,0.839112,0.015057,0.057225,1.078691,-0.236391,-1.208421,1.173603,0.041538,0.141574,0.379741,-0.271689,-0.046217,0.450213,-0.475177,0.396746,0.810637,-0.565110,-0.368557,0.738707,-0.565008,0.388978,0.924816,-0.374482,-0.246426,0.608715,-0.391251,-0.520285,0.975346,-0.030028,0.028485,0.823328,-0.457950,1.275367,0.780107,-0.316217,0.286979,0.951724,-0.617407,-0.448263,0.996328,-0.233788,-0.411812,0.990553,-0.433368,0.172862,0.840949,0.136038,-0.777774,1.024131,-0.415718,0.330558,0.931939,0.012223,-0.559148,0.976190,-0.022634,-0.594909,0.859381,-0.555218,-1.173713,0.868738,-0.044655,1.122983,0.648229,0.144845,0.918538,0.947693,-0.146820,0.369188,1.014078,-0.240451,0.195965,0.892816,-0.457607,-1.009439,0.767008,-0.191665,-0.560449,0.904143,-0.268306,1.118894,0.611723,-0.255479,-0.679467,0.765725,-0.020314,-0.774078,0.854902,-0.020314,-0.971874,0.833080,-0.061510,-1.121166,0.724903,-0.107929,-0.361183,0.838725,-0.068444,-1.047991,0.874033,-0.023565,-0.800478,0.777115,-0.045707,-0.788155,0.742146,-0.550745,0.623461,1.219797,-0.568878,-0.124679
0.141515,0.448510,-0.270228,0.688163,0.621998,-0.752528,0.890527,0.865553,0.257782,-0.734533,-0.087327,0.424324,-1.035482,-0.340113,0.062198,0.768046,-0.108299,0.907780,-0.038304,0.420184,1.316813,-0.652394,1.513525,0.529739,0.424810,1.362547,-0.912132,-0.278414,1.389640,-0.381801,-0.474348,2.128528,-1.064495,0.000492,0.000492,0.000492,0.787544,0.405109,0.178597,0.560335,-0.798846,-0.534194,0.000492,0.000492,0.000492,0.642754,-0.744509,-0.182050,0.731855,0.262566,-0.343529,0.577146,-0.025262,0.789781,-0.658596,0.420357,-0.703559,0.000492,0.000492,0.000492,0.000492,0.000492,0.000492,0.000492,0.000492,0.000492,0.000492,0.000492,0.000492,0.000492,0.000492,0.000492,0.000492,0.000492,0.000492,-0.061934,0.311509,0.206691,-0.417417,0.652367,-0.802037,-0.726050,1.950918,-0.407871,-0.347128,1.162255,-0.434757,-0.190923,-0.292257,-1.179147,-0.180381,0.008401,-1.570477,-0.115312,-0.570861,0.562425,-0.606598,-0.109938,0.525521,0.417693,0.663973,1.005615,-0.037714,-0.205180,0.818170,-0.307790,-0.175691,0.130080,-0.102509,0.039236,-0.017236,0.094887,-0.342664,-0.141508,0.242292,0.479015,0.930045,-0.020351,-0.666763,0.017298,0.440934,0.234744,0.001987,0.435663,-0.241676,-0.106631,-0.218461,-0.315874,0.461248,-0.004570,0.144967,0.138150,0.374981,-0.743494,-0.370384,0.555753,-0.678950,-0.298630,-1.150171,-0.350585,0.159422,-1.057101,-0.515523,-0.809365,-0.522737,-0.539670,-1.176151,-0.398355,-0.406109,-1.329736,-0.499120,-0.271765,-1.246316,-0.632682,-0.515361,0.308354,-0.104018,-0.425135,0.077880,0.109404,-0.375543,0.122488,0.335235,-0.308596,-0.254628,-0.596373,-0.342671,0.024234,-0.029313,-0.226161,-0.245508,0.454875,-0.233008,-0.954811,0.531945,-0.257544,-1.448701,-0.426140,-0.180218,0.037566,0.002166,-0.084608,-1.269892,0.009964,-0.148499,-1.083025,0.035420,-0.195226,-1.090147,-0.330544,-0.087539,0.149826,-0.175882,-0.051530,-0.536547,-0.173569,-0.119757,-0.228311,-0.322189,-0.172329,-0.867136,0.411672,0.317847,0.633233,0.398427,0.208678,-1.004006,0.788918,0.382153,0.502723,0.298296,0.693336,0.633927,0.490832,0.317063,-0.798301,0.535915,0.039156,0.441094,0.830945,-0.021559,-0.858673,0.643713,-0.509525,0.644432,0.696118,-0.336139,0.415330,0.750272,0.089416,0.107200,0.742534,0.140369,0.005754,0.655526,-0.799938,0.337016,0.790415,-0.660864,1.442182,0.747838,-1.222403,0.214706,0.608450,-1.110714,0.740338,0.436456,-1.868347,-0.362127,0.420774,-1.791175,-1.312656,0.340779,-0.069688,-0.508540,0.504347,-0.565542,0.368193,0.783215,-0.463636,-0.185573,0.621664,-0.752086,0.568834,0.741023,-0.406012,1.004996,0.765765,-0.228677,0.238405,0.723244,-0.344141,0.108213,0.673064,-0.523519,0.919249,0.675894,-1.104019,0.084069,0.799792,-0.856228,-1.385284,0.976738,-0.368295,0.515647,0.867905,0.061710,0.939192,0.755497,-0.370387,0.196710,0.654279,-0.153141,1.175390,0.718996,-0.381360,0.570721,0.730185,-0.044776,-0.217065,0.654652,0.033245,0.267246,1.145677,-0.214911,-1.109116,0.958625,0.082941,0.777633,0.299238,-0.573375,-1.039814,0.350979,-0.251706,0.365888,0.702209,-0.320776,-0.769678,0.603302,-0.781650,0.885179,0.552374,-0.156336,-0.839511,0.515304,-0.167293,-0.763908,0.756200,-0.290120,0.171195,0.585376,-0.198483,1.267747,0.787273,-0.058801,-0.453588,0.935942,-0.416186,-0.205953,0.688023,0.010201,-0.908265,0.736444,-0.178442,0.003280,0.725566,0.065570,-0.326638,0.886136,-0.152563,0.177676,0.750529,-0.016741,-0.271397,0.771060,-0.060070,-0.498164,0.922272,-0.239758,-1.205767,0.656308,-0.082877,1.214643,0.357999,0.081059,0.989800,0.703660,0.213029,0.467825,0.820633,-0.317062,0.311555,0.982187,-0.218112,-1.246087,0.880471,-0.259208,-0.969633,0.765058,-0.340507,1.029840,0.727813,0.010114,-1.278010,0.880472,-0.086220,-0.811533,0.949805,-0.086220,-1.130673,0.897681,-0.121436,-1.093774,0.443500,-0.175315,-0.402026,0.902941,-0.129100,-1.115804,0.969711,-0.089681,-1.148628,0.891787,-0.111679,-1.098637,0.622089,-0.354149,1.461028,1.232812,-0.350387,0.370998
0.130088,0.450507,-0.119362,0.683582,0.576880,-0.287662,0.886059,0.279977,0.660597,-0.735702,-0.116168,0.196164,-1.190402,-0.401623,-0.250411,0.778132,-0.058364,0.399049,-0.041519,0.426930,1.355125,-0.649758,-0.483769,0.393583,0.416489,1.362547,-0.353451,-0.280750,1.387893,0.072090,-0.425954,-0.167511,-0.036813,0.000492,0.000492,0.000492,0.778688,1.683714,-0.339250,0.562625,-0.798846,-0.631243,0.000492,0.000492,0.000492,0.636039,-0.744303,-0.464377,0.728142,0.287594,-0.367112,0.568971,-0.056320,0.194159,-0.662480,0.421049,-0.687879,0.000492,0.000492,0.000492,0.000492,0.000492,0.000492,0.000492,0.000492,0.000492,0.000492,0.000492,0.000492,0.000492,0.000492,0.000492,0.000492,0.000492,0.000492,-0.067236,0.838401,0.489714,-0.317787,0.507596,-0.467214,-0.256929,0.841820,-0.292398,-0.117261,0.109491,0.031681,-0.235048,-0.416070,-0.264949,0.029957,-0.119749,0.443641,0.218458,0.317796,0.805252,0.092425,0.702983,0.014279,0.068466,0.874129,0.017773,-0.317337,0.108550,0.989013,0.169487,0.310567,-0.426037,-0.202484,0.122421,-0.740819,0.022765,-0.067379,0.027278,-0.069760,0.804091,-0.214014,-0.183769,0.210304,-0.528294,0.325795,0.505061,-0.708004,0.322827,-0.258866,-0.120768,-0.231112,0.341620,-0.340102,-0.184516,0.288872,-0.327351,0.253297,-0.510755,-0.654560,-1.138682,1.055834,-0.718502,-1.316989,-0.366742,0.505585,-1.272725,-0.510443,-0.179961,-0.897356,-0.548963,-0.907437,-0.522517,-0.460791,-1.255147,-0.617739,-0.198257,-1.078174,-0.818376,-0.495075,-0.085352,-0.223689,-0.487106,0.788378,0.026178,-0.458008,0.319378,0.174859,-0.416492,-0.669014,-0.725664,-0.351968,-0.298807,-0.104252,-0.280531,0.354866,0.340020,-0.303328,-0.637841,0.371629,-0.328138,-1.808835,-0.598285,-0.203667,-0.004238,-0.022582,-0.174759,-0.611286,-0.232646,-0.270399,-1.237277,-0.580432,-0.317778,-1.039236,-0.410972,-0.110761,0.348354,-0.280191,-0.104296,-0.531873,-0.252801,-0.180765,0.534002,-0.500158,-0.234722,-0.861644,0.412821,0.656863,0.485786,0.399139,0.527663,-1.038432,0.509070,0.373270,0.292406,0.298571,0.683432,0.586036,0.490531,0.305163,-0.251061,0.839497,0.026780,0.600092,0.550429,-0.033168,-0.630452,0.640071,-0.226556,0.430899,0.430215,-0.040469,0.340318,0.455670,0.070638,0.575070,0.440703,0.118420,0.571778,0.646900,-0.822238,0.641866,0.780390,-0.684039,1.183225,0.735796,-1.244685,0.326388,0.597610,-1.884292,0.822772,0.424883,-1.885077,-0.392617,0.079694,-1.805508,-1.338507,0.340501,0.360096,0.060288,0.208230,-0.172453,0.059013,0.492683,-0.116526,-0.680901,0.619404,-0.419850,-0.161244,0.737978,-0.410809,0.450303,0.761496,-0.232358,-0.209387,0.718039,-0.347858,-0.585388,0.666852,-0.526201,0.316208,0.404861,-1.107149,-0.801336,0.477116,-0.337104,-1.144735,0.717142,-0.373876,-0.043831,0.864134,0.053438,0.816109,0.751779,-0.071079,-0.136962,0.650539,-0.161704,0.772239,0.716114,-0.031876,-0.023291,0.726809,0.291437,0.170033,0.650484,0.020868,0.748150,0.584473,0.084641,-1.137822,0.953398,0.071562,0.005638,0.601102,-0.072752,-1.023153,0.349440,-0.259166,0.536553,0.700025,-0.328377,-0.614389,0.600471,-0.397775,0.438972,0.550156,-0.165453,-0.817453,0.513670,-0.176367,-0.732469,0.750928,0.190260,-0.065197,0.579583,-0.205285,1.195953,0.779848,-0.065549,0.086403,0.927925,-0.421944,-0.654696,0.680553,0.002611,-0.542878,0.730300,-0.186373,0.050147,0.723043,0.053056,-0.334030,0.632153,-0.161449,-0.777319,0.746273,-0.029160,0.420167,0.766222,-0.074040,0.008222,0.917606,0.081908,-0.996569,0.651198,-0.096375,0.840268,0.350838,0.066949,0.675791,0.697595,0.197863,0.637506,0.816008,0.040452,-0.086487,0.687415,-0.228732,-1.142799,0.579911,-0.269853,-0.487418,0.761843,-0.352404,0.519794,0.725183,-0.000134,-1.632527,0.576510,-0.101565,0.078952,0.644363,-0.101565,-0.609724,0.624663,-0.136095,-0.994975,0.113760,-0.191005,-0.483989,0.631551,-0.143938,-0.961139,0.661771,-0.105075,-0.291271,0.588025,-0.127040,0.028925,0.619657,-0.360808,1.384637,0.942628,-0.356177,-0.166328
0.112715,0.447987,0.191702,0.679728,0.557155,-0.094846,0.885040,0.272464,0.821847,-0.736258,-0.143580,0.108545,-1.114744,-0.492259,-0.164444,0.784499,-0.108299,0.994154,-0.028679,0.410065,1.148018,-0.646531,-0.483769,0.475730,-0.176632,1.360438,-0.401607,-0.296380,0.499600,0.126487,-0.469093,-2.463551,-1.113196,0.000492,0.000492,0.000492,0.153988,1.686219,-1.337720,0.588400,1.315531,-1.575818,0.000492,0.000492,0.000492,0.622622,0.319155,-0.635673,0.724643,0.280793,-0.416503,0.572169,-0.039005,0.218529,-0.662899,0.424942,-0.736176,0.000492,0.000492,0.000492,0.000492,0.000492,0.000492,0.000492,0.000492,0.000492,0.000492,0.000492,0.000492,0.000492,0.000492,0.000492,0.000492,0.000492,0.000492,-0.066808,0.375924,-0.015175,-0.318416,0.507596,-0.298474,-0.258506,0.847988,-0.221347,-0.119277,0.585555,0.216292,0.048729,-0.096210,0.055081,0.030781,-0.116185,0.611313,0.218458,0.328218,1.120891,-0.180974,0.348647,-0.234056,0.066633,0.880872,-0.252738,-0.066660,0.112118,1.046320,0.379337,0.315915,-0.028010,-0.203472,0.440866,-0.171548,0.021590,0.252033,0.262141,-0.069103,0.384625,-0.091716,-0.184168,0.212516,-0.161764,0.542518,0.673499,-0.154091,0.087331,-0.253136,0.119156,-0.230714,0.018207,-0.097772,0.087306,0.292591,-0.115353,0.252571,-0.509295,-0.464829,0.904013,-0.892454,-0.558339,-1.351370,-0.406066,0.458203,-1.241963,-0.554198,-0.833422,-0.861711,-0.518616,-1.150847,-0.524672,-0.481350,-1.365486,-0.661909,-0.242700,-1.189790,-0.892745,-0.500911,0.205506,-0.291965,-0.506360,0.792144,-0.086830,-0.483702,0.575385,0.228133,-0.434139,-0.045916,-0.839487,-0.353005,0.399448,-0.128284,-0.310510,0.313895,0.281385,-0.333819,0.253285,0.424883,-0.343754,-1.373040,-0.643168,-0.249456,0.498000,-0.059432,-0.199508,0.155448,-0.426543,-0.280194,-0.942634,-0.679019,-0.320038,-0.806828,-0.451450,-0.158001,-0.083766,-0.295893,-0.159668,-1.345007,-0.298147,-0.221919,0.078593,-0.543681,-0.268959,-0.880289,0.359827,0.190428,1.381581,0.083164,0.097722,0.109553,0.467793,0.594969,0.688100,0.252933,0.612443,0.103402,0.793111,0.236375,0.472554,0.806838,-0.031596,0.662411,0.807027,-0.079807,-0.877881,0.627201,0.020629,0.658374,0.427770,0.219086,0.577961,0.464014,0.424162,0.738733,0.460182,0.025300,0.996156,0.673935,-0.937440,1.270225,0.815489,-0.184614,0.956790,0.449675,-0.710660,0.992589,0.637003,-1.359187,1.446613,0.149876,-2.151618,0.514560,0.122549,-2.135881,-0.887837,0.298169,0.189151,-1.125881,0.172747,-0.337049,0.659917,0.464899,-0.615720,0.140858,0.600442,-0.562286,0.117098,0.468889,-0.111736,-0.042778,0.508169,-0.397918,-0.720394,0.466973,-0.558254,-1.325565,0.415263,-0.306046,0.199378,0.421473,-0.876714,-0.765655,0.189141,-0.556701,-1.292778,0.710603,-0.122997,-0.009553,0.612667,0.377350,0.057344,0.746416,-0.177611,0.012343,0.645144,0.098447,1.164169,0.704343,0.218913,0.090778,0.718180,0.189664,-0.263764,0.644921,0.342856,0.646751,0.583048,-0.007020,-0.851886,0.701245,0.382341,-0.130900,0.265958,-0.260860,-1.293267,0.320934,0.042943,0.489949,0.424670,-0.004243,-1.091380,0.584247,-0.545096,0.909002,0.531098,-0.363104,-1.450405,0.214281,0.178943,-0.930587,0.754877,-0.484277,-1.198222,0.586709,0.098837,0.224803,0.481678,-0.260084,-0.318652,0.337335,-0.577033,1.182216,0.380511,-0.721260,-0.618648,0.460619,-0.395211,-0.650927,0.212787,0.331144,-0.534755,0.619976,0.052734,-0.843013,0.442269,0.267094,0.001327,0.460582,0.268507,-0.040882,0.655600,-0.008196,-1.121204,0.655026,0.227125,0.789840,0.360911,0.391813,0.843429,0.702447,0.534978,0.339679,0.568690,-0.048756,-0.242089,0.391908,-0.301564,-0.540525,0.570339,-0.037360,0.328115,0.750208,-0.087645,0.484751,0.474166,-0.079682,-0.907934,0.566829,0.252123,0.190474,0.638721,0.252123,-0.383776,0.355073,0.201345,-0.885718,0.119798,0.170631,-0.296234,0.363567,0.197618,-0.786635,0.656083,0.249741,0.008790,0.578350,0.227005,0.235931,0.593703,-0.090168,1.587720,0.385385,-0.095949,0.113588
0.109329,0.446481,0.288168,0.677712,0.584243,-0.079693,0.883157,0.278940,0.818593,-0.736073,-0.117067,0.174363,-1.191628,-0.462403,-0.224317,0.775896,-0.033451,0.395431,-0.036050,0.423557,1.137437,-0.642408,-0.516679,0.428704,0.413525,1.377287,-0.471807,-0.288009,1.398353,-0.019887,-0.423699,-0.167511,-1.820107,0.000492,0.000492,0.000492,0.782305,1.691197,-0.016071,0.593559,1.315531,-1.737188,0.000492,0.000492,0.000492,0.616808,0.322729,-0.219621,-0.357831,0.275473,-0.392147,0.568266,-0.024369,0.016230,-0.671061,-1.376840,-0.166650,0.000492,0.000492,0.000492,0.000492,0.000492,0.000492,0.000492,0.000492,0.000492,0.000492,0.000492,0.000492,0.000492,0.000492,0.000492,0.000492,0.000492,0.000492,-0.061506,0.345614,0.499615,0.202041,0.480424,-0.506575,-0.248399,0.438211,-0.392487,-0.108340,0.070748,-0.138923,-0.225421,-0.127163,-0.029966,0.035140,-0.155338,0.798707,0.225493,0.279425,0.517289,0.100475,0.673212,-0.424218,0.077403,0.836814,-0.583942,-0.562061,0.072907,0.744046,0.174833,0.292759,-0.556030,-0.195164,-1.315078,-0.670409,-0.208929,-0.093341,0.050641,-0.331557,-0.080286,-0.952049,-0.659563,0.062450,-0.746649,-0.972061,-1.161681,-0.589296,-0.373637,-0.633804,-0.280118,-0.225974,-0.660624,-0.614854,-0.177135,-0.183952,-0.699109,-1.076908,1.080511,-0.889147,0.908212,-1.010782,-1.056811,-1.318282,-0.419834,0.800249,-1.256969,-0.557563,-0.381972,-0.974916,-0.538703,-0.823557,-0.739773,-0.495434,-1.247024,-0.742841,-0.255675,-1.154075,-0.947916,-0.499535,0.418978,-0.335065,-0.514109,0.997764,-0.122365,-0.491685,0.280457,0.172828,-0.448979,0.009327,-0.829327,-0.363669,0.295406,-0.138471,-0.300035,0.789777,0.322931,-0.330693,-0.383057,-0.726058,-0.310000,-1.753889,-0.664818,-0.229358,0.655773,-0.114191,-0.193982,-0.330527,-0.423699,-0.275051,-1.012874,-0.664761,-0.337482,-0.803169,-0.498408,-0.143079,0.027854,-0.363703,-0.137673,-0.754479,-0.296598,-0.207403,0.086221,-0.544001,-0.261950,-0.823833,0.444799,0.442032,0.874143,0.146120,0.260688,-0.800227,0.520525,0.366472,0.179533,0.305867,0.617637,1.120213,0.818565,0.497148,-0.536043,0.781416,0.166477,-0.257775,1.004392,0.328795,-0.337327,0.484349,0.161263,-0.145010,0.492741,0.359555,0.180751,0.460341,0.209638,-0.335861,0.382976,-0.187322,-0.311665,0.274908,0.039044,0.688541,0.630221,-0.234826,1.972097,0.544661,-0.591896,-0.130627,0.424772,-1.046532,1.207339,0.554703,-1.635975,-0.386222,0.220837,-1.352152,-1.948184,0.325208,0.633767,-0.020298,0.172747,-0.267101,0.470063,0.419682,-0.528345,0.135140,0.514643,-0.478653,0.483861,0.602225,-0.015693,0.278059,0.324994,-0.308462,-0.770934,0.241016,-0.411520,-1.439660,0.398380,-0.170870,0.194356,0.357705,-0.744768,-0.254588,0.077119,-0.967816,-1.892121,0.547499,-0.119495,0.087100,0.696974,0.301588,0.709115,0.586961,0.044523,-0.136288,0.484751,-0.059957,0.773133,0.587677,0.008136,0.183357,0.576031,0.314681,0.517132,0.462780,0.047181,0.936709,0.643648,0.110809,-1.045645,0.727338,0.125116,0.405213,0.237570,-0.325444,-1.100916,0.267042,0.011909,0.462541,0.600963,-0.032343,-0.815333,0.471648,-0.187774,0.915649,0.449563,0.099132,-0.957791,0.434504,0.095838,-0.881571,0.520130,-0.500044,-0.338413,0.326936,0.108633,0.837601,0.451745,-0.245334,-0.928090,0.580665,-0.573636,0.495930,0.350389,-0.219985,-1.271557,0.460158,-0.418945,-0.682735,0.859232,0.337719,0.096920,0.748141,0.094037,-0.619896,0.564628,0.341596,0.824759,0.557022,-0.113842,0.261206,0.709602,0.388600,-0.794876,0.427473,-0.137236,0.901291,0.350579,-0.004971,-0.209465,0.440714,0.097112,0.726016,0.614786,-0.050026,0.200690,0.482274,-0.004286,-1.234274,0.396867,-0.044897,-0.900484,0.625972,-0.088841,0.458759,0.841479,-0.060799,-1.858943,0.391393,-0.175530,-0.049815,0.434593,-0.175530,-0.576167,0.679224,0.247351,-0.897894,0.139309,0.214456,-1.186755,0.685787,0.244185,-0.930292,0.450286,-0.179276,-0.318114,0.403030,-0.201079,-0.203490,0.513936,-0.122362,1.130334,0.653877,-0.092316,0.378423
0.103822,0.458068,0.279495,0.699365,0.649392,-0.319684,0.894445,0.868791,0.804667,-0.664774,-0.089073,0.446668,-1.034255,-0.462339,-0.145058,0.798329,-0.040631,0.801401,-0.042480,0.413438,0.878156,-0.650045,-0.496110,0.692154,0.414889,1.368850,0.673731,-0.287273,1.389640,0.691268,1.490717,-0.167511,0.007115,0.000492,0.000492,0.000492,0.784300,1.681210,2.060923,0.582105,1.315531,-0.722184,0.000492,0.000492,0.000492,0.610994,0.321264,-0.204952,-0.361771,0.273947,-0.256973,0.562932,-0.014217,-0.003169,-0.672793,0.430630,-0.055630,0.000492,0.000492,0.000492,0.000492,0.000492,0.000492,0.000492,0.000492,0.000492,0.000492,0.000492,0.000492,0.000492,0.000492,0.000492,0.000492,0.000492,0.000492,-0.067029,0.364540,0.729318,-0.317992,0.498539,-0.604224,-0.257600,0.835653,-0.873146,-0.118160,0.101743,-0.251376,0.049903,0.208159,-0.354817,0.030160,-0.130439,0.507229,0.218458,0.310820,0.782472,0.091975,0.697021,-0.001325,0.067780,1.277397,-0.414798,-0.317337,0.097844,0.905181,0.379337,0.307001,-0.776543,-0.202869,-1.463250,-0.538576,-0.216977,-0.075177,0.034465,-0.069545,0.370629,-0.473389,-0.666490,-1.417105,-0.818096,-0.761581,-0.986443,-0.609720,-0.380959,-0.613784,-0.477740,-0.231112,-0.641930,-0.332499,0.087525,-0.853015,-0.609180,-1.084044,1.175354,-1.122830,0.904137,-1.004548,-0.887806,-1.217654,-0.400679,0.193802,-1.162140,-0.533955,-0.693843,-0.867325,-0.519180,-1.210895,-0.517008,-0.451957,-1.403679,0.484720,-0.452230,-1.224029,-0.914422,-0.501359,0.146042,-0.330600,-0.499093,0.758341,-0.138422,-0.469288,0.447382,0.124713,-0.455176,0.798214,-0.761883,-0.361058,0.227233,-0.136588,-0.274362,0.425102,0.287295,-0.334597,0.567510,0.484009,-0.367123,-0.911756,-0.585323,-0.201753,-0.017332,-0.096648,-0.179002,0.042316,-0.462395,-0.259174,-1.100079,-0.726181,-0.298885,-0.831896,-0.386346,-0.097687,-0.143331,-0.221100,-0.139922,-0.935756,-0.276976,-0.216198,-0.576327,-0.536032,-0.255623,-0.876939,0.458923,0.024464,1.788985,0.157317,0.186985,0.567789,0.531494,0.294565,0.570874,0.318285,0.547152,0.742550,0.486387,0.417793,0.349747,0.790498,0.089000,0.669373,0.734991,0.259180,-0.291493,0.488711,0.083625,-0.092943,0.494524,0.278383,-0.167151,0.745122,0.099173,-0.677389,0.670319,0.191344,-0.347747,0.534189,-0.668267,1.027181,0.623052,-0.393771,2.114897,0.535698,-0.764516,0.489929,0.416397,-1.218598,2.322863,0.545815,-1.809382,0.394910,0.211881,-2.417269,-1.870817,0.336678,0.543655,-0.800634,0.182554,0.046221,1.354976,0.427793,-0.598114,1.103297,0.520283,-0.545434,0.731758,0.352344,0.389514,-0.757715,0.326695,-0.775124,-0.547058,0.493165,-0.507409,-1.185162,0.397267,0.141630,0.423740,0.354790,-0.824842,0.687168,0.382737,-0.553141,-2.016526,0.550104,0.202434,0.285779,0.699273,0.192756,-0.278870,0.589227,-0.324135,0.559297,0.487031,0.237434,1.284076,0.591609,-0.073741,0.737730,0.579184,0.235266,-0.001536,0.465325,0.392758,0.042292,0.645063,0.040127,-1.011228,0.727550,0.023295,0.234659,0.246598,-0.433378,-1.044318,0.275075,0.391393,0.203794,0.098692,-0.142002,-1.678564,0.476813,-0.269717,1.321972,0.197432,-0.544373,-1.900535,0.169904,-0.023544,-0.914784,0.520345,-1.084576,-0.178615,0.326247,0.005269,-0.430514,0.449891,-0.347864,-1.932817,0.577561,-0.261442,0.923275,0.348524,-0.847250,-1.363609,0.459438,-1.074324,-1.216079,0.619436,0.248481,-0.609636,0.751991,0.025028,-0.400789,0.568365,0.246058,-0.024021,0.559825,0.239029,-1.060216,0.710940,-0.018343,-1.348298,0.427681,0.194501,1.128047,0.349242,0.322096,0.724270,0.440714,-0.010821,0.000016,0.615617,-0.140197,0.647835,0.484745,-0.380102,-1.098706,0.400632,-0.421567,-0.450986,0.629853,-0.173822,1.166975,0.845527,-0.137111,-1.724693,0.395201,0.180971,-0.832227,0.437404,0.180971,-1.250028,0.680599,0.138730,-1.239697,-0.180558,0.097880,-0.252367,0.687153,0.134239,-1.244738,0.453120,0.178362,-1.049369,0.406835,0.155782,-0.828314,0.207038,0.217139,1.190031,0.652680,-0.180516,0.228499
0.101702,0.457054,0.170205,0.680277,0.645047,-0.683010,0.897423,0.865327,0.564739,-0.660768,-0.061026,0.333847,-0.956757,-0.341053,-0.035879,-1.060309,-0.060213,0.530415,-0.046655,0.410065,1.036243,-0.655925,-0.512565,0.696030,-0.170363,1.358328,0.474585,-0.294164,1.379159,0.764229,-0.437964,-0.167511,-0.715757,0.000492,0.000492,0.000492,0.155359,0.405109,0.984077,0.583819,-0.798846,-0.767436,0.000492,0.000492,0.000492,0.606531,0.324208,-0.080831,-0.362866,0.262566,-0.211834,0.563290,-0.034831,0.072750,-0.675365,0.426369,-0.064052,0.000492,0.000492,0.000492,0.000492,0.000492,0.000492,0.000492,0.000492,0.000492,0.000492,0.000492,0.000492,0.000492,0.000492,0.000492,0.000492,0.000492,0.000492,-0.072124,0.349408,-0.108158,-0.065882,0.118496,-0.598704,-0.261646,0.444379,-0.643609,-0.121729,0.082371,0.187030,0.046150,0.195280,-0.087870,0.024976,-0.148212,0.227296,0.213472,0.293378,0.869834,0.359779,0.682154,0.245596,0.342767,1.260436,0.222392,-0.322261,0.080045,1.854180,0.375716,0.298108,-0.134889,-0.206632,0.429157,-0.314844,-0.220516,0.228670,0.463576,-0.342099,0.353176,0.072300,-0.188133,0.201402,-0.266516,0.321861,0.495543,-0.506650,-0.384614,-0.628074,-0.187098,-0.235852,-0.329218,0.320522,-0.189210,0.275777,-0.119623,0.249276,-0.604868,-0.601553,-1.141198,0.833426,-0.689011,-1.071209,-0.369225,0.220107,-1.100270,-0.505303,-0.724981,-0.790958,-0.499124,-1.210223,-0.581093,-0.417238,-1.413954,0.477162,-0.463857,-1.263119,-0.930334,-0.452341,-0.003522,-0.350484,-0.473462,0.913527,-0.181338,-0.473918,0.563205,0.075975,-0.460073,0.674595,-0.675093,-0.317743,0.442670,-0.122500,-0.260058,0.637375,0.277273,-0.320392,0.740084,0.587403,-0.360458,-0.069073,-0.436726,-0.170648,-0.094540,-0.024571,-0.147784,-0.006595,-0.394407,-0.220365,-1.291823,-0.664297,-0.252438,-0.788124,-0.282706,-0.057761,-0.232668,-0.131273,-0.099744,-0.590454,-0.240145,-0.197972,-0.888093,-0.459031,-0.214818,-0.825567,0.453731,0.020333,1.698909,0.153351,0.182809,0.554523,0.527203,0.594713,0.514549,0.313428,0.830622,0.984207,0.481050,0.412923,0.356176,0.483814,0.384912,0.404854,0.454474,0.519682,0.204750,0.483618,0.372151,-0.213726,0.489635,0.579865,0.150046,0.453973,0.092326,-0.373023,0.664310,0.182979,-0.325343,0.528493,-0.676993,1.105759,0.617087,-0.403697,2.292423,0.854888,-0.774411,0.606285,0.410246,-1.228838,2.453914,0.539348,-1.818810,0.422877,0.204873,-2.427796,-1.884168,0.331754,0.970104,0.342086,0.177783,0.041833,1.031361,0.422873,-0.601706,0.913820,0.515773,-0.548872,0.957643,0.602012,0.383829,-0.309924,0.322218,-0.390909,-0.755141,0.236683,-0.512370,-1.250489,0.392149,-0.251848,0.401487,0.349399,-0.829021,0.934941,0.376324,-1.078059,-1.905962,0.799022,0.197877,0.531400,0.694880,0.186680,-0.443904,0.584896,-0.327783,0.695549,0.482674,0.232476,1.020290,0.587476,-0.078613,1.144253,0.574762,-0.111850,-0.055749,0.460460,0.386585,-0.136424,0.640094,-0.268599,-0.911732,0.722773,0.017591,0.125877,0.241706,0.064652,-0.881678,0.270152,0.385583,0.290816,0.348300,-0.147807,-1.648058,0.472116,-0.274388,1.269633,0.450898,-0.021078,-1.837542,-0.106365,-0.030209,-0.907692,0.515520,-0.607470,-0.350741,0.321351,-0.000703,-0.493048,0.443814,-0.353359,-2.048465,0.571606,-0.265861,0.793284,0.652578,-0.853463,-1.490133,0.454254,-0.539396,-1.165480,0.859651,0.243141,-0.816903,0.747506,-0.267062,0.110377,0.563111,0.240192,-0.330060,0.554219,0.232643,-1.134609,0.706039,-0.022870,-1.349406,0.423004,0.188506,1.174291,0.343418,0.315818,0.978572,0.435389,-0.017279,0.018699,0.611197,-0.145547,0.761622,0.766911,-0.384511,-1.096116,0.395338,-0.425986,-0.661021,0.625333,-0.178864,1.406333,0.605441,-0.141697,-1.275763,0.389847,0.174507,-1.063122,0.729553,0.174507,-1.393024,0.675564,0.132140,-1.256935,0.133003,0.091271,-0.257281,0.682149,0.127568,-1.224753,0.447452,0.171877,-1.319176,0.401485,0.149311,-1.054725,0.201636,0.211927,1.075317,0.647124,-0.185596,0.217541
0.097049,0.454534,0.250303,0.703767,0.616981,-0.437287,1.290956,0.854575,0.422122,-0.513167,-0.005673,-0.128323,-0.880232,-0.280138,0.091873,0.766174,-0.113629,0.842552,-0.046655,0.379749,0.191506,-0.667972,-0.528970,0.872846,-0.164435,1.375178,0.580619,-0.287149,1.386147,0.554475,1.455443,2.128528,-0.922568,0.000492,0.000492,0.000492,0.149625,1.701216,0.783347,0.553445,1.315531,-0.808236,0.000492,0.000492,0.000492,0.609206,-0.741770,-0.298052,-0.360449,0.265619,-0.295005,0.544099,-0.054533,0.184248,-0.678383,0.432035,0.149389,0.000492,0.000492,0.000492,0.000492,0.000492,0.000492,0.000492,0.000492,0.000492,0.000492,0.000492,0.000492,0.000492,0.000492,0.000492,0.000492,0.000492,0.000492,0.175127,0.334230,0.758121,-0.078300,0.474422,-0.369825,0.271501,0.435165,-0.259350,-0.136235,-0.401441,0.560772,0.030892,-0.127163,0.700739,0.014179,-0.155338,0.827482,0.200538,-0.138741,1.016457,0.074087,0.676193,-0.537045,0.048983,0.013316,-1.051524,-0.583200,-0.362022,1.061504,0.155869,0.294542,-0.021485,-0.218883,0.267991,0.128758,-0.232894,-0.093341,0.668536,-0.621014,-0.933257,-0.619934,-0.440882,0.199177,-0.334630,-0.993309,-1.327400,-0.164228,-0.396554,-0.636669,0.079229,-0.246320,-0.989354,-0.081416,-0.202403,-0.411946,-0.259684,0.238298,-0.607059,-0.886757,1.040634,-1.119315,-0.240811,-0.991056,-0.297837,-0.086003,-0.880732,-0.485708,-1.310050,0.237999,-0.607091,-1.540230,0.599119,-0.664884,-1.471546,-0.804508,-0.371323,-1.311938,-0.639917,-0.426991,-0.068617,-0.403077,-0.434307,0.729347,-0.226314,-0.465861,0.568677,0.010848,-0.474080,0.867505,-0.552326,-0.246842,0.149482,-0.076834,-0.225363,0.364232,0.280442,-0.338903,0.776015,0.649448,-0.417409,0.173485,-0.350743,-0.105947,0.167557,0.032820,-0.133396,0.090740,-0.281850,-0.198558,-1.297714,-0.559998,-0.238083,-0.723049,-0.162789,-0.005904,-0.033093,-0.012791,-0.068913,-0.500952,-0.118322,-0.160071,-0.486451,-0.381010,-0.160994,-0.635169,0.510769,0.474710,1.372629,-0.072370,0.276248,-0.219552,0.294601,0.366195,-0.039808,0.362582,0.603033,1.785734,0.529900,0.468721,-0.195645,0.519068,0.429062,-0.395392,0.477448,0.288748,0.142045,0.496488,0.113893,-0.286296,0.490740,0.308707,0.045001,0.442674,-0.275657,-0.606543,0.640317,-0.257600,-0.582357,0.496465,-0.586455,0.698594,0.576266,-0.278975,2.138579,0.477680,-1.325129,0.224435,0.364702,-1.768754,1.547835,0.176793,-2.351156,-0.182634,0.154749,-1.239787,-1.687573,0.376820,0.700884,0.879047,0.215519,0.199347,0.616615,0.452367,-0.458261,0.117164,0.273057,-0.411569,0.132553,0.360861,0.080812,-0.212809,0.323927,-0.231339,-0.604962,0.231927,-0.309005,-1.245039,0.379715,-0.084556,0.334221,0.329188,-1.060858,0.531898,0.035800,-1.384234,-1.808356,0.551416,-0.057216,0.176839,0.699494,0.362966,0.173258,0.589445,-0.228281,0.129542,0.487250,-0.033920,1.149157,0.599036,-0.335531,0.691197,0.582971,-0.020071,0.166886,0.465099,0.055715,0.567231,0.639622,-0.185856,-0.937096,0.717555,0.139942,0.522668,0.275501,0.241050,-0.039990,-0.001111,0.078103,0.852955,0.368161,0.040782,-1.212456,0.488569,-0.136017,0.697936,0.470614,0.164268,-1.140836,0.191855,0.163166,-0.187734,0.509810,-0.430328,-0.518371,0.311995,0.185620,0.142227,0.427393,-0.168114,-1.566433,0.550416,-0.513241,0.843069,0.325884,-0.663365,-1.390628,0.443876,-0.341724,-0.915150,0.875411,0.319229,0.292426,0.759249,-0.200297,-0.337079,0.572132,-0.065366,0.137131,0.559057,-0.121021,-0.169107,0.705153,0.056202,-1.138755,0.417469,-0.145106,1.113294,0.330152,-0.020182,0.634676,0.428605,0.074749,0.568907,0.609510,-0.436225,0.384975,0.770367,-0.323079,-1.325577,0.697406,-0.364414,-1.258227,0.637169,-0.452811,0.764013,0.618211,-0.074021,-1.066565,0.695335,-0.190909,-0.546999,0.733644,-0.190909,-0.968044,0.674654,-0.216499,-1.014370,0.443500,-0.282356,-0.779099,0.681244,-0.225323,-1.022033,0.751783,-0.194703,-0.919124,0.410672,-0.216473,-0.579704,0.229483,-0.063880,0.959814,0.634089,-0.027717,0.113061
0.090276,0.447987,0.399042,-0.224147,0.544795,-0.867028,0.886372,0.255355,-0.066443,-0.215798,0.077622,-0.107285,-0.796288,-0.248887,-0.050301,-1.056932,-0.094047,0.462694,-0.038951,0.399946,0.928472,-0.660031,-0.557766,0.526249,-0.168310,1.370959,-0.292107,-0.287273,1.387893,-0.026324,-0.420333,-0.167511,-0.980853,0.000492,0.000492,0.000492,0.137144,1.686219,-0.331176,0.562328,1.315531,-1.515554,0.000492,0.000492,0.000492,0.598478,0.319361,-0.208678,-0.365270,0.272420,-0.238995,0.541259,-0.055427,0.121915,-0.681820,0.414323,0.019639,0.000492,0.000492,0.000492,0.000492,0.000492,0.000492,0.000492,0.000492,0.000492,0.000492,0.000492,0.000492,0.000492,0.000492,0.000492,0.000492,0.000492,0.000492,0.180650,-0.613490,-0.315197,0.186448,0.082303,1.220309,0.556169,0.028472,0.595372,-0.123745,0.028179,1.323573,0.044030,-0.158116,1.038661,-0.486859,-0.198055,1.406569,-0.067894,-0.187534,1.100945,-0.187905,-0.089074,-1.149824,0.061361,0.386095,-0.711156,-0.578075,-0.404802,0.554397,0.371917,0.269603,-0.095366,-0.209393,0.409674,-0.285383,0.016480,0.192310,0.179108,-0.348903,-0.545240,-0.258720,-0.191893,0.184725,-0.248816,0.536264,0.475180,-0.370673,0.315705,-0.318962,-0.121595,-0.241387,-0.692694,0.205747,0.078588,0.021617,-0.096935,0.246160,-0.526804,-0.630690,1.045308,-1.020567,-0.122666,-0.803322,-0.193345,-0.732343,-0.751921,-0.417019,-1.483474,-0.254991,-0.532367,-1.583377,-0.333665,-0.443631,-1.473510,-0.246281,-0.226636,-1.278724,-0.749665,-0.271802,-1.151780,-0.409279,-0.409701,0.094187,-0.251678,-0.462774,0.507276,-0.045115,-0.519812,0.749353,-0.415808,-0.148463,-1.045076,0.009132,-0.204608,0.103075,0.279499,-0.354729,0.581802,0.629858,-0.470723,0.062326,-0.173285,-0.019698,-0.106117,0.172401,-0.115659,-0.185357,-0.042661,-0.187516,-1.336766,-0.289620,-0.196928,-0.987480,0.064195,0.027904,0.086518,0.130755,-0.032614,-0.398447,0.071284,-0.136791,-0.557173,-0.160585,-0.137258,-0.855826,0.249488,0.359637,1.207274,-0.012915,0.494019,-0.386924,0.355904,0.574330,0.737624,0.118701,0.803155,1.083831,0.264039,0.375835,-0.031623,0.288346,0.342822,-0.515215,0.269189,0.478950,-0.019126,0.286187,0.032236,-0.036936,0.300718,0.223590,-0.347211,0.521904,0.026205,-0.953909,0.724274,0.107875,-0.686928,0.311726,-0.750098,1.018421,0.384073,-0.471559,2.380524,0.578573,-0.830130,0.752461,0.167479,-1.263528,2.446352,0.273767,-1.832870,0.553311,-0.070108,-1.541523,-1.492731,0.131554,0.549947,-0.559913,-0.009408,0.059080,1.147568,0.234595,-0.583214,1.264630,0.337404,-0.531172,1.847363,0.424798,0.406534,0.600903,0.389619,-0.370874,-0.298498,0.300312,-0.483441,-0.693865,0.451933,-0.226416,0.925709,0.143249,-1.208457,1.666419,0.436871,-1.570812,-1.745338,0.617185,-0.199258,1.071585,0.519991,0.189691,-0.290805,0.412457,-0.330109,0.968191,0.550316,0.222265,1.015238,0.659747,-0.095120,1.560558,0.401242,-0.129493,-0.184172,0.266269,-0.087879,-0.858807,0.712993,-0.283516,-0.775987,0.533862,-0.002538,0.570764,0.046381,-0.435107,-1.899851,0.070914,0.392622,-0.924004,0.430343,-0.138882,-1.012862,0.283574,-0.269056,2.211411,0.533758,-0.016983,-1.014622,0.256786,-0.026906,-1.655501,0.324261,-0.597933,0.064112,0.383516,0.012486,-0.720357,0.513982,-0.830637,-2.506549,0.936973,-0.256692,1.186365,0.722666,-0.843228,-1.671953,0.245441,-0.529629,-1.397312,0.936151,0.208697,0.023180,0.573838,-0.289334,0.852946,0.356441,0.210526,-0.653275,0.636624,0.197606,-1.611616,0.774265,-0.046600,-1.296217,0.484950,0.154753,1.010624,0.415765,0.278349,0.102714,0.223837,0.381193,-0.089415,0.675185,-0.180850,1.220928,0.845916,-0.414061,-1.112201,0.480063,-0.153739,-1.495766,0.450294,-0.212135,1.649455,0.677575,-0.169742,-1.368270,0.475532,0.134095,-1.525713,0.811912,0.134095,-1.767863,0.745647,0.094281,-0.939046,0.531173,0.049951,-0.705400,0.751813,0.089248,-1.012770,0.830691,0.131337,-1.865326,0.487113,0.108859,-1.581971,0.305465,-0.212721,1.464495,0.712495,-0.175051,0.613229
0.075437,0.441963,0.711797,-0.226354,-1.130826,-0.791960,0.879395,-0.336810,-0.337641,-0.067113,0.160282,0.215032,-0.409847,-0.065572,-0.011352,-1.065170,-0.122550,0.300689,-0.035089,0.396573,0.991643,-0.660622,-0.561879,0.323122,0.414095,0.285698,-0.802768,-0.288873,0.483900,-0.354902,-0.408323,-0.167511,-1.218318,0.000492,0.000492,0.000492,0.779061,0.410088,-0.647851,0.590131,1.315531,-1.474448,0.000492,0.000492,0.000492,0.590426,0.323784,-0.053410,-0.371173,0.249705,-0.035772,0.534157,-0.047954,0.233553,-0.680115,0.415036,-0.081522,0.000492,0.000492,0.000492,0.000492,0.000492,0.000492,0.000492,0.000492,0.000492,0.000492,0.000492,0.000492,0.000492,0.000492,0.000492,0.000492,0.000492,0.000492,0.179159,-0.617285,0.078653,0.184982,-0.288683,1.114249,0.554592,0.025388,0.991806,-0.125298,0.024304,1.394501,0.042396,-0.475395,1.313411,-0.235612,-0.201618,1.363142,0.206659,-0.191023,1.084446,0.082588,0.271223,-0.289745,0.338641,-0.030742,-0.678198,-0.579504,0.026560,1.379486,0.370707,0.267820,0.305087,0.029853,0.408373,0.212909,0.015101,0.189711,0.762443,-0.350215,-0.125732,0.441015,0.047787,0.183626,0.167538,0.535196,0.639540,0.141878,0.314354,0.027360,0.396741,-0.242762,-0.369314,0.932963,0.077019,0.473886,0.514292,0.245066,-0.527535,-0.392163,1.044467,-1.021457,0.114571,-0.536772,-0.008523,0.118333,-0.919495,-0.138211,-0.419017,-0.831756,-0.307066,-0.705625,-0.500469,-0.323010,-1.115690,-0.185041,-0.265503,-0.498249,-0.779790,-0.169362,0.209364,-0.461965,-0.337521,-0.002728,-0.363317,-0.425733,0.127942,-0.137052,-0.509040,0.400976,-0.333110,-0.048766,-0.003970,0.100165,-0.161179,0.200262,0.271640,-0.368494,0.153438,0.495385,-0.525900,1.012625,0.010525,0.034350,0.114008,0.320068,-0.081012,-1.157869,0.218917,-0.153422,-0.541495,0.136015,-0.200549,-0.275486,0.290624,0.071936,0.057837,0.287449,0.031346,-0.340006,0.305610,-0.059538,0.444809,0.256913,-0.134909,0.449539,0.481676,1.242766,1.296805,-0.098027,1.271337,-0.517629,0.260246,0.648322,-0.688477,0.005547,0.822208,2.047056,0.460342,0.977530,-0.722119,0.425216,0.877321,0.030355,0.354008,0.400466,0.305841,0.325231,0.227027,-0.008932,0.288703,0.422519,-0.055863,0.451518,-0.104508,-1.189247,0.596864,-0.526452,-1.269301,0.152896,-0.271755,0.104618,0.185195,-0.468842,2.209083,0.330286,-1.412975,0.147810,-0.053127,-0.990030,1.754363,0.345686,-2.181754,0.221546,0.009414,-1.785896,-1.456222,0.312650,0.472811,-0.809845,0.139280,0.031353,1.405347,0.346922,-0.586490,1.169640,0.408301,-0.534308,1.320325,0.463862,0.374200,0.250679,0.134157,-0.380559,-0.731011,0.261580,-0.469380,-0.678707,0.378367,-0.203327,1.361235,0.036821,-0.785860,1.406332,0.586729,-0.554485,-1.287916,0.625019,0.128252,0.799693,0.525431,0.036893,-0.067350,0.417820,-0.147471,0.483827,0.314616,0.029945,1.243832,0.456771,-0.317196,0.600577,0.421876,-0.014781,0.247019,0.270436,0.056093,0.479014,0.691698,-0.176683,-0.998860,0.745594,0.162746,1.016213,0.177969,-0.080124,-0.975855,0.184401,0.273435,0.163769,0.249025,-0.259697,-1.540726,0.340462,-0.367940,1.406846,0.347645,-0.173199,-1.313977,0.085834,0.356074,-0.645966,0.282971,-0.702878,-0.017282,0.323799,-0.075993,-0.482000,0.419182,-0.423830,-2.320334,0.818796,-0.333381,1.200270,0.624864,-0.955848,-1.749959,0.182202,-0.651026,-1.403673,0.746585,0.235636,0.674864,0.610362,0.045800,-0.287722,0.378707,-0.108476,0.074240,0.342455,-0.173999,-0.332589,0.752500,0.023164,-1.058146,0.197582,-0.198322,1.137792,0.640809,-0.097686,0.567921,0.176091,-0.026357,0.676822,0.650561,-0.159748,0.127344,0.556828,-0.099930,-1.542281,0.500480,0.158760,-1.483028,0.487106,-0.192247,0.297025,0.250082,0.174061,-0.920126,0.496180,-0.272143,-0.413403,0.514412,-0.272143,-1.044986,0.723289,0.154962,-0.796430,0.784254,0.111132,-0.127953,0.729589,0.150669,-0.881834,0.530758,-0.276197,-1.084400,0.507747,-0.297789,-0.551395,0.095365,0.107527,1.393834,0.634580,-0.253828,0.977496
0.074170,0.439935,0.797460,0.676424,-1.173273,-0.078415,0.888958,-0.951981,-0.475912,0.234604,0.216270,-0.286159,-0.172478,0.026758,-0.189317,-1.073020,-0.042372,-0.597847,-0.033815,0.406692,1.392713,-0.647984,-0.582398,0.414302,-0.165465,0.254083,-0.654505,-0.277674,-0.434047,-0.682783,-0.440208,-2.463551,0.446021,0.000492,0.000492,0.000492,0.143883,0.365066,-0.625092,0.581808,-0.798846,-0.293883,0.000492,0.000492,0.000492,0.588638,0.317252,-0.158011,-0.374458,0.240592,0.050251,0.523142,-0.076040,0.440301,-0.701161,-1.403420,0.488180,0.000492,0.000492,0.000492,0.000492,0.000492,0.000492,0.000492,0.000492,0.000492,0.000492,0.000492,0.000492,0.000492,0.000492,0.000492,0.000492,0.000492,0.000492,-0.067457,-0.636212,0.163216,0.198249,-0.671745,1.268742,1.116948,-0.368969,2.051252,-0.109238,-0.474958,1.542931,0.059287,-0.178773,1.337655,-0.224408,-0.226518,1.529350,0.220272,-0.218886,1.096161,0.097569,0.247378,-0.467513,0.076032,-0.467933,-0.639713,-0.568214,0.001623,1.686933,0.381052,0.253579,-0.063286,-0.197347,0.399266,-0.316849,0.268013,0.488359,0.007065,-0.605437,0.276281,0.042447,-0.181000,0.174725,-0.040963,0.546800,0.630022,-0.276160,0.795923,0.007340,-0.182709,-0.472171,-0.061953,0.454056,0.090881,0.232797,0.036464,0.256960,-0.533368,-0.568510,1.051898,-1.027680,-0.130847,-0.168756,0.087888,0.104896,-0.646146,-0.040150,0.255604,-0.776000,-0.221635,-0.494643,-0.697579,-0.313333,-0.437774,-0.597746,-0.224894,-1.071953,-0.803246,-0.151835,0.305005,-0.386841,-0.266347,-0.264768,-0.352406,-0.386686,0.309986,-0.210465,-0.500699,0.529526,-0.374581,-0.053470,-1.309113,0.261261,-0.151182,-0.039292,0.299254,-0.420960,-0.039460,0.324281,-0.547553,0.259671,0.288144,0.088367,-0.412129,0.531549,-0.078274,0.072221,0.350098,-0.166081,-1.360435,-0.221477,-0.012504,-1.137019,0.580504,0.132561,-0.226522,0.564431,0.027225,-0.759830,0.489611,-0.041319,-0.148731,0.398000,-0.100987,-0.585530,0.339372,1.640062,1.854761,-0.212752,1.656794,1.688337,-0.406575,1.320780,-1.066929,0.187042,0.610219,1.291647,0.321478,1.379373,0.037538,0.609028,1.267247,0.697418,0.255451,0.484652,1.356762,0.512487,0.904111,1.295998,0.468721,0.522949,1.087401,0.376440,0.030202,-0.881698,0.241302,-0.368273,-1.184924,0.099481,-0.106674,1.089683,0.134582,-0.934627,0.843095,-0.050274,-1.244056,-0.668831,-0.102618,-0.837268,-0.141107,-0.330652,-1.273684,-0.923187,-0.694567,-0.788762,-0.536405,0.184544,0.527328,0.149504,0.024560,0.073603,0.473277,0.240246,-0.208075,-1.248758,0.055174,-0.172095,-1.437867,-0.124293,-0.075493,-0.196455,0.305810,-0.341848,-1.345061,0.191239,-0.425985,-1.514484,0.311918,-0.169877,0.082073,0.234656,-0.749995,-0.698931,0.211536,0.014604,-1.394228,0.043337,-0.223078,-0.614915,0.450325,0.111769,-0.450970,0.343767,0.202222,-1.233387,0.479778,0.099760,0.185788,0.377072,0.107714,-1.314809,0.343539,0.396741,0.752762,0.454906,0.151676,1.127810,0.064674,0.491026,-0.491726,0.424317,-0.186437,-0.313799,0.063672,-0.006016,1.397346,0.072980,-0.137908,1.671386,-0.092871,-0.189276,-1.154567,0.247128,-0.313847,-0.849371,0.256807,0.430669,-0.992564,-0.014351,-0.112381,1.374717,0.212043,-0.159432,-0.853630,0.254971,-0.013459,0.501665,0.035479,0.124761,0.080174,0.149875,-0.282140,-0.204342,0.239272,0.141516,-0.277579,0.109314,-0.041242,0.194056,0.177059,-0.033392,0.896985,0.528118,0.400247,-1.375252,0.286128,-0.015015,1.115730,0.251382,-0.066067,0.951375,0.164034,0.099122,-0.087063,0.374691,-0.095994,0.043291,-0.051256,0.008354,-0.367971,0.378197,-0.351743,1.367348,0.336935,-0.065151,-1.183098,0.184317,0.277711,-0.181980,0.407455,0.237741,0.473795,0.404212,0.240080,-0.924842,0.170661,0.563991,0.282316,0.402101,-0.157356,1.230421,0.423601,-0.157356,0.389433,0.382455,-0.181739,-0.345234,0.063186,-0.248049,-0.882381,0.128713,-0.190139,-0.269241,0.439204,-0.161043,0.422179,0.413731,-0.182886,1.067489,0.293835,-0.259738,0.141071,0.283844,-0.199760,-0.128805
0.058504,0.473190,0.367724,0.671831,-1.195669,0.306854,0.475517,-1.553508,-0.085187,0.533442,0.354865,0.364893,0.298730,0.210750,0.240378,-1.061792,0.002232,-0.395034,-0.033815,0.369630,0.649324,-0.645635,-0.586511,0.385772,-0.179825,0.285698,-0.325141,-0.293548,0.468199,-0.221455,-0.428576,-0.167511,-0.319474,0.000492,0.000492,0.000492,0.136892,0.407614,-1.212685,0.586966,1.315531,-1.600647,0.000492,0.000492,0.000492,0.577460,0.329056,0.181190,-0.377958,0.245172,0.232592,0.519239,-0.069771,0.342355,-0.705465,-1.402360,0.254401,0.000492,0.000492,0.000492,0.000492,0.000492,0.000492,0.000492,0.000492,0.000492,0.000492,0.000492,0.000492,0.000492,0.000492,0.000492,0.000492,0.000492,0.000492,-0.065110,-1.102529,-0.443074,0.455425,-0.306797,1.240335,0.842620,-0.368969,0.983001,-0.111023,-0.471083,1.053964,0.057410,-0.176191,1.162821,-0.221291,-0.222998,1.150051,0.221865,-0.208421,1.032343,0.097337,0.253339,-0.406506,0.074424,-0.461149,-0.513813,-0.565545,-0.429782,1.098067,0.382094,0.258927,-0.361500,-0.197938,0.401868,-0.678777,0.027875,-0.140099,-0.466806,-0.335294,-0.996155,-0.257670,-0.180202,0.312564,-0.328317,0.546800,0.467022,-0.669915,0.327058,-0.688205,-0.445115,-0.469807,-0.708746,0.021072,0.091781,-0.445596,-0.191276,0.256960,-0.531908,-0.727977,1.052381,-1.135333,-0.352663,0.162909,0.315642,0.241142,-0.547273,0.216184,0.698054,-0.856994,-0.037848,0.456615,-0.708669,-0.240546,0.532693,-0.521251,-0.225981,-0.586560,-0.597882,0.095523,-0.449615,-0.347219,-0.179929,0.183381,-0.379806,-0.333483,0.682689,-0.308761,-0.456385,0.585516,0.062750,0.174609,-0.414839,0.348406,-0.102295,0.448134,0.201186,-0.308508,0.490794,-0.038472,-0.414201,0.559625,0.574478,0.201594,0.174623,0.668347,-0.067574,0.477974,0.467069,-0.157734,-1.004828,-0.176428,0.068052,-0.763905,0.891812,0.176892,0.655280,0.801669,-0.026892,0.866539,0.568737,-0.005115,-0.561331,0.354881,0.118442,-0.610071,0.005778,1.986131,1.274465,-0.213691,1.982455,2.450740,-0.683074,1.927885,-0.085142,0.185680,1.183843,0.365595,0.319406,1.693223,0.170692,0.606697,1.267752,0.503765,-0.021287,0.484874,1.882285,0.228213,0.904111,1.302088,0.207046,0.522949,1.514678,0.086998,0.030202,-0.360826,-0.054785,-0.367844,-1.088973,0.091760,0.454447,0.763635,0.125742,-0.930742,-0.072570,-0.384596,-1.236653,-0.613832,-0.112216,-0.826976,-0.367208,-0.340889,-1.260333,-0.905092,-0.704947,-0.770593,-0.401079,0.182632,0.537348,0.442841,0.022297,0.083753,0.333635,0.237546,0.145284,-1.458638,0.052013,-0.163536,-2.003181,-0.379858,-0.062844,-0.125789,0.301333,0.053736,-1.760342,0.186052,0.064675,-1.317753,0.049451,-0.159162,-0.145634,0.227913,0.467028,-1.004874,-0.104998,0.543082,-0.547163,-0.212333,0.190189,-0.508323,-0.036904,0.122238,-0.962300,0.101395,0.507767,-2.023317,0.235981,0.106032,-0.953747,0.135280,0.465451,-1.498682,0.339752,0.401158,0.374022,0.182850,0.157486,1.363703,-0.213669,0.495203,0.640626,-0.082819,-0.179974,-1.012600,0.061089,0.505012,1.538737,0.070134,-0.127569,1.729542,-0.347717,0.336798,-0.648974,-0.027689,0.077291,-1.561713,-0.257879,0.441620,-0.748241,-0.286658,-0.100898,1.654056,0.206771,0.330502,-1.187970,0.249169,-0.001966,0.154356,0.028324,0.136163,0.838943,-0.156015,-0.273317,-0.341208,-0.075690,0.153110,0.459765,0.103170,0.507636,0.525657,-0.068611,-0.030257,1.067221,0.277977,0.688623,-1.248023,0.281374,-0.010861,0.983569,0.246274,-0.060881,1.261598,-0.097529,0.428716,1.412982,0.123718,-0.091510,-1.512289,-0.364285,0.012443,-1.613764,0.092492,0.089159,1.025540,-0.153718,0.301497,-1.440477,0.179375,0.579134,1.144674,0.402653,0.539848,1.210310,0.400559,0.585636,-1.453132,-0.066580,0.566668,1.064405,0.397245,-0.152915,0.956653,0.122999,-0.152915,1.189398,-0.149871,-0.177461,0.980418,-0.260796,-0.243508,-0.505781,-0.138366,-0.185809,1.166733,0.136144,-0.156588,0.906209,0.114552,-0.178441,0.973503,0.290325,-0.250473,0.089458,-0.001049,-0.189938,-0.238402
0.049197,0.519998,-0.166340,-1.194101,-1.130826,-0.033726,-1.565904,-0.363048,0.536397,0.904248,0.410272,-0.034286,0.612071,0.362646,-0.274323,-1.054330,0.087742,-0.797042,-0.037344,0.373003,1.082980,-0.652698,-0.607080,0.456511,-0.175720,-0.824876,-0.429448,-0.289857,-0.441013,-0.057665,-0.452962,-0.167511,-0.216328,0.000492,0.000492,0.000492,0.137890,-0.918549,-0.648192,0.599574,-0.798846,0.340735,0.000492,0.000492,0.000492,0.548840,0.344858,0.283088,-0.389336,0.291387,0.203789,-1.213423,-0.055718,0.086478,-0.730842,-1.382874,0.220177,0.000492,0.000492,0.000492,0.000492,0.000492,0.000492,0.000492,0.000492,0.000492,0.000492,0.000492,0.000492,0.000492,0.000492,0.000492,0.000492,0.000492,0.000492,-0.071061,-0.658979,0.331336,0.194251,-0.324875,1.304751,0.838575,-0.384351,1.360468,-0.114592,-0.494329,1.437942,0.053657,-0.506348,1.579745,0.277872,-0.678625,1.353005,0.216187,-0.232839,1.336920,-0.179405,-0.130766,-0.547367,0.070759,-0.898340,-0.698875,-0.071798,-0.451149,0.709889,0.377779,0.246447,0.477144,0.038740,0.392776,0.586398,0.024336,0.158549,0.726646,0.192253,-1.017150,0.425082,-0.184760,0.304789,0.420998,0.543052,0.623240,0.376697,0.088682,-0.356173,0.345483,-0.235056,-0.401385,0.375588,0.086638,0.223444,0.819208,0.253118,-0.625299,-0.091347,-1.138324,0.592339,0.309991,0.511860,0.401155,-0.152143,-0.233947,0.308864,0.296368,-0.691096,0.050547,0.953121,-0.698329,-0.129089,0.905285,-0.507568,-0.077689,-0.754017,-0.310308,0.263630,-0.079130,-0.348364,-0.073990,0.260990,-0.411132,-0.247369,0.406091,-0.438010,-0.384576,0.564880,0.294860,0.269108,-0.014271,0.417832,-0.055157,0.651074,0.092555,-0.250333,0.890651,-0.227204,-0.274881,0.554370,0.850622,0.255713,0.140105,0.718950,-0.032711,0.504809,0.415365,-0.043042,-1.040136,0.030497,0.100206,-0.443508,1.144157,0.216619,0.692455,0.958111,-0.020559,0.620024,0.752477,0.022145,-0.283079,0.591351,0.154005,-0.512506,-0.243406,1.255124,0.753138,-0.412123,1.335852,-1.037372,-0.052997,0.753953,-0.977771,-0.344719,0.681952,1.629682,-0.245769,1.183069,-0.659119,-0.160936,0.809679,-0.151846,-0.144495,0.359511,0.381147,-0.141206,0.777360,1.004250,-0.095117,0.696594,1.230240,-0.203921,0.255893,-0.539643,-0.309646,-0.120547,-1.335834,-0.368162,0.690210,1.544073,-0.055455,-0.104581,0.598605,-0.263827,-0.408096,-1.104072,-0.287037,-0.069463,0.051224,-0.223179,-0.575915,-0.899309,-0.586480,-0.990104,-1.265923,-0.338762,0.393458,1.787939,-0.443915,0.312575,-0.126534,-0.192596,0.334946,-0.704342,-0.057489,0.347675,-0.547809,0.040693,0.227079,0.198714,0.010470,0.268371,-0.121208,-0.086890,0.310207,0.274540,-0.206342,0.028537,0.045125,-0.263642,0.269640,0.005857,-0.048998,0.320815,-0.226865,-0.021564,0.059310,-1.140856,-0.093801,0.507049,0.275071,0.046738,0.762378,0.571326,-0.058649,0.838445,-0.774246,0.056405,0.828062,-0.922972,0.029129,0.416742,2.367108,-0.144574,0.180713,1.210289,-0.258647,0.507264,-0.219922,-0.107603,0.263036,-1.024057,-0.401004,0.384521,1.333214,-0.379894,0.215509,0.857433,-0.204584,0.188808,-0.355871,-0.129011,0.359312,-0.527784,-0.111199,0.315017,-0.029562,-0.421176,0.321215,-0.056286,-0.068819,0.671518,1.232807,-0.275310,0.327270,1.245478,-0.271182,-0.027584,0.280962,-0.131984,-0.005915,-1.802055,-0.377077,0.519067,-0.346011,-0.178300,0.353231,0.895813,0.079130,0.419146,0.359594,-0.050357,0.740815,0.199051,-0.085948,0.446087,1.483491,-0.408627,0.006828,-0.123722,-0.137976,0.474728,0.650131,-0.143426,0.410412,-0.536507,-0.368793,0.529059,-1.969272,-0.209956,0.195597,1.553568,0.055092,0.762742,-0.888994,-0.165995,0.662597,0.182314,-0.258721,0.623501,0.931759,0.071147,1.022110,-0.732897,-0.149447,0.951749,0.474109,-0.271616,-0.061960,-0.450171,-0.236686,-0.061960,0.032124,-0.191419,0.355957,-0.170744,-0.599895,-0.150510,-1.654064,-0.179666,-0.100125,-0.255289,-0.226483,-0.065343,-0.386277,-0.259544,-0.087394,-0.465666,-0.166105,0.059049,-0.371007,0.278299,0.093152,-0.385754
0.044518,0.525039,-0.270335,-1.198682,0.499349,0.301962,-1.565748,-0.339004,0.965989,1.203585,0.466260,-0.087526,1.000307,0.424004,0.200937,0.770282,0.057498,0.023712,-0.053085,-1.328718,-0.158677,-0.656804,-0.619421,0.245016,0.415459,0.249864,-1.066457,-0.281242,-0.428807,-0.701097,-0.440586,-0.167511,-0.516627,0.000492,0.000492,0.000492,0.783051,-0.911035,0.181177,0.585533,-0.798846,-0.983527,0.000492,0.000492,0.000492,0.545700,0.349281,0.518818,-0.388027,0.323216,0.093745,-1.224797,-0.045566,-0.010383,-0.742887,0.421416,0.635758,0.000492,0.000492,0.000492,0.000492,0.000492,0.000492,0.000492,0.000492,0.000492,0.000492,0.000492,0.000492,0.000492,0.000492,0.000492,0.000492,0.000492,0.000492,0.199980,-0.249581,-0.236565,0.102835,-0.168028,1.311369,0.106822,-0.412068,1.024801,-0.348245,-0.370447,1.585672,-0.192098,-0.354164,0.336592,0.075429,-0.077032,0.722723,0.164226,-0.654494,-0.698794,0.775567,0.923333,1.528186,0.416546,-0.257818,1.642941,-0.801034,-0.290738,0.437431,0.331400,-0.218437,-0.336403,-0.103498,0.329091,-0.912808,0.093904,-1.049009,-1.140335,-0.030488,-0.905264,-0.495461,-0.021342,0.544902,-0.620568,-0.443644,-0.638705,-1.070621,-0.042064,-0.665285,-1.572075,-0.219450,-0.711421,-0.664249,-0.005689,-0.824977,-0.630645,-0.305315,1.044031,-0.877439,1.000126,-1.030351,-0.912764,0.840704,0.488202,-0.512596,0.084217,0.372268,0.597278,-0.548898,0.139938,1.164550,-0.618214,-0.010974,0.743436,-0.426139,-0.060264,-0.829122,-0.009288,0.362501,0.436050,-0.303461,0.027945,0.246965,-0.441026,-0.165577,0.713560,-0.533582,-0.336735,0.855643,0.604416,0.382311,-0.058843,0.490103,-0.005196,1.051279,0.113391,-0.193918,0.588924,-0.224701,-0.179368,-0.224615,1.069562,0.302845,0.393298,0.819376,-0.033821,0.751484,0.511552,-0.066882,-0.959830,0.159979,0.101326,-0.510419,1.356482,0.228614,0.938148,1.092961,-0.019226,0.470254,0.889616,-0.028328,-0.497669,0.770613,0.111635,-0.790576,-0.461492,0.970854,0.733498,-0.584689,0.793551,-0.661763,-0.222151,0.594192,0.049063,-0.531885,0.863756,1.460296,-0.431699,0.794470,-0.375692,-0.292373,0.472455,0.133200,-0.228360,0.612960,0.002605,-0.184139,0.777606,0.014219,-0.351667,0.698717,0.532226,-0.437439,0.666839,0.574046,-0.499276,0.347272,0.596673,-0.234546,0.596795,0.282423,-0.163617,0.341331,0.504757,-0.707149,-0.023226,-0.191877,-0.384777,-0.539373,-0.283941,-0.647131,-0.407140,-0.924884,-1.031739,-0.057793,-0.565241,-0.510289,0.810280,1.356627,-0.585806,0.261538,0.343923,-0.301482,0.275600,-0.842671,-0.392554,0.290870,-1.337873,-0.767231,0.154168,-0.187053,0.012179,0.204600,-0.260722,-0.058963,0.691742,-0.064789,-0.149226,-0.067811,0.308379,-0.174940,0.587826,-0.354256,-0.539674,0.764931,-0.260261,-0.037240,0.458225,-0.814849,-0.107404,0.546675,0.556875,0.035189,0.511404,-0.383100,-0.070266,0.554884,0.346618,0.016564,0.249466,-0.607924,0.003645,0.898870,0.891913,-0.155701,0.365295,1.323621,-0.250846,0.627969,-0.640119,-0.081289,0.423001,-0.269375,-0.527952,0.927595,0.521825,-0.490524,0.226690,0.814883,-0.276807,0.718437,-0.838425,-0.187783,-0.011955,-0.127935,-0.182547,0.352820,-0.650838,-0.518787,0.364682,-0.087366,-0.038734,0.678979,0.212626,-0.230525,0.311104,1.200057,-0.506070,0.446759,0.424457,-0.340634,-0.013385,-1.192247,-0.301936,0.527074,-0.292136,-0.128761,0.905818,0.273959,-0.224126,0.649320,0.462801,-0.091575,0.902827,-1.034143,-0.113967,0.655083,1.256160,-0.420877,0.714158,0.839837,-0.129087,0.643903,-0.090818,-0.114263,0.643558,0.068808,-0.616896,0.783828,-0.102513,-0.174812,0.473991,1.413895,-0.177494,0.636010,-1.155536,-0.462737,0.865539,-0.481539,-0.286956,0.826904,0.100026,0.031303,0.557708,-0.878631,-0.195234,0.832558,-0.589355,-0.300171,0.682194,0.921795,-0.246918,0.682194,0.150161,-0.182288,0.615321,-0.377078,-0.555650,0.610366,-0.611002,-0.435859,0.616642,-0.332878,-0.236799,0.681183,0.287314,-0.288080,0.657510,0.681628,-0.266424,0.071628,0.369649,0.058295,0.082282,-0.407105
0.044957,0.540160,-0.654895,-0.272415,-1.110775,0.645903,-1.558223,0.240681,1.085463,1.578254,0.549291,0.277093,1.160029,0.456312,0.035765,0.780757,-0.151053,1.018122,-0.052125,-1.385977,-0.656511,-0.657987,-0.574170,0.533563,0.412384,-0.852272,-1.410070,-0.271399,-1.353741,-0.886644,-0.433831,-0.167511,-0.222258,0.000492,0.000492,0.000492,0.139893,-0.938555,-1.218520,0.611605,-0.798846,-0.339876,0.000492,0.000492,0.000492,0.551064,0.347803,0.303400,-0.388682,0.345977,-0.021565,-1.224439,-0.056921,-0.115403,-0.747611,0.427429,0.586387,0.000492,0.000492,0.000492,0.000492,0.000492,0.000492,0.000492,0.000492,0.000492,0.000492,0.000492,0.000492,0.000492,0.000492,0.000492,0.000492,0.000492,0.000492,-0.063839,-0.207840,-0.454512,0.096510,0.251190,1.479879,-0.183016,0.407410,1.066085,-0.362751,-0.293056,1.052452,-0.207355,-0.297421,0.337735,0.077089,-0.443706,0.751030,0.160141,-0.567372,-0.405473,0.766630,0.997777,1.061069,0.403482,-0.603500,1.792447,-0.292501,-0.657952,-0.107430,0.327779,-0.396555,-0.579488,0.376767,-0.445563,-0.946528,0.326773,-0.353030,-1.358483,0.242507,-0.835367,-0.146718,0.218531,0.571579,-0.903615,0.212072,-0.106213,-1.011153,0.426613,-0.608054,-1.366072,-0.219655,-0.992030,-0.504374,0.264797,-1.017474,-0.792113,-0.086114,1.061541,-0.979988,0.996652,-1.014333,-0.593024,1.094892,0.521108,-0.289770,0.292287,0.430256,0.937533,-0.382513,0.223100,1.064150,-0.486086,0.053868,0.569795,-0.251227,0.056980,-0.850706,0.289482,0.455698,0.178859,-0.234395,0.091731,-0.314463,-0.449764,-0.106947,0.664017,-0.596689,-0.283329,0.913000,0.930400,0.453256,0.308081,0.573427,0.005757,0.943362,0.096604,-0.138123,0.294455,-0.215206,-0.114805,-0.327424,1.303282,0.329143,0.343008,0.900634,-0.021104,0.598476,0.543468,-0.069494,-1.188351,0.200361,0.101618,-0.613562,1.523996,0.233787,0.983449,1.211868,-0.018619,0.266920,0.966353,-0.043004,-0.395506,0.773589,0.106520,-0.833701,-0.344238,1.170980,0.531279,-0.764476,0.934269,0.501026,-0.967932,0.681004,-0.684448,-0.438984,0.613440,1.370107,-0.348805,0.480092,-0.519055,0.050873,0.739704,-0.765048,-0.501068,0.562674,1.765878,-0.223667,1.002624,0.926766,-0.169884,0.931937,1.181962,-0.285607,0.578326,0.229489,-0.391834,0.271274,-0.450678,-0.178190,1.121117,1.521428,-0.409999,-0.255800,-0.780597,-1.005335,0.138266,-0.190679,-0.652409,-0.249836,-0.878188,-0.935882,0.010682,-0.747216,-1.002057,0.544851,0.163472,-0.433816,0.716818,0.787509,-0.238859,0.213884,0.515677,0.008213,0.593771,-0.994240,-0.134707,0.595418,-1.350985,-0.033502,0.606508,-0.506473,-0.061382,0.946341,-0.749925,-0.159177,0.669002,-0.572677,-0.021881,0.318629,-0.459172,-0.076808,0.571466,-0.485886,-0.446065,0.708683,-0.116472,-0.601067,0.364437,-0.981502,-0.164514,0.381707,-0.875754,-0.022774,0.688090,-1.568122,-0.128570,0.362565,-1.131454,-0.013791,0.387241,-1.302639,-0.042267,0.675909,0.942266,-0.222902,0.521629,1.359675,-0.612981,0.737679,0.556429,-0.432789,0.597392,-1.136187,-0.490283,0.763349,1.746485,-0.469018,0.576790,1.333194,-0.532958,0.577558,-0.740336,-0.209182,0.263424,-1.189395,-0.444424,0.713061,-0.516550,-0.501511,0.738101,1.142941,-0.142160,0.551195,-0.666114,-0.090602,0.697768,0.589633,-0.358828,0.340399,1.155740,-0.217292,0.289986,-1.213220,-0.465272,0.907270,0.685072,-0.256641,0.758832,1.027873,-0.236739,0.332405,1.050339,-0.122979,0.959468,-1.053076,-0.170514,0.349862,1.101059,-0.198410,0.358500,1.026451,-0.470874,0.724101,1.470095,-0.214519,0.741386,-1.416059,-0.764782,0.857257,-1.466937,-0.290893,0.530817,1.224932,-0.504396,0.675727,-1.453499,-0.249199,0.892232,1.181722,-0.050940,0.853657,1.299232,-0.001847,0.940394,-1.392310,-0.218531,0.877324,0.543352,-0.061484,0.295380,0.718063,-0.322896,0.295380,1.110619,-0.533377,0.248877,0.737582,-0.691382,0.214860,-0.355841,-0.519585,0.245729,0.875043,-0.313399,0.293136,0.833300,-0.345670,0.270306,0.774860,-0.258844,0.382249,-0.401934,-0.362160,0.409649,-0.877605
0.047077,0.538132,-0.636452,-0.266915,-1.111775,0.869718,-1.157010,0.243333,1.111769,1.730503,0.576703,0.524339,1.472442,0.485607,0.107156,-1.046480,-0.227750,1.138517,-0.066259,-4.843304,-1.387896,-0.655621,-0.627598,0.354531,0.423781,-0.831204,-1.283388,-0.272999,-0.449748,-0.781545,-0.427454,2.128528,-1.046185,0.000492,0.000492,0.000492,0.779061,-0.918549,-0.570365,0.598437,1.315531,-1.130367,0.000492,0.000492,0.000492,0.552415,0.357279,0.408002,-0.387800,0.343663,0.027296,-1.204544,-0.034521,0.064380,-0.745879,0.452581,0.802515,0.000492,0.000492,0.000492,0.000492,0.000492,0.000492,0.000492,0.000492,0.000492,0.000492,0.000492,0.000492,0.000492,0.000492,0.000492,0.000492,0.000492,0.000492,-0.312789,-0.340558,-0.210934,0.188774,0.172803,0.404144,0.017400,-0.067015,0.161523,-0.255636,-0.103405,-0.703868,-0.695584,-2.675751,0.251850,0.185065,-1.095142,-0.123461,-0.227847,-1.104055,1.418460,0.218496,-0.297538,0.526971,0.276765,-0.213760,0.600860,-0.753605,-1.324621,0.547150,0.239493,-0.287906,-0.356991,-0.393123,-0.136225,-0.510601,-0.001008,-1.256773,-1.164397,-0.495044,-0.664082,-0.768239,0.076113,-1.940686,-0.527143,0.231347,-0.337148,-0.752812,-0.061514,-1.675672,-0.784930,-0.182111,-2.042396,-0.369730,-0.191215,-0.881029,-0.513899,1.807292,-3.102304,-1.006810,0.900663,-1.139774,-0.262839,1.300470,0.562593,-0.271672,0.470534,0.483530,0.849089,-0.258593,0.295419,1.119988,-0.410535,0.123655,0.535517,-0.389088,0.014661,-0.907371,0.545436,0.499154,0.608606,-0.131394,0.144807,-0.214784,-0.413551,-0.065956,0.657322,-0.576296,-0.231681,0.511214,1.191903,0.444245,0.416724,0.656278,0.027984,0.933485,0.155540,-0.101164,0.265517,-0.163797,-0.084995,-0.012825,1.523492,0.342880,0.536466,0.996639,-0.005279,0.427997,0.619401,-0.077149,-1.108961,0.254420,0.064931,-0.866314,1.677707,0.233236,0.732041,1.302029,-0.008195,0.164770,1.086319,-0.055718,-0.380735,0.818227,0.056137,-1.033411,-0.337615,0.839017,0.288409,-0.759106,0.620004,0.894040,-0.962438,0.385281,-0.104832,-0.433050,0.620606,1.335526,-0.342300,0.487397,-0.571709,-0.244936,0.746659,-0.985336,-0.496334,0.568580,2.261019,-0.219067,1.008940,1.097674,-0.166099,0.938778,1.360928,-0.281674,0.587377,0.237898,-0.388336,0.282713,-0.460011,-0.175463,1.134158,1.309488,-0.407376,-0.240350,-0.739282,-1.002256,0.156847,0.015736,-0.649695,-0.229957,-0.886490,-0.932923,0.032808,-0.774830,-0.998980,0.570480,-0.046049,-0.427815,0.729432,0.571977,-0.233577,0.226055,0.489415,0.013134,0.604521,-1.045352,-0.130416,0.605708,-1.651908,-0.282957,0.622213,-0.499628,-0.057773,0.570451,-0.992570,0.095571,0.684308,-0.346982,-0.018770,0.331004,-0.268068,-0.073665,0.988864,0.308915,-0.132732,1.243409,0.124074,-0.344316,0.376711,-1.225968,-0.160743,0.396498,-0.980997,-0.019266,0.998551,-1.209398,-0.125041,0.755780,-1.322711,-0.010078,0.751368,-1.498497,-0.038471,0.685030,0.944060,-0.218725,0.533628,1.385092,-0.609205,0.745787,0.582234,-0.429313,0.609172,-1.293266,-0.484866,0.778075,1.489671,-0.463842,0.590851,1.370058,-0.528599,0.593159,-0.680963,-0.204705,0.660219,-1.420404,-0.439997,0.728535,-0.487570,-0.767973,0.754326,1.197316,-0.138648,0.565712,-0.554191,-0.087266,0.712636,0.509399,-0.354852,0.354754,1.047108,-0.514143,0.301515,-0.933767,-0.461271,0.922848,0.614287,-0.253108,0.775109,0.909930,-0.232745,0.341478,0.621127,0.129082,0.966875,-0.613598,-0.166013,0.360218,1.277439,-0.194071,0.370460,1.053786,-0.467094,0.732582,1.546806,-0.211115,0.752642,-1.486830,-0.760814,0.868001,-1.745121,-0.287017,0.541806,1.052231,-0.256427,1.050905,-1.413129,-0.244990,0.899752,1.528282,-0.046662,0.861194,1.568439,0.002025,0.948724,-1.095069,-0.214689,0.885147,1.151886,-0.057157,0.307486,0.652433,-0.318545,0.307486,1.007330,-0.529494,0.260092,0.807035,-0.687278,0.707081,-0.624429,-0.515725,0.257080,0.909634,-0.309012,0.305280,0.750378,-0.045226,0.282424,0.729128,-0.253706,0.394844,-0.400625,-0.358548,0.422380,-0.612371
0.050024,0.538654,-0.647529,-0.252420,0.498350,1.103282,-1.159909,0.257669,1.296815,1.878175,0.577814,0.221200,1.552064,0.546737,0.049996,0.767292,-0.272246,1.243543,-0.055007,-3.111268,-1.390324,-0.671791,-0.615307,0.550844,0.428686,0.254083,-1.181816,0.355075,-0.425313,-0.930362,1.461454,2.128528,-1.211493,0.000492,0.000492,0.000492,0.146997,-0.903552,-0.870223,0.572645,-0.798846,-0.170651,0.000492,0.000492,0.000492,0.554203,0.356649,0.376181,-0.388241,0.364898,-0.034951,-1.205606,-0.040499,0.068828,-0.747165,0.456128,1.005018,0.000492,0.000492,0.000492,0.000492,0.000492,0.000492,0.000492,0.000492,0.000492,0.000492,0.000492,0.000492,0.000492,0.000492,0.000492,0.000492,0.000492,0.000492,-0.067871,-0.765135,-0.065001,-0.006476,0.012936,1.093529,-0.384994,0.358144,1.391288,-0.608895,0.279770,0.848487,-0.466247,-2.448750,0.221949,0.115502,-0.774747,-0.712923,0.095481,-1.494358,0.780405,-0.223666,-0.583391,1.176830,0.467190,-0.417090,2.246297,-0.533930,-0.547414,0.487988,0.054480,-0.458892,-0.011305,-0.265897,-0.050438,-0.160680,0.150109,-0.968490,-0.712893,0.002434,-0.758472,0.122643,-0.115824,-1.016925,-0.210703,0.320434,-0.051874,-0.230413,0.292976,-0.960106,-0.608673,-0.215301,-1.347513,-0.110675,-0.117007,-0.484834,-0.173854,0.255307,-0.987909,-0.695604,0.940447,-1.022348,-0.333888,1.465730,0.583939,-0.447627,0.599042,0.499250,1.008881,-0.143645,0.328872,0.911486,-0.348024,0.167100,0.593595,-0.373463,0.043376,-0.861321,0.629667,0.524573,0.616175,-0.064922,0.196310,0.184719,-0.320760,-0.029958,0.646055,-0.504083,-0.218264,0.542877,1.279022,0.461266,0.744000,0.738126,0.040063,0.675670,0.263530,-0.088495,0.047350,-0.078159,-0.080411,0.084532,1.639157,0.344556,0.618966,1.118450,0.006043,0.307477,0.693176,-0.073209,-1.273095,0.368634,0.076046,-1.002415,1.778669,0.234767,0.829763,1.398217,-0.005340,0.088888,1.156480,-0.052632,-0.474185,0.889464,0.027507,-1.182965,-0.565488,0.974111,0.156902,-0.941692,0.800488,0.035289,-0.865819,0.604916,-0.681583,-0.628029,0.877616,1.147295,-0.535326,0.813422,-0.166197,-0.380519,0.795474,-0.602936,-0.583294,0.899401,1.686524,-0.259819,1.095867,0.477788,-0.157190,1.031788,0.916983,-0.218893,0.699664,0.670804,-0.272395,0.384591,0.803221,-0.290679,0.634047,-0.039496,-0.778862,0.376093,0.299667,-0.773012,0.005855,1.454581,-1.018042,-0.520095,-0.128027,-1.025315,-0.397140,-0.162451,-1.097542,-0.057056,0.327159,-0.286328,0.806930,1.012335,-0.378252,0.255459,0.408374,-0.096002,0.617638,-0.978069,0.062634,0.618263,-1.270224,-0.069946,0.656715,-0.282302,-0.051161,0.588163,-0.928799,0.132366,0.680994,-0.053721,0.309929,0.313605,-0.097682,0.028506,0.986074,0.598229,0.016334,1.278679,0.297110,-0.358246,0.455420,-1.018189,0.074184,0.547100,-0.473404,-0.027105,0.818249,-1.021134,0.109832,0.561477,-0.144005,-0.048272,0.616353,-1.213126,-0.060999,0.909164,0.600075,0.045666,0.831996,1.433646,-0.320672,0.943226,-0.183708,-0.143690,0.434411,-0.706111,-0.615153,0.928018,1.454238,-0.576802,0.709229,1.161860,-0.347717,0.716623,-0.820205,0.012516,0.375565,-0.901323,-0.254336,0.886085,-0.415125,-0.596556,0.924345,0.890243,-0.101317,0.677308,-0.690607,-0.032227,0.307261,0.343278,-0.268801,0.442947,1.147517,-0.409687,0.381283,-0.684198,-0.374680,1.046138,0.609909,-0.194823,0.903925,0.862122,-0.045702,0.666867,0.456582,0.091272,0.915186,-1.165000,-0.190785,0.670955,1.166034,-0.199178,0.732503,1.241455,-0.454435,0.987034,0.818175,-0.174928,0.661174,-1.021399,-0.690559,0.803491,-0.181082,-0.243877,0.495214,1.364178,-0.238972,1.023479,-1.434920,-0.247963,1.184585,0.628480,-0.069367,1.146675,0.856139,-0.036084,0.922875,-0.964294,-0.022212,0.847381,-0.253999,-0.080119,0.702820,1.484081,-0.323666,0.702820,1.040546,-0.516490,0.635045,0.443105,-0.633406,0.631455,-0.070284,-0.502799,0.636606,0.556966,-0.314175,0.701874,1.033366,-0.068172,0.678156,1.502193,-0.355103,0.504049,-0.388647,-0.290507,0.079372,-0.542838
0.050464,0.529588,-0.562520,-0.273703,-1.110102,0.769383,-1.161006,0.262989,1.265892,2.025335,0.603533,0.164204,1.554113,0.577387,0.061529,-1.047210,-0.318590,1.249425,-0.062711,-3.121387,-1.476652,-0.657091,-0.602966,0.354752,1.014737,-0.854381,-1.598163,0.367382,-1.348501,-1.449929,-0.447341,-0.167511,-0.120791,0.000492,0.000492,0.000492,0.780554,-0.936081,-1.048516,0.550018,-0.798846,-0.630589,0.000492,0.000492,0.000492,0.551965,0.355389,0.364108,-0.385396,0.361891,-0.086712,-1.218042,-0.028561,-0.189011,-0.756639,0.443368,0.952689,0.000492,0.000492,0.000492,0.000492,0.000492,0.000492,0.000492,0.000492,0.000492,0.000492,0.000492,0.000492,0.000492,0.000492,0.000492,0.000492,0.000492,0.000492,-0.051951,-0.276096,0.785021,0.008051,0.021994,1.199241,-0.370390,0.370442,1.258133,-0.594838,-0.192419,0.750588,-0.746987,-3.085890,-0.398443,0.131495,-1.205474,-0.581849,0.111822,-1.476916,1.145774,0.072750,-0.568524,1.190881,0.482086,-0.403521,2.789396,-0.259858,-1.427979,0.980218,0.283978,-0.449999,0.130736,-0.252658,-0.209002,0.034656,-0.084536,-1.282735,-0.210626,0.019109,-0.744476,0.503828,-0.101969,-1.151427,-0.130612,0.332572,-0.216250,-0.088429,0.305880,-1.669942,-0.250694,-0.200479,-1.336812,0.120786,-0.101358,-0.475504,0.151189,0.267759,-0.984266,-0.753211,0.948837,-1.130880,0.239564,1.579822,0.538653,0.101532,0.796006,0.464349,1.463872,-0.019455,0.342437,1.242056,-0.273963,0.185339,0.658808,-0.112095,0.082911,-0.871051,0.717711,0.515953,0.605651,0.036222,0.205804,0.286915,-0.225289,-0.015944,0.763989,-0.428812,-0.214701,0.585664,1.360962,0.445917,0.616385,0.817333,0.041534,0.763780,0.319423,-0.072127,0.142927,-0.000435,-0.063546,0.223779,1.738540,0.337348,0.920932,1.211446,0.001165,0.369810,0.750325,-0.062991,-1.206567,0.376437,0.104149,-0.997952,1.839455,0.250046,0.839741,1.456319,-0.000576,0.396268,1.229148,-0.032802,-0.498924,0.959931,0.056642,-1.161369,-0.343382,0.837843,-0.331354,-0.764002,0.619449,0.192309,-0.690238,0.385026,-0.954860,-0.438445,0.621109,1.555611,-0.347914,0.802866,-0.516563,-0.249598,1.047741,-0.395128,-0.500364,0.569728,1.631394,0.058910,1.010437,1.032548,0.089337,0.940108,1.400054,-0.284628,0.589551,-0.249864,-0.100495,0.284429,-0.802042,-0.177062,0.573530,0.747563,-0.131627,-0.239250,0.403650,-0.678574,-0.561556,-0.405172,-0.365321,-0.230584,-0.269279,-0.621551,-0.747332,-0.883306,-0.675538,-0.308979,-0.603070,-0.432994,0.727576,1.196287,-0.238368,0.616421,0.010376,0.008953,0.602422,-1.016629,0.128101,0.603699,-1.309802,-0.032854,0.619157,-0.510344,-0.060541,0.956011,-0.530943,0.092964,0.680994,-0.117780,0.237023,0.328322,0.141753,-0.075675,0.986074,0.615135,0.174731,1.240285,0.229470,-0.094299,0.374589,-1.135970,0.079207,0.900168,-0.224187,0.217524,0.997769,-0.116630,0.113141,0.754788,-0.717876,0.226749,0.751070,-1.063740,0.203069,0.684719,1.958995,0.047298,0.533250,1.365412,-0.337238,0.745531,-0.105251,0.073038,0.608801,-1.202362,-0.489506,0.775905,1.286087,-0.468238,0.588797,1.068547,-0.278769,0.590474,-0.628449,0.064707,0.658545,-0.882677,-0.186315,0.726255,-0.214127,-0.500808,0.752441,0.557253,-0.141293,0.563653,-0.133465,-0.089714,0.710092,0.773220,-0.357772,0.352642,0.924385,-0.216271,0.299845,-1.234849,-0.464209,0.920167,0.399554,-0.255700,0.772308,0.953031,0.008094,0.342115,0.679341,0.125875,0.966875,0.058693,0.120998,0.760963,1.569258,-0.197382,0.370460,0.455847,-0.211762,0.732582,1.110856,0.033682,0.752642,-0.991314,-0.455722,0.868394,-1.763065,-0.289916,0.542176,1.352903,-0.014574,1.051534,-1.188836,-0.248466,0.900268,0.892010,-0.050181,0.861712,1.391369,-0.001208,0.949316,-0.782793,-0.217921,0.885411,0.635371,-0.060716,0.307913,0.227668,-0.321865,0.307913,0.383802,-0.267213,0.709661,0.175783,-0.371257,0.227675,-1.129936,-0.255008,0.257478,0.140777,-0.312360,0.305709,0.057079,-0.048782,0.282852,0.370341,-0.258040,0.392976,-0.463464,-0.081124,0.420179,-0.669365
0.070370,0.535612,-0.693691,-0.265817,0.521399,1.134499,-1.162181,0.271652,1.403872,2.025035,0.577867,0.167190,1.553575,0.607862,0.182534,0.768411,-0.259844,1.174696,-0.043774,-1.379231,-1.490521,-0.640347,-0.553652,0.348882,0.423781,-1.941777,-1.317823,0.357659,-2.257713,-1.143209,1.467453,-0.167511,0.243721,0.000492,0.000492,0.000492,-0.502649,-0.958592,-1.943146,-0.872147,-0.798846,1.272611,0.000492,0.000492,0.000492,0.567169,0.357498,0.209742,-0.371173,0.348984,-0.303995,-1.209162,-0.065888,-0.124507,-0.726958,0.415750,0.636030,0.000492,0.000492,0.000492,0.000492,0.000492,0.000492,0.000492,0.000492,0.000492,0.000492,0.000492,0.000492,0.000492,0.000492,0.000492,0.000492,0.000492,0.000492,-0.048541,-0.662774,0.743455,-0.149713,-0.481723,0.727640,-0.446332,0.040807,1.110059,-0.348013,-0.269857,1.114607,-0.191854,-0.284511,-0.224488,0.092043,-0.425890,-0.057412,-0.105105,-0.978605,-0.227343,-0.325832,-0.830567,0.318927,0.418616,-0.583147,1.472538,0.231031,-1.082176,0.827270,0.553478,0.055871,0.594990,-0.099157,0.365471,0.308249,0.339943,-0.340064,-0.199241,0.258526,-0.814415,1.317074,0.232193,-1.212571,0.329609,0.445575,0.070368,0.475288,0.439706,-0.593728,0.013259,0.039205,-0.647280,0.627842,0.280214,-0.544650,0.393761,0.606433,-0.831782,-0.289876,1.004924,-1.119315,0.380338,1.546324,0.562828,0.330483,0.822854,0.449174,1.571282,0.024125,0.332319,1.169108,-0.265112,0.171819,0.713581,-0.166574,0.088264,-0.552203,0.703416,0.504555,0.713408,0.154049,0.193457,0.562995,-0.130980,-0.016488,0.723120,-0.312523,-0.241243,0.049752,1.355224,0.448955,0.400051,0.893410,0.060560,0.934076,0.408287,-0.075208,0.209446,0.055484,-0.075128,0.041166,1.744304,0.339774,1.001958,1.246067,0.018057,0.525239,0.848598,-0.037408,-1.103961,0.473664,0.150488,-0.903588,1.870462,0.258950,0.826370,1.514099,0.005812,0.648887,1.305506,-0.010602,-0.390666,1.054341,0.148215,-0.987796,-0.232176,0.962328,0.382416,-0.398839,0.466215,-0.822436,-0.030815,0.598650,-0.253344,-0.314752,0.873902,1.213511,-0.191305,0.810998,-0.115014,-0.077717,1.097080,0.609491,-0.027688,0.899845,0.450460,0.027130,0.801804,0.345474,0.107807,1.032860,0.262004,0.075470,0.700399,-0.171403,0.029680,0.384162,0.062315,-0.014136,0.064712,0.579811,0.071797,0.369491,1.101840,-0.430013,-0.731080,0.624018,-0.140287,-0.538719,0.386666,-0.380213,-1.206054,-0.600425,-0.754787,-0.091002,-0.729026,-0.288517,0.788038,1.512528,-0.379511,0.632320,-0.326255,-0.096002,0.600638,-0.725360,0.064205,0.601992,-0.434098,0.188007,0.632251,0.040437,0.202808,0.959679,0.629094,0.137984,1.140236,0.579073,0.317037,0.293184,0.322600,0.299986,0.965180,0.477765,0.652049,1.253670,0.224773,0.155274,0.438277,-0.629739,0.077947,0.527969,0.553342,0.217944,0.808111,-0.049817,0.113564,0.935262,0.027826,0.195781,0.607477,-0.954821,0.188545,0.901216,1.719609,0.049843,0.821572,1.329358,-0.038515,0.935896,-0.577530,0.370831,0.423001,-0.264372,-0.313803,0.908971,1.065417,-0.273417,0.689763,0.698325,0.164373,0.695689,0.036219,0.014860,0.748452,-0.320809,0.006225,0.866071,0.452896,-0.322853,0.902855,-0.288668,-0.095616,0.657406,-0.020431,-0.025545,0.285592,0.951034,-0.260063,0.421448,0.777082,-0.097842,0.364313,-1.199009,-0.053831,1.025234,0.225700,-0.187747,0.882084,0.934369,0.447956,0.662165,0.650803,0.343985,0.910234,-0.313450,0.105980,0.663349,1.552601,0.104157,0.724141,0.469911,0.070697,0.980806,0.181015,0.079874,0.653685,-0.012531,-0.061868,0.796806,-0.651045,0.046196,0.489527,1.352955,0.258627,0.649890,-0.913093,0.045574,0.877984,-0.620823,-0.065314,0.839377,-0.030361,0.218625,0.570790,-0.520330,0.217057,0.842817,-0.356648,-0.076020,0.695550,0.601708,-0.019505,0.695550,0.037338,0.022933,0.627684,-0.399948,0.017297,0.624022,-1.065651,0.033408,0.629155,-0.440369,-0.007526,0.694581,-0.150689,-0.064077,0.670879,0.323271,-0.037664,0.486649,-0.304306,-0.000794,0.486240,-0.568611
0.086036,0.511946,-0.398560,0.668527,0.543795,1.620285,-0.746547,0.282058,1.178868,1.877377,0.604115,0.236311,1.554068,0.576687,0.146566,0.820396,-0.338281,1.805979,-0.018720,-1.348915,-1.063007,-0.648575,-0.528970,0.163424,1.019295,-0.833313,-1.799643,0.994964,-1.341513,-1.892192,-0.419955,-0.167511,1.418214,0.000492,0.000492,0.000492,0.785047,-0.903552,-1.415320,0.605030,-0.798846,-0.800949,0.000492,0.000492,0.000492,0.581036,1.419683,0.559550,-0.364389,0.344450,-0.493296,0.539134,-0.025262,0.475212,-0.683553,-1.404826,0.658521,0.000492,0.000492,0.000492,0.000492,0.000492,0.000492,0.000492,0.000492,0.000492,0.000492,0.000492,0.000492,0.000492,0.000492,0.000492,0.000492,0.000492,0.000492,-0.061934,-0.166146,0.826587,0.098413,-0.089604,1.410088,-0.459360,0.441295,0.293216,-0.360735,-0.246612,0.664717,-0.205235,-1.228632,-0.202328,0.078749,-0.845970,-0.636968,-0.118940,-1.825402,-0.426758,-0.062052,-1.181922,0.033304,0.405552,-0.983064,1.501067,0.472047,-1.502875,0.153743,0.542965,-0.376964,0.677363,0.378552,-0.110221,0.469766,0.328345,-0.968490,0.048541,0.516158,-0.793421,1.036440,0.220115,-1.343748,0.412443,0.434865,-0.258351,0.869879,0.666728,-0.576573,0.218687,0.026747,-0.631229,0.335562,0.266584,-0.765161,0.489355,0.595455,-1.189280,-0.017169,0.997734,-1.113972,0.866589,1.499243,0.561083,0.714849,0.787399,0.455478,1.434397,0.003809,0.323478,0.972555,-0.312150,0.132318,1.060036,-0.262969,0.036625,1.292370,0.643935,0.481646,0.935661,0.195792,0.168452,0.862368,-0.028759,-0.030446,1.174121,-0.157641,-0.184876,0.629649,1.267503,0.427999,0.529958,0.917388,0.075619,0.654411,0.522237,-0.094249,0.806102,0.140995,-0.085552,0.461851,1.668551,0.350071,0.929861,1.274504,0.043003,1.194108,0.949335,-0.004629,-0.965186,0.519515,0.219670,-0.797388,1.839828,0.292389,0.774125,1.529225,0.049147,1.009943,1.303271,0.048777,-0.427285,1.092871,0.196281,-0.766747,0.025073,-0.019086,0.798911,-0.464357,0.164737,1.142470,-0.101670,0.596809,-0.113759,-0.081948,0.561484,1.003844,0.054726,0.448931,0.599598,0.425216,1.035090,-0.184766,0.137930,0.835470,1.212948,0.458885,1.313584,0.627810,0.483180,0.951174,0.875218,0.179233,0.595341,-0.203645,0.403452,0.272168,0.019536,0.306271,-0.034534,0.515814,0.115969,0.296621,0.961379,-0.055314,-0.754621,1.110256,-0.101376,-1.254516,0.911467,-0.335496,-1.111612,-0.032929,-0.379535,-0.803065,-0.406998,0.257193,0.891127,1.343680,0.115376,0.348732,0.127773,0.086374,0.705595,-1.070311,0.217511,0.702455,-1.564960,0.069074,0.778518,-0.381008,0.563406,0.684954,-0.705764,0.491219,0.811195,-0.120821,0.665070,0.034568,0.283907,0.374764,1.095724,0.233951,0.416070,0.882748,0.176890,0.277881,0.532421,-0.874011,0.438825,0.621550,0.001430,0.573146,0.849954,-0.869201,0.470855,0.587500,0.405534,0.564968,0.622157,-0.983577,0.557710,0.909463,1.305305,0.447957,0.830846,1.546292,0.082906,0.944537,-0.159637,0.218459,0.444290,-0.520832,-0.116420,1.002144,1.109939,-0.083245,0.790326,1.108145,0.058768,0.805366,-0.811945,0.441553,0.437934,-0.659050,0.157548,0.963970,-0.324163,-0.152377,1.004089,0.765407,0.262768,0.761119,-0.827370,0.330263,0.403841,0.072395,0.153574,0.538763,0.927225,-0.005537,0.454575,-0.722495,0.050347,1.134756,0.747636,0.189047,0.996515,0.948391,0.340774,0.632092,0.617751,0.475783,0.896144,-0.719337,0.251604,0.651631,1.226812,0.243731,0.708988,1.007672,0.183593,0.971211,0.570092,0.426408,0.637930,-0.614764,0.047871,0.769734,-0.740908,0.157188,0.453154,1.377076,0.363246,0.615818,-1.363883,0.179616,0.846873,0.060066,0.375681,0.808195,0.458469,0.351464,0.538679,-0.846205,0.345307,0.819073,-0.394101,0.369967,0.667655,0.985675,0.120449,0.667655,0.637559,0.138900,0.602958,0.049155,0.139857,0.595500,-0.941658,0.148684,0.604129,0.138289,0.133572,0.666597,0.538148,0.381618,0.642956,1.042665,0.153501,0.574778,-0.213222,-0.183175,0.160675,-0.460039
0.163541,0.500881,-1.198995,-0.244702,0.533433,1.329252,-0.749838,0.264950,1.231498,1.729192,0.577920,0.589855,1.547980,0.455827,0.359270,0.817019,-0.272246,1.022644,-0.022249,-3.111268,-1.698055,-0.652698,-0.635825,-0.285542,1.014055,-0.831204,-2.179561,0.358275,-1.338020,-1.682438,1.510226,2.128528,-0.410723,0.000492,0.000492,0.000492,0.786417,-0.916044,-1.239935,0.610748,1.315531,-1.634772,0.000492,0.000492,0.000492,0.650806,1.413575,0.305203,0.756802,0.397512,-1.238376,0.599524,1.500387,0.810966,-0.677963,0.452235,0.356640,0.000492,0.000492,0.000492,0.000492,0.000492,0.000492,0.000492,0.000492,0.000492,0.000492,0.000492,0.000492,0.000492,0.000492,0.000492,0.000492,0.000492,0.000492,0.478023,-1.739371,1.396979,0.535875,-1.525313,1.268801,0.760164,-1.601308,0.468635,0.529024,-1.210361,0.108358,0.435082,-1.816775,-0.553996,0.125881,-1.696734,0.803454,0.107737,-1.522221,1.475156,0.633846,-0.982399,0.799060,0.481401,-0.444187,0.786416,-0.006513,-1.916394,0.080449,0.498132,-0.697563,-0.049615,0.243416,-0.552134,0.112641,0.162091,-1.313897,0.050856,0.289694,-1.223384,-0.053918,0.394220,-1.865090,-0.055831,0.330785,-0.917165,0.351452,0.304340,-1.340775,0.285017,0.043547,-2.039720,0.108560,0.177163,-0.968882,0.107235,1.878464,-3.014016,-0.428946,1.098155,-1.476058,0.759031,1.361617,0.523538,0.821242,0.619478,0.457661,1.380048,-0.046987,0.290701,1.197711,-0.330892,0.102107,1.598058,-0.370100,-0.047219,1.243461,0.349462,0.401417,1.375300,0.087721,0.123105,0.176442,-0.007789,-0.049293,0.246203,-0.095896,-0.201266,0.845696,0.913843,0.402023,-0.398655,0.748570,0.116375,0.667300,0.774379,-0.171012,0.641808,0.648237,-0.250885,-0.379167,1.327185,0.420818,0.063934,1.208952,0.089460,-0.693849,1.116392,-0.074864,0.600907,0.956192,-0.114043,-0.234573,1.535217,0.397849,0.731622,1.496476,0.108107,0.790056,1.300633,0.131930,-0.970330,1.047332,0.350910,-1.232155,0.422621,1.033252,-1.377751,0.684561,0.906737,-1.161635,0.522670,1.059590,0.788246,0.316131,1.062882,-0.361616,0.518962,0.739223,0.214960,0.574291,0.760360,0.084451,1.161941,0.622754,-0.838170,0.714774,0.504972,-0.106268,0.518327,0.415957,0.026727,0.865075,1.117486,-0.382950,0.880700,0.860739,-0.049276,0.531230,-0.029688,2.409702,0.672713,0.829752,1.607033,0.284048,-0.330750,0.716358,0.492978,-0.238290,2.024439,0.308247,-1.013192,0.754947,0.286366,-0.886763,-1.139214,0.366729,1.230783,0.168014,0.536298,0.602916,-0.461492,0.537659,0.560694,-0.426455,0.408301,0.227503,0.060260,0.546360,0.587285,0.900998,0.594538,0.133521,-0.300919,0.816086,1.068719,0.783828,0.780858,0.219585,1.567203,0.798504,0.902515,0.066288,1.270990,1.207702,-0.144870,0.794893,0.448785,0.450117,0.694055,1.101732,1.680358,0.584082,0.872810,-0.052197,0.726269,1.050852,0.478350,0.778060,0.392735,0.756831,0.549073,0.705904,0.104315,0.462780,1.023570,0.176330,0.959880,0.760203,-1.028326,0.795594,1.045735,0.428573,0.643422,0.969199,-1.302186,0.704123,0.724923,-0.749291,0.752388,0.730011,0.484031,0.664887,0.393466,1.332748,0.603329,0.929354,0.272016,0.835019,0.973543,-0.514759,0.592372,0.686019,0.179797,0.425627,0.793448,0.731345,0.606670,0.925291,-0.988228,0.768904,0.377196,-0.681392,0.506287,1.059507,-0.810181,0.567973,0.917893,-0.101485,1.025888,0.901425,-0.187855,0.696240,0.497184,0.411520,0.536344,0.884091,0.167000,0.861375,0.981817,-1.069606,1.271618,0.828592,-0.593011,0.748257,0.899201,0.830056,0.795339,1.063073,1.017405,0.523603,1.225484,0.164910,0.904833,0.526597,1.260612,1.071297,0.477289,-1.469872,0.665385,0.437772,-1.520542,0.573662,0.454593,1.513817,1.261264,0.409195,-1.375928,0.662951,0.982543,-1.270574,1.041396,0.982543,-1.531409,1.256535,0.899442,-0.730417,0.241261,0.917464,-0.784486,1.259655,0.904228,-0.877777,1.062052,0.982490,-1.637969,0.674410,0.958162,-1.375446,0.678333,0.521087,-0.246245,0.781252,0.497140,0.334763
2.211462,0.520521,-1.644612,-0.262692,0.542796,0.509275,-0.756499,0.271885,1.092481,1.654300,0.603374,0.668199,1.472487,0.484901,0.263176,0.793103,-0.274095,0.894890,-0.015505,-3.131505,-1.789537,-0.644757,-0.623484,0.078339,1.013367,-0.829094,-1.625405,0.991393,-0.446254,-1.391740,-0.454095,-0.167511,0.763920,0.000492,0.000492,0.000492,0.780181,-0.911035,-1.294997,0.594416,-0.798846,-0.394860,0.000492,0.000492,0.000492,0.674950,0.353910,-0.375232,0.771253,0.392933,-1.421394,0.605205,0.003098,0.951494,-0.640121,2.282024,-0.417899,0.000492,0.000492,0.000492,0.000492,0.000492,0.000492,0.000492,0.000492,0.000492,0.000492,0.000492,0.000492,0.000492,0.000492,0.000492,0.000492,0.000492,0.000492,0.484609,-2.201848,0.159829,0.275125,-1.890297,1.048823,0.763537,-1.582805,0.641593,0.531476,-1.187163,0.292907,0.733186,-1.798701,-0.135030,0.132940,-2.120378,0.042892,0.113401,-1.933454,1.551339,0.919306,-0.958590,0.232753,0.484156,-0.847497,0.508740,0.258536,-1.895026,-0.439906,0.502447,-0.907751,-0.335107,1.241892,-1.033046,-0.369261,0.907275,-1.622911,-0.297024,0.296926,-1.202432,0.049178,0.897542,-2.276382,-0.097337,0.558938,-1.078821,0.105188,0.792656,-1.684267,0.328865,0.298438,-1.686945,-0.240202,0.744958,-1.426741,-0.214933,1.191032,-1.355631,-0.677656,1.100672,-1.247416,0.129867,1.279392,0.500541,1.139902,0.660450,0.413858,0.938337,0.019536,0.261910,0.577527,-0.189017,0.099000,-0.174046,-0.333997,-0.046698,0.587646,0.169050,0.333364,1.005816,0.016483,0.150817,0.772224,-0.039447,-0.018086,0.520535,-0.049685,-0.189440,0.947155,0.658093,0.345226,-0.145189,0.566342,0.138256,0.418399,0.690407,-0.080286,0.182029,0.849797,-0.233720,1.211709,1.072445,0.390691,0.064234,1.078212,0.160142,0.029613,1.270636,-0.052957,1.465945,1.248606,-0.100175,0.064219,1.346250,0.407346,0.581286,1.438731,0.211809,0.402345,1.524208,0.073464,1.530857,1.448667,-0.025763,0.155601,0.783011,1.198641,-0.980213,0.698319,1.034113,-1.226507,0.814449,0.844669,0.707368,0.643990,0.834326,0.288742,0.867126,0.783903,0.016423,0.861270,0.782571,-0.072083,1.122857,0.897809,-0.478157,0.652191,0.507740,0.043166,0.698128,0.727175,0.203298,0.745621,0.699664,0.309615,0.731025,0.886227,0.619255,0.639614,-0.538526,1.872660,0.769879,0.296621,1.818250,0.722056,-0.133354,0.777381,0.874109,-0.718491,2.114347,0.727903,-1.441805,0.490379,0.724048,-1.292608,-1.784640,0.687922,1.052053,0.337275,0.821615,0.462305,-0.509229,0.800657,0.444987,-0.514649,0.634085,0.453005,-0.208481,1.005317,0.922174,0.826631,0.767900,0.395872,0.241108,0.975825,0.917848,1.366587,0.928433,0.106832,1.473653,0.929858,0.776843,0.171979,1.410725,1.026028,0.108123,0.981089,0.689185,0.203239,0.871872,0.859250,1.413715,0.759409,1.322279,0.462822,0.901799,1.214200,-0.437322,0.969047,0.522878,0.184831,0.736072,0.824446,0.615574,0.658819,0.721722,0.140466,1.146861,0.866769,-1.002079,0.957095,0.761532,-0.160638,0.925434,1.238805,-0.897754,0.977452,0.510158,-0.659854,0.970576,1.023814,0.796411,0.890105,0.218308,0.685374,0.824890,1.212637,0.633296,1.079530,0.707556,-0.385330,0.754440,0.474863,0.809045,0.843155,0.588433,1.342470,0.780107,0.721896,-0.469281,1.229427,0.210591,-1.143424,0.680813,0.830245,-0.936310,0.732191,0.678356,0.109737,1.229101,0.612060,0.164588,0.893828,0.862993,0.167104,0.757289,0.995823,1.001398,0.775409,0.641684,-0.911007,1.444954,0.921511,0.190003,0.904509,0.576844,0.380837,0.975053,0.730423,0.075705,0.701490,0.873234,0.099899,1.068173,0.602271,1.379595,1.275464,0.537150,-1.594190,0.886781,0.497768,-1.552702,0.772811,0.525912,1.017178,1.449685,0.164888,-1.612436,0.886853,0.621963,-0.721869,1.253976,0.621963,-1.116448,1.434587,1.009982,-0.505494,0.117863,0.548782,0.023832,1.436646,1.016116,-0.631686,0.973857,0.620760,-1.120609,0.898164,0.597218,-1.055743,0.956295,0.327082,-0.580699,1.226786,0.320740,0.781567
2.231368,0.529588,-1.936633,-0.250213,0.577553,0.541405,-0.757676,0.844056,1.251821,1.649453,0.603480,0.602630,1.314739,0.486226,-0.001954,0.797576,-0.143982,0.424932,0.003452,-3.124760,-1.342581,0.787704,-2.690662,-0.915588,1.018042,-0.833313,-1.600962,0.995824,-0.444507,-1.337641,1.462576,2.128528,0.788718,0.000492,0.000492,0.000492,0.783798,-0.918549,-0.723880,0.621345,1.315531,-0.347033,0.000492,0.000492,0.000492,0.686578,0.349063,-0.609946,1.883469,0.377018,-1.321838,0.611959,-0.009150,0.844865,1.467988,2.280250,-1.036262,0.000492,0.000492,0.000492,0.000492,0.000492,0.000492,0.000492,0.000492,0.000492,0.000492,0.000492,0.000492,0.000492,0.000492,0.000492,0.000492,0.000492,0.000492,0.262004,-2.167743,-1.246660,0.940491,-1.305137,-0.361821,0.994505,-1.561256,0.390256,0.806633,-2.282497,0.602391,0.440956,-1.306031,1.234449,0.910547,-1.394156,0.537206,1.069785,-1.062238,0.085731,0.554261,-1.271269,0.482296,0.184875,-1.925168,-0.560994,0.785753,-1.167735,-0.199117,0.805393,-0.428625,-0.911224,1.168000,-1.758293,-1.179665,1.113229,-1.368421,-1.361175,0.851476,-1.335270,-0.576648,0.766815,0.000207,-0.950962,0.263665,-1.141301,-0.893246,1.913502,-1.727208,-0.755866,1.062740,-0.711421,-0.603307,0.606584,-0.591371,-0.921452,-0.259941,0.596054,-0.373255,1.625344,-1.362183,-0.976677,1.119395,0.555742,0.952903,0.651612,0.459904,0.571844,0.173655,0.291997,-0.359667,0.195988,0.126395,-1.166826,0.147759,0.127627,-1.186199,0.160804,0.324838,0.850638,-0.112446,0.162981,0.323902,-0.055875,-0.010907,0.371668,0.003935,-0.164679,0.947404,0.499824,0.334952,-0.483927,0.408688,0.148474,0.217070,0.648459,-0.059255,0.181741,0.893672,-0.170866,1.274901,0.881683,0.378033,-0.337958,0.799377,0.229307,0.262703,1.147437,0.028169,0.140364,1.348643,-0.073831,1.149724,1.082093,0.422091,0.403225,1.137248,0.329462,0.454613,1.404538,0.195215,0.522071,1.611029,0.084337,1.157986,0.679014,0.934667,-1.186909,0.908650,0.922863,-0.754616,0.760524,0.869765,1.351268,0.594836,0.980762,-0.432767,0.866825,0.736248,0.847064,0.948898,0.527447,1.247569,0.742819,0.462342,-0.842186,0.952957,0.349492,0.965480,1.094415,0.573539,0.952836,1.027457,0.888533,1.549685,1.153291,1.036899,1.708391,0.864573,0.042924,0.957513,0.515608,0.735369,0.690957,0.790713,0.038032,3.095871,0.361977,-0.888624,1.701385,0.477666,-1.165864,0.677396,0.792654,-0.453080,0.382796,1.014573,0.476901,-0.669546,1.173588,0.235504,-1.466855,0.927736,0.918227,0.138578,1.097394,0.905982,0.062934,1.270925,0.097405,0.259700,1.142988,0.932975,1.766626,1.175591,0.537978,0.954672,1.213788,0.554835,-1.213359,1.304204,0.865629,1.603220,1.295524,0.706903,0.866798,1.059264,0.581059,-0.880378,1.201994,0.862314,1.011848,1.084907,1.101182,0.921249,0.985626,1.022872,0.023631,1.220341,0.448944,0.119716,1.030268,0.786217,0.660411,1.029589,0.680292,0.737247,1.023312,0.826975,-0.881477,1.152958,0.660840,-0.768005,1.338509,0.723455,0.031295,1.439150,0.438155,-0.708978,1.157345,0.413042,1.402636,1.139066,0.572282,-0.000587,1.014545,0.671144,1.048653,1.226649,0.710918,-0.045526,1.219975,0.880176,0.729491,1.094035,0.437436,0.946670,1.132056,0.572093,1.493914,1.018683,0.511573,-0.777427,1.034972,0.742985,0.958921,0.997868,0.587185,1.561119,0.939511,0.797456,-0.504297,1.153808,0.657706,-0.794116,1.112586,1.083081,0.801430,1.189480,0.742453,-0.105835,1.604960,0.986736,-0.696973,1.105870,0.680667,0.876959,0.980089,0.899917,1.960666,1.220559,1.106177,0.409427,1.224361,0.432962,0.583978,1.102156,0.409624,-1.232628,0.949047,0.369953,-0.389644,1.034844,0.366348,0.890035,1.206764,0.300263,-1.775016,0.949824,0.797409,-0.018984,1.068773,0.797409,-0.799673,1.325920,0.715449,-0.972070,0.383869,0.728170,0.892843,1.328627,0.717991,-1.022460,1.089653,0.796766,-0.546725,0.961094,0.772842,-0.115455,1.151256,0.271192,-0.929655,0.953975,0.200241,-0.670322
2.240261,0.521013,-1.858935,-0.250213,0.554157,0.304080,-1.155519,0.278362,1.329447,1.575432,0.603374,0.466943,1.159909,0.486010,-0.090564,0.808416,-0.165305,0.258978,0.015979,-3.094444,-1.077729,0.828524,-2.756430,-1.942971,1.020665,0.251973,-1.099360,0.991641,0.462959,-1.096648,1.463698,-0.167511,0.926953,0.000492,0.000492,0.000492,0.797154,-0.906026,-0.259411,0.617620,1.315531,-0.946741,0.000492,0.000492,0.000492,0.708047,0.339792,-1.089074,1.886755,0.379331,-1.313864,0.626173,-0.027960,0.879497,1.471845,2.272811,-1.094504,0.000492,0.000492,0.000492,0.000492,0.000492,0.000492,0.000492,0.000492,0.000492,0.000492,0.000492,0.000492,0.000492,0.000492,0.000492,0.000492,0.000492,0.000492,0.561931,-2.224615,-1.882390,1.242533,-1.362464,-0.715688,1.042802,-0.868065,0.410435,1.133126,-1.895447,0.861203,0.784818,-1.370520,1.510567,0.944182,-1.483152,0.461516,1.111761,-1.163270,0.473380,0.877501,-1.354618,-0.458088,0.519905,-2.013284,-1.406470,1.073996,-1.698929,-0.862852,0.837986,-0.699346,-0.992531,1.209094,-2.113118,-0.882258,1.155677,-1.430744,-0.999352,1.430804,-2.282588,-0.731596,1.540900,-2.094089,-0.625583,0.521630,-1.342340,-0.785336,1.714216,-1.795900,-0.679212,1.095930,-1.767105,-0.738403,1.480610,-1.794899,-0.806774,1.363574,-0.868262,-1.085281,1.796950,-1.492066,-0.192448,1.065538,0.554067,0.931191,0.743523,0.453432,0.297006,0.272158,0.271327,-0.659169,0.126443,0.076418,-1.313967,0.113759,-0.020952,-1.194645,0.178157,0.303300,1.182789,-0.041417,0.152366,0.521477,0.078573,0.014750,0.713537,0.104620,-0.112406,0.870740,0.377272,0.346757,0.044302,0.163035,0.163746,0.009081,0.539451,-0.046344,0.731127,0.886981,-0.150915,1.327845,0.561788,0.346809,-0.350537,0.559458,0.216461,-0.316475,0.967886,0.068414,0.952484,1.315506,-0.042392,1.308115,0.711497,0.386512,-0.073973,0.964944,0.321001,0.122012,1.247173,0.223803,0.934509,1.516999,0.152086,1.390336,0.692260,0.575342,-1.298773,1.198038,0.581630,-0.214164,0.771260,0.547403,1.654870,0.606990,0.674283,-0.509866,0.879257,0.723533,1.011302,0.958751,0.514019,1.077293,1.317369,0.449826,-0.954028,0.959520,0.335609,1.142211,1.099086,0.243620,1.162201,1.031140,0.868315,1.525969,1.155528,1.013628,1.585796,1.137038,0.018714,1.029372,0.515608,0.710533,0.701213,0.789869,0.013886,2.592611,0.361245,-0.909156,0.440012,0.799000,-0.382399,0.002255,0.791811,0.433254,0.857147,1.352704,0.470593,-0.828517,1.183406,0.635373,-1.657673,0.936587,0.914344,0.252741,1.104624,0.902265,-0.069579,1.277026,0.091276,0.417389,1.147465,0.529404,1.429558,1.438344,0.533840,1.712161,1.482477,0.951649,-0.874907,1.306214,0.862145,1.988998,1.616062,0.700637,0.607819,1.325178,0.574751,-0.718675,1.207008,0.852714,1.140488,1.089851,1.094426,0.944276,0.990598,1.013639,-0.002957,1.226113,0.438851,-0.111334,1.035752,0.776210,0.700208,1.035152,0.666750,0.512864,1.311363,0.818057,-0.974446,1.156868,0.648688,-0.677142,1.348052,0.713932,0.063193,1.448216,0.430291,-0.800656,1.164323,0.404117,1.622938,1.146116,0.565667,-0.058417,1.021631,0.661138,1.266275,1.514141,0.700386,0.188993,1.223701,0.871871,0.870978,1.097390,0.430184,0.930668,1.135224,0.564898,1.270540,1.021271,0.505470,-1.185525,1.038159,0.734073,0.814975,1.001421,0.577873,1.365899,1.197162,0.783987,-0.609885,1.159780,0.647823,-0.366051,1.118848,1.069974,1.058499,1.195345,0.727317,-0.127345,1.609400,0.976026,-0.418342,1.109482,0.666040,0.904953,0.667038,0.884706,1.990226,1.224690,1.089902,0.414191,1.228575,0.419415,0.817183,1.107841,0.398223,-1.252641,0.955357,0.358527,-0.525385,1.040863,0.353581,1.255362,1.697256,-0.033292,-1.213639,0.956205,0.780830,-0.306018,1.380617,0.780830,-0.806354,1.330490,0.699595,-1.006408,0.388554,0.711219,1.353728,1.333170,0.701943,-1.100795,1.095582,0.780134,-0.696878,0.967471,0.756246,-0.427224,1.160168,0.263780,-1.231188,1.245847,0.193698,-0.924730
2.254247,0.525561,-2.090280,-0.266545,0.541449,0.153361,-0.754619,0.282870,1.286689,1.354850,0.577338,0.369368,1.392851,0.486261,-0.049018,0.801318,-0.176075,-0.016307,0.035563,-1.321972,-1.839128,0.839693,-0.644053,-1.188233,0.429256,0.273042,-0.655835,0.353108,0.468199,-0.254892,-0.425199,-0.167511,-0.089840,0.000492,0.000492,0.000492,0.778688,0.380063,-0.446118,0.571509,1.315531,-1.535147,0.000492,0.000492,0.000492,0.712073,0.338108,-1.322429,1.893325,0.389926,-1.344502,0.637536,-0.039296,0.962490,1.470140,0.447282,-1.029004,0.000492,0.000492,0.000492,0.000492,0.000492,0.000492,0.000492,0.000492,0.000492,0.000492,0.000492,0.000492,0.000492,0.000492,0.000492,0.000492,0.000492,0.000492,0.831274,-1.212433,-0.575240,1.250953,-0.937171,0.685707,1.610108,-0.818761,1.034087,1.145181,-0.881379,0.917281,1.088322,-2.291402,0.960517,1.463077,-1.871163,0.352802,1.400606,-2.410878,1.252889,0.611047,-2.051439,1.585186,1.382895,-1.545604,-0.952372,1.587466,-2.083986,-0.275951,0.844363,-1.116157,0.146834,1.218186,-0.485846,0.337834,1.408782,-1.711228,0.127995,1.707536,-1.366719,0.453560,1.303203,-1.252588,0.056149,1.634176,-0.482488,0.331211,1.722677,-2.105011,0.227823,1.345889,-1.724333,0.100424,1.489329,-0.841791,0.080760,1.597963,-1.128726,-0.429499,1.801624,-1.258092,0.444873,0.998526,0.600454,-2.128439,0.549548,0.516579,-2.203151,0.798332,0.022958,-1.588744,0.346920,0.007677,-1.423386,0.631399,-0.097624,-0.856302,0.407045,0.235384,-1.550317,0.131782,0.155972,-0.346483,0.177758,0.034166,-0.169797,0.270120,-0.025499,0.330601,0.239366,0.241350,-0.822836,-0.019600,0.135245,-0.359220,0.384999,-0.034594,0.254960,0.729999,-0.130914,0.884688,0.256851,0.266260,-1.126390,0.133913,0.196023,-0.713064,0.677114,0.031776,-0.456683,0.966003,-0.047044,0.201695,0.380739,0.262440,-2.803206,0.503027,0.285151,-1.189213,0.846683,0.273462,-0.738014,1.130037,0.210994,-0.148965,1.026439,0.314614,-1.327687,1.190105,0.337718,-0.172306,0.762912,0.633417,1.584530,0.921080,0.757893,-0.233927,0.870379,0.817223,0.312819,0.952527,0.605428,0.023278,1.313821,0.803606,-0.824082,0.958050,0.426350,0.349006,1.099965,0.338474,0.178689,1.034584,0.998323,1.070410,1.161526,1.169985,1.644669,1.144768,0.188661,0.807874,0.810476,0.239223,0.809781,0.801636,-0.520743,2.281511,0.371584,-0.702426,0.104803,0.810311,-0.172806,0.041876,0.803569,-0.239615,1.025000,1.344513,0.137214,-0.312926,1.478018,0.329822,-1.694093,0.931676,1.001124,0.988373,1.101455,0.985330,0.766148,1.275507,0.218783,-0.530605,1.148316,0.626548,2.078214,1.181439,0.652468,0.885928,1.486266,1.447846,-0.510545,1.311605,0.962050,2.085185,1.304584,0.296696,0.053469,1.324966,1.098223,-0.838450,1.207008,0.464838,0.844101,1.089851,1.175490,2.201962,1.238760,1.511898,-0.551673,1.224677,0.537521,-0.138832,1.034895,0.871820,1.651895,1.035152,0.329708,0.530304,1.312558,0.903165,-0.628572,1.158814,0.771040,-1.529588,1.342383,0.327733,0.354473,1.443293,0.059900,-1.387607,1.161278,0.538756,1.654265,1.143762,0.666186,-0.011361,1.018539,0.255348,1.574409,1.509940,0.274912,-0.559383,1.225899,0.500588,1.372103,1.100499,0.048228,0.248511,1.139997,0.185960,0.961360,1.026700,1.013128,-0.818603,1.042963,0.335636,1.071680,1.004714,0.718348,1.436751,1.446407,0.890160,-0.101710,1.158293,1.026494,-0.230349,1.118094,0.771994,1.795159,1.195594,0.383198,-0.281696,1.876514,0.731743,0.351048,1.111612,0.790864,0.257718,0.988027,0.565381,1.256496,1.227352,0.765286,0.827570,1.481785,0.526597,0.585457,1.108082,0.796862,-1.293472,0.954597,0.758071,-0.388173,1.039365,0.454593,0.441879,1.938158,0.057306,-1.233830,0.955438,0.433211,0.077944,1.380867,0.433211,-0.372554,1.604883,0.829481,-0.581694,0.391573,0.850078,1.096012,1.605927,0.833414,-0.819968,1.095834,0.431406,-0.369207,0.966704,0.892190,-0.232604,1.155844,0.375591,-2.047771,0.960964,0.736337,-1.560762
2.238995,0.536626,-2.052470,0.702120,-1.110449,1.060345,-0.338277,0.275702,1.079809,1.203856,0.577602,0.520885,1.158383,0.668170,0.219993,0.836850,-0.242002,0.776415,0.042306,0.376376,-0.921653,0.854070,-0.619421,-1.080937,1.007098,0.247755,-0.932713,0.993365,0.459465,-0.813632,1.463698,-0.167511,0.239955,0.000492,0.000492,0.000492,0.780181,-0.903552,-0.880764,0.619928,1.315531,0.553511,0.000492,0.000492,0.000492,0.708934,0.349693,-1.049801,1.887850,0.399779,-1.382538,0.654232,-0.042887,0.908562,1.479587,0.446223,-0.761710,0.000492,0.000492,0.000492,0.000492,0.000492,0.000492,0.000492,0.000492,0.000492,0.000492,0.000492,0.000492,0.000492,0.000492,0.000492,0.000492,0.000492,0.000492,1.360612,-2.520315,-0.484694,1.613647,-2.170782,1.095379,1.532150,-1.524287,1.627046,1.389104,-0.982015,1.689369,1.635232,-0.516676,1.202281,1.424664,-1.127168,1.014875,1.745261,-1.522221,-0.688724,1.327057,-1.229576,-0.542154,1.893679,-1.325354,-0.021314,1.311941,-1.331758,-0.329718,1.539930,-0.410796,0.624120,1.370107,0.229008,0.701891,1.348654,-0.482874,0.886281,1.671546,-1.457610,0.518341,1.391156,0.300338,0.328635,1.746112,0.286363,0.349948,1.386298,-1.063144,0.467928,1.337386,-1.061521,0.066932,1.865102,-1.148285,0.421033,1.708848,-0.806239,-0.452029,1.857237,-1.251869,0.369885,1.034758,0.638344,-0.751855,1.399045,0.736037,-0.486718,1.249319,0.741401,-0.129879,1.208027,0.659000,0.381378,1.104441,0.560660,0.155045,0.564217,0.383404,-1.771560,0.153773,0.254422,-1.788558,0.171376,0.167711,-1.039022,0.372166,0.102152,-0.644505,0.421948,0.317529,-0.950531,-0.085355,0.137885,0.442530,0.251420,-0.058272,0.229540,0.598467,-0.122629,0.362141,0.343313,0.289239,-0.192141,-0.088210,0.169787,0.482515,0.265068,0.003209,0.400226,0.669780,-0.108846,0.570008,0.288356,0.264129,-2.090014,0.184451,0.216251,-1.332203,0.327266,0.163517,0.859654,0.582919,0.146314,0.869714,1.146565,0.872569,-0.865972,1.279648,0.815787,-1.419617,1.136274,0.412750,0.466280,0.695298,0.799441,0.841792,0.958019,0.821267,0.105387,0.997897,0.882491,0.014670,1.035657,1.025894,0.310569,1.210553,1.263179,0.349006,1.288656,1.211802,0.901616,1.195010,0.913453,0.809652,1.276472,0.573049,0.671615,1.208844,1.311374,0.035401,0.852968,0.291681,0.031539,0.840315,-0.346864,1.180447,0.696352,-0.403277,-0.863485,0.845328,1.048617,0.484724,0.842219,0.373619,1.908072,1.096513,0.483585,0.609365,0.932056,1.079830,-0.849526,0.958950,0.963534,1.586505,1.097394,0.949349,1.536271,0.985683,0.156779,-1.144729,1.330632,0.584469,1.443485,1.340526,0.623959,0.223616,1.354915,1.430106,-0.769700,1.416699,0.938040,1.820739,1.405929,0.237342,0.288202,1.268341,1.410697,-1.280532,1.150741,0.294166,-0.609555,1.279639,1.042212,1.756419,1.181502,0.916823,-0.393349,1.441264,1.040367,-0.680547,1.242340,0.645005,2.148196,1.246495,0.491458,1.057293,0.944721,1.014441,0.419423,1.061873,0.496715,-1.469833,1.072760,0.161282,0.447887,1.155711,-0.075840,-1.078064,1.159094,0.392525,0.842938,1.124248,0.941214,0.614635,1.279533,0.621482,1.255585,1.246975,0.087697,-1.477658,1.124457,0.368246,0.609317,1.247992,-0.063635,-0.586730,1.295957,0.074981,0.838640,0.853191,1.313779,0.321533,1.199902,0.722497,1.464993,1.160906,0.565779,1.160291,1.432323,0.567893,0.597531,1.128593,1.085852,-0.005245,1.362313,0.461608,1.645784,1.122895,0.497904,0.992457,0.997840,0.815607,0.898925,1.266366,0.892841,-0.957871,0.841996,0.645495,0.361061,1.113451,0.375506,1.588841,1.147954,0.946547,-1.011873,1.035999,1.135608,0.438764,1.200698,1.097587,0.704510,1.265207,0.497089,-0.463410,1.428408,0.752208,-0.521716,1.204324,0.523755,0.736577,1.002007,0.523755,0.938158,0.975306,0.456463,0.175244,0.915334,0.448366,-0.000891,0.980103,0.455846,0.119020,1.022341,0.522239,0.625651,1.215427,0.498911,0.806766,1.166120,0.688442,-1.535829,0.826354,1.063704,-1.337509
2.230515,0.540652,-2.094918,0.672940,0.532107,0.735064,-0.745370,0.263102,1.019436,1.128650,0.577655,0.715603,0.999619,0.791470,0.222168,0.814417,-0.192067,-0.195381,0.048736,0.396573,-0.322906,0.859359,-0.627598,-1.398509,1.029098,-0.831204,-0.456023,1.637433,-0.442760,-0.478118,1.521480,-0.167511,-0.116428,0.000492,0.000492,0.000492,0.802013,-0.913540,0.493474,0.638534,-0.798846,0.002589,0.000492,0.000492,0.000492,0.698207,1.415671,-0.591329,1.888945,0.430867,-1.646506,0.659925,-0.022583,1.039776,1.467122,0.439475,-0.418348,0.000492,0.000492,0.000492,0.000492,0.000492,0.000492,0.000492,0.000492,0.000492,0.000492,0.000492,0.000492,0.000492,0.000492,0.000492,0.000492,0.000492,0.000492,1.622733,-2.065382,-0.814207,1.106251,-1.814893,-0.131496,1.265912,-0.036214,0.969934,1.397127,-0.529150,0.625794,1.643670,-0.844283,0.628498,1.427364,-1.144985,1.183134,1.474115,-0.696311,-0.016407,1.333538,-1.247424,-1.271108,1.622580,-1.342274,-0.227273,1.814522,-1.784487,-0.892639,1.333879,-0.421494,-0.272914,1.375835,0.221202,-0.251985,1.594106,-0.812684,-0.228498,1.941461,-1.475063,0.163887,1.395907,-1.329296,-0.282003,1.750928,0.279564,-0.249869,1.860546,-0.728281,0.120163,1.340353,-0.748842,-0.333424,1.870464,-0.703498,-0.319779,1.713784,-0.720881,-0.515376,1.860111,-1.147778,-0.242768,1.060143,0.712718,0.344548,1.350114,0.927635,0.390623,1.337683,0.979119,0.620166,1.353838,0.959026,0.509720,1.584834,1.138744,0.607671,0.985319,0.542113,0.171300,0.683733,0.439833,-1.020188,0.620721,0.340691,-0.996689,0.585146,0.230823,-0.580909,0.648763,0.355554,0.064733,0.146793,0.209225,-2.200073,0.386445,0.030406,-1.306187,0.411592,-0.115804,0.776233,0.384453,0.265229,-0.060023,0.046762,0.089448,-1.058136,0.081937,-0.062696,-0.016913,0.347526,-0.150773,0.938688,0.123375,0.195386,-0.568581,-0.076104,0.051826,-0.707723,-0.016440,0.075266,-1.133065,0.162313,0.145165,-1.438370,0.840905,0.884351,-0.584139,1.322792,0.895884,-0.385161,0.899614,0.863754,1.493757,1.078257,0.993132,-0.304534,1.049502,0.766318,0.660694,0.810720,0.879654,0.941877,0.915061,0.781092,-0.433522,1.147250,0.707043,0.458316,1.023867,0.632836,0.798782,1.263680,1.399512,1.802828,1.114312,1.119475,1.561931,0.845035,0.111676,0.198474,0.505583,0.780057,1.437550,1.120553,0.039870,2.561931,0.652772,-0.167656,1.074854,0.794693,0.340167,0.436620,1.122248,0.284642,1.465970,1.511395,0.377131,-0.206572,1.639043,0.535636,-1.705441,1.098320,1.178859,1.259352,0.995334,1.155455,1.195003,1.183410,0.481631,-0.879517,1.330424,0.825508,1.446095,1.376669,0.889725,0.175393,1.432252,1.637546,-1.019794,1.537729,1.161860,1.605951,1.262722,1.099693,0.146316,0.982170,0.910320,-1.461109,1.129187,0.769991,-0.291421,1.260653,1.058324,0.609504,1.162405,0.982028,-0.069861,1.137543,0.792611,-0.855988,1.204011,1.122429,1.382899,1.227948,1.123814,1.207669,0.949690,1.125206,0.055981,1.093396,0.631589,-0.861978,1.204600,0.630265,0.449533,1.311420,0.339663,-1.009032,1.319672,0.305161,1.204497,1.039150,1.292569,0.151951,1.179381,0.573227,1.508461,1.392707,0.609645,-0.784993,0.897842,0.779789,-0.069884,1.040565,0.324708,-0.932221,1.076187,0.460255,1.107880,0.972136,1.239465,0.405426,1.298506,0.635256,1.748906,1.224366,1.032798,0.759270,1.351411,1.188917,-0.063538,1.068148,0.957726,-0.697388,1.019519,1.083081,1.284726,1.102476,1.220370,0.980703,1.004947,0.985897,0.084536,1.304259,1.131600,-0.488613,0.919131,0.911039,2.546661,1.156592,1.126629,1.198838,1.161838,0.829257,-0.702404,1.018711,1.048011,-0.332935,1.157823,1.009790,-0.020772,1.206651,0.739832,0.160587,1.366414,0.633818,-1.284397,1.160963,0.808314,1.141714,0.981532,0.808314,0.523386,0.982607,1.188186,0.034717,0.641087,1.235292,1.143233,0.987360,1.196494,0.108898,1.001699,0.807705,0.799970,1.172095,1.269318,0.972378,1.022551,0.628077,-1.491840,0.609747,0.975873,-0.988619
0.165247,0.543172,-1.837438,0.685419,0.514729,1.475153,-0.744116,0.263680,1.262020,1.057495,0.603533,0.828522,0.924305,0.911968,0.417990,0.838334,-0.156384,0.691854,0.052598,0.420184,0.050433,0.877573,-0.619421,-1.784268,1.028535,-0.824876,-0.504711,1.006655,-0.434047,-0.560812,1.482462,-0.167511,0.536077,0.000492,0.000492,0.000492,0.809879,-0.916044,-0.468883,0.619631,-0.798846,1.009041,0.000492,0.000492,0.000492,0.674063,1.431062,0.239645,1.880411,0.416434,-1.572855,0.664543,-0.014217,0.977059,1.492498,0.446223,-0.890654,0.000492,0.000492,0.000492,0.000492,0.000492,0.000492,0.000492,0.000492,0.000492,0.000492,0.000492,0.000492,0.000492,0.000492,0.000492,0.000492,0.000492,0.000492,1.639302,-1.136634,-0.425495,1.123734,-1.808854,-1.362617,1.558657,-0.784876,-0.067639,1.416768,-0.997465,0.511067,1.378675,-1.471126,1.027693,1.695847,-0.710694,1.630007,1.492492,-0.271168,1.500845,1.080483,-1.607756,-1.100487,1.642525,-1.342274,-1.854876,2.080185,-0.914628,0.105204,1.557694,0.011341,0.562270,1.392632,0.222503,0.823251,1.371839,-0.495871,0.690768,1.958137,-1.048599,0.882203,1.412156,0.294788,0.653807,1.765921,0.611019,0.823936,1.408240,-0.379059,1.011552,1.355766,-0.096699,0.768485,1.888801,0.206631,0.192096,1.728973,-0.631863,0.389659,-0.171203,0.476693,0.808189,0.960779,0.882255,0.178901,1.433259,1.038057,1.059761,1.472050,1.121586,1.135634,1.426494,1.159149,0.679854,1.588335,1.249045,0.827858,1.136293,0.676007,0.880152,0.921996,0.562579,0.054173,0.897676,0.514425,-0.676148,0.743018,0.411636,0.150363,0.745657,0.557443,1.297180,0.223574,0.329821,-1.218615,0.252992,0.108381,-0.407103,0.382127,-0.039556,1.019893,0.418519,0.479045,0.590453,-0.066170,0.232730,0.172608,-0.008698,0.015528,0.735453,0.191363,-0.147513,1.402023,0.070348,0.468194,0.646362,-0.304854,0.250762,0.393007,-0.356835,0.100947,1.362771,-0.267922,-0.033441,1.153597,1.271872,1.227176,-1.134195,1.392750,0.892829,0.272597,0.971420,0.867148,1.487183,1.484710,1.002533,-0.441578,1.141865,0.782019,-0.035991,0.895754,0.589437,0.544763,0.997991,0.801329,-0.730150,0.946660,0.730749,0.396304,1.112649,0.658120,0.340865,1.073819,0.999763,1.486268,1.227499,1.156365,1.693004,0.953206,0.144121,0.570505,0.909555,0.806578,0.489287,0.923830,0.053517,1.845634,0.775638,-0.170242,-0.270716,0.929106,0.322074,-0.236825,0.925672,0.246153,0.876511,1.269407,0.352310,-0.288654,1.720563,0.913872,-1.475117,1.181402,1.153208,0.779399,1.075492,1.130903,1.141307,1.264371,0.969752,-0.900399,1.159404,0.796794,1.430724,1.206767,0.850872,0.267449,1.261798,1.605757,-0.397168,1.369771,1.129139,2.134604,1.386462,0.526591,0.263444,1.066460,1.728439,-1.085068,0.959533,0.749124,-0.298899,1.093367,1.361776,1.703552,0.994136,1.370955,-0.260689,1.214141,0.791990,-0.859085,1.031536,1.123315,1.718796,1.040243,1.125341,1.212720,1.044837,1.125994,-0.140017,1.183385,1.086009,-0.960024,1.290268,0.608573,0.384220,1.400028,0.315668,-1.583898,1.135087,0.814292,1.587345,1.124487,1.673758,0.553830,0.991944,1.097430,1.614108,1.192554,0.586756,-0.974926,0.988749,0.755295,0.615999,1.135258,0.296202,-0.702304,1.191373,0.431974,1.120516,0.776669,1.625973,0.308280,1.094661,1.143669,1.655013,1.041522,1.005827,1.203622,1.427492,1.201137,0.741644,1.147394,1.261460,0.090604,1.115091,1.090659,1.654992,0.895819,1.229153,0.952793,0.827597,1.330717,0.342915,1.137380,1.140232,-0.418700,0.714493,0.922538,1.483650,0.966606,1.141410,1.474192,0.994507,1.220830,-0.816153,0.819246,1.370959,-0.400857,0.951571,1.333472,0.022304,1.028379,0.752309,0.110824,1.441375,0.966847,-0.775389,0.952377,1.305919,0.805445,1.081556,1.305919,0.539937,0.800430,1.199794,-0.151786,0.755942,1.248106,0.157604,0.806270,1.208243,-0.151569,1.102540,1.306896,0.509399,0.963645,1.281864,0.725055,1.116367,1.052001,-1.541946,0.712986,1.388914,-1.283980
0.160154,0.544678,-1.862646,0.715148,0.551811,1.742817,-0.749603,0.276739,1.156126,1.054130,0.603797,0.818196,0.923452,0.945362,0.506262,0.869735,-0.176075,0.956506,1.612605,0.416811,0.320720,2.344687,-0.635825,-2.138399,1.594179,0.254083,0.204834,1.639773,0.455972,-0.177937,1.508726,-0.167511,1.869278,0.000492,0.000492,0.000492,0.805013,0.372580,1.136804,0.655163,-0.798846,1.135895,0.000492,0.000492,0.000492,0.668249,1.440963,1.045565,1.879316,0.426288,-1.657815,0.658504,1.477094,0.716348,1.504544,0.442308,-1.196562,0.000492,0.000492,0.000492,0.000492,0.000492,0.000492,0.000492,0.000492,0.000492,0.000492,0.000492,0.000492,0.000492,0.000492,0.000492,0.000492,0.000492,0.000492,1.159451,-0.689290,-0.764697,0.904688,-0.720014,-0.538855,1.325441,-0.048549,-0.089760,1.456718,-0.544647,-0.438886,1.420923,-0.227769,0.429053,1.731763,-0.294177,0.065778,0.980156,-0.288609,0.755561,1.664160,-0.538717,-0.625323,1.404896,-0.945790,-0.521334,2.115710,-0.066136,-0.593408,1.168525,0.002427,-0.287602,1.908456,0.216014,-0.560412,1.646173,-0.192024,-0.630747,1.729261,0.213340,-0.059022,1.206146,0.153610,-0.303420,1.363179,0.108406,-0.096669,1.676666,-0.044196,0.352930,1.870892,0.216013,0.033297,1.384272,0.653288,-0.137302,0.871020,0.784289,-0.049497,0.287434,1.121677,-0.161916,0.960823,0.980288,0.188581,1.489858,1.154118,1.196211,1.555748,1.241549,1.258866,1.521356,1.273587,1.140979,1.648685,1.330556,1.173493,1.189093,0.861610,1.652772,0.939193,0.784115,-0.319525,0.946022,0.891878,-0.406478,0.833443,1.009310,0.184245,0.783063,0.667535,1.498099,0.365109,0.467935,-0.353467,0.335103,0.281815,0.185993,0.472530,0.084359,1.049819,0.436385,0.571065,0.732256,0.016083,0.335974,0.629452,0.023353,0.120922,1.209334,0.206538,-0.066337,1.348444,0.070385,0.543406,0.771036,-0.289796,0.320565,0.796896,-0.372246,0.147853,1.296285,-0.298862,-0.018431,1.444915,1.250269,1.467620,-1.097606,1.376420,1.460444,0.548239,0.954956,1.093049,1.465821,1.467424,1.222191,-0.306088,1.480561,1.027885,-0.180424,0.884604,0.828528,0.247149,0.992775,1.015192,-0.956198,0.947144,0.968850,0.088259,1.118878,0.907425,0.323863,1.087314,1.339915,1.423454,1.247741,1.566632,1.627468,0.977071,0.589034,1.336808,0.938194,1.302162,0.472570,0.959133,0.593685,2.157222,1.103080,-0.397504,0.402341,0.963038,0.068966,-0.112522,0.960949,0.849627,0.283313,1.582133,0.642655,-0.598174,1.709230,1.174464,-1.478814,1.173531,1.381626,0.509831,1.071881,1.349540,0.775885,1.264584,1.305085,-0.706755,0.908854,1.052490,0.742053,0.956124,1.164204,-0.277436,1.275354,1.858369,-1.099950,1.387716,0.974586,1.556970,1.410985,0.868908,-0.072568,1.069942,2.004862,-1.292686,0.963091,1.098260,-0.585954,1.097287,1.574564,1.423598,0.998078,1.644949,-0.693652,0.966157,1.051356,-0.749584,1.033439,1.374810,1.691623,1.044883,1.456211,1.162952,0.767429,1.349356,0.027400,0.931232,1.408213,-1.338941,1.280463,0.955760,0.466280,1.392511,0.643826,-1.576256,1.131376,1.167813,1.444953,0.840267,1.540395,0.453561,0.988175,1.462674,1.600771,1.186026,0.969735,-0.703689,0.998399,1.083871,0.463418,1.147288,0.630128,-0.876075,1.208312,0.763261,0.979110,0.795544,1.894397,0.490667,1.111706,0.961578,1.796259,1.054262,1.374673,1.182492,1.425397,1.479531,0.383085,1.147602,1.478613,-0.292988,1.117595,1.391067,1.438853,0.900927,1.576838,0.896129,1.101394,1.576712,0.101799,1.146951,1.467851,-0.370143,0.729344,1.249635,2.234867,0.977502,1.478124,1.172944,1.001659,1.123412,-0.498131,0.824429,1.291641,-0.421993,0.954095,1.253973,-0.043274,1.028589,1.017056,0.107296,1.440971,1.206029,-1.288831,0.954929,1.662437,0.888421,0.779435,1.662437,0.545378,0.807285,1.540333,0.028814,0.438569,1.612635,0.899462,0.813084,1.552935,0.047091,0.797948,1.664551,0.736309,0.966196,1.638741,0.843384,1.109887,1.347091,-1.572974,0.437024,1.674943,-1.110165
0.157207,0.537118,-1.711344,0.726887,0.584569,2.071532,-0.344156,0.846596,1.363351,1.051093,0.604115,0.659090,0.922720,1.066735,0.360030,0.880598,-0.079796,0.731982,1.610351,0.413438,0.311289,2.341460,-2.703003,-2.657881,1.016331,1.352000,0.735011,0.367258,0.485647,0.245661,1.466709,-0.167511,0.627774,0.000492,0.000492,0.000492,0.796027,1.686219,1.701077,0.661179,1.315531,0.435341,0.000492,0.000492,0.000492,0.666897,1.440963,0.829919,1.883255,0.422494,-1.671202,0.661703,1.488740,0.596796,1.511419,0.443735,-1.341630,0.000492,0.000492,0.000492,0.000492,0.000492,0.000492,0.000492,0.000492,0.000492,0.000492,0.000492,0.000492,0.000492,0.000492,0.000492,0.000492,0.000492,0.000492,1.165401,-0.958474,0.264142,0.981359,-1.063864,0.107961,1.191314,0.576872,0.320382,1.619175,0.604879,-0.509908,1.877218,0.179787,0.175647,1.454155,0.303895,-0.791689,1.032338,0.530368,0.635430,1.500746,-0.866299,-0.248417,1.562313,-0.417090,-0.707354,2.093744,0.104981,-0.592218,1.210432,0.442372,0.559139,2.004475,0.566937,0.491701,1.765265,0.275396,0.155906,2.233770,-0.024386,0.675123,1.505840,0.576017,0.553420,1.872147,0.981855,0.818148,1.767548,0.834538,1.186980,1.860424,0.726466,0.869329,1.994526,0.948558,0.298764,2.275702,-0.432683,0.593263,0.342439,1.380553,0.777839,0.925913,1.117324,0.622562,1.317330,1.318401,1.170652,1.396823,1.429150,1.032972,1.335870,1.392881,1.295689,1.437889,1.360187,0.933280,1.148163,0.989555,1.232336,0.998752,0.916286,0.217378,0.950638,1.068217,-0.217156,0.626879,1.271144,0.805592,0.836512,0.785424,1.082651,0.431161,0.592556,-0.266283,0.378045,0.409653,0.210507,0.509771,0.238955,1.053625,0.455044,0.685819,0.772844,0.032178,0.449882,0.587484,0.037661,0.238862,1.285401,0.188100,0.028986,1.197661,0.074173,0.624942,0.695075,-0.256012,0.430976,0.820063,-0.353086,0.261779,1.135322,-0.296052,0.066821,1.266409,1.593943,1.470254,-1.172290,1.374560,1.130336,0.574585,0.953054,1.098539,1.488891,1.790163,1.229096,-0.377460,1.479079,1.037107,-0.270784,0.884340,1.148710,0.195137,0.993961,1.297987,-0.712010,0.949572,0.979698,-0.123977,1.122889,1.235499,0.163717,1.093203,1.355461,1.320106,1.255732,1.584219,1.659773,0.985475,0.606448,0.818378,0.948219,1.318712,0.452806,1.308039,0.608540,1.663913,1.113920,0.385060,-0.200717,0.974896,0.881205,-0.448069,1.309595,0.852604,0.434548,1.252470,0.642655,-0.169682,1.708729,1.173447,-1.342900,1.173781,1.380134,0.894032,1.073232,1.348112,1.183828,1.266769,1.303788,-1.573884,1.169001,1.050819,1.071806,1.221052,1.161731,-0.157429,1.281340,1.856041,-0.699938,1.394679,1.390936,1.715089,1.420327,1.403634,-0.238328,1.072982,2.005574,-1.006036,0.966020,1.623683,-0.916780,1.100376,1.576890,1.834692,1.001185,1.649223,-0.836779,0.968224,1.791219,-0.844002,1.036172,1.380101,1.782822,1.048352,1.463958,0.917711,0.771686,1.668800,0.358413,0.936017,1.414660,-1.793548,1.280463,0.957524,0.380812,1.393028,0.645073,-1.819999,1.132468,1.169155,1.446832,0.842142,1.541718,0.682296,0.989284,1.464935,1.545574,1.186491,0.972106,-0.694297,1.003242,1.085120,0.631049,1.152637,0.630128,-1.005859,1.215467,0.763261,0.702402,0.803035,1.895073,0.685728,1.118906,1.498033,1.751584,1.059927,1.376073,1.091518,1.174467,1.488616,0.220353,0.892977,1.782337,-0.290431,0.820097,1.399333,1.452875,0.904747,1.586400,0.946026,1.105382,1.583481,0.239125,1.151628,1.476835,-0.391200,0.735697,1.259277,2.240743,0.982826,1.489113,1.207670,1.005658,1.511509,-0.757889,0.828136,1.610950,0.008859,0.957368,1.574008,0.623709,1.030744,1.382816,-0.252658,1.686523,0.889185,-1.360469,0.958239,1.672947,0.573433,0.783265,1.672947,0.942623,0.811400,1.550384,0.201250,0.114296,1.623381,0.714825,0.817174,1.563108,0.123021,0.801810,1.675094,0.973398,0.969503,1.649261,0.666242,1.110965,1.348553,-1.681340,0.442806,1.675667,-1.071189
0.158034,0.547690,-1.881743,0.722306,0.538777,1.864292,0.070462,0.842440,1.228880,0.980394,0.604062,0.570617,0.922465,1.158510,0.664157,0.874596,-0.306188,0.936156,1.622878,0.406692,0.399909,0.871119,-0.676912,-2.207418,1.604212,1.381506,-0.499712,1.634113,1.387893,-0.716866,-0.423699,-0.167511,0.034038,0.000492,0.000492,0.000492,1.431952,1.703720,1.306581,0.666914,-0.798846,0.100250,0.000492,0.000492,0.000492,0.667348,1.443907,0.846168,1.874721,0.411900,-1.570632,0.678399,1.508443,0.724052,1.522599,0.430630,-1.633384,0.000492,0.000492,0.000492,0.000492,0.000492,0.000492,0.000492,0.000492,0.000492,0.000492,0.000492,0.000492,0.000492,0.000492,0.000492,0.000492,0.000492,0.000492,1.548381,-0.260918,-0.197221,1.805324,-0.017218,-0.525590,1.468563,0.293420,-0.929954,1.599765,-0.594966,-0.667235,1.285955,-0.261304,-0.678585,1.353238,-0.336894,0.494540,1.397420,0.084295,0.902259,0.989955,-0.580410,-2.408557,1.551319,-0.576362,-1.932747,1.242346,0.322446,-1.572665,1.066274,0.193025,-0.142511,1.072584,-0.118027,0.109918,1.054469,-0.537430,0.460426,1.329425,0.594358,-0.800534,1.089286,0.138046,0.029658,1.475823,0.256466,0.068760,0.861784,-0.774052,0.775081,1.511270,-0.139470,-0.828891,1.252611,0.400998,-0.293987,1.431642,-0.645000,-0.368093,1.674717,-1.053483,-0.048950,0.907407,1.234097,0.389177,1.249451,1.445378,0.832888,1.309548,1.558660,0.967456,1.225958,1.514891,1.113542,1.125463,1.464367,0.605941,1.123562,1.122727,1.313026,0.944328,1.098643,0.127308,0.838271,1.255409,0.410608,0.612187,1.430318,0.034236,0.769082,0.907284,1.604813,0.387541,0.722885,-0.025183,0.372600,0.540305,0.418870,0.552423,0.385491,1.070808,0.422699,0.789841,0.576335,-0.012872,0.569956,0.365506,0.027375,0.359572,1.254758,0.134679,0.148640,1.331086,0.073715,0.728074,0.788364,-0.301691,0.519010,0.675505,-0.368994,0.373951,0.996415,-0.295482,0.187977,1.116177,1.258333,1.116533,-1.188916,1.382721,0.794094,0.538272,0.961402,1.094368,1.685933,1.474446,1.222926,-0.561138,1.132396,1.028171,-0.069325,0.891080,1.138645,0.602090,0.998232,1.287970,-0.645320,0.951999,0.968111,0.013074,1.122889,0.906631,0.239546,1.090997,1.339210,1.219486,1.250984,1.565738,1.710775,1.252467,0.588541,0.272967,0.940350,1.303285,0.418992,1.298233,0.596203,1.429325,1.105304,0.378007,-0.331163,0.965471,0.879897,-0.464771,1.299796,0.857914,0.621913,1.260939,1.092869,0.316693,1.413103,1.585460,-1.322007,0.883989,1.385788,1.807709,1.076842,1.353524,1.438516,1.006631,1.836022,-1.770605,1.169001,1.057149,1.313148,1.219960,1.170410,-0.036748,1.278682,1.863392,-0.374918,1.390640,1.398245,1.760788,1.093648,0.875192,0.396654,1.074081,2.009077,-0.909637,0.967058,1.625862,-0.979966,1.101198,1.576890,1.774550,1.002013,1.647589,-0.864518,1.218476,1.787565,-0.850470,1.037637,1.376270,2.042917,1.049060,1.458557,1.028343,0.771686,1.665391,0.587439,0.673640,1.410486,-2.111293,1.286646,1.481074,0.117644,1.398467,1.145815,-2.305286,1.136179,1.173183,1.333066,0.845442,1.942832,1.025083,0.993053,1.467196,1.402391,1.191395,1.548479,-1.464559,1.002134,1.587512,0.480044,1.150624,1.146517,-1.120494,1.212288,0.768344,0.586211,0.798900,1.898470,1.120562,1.115707,1.502054,1.580617,1.057795,1.380275,0.921906,1.177409,1.480461,0.501041,0.895115,1.776661,-0.232828,0.821838,1.392765,1.539845,0.905526,1.578459,1.058560,0.838276,1.578103,0.717285,1.150355,1.469331,-0.821919,0.733302,1.696503,1.107388,0.981377,1.479249,1.477858,1.005239,1.503003,-0.969809,0.828869,1.603694,0.280870,0.959143,1.566736,0.605195,1.032899,1.374800,-0.407744,1.445225,1.530686,-0.720481,0.960034,1.663654,0.795363,0.784046,1.663654,1.136178,0.811400,1.541481,0.181415,0.442963,1.613880,0.674880,0.817174,1.554097,0.176881,0.802597,1.665772,0.922834,0.971297,1.639959,0.899031,1.116092,1.796174,-1.688901,0.440627,2.115573,-1.067295
0.155501,0.553253,-1.968007,0.708909,0.590240,1.620760,0.469169,0.859662,1.328574,0.979553,0.603903,0.570398,0.847466,1.219810,0.296316,0.865627,-0.177816,0.575071,1.650499,0.433676,0.599153,0.867301,-0.652280,-1.645342,1.603071,1.360438,-0.397410,1.642604,1.379159,-0.735082,1.456199,-0.167511,1.323087,0.000492,0.000492,0.000492,1.427086,0.415097,0.356669,0.645423,-0.798846,0.030866,0.000492,0.000492,0.000492,0.665110,1.451699,1.176909,1.873853,0.420227,-1.555699,0.675548,1.518595,0.789326,1.521313,0.447974,-1.337597,0.000492,0.000492,0.000492,0.000492,0.000492,0.000492,0.000492,0.000492,0.000492,0.000492,0.000492,0.000492,0.000492,0.000492,0.000492,0.000492,0.000492,0.000492,1.538618,0.224280,0.009184,1.795836,0.000860,-2.214443,1.458676,-0.063931,-2.265104,1.590176,-1.043957,-1.266227,1.275869,-0.875236,-1.308434,1.343682,0.115213,-0.150509,1.111304,0.101736,0.025053,0.708288,-0.925839,-3.281825,1.541459,-0.559442,-2.510913,0.733612,0.343857,-2.145986,0.010163,-0.446433,-0.425644,0.823655,-1.059034,0.181541,0.806858,-1.786516,0.918686,1.052478,1.038317,-1.581174,0.598646,-0.126519,-0.343391,0.165480,-1.222801,-0.094969,0.619166,-1.106084,0.646018,0.781364,-0.126094,-1.281786,0.970733,0.184206,-0.652593,1.200916,-0.641348,-0.711786,-0.225133,-0.182528,-0.540548,0.846275,1.316845,0.535798,1.230373,1.522032,0.905143,1.261906,1.637022,0.805885,1.230499,1.627325,1.219904,1.070048,1.592972,0.540366,1.107583,1.256321,1.074478,0.982371,1.208465,0.106197,0.858970,1.363173,0.721365,0.586416,1.527311,0.433967,0.806460,1.021823,1.270384,0.424199,0.839307,-0.011699,0.424332,0.674413,0.423770,0.631543,0.519534,1.284228,0.402962,0.886297,1.265254,-0.030554,0.659966,0.580059,0.043228,0.450550,1.312132,0.180878,0.272541,1.365468,0.038942,0.823323,0.633550,-0.304911,0.639973,0.950787,-0.418681,0.472133,1.240678,-0.344733,0.295854,1.343113,1.246811,0.774284,-1.126749,1.373631,0.806621,0.987597,0.952102,0.793422,1.646010,1.464457,0.939697,-0.750297,1.121735,1.044677,0.257458,0.570915,1.155687,0.981435,0.422014,1.577133,0.068876,0.946660,1.288874,-0.234346,0.852088,1.558834,0.148167,1.088781,1.798527,1.538054,1.250242,1.595622,1.747317,1.253151,1.201451,-0.189229,0.941788,1.999201,0.363289,1.300467,1.373346,1.242740,1.107278,0.408178,-0.418472,0.967619,0.907336,-0.397878,1.302029,0.884278,0.871921,1.251103,1.104729,-0.043409,1.706978,2.001544,-1.171979,0.876368,1.393845,1.719261,1.070972,1.361236,1.610841,1.001827,1.848671,-1.807945,1.165799,1.066168,1.089557,1.217362,1.181158,-0.466690,1.009767,2.274269,-0.299893,1.120065,1.407296,1.653274,1.093648,1.424193,0.212329,1.070155,2.441224,-0.793593,0.963296,1.641538,-1.338750,1.097497,1.587292,1.896573,0.998289,2.057580,-0.888814,0.965745,1.802232,-0.727633,1.033439,1.390693,1.998384,1.045109,1.477484,1.010870,0.768151,1.678229,0.962112,0.671039,1.885050,-1.964022,1.278646,1.496682,0.220405,1.390961,1.160279,-2.356476,1.130506,1.188330,1.085461,0.839789,1.954429,1.134484,0.987292,1.483596,1.236481,1.184619,1.565675,-1.538321,0.999498,1.601607,0.770958,1.148630,1.160121,-1.043572,1.210424,1.289066,0.252087,0.797606,1.909654,0.899839,1.113831,1.517180,1.495881,1.055683,1.396079,1.064257,1.172150,1.498326,0.392716,0.890412,1.790257,-0.153661,0.816850,1.825267,1.457755,0.901176,1.599559,1.001322,0.567825,1.592789,1.268546,0.892149,1.940122,-1.330014,0.730930,1.716890,0.492164,0.978715,1.956140,1.743755,0.749279,1.900247,-0.979187,0.824691,1.930545,1.320020,0.954095,1.894329,1.369954,0.769368,1.749179,-0.898237,1.197036,1.546058,-0.285890,0.954929,1.685874,0.386836,0.779684,1.685874,1.337542,0.533589,1.562746,0.790642,0.439933,1.636600,0.332504,0.541020,1.575622,0.808518,0.798200,1.688063,1.080850,0.966196,1.662202,0.651440,0.783515,1.809129,-1.632050,0.728426,2.127565,-1.193491
0.150408,0.557279,-1.928012,0.690370,0.572535,1.583517,0.065054,0.852494,1.400964,0.978697,0.603585,0.486838,0.845132,1.249525,0.155941,0.882834,-0.227750,0.792917,1.654675,0.430303,0.491527,2.326186,-0.607080,-1.348597,1.601359,0.245645,-0.419455,1.636329,0.457718,-1.095449,1.465953,-0.167511,0.803970,0.000492,0.000492,0.000492,1.426088,0.360056,1.026239,0.663469,-0.798846,1.186208,0.000492,0.000492,0.000492,0.659746,1.451069,1.120492,1.866628,0.421014,-1.582036,0.668804,1.495903,0.868956,1.516143,0.437355,-1.306150,0.000492,0.000492,0.000492,0.000492,0.000492,0.000492,0.000492,0.000492,0.000492,0.000492,0.000492,0.000492,0.000492,0.000492,0.000492,0.000492,0.000492,0.000492,1.132484,0.258431,-1.512261,1.133633,0.402000,-2.688327,0.749385,0.351976,-2.073571,1.427256,-0.045338,-2.392267,1.389935,-0.207144,-1.990957,1.453116,-0.265714,-1.965805,0.951115,0.164440,-0.348622,1.635098,0.211646,-1.188214,1.374643,-0.095154,-0.901197,1.340486,0.828703,-2.133734,0.936617,0.233988,-0.821491,0.440784,0.542233,-1.102076,0.903149,-0.171260,-1.076411,0.900631,1.090761,-1.607108,1.662524,1.244099,-0.953970,0.905630,-0.046452,-1.181265,0.948812,-0.021276,-1.060753,1.605520,0.563438,-1.670040,0.811566,0.894377,-1.032373,0.624737,0.879140,-0.019455,0.126126,0.911714,-1.360024,0.826299,1.332716,0.492859,1.244960,1.546383,1.068630,1.305293,1.671182,0.825192,1.221769,1.688139,1.466455,1.060976,1.671291,0.879326,1.154414,1.317423,1.556535,0.991523,1.263389,0.479581,0.866277,1.424198,0.507440,0.578014,1.616499,-0.227057,0.820727,1.098014,1.633441,0.454014,0.903164,0.472344,0.516352,0.739936,0.964848,0.699264,0.585923,1.139788,0.400749,0.952835,0.883389,-0.000240,0.730660,0.113285,0.071625,0.531915,1.247796,0.267552,0.338539,1.699012,0.007175,0.903738,0.839620,-0.304992,0.692714,1.052104,-0.372400,0.534776,1.294154,-0.329933,0.377349,1.374637,1.588469,1.122712,-1.090756,1.369892,0.800216,0.774874,0.948287,1.100634,1.691959,1.784492,0.932279,-0.525549,1.116398,1.035752,-0.018681,0.877346,1.146126,0.660268,0.701114,1.568265,-0.165595,0.939860,1.278805,-0.296002,0.844755,1.548304,0.113681,1.079708,1.784098,1.518848,1.239994,1.578928,1.561897,0.969794,1.184510,-0.235663,0.930558,1.981506,0.251344,1.286739,1.356023,1.052075,1.095206,0.393393,-0.736608,0.954423,1.698866,-0.509740,1.288310,0.872247,0.899240,1.574486,1.099900,-0.087230,1.701941,1.997831,-0.906617,0.870957,1.390872,1.484244,1.065331,1.358390,1.617666,0.995940,2.368682,-1.683758,0.902451,1.464061,-0.037639,0.689479,1.177424,-1.153705,1.001546,2.271247,-0.273506,1.110855,1.404152,1.476739,1.082190,1.419289,0.050885,0.801645,2.436340,-1.030664,0.705342,1.634577,-1.904662,0.843156,1.582345,1.641919,0.991856,2.050666,-1.335826,0.960175,2.161785,-0.673740,1.027320,1.383332,1.698156,1.037924,1.467832,0.619888,0.760340,1.671677,1.107858,0.663424,1.876315,-2.026522,1.273229,1.489751,0.105905,1.384994,1.154099,-2.483731,1.125055,1.181636,1.028816,0.833447,1.949137,1.340445,0.981756,1.476313,1.250970,1.179250,1.558039,-1.627650,0.991823,1.595378,0.637038,1.140380,1.154600,-1.268654,1.200101,1.283589,-0.010590,0.787527,1.904918,0.884859,1.103444,1.510496,1.389551,1.046947,1.389095,0.949752,1.166685,1.488616,0.464044,0.884650,1.783092,0.143666,0.809580,1.815949,1.537601,0.893266,1.588798,0.666440,0.560492,1.585182,1.608445,0.884709,1.929644,-1.564945,0.721126,1.706146,0.303180,0.970224,1.944396,1.627682,0.742342,2.269423,-1.088252,0.817036,1.922234,1.633846,0.946780,1.885999,1.629609,0.763560,2.097106,-0.853977,0.948039,1.862090,0.189467,0.947531,1.674147,0.220027,0.771752,1.674147,1.130284,0.526056,2.016169,1.129006,0.430317,1.624609,0.061602,0.533532,2.034574,1.112700,0.790203,1.676299,0.804958,0.958803,1.650463,0.457143,0.777023,2.248601,-1.274256,0.719484,2.122455,-1.274213
0.155914,3.044322,-2.116854,0.698446,0.575554,1.697982,0.075791,0.852148,1.490079,0.829613,0.577761,0.307080,0.843756,1.218934,0.170217,0.895910,-0.227750,0.695015,1.670730,0.433676,-0.030323,0.877286,-0.549538,-1.504365,1.605917,-0.839641,-0.246349,2.280890,-0.439288,-0.997436,1.490717,-2.463551,1.508308,0.000492,0.000492,0.000492,0.808379,-0.916044,1.386199,2.063007,-0.798846,2.041763,0.000492,0.000492,0.000492,0.662434,1.458026,1.513971,0.771907,0.430081,-1.606201,0.668446,1.503066,0.805504,1.506250,0.435928,-1.049972,0.000492,0.000492,0.000492,0.000492,0.000492,0.000492,0.000492,0.000492,0.000492,0.000492,0.000492,0.000492,0.000492,0.000492,0.000492,0.000492,0.000492,0.000492,1.544569,-0.143425,-0.154967,1.540358,-0.282644,-1.037592,1.454631,-0.344298,-0.417032,1.584374,-0.916200,0.648746,1.840615,-0.472813,-0.485513,1.351375,0.236236,-0.180954,1.389942,0.234120,0.954400,1.793805,0.271223,-1.405340,1.814838,0.382703,0.164433,1.239677,0.465058,-0.806097,1.060075,0.269603,0.083788,1.061321,0.409674,0.186567,1.280850,-0.121903,0.716310,1.327014,1.153660,-0.597818,1.081162,0.319240,0.405274,1.466899,0.640899,0.128667,1.085328,-0.318962,0.457172,1.508315,0.285472,-0.688680,1.243224,0.703751,0.199782,1.422674,-0.615814,0.034248,-0.372177,0.495372,-0.083707,0.742060,1.316142,0.485404,1.160458,1.529529,1.348534,1.262226,1.646136,0.815841,1.195932,1.695939,1.188367,1.081166,1.687755,0.812385,1.092143,1.293256,1.016926,0.946883,1.264148,0.357196,0.823843,1.424630,0.497406,0.538313,1.600949,-0.004720,0.755574,1.074466,1.480007,0.462291,0.896191,0.678975,0.523242,0.733207,0.698217,0.704860,0.604490,1.229306,0.392963,0.953133,0.796886,-0.007758,0.731844,0.393537,0.095767,0.533551,1.471673,0.289856,0.365319,1.534624,0.001166,0.896172,0.520700,-0.355709,0.717200,0.976738,-0.393820,0.560099,1.364386,-0.320707,0.395396,1.611828,0.893044,0.935542,-0.452036,1.341683,0.821921,0.379198,1.195684,0.987429,1.724827,1.397204,1.293411,-0.489711,1.357696,0.997562,-0.197683,1.008003,1.317070,-0.049292,1.005568,1.653359,-0.144089,0.846957,1.945041,0.016337,0.908394,1.922508,0.003782,0.724521,1.476799,0.219297,0.745014,1.810890,0.873598,0.950025,1.008790,0.697400,1.117253,2.001402,0.873572,1.468615,1.694491,-0.450181,1.244160,1.086124,1.098555,1.764889,1.139026,-0.246610,1.800478,1.516418,-0.759375,1.140490,1.531540,0.107011,1.251833,1.270117,-1.648223,0.951329,1.850692,0.468483,1.058780,1.798522,0.471181,1.179254,1.963084,-0.241747,0.716724,1.971119,1.236194,0.944437,1.878901,0.766555,0.917093,1.662310,-1.177777,0.941097,1.994914,1.253557,1.444600,2.087470,-0.180647,0.660305,1.558733,-1.446768,0.811629,1.977177,-0.475634,0.700010,1.706278,0.168427,0.843292,2.112575,-1.426453,0.890180,1.743885,-1.264872,0.913808,1.661902,1.653485,0.866919,1.825423,1.503970,0.538320,1.610669,-0.031183,0.924280,1.829579,-0.765988,0.771399,1.840819,0.716319,0.835227,1.553437,-0.615563,0.866285,1.621651,0.655791,0.790190,1.840978,-0.201755,0.980431,1.845190,0.954962,0.954115,1.933849,-0.536526,0.981493,2.004827,0.886524,0.822657,1.640370,0.917892,0.769784,1.765520,1.542591,0.626170,1.454259,-1.245183,0.670426,1.949891,0.712814,0.710484,1.848184,1.679908,1.137474,1.562831,0.726647,1.064080,1.890918,0.086672,0.969977,1.605227,1.623725,0.704994,1.815424,0.893507,0.614267,1.752082,0.991196,0.874697,1.684113,-0.499816,0.956750,1.842999,-0.514792,0.667550,2.025465,1.497340,0.779179,1.937116,-1.471250,0.629173,1.943221,0.574998,0.805339,1.907034,0.675253,0.944407,1.783926,-0.591542,0.653866,1.931654,0.550281,0.804489,1.832603,0.310648,0.582968,1.832603,0.650922,0.581295,1.711570,0.025474,1.377809,1.786625,-0.692357,0.588441,1.726260,0.065589,0.599875,1.835260,0.338165,0.815854,1.809079,0.459504,0.817578,1.699171,-1.021428,0.928631,1.648448,-1.310810
0.148727,0.553253,-1.826198,0.705783,0.585895,1.703314,0.072971,0.866943,1.385184,0.680587,0.577232,0.393784,0.844594,1.127977,0.270061,0.897417,-0.257994,0.897942,1.656929,0.379749,-1.569565,0.876694,-0.590625,-1.470021,1.615157,0.287807,0.459396,2.280398,0.497875,-0.478469,1.516603,2.128528,-0.887963,0.000492,0.000492,0.000492,1.438569,0.402604,2.322650,0.647137,-0.798846,0.493073,0.000492,0.000492,0.000492,0.657958,1.456123,1.655364,0.768836,0.431608,-1.511332,0.675906,1.545479,0.692150,1.500660,0.427429,-0.916728,0.000492,0.000492,0.000492,0.000492,0.000492,0.000492,0.000492,0.000492,0.000492,0.000492,0.000492,0.000492,0.000492,0.000492,0.000492,0.000492,0.000492,0.000492,1.547110,-0.181324,-1.300721,1.542042,0.058187,-1.418017,1.455536,0.379693,-1.388046,1.856179,-0.947194,-0.263826,1.555190,-0.178773,-1.004314,1.354277,-0.226518,-0.251427,1.391978,0.206257,0.223434,2.067204,0.247378,-1.223671,1.815537,0.355606,-0.561569,0.992496,0.432984,-2.262260,1.271461,0.255362,-1.361315,0.821677,-3.081431,-1.107240,1.281450,-0.776323,-0.799775,1.063020,1.125709,-1.865551,0.841687,-0.365520,-1.504536,0.164227,-1.850391,-0.852332,1.320637,-1.040258,-0.520150,1.029936,0.261427,-1.913213,1.245011,0.232797,-1.387236,0.310208,1.065184,-1.102373,-0.225732,0.163540,-1.349458,0.846069,1.189414,-0.654339,1.232582,1.415029,0.878564,1.350372,1.550290,0.556310,1.203947,1.604749,0.799504,1.121349,1.620052,1.058041,1.093262,1.208674,0.166644,0.935164,1.175889,-0.857959,0.864364,1.364346,0.267308,0.606775,1.529039,-0.246136,0.714518,0.998928,0.269495,0.409487,0.855912,0.469560,0.494447,0.690756,1.106863,0.742585,0.577689,1.207783,0.313809,0.879709,0.386317,-0.045994,0.684375,0.614680,0.093560,0.516278,1.159336,0.351520,0.363142,1.448035,-0.056856,0.855759,0.284121,-0.366038,0.696515,0.858292,-0.388036,0.537245,1.076964,-0.282354,0.403460,1.417106,1.344759,1.289275,-1.211347,1.440315,0.880042,0.456957,1.017230,1.095921,1.505001,1.523600,1.152682,-0.304861,1.162586,0.886805,-0.491775,0.869572,1.253021,-0.046325,0.919332,1.623106,-0.096313,0.804025,1.925150,0.225634,0.916624,1.904065,0.380475,0.786104,1.432366,0.450697,0.861200,1.725633,1.157927,0.832100,1.429493,0.009125,1.025334,1.736509,0.305294,1.375578,1.270620,-0.520110,1.459356,1.272296,0.345242,1.360061,1.201970,-0.712855,1.377084,1.439472,-0.811933,1.610005,1.006438,0.014352,1.704460,1.957589,-1.568919,0.837773,1.737666,1.323702,0.986762,1.690336,1.486524,0.879395,1.809391,-1.241635,0.720776,1.451049,1.340724,0.979286,1.696206,0.292826,0.984654,2.298012,-0.634242,1.043258,1.427481,1.980564,0.962985,1.396078,0.179814,0.645063,2.320511,-1.413007,0.800750,1.426920,-1.220779,0.689283,1.719017,1.090992,0.834368,2.166926,-1.474222,0.849911,2.200877,-1.025973,0.889592,1.413040,1.727324,0.858800,1.501892,0.781738,0.549194,1.698121,0.456743,0.699069,1.939763,-1.897972,1.251812,1.288645,0.326742,1.027981,1.000544,-1.864611,1.051962,1.552101,1.101773,0.729772,2.198623,0.794599,0.907533,1.806497,1.450082,1.132070,1.898018,-1.361731,0.757951,1.446865,0.773070,0.876581,1.547218,-0.294165,0.855059,1.171769,0.934182,0.730374,1.792592,-0.478073,0.756236,1.351121,1.348742,0.767589,1.775619,1.455087,1.079684,1.387158,0.681261,1.024349,1.732630,0.514777,0.943444,1.772839,1.746874,0.696056,1.539013,0.272802,0.362254,1.553546,1.231113,0.911109,1.872646,-1.006893,0.715291,1.615664,-1.117165,0.709004,1.816765,1.484045,0.796223,2.146450,-1.296309,0.622985,1.814156,1.109137,0.778602,1.777676,1.310746,0.904362,1.981211,-0.497200,0.847959,1.778241,0.887339,0.777449,1.580774,-0.372921,0.574006,1.580774,0.408162,0.593844,1.926878,0.408971,0.783706,1.529138,-1.195167,0.600915,1.944194,0.362652,0.590839,1.582628,0.054849,0.788833,1.556996,-0.108753,0.711868,2.091264,-1.256485,0.711052,2.007051,-1.955987
0.132208,0.548213,-1.581919,0.691837,0.607292,1.311835,-0.338669,0.869489,1.338936,0.532615,0.576015,0.499863,0.690526,0.974669,-0.013726,0.911246,-0.315109,0.751543,1.654361,0.383122,-1.418770,2.340277,-0.549538,-1.504421,1.610711,0.264604,0.117582,2.277198,0.461212,-0.462198,1.495594,-0.167511,0.494535,0.000492,0.000492,0.000492,1.435074,0.387577,1.722044,0.641979,-0.798846,0.008044,0.000492,0.000492,0.000492,0.651243,1.450015,1.389165,0.763146,0.415693,-1.396989,0.672707,1.520090,0.686197,1.505384,0.436296,-1.036529,0.000492,0.000492,0.000492,0.000492,0.000492,0.000492,0.000492,0.000492,0.000492,0.000492,0.000492,0.000492,0.000492,0.000492,0.000492,0.000492,0.000492,0.000492,1.921390,-0.151014,-1.996658,1.397339,-0.279625,-1.680651,1.572356,0.037724,-0.254644,1.971331,-0.428514,-0.539356,1.675833,-0.145237,0.207734,2.226769,-0.183801,-0.791747,1.789965,0.258538,-0.374847,1.912508,0.292051,0.293895,1.654889,0.403057,-0.904288,1.604708,0.479332,-0.489359,1.153697,0.280301,-0.167379,2.127758,0.258900,-0.493320,1.622796,-0.114136,-0.721855,1.183056,1.171155,-1.011889,1.187927,0.461530,-0.287667,1.127170,-0.345290,-0.614933,1.890585,0.041686,-0.443065,1.859242,0.293498,-0.982870,1.363479,0.713082,-0.467953,0.851800,0.898111,-0.448420,0.274845,1.149250,-0.691711,0.673019,1.025030,-0.285645,1.238331,1.238569,0.522621,1.426970,1.325988,-0.103235,1.326172,1.416535,0.629085,1.086147,1.481404,0.001334,0.922213,0.989368,-0.530751,0.996764,0.977175,-1.776075,0.972707,1.171234,-0.650067,0.662461,1.343537,-0.834740,0.473593,0.896907,-0.321174,0.237053,0.732474,-0.379822,0.386181,0.615434,-0.090994,0.721565,0.577964,0.374235,0.190277,0.874940,-1.454699,-0.075591,0.636839,-0.847020,0.163632,0.516964,-0.577242,0.419431,0.463775,-0.209460,0.007911,0.991544,-1.010145,-0.319532,0.626815,-1.153946,-0.230115,0.555298,0.388598,-0.044699,0.596797,0.233578,1.334385,0.935254,-0.951437,1.432155,0.876986,0.815451,1.008882,0.782698,1.734007,1.514150,1.150941,-0.556092,1.152816,0.885725,-0.127823,0.861270,1.252244,0.157460,0.630514,1.352364,-0.152897,0.797254,1.325929,-0.177809,0.911056,1.277404,-0.076320,0.780455,1.432014,0.798780,0.856198,1.724740,1.406464,0.828004,0.852376,0.067795,1.021292,1.733724,0.255098,1.371371,1.265685,-0.562573,1.455669,1.265870,0.329326,1.356017,1.193277,-0.837331,1.372880,1.428147,-1.030071,1.275953,1.000523,-0.072872,1.397255,1.549620,-1.763691,0.829912,1.732303,1.277222,0.711533,1.685202,1.363478,0.873286,1.801520,-1.695996,0.715223,1.445045,1.611275,0.974090,1.688335,0.154453,0.715739,1.893847,-1.092463,0.771778,1.420866,1.473255,0.640852,1.387579,0.550446,0.639171,2.314916,-1.630044,0.546559,1.420401,-1.332303,0.683702,1.715380,0.933879,0.582061,1.771420,-1.508913,0.844131,1.834612,-1.252947,0.883911,1.410095,1.710572,0.852775,1.498018,1.164356,0.543290,1.695500,0.499584,0.693859,1.484215,-1.593500,1.243560,1.282137,0.440904,1.019948,0.993943,-1.315623,1.045419,1.544990,1.011257,0.722961,1.799156,0.471998,0.900889,1.258167,1.483675,1.124838,1.323102,-0.523226,0.752679,1.440215,0.780210,0.871450,1.034654,-0.354587,0.849240,1.164591,1.088922,0.724945,1.787165,-0.455638,0.750380,1.343984,1.376577,0.762155,1.215120,1.484234,1.073587,1.385272,0.780949,1.018368,1.730648,0.068006,0.936704,1.770089,1.555236,0.689423,1.535837,0.982488,0.356711,1.551282,1.106731,0.905982,1.869657,-0.959767,0.709187,1.613069,-0.387289,0.703167,1.814469,1.564694,0.791170,1.769731,-1.347250,0.616577,1.812606,0.683996,0.771810,1.776122,0.968469,0.898335,1.626176,-0.671007,0.842081,1.776343,0.383652,0.770581,1.577929,0.254780,0.567354,1.577929,0.989689,0.587918,1.464569,0.257988,0.450645,1.526228,-0.832842,0.595024,1.476247,0.271197,0.584133,1.579774,0.637778,0.781968,1.554148,0.448460,0.703484,1.645480,-0.947885,0.418679,1.570040,-1.801111
0.118661,0.534597,-1.219949,0.710376,0.560174,1.940199,0.061449,0.851915,1.391365,0.454060,0.521137,0.102573,0.532390,0.731046,-0.017146,0.901159,-0.325770,0.662455,1.652421,0.383122,-1.189214,2.363188,-0.545424,-1.686775,1.608999,0.256192,-0.016960,1.649495,0.462959,-0.668109,1.495961,-0.167511,1.047101,0.000492,0.000492,0.000492,1.440313,0.377558,1.436769,2.062150,1.315531,-0.470265,0.000492,0.000492,0.000492,0.641853,1.443059,1.372465,0.760088,0.412640,-1.405784,0.668088,1.525758,0.379683,1.495070,0.429202,-0.962515,0.000492,0.000492,0.000492,0.000492,0.000492,0.000492,0.000492,0.000492,0.000492,0.000492,0.000492,0.000492,0.000492,0.000492,0.000492,0.000492,0.000492,0.000492,1.943897,-0.147219,-1.639873,2.188664,-1.012576,-1.291006,1.868927,-1.459564,-1.131202,1.994105,-1.365191,-0.536615,1.699772,-0.454770,-0.048940,1.237581,-0.176718,-0.875437,1.537418,0.265515,-2.055984,1.935758,0.658309,-0.032364,1.678498,0.406449,-0.702623,0.876500,0.051496,-1.608288,1.171630,0.283845,-1.570484,0.945346,0.260201,-1.789140,2.121544,-1.690432,-1.365993,0.939032,-0.527745,-2.062630,1.691043,0.328128,-1.937988,1.145737,-1.004103,-1.696700,1.207025,-0.304637,-2.164260,1.639711,-0.353263,-2.002037,1.114687,0.032818,-1.893150,0.647977,1.076860,-0.658286,1.308836,-0.366688,-1.861692,0.346351,0.816490,-0.547318,0.848923,1.080343,0.469304,1.004093,1.189472,0.302722,0.984729,1.178807,-0.136001,1.106545,1.351795,0.820403,0.820184,0.922960,-1.346883,0.802535,0.912383,-1.883947,0.576250,0.815438,-1.741035,0.427471,0.787692,-1.369750,0.316125,0.719622,-0.813437,0.206465,0.603546,-0.756106,0.352305,0.510975,-1.068606,0.578923,0.531796,-0.589074,0.133251,0.614213,-0.879364,-0.115224,0.573774,-1.151000,0.135947,0.445791,-1.059746,0.419500,0.425627,-0.595609,-0.087236,0.593585,-1.349800,-0.319854,0.617742,-0.241138,-0.109487,0.603586,0.296361,0.150632,0.629260,0.278407,0.996759,0.577689,-0.743554,1.435884,0.868363,0.774393,1.012454,0.773560,1.648330,1.517930,0.847431,-0.753489,1.156671,0.874078,-0.228202,0.864118,0.933616,0.177018,0.632173,1.341441,-0.241581,0.797975,1.014230,-0.130331,0.910839,1.264494,-0.093443,0.778978,1.414294,0.802833,0.853697,1.704114,1.511569,0.824814,1.406720,0.000614,1.017222,1.711089,0.204399,1.033115,1.242798,-0.565196,1.450990,1.244659,0.038236,1.350910,1.174558,-0.983164,1.367843,1.409271,-1.220702,0.630287,0.992345,0.862409,0.801980,1.543211,-1.612508,0.832132,1.726637,1.349314,0.713104,1.679779,1.136891,0.614453,1.274083,-1.495749,0.968550,1.438702,1.886434,0.973447,1.681304,0.512611,0.714192,1.888143,-1.126505,0.769759,1.414605,1.205879,0.637922,1.379097,0.839181,0.639392,1.891155,-1.723289,0.795311,1.409489,-1.051459,0.683920,1.708371,0.757428,0.828973,1.761865,-1.309092,0.844752,1.824532,-1.485470,0.884340,1.400400,1.422290,0.852775,1.484854,1.190383,0.542808,1.375534,0.302104,0.692984,1.471662,-1.424680,0.939365,1.271731,0.189391,1.022278,0.984413,-1.059617,0.787518,1.534722,0.769692,0.724128,1.791205,0.118784,0.902431,1.247234,1.127404,0.849035,1.311133,-0.667048,0.752027,1.430694,0.671747,0.870344,1.025308,-0.311862,0.847387,1.155318,1.126867,0.415173,1.376217,-0.404321,0.748515,1.333767,1.222427,0.760983,1.204445,1.569559,1.074639,1.373064,0.575710,0.765238,1.721499,-0.339406,0.639695,1.347606,1.401044,0.689423,1.521089,1.127866,0.620498,1.541124,0.940991,0.905142,1.410487,-0.781100,0.392717,1.598612,0.311010,0.702210,1.349354,1.491230,0.790545,1.757108,-1.331231,0.616577,1.802239,0.529083,0.772302,1.765731,0.846339,0.899202,1.614279,-0.854484,0.842889,1.765820,-0.039968,0.771079,1.562600,0.421268,0.567354,1.562600,1.089226,0.587695,1.449878,0.155208,0.449281,1.510555,-0.159103,0.594803,1.461377,0.186631,0.584133,1.564396,0.790724,0.782466,1.538803,0.685544,0.705640,1.196774,-0.641803,0.417236,1.561696,-1.784940
0.117369,0.526053,-1.175917,0.704865,-1.112448,1.379419,0.064661,0.255475,1.202520,0.232580,0.438690,-0.186324,0.373610,0.576804,0.160128,0.905267,-0.322180,0.461791,1.663673,0.413438,-0.399948,2.372295,-0.500224,-1.871512,1.600337,-0.833313,-0.567118,1.649863,-0.446254,-0.927069,-0.425576,-2.463551,1.016151,0.000492,0.000492,0.000492,1.424718,0.357552,1.008293,0.627657,-0.798846,-0.915322,0.000492,0.000492,0.000492,0.641853,1.446222,1.621512,0.757243,0.404313,-1.333389,0.671645,1.532028,0.583175,1.498508,0.437355,-0.861349,0.000492,0.000492,0.000492,0.000492,0.000492,0.000492,0.000492,0.000492,0.000492,0.000492,0.000492,0.000492,0.000492,0.000492,0.000492,0.000492,0.000492,0.000492,2.208780,-1.030478,-1.748794,2.707644,-0.611436,-1.091286,2.148425,-1.798449,-1.038761,1.999676,-1.318747,-0.332899,1.991772,-0.423817,-0.438761,1.496509,-0.134002,-0.415613,2.096494,0.307331,-2.625208,2.213850,0.694041,-0.515571,1.684232,0.037021,-1.012793,0.882452,-0.340654,-2.597861,-0.503484,-2.731673,-1.830519,1.672369,-2.414665,-1.506336,2.126654,-2.292928,-1.196749,0.945608,-1.335270,-2.391461,0.972813,-1.418218,-2.201542,-0.154080,-2.477965,-1.314240,0.743167,-0.965836,-2.148433,1.645439,-1.622771,-2.278643,1.120718,-2.448996,-1.905383,0.652913,1.085615,-1.164073,1.458045,-1.113972,-1.915314,0.466220,0.585755,-1.412503,0.136339,0.571148,-1.657226,0.101274,0.527216,-1.285212,0.853073,0.790895,-1.134258,0.948494,1.094816,-0.906811,0.135301,0.413370,-0.421755,0.438044,0.469936,-1.629927,0.682878,0.512691,-1.911663,0.721378,0.828634,-0.983796,-0.036218,0.466592,-0.418832,-0.094837,0.450575,-1.597427,0.478829,0.364491,-1.441651,0.618126,0.401126,-0.736876,-0.095360,0.513864,-0.221037,-0.131194,0.511078,0.019924,0.134083,0.423336,0.248334,0.536583,0.378326,0.919956,-0.052693,0.570399,-0.205084,-0.018290,0.641385,-0.566410,0.214136,0.675914,0.606746,0.504210,0.703171,0.566935,0.889023,1.139189,-0.401152,1.337945,1.013257,-0.281859,1.191869,0.858265,1.158257,1.392611,1.170235,-0.124729,1.003315,1.181427,-0.663942,1.002813,1.491609,-0.098954,0.720540,1.269770,0.344061,0.840661,1.519941,0.281907,0.901712,1.477942,-0.150209,1.005389,0.868315,-0.304188,0.735773,1.071145,-0.044540,0.940705,1.907835,0.711431,1.106752,1.074816,0.073358,1.456003,1.387597,-1.258182,1.233089,1.527795,0.158197,1.434951,1.601808,-0.350689,1.787887,1.150565,-0.571442,0.813562,1.352432,1.289279,0.653547,1.904860,-0.406105,0.656136,1.707550,1.384114,0.787171,1.661509,1.285394,0.658748,1.238267,-1.429507,0.710321,1.417336,1.565251,0.937295,1.680901,0.275893,0.647291,1.502044,-1.305201,0.667588,1.417382,0.758683,0.490462,1.346514,0.475795,0.397227,1.802279,-1.684803,0.558910,1.252369,-1.147749,0.694227,1.579490,0.790425,0.592648,1.562953,-1.461930,0.884812,1.953755,-1.019872,0.908127,1.169791,1.373593,0.860205,1.177966,0.615939,0.531212,1.481589,0.693275,0.660823,1.642651,-2.027449,0.766244,1.119178,0.747247,0.524051,0.864822,-0.602870,0.861269,1.405889,0.460089,0.784556,1.680400,0.596790,0.713893,1.086941,0.892534,0.673408,1.138782,-1.182638,0.715348,1.314524,0.696396,0.815087,0.932986,-0.257094,0.760259,1.063726,1.222469,0.616848,1.290029,-0.550828,0.660841,1.209100,1.242645,0.702468,1.074191,1.549110,1.132429,1.406884,0.295375,0.806682,1.476379,0.513861,0.667958,1.434177,1.694686,0.697603,1.147913,0.313513,0.345371,1.279052,1.058492,0.867889,1.498203,-1.141576,0.322214,1.221431,-0.869849,0.659799,1.390258,1.500208,0.772653,1.779814,-1.206549,0.622001,1.508061,0.958288,0.798280,1.470885,1.354870,0.938809,1.635678,-0.641546,0.887669,1.479182,0.452457,0.797350,1.154733,-0.497973,0.575557,1.154733,0.468400,0.574217,1.519461,0.335234,0.396236,1.093523,-0.746055,0.581406,1.531809,0.260705,0.592403,1.155228,0.122647,0.808720,1.130525,-0.159419,0.811373,1.519614,-0.748075,0.635787,1.473127,-1.883876
0.119075,0.520521,-1.156001,0.673668,0.506366,0.597962,0.069208,-0.344902,0.692374,0.008234,0.383865,0.217390,0.219841,0.394229,0.181566,0.899288,-0.234822,-0.021961,1.657557,0.416811,-0.908354,2.362614,-0.528970,-1.876554,1.013255,-0.843860,-1.141855,0.997056,-1.339766,-1.109076,-0.413200,-0.167511,-0.106509,0.000492,0.000492,0.000492,0.794657,-0.926063,0.003326,0.636820,-0.798846,-0.271759,0.000492,0.000492,0.000492,0.647217,1.441169,1.270682,0.758125,0.377805,-1.171537,0.684785,1.529348,0.469191,1.502812,0.428488,-0.955257,0.000492,0.000492,0.000492,0.000492,0.000492,0.000492,0.000492,0.000492,0.000492,0.000492,0.000492,0.000492,0.000492,0.000492,0.000492,0.000492,0.000492,0.000492,2.200715,-0.594517,-1.675670,2.444785,-0.267585,-1.999290,1.869832,-1.077542,-1.844659,2.267027,-0.889127,-0.988982,1.987073,-0.137491,-0.800171,1.488208,-0.173155,-1.112763,1.260151,0.265515,-2.173014,1.935989,0.298012,-1.639970,1.679645,-0.000253,-1.205953,0.874645,-0.376297,-2.229707,-0.508315,-2.968562,-1.639070,1.908070,-2.111817,-1.222444,1.643822,-2.002078,-1.148059,0.937050,-1.373717,-2.367007,0.726012,-1.430444,-1.787373,-0.158362,-2.325826,-1.032254,0.269682,-0.997317,-1.619808,1.637926,-1.975579,-2.196967,0.842196,-2.467680,-1.570291,0.648156,1.077590,-1.109133,1.308719,-1.122877,-1.792956,0.086548,0.364911,-0.361934,0.085531,0.279414,-0.477431,-0.057216,0.214365,-1.123370,0.317983,0.247079,-1.233257,0.578192,0.251113,-0.977358,-0.155062,0.227829,0.858518,0.111029,0.247052,0.395017,0.333731,0.262751,-0.005965,0.443675,0.285420,0.154957,-0.121306,0.302710,-0.372491,0.132555,0.362378,-0.355487,0.401069,0.299472,0.359261,0.731198,0.252497,0.801330,-0.016302,0.355657,0.381163,0.078726,0.443110,-1.130806,0.471373,0.411048,-0.068739,0.830065,0.365807,0.972601,-0.046202,0.462944,0.046464,0.248028,0.593831,0.468416,0.568997,0.619633,0.463452,0.801173,0.529725,0.930324,0.999924,0.920538,-0.747166,1.160957,0.529055,0.654424,1.014599,0.763091,1.671723,1.520095,0.835313,-0.991382,0.806422,0.859192,0.246552,0.556137,0.917625,1.134825,0.349034,1.326425,0.153963,0.794570,0.996820,0.033223,0.641152,0.933245,0.182931,0.771133,1.390108,1.010742,0.843205,1.676017,1.242267,0.813682,1.377683,-0.151512,1.004098,1.681851,-0.173508,1.350344,1.950677,-0.898707,1.436714,1.222194,0.090934,1.335544,1.155811,-0.727161,1.351868,1.394938,-0.817803,0.631921,0.987154,0.889755,0.503845,1.539827,-1.332002,0.831632,1.724246,1.502258,0.711073,1.677490,1.425336,0.870888,1.270601,-0.891030,0.710321,1.436026,0.991499,0.452909,1.679252,0.160319,0.442601,1.886809,-1.285480,0.760549,1.413217,0.558270,0.625932,1.375519,1.024531,0.376527,1.469843,-1.618340,0.542592,1.401235,-0.683274,0.679790,1.392941,-0.231522,0.578126,1.360744,-0.662082,0.841862,1.813519,-1.838868,0.630572,1.389508,0.811272,0.848155,1.470556,0.924589,0.537126,1.365849,0.380937,0.687119,1.458350,-0.905393,0.939365,1.263054,0.639355,0.713453,0.977391,-0.735036,0.785769,0.997510,0.731476,0.721546,1.784900,0.297108,0.900438,1.238117,1.378140,0.848104,1.302078,-0.906481,0.745647,1.424043,0.390390,0.863218,1.019769,-0.051295,0.837840,1.149824,1.593386,0.405346,0.967645,-0.101163,0.738909,1.326629,1.204331,0.753437,1.196988,1.631223,1.072535,1.357722,0.663846,0.762248,1.416286,-0.327308,0.635429,1.332787,1.443049,0.684336,1.503976,1.520670,0.350923,1.528989,1.247612,0.646079,1.394000,-1.039317,0.383970,1.581530,0.130127,0.695179,1.330797,1.573474,0.535219,1.741034,-1.296091,0.611393,1.788760,0.663844,0.767757,1.752222,0.625002,0.895969,1.599130,-0.707094,0.840457,1.432265,0.211217,0.766482,1.543586,0.691537,0.562254,1.543586,1.240368,0.310785,1.432105,0.574997,0.441029,1.491114,-0.114053,0.319544,1.443387,0.725411,0.578991,1.545322,1.029921,0.777872,1.519771,0.912922,0.704023,1.190101,-0.739796,0.409286,1.125054,-1.521292
0.115688,0.514989,-0.988438,0.715876,0.528416,0.674052,0.485627,-0.341431,0.212371,-0.140023,0.354707,0.418677,-0.247597,0.210604,0.270675,0.920968,-0.231340,-0.199902,1.673632,0.440381,-0.444257,2.358491,-0.512565,-1.780834,1.606606,-0.852272,-0.179213,1.651955,-1.336273,-0.743018,1.480963,-0.167511,0.964579,0.000492,0.000492,0.000492,1.438691,-0.926063,1.688518,0.662892,-0.798846,-0.834026,0.000492,0.000492,0.000492,0.643204,1.445592,1.546922,0.758993,0.382339,-1.169699,0.687984,1.568462,0.140124,1.506696,0.438415,-0.872196,0.000492,0.000492,0.000492,0.000492,0.000492,0.000492,0.000492,0.000492,0.000492,0.000492,0.000492,0.000492,0.000492,0.000492,0.000492,0.000492,0.000492,0.000492,2.193066,-0.116863,-1.652848,1.924958,0.109438,-2.339719,1.589443,0.059273,-2.178793,1.988738,-0.873630,-1.215602,1.980268,-0.444442,-0.909463,2.491717,-0.158902,-0.026586,1.805157,0.275980,-1.794437,2.201106,0.670232,-0.685949,1.672764,0.009924,-1.642872,1.367177,-0.365591,-2.134591,-0.303990,-2.745915,-1.242288,1.901740,-1.790786,-0.666299,1.637729,-1.360623,-0.879633,1.196222,-1.359721,-2.194973,0.719472,-1.155878,-1.452180,0.488245,-1.658854,-0.728886,0.263712,-0.985857,-0.751118,2.111963,-0.989354,-1.854284,1.107088,-2.234074,-1.541872,0.865157,0.990772,-1.103908,1.304886,-1.011672,-1.682230,-0.227816,0.242428,0.539688,-0.373099,0.150410,-0.392469,-0.358685,0.102121,-0.808931,0.250835,0.063475,-1.394511,0.412606,0.048901,-1.169331,-0.401801,0.105981,0.301433,-0.068741,0.104780,0.216696,0.269574,0.098963,-0.317523,0.387851,0.182613,0.417098,-0.364177,0.177476,0.145276,0.056057,0.215531,-0.064172,0.436001,0.192352,0.287511,0.722327,0.153289,0.889769,-0.175033,0.251242,0.693592,0.139656,0.359119,0.214117,0.520467,0.316784,0.300971,0.850430,0.270844,0.828499,-0.043017,0.362944,0.354925,0.227208,0.458850,0.516627,0.520812,0.457789,0.847107,0.818903,0.463593,1.358260,1.004824,0.579473,-0.595465,1.165151,0.538798,0.971957,1.019142,0.773815,1.551178,1.525216,0.553080,-1.072434,0.812638,0.873009,0.230259,0.870342,0.932061,1.146866,0.637379,1.069329,-0.155878,0.802830,1.011954,0.064610,0.914614,0.949051,0.131712,0.782411,1.411796,1.073707,0.856462,1.701075,1.396811,0.826867,1.403844,-0.156736,1.018903,1.709449,-0.217117,1.367996,1.242798,-0.845203,1.452463,1.245965,0.174898,1.352510,1.177909,-0.723335,1.369507,1.415348,-0.932252,0.637656,1.436629,0.477448,0.509384,1.948457,-1.278255,0.545770,1.729913,1.284236,0.717844,1.682914,1.025153,0.619036,1.278880,-1.491117,0.718859,1.442369,0.863587,0.462218,1.686266,-0.036452,0.189023,1.494679,-1.385764,0.505460,1.419124,-0.030255,0.323797,0.853743,1.291367,0.384599,1.478244,-1.503840,0.550534,1.412979,-0.637512,0.687621,1.400997,-0.381822,0.586003,1.371598,-0.789511,0.603582,1.462232,-1.864741,0.638155,1.400975,0.701596,0.581652,1.485641,1.122145,0.546834,1.376056,0.432326,0.696469,1.472806,-1.034873,0.639034,1.274783,0.542402,0.720443,0.987713,-0.772894,0.792313,1.008649,0.503679,0.729064,1.399405,0.051473,0.907082,1.250440,1.066152,0.854632,1.314961,-0.958319,0.755306,1.434408,0.148734,0.873463,1.029566,-0.184509,0.850824,1.159542,1.537148,0.418287,0.975792,-0.045120,0.751974,1.337752,1.172651,0.764286,1.208609,1.493127,1.079051,1.372427,0.550725,0.769514,1.427165,-0.564814,0.644439,1.347606,1.298490,0.694011,1.521089,1.405980,0.360038,1.541124,1.258675,0.655442,1.410487,-1.242126,0.396416,1.598250,0.439302,0.705849,1.348583,1.444553,0.543835,1.381621,-1.365001,0.621017,1.801458,0.587579,0.777104,1.764949,0.601591,0.903503,1.613675,-0.829724,0.606249,1.765283,0.209608,0.775935,1.562172,0.866563,0.571955,1.562172,1.242021,0.320148,1.449501,0.668266,0.453395,1.510118,0.223026,0.328851,1.460995,0.824927,0.588771,1.563967,1.076145,0.787319,1.538375,1.120196,0.711593,1.199727,-0.907694,0.420623,1.133767,-1.509742
0.112302,0.516495,-0.945551,0.714050,-1.132825,0.242085,0.487352,-0.354031,-0.491510,-0.289192,0.298930,-0.053230,-0.329986,0.087409,0.107071,0.880210,-0.245592,-0.113192,1.675553,0.437049,-0.314898,2.347035,-0.537197,-1.700071,1.605235,-1.929121,-0.258739,2.271171,-1.348501,-0.598491,1.472330,-0.167511,0.909687,0.000492,0.000492,0.000492,1.428083,-0.936081,1.621238,0.648291,1.315531,-0.894420,0.000492,0.000492,0.000492,0.638277,1.443277,1.476508,0.757457,0.382339,-1.089089,0.680524,1.545770,0.310383,1.507116,0.435236,-0.910901,0.000492,0.000492,0.000492,0.000492,0.000492,0.000492,0.000492,0.000492,0.000492,0.000492,0.000492,0.000492,0.000492,0.000492,0.000492,0.000492,0.000492,0.000492,1.923295,-0.598312,-2.100921,1.658513,-0.276643,-1.872163,1.579775,-0.335047,-1.963999,1.979816,-0.904577,-1.245035,1.684987,-0.150370,-1.170058,1.722005,-0.187365,-0.195049,1.793815,0.248073,-1.805924,2.190819,0.643442,0.078496,1.663379,0.396272,-0.618214,1.356087,0.040834,-2.284276,-0.521944,-2.975693,-1.906400,1.893046,-1.959758,-1.316014,2.107787,-1.695631,-1.326643,1.184369,-0.961207,-2.059479,0.710162,-1.300393,-2.066821,0.914914,-1.173901,-1.300728,0.724104,-0.656725,-1.751497,2.101290,-0.358613,-1.769035,1.368623,-2.019175,-1.806728,0.856926,0.984929,-0.959400,1.299371,-0.693177,-1.768987,-0.398162,0.080439,0.467641,-0.236995,-0.076594,-0.576300,-0.257606,-0.065126,-1.027201,0.036376,-0.039383,-1.283054,0.098423,-0.078464,-1.176373,-0.526073,-0.061497,0.513670,-0.265419,-0.014107,0.260350,0.048346,-0.024828,0.236055,0.224105,-0.007846,0.544893,-0.515292,0.044317,0.369199,-0.040191,0.095639,-0.049072,0.359033,0.028677,0.179489,0.664181,-0.010936,0.744324,-0.230079,0.151131,0.761038,0.100085,0.215079,0.139238,0.494546,0.161626,0.144904,0.869158,0.131639,1.225026,-0.028551,0.262810,-0.186138,0.252319,0.315328,-0.429213,0.466086,0.279152,0.234669,0.761730,0.280826,1.445263,0.893044,0.441158,-0.274212,1.341446,0.353572,0.245386,1.195208,0.546350,1.750345,1.396677,0.874898,-0.762787,1.007459,0.538578,0.078618,0.700538,0.878351,0.323565,0.723856,1.266141,0.377486,0.843809,1.516168,0.463169,0.904610,1.473738,0.484128,0.719131,1.288665,0.359582,0.738274,1.064567,0.417378,0.942980,1.900547,0.475953,1.109141,1.066507,-0.279324,1.458808,1.378306,-1.197607,1.235303,1.518783,0.498369,1.437647,1.593089,-0.234565,1.790690,1.141511,-0.534226,0.817385,1.347996,0.883905,0.657069,1.900803,-0.635724,0.659567,1.703983,1.454001,0.790101,1.658095,1.100525,0.661581,1.233044,-1.756982,0.712881,1.413343,0.762362,0.429315,1.188592,-0.166846,0.387700,1.498368,-1.429411,0.670055,1.413557,0.459037,0.493131,1.341611,1.013617,0.400063,1.798065,-1.566862,0.561626,1.247126,-1.012144,0.696694,1.576118,0.276010,0.595130,1.558343,-1.517189,0.643834,1.949466,-1.326335,0.662371,1.165662,1.058813,0.589780,1.172943,0.748265,0.254988,1.477913,1.019810,0.407131,1.189360,-1.680332,0.769856,1.113534,0.768834,0.527688,0.859433,-0.679651,0.864101,1.400084,0.391900,0.787607,1.676093,0.578879,0.977988,1.618408,0.946523,0.676677,1.133031,-1.393817,0.717984,1.309527,0.433817,0.817762,0.927897,-0.346820,0.763427,1.058678,1.508730,0.314588,1.285942,-0.077733,0.664028,1.203738,1.451439,0.705300,1.068588,1.348663,0.887177,1.402169,0.229592,0.809463,1.472927,0.154126,0.670972,1.429335,1.524292,0.700655,1.142321,0.665706,0.348039,1.275076,1.717070,0.619263,1.492575,-1.636182,0.325385,1.215893,-0.590363,0.662698,1.384556,1.329280,0.527014,1.775068,-1.299919,0.625205,1.504180,1.435121,0.801553,1.466995,1.543593,0.687779,1.981815,-0.798260,0.651236,1.793602,0.836671,0.800660,1.149075,-0.201023,0.578617,1.149075,0.779207,0.307822,1.514051,1.013509,0.399546,1.087738,-0.291647,0.316598,1.526332,1.093688,0.595488,1.149552,0.489936,0.812028,1.124861,0.095893,0.815146,1.515154,-1.167789,0.354044,1.040487,-1.507400
0.108915,0.523041,-0.979871,0.692935,-1.134498,-0.359298,0.480533,-0.352070,-0.533540,-0.438404,0.188964,-0.031459,-0.408770,-0.035319,0.106456,0.898170,-0.186736,-0.393336,1.679729,0.433676,-0.061334,2.356429,-0.524856,-1.817004,1.608769,-0.850163,0.004085,2.280154,-1.339766,-0.436798,1.490339,-2.463551,2.203174,0.000492,0.000492,0.000492,1.427086,-0.936081,1.498335,0.625367,-0.798846,0.865954,0.000492,0.000492,0.000492,0.635602,1.442853,1.488917,0.754185,0.371745,-0.915542,0.670929,1.505745,0.549871,1.509687,0.418929,-0.970313,0.000492,0.000492,0.000492,0.000492,0.000492,0.000492,0.000492,0.000492,0.000492,0.000492,0.000492,0.000492,0.000492,0.000492,0.000492,0.000492,0.000492,0.000492,1.931373,-1.053246,-2.040503,1.409346,-0.632533,-1.542658,1.586741,-0.325833,-1.156603,1.986287,-0.416891,-1.718329,1.977689,0.174623,-1.627648,1.983011,-0.173155,-0.499010,2.078117,0.262026,-1.081772,2.198200,0.658309,0.405133,1.670246,0.819894,-0.462390,1.613943,0.055065,-1.376100,1.792707,0.283845,-1.101427,1.177876,0.418765,-1.424813,1.396212,-0.106338,-1.632185,1.460003,-0.097782,-1.308722,1.922599,0.463742,-1.346077,1.138066,-0.506946,-1.240815,2.605536,-0.298942,-1.502760,1.868323,0.301524,-1.005841,1.648495,0.262705,-1.126510,0.862968,0.987850,-0.481486,0.282160,0.934846,-1.375776,-0.548561,-0.030765,0.118274,-0.434854,-0.202947,-1.148893,-0.493616,-0.165386,-1.232013,-0.345506,-0.203316,-1.388764,-0.082244,-0.222135,-1.258727,-0.679998,-0.159976,0.151791,-0.387091,-0.126909,-0.072260,-0.130104,-0.172707,0.459426,0.104747,-0.134640,0.747012,-0.605903,-0.050487,0.616879,-0.120603,-0.007403,0.038345,0.250553,-0.091066,0.376956,0.582581,-0.163727,0.948590,-0.375029,0.051801,0.559778,0.008274,0.114123,0.416402,0.374388,0.043334,0.423664,0.802757,-0.019758,1.596264,-0.175988,0.158311,-0.091009,0.036556,0.200238,-0.288882,0.235698,0.139330,0.731752,0.551718,0.089193,1.124342,0.885847,0.085090,0.066274,1.335620,0.344949,0.524458,0.907719,0.537988,1.771966,1.071235,0.575092,-0.747787,1.000062,0.529642,0.415666,0.694062,0.869841,0.602942,0.717455,1.258624,0.203746,0.837265,1.804694,0.891910,0.898372,1.464774,0.554229,0.712025,1.276381,0.209600,0.731025,1.049625,0.158158,0.936156,1.884117,0.241171,1.101972,1.048834,-0.560626,1.450393,2.088652,-1.285945,1.227920,2.255790,0.372745,1.429295,1.572980,-0.079468,1.782007,1.118891,-0.360122,0.810561,1.337237,0.606957,0.353888,2.289835,-0.270641,0.653186,1.695332,1.474076,0.784231,1.649814,1.368666,0.655702,1.220359,-1.692020,0.455493,1.403658,0.577058,0.423256,1.663947,-0.179598,0.381261,1.488647,-1.451664,0.663550,1.403457,0.566151,0.485384,1.328661,1.028920,0.393957,1.375016,-1.537151,0.555769,1.234053,-0.846286,0.691138,1.261746,-0.238724,0.589541,1.159876,-1.238819,0.638272,2.300156,-1.252886,0.656690,1.156541,0.733538,0.583283,1.160567,0.493072,0.527418,1.469795,1.079716,0.657338,1.625521,-1.823527,0.458942,1.100519,1.077537,0.520941,0.847444,-0.465413,0.858206,1.387168,0.362343,0.781256,1.666130,0.696673,0.972227,1.604733,0.996884,0.395039,1.118691,-1.443153,0.711827,1.297103,0.375610,0.811525,0.915557,-0.452549,0.755755,1.046435,1.466704,0.307076,1.276111,-0.013930,0.656308,1.190405,1.530004,0.698695,1.054658,1.370962,0.881508,1.392153,0.247433,0.803683,1.464765,0.282650,0.664201,1.418305,1.531581,0.693762,1.129583,0.565184,0.079803,1.266044,2.030516,0.613295,1.480587,-1.989224,0.317975,1.204002,-0.983983,0.655677,1.372442,1.048740,0.272741,1.764985,-1.174044,0.618304,1.495890,1.646815,0.794730,1.458687,1.659246,0.681953,1.972023,-0.694913,0.645968,1.784703,1.326418,0.793760,1.135720,-0.316576,0.571705,1.135720,0.667286,0.301422,1.501279,1.423819,0.391573,1.074082,-0.370684,0.042706,1.513405,1.533122,0.588520,1.136154,0.450724,0.805133,1.111493,0.084150,0.807852,1.504067,-1.059065,0.347036,1.029942,-1.641153
0.107648,0.520521,-0.950953,-0.224337,0.610290,-1.602116,0.482336,0.846596,-0.860584,-0.586533,0.160282,0.162805,-0.642549,-0.095643,-0.147986,0.870123,-0.204578,-0.148353,1.678435,0.430303,-0.990686,2.347627,-0.561879,-1.986953,1.598055,0.245645,-0.059455,1.640389,0.457718,-0.733883,1.469708,-0.167511,1.103857,0.000492,0.000492,0.000492,0.810877,0.362561,1.162597,0.616763,-0.798846,-0.111173,0.000492,0.000492,0.000492,0.633364,1.448125,1.946045,0.752649,0.377018,-0.914963,0.661703,1.487829,0.523854,1.502812,0.419643,-0.957137,0.000492,0.000492,0.000492,0.000492,0.000492,0.000492,0.000492,0.000492,0.000492,0.000492,0.000492,0.000492,0.000492,0.000492,0.000492,0.000492,0.000492,0.000492,1.923295,-1.546033,-2.288578,1.915483,-1.030690,-1.285053,1.854556,-1.481151,-0.705820,1.981151,-0.931697,-0.884475,1.972288,-0.483141,-0.339825,1.974292,-0.212308,-1.117745,1.794272,0.220210,-1.457975,2.191719,0.622577,-0.000634,1.664749,0.369134,-0.356867,1.355886,0.015854,-1.277499,1.577174,0.262471,-1.517061,1.893842,-1.651721,-1.680519,2.108974,-1.396983,-1.864760,1.184154,-0.559194,-1.672850,0.951813,-1.443783,-1.690246,1.132890,-0.853324,-1.405149,1.428078,-0.676745,-1.980846,1.860617,-0.051252,-1.387603,1.641346,-0.668000,-1.552265,0.857663,0.890817,-0.619474,0.278686,0.708886,-1.805908,-0.701841,-0.106134,0.540877,-0.828754,-0.244225,-0.748418,-0.702183,-0.244357,-1.041183,-0.580718,-0.273351,-1.356440,-0.269961,-0.298445,-1.281692,-0.845469,-0.230320,0.654752,-0.543738,-0.196426,0.456702,-0.284670,-0.239122,0.299629,-0.002609,-0.221219,0.634943,-0.764860,-0.107137,0.798017,-0.251855,-0.080220,0.301885,0.104262,-0.164142,0.656529,0.471330,-0.252691,1.019603,-0.494422,0.000669,0.814666,-0.098059,0.046518,0.930668,0.263621,-0.040908,0.871911,0.691004,-0.112011,1.590532,-0.252663,0.097234,0.097168,-0.087377,0.099246,-0.050265,0.118973,0.021769,0.974286,0.414603,-0.054348,1.089907,1.108821,0.234266,-0.450849,1.248867,0.539069,1.917729,0.820885,0.770677,0.951713,1.621370,0.253033,-0.834948,0.916867,0.541553,-0.032455,0.651540,0.920189,1.110862,0.434807,1.327555,-0.718165,0.592282,0.997846,-0.045378,0.718372,0.934039,0.047455,0.562627,1.391930,0.766312,0.629083,1.679055,1.133709,0.887078,1.383514,-0.001173,1.080007,1.691799,0.240754,1.438899,1.966136,-1.095205,1.221759,2.006064,0.425911,1.420396,1.978813,-0.225387,1.772755,1.431186,-0.289995,0.733810,1.447373,-0.508335,0.596934,1.960629,-1.426383,0.629343,1.741852,1.668041,0.524353,1.694343,1.343139,0.689305,1.295491,-0.611369,0.530981,1.455735,1.235217,0.526931,1.704465,0.189961,0.517505,1.510076,-1.374176,0.568113,1.434450,1.035682,0.396604,1.401418,0.716071,0.452974,1.488040,-1.281884,0.615808,1.421694,-0.193863,0.506931,1.404126,0.114602,0.650741,1.373260,-0.965572,0.670064,1.460703,-1.650490,0.454524,1.398629,1.019050,0.653718,1.482523,1.357054,0.338067,1.374224,0.350022,0.503223,1.471291,-0.896959,0.727536,1.283883,0.694184,0.807754,0.998086,-1.166789,0.864536,1.019823,1.423873,0.805467,1.800830,0.161363,0.717211,1.260002,1.589631,0.933105,1.324521,-0.969205,0.820757,1.444806,0.804785,0.674050,1.041889,0.434939,0.612230,1.171769,1.659902,0.491453,0.985291,-0.538574,0.511882,1.348911,1.063084,0.553111,1.220268,1.652644,0.898106,1.364297,0.764245,0.838077,1.422214,-0.322154,0.426254,1.341740,1.433061,0.470267,1.514315,1.501044,0.164034,1.536320,1.137222,0.466008,1.403731,-1.059521,0.473552,1.589709,-0.148124,0.490165,1.338750,1.410056,0.357773,1.372795,-1.459486,0.404264,1.485777,0.390643,0.556970,1.757159,0.463086,0.716620,1.605066,-0.587162,0.671895,1.758557,0.499757,0.553309,1.553290,0.841205,0.347602,1.553290,1.121804,0.118809,1.441385,0.411499,0.534740,1.501036,-0.584818,0.128713,1.452780,0.593904,0.362583,1.555057,0.953367,0.564840,1.529485,1.109740,0.480951,1.208615,-1.615161,0.777375,1.143928,-1.647424
0.116955,0.521013,-0.999241,0.696609,2.291949,-1.240322,0.879866,0.881737,-0.418030,-0.659442,0.131917,0.209959,-0.799788,-0.187780,-0.036309,0.850292,-0.220570,0.383221,1.665281,0.423557,-0.740700,2.331762,-0.586511,-1.705776,1.616409,-0.833313,0.351564,2.280769,-0.437541,-0.452067,1.478707,-0.167511,0.150011,0.000492,0.000492,0.000492,1.441432,-0.908530,2.245839,0.655443,1.315531,-1.474055,0.000492,0.000492,0.000492,0.637390,1.447482,1.632684,0.752435,0.377018,-0.904619,0.677684,1.494409,0.489957,1.510553,0.418929,-0.968609,0.000492,0.000492,0.000492,0.000492,0.000492,0.000492,0.000492,0.000492,0.000492,0.000492,0.000492,0.000492,0.000492,0.000492,0.000492,0.000492,0.000492,0.000492,1.910771,-1.568800,-1.949108,1.647779,-1.048769,-1.318201,1.569669,-0.754075,-0.923270,1.970214,-0.958770,-1.486738,1.960784,-0.189069,-0.884035,1.961822,-0.240771,-0.965046,2.057704,-0.232839,-0.758513,2.180094,0.598768,0.900114,1.653518,0.345429,0.192660,1.593418,0.422279,-0.410203,1.567524,0.248230,-1.062200,0.681610,0.552641,-1.396139,1.381662,0.163748,-1.985718,1.170988,1.115212,-0.689745,2.146236,0.982872,-1.136601,1.123607,-0.367028,-1.623766,2.824085,-0.350443,-1.808834,1.848967,0.256077,-0.901689,1.357231,0.681326,-1.155760,0.848148,1.062271,0.085833,0.272454,1.243556,-0.892439,-0.737294,-0.207927,0.634125,-0.751488,-0.366960,-0.701449,-0.678394,-0.302187,-1.097148,-0.507503,-0.253255,-1.286509,0.335210,-0.295775,-1.250879,-0.873196,-0.289049,0.866004,-0.597148,-0.249186,1.004604,-0.361416,-0.283626,0.535004,-0.114073,-0.264437,0.756368,-0.884607,-0.162561,1.018625,-0.372907,-0.130370,0.559174,0.029129,-0.223643,0.972685,0.406482,-0.288417,1.091562,-0.589639,-0.043785,1.042252,-0.210310,-0.000142,1.224913,0.205724,-0.081071,1.096590,0.655220,-0.160812,1.684595,-0.320048,0.048035,0.369507,-0.132883,0.024619,0.320784,0.090019,-0.047040,0.869117,0.312959,-0.117329,1.126562,1.442121,0.002396,-0.365703,1.248630,0.384160,1.660068,0.823264,0.685440,0.336647,1.637294,-0.074221,-0.854585,0.949418,0.886276,-0.561768,0.716351,0.986024,1.132005,0.536922,0.870259,-1.024153,0.750433,0.803301,0.489467,0.650278,0.733223,0.959534,0.840551,1.538159,1.085373,0.972140,1.821828,0.695191,0.979336,0.897922,0.349308,0.926983,1.694561,-0.324350,0.940090,1.091806,0.281343,1.378607,0.950002,-0.108170,1.266606,1.532162,-0.721424,0.941920,1.657480,0.047465,0.763839,1.062449,-0.048184,0.644733,1.572284,-1.492796,0.710454,1.738564,1.457545,0.632955,1.691195,1.458023,0.565568,1.299844,-1.182896,0.461471,1.452054,0.197135,0.229549,1.670977,-0.201259,0.247920,1.870417,-1.675169,0.871930,1.402763,0.255654,0.467263,1.401418,0.768511,0.359982,1.135328,-1.140568,0.530870,1.561012,-0.625473,0.670298,1.212650,-1.364492,0.568578,1.170060,-0.341351,0.305633,0.958180,-0.821286,0.604454,1.279201,-0.638612,0.564274,1.329277,1.361158,0.268000,1.265292,0.258349,0.462793,1.293839,-0.157168,0.799777,1.418254,0.722590,0.590900,1.097402,-0.613891,0.969484,1.122353,0.859833,0.658306,1.499923,-0.026684,0.823781,1.401189,1.261776,0.742302,1.477343,-0.710176,0.523427,1.540213,-0.637855,0.657124,1.109945,-0.433003,0.616206,1.239286,1.423014,0.518609,1.049774,0.662102,0.835117,1.451296,1.341802,0.817848,1.327242,0.932290,0.760036,1.712534,0.108012,0.719300,1.079914,-1.233937,0.606901,1.670060,0.732972,0.677432,1.897459,1.442550,0.098250,1.466844,0.940254,0.430669,1.319020,-1.298002,0.461634,1.535927,1.549035,0.742678,1.759940,0.543087,0.049619,1.355451,-0.871281,0.311437,1.168534,-0.044766,0.741533,1.130587,-0.066265,0.854846,1.235741,-0.215826,0.308234,1.409619,0.205024,0.739961,1.490230,1.772282,0.555331,1.490230,0.988827,0.051235,1.840292,0.503655,0.829594,1.931690,0.273088,0.061541,1.856552,0.724238,0.572012,1.491796,1.255535,0.751369,1.466361,1.695262,0.591811,0.861341,-0.935416,0.193385,0.774440,-0.713093
0.123728,0.504908,-0.844502,0.715697,0.655409,-0.890797,0.894052,0.888214,-0.153777,-0.661623,0.077781,0.055744,-0.880905,-0.187932,0.045147,0.878338,-0.204578,0.473435,1.651460,0.410065,-0.710967,2.328535,-0.607080,-1.590058,1.620625,0.245645,0.960668,2.278554,-0.428807,-0.491492,1.479829,-0.167511,0.961185,0.000492,0.000492,0.000492,1.444928,0.365066,2.789365,0.592125,1.315531,-1.594800,0.000492,0.000492,0.000492,0.645429,1.445167,1.799238,0.750672,0.386872,-0.908050,0.697579,1.539501,0.311293,1.497222,0.431322,-0.717445,0.000492,0.000492,0.000492,0.000492,0.000492,0.000492,0.000492,0.000492,0.000492,0.000492,0.000492,0.000492,0.000492,0.000492,0.000492,0.000492,0.000492,0.000492,1.652254,-1.125250,-2.402423,1.391439,-0.330914,-1.874563,0.749838,0.355060,-2.605067,1.699076,-0.982015,-2.683084,1.104282,-0.201980,-3.018613,1.203528,-0.258588,-0.986964,1.505427,-0.253726,-1.556590,2.180313,0.580921,0.041070,1.653756,0.325075,-0.739739,1.343569,-0.030494,-1.386085,1.357674,0.020234,-1.596974,1.643333,-1.669904,-1.660211,0.903545,-0.166061,-2.135475,1.170988,-0.181675,-1.387985,0.700055,-1.322620,-1.914295,0.906524,-0.870984,-1.630080,0.246765,-0.713956,-2.296790,1.848762,0.240058,-1.317415,1.085176,0.215984,-1.802749,0.625652,0.969610,-0.910161,1.147536,-0.276835,-1.775953,-0.908183,-0.203435,0.498281,-0.853089,-0.384690,-0.464932,-0.745366,-0.340278,-0.959114,-0.672674,-0.266331,-1.198964,0.112684,-0.329474,-1.292511,-0.973487,-0.302527,0.869768,-0.645475,-0.284014,0.908969,-0.417118,-0.292578,0.443525,-0.132308,-0.287356,0.929780,-0.955728,-0.180595,0.980959,-0.411231,-0.162424,0.393687,-0.018968,-0.238921,0.894862,0.367349,-0.303098,1.160944,-0.627570,-0.073882,0.979474,-0.230851,-0.021999,1.455072,0.189785,-0.110117,1.318002,0.615535,-0.165319,1.460142,-0.372025,0.013927,0.445398,-0.120253,-0.016341,-0.237775,0.081586,-0.079615,0.480584,0.284248,-0.165149,0.987775,0.991578,0.585652,-0.866658,1.154903,0.547421,0.908850,1.008639,0.785060,1.184711,1.514150,0.565943,-1.319328,1.153117,0.568085,-0.170939,0.862304,0.643399,0.825316,0.632173,1.086863,-0.600850,0.799919,0.732492,0.176861,0.650061,0.656812,0.308011,0.785346,1.010606,1.027374,0.862461,1.211701,1.361871,0.834818,0.861596,-0.005456,1.029161,1.742033,-0.123269,1.047414,1.271879,-0.480825,1.464034,1.269683,0.009425,1.364917,1.194613,-0.969767,1.049164,1.425876,-0.698057,0.627009,1.439194,0.491474,0.500569,1.949145,-0.962614,0.538889,1.729622,1.064156,0.713333,1.343257,0.614099,0.356705,1.278880,-1.251835,0.465107,1.442043,0.076257,0.206167,1.193133,-0.322783,0.456165,1.094857,-1.746502,0.777398,1.417382,0.014808,0.331001,1.384001,0.835067,0.124348,1.065333,-1.125969,0.549487,1.419515,-0.855067,0.686807,1.097799,-1.373186,0.585184,0.989599,-0.489174,0.600893,0.747092,-1.229680,0.636253,1.062416,-0.071484,0.580501,1.040592,1.464951,0.265631,1.074682,0.312546,0.439309,1.034712,-0.200221,0.631296,1.281255,0.734288,0.713453,0.992697,-0.366803,0.787953,1.013546,0.516311,0.725305,1.009576,-0.025775,0.902656,1.257241,0.870670,0.848560,1.322131,-0.814337,0.495755,1.438965,-0.923432,0.611223,1.032508,-0.487361,0.540187,0.660714,1.274622,0.423443,0.575365,0.588811,0.756236,1.342643,1.111766,0.766878,1.213719,0.869200,0.825608,1.389349,0.294629,0.766941,1.145462,-1.351088,0.642444,1.363464,0.884886,0.693004,1.539791,1.380638,0.360255,1.218321,0.626238,0.656940,0.982402,-0.908323,0.399609,1.176567,1.077241,0.707781,1.369051,1.026837,0.294205,1.024428,-1.094348,0.326505,1.200141,-0.003620,0.775083,1.162266,0.113286,0.900700,0.923770,-0.641064,0.603422,1.459224,-0.168270,0.773891,1.582797,1.431611,0.570946,1.582797,1.017951,0.320371,1.469193,0.491208,0.455878,1.531206,-0.093872,0.329072,1.480927,0.689620,0.587754,1.584658,1.194914,0.785276,1.559021,1.597790,0.705376,0.764324,-0.765390,0.136936,0.705115,-0.275495
0.138981,0.509948,-1.141652,0.712583,2.293947,-0.786957,0.879239,0.886711,-0.285412,-0.664418,0.077834,0.174666,-0.956997,-0.156955,-0.000195,0.885824,-0.151053,0.180179,1.646324,0.399946,-0.703964,2.338233,-0.631712,-1.942971,1.606265,-0.839641,-0.071246,1.647156,-0.441013,-0.980817,1.474208,-0.167511,0.916996,0.000492,0.000492,0.000492,1.430459,-0.926063,1.292785,0.587841,-0.798846,0.066169,0.000492,0.000492,0.000492,0.652144,1.445592,1.628729,0.755934,0.391452,-1.044385,0.688341,1.530843,0.553795,1.477881,0.445855,-0.597912,0.000492,0.000492,0.000492,0.000492,0.000492,0.000492,0.000492,0.000492,0.000492,0.000492,0.000492,0.000492,0.000492,0.000492,0.000492,0.000492,0.000492,0.000492,1.404160,-1.148018,-1.619911,1.146270,-0.716995,-1.500351,1.582244,-0.042381,-1.487761,1.711348,-1.005214,-1.457071,1.117419,-0.534751,-1.363784,0.960797,-0.283487,-0.085134,0.964728,-0.278144,-0.328332,1.920108,0.196779,-1.648222,1.387707,-0.935613,-1.090090,1.103568,-0.490360,-0.910617,1.156801,0.225074,-0.646517,0.932902,0.219901,-1.115227,1.870791,-1.448940,-1.256797,0.914454,-1.055598,-0.880892,0.951414,0.021321,-1.047779,0.915982,-0.549047,-0.851982,0.725644,-0.384789,-1.038919,1.377499,-0.428105,-0.901628,1.096800,0.430884,-0.925529,0.858020,0.875489,-0.583189,0.278920,0.907273,-1.367272,-1.025069,-0.220664,0.926447,-0.931829,-0.402360,-0.436542,-0.815196,-0.350805,-1.024274,-0.753745,-0.277105,-1.187388,-0.917915,-0.141660,-1.297383,-1.063754,-0.289753,0.729303,-0.651347,-0.294768,1.183003,-0.438027,-0.303079,0.736488,-0.151824,-0.297497,0.566854,-0.962168,-0.190942,1.100496,-0.451112,-0.157381,0.479512,-0.040231,-0.233805,0.929677,0.347863,-0.313969,1.439974,-0.599555,-0.076529,1.093434,-0.252186,-0.040149,1.184541,0.169039,-0.120788,1.383660,0.581423,-0.168141,1.783509,-0.332197,-0.010649,0.197308,-0.067868,-0.041742,0.193037,0.091131,-0.113202,0.542881,0.234535,-0.183732,0.683323,1.108821,0.014442,-0.259139,1.257967,0.394447,1.408465,0.832816,0.693823,0.491896,1.324291,-0.067296,-0.889658,0.960669,0.892777,-0.496358,0.725434,0.991446,0.892891,0.544500,0.874591,-1.096315,0.756986,0.807833,0.933326,0.921957,0.737983,1.454154,0.844973,1.112402,0.503166,0.975637,1.304393,0.393906,0.981388,0.328567,1.347708,0.928654,1.708910,-0.241842,0.942029,1.110387,0.935006,1.379829,0.972493,0.066439,0.945524,0.755319,-0.910094,0.943857,1.689891,-0.621306,0.774219,1.079123,-0.414054,0.955213,0.778652,-1.554260,0.718805,1.395641,0.922246,0.639735,1.362954,0.474024,0.310225,0.797741,-0.744337,0.721835,1.068178,-0.337676,0.493385,1.196447,-0.596114,0.251926,0.685001,-1.301028,0.337265,1.003128,-1.149809,0.470725,0.888123,1.683797,0.365645,0.731857,-0.943912,0.786730,1.057767,-0.233756,0.675459,0.911524,-1.147238,0.822337,0.788047,0.837315,0.558776,0.602916,-0.541830,0.609929,0.936525,-1.082900,0.570073,1.342063,0.326515,0.556774,0.960508,-0.490307,0.467357,1.307150,-0.688882,1.117651,1.436454,-0.103193,0.909834,1.115605,-0.631451,0.976036,1.141963,1.079873,0.665126,0.719280,-0.022558,0.830434,1.420313,1.041930,1.029546,1.497396,-0.165242,0.791110,1.061471,-1.462840,0.661357,0.619483,-0.561353,0.620699,0.752701,0.633104,0.522744,0.251973,1.278403,0.839638,0.937540,0.343793,0.822331,0.790459,0.060890,1.017892,1.345807,-1.024843,0.725289,0.494708,-0.312188,0.613407,1.267252,0.119106,0.683568,1.432280,0.660511,0.369370,0.798944,-0.563261,0.690148,1.330276,-0.131220,0.466412,1.102384,2.069054,0.747530,1.316387,-0.111342,0.558789,0.986263,-0.365582,0.613121,0.554519,0.153472,0.748089,0.515177,0.594243,0.860664,0.887802,1.114701,0.799534,0.448300,-0.447055,0.746592,1.501941,0.156202,0.561483,1.501941,0.071232,0.329733,1.388411,-0.525498,0.176689,1.448533,0.697901,0.338379,1.399160,-0.371530,0.578214,1.503544,0.481663,0.757995,1.478083,0.543141,0.924388,0.877265,-0.667824,0.197733,0.355934,0.418522
0.152967,0.487788,-1.032798,0.720838,0.646067,-0.647008,0.884569,0.882203,-0.085659,-0.664532,0.077887,0.186443,-0.957805,-0.156757,-0.060075,0.882834,-0.176075,0.551668,1.659811,0.423557,-0.343915,2.330883,-0.681026,-2.177951,1.606487,0.258302,0.662742,1.646420,0.469946,-0.525081,-0.421077,-0.167511,-0.013805,0.000492,0.000492,0.000492,1.432706,0.362561,2.683619,0.600728,-0.798846,0.393362,0.000492,0.000492,0.000492,0.668249,1.431692,0.888710,0.757457,0.342183,-0.821349,0.687637,1.503668,0.640044,1.484337,0.412895,-0.997103,0.000492,0.000492,0.000492,0.000492,0.000492,0.000492,0.000492,0.000492,0.000492,0.000492,0.000492,0.000492,0.000492,0.000492,0.000492,0.000492,0.000492,0.000492,1.394593,-1.652188,-1.053069,1.140794,-1.124173,-0.253392,1.579323,-0.467540,-0.695249,1.710231,-0.606589,-1.163419,1.687566,0.043096,-0.369747,0.950215,-0.351147,-0.741757,0.957236,-0.351313,0.307042,1.643817,-0.589352,-0.736734,1.386098,-0.999984,-1.025676,1.592804,-0.123190,1.205907,1.151108,0.403191,0.576712,1.650447,0.509740,0.152996,1.151551,0.085829,-0.183819,1.170332,1.006868,1.238668,1.668665,1.080695,0.800154,1.346759,0.912576,0.422837,1.424999,0.608408,0.282211,1.368212,0.501972,1.122858,1.090988,0.849527,0.579625,1.076864,0.771891,1.427670,0.276528,1.215973,0.655146,-1.044589,-0.220336,1.098612,-0.932840,-0.402139,-0.340087,-0.848022,-0.342875,-1.013436,-0.784631,-0.269013,-1.168458,-0.875143,-0.093810,-1.294397,-1.081470,-0.281793,0.927201,-0.668413,-0.286734,1.102258,-0.453874,-0.295257,0.653615,-0.180931,-0.275060,0.554596,-0.980956,-0.167832,1.002849,-0.451653,-0.141455,0.620199,-0.040571,-0.225634,0.958373,0.347690,-0.305781,1.316647,-0.617408,-0.053879,0.983494,-0.284162,-0.032162,1.078254,0.153394,-0.112648,1.247993,0.581249,-0.167876,1.737391,-0.317755,-0.010309,0.168759,-0.053938,-0.041421,0.083322,0.090729,-0.112888,0.364181,0.219367,-0.191329,0.169288,0.656543,0.218963,-0.288692,1.160729,0.531273,0.866317,1.014842,0.769379,0.919457,1.199796,-0.037111,-1.234104,1.160526,0.551315,-0.137551,0.868527,0.627135,0.614836,0.919091,0.801791,-1.220501,0.805248,0.416774,0.569801,0.919069,0.326614,1.017724,0.790017,0.987508,0.514607,0.866446,1.183604,0.588376,1.108394,-0.320177,1.306253,1.032503,1.051597,0.076025,1.051337,0.499016,0.128019,1.174732,0.468520,-0.056077,1.048426,0.360276,-1.181056,0.720140,1.383643,-0.721402,0.958594,0.977905,0.167183,0.506865,1.127126,-1.570976,0.544790,1.358948,0.570240,0.450066,0.988745,-0.749508,0.101806,0.736182,-0.166828,0.722911,0.630541,-0.967837,0.724979,0.679750,-0.674019,0.724411,0.281489,-0.897089,0.514223,0.571112,-1.312762,0.335255,0.829206,1.135062,0.646570,0.630039,-0.855489,0.802427,0.877530,-0.114928,0.690937,0.465417,-1.186515,0.836031,0.578924,0.567722,0.605229,0.365862,-0.400691,0.640674,0.695311,-1.008046,0.585367,1.017744,0.379587,0.551563,0.436816,-0.528003,0.443449,1.012311,-0.651681,0.944006,1.257005,-0.267686,0.719663,0.969510,-0.591745,1.052184,0.988603,0.556218,0.730480,0.596501,0.044859,0.907759,1.231761,0.818904,1.131604,1.295394,-0.607352,0.761025,0.922495,-1.223872,0.880144,0.503380,-0.209740,0.859822,0.637515,0.727769,0.428093,0.153234,1.076424,0.761028,0.788400,0.321362,0.771362,0.634635,0.208629,1.080103,0.997889,-0.488446,0.771427,0.542452,-0.590506,0.647697,0.932701,0.291225,0.698361,1.042362,0.859771,0.364478,0.529806,-0.655531,0.660985,0.959920,-0.039945,0.404376,0.712994,1.741209,0.712386,0.895582,0.218267,0.798758,0.630340,-0.457254,0.624964,0.259825,-0.240685,0.780377,0.528686,-0.031936,0.905448,0.552365,0.883465,1.089454,0.481206,-0.819325,0.779245,1.077528,0.358611,0.576317,1.077528,0.123065,0.324708,0.986012,-0.488898,0.460820,1.014583,0.233710,0.333384,0.991853,-0.322586,0.593169,1.077777,0.541918,0.790626,1.053242,0.616488,0.711593,0.743594,-0.484117,0.428082,0.253586,0.114348
0.162274,0.484746,-1.129974,0.710555,2.294621,-0.997484,0.877044,1.463736,-0.539758,-0.662878,0.105299,0.200934,-0.955127,-0.157264,-0.045345,0.870123,-0.181406,0.285770,1.644403,0.403319,-0.810022,2.326473,-0.635825,-1.707328,1.029787,0.258302,-0.479866,1.635589,0.462959,-1.260786,-0.420699,-0.167511,0.530893,0.000492,0.000492,0.000492,0.810877,0.370075,1.333604,0.615050,-0.798846,-0.164672,0.000492,0.000492,0.000492,0.668685,1.427680,0.736489,0.757898,0.325483,-0.766497,0.687637,1.498291,0.703743,1.474443,-1.380733,-0.688594,0.000492,0.000492,0.000492,0.000492,0.000492,0.000492,0.000492,0.000492,0.000492,0.000492,0.000492,0.000492,0.000492,0.000492,0.000492,0.000492,0.000492,0.000492,1.135025,-0.230608,0.316458,0.880044,-0.723033,0.019992,1.571918,-0.048549,-0.189314,1.429940,-0.072458,-1.076317,1.392758,-0.227769,-0.449831,0.950418,-0.290614,-0.334209,0.953843,-0.288609,0.484597,1.637772,-1.259346,-0.782445,1.377384,-1.355843,-0.153642,1.842654,-0.062567,1.086590,1.568040,0.652560,1.002444,1.885148,0.690405,0.767647,1.622796,0.124788,0.117041,1.437394,0.639803,1.292546,2.147022,1.100710,1.198573,1.559374,1.265753,1.186056,1.653937,1.000537,0.978603,1.607896,0.868124,1.535788,1.630158,0.881283,0.845854,2.407805,0.074387,2.390344,0.273412,1.230210,1.043404,-0.968081,-0.231077,0.998201,-0.929937,-0.375586,-0.332237,-0.829501,-0.315405,-0.908146,-0.767197,-0.240908,-1.109900,-0.439603,-0.160992,-1.241261,-1.095644,-0.261980,0.674551,-0.665951,-0.258675,1.090200,-0.451640,-0.267859,0.613988,-0.178923,-0.263513,0.757886,-0.996025,-0.148457,1.083168,-0.466094,-0.129332,0.561981,-0.054063,-0.213323,0.876418,0.335230,-0.269407,1.309468,-0.631845,-0.034979,0.950553,-0.281845,0.002818,1.296865,0.155564,-0.076935,1.329106,0.583223,-0.155698,1.520179,-0.360695,0.022918,0.105985,-0.094958,-0.014643,-0.147177,0.048516,-0.070185,0.535607,0.177006,-0.147626,0.056620,1.087792,0.085378,-0.551158,1.241874,0.467878,1.462695,0.816595,0.455102,0.786184,1.307006,0.008151,-0.813922,1.298184,0.656640,-0.459779,0.714020,0.770426,0.720151,0.821951,0.409334,-1.078374,0.755526,0.595918,1.014693,0.925750,0.516622,1.505190,0.855014,0.808013,0.558438,0.991619,0.931053,0.346752,1.000926,-0.089732,1.185425,0.952290,1.222667,-0.129187,0.970901,0.551638,1.067828,1.111215,0.378634,-0.279627,0.973800,0.121855,-0.680146,0.972708,0.960487,0.407323,0.758105,0.715354,0.082363,0.942621,0.847954,-1.783621,0.709714,1.098340,0.968695,0.634765,1.078383,0.184443,0.308254,0.362865,-0.948249,0.725254,0.735373,-0.470060,0.499665,0.781020,-0.731067,0.527949,0.347395,-1.565348,0.619975,0.653268,-0.742807,0.489670,0.443118,1.293816,0.627633,0.388941,-0.755846,0.788398,0.637652,-0.051328,0.677105,0.352669,-1.106395,0.823992,0.477833,0.912603,0.556919,0.320032,-0.181966,0.862438,0.665592,-0.926321,0.849758,0.986408,0.317623,0.561272,0.405130,-0.568951,0.473663,0.955309,-0.693723,0.797971,1.018175,0.278558,0.901031,0.712934,-0.818784,0.971233,0.707734,0.806631,0.661596,0.794918,-0.268192,0.825557,0.980815,1.088520,1.022077,1.036557,-0.571720,0.797695,0.657406,-1.245488,0.670043,0.202218,-0.649793,0.633414,0.338733,0.846108,0.537222,-0.080574,0.816906,0.852433,0.503923,0.715678,0.831529,0.894651,0.532342,1.014532,1.067414,-0.907172,0.979706,0.271870,0.138244,0.913674,0.955491,-0.279725,0.686101,1.072246,0.307951,0.373593,0.204474,-0.710000,0.696531,0.991798,-0.001357,0.477542,0.770096,2.105335,0.755280,0.979672,0.039456,0.815374,0.706630,-0.339533,0.615833,0.324885,0.110359,0.748602,0.285021,0.264671,0.859367,0.624264,1.268475,0.797309,0.530548,-0.439987,0.747110,1.139766,-0.382420,0.564023,1.139766,-0.307398,0.334071,1.041691,-0.748126,0.514949,1.078219,0.455032,0.342691,1.048211,-0.592976,0.580775,1.140213,0.045484,0.758513,1.115543,-0.029083,0.592614,0.517773,-1.165500,0.207863,0.000241,0.296317
0.158474,0.477708,-0.972069,0.731659,2.295294,-0.397709,0.891701,1.471129,-0.222003,-0.659770,0.133399,0.352935,-0.955292,-0.096683,0.119973,0.898170,-0.217089,0.618709,1.631229,0.399946,-0.558886,0.871997,-0.652280,-1.837891,1.028305,0.277260,-0.850991,1.003947,0.478659,-1.446484,1.464076,-0.167511,0.834063,0.000492,0.000492,0.000492,0.807755,0.397595,0.211000,0.605589,-0.798846,-0.876136,0.000492,0.000492,0.000492,0.668685,1.430419,0.939040,0.754399,0.333069,-0.849380,0.680524,1.485751,0.788416,1.469274,-1.366914,-0.923271,0.000492,0.000492,0.000492,0.000492,0.000492,0.000492,0.000492,0.000492,0.000492,0.000492,0.000492,0.000492,0.000492,0.000492,0.000492,0.000492,0.000492,0.000492,1.547745,-1.159355,0.627227,1.546670,-0.729071,0.027420,1.737269,-0.806426,0.280007,1.323261,-1.028459,0.401605,1.280553,-0.238097,0.067704,1.100748,-0.304867,1.366160,1.119475,-0.302519,1.183636,0.714101,-1.634546,-0.124198,1.546508,-1.369412,-0.382140,1.491794,-0.076842,1.017168,1.274229,0.428130,1.634934,1.309262,0.526637,1.862714,1.289306,0.116990,1.594018,1.329425,0.625850,1.106680,1.086904,0.554902,1.951133,1.473154,1.094595,1.664066,1.326795,0.642754,1.765352,1.030129,0.534043,1.616661,1.521746,0.645806,1.922697,1.428894,-0.549426,1.677902,-0.221775,0.685755,1.346666,-0.936729,-0.201544,0.779148,-0.895478,-0.349255,-0.408968,-0.826514,-0.282255,-1.126478,-0.775006,-0.207837,-1.254524,0.157363,-0.224633,-1.271742,-1.095199,-0.221133,0.892870,-0.688613,-0.226952,0.696205,-0.483225,-0.237640,0.558688,-0.188652,-0.234826,0.705938,-0.975962,-0.098309,1.163407,-0.469603,-0.078981,0.451262,-0.066512,-0.170904,0.865473,0.328873,-0.259432,1.130426,-0.627037,0.009118,1.078004,-0.284616,0.031946,1.167190,0.159071,-0.055746,1.241499,0.591652,-0.126898,1.400061,-0.369913,0.068329,0.243508,-0.068731,0.015830,0.003905,0.063230,-0.047522,0.590656,0.193657,-0.125191,0.187837,1.090382,0.085665,-0.647039,1.243971,0.134703,1.238849,0.818497,0.455624,0.481133,1.309445,-0.287941,-0.893147,1.300847,0.656905,-0.475564,0.716098,0.461338,0.633661,0.824081,0.410019,-0.965494,0.757707,0.596677,1.102322,0.927969,0.201437,1.639999,0.857469,0.808719,0.315107,0.994120,0.931911,-0.105016,1.003200,-0.088274,1.936605,0.954679,1.223790,-0.301381,0.973980,0.552871,1.794562,0.818717,-0.390451,0.559233,0.653814,-0.679730,-0.182807,0.640037,0.056843,0.154000,0.760572,0.715716,0.201335,0.944894,0.848297,-1.799659,0.711934,1.098340,1.016371,0.636795,1.078383,0.498077,0.833351,0.363309,-0.233760,0.727180,0.735373,-0.090648,0.501831,0.781424,-0.567992,0.530174,0.347395,-1.500336,0.622223,1.070652,-0.588408,0.492328,0.443554,1.303849,0.629813,0.389283,-0.696137,0.790280,0.638095,-0.102957,0.678959,0.352923,-1.015669,0.826069,0.478490,0.950125,0.558776,0.320330,-0.323595,0.864323,0.666190,-1.002428,0.851851,0.986817,0.236092,0.563400,0.405385,-0.572955,0.475609,0.955680,-0.624002,0.800291,1.018616,0.317820,0.903361,0.713372,-0.810181,0.973195,0.708170,0.741433,0.663710,0.795242,-0.293135,0.827549,0.981278,1.022262,1.024187,1.037043,-0.693047,0.536607,0.657812,-1.337442,0.672273,0.202634,-0.583770,0.953296,0.339146,0.870627,0.539810,-0.080242,0.989496,0.855089,0.504358,0.631034,0.833890,0.895105,0.322224,1.016422,0.692544,-1.077123,0.981627,0.272121,0.380106,0.915934,0.542663,-0.454934,0.688405,1.073024,0.254493,0.375591,0.204750,-0.480661,0.698662,0.543106,-0.049332,0.480196,0.770458,2.549400,0.757706,0.980427,-0.086469,0.565101,0.706938,-0.408982,0.618043,0.325391,0.260579,0.750880,0.285529,0.359644,0.861303,0.624554,1.292114,0.799139,0.207768,-0.235420,0.749414,1.140160,-0.663618,0.566334,1.140160,-0.298539,0.336124,0.578988,-0.774470,0.517700,1.078623,0.601895,0.344732,0.579866,-0.688091,0.583104,1.140609,0.005177,0.760815,1.115938,-0.269866,0.595045,0.518134,-1.157741,0.210277,0.000595,0.195004
0.153381,0.472175,-0.665972,0.706892,2.297292,-0.797401,0.883315,0.890640,-0.228202,-0.439659,0.161710,0.066138,-0.880636,-0.065694,0.184071,0.872359,-0.183146,0.865389,1.628974,0.389868,-1.082593,0.862891,-0.619421,-1.382833,1.595091,0.264604,-0.301698,1.630790,0.457718,-1.187525,-0.426332,-0.167511,0.176301,0.000492,0.000492,0.000492,1.420849,0.385072,0.581842,0.627657,-0.798846,0.221867,0.000492,0.000492,0.000492,0.658408,1.430008,1.101195,0.743234,0.311835,-0.600103,0.669509,1.484257,0.637942,1.468854,-1.395267,-0.636446,0.000492,0.000492,0.000492,0.000492,0.000492,0.000492,0.000492,0.000492,0.000492,0.000492,0.000492,0.000492,0.000492,0.000492,0.000492,0.000492,0.000492,0.000492,1.539681,-1.591521,0.521591,1.536565,-1.069866,0.086576,1.724913,-0.775625,0.625462,1.309871,-0.985890,0.866422,1.266471,-0.521840,0.476213,1.093486,-0.265714,1.055255,1.109268,-0.257215,1.242553,0.974305,-1.235537,-0.686019,1.811858,-0.918652,0.169877,1.484602,-0.037631,0.674237,1.266641,0.233988,0.867369,1.058355,0.542233,0.926292,1.278295,0.145552,0.926895,1.321750,0.237791,0.756561,1.077595,0.433740,1.037093,1.464044,0.779457,1.016866,1.316782,0.325047,0.890619,1.022821,0.237383,1.113406,1.511240,0.668231,1.029242,1.419748,-0.629681,0.666047,-0.373976,0.587007,0.438698,-0.763135,-0.173205,0.163640,-0.854765,-0.316602,-0.693259,-0.826565,-0.223557,-1.285396,-0.748939,-0.162882,-1.326034,0.055328,-0.241861,-1.289891,-1.059052,-0.185314,0.668869,-0.744735,-0.173028,0.687871,-0.525103,-0.207495,0.745967,-0.218359,-0.212747,0.650112,-0.939142,-0.057923,1.214672,-0.445286,-0.043984,0.498481,-0.065707,-0.158701,0.825627,0.324927,-0.238624,1.051121,-0.577346,0.053697,1.038363,-0.262463,0.086759,1.026477,0.174900,-0.022791,1.264666,0.587379,-0.117131,1.540743,-0.297317,0.124977,-0.105464,-0.048497,0.067984,-0.187952,0.126081,-0.009244,0.421101,0.240085,-0.093227,0.344231,0.732595,-0.273061,-0.355564,1.233714,0.129136,1.186605,0.808237,0.450390,0.398419,1.297830,-0.292873,-0.768704,0.933142,0.651759,-0.570316,0.705212,0.456442,0.987104,0.530048,0.405687,-0.743883,0.747521,0.591899,1.236106,0.918625,0.196440,1.713980,0.847169,0.802253,0.294727,0.983872,0.923582,-0.090911,0.993880,-0.097947,2.082859,0.945120,1.213326,-0.347574,0.962509,0.540484,1.826066,0.808618,-0.403277,0.749569,0.642788,-0.693790,0.055841,0.628551,0.041742,0.064888,0.748825,0.707930,0.471268,0.632407,0.841187,-1.612089,0.701363,1.092079,0.818827,0.627093,1.072390,0.333614,0.562513,0.354142,-0.382252,0.718208,0.728364,-0.468198,0.492742,0.772745,-0.634538,0.520833,0.340370,-1.606602,0.613022,1.063343,-0.300164,0.481402,0.969362,1.075546,0.620446,0.381936,-0.687326,0.781495,0.628955,-0.097162,0.670298,0.347468,-0.980579,0.817145,0.471575,0.924394,0.550105,0.314227,-0.282392,0.602988,0.660302,-1.216164,0.842120,0.979070,0.114934,0.553461,0.400165,-0.602643,0.727125,0.948089,-0.609918,0.789194,1.009516,0.125636,0.892218,0.704683,-0.676383,0.963820,0.699281,0.910733,0.653839,0.390820,-0.171457,0.818029,0.971716,1.113447,1.014371,1.027483,-0.490858,0.790672,0.649101,-1.265452,0.662917,0.193703,-0.416506,0.942446,0.330285,1.063464,0.528952,-0.087367,0.612128,0.844171,0.495010,0.651531,0.824213,0.885831,0.418518,1.007597,1.061769,-1.008673,0.716536,0.267411,0.159583,0.605404,0.535759,-0.453013,0.677692,1.065067,0.275057,0.366260,0.199096,-0.426448,0.689723,0.535617,-0.070748,0.469065,0.763426,2.594949,0.747530,0.972844,-0.103184,0.556263,0.700947,-0.498240,0.607677,0.320466,0.331760,0.740292,0.280592,0.592213,0.852052,0.618908,1.196624,0.790623,0.202391,-0.242442,0.738706,1.132496,-0.358703,0.555592,1.132496,-0.225427,0.326538,0.571250,-0.759731,0.506161,1.070786,0.587905,0.335203,0.572033,-0.654327,0.572274,1.132920,0.069772,0.750114,1.108266,0.029197,0.583691,0.510361,-0.836901,0.489370,-0.007026,-0.151874
0.140248,0.479736,-0.624666,0.681196,0.614982,-0.832489,0.879866,0.867055,-0.221058,-0.214116,0.216429,-0.035805,-0.721393,-0.034747,-0.082842,0.848443,-0.126140,0.572921,1.625446,0.430303,0.186360,0.846738,-0.594739,-1.070302,1.021347,0.258302,-0.695265,0.997424,-0.435794,-1.103385,-0.419955,-2.463551,0.000104,0.000492,0.000492,0.000492,0.809750,0.392586,0.069262,0.637397,-0.798846,-1.072853,0.000492,0.000492,0.000492,0.653481,1.425790,0.768760,0.735581,0.301241,-0.488417,0.657084,0.017442,0.717504,1.461978,-1.390314,-0.750869,0.000492,0.000492,0.000492,0.000492,0.000492,0.000492,0.000492,0.000492,0.000492,0.000492,0.000492,0.000492,0.000492,0.000492,0.000492,0.000492,0.000492,0.000492,1.266514,-1.106323,0.113708,1.010631,-0.318837,-1.071577,0.891822,-0.011580,-0.206783,1.026011,-0.502078,0.195647,1.253333,-0.199398,-0.184885,1.331224,-0.251461,1.462012,1.094519,-0.250238,1.539892,0.688832,-1.589872,-0.493128,1.519920,-0.905083,0.087247,1.719677,-0.458287,0.827270,1.255254,0.239315,1.447911,1.046502,0.547437,1.505044,1.027746,0.155950,1.567076,1.573007,-0.597642,1.160351,1.305984,0.437065,1.574867,1.452974,0.784880,1.369700,0.836552,-0.009850,1.427516,1.249263,0.248084,1.498599,1.496942,0.673843,1.993667,1.408402,-0.538481,1.987600,-0.235439,0.806744,1.369711,-0.703075,-0.066546,-0.330851,-0.779347,-0.264342,-0.803506,-0.810133,-0.183892,-1.416700,-0.571237,-0.137384,-1.316651,-0.428277,-0.088553,-1.262552,-0.939819,-0.152863,0.605651,-0.748673,-0.131096,0.675005,-0.562970,-0.188913,0.519362,-0.300463,-0.231442,0.640549,-0.831430,0.002431,0.662951,-0.435032,-0.004259,0.478493,-0.060451,-0.141542,0.945924,0.312029,-0.252870,1.168042,-0.510389,0.118333,0.804071,-0.190701,0.131292,0.984096,0.179694,-0.015809,1.231717,0.559780,-0.141101,1.527441,-0.194521,0.179819,-0.148113,0.045621,0.118041,-0.306522,0.220855,0.019282,0.321528,0.333950,-0.079170,0.453067,0.638679,-0.280725,-0.369177,1.146031,0.057390,0.361699,0.999572,0.322279,1.482738,1.182510,0.126636,-1.205958,0.788954,0.407238,0.183205,0.850383,0.488446,0.602617,0.619852,0.678928,-0.741324,0.785598,0.280446,0.522736,0.899721,0.183787,0.977385,0.766961,0.363155,1.063666,0.841721,0.424985,1.446319,0.814135,-0.003527,0.220519,0.722607,0.759128,0.000561,0.687300,0.174774,-0.043340,1.147161,0.135987,-0.897764,0.698267,0.812921,-0.696022,0.689318,1.001953,0.565897,0.615806,0.791750,0.908388,0.489503,1.360020,-0.927190,0.527088,1.210456,1.422892,0.701363,0.846610,1.120867,0.603327,0.518300,-0.975355,0.451016,0.860878,-0.110121,0.190808,0.474316,-0.401158,0.439282,0.513693,-1.778599,0.758977,0.812015,-0.010098,0.625140,0.606921,1.008446,0.369561,0.454039,-1.189794,0.784636,0.139632,-0.322912,0.673395,0.332931,-0.976569,0.818403,0.018435,0.565859,0.834217,0.207627,-0.947524,0.873594,0.542645,-0.112599,0.841196,0.356761,1.042818,0.530981,0.612254,-0.287463,0.423884,0.364129,-0.782531,0.619170,0.522331,0.765215,0.392705,0.268889,-0.484751,0.776172,0.233833,0.523833,0.712142,0.823119,-0.136855,0.890909,0.459818,1.059035,0.559216,0.485483,-1.183523,0.480163,0.713415,-0.544478,0.594515,0.289849,-0.232157,0.834403,-0.076110,1.347488,0.402768,0.385688,0.059209,0.735450,0.564028,1.377206,0.749415,0.400207,1.108557,1.063710,0.832537,0.271811,0.754338,0.412606,-1.361051,0.626927,0.752333,0.716933,0.676675,0.360493,1.271409,0.609375,0.717896,-0.430289,0.894704,0.317830,-0.167087,0.379721,0.517922,2.153622,0.690328,0.695591,0.720552,0.780224,0.089008,-0.705434,0.603980,0.122712,-0.357432,0.759447,0.082390,-0.091356,0.888006,0.395472,-0.018136,0.832559,0.659713,-0.663962,0.758078,0.384707,0.953790,0.554572,0.384707,0.328554,0.576270,0.783097,-0.397519,0.435818,0.306194,0.663963,0.583446,0.786465,-0.244826,0.571246,0.382747,0.734079,0.769473,0.359723,0.907502,0.691315,0.556640,-1.021428,0.118837,0.071028,-0.566138
0.129674,0.470147,-0.358402,0.709637,0.551811,0.303094,0.887078,0.258135,-0.045611,0.009489,0.327718,0.057755,-0.332095,0.118410,-0.013273,0.855906,-0.113629,0.928353,1.643756,2.088175,0.894309,0.827341,-0.590625,-0.641556,1.025911,0.279370,-0.993791,1.004191,0.469946,-1.309343,1.459954,-0.167511,-0.179299,0.000492,0.000492,0.000492,0.808006,1.683714,-1.034386,0.653729,-0.798846,0.569046,0.000492,0.000492,0.000492,0.642754,1.430419,1.151182,0.726165,0.299715,-0.405533,0.631497,-0.003172,0.960495,1.435315,-1.381815,-0.598900,0.000492,0.000492,0.000492,0.000492,0.000492,0.000492,0.000492,0.000492,0.000492,0.000492,0.000492,0.000492,0.000492,0.000492,0.000492,0.000492,0.000492,0.000492,1.246755,-0.950884,0.538322,1.480541,-0.514897,-0.196489,1.097174,-0.917332,-0.269671,0.948127,-1.132970,0.728493,1.171415,-1.231214,0.560688,1.068152,-0.821027,1.198107,1.057308,-0.741615,1.188191,1.447766,-0.211172,-1.569989,1.445442,-0.190014,-0.561103,0.956157,-0.593761,0.293554,1.015590,-0.018946,0.495159,0.751342,0.348574,0.513066,0.726688,-0.269943,1.138046,1.025932,-0.311014,-0.093683,1.025899,0.271435,0.608909,1.410131,0.572980,0.320584,0.549650,-0.135773,0.872165,0.509865,-0.526991,0.163626,1.179740,0.382314,0.940765,1.141816,-0.652294,0.282215,-0.559729,0.663514,0.637307,-0.488751,0.079297,0.062133,-0.801964,-0.067921,-0.315625,-0.917506,-0.177581,-0.920821,-0.698124,-0.110280,-1.284845,-0.417795,-0.039317,-1.209283,-1.056707,-0.052360,0.300655,-0.821255,-0.074793,0.357716,-0.631052,-0.161712,0.527654,-0.407172,-0.223549,0.866024,-0.822000,0.086735,-0.134721,-0.409971,0.028795,0.423399,-0.113716,-0.144603,0.622157,0.219642,-0.283359,1.137029,-0.370398,0.186397,0.285395,-0.066548,0.134370,0.567550,0.192347,-0.041235,0.810533,0.437462,-0.186180,1.242987,-0.032134,0.283684,0.159689,0.189558,0.173989,-0.119533,0.317651,0.033181,0.914875,0.390873,-0.124970,0.820319,0.643004,0.061249,-0.456374,0.872271,0.048201,-0.078334,0.719257,0.311832,1.283345,0.864904,0.409110,-0.959417,0.440200,0.393156,0.908161,0.543953,0.473736,0.807520,0.338380,0.935579,0.347428,0.784147,0.264820,0.077699,0.632252,0.167445,0.728862,0.762050,0.340762,1.201147,0.834716,0.399069,1.285971,0.806414,-0.030200,-0.200180,0.713301,0.731529,-0.191643,0.676091,0.148186,0.122818,0.844565,0.112843,-1.324964,0.367496,0.793521,-0.479517,0.678117,0.984612,0.791708,0.618540,0.784688,1.061881,0.491765,0.953412,-0.876722,0.528078,0.852316,0.737182,0.701142,0.842894,0.592722,0.342958,0.512632,-0.944411,0.448465,0.856531,-0.242323,0.187338,0.470178,-0.510393,0.434380,0.510344,-1.799447,0.752919,0.808530,0.128140,0.617132,0.600655,0.614076,0.367612,0.447375,-1.217737,0.534011,0.129624,-0.690169,0.671330,0.325901,-1.284197,0.569616,0.008545,0.579979,0.587677,0.196912,-1.084405,0.621729,0.531777,-0.393712,0.563359,0.342463,1.096125,0.527899,0.602558,-0.121530,0.420399,0.350432,-0.648532,0.313946,0.512367,1.061000,0.393739,0.260200,-0.090889,0.776172,0.224472,0.254590,0.711205,0.815816,-0.141856,0.627481,0.449348,0.743670,0.559909,0.474504,-0.853438,0.476437,0.704705,-0.653289,0.590054,0.281749,-0.525517,0.513723,0.417636,1.415514,0.396298,0.379226,0.385067,0.729324,0.554681,1.584531,0.744701,0.390441,0.824149,0.563749,0.817806,0.003562,0.753278,0.401958,-1.685975,0.624922,0.737514,0.633738,0.673872,0.343379,1.396957,0.342261,0.706037,0.212757,0.637998,0.302075,-0.833207,0.374155,0.501247,1.737817,0.685970,0.677774,0.657613,0.276733,0.448741,-0.943651,0.307992,0.418441,-0.209458,0.757426,0.378790,0.129105,0.631150,0.381218,-0.437768,0.590858,0.647040,-0.377227,0.756034,0.366532,1.277215,0.551761,0.366532,0.721030,0.301886,0.765717,0.254141,0.430876,0.778605,0.887786,0.310698,0.768873,0.467685,0.568412,0.364515,1.009648,0.767431,0.341530,1.191711,0.691855,0.548505,-0.909624,0.113772,0.064485,-0.415983
0.114835,0.480228,-0.240545,0.707072,0.500695,0.708592,0.877907,-0.348020,-0.012288,0.383902,0.383971,0.159971,-0.172224,0.210032,0.097697,0.849926,-0.145722,1.017664,1.631876,0.433676,-0.043758,0.827646,-0.598852,-0.709746,1.018613,0.279370,-0.963416,0.989301,0.468199,-1.439797,-0.415456,-0.167511,-0.164644,0.000492,0.000492,0.000492,0.798023,0.407614,-0.624303,0.622778,1.315531,-0.526251,0.000492,0.000492,0.000492,0.620384,1.435691,1.544548,-0.359367,0.330803,-0.311341,0.601659,-0.007054,0.879672,-0.652166,-1.382507,0.072593,0.000492,0.000492,0.000492,0.000492,0.000492,0.000492,0.000492,0.000492,0.000492,0.000492,0.000492,0.000492,0.000492,0.000492,0.000492,0.000492,0.000492,0.000492,1.246548,-0.647595,0.519473,0.991039,-1.422773,-0.783484,0.597500,-1.139181,0.426478,1.005253,-0.974267,1.095925,1.231500,-0.514094,1.118562,1.059015,-0.689314,0.682169,1.073192,-0.675424,0.324309,0.668052,-1.592853,-0.626223,1.498842,-1.321962,-0.085836,1.450531,-0.461855,1.135130,1.239047,0.454852,1.598297,1.028125,0.703415,1.820874,1.009466,1.101220,1.500165,1.285319,-0.601141,1.299736,1.046295,0.570467,1.964643,1.436368,1.279334,1.569530,0.818653,1.032017,1.219534,0.749947,0.245408,2.151825,1.204094,0.671972,2.069561,1.168708,-0.450193,2.238665,-0.392306,1.022918,1.877877,-0.104684,0.180434,-0.013512,-0.702456,0.097820,-0.314230,-0.961124,-0.045442,-0.849520,-0.957708,-0.080710,-1.243147,-0.518154,-0.017747,-1.096003,-0.998667,0.192171,0.357481,-0.951566,0.011606,0.250899,-0.738112,-0.148421,0.576100,-0.596804,-0.241112,0.587343,-0.613974,0.247579,-0.804106,-0.388405,0.073940,0.153058,-0.207446,-0.147653,0.295073,-0.015006,-0.294454,1.043362,-0.084843,0.259082,-0.085060,0.050062,0.122837,0.835721,0.147950,-0.068903,0.367767,0.201336,-0.213809,1.161722,0.297055,0.324713,0.649572,0.354995,0.177825,-0.019011,0.381200,0.045234,1.262333,0.332704,-0.079985,-0.268325,0.401885,-0.358115,0.706915,0.384442,0.166412,-0.163684,0.766494,0.291171,0.576707,0.270482,0.270103,-0.355535,0.440200,0.443797,0.659246,0.458666,0.727033,-0.002391,0.167064,0.828638,0.777112,0.486283,1.011442,0.080112,0.506322,0.942467,0.647031,0.202529,0.584144,-0.133747,0.424944,0.259835,-0.004148,0.323996,0.518825,0.395884,0.690141,0.288357,0.544155,0.944834,0.685282,-1.050833,0.490253,0.245125,0.454718,0.940131,0.458042,-0.689714,0.946661,0.971015,-0.969325,0.294068,0.900030,1.035697,0.148597,0.753319,-0.458214,0.404190,0.714841,-0.702062,0.244834,0.378488,-1.462221,-0.160303,0.792056,0.095098,0.585792,0.306077,-0.320158,0.512857,0.825256,-0.101736,0.426603,0.046943,0.243368,0.394317,0.701656,-0.248886,0.438184,0.896151,-0.581818,0.301612,0.540822,-0.775652,0.461621,0.629380,0.227182,0.595421,0.247184,-0.850607,0.493261,0.206158,0.901926,0.588719,0.266259,-0.897342,0.581086,0.566476,0.305292,0.472746,0.379609,1.314578,0.107524,0.639220,-0.700499,0.493653,0.445419,-0.276679,0.518804,1.009939,0.258403,0.251756,0.799015,0.239771,0.594419,0.814727,0.123743,0.469055,0.444900,0.106155,0.701262,0.972161,0.386468,0.421894,1.012677,-0.665437,0.540771,0.770234,-0.204301,0.351649,0.414053,0.682614,0.177937,0.548894,0.713467,0.017484,0.066714,-0.369711,0.074863,0.625003,0.193698,0.211695,1.006281,0.624905,0.610824,0.628333,0.461948,0.500356,0.605514,-1.027272,0.571113,0.649905,1.018904,0.271023,0.706606,1.212648,0.206705,0.640226,0.055125,0.447481,0.635322,-0.005207,0.073054,0.333594,-0.328816,0.181180,0.448607,1.040758,0.384718,0.243808,-1.226246,0.206275,0.540788,-0.507438,0.403402,0.501415,-0.220764,0.627278,0.188080,-0.327958,0.368810,0.816110,-0.286816,0.398003,0.664003,1.019208,0.147815,0.664003,0.422572,0.162642,0.599467,-0.276998,0.487476,0.591766,-0.592429,0.172284,0.600594,-0.172324,0.161163,0.662934,0.532147,0.409635,0.639301,0.944017,0.502032,0.582551,-0.018582,0.121251,0.169389,-0.236918
0.069930,0.510932,-0.424584,0.720838,0.499349,1.535724,0.886685,-0.337501,0.571592,0.681656,0.520820,-0.071999,0.299628,0.392711,0.199469,0.848443,-0.167154,1.044914,1.616134,0.447127,0.906313,0.817356,-0.528970,-0.396050,0.426063,1.360438,-0.410928,-0.271643,0.482153,-0.421925,-0.431953,-2.463551,0.544392,0.000492,0.000492,0.000492,0.777439,1.691197,-0.614325,0.637397,1.315531,0.014895,0.000492,0.000492,0.000492,0.589088,1.420737,0.855874,-0.366806,0.351250,-0.372816,0.601659,0.037436,0.398805,-0.655158,0.455068,0.167665,0.000492,0.000492,0.000492,0.000492,0.000492,0.000492,0.000492,0.000492,0.000492,0.000492,0.000492,0.000492,0.000492,0.000492,0.000492,0.000492,0.000492,0.000492,0.981872,-0.586928,0.088292,0.726291,-1.003518,-0.480450,0.586269,-1.080626,1.167029,0.993430,-0.900703,1.295292,0.933397,-0.777212,1.251279,1.054034,-1.048862,0.865782,1.065243,-0.602212,0.594353,0.657764,-1.530332,-0.715572,0.929400,-1.250765,0.361449,0.945682,-0.821932,0.419674,1.233017,0.276735,0.480980,0.778606,0.572141,0.751827,0.760488,0.202708,0.736443,1.279827,-0.957708,0.473605,1.038775,0.594919,0.694988,1.428697,0.976417,0.309433,0.809791,0.390873,0.531020,0.503944,-0.029882,0.422804,1.195390,0.711211,0.709751,1.160846,-0.346595,0.734602,-0.543666,0.823641,0.952716,0.245370,0.418390,0.427622,-0.523111,0.425266,0.498558,-0.968251,0.269449,-0.191066,-0.917838,0.149402,-1.156869,-0.408804,0.041374,-0.858987,-0.917103,0.373333,1.016465,-1.025135,0.139716,0.930415,-0.920313,-0.064517,0.705495,-0.861662,-0.205115,0.823967,-0.415779,0.399442,-0.703506,-0.403915,0.142356,0.623643,-0.373806,-0.102803,0.156312,-0.357167,-0.194164,0.049826,0.103679,0.389570,0.138949,0.131344,0.157089,0.757258,0.089771,-0.040467,1.181636,-0.035324,-0.139006,0.919466,0.540978,0.367150,0.809498,0.541022,0.188771,0.357922,0.466866,0.067644,1.418487,0.387007,-0.019682,0.470100,0.417158,-0.085017,2.206671,0.124439,0.094666,0.648782,0.499527,0.523605,-0.215418,0.282911,0.197132,-0.041606,0.452042,0.359594,1.188668,0.163375,0.642874,-0.221124,-0.106347,1.017229,1.221762,0.202009,0.925273,-0.235847,0.241089,1.159346,0.512709,0.191011,0.462071,0.580715,0.116627,0.626597,0.744271,0.304459,0.927904,0.203153,0.388124,0.763529,0.003398,0.588950,0.508306,-1.099395,0.464165,0.822265,0.322462,0.283740,0.292619,-1.107464,0.264796,0.798278,-1.544194,0.304993,1.251938,0.947641,0.156899,0.683701,0.279309,0.122759,0.307512,-0.892842,0.246414,0.321416,-1.405718,-0.161182,0.702977,-0.320296,0.331606,0.628219,-1.779159,0.252060,0.744236,-1.511823,0.155907,0.373154,-0.188086,0.117647,1.039334,-0.993591,0.106990,1.325973,-0.458262,0.043992,0.464533,-0.455882,0.213721,1.036847,-0.947928,0.350993,0.487776,-1.650689,0.247396,0.507474,0.455381,0.346717,0.897397,-1.268490,0.332794,1.173023,0.232367,0.197908,1.177211,1.171536,-0.175105,1.179405,0.443841,-0.021302,0.787768,-0.732498,-0.076431,0.910682,0.440864,-0.045420,0.706316,1.134166,0.087355,0.715299,-1.059285,0.469055,0.369923,-0.265812,0.186352,0.867869,-0.939923,-0.118747,0.902369,0.210962,0.276162,1.161436,-1.341434,0.341414,0.817714,-0.189814,0.163908,0.949365,0.777445,0.001460,0.388049,0.154438,0.060745,1.044816,0.527128,0.200856,1.444910,0.413584,0.121578,0.900482,-0.082091,0.249989,0.822938,-1.928710,0.276120,0.954088,0.339250,0.265915,0.593487,0.867326,-0.058646,0.889588,0.423268,0.190982,0.965548,-0.903808,-0.248711,0.658096,0.588873,0.171496,0.777770,0.967790,-0.112461,0.517450,-0.998850,-0.086760,0.764981,0.168365,0.106136,0.726117,0.239368,0.374934,0.445972,-0.883573,0.368406,0.422153,-1.300101,0.097371,1.017692,0.790430,0.142694,1.017692,1.062389,-0.109931,0.937693,0.607311,-0.485285,0.953402,0.279467,-0.098663,0.942946,0.822042,0.155999,1.017750,1.138835,0.109201,0.993346,1.116114,0.190546,0.499243,0.613806,-0.172074,0.513474,-0.052739
0.030118,0.486282,0.201416,0.669266,0.551485,0.871615,0.063016,0.270382,0.750638,1.131217,0.603321,0.490391,0.689748,0.486243,-0.104918,0.829000,-0.154643,0.887767,1.610665,0.433676,0.574855,0.819417,-0.582398,-0.669528,0.421276,1.352000,-0.471474,-0.276075,0.490887,-0.092649,-0.408701,-0.167511,-0.434513,0.000492,0.000492,0.000492,0.785298,0.402604,0.051991,0.660881,1.315531,0.345055,0.000492,0.000492,0.000492,0.555090,1.428105,1.555612,-0.392181,0.367951,-0.115371,0.578566,1.493206,0.116277,-0.679249,-1.371520,0.425639,0.000492,0.000492,0.000492,0.000492,0.000492,0.000492,0.000492,0.000492,0.000492,0.000492,0.000492,0.000492,0.000492,0.000492,0.000492,0.000492,0.000492,0.000492,0.726557,-0.632463,0.039101,0.474798,-1.410697,-0.515822,0.593002,-1.875471,1.029382,0.728980,-1.427132,0.735474,0.940918,-1.128026,0.573352,0.803623,-0.671498,0.234094,1.069328,-0.657982,0.195525,0.935625,-0.127786,-0.245069,0.657616,-1.305000,0.328135,0.448652,-0.875417,0.312140,1.236290,0.030932,-0.540687,0.783947,0.236799,-0.609283,0.766377,-1.415179,-0.261038,1.015176,-1.433117,0.019162,0.801876,0.307014,-0.620361,1.432980,0.460223,-0.757783,0.814798,-0.696765,-0.464683,0.506706,-0.716772,-0.203670,0.928260,-0.681072,-0.399431,-0.170465,0.795965,-0.660948,-0.540433,0.486478,-0.522940,0.608373,0.545488,0.583389,-0.216357,0.574776,0.526931,-0.846471,0.381780,-0.349903,-0.888719,0.127422,-0.634301,-0.558984,0.147944,-0.920959,-0.701891,0.543097,0.463833,-0.994006,0.219024,0.390884,-1.010068,0.024961,0.428911,-1.040226,-0.139353,0.405650,-0.139208,0.547315,-0.398385,-0.347074,0.194109,0.220473,-0.456861,-0.013391,0.812180,-0.555590,-0.011141,-0.554375,0.396392,0.461617,-0.294932,0.260485,0.164601,-0.297571,0.117261,0.002963,0.717642,-0.053761,-0.036189,0.091004,0.808839,0.413129,0.627937,0.700650,0.208530,-0.031132,0.615242,0.089684,0.673488,0.458517,0.020737,0.055850,0.331014,0.226926,0.777257,-0.216481,0.402244,0.909777,0.152648,0.519945,0.026766,0.206757,0.781888,0.679333,0.027187,0.694268,0.768818,0.101686,0.971336,-0.752711,-0.154445,1.046816,2.059914,0.163932,1.549183,0.474788,0.216834,1.197562,0.534196,-0.109730,0.931497,0.561166,-0.177711,0.677572,0.818676,0.047222,1.537919,0.049880,0.125023,0.792767,-1.220250,-0.043546,1.234766,-0.701605,0.196783,0.797240,-0.401907,-0.324186,0.235043,-0.877561,-0.368072,0.700247,-0.362064,0.232065,1.193724,0.836225,-0.199865,1.015617,-0.199441,-0.219140,0.944157,-1.500780,-0.323687,0.930801,-2.311061,-0.706562,1.130001,-0.549759,-0.438822,1.342549,-1.699643,-0.523437,1.140236,-1.026818,-0.373929,0.690011,-0.822197,-0.147757,1.372833,-1.686776,-0.513263,1.241156,1.039564,-0.493489,0.818654,0.212275,-0.545890,0.982431,-0.734181,-0.397776,1.067923,-2.273573,-0.263441,0.867082,-1.251111,-0.168441,1.241983,-1.525596,-0.188830,1.164489,-0.079065,0.169187,1.166361,0.007038,-0.200185,1.171031,1.904998,-0.547349,1.214807,-0.526601,-0.136798,1.361447,0.999813,-0.102158,1.130912,1.403611,-0.464455,1.171840,-0.266232,-0.120545,0.711652,-2.147440,-0.373753,1.341501,-0.476880,-0.441959,1.399970,1.319048,-0.510203,1.102102,-1.104962,-0.192421,0.750939,-1.347160,-0.156772,0.883118,1.067001,-0.306766,0.732153,0.617159,-0.261948,1.500714,1.293819,-0.088890,1.378875,-0.338800,-0.162342,0.911135,1.292220,-0.282974,1.114786,-1.541223,-0.051168,0.954790,-0.078196,-0.063186,1.059476,1.001217,-0.341314,1.219458,1.920808,-0.571283,0.967790,-2.092747,-0.573151,1.098671,0.479307,-0.129985,0.790654,-0.185183,-0.625211,0.897671,-0.591318,-0.117116,1.079102,1.099567,0.070597,1.040951,-0.346674,-0.162029,1.151062,-1.910665,0.098132,1.059079,-0.463491,0.061429,1.025784,1.186759,-0.187304,1.025784,1.640916,-0.400290,0.945054,2.049406,-0.505904,0.961676,1.260652,-0.387292,0.950397,2.099029,-0.176697,1.025868,1.310920,0.073283,1.001446,1.111939,0.135116,0.879841,-0.169950,-0.466852,0.880791,0.093689
0.005559,0.515480,-0.026385,-0.232772,0.606966,0.434975,-0.750072,0.866710,0.601660,1.650822,0.603956,0.544931,1.003703,0.546446,-0.062065,0.822268,-0.202729,0.921574,0.054833,0.396573,-0.196120,0.805327,-0.590625,-0.806849,0.430279,0.245645,-0.890020,0.364182,-0.439288,-1.044497,3.438895,-0.167511,0.494797,0.000492,0.000492,0.000492,0.155107,0.370075,-0.267371,0.609314,-0.798846,1.558741,0.000492,0.000492,0.000492,-1.585332,1.438430,2.141258,-0.400274,0.370218,-0.123005,0.573590,1.523972,-0.177035,-0.711501,0.446223,0.911650,0.000492,0.000492,0.000492,0.000492,0.000492,0.000492,0.000492,0.000492,0.000492,0.000492,0.000492,0.000492,0.000492,0.000492,0.000492,0.000492,0.000492,0.000492,0.535379,-0.651390,-1.503844,0.026164,-0.315818,-1.333142,0.112431,-0.002329,-1.233234,0.793911,-0.486580,-1.813439,0.723329,-0.186487,-1.109540,1.376075,-1.102268,-0.541880,0.863757,-0.651006,-0.511208,0.730637,-0.485138,0.267139,0.445651,-1.301608,-0.112888,0.764200,-1.310347,-0.917310,0.660213,0.034498,-0.158740,0.843008,0.395363,-0.413279,0.106677,0.163748,-0.938309,1.086057,-1.436616,-0.644802,1.103939,0.443741,-0.004177,0.400585,-0.199950,-0.425331,0.638229,-0.001255,-0.419792,0.810212,-0.069979,-0.682536,0.180520,0.683196,-0.011333,-0.115575,0.797425,0.907354,-0.358755,1.135903,0.253932,0.859680,0.621126,0.254102,-0.000964,0.632045,0.319186,-0.694108,0.423546,0.331727,-0.790443,0.213469,-0.376913,-0.548132,0.214954,-0.532444,-0.380541,0.636206,0.002917,-0.905188,0.273594,0.097827,-0.999750,0.081677,0.142779,-1.124177,-0.067812,0.415909,0.229019,0.624623,-0.005354,-0.237591,0.234784,0.331248,-0.407732,0.044331,0.864286,-0.551725,0.061265,-0.629314,0.674339,0.526832,-0.681561,0.371729,0.167314,0.044834,0.163460,0.035818,0.558524,-0.004404,0.005143,0.221137,1.064864,0.414337,0.416482,0.832900,0.169886,-0.331549,0.721642,0.102243,-0.236554,0.540546,0.060336,-0.528940,-0.426631,0.015340,1.384506,-0.277814,0.598310,0.135354,0.100159,0.768326,0.523732,-0.480577,0.494693,-0.374978,-0.355033,0.753856,1.545089,-0.497177,0.773515,0.339130,-0.656024,1.169901,1.706185,-0.290138,1.407320,-0.106329,-0.404849,1.670330,-0.117750,-0.443088,1.134795,1.126212,-0.453058,1.400159,1.412374,-0.415428,1.706901,-0.470596,-0.322626,1.511903,-0.902423,-0.554145,1.166056,0.027523,-0.243698,1.317852,-0.755071,-0.497649,1.402897,-0.750127,-0.551203,1.838504,-0.127492,-0.439562,1.260826,1.615855,-0.503292,1.826110,-0.707571,-0.189156,1.289179,-0.373570,-0.260249,1.261051,-1.393839,-0.871983,1.139168,-1.130277,-0.541173,1.342224,-1.261303,-0.592703,1.592026,-0.803019,-0.666393,1.037636,-1.512742,-0.400159,1.342888,-1.260055,-0.781534,1.245624,1.300548,-0.877650,1.301888,-0.755588,-0.666385,1.648500,-1.244554,-0.514316,1.504410,-1.518055,-0.378590,1.074248,-1.773092,-0.320419,1.853245,-1.530503,-0.323610,1.418629,0.311316,-0.224995,1.505356,-0.116363,-0.580090,1.703097,2.076230,-0.875153,1.519155,-0.865810,-0.423198,1.514036,0.652190,-0.672926,1.245535,0.856046,-0.664745,1.290860,-0.695767,-0.308619,1.201662,-1.574202,-0.574713,1.501830,-0.516438,-0.681091,1.573312,0.246633,-0.836956,1.697015,-0.828676,-0.499890,1.328997,-1.302502,-0.493884,1.456607,1.216483,-0.611109,1.604267,0.959380,-0.601176,1.619566,1.675931,-0.412132,1.503053,-0.192103,-0.587069,1.289140,1.236564,-0.943694,1.386607,-1.361090,-0.500806,1.312088,-0.276666,-0.497168,1.476085,1.051531,-0.697994,1.512039,1.778735,-0.637049,1.363999,-2.148763,-0.930702,1.085347,1.142627,-0.482585,1.247848,0.124098,-0.960729,1.287987,-0.485324,-0.534328,1.408525,0.869754,-0.379745,1.371123,-0.651643,-0.825601,1.522165,-1.923139,-0.294102,1.378611,-1.273523,-0.394010,1.483372,0.733870,-0.622467,1.483372,1.688659,-0.766677,1.378376,1.996850,-1.223662,1.429547,0.330802,-0.751494,1.389003,2.058808,-0.615420,1.484915,1.521692,-0.381858,1.459495,0.750360,-0.440272,0.986470,-0.503164,-0.789368,0.954089,-0.334270
-0.021974,0.523533,-0.147679,-0.245441,0.617980,0.458196,-1.163829,0.884862,1.047760,1.875965,0.660262,-0.095954,1.159999,0.637520,-0.030946,0.822998,-0.193917,0.868098,0.040699,-1.345542,-1.622300,0.823523,-0.627598,-0.928161,1.028987,-0.856491,-0.851388,1.633250,-2.254220,-1.341933,-0.407945,-0.167511,1.895679,0.000492,0.000492,0.000492,0.792410,-0.938555,0.794790,0.606446,1.315531,1.306299,0.000492,0.000492,0.000492,-1.622005,1.439908,2.133025,-0.421282,0.374752,0.046192,0.555115,1.502173,-0.137394,-0.709769,2.263944,0.893016,0.000492,0.000492,0.000492,0.000492,0.000492,0.000492,0.000492,0.000492,0.000492,0.000492,0.000492,0.000492,0.000492,0.000492,0.000492,0.000492,0.000492,0.000492,0.551740,-0.730984,-1.069166,0.971871,0.196920,-1.557513,0.198260,-0.418236,-1.362360,0.846801,-0.854259,-1.957570,0.483907,-0.356746,-1.360945,0.933803,-1.846263,-1.101686,1.101098,-1.086613,-2.043199,0.590472,-0.184382,-0.273795,0.225897,-1.098278,-0.570102,0.555614,-2.059006,-0.575265,0.402784,-0.660165,-0.592963,0.955427,-0.797786,-0.588462,0.660264,-1.373620,-1.254537,0.333358,-1.342225,-0.743874,1.041144,0.543789,-0.631276,0.071393,-0.640065,-0.581716,-0.201686,-0.313232,-0.705543,0.841629,-1.708314,-1.024025,0.639888,-1.290319,-0.816737,-0.230301,0.953561,-0.406932,-0.582258,0.509609,-0.995436,1.092275,0.633483,0.406940,0.216595,0.647453,0.743944,-0.538810,0.468977,0.765750,-0.699564,0.276256,0.227497,-0.554997,0.242926,0.108862,-0.176187,0.700378,0.225964,-0.806006,0.351549,-0.059184,-0.966265,0.144863,0.656290,-1.135868,-0.010742,0.765758,0.495387,0.666656,0.445571,-0.154876,0.258381,0.084763,-0.361760,0.105478,0.610560,-0.496613,0.131828,-0.858414,0.919737,0.538553,-0.417498,0.507104,0.161049,-0.150513,0.231669,0.067312,0.233904,0.072574,0.044892,-0.267992,1.229169,0.433975,0.745684,0.948195,0.152382,0.096190,0.779148,0.090844,-0.627890,0.595406,0.096227,-0.869770,-0.425189,0.275482,1.572928,-0.551802,0.512103,0.279745,-0.180884,0.683099,-0.843014,-0.480841,0.410348,-0.129285,-0.705559,0.976715,1.363193,-0.806720,0.982935,-0.395511,-0.942007,1.352364,1.344455,-0.586779,1.608406,-0.941745,-0.418421,1.569643,-0.682411,-0.462462,1.423697,0.697816,-0.477285,1.753766,0.776970,-0.975782,1.531181,-1.080988,-0.913992,1.968840,-0.284075,-0.919289,1.688927,1.041189,-0.855042,1.114362,0.104431,-0.848882,0.412483,-0.088340,-0.916074,1.622737,-0.093117,-0.441462,1.595336,1.901763,-0.506558,1.337713,-0.091494,-0.194807,1.210759,-1.088868,-0.267700,1.522220,-1.341116,-0.624064,1.537357,-1.736897,-1.307349,2.040554,0.095352,-1.117557,1.971492,1.219552,-1.208003,1.346461,-0.721299,-0.950311,1.663157,-1.685234,-0.809008,1.653597,1.522867,-1.145513,1.204612,0.456227,-1.170357,2.035951,-0.104500,-1.011230,1.733045,-1.492118,-1.122839,1.361736,-1.599253,-0.815758,1.396241,-0.735697,-0.830075,1.670711,-0.050434,-0.510931,1.836635,-0.540927,-0.873593,1.619321,1.634711,-1.146226,1.846291,0.827827,-0.731781,1.389612,0.370040,-0.678872,1.616330,1.291924,-0.928531,1.690313,-0.398693,-0.594484,1.497925,-2.126937,-0.842577,1.907120,-0.532446,-0.961798,1.998320,0.953889,-1.111000,1.580439,-0.518179,-0.779735,1.712269,-1.798962,-0.516404,1.340151,0.614026,-0.939230,1.509587,0.758827,-0.623837,2.018456,1.060407,-0.708474,1.919822,-1.246686,-0.841992,1.550317,2.131269,-1.204091,1.303498,-0.577564,-0.808067,1.603838,-0.758237,-0.511711,1.812620,0.714869,-0.711991,1.750944,1.818924,-1.153667,1.680742,-1.286251,-1.263889,1.396493,1.106407,-1.070974,1.563740,-0.692281,-1.221947,1.550610,0.130774,-0.839217,1.623658,0.896182,-0.689384,1.586745,-1.575693,-1.341678,1.419666,-1.626592,-0.779533,1.604046,0.296314,-0.707155,1.822504,0.630996,-0.637050,1.822504,1.608639,-0.781056,1.703076,2.419947,-1.243722,1.776300,2.676245,-0.765787,1.717663,2.218103,-0.630123,1.825129,1.306583,-0.694797,1.798970,0.513438,-0.448127,1.317820,0.128503,-1.093068,1.281131,0.555212
-0.033400,0.520521,-0.038170,-0.248555,0.609291,0.814001,-1.156304,0.889483,1.051086,2.175402,0.660050,0.011923,1.470348,0.668345,0.155318,0.830871,-0.299008,0.997658,0.034916,-1.385977,-2.361123,0.822053,-0.607080,-0.823358,1.023518,-1.927011,-1.076914,0.995580,-1.358961,-1.225403,1.466709,-0.167511,1.306828,0.000492,0.000492,0.000492,0.793286,-0.933576,0.644409,0.601865,-0.798846,0.477189,0.000492,0.000492,0.000492,-1.632746,1.439690,1.565990,-0.425449,0.368691,0.034013,0.523142,0.025498,-0.188030,-0.710189,2.296189,1.021415,0.000492,0.000492,0.000492,0.000492,0.000492,0.000492,0.000492,0.000492,0.000492,0.000492,0.000492,0.000492,0.000492,0.000492,0.000492,0.000492,0.000492,0.000492,0.551313,-0.245786,0.664823,0.968298,0.218017,-1.475700,0.191075,-1.536585,-1.829543,0.562042,-1.295501,-1.702295,0.765334,-2.244988,-2.024127,0.420725,-0.927840,-1.382293,-0.025461,-1.041309,-1.635605,0.307918,-1.250404,-1.530907,0.217421,-1.061004,0.332948,0.301855,-1.581297,-0.722405,0.186904,0.465528,0.917940,0.216152,0.504552,0.658714,-0.076272,-0.703635,-0.243220,-0.209552,-0.873815,-0.388548,0.056697,0.558241,0.772513,0.066751,-0.121153,0.241645,-0.445656,-0.287482,-0.452094,-0.381671,-0.690019,-0.573371,-0.471320,0.812136,-0.028584,-0.235059,0.240008,0.160315,-0.733859,0.408190,-0.093156,1.248171,0.657962,-0.036588,0.372788,0.666227,0.587335,-0.431168,0.506677,0.859415,-0.629946,0.308825,0.337238,-0.461283,0.300667,0.025588,0.003350,0.737444,0.534625,-0.696935,0.392203,-0.120161,-0.943036,0.193806,0.495127,-1.114228,0.030004,0.401419,0.736870,0.679150,0.318100,-0.029489,0.266536,0.278090,-0.293456,0.122593,0.804322,-0.580025,0.083636,-0.700021,1.130632,0.558199,-0.351783,0.604596,0.184311,-0.013399,0.296064,0.075477,0.330213,0.119400,0.085205,-0.247713,1.382639,0.423300,0.804151,1.050193,0.143406,0.496371,0.854489,0.089900,-0.816438,0.671731,0.095217,-1.119357,-0.422880,0.733667,0.448787,-0.824633,0.614991,0.721732,-0.460247,0.777209,-0.708937,-0.479490,1.079691,0.505665,-0.704969,0.750881,0.999778,-1.112887,1.069700,-0.978815,-0.944610,1.427442,2.479523,-0.877113,1.691047,-1.154659,-0.949104,1.656090,-1.252922,-0.761236,1.542861,-0.729328,-0.783864,1.383465,-0.154273,-0.989189,2.264632,-0.982161,-1.210754,2.159762,-1.190900,-0.938354,2.637482,0.334133,-0.872034,2.104910,-0.995786,-0.867207,2.240613,0.173659,-0.935126,2.800218,0.838347,-0.762389,1.303483,2.097709,-0.802941,1.471213,-0.063785,-0.486079,1.680407,-0.597775,-0.270861,1.635528,-1.194953,-0.885303,1.710256,-2.146623,-1.313327,1.779846,1.055969,-1.380098,1.650323,1.830098,-1.217336,1.480969,-1.378688,-0.961321,1.802413,-1.065660,-0.823396,1.830350,1.515418,-1.150963,1.340730,-0.010197,-1.175593,1.690286,0.297470,-1.259376,1.525194,-0.102046,-1.372445,1.484240,-1.496655,-1.305744,1.148186,-0.014219,-1.330644,1.431568,1.096510,-0.790173,1.521607,-1.301798,-0.881163,1.406166,1.328335,-1.153824,1.538140,0.567776,-0.733072,1.555640,1.658876,-0.680959,1.288997,1.315527,-1.187959,1.338116,0.031269,-0.598483,1.625659,-1.721141,-1.106230,1.545545,-0.088026,-0.963679,1.619149,0.909066,-1.118694,1.740988,0.337023,-1.050669,1.377494,-1.997845,-0.528052,1.504722,0.354160,-0.951404,2.040635,1.140728,-0.635558,1.666755,1.416035,-0.717921,2.099835,-1.334900,-0.845147,1.291306,2.468821,-1.208159,1.391297,0.426673,-1.108569,1.320691,-0.787197,-0.818878,1.485630,-0.385208,-0.980661,1.519083,2.112175,-1.411665,1.372982,-0.656106,-1.274760,1.527386,0.098150,-1.364932,1.696287,-0.707622,-1.228474,1.660639,0.158878,-0.845877,1.713861,1.581904,-0.992201,1.677153,-1.465007,-1.345778,1.873078,-1.559654,-0.783185,1.698670,1.594573,-0.713266,1.489408,-0.332653,-0.643952,1.489408,1.113360,-1.057037,1.384542,2.832992,-1.254176,1.435719,2.297282,-1.040123,1.395244,2.354499,-0.637081,1.490971,0.574520,-0.700904,1.465538,-0.885465,-0.451098,1.460740,-0.848749,-1.102962,1.422322,0.207675
-0.032987,0.513452,0.135448,-0.260306,0.609638,0.668209,-1.161867,1.459453,1.047451,2.249737,0.659627,0.304094,1.548279,0.669337,0.538096,0.822998,-0.286497,1.187587,0.033642,-3.104522,-2.024946,0.811781,-0.627598,-0.838645,1.024311,-3.035476,-1.319221,1.639281,-3.172167,-1.142709,1.459954,-2.463551,4.016785,0.000492,0.000492,0.000492,0.781932,-2.227179,-0.806753,0.551154,-0.798846,2.283208,0.000492,0.000492,0.000492,-1.632296,1.441593,1.610340,-0.426317,0.360364,0.123372,-1.209867,-0.016313,-0.031324,-0.711501,2.277763,0.819179,0.000492,0.000492,0.000492,0.000492,0.000492,0.000492,0.000492,0.000492,0.000492,0.000492,0.000492,0.000492,0.000492,0.000492,0.000492,0.000492,0.000492,0.000492,0.269861,0.174996,2.256109,0.328630,0.380903,-0.585527,0.255553,-0.818761,-0.147265,0.589501,-0.227240,-0.330952,0.794216,0.138537,-0.081047,-0.077398,-1.237544,-1.638167,-0.400750,-1.511756,0.994252,0.131993,-0.970513,1.460829,-0.033509,-0.434052,-0.072243,0.567932,-1.460096,0.436574,0.545901,-0.018946,0.760391,0.794812,0.106825,0.939289,0.462957,-0.324468,0.033900,0.074855,-0.775925,0.771769,0.947461,0.658275,0.795581,0.604462,0.285003,0.881586,0.356909,0.107512,0.587782,0.596409,-0.684701,0.521183,0.801511,-0.492317,0.803381,1.237512,-0.348055,0.818796,0.829354,-1.025899,0.761574,1.349388,0.669382,0.253985,0.516490,0.651520,0.660138,-0.330973,0.529101,1.185004,-0.568634,0.369139,0.097648,-0.379912,0.323356,0.119648,0.135826,0.757793,0.449208,-0.614556,0.436797,0.094764,-0.881730,0.248756,0.694447,-1.057123,0.048788,0.410104,0.848861,0.705529,0.554422,0.078111,0.302627,0.403518,-0.209056,0.137137,1.047078,-0.513665,0.098362,-0.660272,1.248782,0.561150,0.245731,0.712313,0.202979,0.179425,0.387728,0.087998,0.568770,0.193487,0.089269,-0.350763,1.481610,0.440761,0.677328,1.115116,0.151818,0.706485,0.923088,0.114741,-0.995518,0.712918,0.104714,-1.327200,-0.894171,0.614187,0.901184,-0.650918,0.556316,0.217310,-0.557109,0.775124,0.416785,-0.902152,0.834568,0.254380,-0.799126,0.846455,1.538525,-0.858050,0.895666,-0.107939,-0.952901,1.570098,2.012978,-0.838552,1.862400,-0.675500,-0.604668,1.837669,-0.788246,-0.616261,1.347145,0.250591,-0.583477,1.631655,0.701387,-1.034181,1.917015,-1.060237,-1.228425,1.666401,-0.595607,-0.941992,1.963669,0.618595,-0.870791,2.031716,-0.850077,-0.868281,2.034399,0.308010,-0.938761,2.421567,1.279365,-0.849253,1.504470,2.675375,-0.865083,1.618921,-0.368109,-0.514103,1.443654,0.716454,-0.264760,1.747431,0.541736,-0.597441,1.893193,-2.250478,-1.241892,1.517821,0.356725,-1.278802,1.787133,1.406195,-1.343569,1.976472,-1.140761,-1.053157,1.504765,-0.433257,-0.902063,1.483983,1.735661,-1.095216,1.539839,-0.765300,-1.368273,1.475242,-0.702898,-1.204711,1.429075,-0.677280,-1.071390,1.397300,-2.161189,-1.037109,1.472909,-1.124377,-1.040030,1.408348,0.018766,-0.720652,1.494522,-0.582035,-1.069811,1.383397,1.799698,-1.309902,1.487988,-0.006829,-1.082422,1.338061,2.053419,-1.013356,1.055591,0.809622,-0.933113,1.082662,-0.501018,-0.577802,1.843624,-1.052460,-0.845462,1.316929,-0.562099,-0.986324,1.383260,-0.270249,-1.272621,1.503279,0.137908,-0.925007,1.107383,-2.154531,-0.664691,1.236745,0.561901,-1.066456,1.840436,1.657194,-0.773056,1.411661,1.673158,-0.860432,1.837490,-0.963378,-1.085149,1.354893,2.096334,-1.181665,1.419758,-1.038533,-0.756519,1.342414,-0.371445,-0.740303,1.514315,1.202525,-0.894224,1.536872,2.407303,-1.562789,1.402617,-1.362276,-1.430078,1.583401,0.802185,-1.245213,1.327376,-0.638224,-1.394554,1.361763,0.100863,-1.060410,1.475146,1.137665,-0.635418,1.437895,-0.935934,-1.319075,1.594064,-1.938843,-0.761701,1.751260,0.784445,-0.652578,1.546827,1.229148,-0.866265,1.546827,1.808049,-0.968248,1.435958,2.687271,-1.434443,1.494427,2.412669,-0.951863,1.447287,2.595214,-0.861212,1.548572,1.433298,-0.640256,1.523014,0.945249,-0.781244,1.258239,-1.129301,-1.242135,1.628850,-0.276815
-0.026627,0.505399,0.226949,-0.245441,0.589240,1.046908,-1.151678,0.882436,1.131875,2.249794,0.633062,0.390284,1.550583,0.698294,0.542483,0.846184,-0.300858,1.464334,0.050991,-1.355661,-2.156443,0.803857,-0.615307,-0.791671,1.017472,-1.941777,-1.214319,1.007763,-2.269941,-1.137971,-0.421077,-2.463551,3.210608,0.000492,0.000492,0.000492,0.155359,-0.943564,-0.761450,0.594136,-0.798846,-0.103406,0.000492,0.000492,0.000492,-1.628270,1.436951,1.095666,-0.423472,0.352777,0.031305,-1.199567,-0.012431,0.072224,-0.711501,2.276704,0.554486,0.000492,0.000492,0.000492,0.000492,0.000492,0.000492,0.000492,0.000492,0.000492,0.000492,0.000492,0.000492,0.000492,0.000492,0.000492,0.000492,0.000492,0.000492,0.267319,-1.189712,0.918882,0.167280,-1.658045,0.238468,0.173316,-1.166898,0.861111,0.269028,-0.354997,-0.028995,0.747741,-0.343836,-0.289111,-0.114772,-1.387030,-0.768804,-0.327226,-1.065726,-0.849665,0.289363,-1.271269,1.412149,0.199994,-0.661086,0.732614,0.789449,-0.718531,1.089383,0.384683,0.672151,2.296309,0.933891,1.140125,2.622517,0.638446,2.176335,0.981480,0.311633,-0.891310,1.617353,1.020157,1.100710,2.126123,0.714971,1.889247,2.167680,0.254087,1.824870,1.115579,0.332629,0.619553,1.860080,0.339455,0.800935,1.733302,1.108882,0.054686,3.172877,-0.446961,1.285367,1.729031,1.407551,0.607892,0.233269,0.591734,0.603567,0.925314,-0.248133,0.526076,1.012345,-0.490408,0.397790,-0.042172,-0.348616,0.320292,-0.190732,0.138629,0.754741,0.518180,-0.562410,0.465369,0.236386,-0.817413,0.253510,0.716539,-0.968129,0.045941,0.510552,0.851795,0.694908,0.364678,0.165568,0.307450,0.722236,-0.159311,0.150015,0.898308,-0.323756,0.159320,-0.739206,1.268615,0.550770,0.371155,0.777841,0.207697,0.685570,0.451535,0.084951,0.859765,0.268446,0.086205,0.010432,1.514187,0.437881,0.655077,1.131795,0.171601,0.893409,0.940250,0.119457,-0.963952,0.744961,0.109545,-1.269415,-0.883808,0.959969,0.731720,-0.642749,0.882260,-0.311185,-0.266048,1.080772,0.587919,-0.892965,1.122990,0.444139,-0.789043,0.840770,1.253891,-0.849759,0.889719,-0.004827,-0.945796,1.564395,1.894950,-0.831999,1.855838,-0.398136,-0.599317,1.830807,-0.596639,-0.610861,1.338093,0.579240,-0.578729,1.621110,0.962959,-0.761049,2.480539,-0.969173,-0.941698,1.655397,-0.687956,-0.938081,1.953144,0.663606,-0.867355,2.022129,-0.787727,-0.864511,2.025680,0.411045,-0.934852,2.414016,1.354505,-0.839951,1.501512,2.270499,-0.857036,1.616542,-0.296940,-0.506722,1.441846,0.583191,-0.258440,1.745712,0.465997,-0.591545,1.890173,-2.091514,-1.236564,1.515811,0.497217,-1.273835,1.784644,1.441197,-1.075313,1.974811,-1.259364,-0.782573,1.502669,-0.537089,-0.897527,1.481313,1.702266,-1.089553,1.536692,-0.822533,-1.114924,1.470885,-0.728521,-0.954911,1.425946,-0.924307,-1.066189,1.393012,-1.761982,-1.031538,1.830647,-1.213615,-1.034349,1.403632,0.165668,-0.714636,1.488334,-0.705394,-1.064128,1.689747,2.110113,-1.304905,1.482298,-0.408741,-1.074159,1.333723,2.195315,-1.005587,1.051449,0.844743,-0.926791,1.078199,-0.481793,-0.571211,1.840303,-0.945161,-0.839025,1.312370,-0.478541,-0.979321,1.378480,-0.169596,-1.267573,1.499127,0.023224,-0.920111,1.103991,-2.020351,-0.659131,1.233379,0.652606,-1.061300,1.837370,1.428057,-0.767461,1.407205,1.642274,-0.575409,1.832834,-0.875650,-1.079051,1.348942,1.755190,-1.175902,1.415310,-1.151983,-0.750013,1.336211,-0.359113,-0.733919,1.507152,1.217110,-0.888889,1.531793,2.280901,-1.305441,1.396227,-1.926963,-1.424243,1.576354,0.670179,-0.952468,1.320178,-0.328047,-1.139853,1.355759,-0.103948,-0.761448,1.469957,1.042226,-0.628872,1.432695,-0.791339,-1.057918,1.588116,-1.917021,-0.756029,1.426340,-0.183923,-0.645958,1.539540,1.087916,-0.859863,1.539540,1.874482,-0.962767,1.428991,2.475334,-1.428394,1.486977,1.305229,-0.946416,1.440235,2.489979,-0.854758,1.541263,1.539167,-0.633640,1.515720,0.793843,-0.773135,1.254894,-1.114704,-1.237071,1.625586,-0.296946
-0.014347,0.494827,0.331764,-0.259387,0.580898,0.922477,-0.756813,0.876305,1.183977,2.249196,0.659891,0.309938,1.550897,0.668987,0.497548,0.813664,-0.272246,0.965327,0.047776,-1.365780,-2.405432,0.803552,-0.619421,-0.729741,1.017131,-0.826985,-0.886490,0.996072,-0.449748,-1.266027,-0.421077,-0.167511,1.914920,0.000492,0.000492,0.000492,0.781932,-0.908530,0.089895,0.590411,1.315531,-0.402191,0.000492,0.000492,0.000492,-1.619780,1.436951,1.439610,-0.416688,0.355830,-0.012382,0.520301,0.027594,0.003589,-0.707617,2.293724,0.838715,0.000492,0.000492,0.000492,0.000492,0.000492,0.000492,0.000492,0.000492,0.000492,0.000492,0.000492,0.000492,0.000492,0.000492,0.000492,0.000492,0.000492,0.000492,0.267734,-1.193506,0.610547,-0.093470,-1.287059,0.026147,-0.105057,-0.787960,0.519668,-0.007694,-0.354997,-0.175229,0.747268,-0.023975,-0.190502,-0.371203,-0.504196,1.026567,-0.045874,-0.633607,-0.807057,0.289144,-0.535736,1.638321,0.199770,-0.661086,0.909582,0.535903,-0.276464,1.564103,0.171392,0.673933,2.326979,0.689110,1.301291,2.181019,0.638254,2.498346,0.798268,0.040620,-0.461347,1.561404,0.775133,1.376389,2.149369,0.493954,2.057686,1.561453,-0.222864,1.824870,0.962092,-0.156025,0.619553,1.554753,-0.214028,1.032670,1.666204,-0.023720,0.867464,2.627463,-0.595439,1.394790,1.901044,1.384239,0.629149,0.360294,0.579733,0.613799,0.904982,-0.215013,0.531135,1.358959,-0.487236,0.382082,-0.026019,-0.295617,0.349846,-0.273618,0.213537,0.754130,0.857689,-0.491540,0.465274,0.488292,-0.766179,0.249380,1.059654,-0.948855,0.038184,0.520992,0.887585,0.687764,0.423590,0.199190,0.307223,0.880406,-0.113125,0.147643,1.095893,-0.414644,0.133172,0.031456,1.291931,0.559057,0.450263,0.785334,0.208579,0.913271,0.487545,0.108218,0.804550,0.285955,0.085977,-0.156363,1.525190,0.446492,0.784038,1.142286,0.190384,0.991750,0.949156,0.137725,-0.984289,0.766604,0.136129,-1.335934,-0.419715,0.379371,0.732812,-0.822071,0.607499,0.837630,-0.457626,0.770166,-0.375533,-0.476522,1.072786,0.519818,-0.701716,0.743036,1.164390,-0.804905,1.062219,-0.762845,-0.942238,1.420851,1.965398,-0.589444,1.683481,-0.875263,-0.423319,1.338009,-0.854801,-0.470556,1.532047,0.337272,-0.488032,1.370310,0.986255,-0.720144,2.250567,-0.658149,-0.928079,1.494207,-0.680037,-0.606542,1.162959,0.678045,-0.870310,0.575725,-0.367861,-0.865311,1.434396,-0.281317,-0.933155,1.005022,0.209923,-0.437917,1.730324,1.342977,-0.800423,1.462783,-0.236055,-0.483378,1.321673,-0.882570,-0.268601,1.628107,-1.071205,-0.626249,1.698904,-1.952839,-1.311401,1.771167,0.540071,-1.123405,1.639979,1.320347,-0.953747,1.078465,-1.241830,-0.695222,1.793701,-1.068354,-0.821529,1.818745,1.447875,-1.149004,1.331646,0.001923,-1.173711,1.678560,-0.025808,-1.257521,1.518174,-0.582829,-1.126368,1.475343,-2.205626,-1.060650,1.499510,-0.725823,-1.080672,1.423357,0.276597,-0.515108,1.510805,-1.140483,-0.879035,1.399113,1.761240,-1.151869,1.527504,-0.004447,-0.730490,1.544388,1.774680,-0.678366,1.277816,1.308416,-0.928975,1.326071,-0.105513,-0.319438,1.617046,-1.522667,-0.843244,1.533722,-0.221329,-0.961342,1.606285,0.859006,-1.116933,1.729779,-0.257364,-0.786644,1.366452,-1.736926,-0.525929,1.493766,0.906818,-0.644977,1.632435,1.056835,-0.633422,1.654727,1.562450,-0.716029,1.539790,-0.984929,-0.843044,1.282564,2.308505,-1.206020,1.384393,-0.546263,-0.811559,1.311036,-0.657798,-0.516289,1.474481,1.155672,-0.717101,1.511177,2.296514,-1.159419,1.362123,-1.865523,-1.272636,1.517004,0.623324,-0.792527,1.239895,-0.478195,-0.979041,1.280431,-0.331668,-0.843647,1.401269,1.028910,-0.693160,1.363851,-1.149292,-1.090210,1.514754,-1.867311,-0.542695,1.691144,0.474989,-0.410840,1.478125,0.604525,-0.641641,1.478125,1.788494,-0.786304,1.373752,2.430944,-1.251694,1.424182,1.619761,-0.771004,1.384322,2.466822,-0.634751,1.479652,1.428229,-0.398677,1.454243,0.246762,-0.448391,1.014972,-0.864066,-1.101028,1.412899,-0.052177
-0.000801,0.492829,0.329582,-0.231495,0.594258,1.301211,-0.754148,0.880354,1.111369,2.174675,0.659891,0.089942,1.549237,0.698586,0.488888,0.840205,-0.284757,1.520411,0.047129,-1.338796,-2.038807,0.802082,-0.639939,-1.026928,1.020206,-0.848053,-1.443572,1.632514,-1.350248,-1.339339,1.465953,-0.167511,1.585014,0.000492,0.000492,0.000492,0.784803,-0.926063,-0.439842,0.609611,1.315531,-0.492695,0.000492,0.000492,0.000492,-1.607702,1.437581,1.766059,-0.413403,0.341397,-0.119286,0.551212,1.506055,-0.148811,-0.696438,0.446915,0.392306,0.000492,0.000492,0.000492,0.000492,0.000492,0.000492,0.000492,0.000492,0.000492,0.000492,0.000492,0.000492,0.000492,0.000492,0.000492,0.000492,0.000492,0.000492,0.003914,-0.742367,-0.142734,-0.091580,-1.305137,-1.100245,-0.378933,-1.191532,-0.019226,-0.002341,-0.869756,-0.129371,0.462073,-0.369656,-0.295994,-0.373079,-0.539786,0.393503,-0.326105,-0.243304,-0.249662,0.292269,-0.934781,0.698938,0.204581,-0.694968,1.753825,0.025929,-1.196283,0.559540,0.172244,0.652560,1.607689,0.202912,0.965949,0.929065,0.885073,1.828329,-0.054113,-0.233032,-0.926259,0.557632,0.040654,0.951744,1.402354,0.275084,1.707229,0.355867,0.256590,0.382278,0.258614,-0.401631,-0.064628,-0.188281,-0.488756,1.245722,0.763925,-0.248047,0.859440,2.033693,-0.593763,1.386786,0.765973,1.369731,0.661476,0.537421,0.583415,0.646650,1.060869,-0.228305,0.541110,1.433444,-0.468869,0.400053,0.127617,-0.262992,0.359636,-0.204801,0.199956,0.772199,0.900304,-0.471472,0.483182,0.393470,-0.747356,0.266616,0.790584,-0.872545,0.069742,0.221780,0.873747,0.697776,0.758943,0.220526,0.325024,0.881179,-0.093371,0.149346,1.067874,-0.396715,0.118619,0.210247,1.296452,0.568859,0.588626,0.805623,0.241777,0.819039,0.507188,0.110025,1.032162,0.304427,0.095845,-0.019772,1.514187,0.463625,0.724068,1.161036,0.207766,1.172490,0.968328,0.163221,-0.949551,0.770624,0.130105,-1.356582,-0.438435,0.697480,1.055713,-0.562069,0.588850,0.542052,-0.190426,0.760474,0.085380,-0.491105,0.779663,0.382284,-0.715329,0.747884,1.477105,-0.811910,0.768619,-0.497682,-0.663601,1.434255,1.906093,-0.582653,1.700357,-0.684032,-0.410191,1.666105,-0.816008,-0.447740,1.554057,0.430618,-0.457043,1.392259,0.799762,-0.417925,2.267548,-0.293435,-0.606020,1.498609,-1.394611,-0.556392,1.878265,0.136511,-0.245661,1.297321,-0.715686,-0.499545,1.378810,-0.464336,-0.553447,1.808333,0.201256,-0.449931,1.682099,1.704989,-0.512598,1.412749,-0.216926,-0.487059,1.275468,-0.746666,-0.267241,1.584159,-0.278770,-0.363927,1.633845,-1.943574,-1.048912,1.720435,0.402797,-1.107385,1.572600,0.786485,-0.670616,1.416057,-1.599219,-0.138995,1.736957,-0.350813,-0.471130,1.751345,1.077451,-0.883525,1.287194,-0.206658,-1.164918,1.631087,-0.380200,-1.005866,1.494800,-0.909579,-0.872820,1.450981,-2.214656,-1.056315,1.483624,-0.888759,-1.073937,1.409509,0.082182,-0.503991,1.493357,-0.556464,-0.864588,1.386530,1.873672,-1.136213,1.507004,-0.453406,-0.736421,1.496682,1.730579,-0.681729,1.228578,1.317055,-0.671723,1.272574,-0.261861,-0.315678,1.579220,-1.228579,-0.581800,1.483596,-0.373373,-0.964373,1.554211,0.580430,-1.100466,1.679999,0.213432,-0.504350,1.311135,-1.671931,-0.498646,1.438886,1.403604,-0.615507,1.590017,1.200923,-0.605968,1.601306,1.935081,-0.416856,1.483975,-0.922356,-0.841145,1.280984,2.028630,-0.949891,1.379935,-1.064034,-0.507556,1.302419,-0.194576,-0.503531,1.464919,1.310548,-0.703320,1.504122,2.417685,-1.143456,1.353886,-1.766927,-1.247981,1.512567,0.299783,-0.773378,1.684543,-0.586984,-0.965568,1.651813,-0.221887,-0.540496,1.402313,1.198334,-0.386558,1.364897,-0.630543,-0.831839,1.515044,-1.981341,-0.538837,1.689509,1.181146,-0.400900,1.472434,1.019630,-0.628848,1.472434,1.763161,-0.772148,1.367932,2.560271,-1.229432,1.418363,2.245805,-0.756933,1.378432,2.632263,-0.621853,1.473943,1.372596,-0.388743,1.448547,0.779100,-0.449206,1.407803,-0.687821,-1.078355,1.366791,-0.596498
0.008945,0.491292,0.319435,-0.222131,0.595931,1.263677,-1.156146,0.879776,1.069739,2.026347,0.660473,-0.113642,1.547875,0.698878,0.478462,0.849926,-0.306188,1.233145,0.052598,-1.328718,-1.967346,0.805022,-0.607080,-1.052021,1.013255,0.247755,-1.242029,0.986226,-0.432300,-1.128886,1.473086,-0.167511,0.899246,0.000492,0.000492,0.000492,0.792905,-0.903552,0.383023,0.642258,1.315531,-0.108206,0.000492,0.000492,0.000492,-1.592497,1.439266,1.964440,-0.403119,0.354304,-0.313758,0.564352,1.529348,-0.216676,-0.684392,0.454354,0.557445,0.000492,0.000492,0.000492,0.000492,0.000492,0.000492,0.000492,0.000492,0.000492,0.000492,0.000492,0.000492,0.000492,0.000492,0.000492,0.000492,0.000492,0.000492,0.005405,-1.648394,-0.229363,-0.091580,-1.652007,-0.228249,-0.379824,-0.781792,0.680131,-0.279950,-0.351123,0.045159,0.170317,-0.661146,-0.309658,-0.371203,-0.942049,0.280306,-0.325412,-0.637095,0.012994,0.291818,-0.902031,1.892284,0.203435,-0.661086,2.621293,0.281731,-0.714962,1.059651,0.172592,0.673933,1.839874,0.447102,0.980244,1.245117,0.884294,2.178934,0.306282,-0.231063,-0.887811,0.947945,0.041053,0.688291,1.473684,0.495915,1.553730,0.801013,0.256202,1.120764,0.784074,-0.400449,0.293498,0.655642,-0.488756,1.034541,1.426735,-0.248226,0.867464,1.919548,-0.594005,1.285367,1.316799,1.305497,0.729232,0.222776,0.519609,0.700373,0.913291,-0.269065,0.572362,1.605340,-0.445441,0.455744,0.537287,-0.298806,0.358549,0.109220,0.157760,0.811750,0.847740,-0.429071,0.498439,-0.016879,-0.707589,0.288957,0.533685,-0.791157,0.106120,0.591932,0.848146,0.759917,0.795725,0.230808,0.380204,0.485224,-0.051875,0.196964,1.179518,-0.314919,0.174571,-0.872347,1.290073,0.644805,0.335835,0.799931,0.303893,0.356416,0.517070,0.173247,0.918666,0.343149,0.151387,0.050235,1.462982,0.545864,0.636582,1.156216,0.261350,0.580678,0.993296,0.217712,-0.574732,0.825627,0.185799,-1.052429,-0.428928,0.356404,1.208232,-0.279446,0.594689,0.160963,0.098489,0.766230,0.739237,-0.482193,0.785098,-0.045966,-0.356503,0.754120,1.492328,-0.497430,0.774565,-0.518034,-0.655310,1.171494,1.515440,-0.574165,1.112477,-0.936097,-0.401961,1.051561,-0.982396,-0.438677,1.137352,1.004943,-0.447304,1.402804,0.891475,-0.141150,2.279132,-0.205005,-0.315223,1.510780,-1.100552,-0.544897,1.162354,-0.127071,0.054471,1.310799,-0.118931,-0.171470,0.603329,-0.698590,-0.541962,0.934123,-0.730494,-0.440918,1.688783,1.688348,-0.504050,1.418828,-0.316453,-0.188916,1.280831,-0.604321,0.006858,1.589292,-0.178539,-0.098976,1.641715,-1.714977,-1.041233,1.726453,0.475604,-0.844421,1.579630,0.072913,-0.662170,1.816205,-1.680227,-0.130479,1.742877,0.167425,-0.460725,1.759391,0.661212,-0.875700,1.293487,-0.551667,-0.910744,1.639359,-0.850918,-0.755253,1.499737,-1.206420,-0.620724,1.457574,-2.434723,-0.805650,1.489715,-1.442889,-0.569992,1.415697,-0.043329,-0.222440,1.501482,-0.161690,-0.577018,1.392027,1.921559,-0.871890,1.514579,-0.799314,-0.727393,1.504936,1.189723,-0.672662,1.236442,1.247774,-0.664088,1.280611,-0.387438,-0.307213,1.585511,-1.385630,-0.574046,1.492268,-0.424972,-0.680863,1.563285,0.505699,-0.833436,1.687477,-0.646683,-0.233426,1.318802,-1.125184,-0.488582,1.446493,1.517801,-0.605427,1.596452,0.838148,-0.281942,1.609331,1.901074,-0.407889,1.492360,-0.092236,-0.833791,1.287865,2.463848,-0.942207,1.676724,-0.953065,-0.498545,1.309661,-0.184913,-0.494354,1.473703,1.207191,-0.695109,1.510051,2.376155,-1.135582,1.361756,-2.250003,-1.238188,1.520716,0.218808,-0.764178,1.692896,-0.504638,-0.957988,1.658740,-0.520174,-0.531616,1.713333,1.212002,-0.377478,1.676624,-0.370399,-0.824094,1.871881,-1.927892,-0.531549,1.695445,0.979459,-0.391717,1.481349,0.946044,-0.619646,1.481349,1.696351,-0.763714,1.376426,2.313355,-1.219011,1.427478,1.807043,-0.748549,1.387029,2.434832,-0.612576,1.482886,1.221270,-0.379566,1.457470,0.683234,-0.439744,0.978319,-0.418333,-0.785029,1.373319,-0.788764
0.011479,0.500359,0.195412,0.690370,0.596604,1.321951,-0.749603,0.864283,0.918633,1.876180,0.715192,-0.054945,1.470094,0.729645,0.178170,0.865627,-0.306188,1.150391,0.048090,-1.318599,-1.762232,0.804430,-0.660507,-1.316415,1.011091,-0.822766,-1.124137,0.363690,-0.442760,-0.932209,-0.417700,-0.167511,1.341434,0.000492,0.000492,0.000492,0.785671,0.360056,-0.226332,0.633673,1.315531,-0.841313,0.000492,0.000492,0.000492,-1.576843,1.433377,1.500432,-0.395026,0.358097,-0.390453,0.582111,1.515916,0.138828,-0.660748,0.442676,0.012562,0.000492,0.000492,0.000492,0.000492,0.000492,0.000492,0.000492,0.000492,0.000492,0.000492,0.000492,0.000492,0.000492,0.000492,0.000492,0.000492,0.000492,0.000492,0.006041,-1.697677,-0.543944,-0.087145,-2.071262,-0.281106,0.183656,-1.216202,0.516799,0.005027,-0.424639,-0.078903,0.179471,-0.712724,-0.300508,-0.371621,-0.130439,0.662008,-0.322241,-0.713752,0.141280,0.297863,-1.333790,1.681373,0.211910,-0.728891,1.820619,0.281530,-0.344223,0.843420,0.175181,0.413889,1.336868,0.208049,0.791788,0.587240,0.647490,0.522120,-0.055809,-0.231277,-0.520747,0.887957,0.044619,0.527112,1.124559,0.500383,0.854159,0.448016,0.499784,0.359393,0.871446,-0.155229,0.574139,0.930313,-0.207533,0.997150,0.945661,-0.243468,0.852145,1.258147,-0.590765,1.268458,0.942102,1.295325,0.738895,0.625901,0.513197,0.740140,0.866041,-0.250710,0.632040,1.457051,-0.388076,0.489886,0.437565,-0.230645,0.443766,-0.590902,0.102697,0.876988,0.834670,-0.414639,0.580537,-0.253350,-0.563366,0.344000,-0.299907,-0.728235,0.183208,0.328770,0.756089,0.850932,1.047357,0.252591,0.479510,0.057723,-0.032222,0.283614,0.832311,-0.257442,0.253387,-0.201941,1.181416,0.750801,0.701580,0.787249,0.437109,-0.042761,0.549366,0.263816,0.845096,0.324189,0.251071,-0.126012,1.424940,0.659442,0.842880,1.167995,0.381701,0.558536,1.017826,0.314214,0.059830,0.830370,0.308376,-0.356613,-0.208275,0.339640,1.084624,-0.375279,0.584968,0.225994,0.282903,0.763357,0.404736,-0.273158,0.788068,0.026849,-0.124988,0.762516,1.343283,-0.596990,1.091911,-0.783286,-0.462457,1.454066,2.047929,-0.371148,1.723817,-0.596576,-0.210155,1.691132,-0.739510,-0.221089,1.586559,0.717516,-0.219680,1.426969,0.681123,-0.196599,2.300446,-0.107222,-0.370130,1.524029,-1.083875,-0.277557,1.891911,0.075339,0.000051,1.295388,-0.359555,0.086297,1.361371,-0.768045,-0.274820,0.881301,-0.480674,-0.227337,1.658002,1.910558,-0.305280,1.386385,-0.255824,0.008953,1.250109,-0.538088,0.192228,1.560466,-0.225173,0.083469,1.598490,-1.798194,-0.606865,1.692726,0.161359,-0.655249,1.534974,0.044453,-0.464144,1.778739,-1.580590,0.074100,1.705270,-0.343764,-0.214871,1.715185,1.098944,-0.691010,1.265153,-0.733916,-0.733131,1.610646,-0.919147,-0.579918,1.486226,-1.055057,-0.444155,1.444388,-2.650599,-0.390204,1.483003,-1.475106,-0.392461,1.410095,0.175481,-0.024542,1.494522,-0.240900,-0.372508,1.695500,2.104623,-0.938625,1.505473,-0.704014,-0.521495,1.475430,1.324716,-0.463842,1.205408,1.026852,-0.485611,1.246724,-0.434126,-0.112318,1.561967,-1.193802,-0.392586,1.461266,-0.440277,-0.492398,1.531788,0.353010,-0.382393,1.655945,-0.713760,-0.036026,1.283494,-1.074927,-0.251593,1.411464,1.488474,-0.371683,1.569637,0.704087,-0.043183,1.575492,1.820949,-0.198845,1.457005,0.073614,-0.660833,1.292274,2.091253,-0.764263,1.677962,-0.813089,-0.287120,1.308973,-0.396237,-0.276476,1.472893,1.117113,-0.503101,1.509488,2.275583,-0.698354,1.361756,-2.338635,-1.003071,1.523674,0.519826,-0.551649,1.251639,-0.338872,-0.775917,1.664410,-0.575155,-0.320288,1.719028,1.207273,-0.163921,1.682332,-0.509113,-0.644525,1.877527,-1.915204,-0.363185,1.698956,0.115442,-0.175743,1.484161,0.622192,-0.401174,1.484161,1.733135,-0.566481,1.378769,2.257293,-0.977738,1.430354,1.138504,-0.552492,1.389401,2.340546,-0.392318,1.485707,1.311733,-0.163734,1.460286,0.306538,-0.219642,0.950932,-0.782931,-0.570572,1.343928,-0.898427
0.024612,0.519998,-0.161702,0.672750,0.628016,0.956724,-0.756030,0.873532,1.257802,1.724629,0.715509,0.347983,1.237900,0.852419,-0.070648,0.848055,-0.290087,1.133996,0.042953,0.373003,-0.518291,0.798568,-0.615307,-0.902239,1.013715,-0.839641,-0.861777,0.989549,-1.339766,-0.925373,1.452821,-0.167511,1.509277,0.000492,0.000492,0.000492,0.785800,-0.918549,-0.153445,0.617060,1.315531,-1.214500,0.000492,0.000492,0.000492,0.551515,1.432528,1.278127,-0.379266,0.361891,-0.397655,0.580691,0.026391,0.334300,-0.662480,0.453295,-0.065217,0.000492,0.000492,0.000492,0.000492,0.000492,0.000492,0.000492,0.000492,0.000492,0.000492,0.000492,0.000492,0.000492,0.000492,0.000492,0.000492,0.000492,0.000492,0.273050,-1.595316,-0.943144,0.022166,-2.167763,-0.251859,0.381137,-1.518119,0.900095,-0.025769,-0.505952,0.423560,0.718401,-0.514094,0.112229,-0.144047,-0.689314,-0.153380,-0.245325,-0.243304,0.450909,0.454114,-0.136728,0.655783,0.440840,-0.905083,0.842022,0.510654,-0.461855,0.491696,0.237083,0.025583,0.523535,0.598432,0.388873,0.319489,0.581065,0.467563,0.076829,0.013631,-0.601141,0.504479,0.135535,0.302563,0.488168,0.179754,-0.206732,0.323396,0.400041,-0.015546,0.598681,0.325513,-0.083355,0.588659,-0.095996,0.673843,0.499973,-0.119238,0.793774,0.389052,-0.506998,1.131462,0.410244,1.138753,0.865155,0.612305,0.453059,0.812895,0.823465,-0.254248,0.681010,1.360951,-0.422328,0.614172,-0.115331,-0.674644,0.584480,-0.756285,0.100406,1.001034,0.639282,-0.329600,0.746333,-0.336670,-0.434027,0.488305,0.106619,-0.576561,0.290127,0.107087,0.642639,1.013276,0.427485,0.271380,0.719421,-0.091156,0.084998,0.433389,0.368840,-0.074133,0.386771,-0.476319,1.056805,0.957068,0.457772,0.756595,0.672972,-0.365682,0.632851,0.437254,0.871593,0.448701,0.358509,0.085436,1.268441,0.885849,0.705420,1.156308,0.654216,0.009799,1.083753,0.493382,0.581168,0.927271,0.433150,-0.354206,0.032281,0.269016,-0.350950,-0.186867,0.434507,0.124650,0.181984,0.847807,-0.584882,0.238889,1.085146,0.802957,0.060051,1.020040,0.292831,-0.479287,1.577343,-1.212909,-0.413887,1.312317,2.389285,-0.108696,1.840970,0.432694,-0.039726,1.502711,0.060944,-0.113413,1.773254,-0.025248,-0.188702,1.706294,-0.896388,0.030634,2.678086,1.553177,0.103301,2.106250,-1.786481,-0.070731,2.002644,-0.775985,0.459236,1.612561,-0.160591,0.278085,1.104203,-0.900567,0.258347,0.819425,-1.496186,-0.056632,1.258608,0.969760,-0.174456,0.685723,0.159661,0.088344,1.351195,-1.010699,0.217741,1.320412,-1.047117,0.067973,1.723368,-1.757744,-0.434987,1.796879,-0.324727,-0.270856,1.707358,-0.747367,-0.119221,1.151070,-1.559502,0.366687,1.444182,-0.222828,0.093937,1.327771,0.254771,-0.486736,1.695207,-1.085617,-0.539821,1.557522,-1.190561,-0.391792,1.709925,-0.737066,-0.257827,1.675903,-2.903992,-0.158746,1.985824,-1.643437,-0.181246,1.193023,0.219065,0.174505,1.203523,-0.724923,-0.197354,1.502270,2.582137,-0.546916,1.697720,-1.415641,-0.113585,1.428641,1.896123,-0.081422,1.198773,1.118917,-0.449611,1.245382,-0.278756,0.166727,1.539058,-1.360509,-0.358905,1.412104,-0.273803,-0.423267,1.473515,0.823008,0.001671,1.654696,-0.609557,0.324470,1.321347,-0.556108,0.145622,1.449018,1.288107,-0.316077,1.977851,-0.017886,0.042345,1.574152,1.606868,0.182913,1.455604,0.841123,-0.394776,1.294772,1.890132,-0.771095,1.709141,0.267039,-0.334402,1.384163,-0.652787,-0.057331,1.090154,0.429983,-0.338655,1.241487,2.370183,-0.323289,1.870786,-2.843729,-0.577659,1.555575,-1.210612,-0.130942,1.254660,-0.096525,-0.622898,2.018140,-0.849201,-0.111692,1.697008,2.000839,-0.215086,1.660261,0.079657,-0.654224,1.860287,-1.515636,0.108263,1.389935,-0.199479,0.069834,1.052889,-1.248129,-0.181433,1.052889,1.190114,-0.397560,1.422070,2.304080,-0.828242,1.471707,-0.805475,-0.384578,1.433230,2.287774,-0.170779,1.053060,0.571926,0.081682,1.500771,-1.521922,0.154579,0.940190,-1.008402,-0.189683,1.366791,-1.559078
0.040304,0.524547,-0.349943,0.699365,0.610963,1.411512,0.061370,0.868791,1.339609,1.578539,0.714927,0.112824,1.080317,0.943494,0.440165,0.871606,-0.242002,1.252363,1.610351,0.383122,-0.867767,0.818539,-0.611193,-1.227784,1.595202,-0.831204,-1.134792,1.632758,-0.448001,-0.994092,1.483207,-0.167511,1.292062,0.000492,0.000492,0.000492,0.802767,-0.906026,-0.183382,0.660881,1.315531,0.375645,0.000492,0.000492,0.000492,0.565832,0.352432,-0.016283,-0.362639,0.361104,-0.648721,0.578208,0.014453,0.472762,-0.659042,0.434522,-0.116110,0.000492,0.000492,0.000492,0.000492,0.000492,0.000492,0.000492,0.000492,0.000492,0.000492,0.000492,0.000492,0.000492,0.000492,0.000492,0.000492,0.000492,0.000492,0.467197,-0.204092,-1.555999,-0.040183,-1.431831,-2.263224,-0.231093,-0.769457,-1.023876,0.724730,-0.505952,-0.581879,0.936448,-0.201980,-0.300651,1.056100,-1.123605,-0.555067,0.515473,-0.246750,-0.757213,0.388391,-0.502985,0.108429,0.095739,-0.495030,-0.663783,0.697887,-0.461855,-0.422150,0.395544,0.239315,0.868779,0.540746,0.704700,0.568795,0.045566,1.098621,0.143256,0.747887,-0.604640,-0.215523,0.799893,0.977309,1.244710,0.996319,1.610788,0.501382,0.109284,1.029152,0.418468,0.506115,0.242733,0.108355,0.109887,0.899966,0.810184,-0.173022,0.793043,2.471980,-0.688077,1.239104,1.710224,1.057218,1.005587,-0.753353,0.350013,0.977598,-0.007098,-0.056421,0.788884,-0.692336,0.009982,0.586238,-0.861694,-0.014845,0.469849,-0.144321,-0.102532,1.136840,0.010974,-0.315299,0.896487,-1.745619,-0.303011,0.747345,-1.446302,-0.406930,0.545752,-1.719945,0.279377,1.139743,-1.352134,0.401603,1.063416,-1.699222,0.122671,0.728333,-1.844670,-0.086500,0.682633,-1.581324,0.677726,1.153522,-1.020711,0.797664,1.036502,-1.946771,0.640552,0.730181,-1.685293,0.423796,0.635572,-1.288263,0.985209,1.142697,-1.565308,1.119797,0.980976,-1.553579,1.077850,0.799578,-1.854158,0.920179,0.703487,-1.648564,0.118695,0.045359,-0.483829,-0.117839,0.205623,0.537726,0.249742,0.615640,-0.397671,0.313428,0.849907,1.186702,0.136151,0.748721,-0.082537,-0.119975,1.605754,-1.027128,-0.097815,1.065701,1.651670,0.199828,1.563292,1.468082,0.228848,1.212317,1.200874,0.165739,1.378941,-0.541004,0.079396,1.237653,-1.717966,0.260364,2.176024,2.569841,0.334897,1.565416,-0.916184,0.523372,2.154266,-1.178601,0.405557,1.812186,0.311188,0.847476,0.575209,-0.323245,0.851472,1.148325,-1.182161,0.331488,1.002726,2.196716,0.177527,0.858763,0.018124,0.422143,1.160052,-0.524705,0.514643,1.469410,-0.609098,0.092642,1.438667,-1.942054,0.072101,1.581239,-0.146593,0.234305,1.449009,-0.192856,0.389481,0.946639,-1.262407,0.346247,1.227671,0.068664,0.372342,1.039431,0.018306,-0.216259,1.449895,-1.827984,-0.037108,1.237100,-1.504300,0.103049,1.508311,-0.457078,-0.002007,1.409494,-2.816480,0.105555,2.079311,-1.347518,0.083250,0.938871,0.344140,0.188875,0.868371,-0.070886,-0.188589,1.276031,1.691589,-0.291278,1.374773,-2.351732,0.240919,1.615004,0.623028,0.269119,1.866289,-1.807913,0.093463,1.446886,-0.439819,0.197060,1.684706,-0.458021,0.192113,1.078306,0.133480,0.164544,1.122033,0.062258,0.513322,1.359746,0.241766,0.318677,2.016823,-0.670599,0.132390,1.647793,-0.838082,0.267263,2.132940,-0.350427,0.029030,1.775372,0.834331,0.176778,1.665843,1.093564,-0.119688,0.996321,0.845416,-0.248162,1.479358,0.260089,0.270123,1.070311,0.265781,0.255202,1.190907,-0.424555,-0.330426,0.985334,1.860139,0.173105,1.962635,-2.230155,-0.585080,2.071074,-1.459371,0.150887,0.893686,-0.102512,-0.125719,1.713286,-1.251971,-0.097126,1.445078,2.208569,0.100093,1.407760,2.095726,0.123028,1.918524,-1.171999,0.132781,1.448175,1.310567,0.091260,1.146657,-1.636818,0.131952,1.146657,-0.185791,-0.123399,1.062169,1.284002,-0.509482,1.566354,-0.532537,-0.112051,1.068940,1.371684,0.145169,1.147127,-0.716948,0.103094,1.122441,-1.729248,0.200547,2.398164,-0.708180,0.363693,2.380527,-1.675707
0.081383,0.509426,-0.362438,0.666701,2.301964,0.158290,-0.336710,0.892722,0.862186,1.280087,0.687833,-0.097300,1.003897,1.157400,0.366423,0.886189,-0.085126,0.669126,1.616781,0.393241,-0.511007,0.821479,-0.611193,-0.939185,1.597254,-0.831204,-1.203731,1.631282,-0.432300,-1.473934,1.479829,-0.167511,0.637283,0.000492,0.000492,0.000492,0.803635,-0.916044,0.445257,0.578083,1.315531,-0.328836,0.000492,0.000492,0.000492,0.611895,0.342955,-0.578576,0.723988,0.341397,-0.769398,0.584605,-0.018701,0.386373,-0.637103,0.452581,-0.772018,0.000492,0.000492,0.000492,0.000492,0.000492,0.000492,0.000492,0.000492,0.000492,0.000492,0.000492,0.000492,0.000492,0.000492,0.000492,0.000492,0.000492,0.000492,1.243994,-1.125250,0.290354,0.474374,-1.799797,-0.507211,0.591659,-1.521203,0.699329,0.727413,-0.982015,1.473952,0.939271,-0.201980,1.739832,0.804650,-0.692878,0.261025,1.069550,-0.253726,1.443880,0.390847,-0.505966,0.496624,0.377132,-0.911867,-0.236874,0.699328,-0.900353,0.802349,1.026451,0.237554,1.149731,0.783151,0.703415,1.246726,1.004357,1.729646,1.441435,1.016275,-1.031146,0.947368,1.042740,0.435952,1.268958,1.215363,1.113615,1.339256,0.345545,1.375510,1.183240,0.507296,-0.083355,1.427136,0.927810,0.671972,2.009409,0.942192,-0.007328,1.246365,-0.540916,0.804963,1.758978,0.922944,1.252896,0.337696,0.334950,1.215956,0.508691,0.356818,0.855369,-0.401995,0.253269,0.917629,-0.161671,0.278074,0.845331,0.306005,-0.080747,1.335423,-0.530522,-0.172505,1.234659,-2.321575,-0.055258,1.078089,-1.822603,-0.114235,0.913402,-1.976328,0.301099,1.431231,-1.099168,0.022178,1.314544,-2.321800,0.390343,1.094854,-1.750154,0.205602,0.990871,-1.115227,0.897240,1.421761,-1.293481,0.712150,1.315122,-1.756122,0.818607,1.091190,-1.292597,0.701233,0.956663,-1.081552,1.290267,1.351389,-1.366012,1.255476,1.238016,-0.854351,1.185717,1.103201,-1.371634,1.107766,1.014558,-1.376530,0.110056,0.005341,-1.007803,0.438317,0.309631,0.108975,0.557025,0.542169,0.567040,0.038767,0.906301,0.493718,0.232067,0.924455,0.787335,0.351849,1.275233,-0.327905,-0.129099,1.364640,1.731156,0.291516,1.634367,0.236164,0.431111,1.599173,0.384960,0.524599,1.448970,0.758848,0.577608,1.235008,0.634322,0.559856,2.055503,0.630618,0.445663,1.171378,-0.359334,0.358315,0.677830,0.381012,0.563397,0.699622,-0.150198,0.381503,-0.146675,-0.347775,0.360578,-0.032134,-0.108410,0.102059,0.738712,2.533334,0.010719,1.322502,-0.368367,0.341021,1.182730,0.416284,0.520063,1.159160,0.097091,0.419346,0.992883,-1.627679,0.256552,1.225412,0.042717,-0.015026,0.935205,0.011220,0.217038,1.287239,-1.230926,0.256658,1.200162,-0.122484,0.336600,0.563641,1.371424,0.177268,0.817244,-1.277640,0.350116,1.091263,-0.788929,0.489608,1.199393,-0.801573,0.386825,1.105524,-2.193046,0.414653,0.839037,-1.392000,0.440402,1.146535,0.762642,0.358504,1.150111,1.700276,0.032005,1.150350,1.389061,-0.040655,1.150215,-0.563358,0.121466,1.469804,0.587636,0.195017,4.126237,-1.645181,0.601620,3.333169,-1.925006,0.517956,1.157869,-0.454034,0.450231,0.915679,-0.398918,0.102882,0.962060,-1.143460,0.530236,1.629814,0.229482,0.639744,4.264461,0.757190,0.566683,4.368874,-0.716540,1.055139,2.346740,-0.853906,0.466049,1.547450,-0.129438,0.516783,1.427706,0.950077,0.393099,1.074613,0.222234,0.320273,1.491978,-1.261422,0.408986,1.034442,1.043502,0.447834,1.158657,1.464741,0.140252,1.284683,1.426404,0.185023,1.068242,-1.778269,-0.197309,1.251853,0.988036,0.456964,0.988380,0.855185,0.084350,1.079282,-1.073569,0.089270,1.242917,0.728824,0.240026,1.205139,0.935575,0.450083,1.327842,-1.272913,0.662983,1.190109,-0.868044,0.232777,1.185441,1.321624,0.325108,1.185441,1.658145,0.094380,1.090386,1.329979,-0.156082,1.124921,1.292843,0.104429,1.097501,1.401643,0.339905,1.186034,1.598532,0.244518,1.161264,1.414913,0.479587,3.127513,-1.634440,0.451738,3.031333,-0.802394
0.117808,0.498853,-0.636016,-0.244344,0.653410,-0.267071,-0.752895,0.891910,0.769345,1.130233,0.632850,0.172579,0.921284,1.372592,0.199100,0.892168,-0.131471,0.549633,0.053559,0.356138,-1.424197,0.835283,-0.627598,-0.784305,1.018724,0.277260,-0.995990,0.361722,0.475187,-1.061565,1.469708,-0.167511,0.047388,0.000492,0.000492,0.000492,0.793408,0.395090,0.206515,0.625367,1.315531,-1.670554,0.000492,0.000492,0.000492,0.639178,0.326947,-0.723352,0.729010,0.336123,-0.771766,0.584247,-0.018701,0.432737,1.443057,0.480220,-1.061887,0.000492,0.000492,0.000492,0.000492,0.000492,0.000492,0.000492,0.000492,0.000492,0.000492,0.000492,0.000492,0.000492,0.000492,0.000492,0.000492,0.000492,0.000492,1.340218,-0.681700,-0.743412,1.336262,-2.176821,-0.483254,1.235579,-1.903225,0.332182,1.094293,-1.458079,0.565338,1.039498,-1.460797,1.534076,1.152037,-0.696441,0.727617,1.170757,-0.250238,1.591611,0.760149,-0.505966,0.564914,0.754318,-1.325354,-0.375466,1.042381,-0.468992,0.061448,0.893332,0.239315,0.460915,1.109518,0.544835,0.592761,1.328408,0.779209,0.334220,1.383416,-0.608139,0.127998,1.130488,0.435952,0.545131,1.510821,0.947896,0.540197,1.132515,0.325047,0.904971,0.837275,0.237383,0.696715,1.026618,0.670102,0.552467,1.245017,-0.096337,0.264607,-0.342933,0.912605,0.995376,0.857034,1.424424,-1.400797,0.445173,1.336275,-0.590945,0.442516,1.237085,0.010266,0.389199,1.319131,-0.236630,0.581301,1.359932,0.079210,0.038338,1.709693,-1.779010,-0.032647,1.605286,-3.075477,0.242309,1.668915,-2.660784,-0.215670,1.650280,-2.289013,0.232869,1.776162,-1.724889,0.618646,1.742856,-2.751540,0.504066,1.617319,-2.122656,0.191342,1.633733,-1.348743,0.872067,1.824923,-2.109622,1.088967,1.634457,-2.570829,0.827999,1.594490,-1.867795,0.559827,1.613468,-1.496986,1.413937,1.738332,-2.229250,1.305549,1.635367,-2.360501,1.083351,1.696127,-2.472099,0.820764,1.796294,-1.876682,0.146359,0.475584,-2.173832,0.466517,0.745694,-1.160672,0.584934,0.944555,0.097590,0.070097,0.986690,1.257719,0.263449,1.326573,-0.147705,0.374150,1.652740,0.536100,0.166833,1.154645,1.265875,0.587190,1.399999,0.336857,0.695448,1.353557,0.390206,0.517493,1.114959,0.054084,0.562622,0.833500,-0.019498,0.808911,1.619750,1.173735,0.985951,0.690142,0.872320,0.658713,0.156243,0.226418,0.826591,0.177704,0.171694,0.669980,-0.671665,-0.551450,0.329220,-0.601662,-0.275838,0.131010,0.465403,2.226262,0.034623,1.078138,-0.550795,0.359464,0.969213,0.566805,0.532484,0.954785,-0.018292,0.427418,0.678958,-1.429471,0.763206,0.986396,0.682010,0.751594,0.643369,1.035956,0.735968,1.052366,-0.997270,0.776045,0.954387,0.469372,0.633408,0.244044,0.507015,0.697328,0.557964,-1.038093,0.601379,0.760851,0.083519,0.492705,0.997515,-0.024591,0.635806,0.454450,-1.396425,0.666964,0.952387,-1.032012,0.695224,0.905333,1.379279,0.636114,0.832374,1.291631,0.312968,0.936162,0.575766,0.214540,0.841693,-1.150552,0.143135,1.140835,-0.177549,0.520941,3.812560,-1.177064,0.613845,3.525313,-1.293994,0.528536,0.907721,-0.311503,0.462645,0.570485,-0.027565,0.396199,0.599619,-1.338310,0.526939,1.319520,0.899236,0.633725,3.946285,1.152879,0.556350,4.053212,-1.111767,1.347856,2.092911,-0.770473,0.771166,1.214462,-0.548213,0.510408,1.079793,1.125599,0.652435,0.804962,-0.000706,0.581305,1.281991,-0.735864,0.414993,0.744755,1.372088,0.450886,0.823322,1.502462,0.403596,1.047467,0.597596,0.686103,0.752276,-0.486603,0.109099,0.496026,1.326907,0.452842,0.662238,1.168230,0.582574,0.806884,-0.960826,0.384756,1.017680,0.347569,0.544864,0.979390,0.835701,0.457819,0.718747,-0.688182,1.150846,0.958486,-1.871279,0.541066,0.841045,0.999842,0.328168,0.841045,1.295392,0.364891,0.761848,0.366671,-0.161315,0.772786,1.289154,0.373327,0.764956,0.339439,0.342990,0.840540,1.227190,0.552604,0.816521,1.049099,0.497169,2.846885,-1.541130,0.729613,2.759836,-0.809984
0.139395,0.479736,-0.646765,-0.238832,0.654083,-0.239870,-0.749132,0.883585,0.835445,0.981805,0.410536,0.152532,0.455670,1.739165,-0.258717,0.879091,-0.099378,0.471063,1.624152,0.356138,-1.619872,0.851435,-0.574170,-0.895312,0.420935,-0.852272,-0.082766,0.347200,-1.348501,-0.342227,1.510970,2.128528,0.313864,0.000492,0.000492,0.000492,0.777812,-0.918549,-0.550179,0.623356,-0.798846,0.964663,0.000492,0.000492,0.000492,0.636489,0.337272,-0.200889,0.729010,0.322475,-0.852716,0.575725,0.002205,0.505784,1.448201,0.479874,-1.022819,0.000492,0.000492,0.000492,0.000492,0.000492,0.000492,0.000492,0.000492,0.000492,0.000492,0.000492,0.000492,0.000492,0.000492,0.000492,0.000492,0.000492,0.000492,1.272037,-2.478621,0.229352,1.523298,-1.766623,0.180785,1.160089,-1.102212,0.663019,1.018424,-0.920074,1.034206,0.959686,-1.102237,1.674065,1.086009,-0.635908,0.186009,1.372922,-0.609189,0.742392,1.774363,0.274204,1.457376,1.792613,-0.854281,0.044304,1.226745,-0.408370,0.904075,1.466651,0.486901,1.931164,1.283975,0.884065,1.671587,1.022828,1.137580,0.992192,1.313620,-0.978702,1.184420,1.306383,0.454854,1.716317,1.451547,1.466792,1.445204,0.833672,0.373718,0.442604,1.014523,-0.045934,1.614524,1.225119,0.701880,2.241590,1.184264,0.627422,1.462521,-0.528927,0.927732,1.847285,0.773045,1.449196,-3.663410,0.488356,1.551721,-1.914813,0.429250,1.739254,-1.434230,0.590305,1.925245,-1.111667,0.779118,2.005738,-0.989488,0.087095,1.913303,-2.510525,-0.034451,2.101771,-3.359594,0.625719,2.285337,-2.958480,0.364942,1.967175,-2.532202,0.200599,2.059475,-2.984921,0.150816,2.426069,-3.191822,0.594024,2.598639,-2.730117,0.763525,2.240887,-1.959980,0.587741,2.266423,-3.257457,0.406074,2.597644,-3.062323,0.300135,2.678204,-2.444895,0.701744,2.506884,-1.984082,0.438098,2.308454,-3.793126,0.360827,2.474313,-3.232013,0.445210,2.597582,-2.883643,1.060970,1.511004,-2.239797,0.485708,1.173627,-1.926987,0.741216,1.406771,-1.541732,0.583740,0.947427,-0.180586,0.068481,0.990656,0.952464,0.261967,1.652598,-0.286915,0.373622,1.964391,0.680501,0.448073,1.160126,0.678681,0.588641,1.406294,0.075142,0.697892,1.048129,-0.014704,0.811855,0.696079,-0.102796,0.863701,0.844045,0.084537,0.814588,1.056719,1.196175,0.992634,0.699484,1.123145,0.666569,0.164300,-0.014830,0.833484,0.183503,0.020791,0.677531,0.124552,-0.848029,0.337037,-0.601662,-0.561026,0.129643,0.903742,1.939773,0.034111,1.076777,-0.477372,0.359704,0.967732,0.316988,0.533164,0.953368,-0.409276,0.170326,0.159391,-0.695278,0.765340,0.589168,-0.285922,1.010885,0.640476,1.239781,1.002876,0.257052,-0.597600,0.780541,0.951950,0.777534,0.639268,0.770270,0.236168,0.699278,0.557253,-0.870410,0.603252,0.761276,0.470536,0.738988,0.998297,0.134936,0.637672,0.456098,-1.079638,0.668216,0.593444,-1.179127,0.696904,0.908278,1.035157,0.638434,0.835870,1.169486,0.315569,0.938517,-0.042128,0.474955,0.394895,-0.850396,0.754108,1.141258,-0.098187,0.827963,2.832192,-2.839059,0.614493,1.940869,-0.850554,0.529473,0.121759,-0.050512,0.725856,0.570485,-0.235821,0.673180,0.034223,-0.740571,0.790011,0.827493,1.051161,0.901086,3.441787,-0.006227,0.874648,3.053065,-2.523027,1.659165,2.092566,-0.680049,0.775948,0.686449,-0.872163,0.793539,1.079301,0.603937,0.902313,0.809982,0.216834,0.582600,0.992357,-0.774722,0.416989,0.748881,1.399254,0.453440,0.828491,1.284314,0.669381,0.716482,0.067099,0.689083,0.757157,0.171065,0.113089,0.501247,1.876097,0.743398,0.668311,0.978592,0.834533,0.438324,-0.370525,0.386986,0.714960,-0.464364,0.546885,0.675982,0.156682,0.714254,0.723499,-0.240079,1.152058,0.643254,-1.952327,0.543110,0.846736,0.913041,0.633620,0.846736,0.537837,0.637909,0.767243,-0.275073,-0.157200,0.778605,1.536896,0.644717,0.770417,-0.327846,0.650941,0.846249,0.678971,0.554647,0.822218,0.994198,0.497719,2.408544,-1.813793,1.019346,2.759467,-1.148347
0.140248,0.485268,-0.742958,-0.222500,0.621325,0.502996,-0.744116,0.866251,1.044597,1.129691,0.354283,0.519116,0.300136,2.410894,0.473920,0.878726,-0.143982,0.207874,0.052265,-1.332050,-1.101600,0.876408,-0.644053,-1.365660,1.020436,-0.835423,-2.314234,0.999148,-1.345007,-2.943750,1.503849,-0.167511,0.845586,0.000492,0.000492,0.000492,0.803262,-0.936081,-0.544237,0.627657,-0.798846,2.356519,0.000492,0.000492,0.000492,0.635151,0.345064,-0.228761,0.741925,0.362631,-1.103152,0.591707,0.014453,0.517586,-0.640541,0.458961,-0.731513,0.000492,0.000492,0.000492,0.000492,0.000492,0.000492,0.000492,0.000492,0.000492,0.000492,0.000492,0.000492,0.000492,0.000492,0.000492,0.000492,0.000492,0.000492,1.651619,0.660240,1.502034,1.542672,-0.189162,1.627985,1.642690,-0.815677,1.572589,1.177312,-0.397567,0.930883,1.412471,-1.331820,2.042032,1.237581,-0.546912,1.112543,1.715084,-1.546639,-0.142012,1.196948,-1.309981,0.399264,1.983276,-1.121982,0.480267,1.110134,-0.319243,0.476704,1.723396,0.428130,1.345278,1.247029,0.802181,1.716373,1.437280,0.859696,0.664525,1.469218,-0.929758,0.701603,1.577750,0.673839,1.264415,1.660414,1.032115,0.966835,1.274226,1.086418,0.479366,1.131097,-0.069979,0.659032,1.798930,-0.146584,0.476146,1.624867,-0.947786,0.238441,-0.405370,0.614580,1.446475,0.140155,2.390290,-2.335335,0.687631,2.683293,-2.004195,0.014255,3.703604,-1.669152,-0.855642,4.225729,-1.426541,-0.995449,4.463014,-1.271085,-0.528390,3.799915,-2.680837,0.067101,4.527396,-3.417735,-0.382386,4.520938,-3.157545,-0.656241,4.469272,-2.818883,0.391052,3.819510,-3.057425,-0.193077,4.339014,-3.217285,-0.471497,4.425536,-2.670821,-0.497847,4.496571,-1.940677,0.159435,3.616976,-3.383942,-0.145627,4.009861,-3.080106,-0.321613,4.195025,-2.338739,-0.308627,4.300234,-1.882635,-0.218699,3.326694,-3.810056,-0.533200,3.782976,-3.238715,-0.600529,3.871630,-2.840446,-0.611883,3.970504,-2.215324,0.155572,0.582707,-0.857110,0.465824,0.791593,-0.905419,0.578022,0.935384,0.217200,0.059833,0.930789,1.269364,0.231477,1.218250,-0.521466,0.617319,1.205510,-0.215278,0.909382,0.740822,-0.323041,0.443113,0.335875,-0.203253,0.516996,0.238602,-0.573485,0.558216,0.451962,-0.872419,0.552130,0.577874,-0.753104,0.753915,0.245770,0.421614,0.897140,0.521811,1.623253,1.203782,0.091233,-0.583039,0.719735,0.238699,0.772578,0.874689,-1.261641,-0.552276,0.546785,-1.122112,-1.809498,0.101514,0.254789,1.458708,0.285962,0.123293,-0.603964,0.573054,0.492988,-0.844335,0.697302,0.834624,-0.497360,0.816985,0.483816,0.781617,0.343337,0.450298,-0.475695,0.297292,0.494566,-0.510353,0.238588,0.153665,-0.342514,0.240495,-0.808468,-0.898235,0.285385,-1.522175,-1.445276,0.543573,0.349743,-0.349871,0.451798,0.449161,0.803075,0.587800,0.779800,-0.128942,0.485595,0.534141,-0.502434,0.548038,0.260454,-0.339964,0.557505,0.574722,0.737669,0.466485,0.393923,1.543025,0.399360,0.643940,-0.793148,0.530828,0.434411,-0.155918,0.380507,1.340231,0.332424,0.434664,2.059971,-2.940367,0.518494,1.644835,-0.071854,0.407231,0.291625,-0.162151,0.365820,0.248083,-0.143621,0.316567,0.257716,-0.159841,0.582284,1.051089,0.828628,0.672490,1.674398,-0.815238,0.581779,1.302992,-1.773360,1.345784,1.477346,-1.628580,0.794597,0.926399,-0.911969,0.551460,0.778819,0.412449,0.796815,0.734188,0.738549,0.458269,0.954516,-0.573708,0.545599,0.714401,1.486353,0.564164,0.785075,0.858408,0.744045,0.690788,-0.125889,0.487722,0.272104,0.648084,0.462422,0.434488,0.923040,0.511967,0.576638,1.262076,0.652248,0.727117,-0.539442,0.492138,0.640830,-0.965979,0.377692,0.907175,-0.221882,0.587013,0.643572,-0.407852,0.797713,0.902133,-1.358764,0.372001,0.773972,0.695302,0.441755,0.773972,-0.001918,0.714604,0.701136,-0.506336,0.226412,0.704206,-0.356788,0.720956,0.703504,-0.621766,0.457506,0.773253,0.094344,0.383650,0.749380,0.477519,0.392801,2.149384,-1.515338,1.044905,1.674574,-1.193195
